processor	: 0
vendor_id	: GenuineIntel
cpu family	: 6
model		: 143
model name	: Intel(R) Xeon(R) Platinum 8480+
stepping	: 8
microcode	: 0x2b000639
cpu MHz		: 3800.000
cache size	: 107520 KB
physical id	: 0
siblings	: 56
core id		: 0
cpu cores	: 56
apicid		: 0
initial apicid	: 0
fpu		: yes
fpu_exception	: yes
cpuid level	: 32
wp		: yes
flags		: fpu vme de pse tsc msr pae mce cx8 apic sep mtrr pge mca cmov pat pse36 clflush dts acpi mmx fxsr sse sse2 ss ht tm pbe syscall nx pdpe1gb rdtscp lm constant_tsc art arch_perfmon pebs bts rep_good nopl xtopology nonstop_tsc cpuid aperfmperf tsc_known_freq pni pclmulqdq dtes64 monitor ds_cpl vmx smx est tm2 ssse3 sdbg fma cx16 xtpr pdcm pcid dca sse4_1 sse4_2 x2apic movbe popcnt tsc_deadline_timer aes xsave avx f16c rdrand lahf_lm abm 3dnowprefetch cpuid_fault epb cat_l3 cat_l2 cdp_l3 cdp_l2 ssbd mba ibrs ibpb stibp ibrs_enhanced tpr_shadow flexpriority ept vpid ept_ad fsgsbase tsc_adjust bmi1 avx2 smep bmi2 erms invpcid cqm rdt_a avx512f avx512dq rdseed adx smap avx512ifma clflushopt clwb intel_pt avx512cd sha_ni avx512bw avx512vl xsaveopt xsavec xgetbv1 xsaves cqm_llc cqm_occup_llc cqm_mbm_total cqm_mbm_local split_lock_detect user_shstk avx_vnni avx512_bf16 wbnoinvd dtherm ida arat pln pts vnmi avx512vbmi umip pku ospke waitpkg avx512_vbmi2 gfni vaes vpclmulqdq avx512_vnni avx512_bitalg avx512_vpopcntdq la57 rdpid bus_lock_detect cldemote movdiri movdir64b enqcmd fsrm md_clear serialize tsxldtrk pconfig arch_lbr ibt amx_bf16 avx512_fp16 amx_tile amx_int8 flush_l1d arch_capabilities
vmx flags	: vnmi preemption_timer posted_intr invvpid ept_x_only ept_ad ept_1gb ept_5level flexpriority apicv tsc_offset vtpr mtf vapic ept vpid unrestricted_guest vapic_reg vid ple shadow_vmcs pml ept_violation_ve ept_mode_based_exec tsc_scaling usr_wait_pause notify_vm_exiting ipi_virt
bugs		: spectre_v1 spectre_v2 spec_store_bypass swapgs eibrs_pbrsb bhi spectre_v2_user old_microcode vmscape
bogomips	: 4000.00
clflush size	: 64
cache_alignment	: 64
address sizes	: 46 bits physical, 57 bits virtual
power management:

processor	: 1
vendor_id	: GenuineIntel
cpu family	: 6
model		: 143
model name	: Intel(R) Xeon(R) Platinum 8480+
stepping	: 8
microcode	: 0x2b000639
cpu MHz		: 2664.612
cache size	: 107520 KB
physical id	: 1
siblings	: 56
core id		: 0
cpu cores	: 56
apicid		: 128
initial apicid	: 128
fpu		: yes
fpu_exception	: yes
cpuid level	: 32
wp		: yes
flags		: fpu vme de pse tsc msr pae mce cx8 apic sep mtrr pge mca cmov pat pse36 clflush dts acpi mmx fxsr sse sse2 ss ht tm pbe syscall nx pdpe1gb rdtscp lm constant_tsc art arch_perfmon pebs bts rep_good nopl xtopology nonstop_tsc cpuid aperfmperf tsc_known_freq pni pclmulqdq dtes64 monitor ds_cpl vmx smx est tm2 ssse3 sdbg fma cx16 xtpr pdcm pcid dca sse4_1 sse4_2 x2apic movbe popcnt tsc_deadline_timer aes xsave avx f16c rdrand lahf_lm abm 3dnowprefetch cpuid_fault epb cat_l3 cat_l2 cdp_l3 cdp_l2 ssbd mba ibrs ibpb stibp ibrs_enhanced tpr_shadow flexpriority ept vpid ept_ad fsgsbase tsc_adjust bmi1 avx2 smep bmi2 erms invpcid cqm rdt_a avx512f avx512dq rdseed adx smap avx512ifma clflushopt clwb intel_pt avx512cd sha_ni avx512bw avx512vl xsaveopt xsavec xgetbv1 xsaves cqm_llc cqm_occup_llc cqm_mbm_total cqm_mbm_local split_lock_detect user_shstk avx_vnni avx512_bf16 wbnoinvd dtherm ida arat pln pts vnmi avx512vbmi umip pku ospke waitpkg avx512_vbmi2 gfni vaes vpclmulqdq avx512_vnni avx512_bitalg avx512_vpopcntdq la57 rdpid bus_lock_detect cldemote movdiri movdir64b enqcmd fsrm md_clear serialize tsxldtrk pconfig arch_lbr ibt amx_bf16 avx512_fp16 amx_tile amx_int8 flush_l1d arch_capabilities
vmx flags	: vnmi preemption_timer posted_intr invvpid ept_x_only ept_ad ept_1gb ept_5level flexpriority apicv tsc_offset vtpr mtf vapic ept vpid unrestricted_guest vapic_reg vid ple shadow_vmcs pml ept_violation_ve ept_mode_based_exec tsc_scaling usr_wait_pause notify_vm_exiting ipi_virt
bugs		: spectre_v1 spectre_v2 spec_store_bypass swapgs eibrs_pbrsb bhi spectre_v2_user old_microcode vmscape
bogomips	: 4000.00
clflush size	: 64
cache_alignment	: 64
address sizes	: 46 bits physical, 57 bits virtual
power management:

processor	: 2
vendor_id	: GenuineIntel
cpu family	: 6
model		: 143
model name	: Intel(R) Xeon(R) Platinum 8480+
stepping	: 8
microcode	: 0x2b000639
cpu MHz		: 3800.000
cache size	: 107520 KB
physical id	: 0
siblings	: 56
core id		: 31
cpu cores	: 56
apicid		: 62
initial apicid	: 62
fpu		: yes
fpu_exception	: yes
cpuid level	: 32
wp		: yes
flags		: fpu vme de pse tsc msr pae mce cx8 apic sep mtrr pge mca cmov pat pse36 clflush dts acpi mmx fxsr sse sse2 ss ht tm pbe syscall nx pdpe1gb rdtscp lm constant_tsc art arch_perfmon pebs bts rep_good nopl xtopology nonstop_tsc cpuid aperfmperf tsc_known_freq pni pclmulqdq dtes64 monitor ds_cpl vmx smx est tm2 ssse3 sdbg fma cx16 xtpr pdcm pcid dca sse4_1 sse4_2 x2apic movbe popcnt tsc_deadline_timer aes xsave avx f16c rdrand lahf_lm abm 3dnowprefetch cpuid_fault epb cat_l3 cat_l2 cdp_l3 cdp_l2 ssbd mba ibrs ibpb stibp ibrs_enhanced tpr_shadow flexpriority ept vpid ept_ad fsgsbase tsc_adjust bmi1 avx2 smep bmi2 erms invpcid cqm rdt_a avx512f avx512dq rdseed adx smap avx512ifma clflushopt clwb intel_pt avx512cd sha_ni avx512bw avx512vl xsaveopt xsavec xgetbv1 xsaves cqm_llc cqm_occup_llc cqm_mbm_total cqm_mbm_local split_lock_detect user_shstk avx_vnni avx512_bf16 wbnoinvd dtherm ida arat pln pts vnmi avx512vbmi umip pku ospke waitpkg avx512_vbmi2 gfni vaes vpclmulqdq avx512_vnni avx512_bitalg avx512_vpopcntdq la57 rdpid bus_lock_detect cldemote movdiri movdir64b enqcmd fsrm md_clear serialize tsxldtrk pconfig arch_lbr ibt amx_bf16 avx512_fp16 amx_tile amx_int8 flush_l1d arch_capabilities
vmx flags	: vnmi preemption_timer posted_intr invvpid ept_x_only ept_ad ept_1gb ept_5level flexpriority apicv tsc_offset vtpr mtf vapic ept vpid unrestricted_guest vapic_reg vid ple shadow_vmcs pml ept_violation_ve ept_mode_based_exec tsc_scaling usr_wait_pause notify_vm_exiting ipi_virt
bugs		: spectre_v1 spectre_v2 spec_store_bypass swapgs eibrs_pbrsb bhi spectre_v2_user old_microcode vmscape
bogomips	: 4000.00
clflush size	: 64
cache_alignment	: 64
address sizes	: 46 bits physical, 57 bits virtual
power management:

processor	: 3
vendor_id	: GenuineIntel
cpu family	: 6
model		: 143
model name	: Intel(R) Xeon(R) Platinum 8480+
stepping	: 8
microcode	: 0x2b000639
cpu MHz		: 2729.712
cache size	: 107520 KB
physical id	: 1
siblings	: 56
core id		: 31
cpu cores	: 56
apicid		: 190
initial apicid	: 190
fpu		: yes
fpu_exception	: yes
cpuid level	: 32
wp		: yes
flags		: fpu vme de pse tsc msr pae mce cx8 apic sep mtrr pge mca cmov pat pse36 clflush dts acpi mmx fxsr sse sse2 ss ht tm pbe syscall nx pdpe1gb rdtscp lm constant_tsc art arch_perfmon pebs bts rep_good nopl xtopology nonstop_tsc cpuid aperfmperf tsc_known_freq pni pclmulqdq dtes64 monitor ds_cpl vmx smx est tm2 ssse3 sdbg fma cx16 xtpr pdcm pcid dca sse4_1 sse4_2 x2apic movbe popcnt tsc_deadline_timer aes xsave avx f16c rdrand lahf_lm abm 3dnowprefetch cpuid_fault epb cat_l3 cat_l2 cdp_l3 cdp_l2 ssbd mba ibrs ibpb stibp ibrs_enhanced tpr_shadow flexpriority ept vpid ept_ad fsgsbase tsc_adjust bmi1 avx2 smep bmi2 erms invpcid cqm rdt_a avx512f avx512dq rdseed adx smap avx512ifma clflushopt clwb intel_pt avx512cd sha_ni avx512bw avx512vl xsaveopt xsavec xgetbv1 xsaves cqm_llc cqm_occup_llc cqm_mbm_total cqm_mbm_local split_lock_detect user_shstk avx_vnni avx512_bf16 wbnoinvd dtherm ida arat pln pts vnmi avx512vbmi umip pku ospke waitpkg avx512_vbmi2 gfni vaes vpclmulqdq avx512_vnni avx512_bitalg avx512_vpopcntdq la57 rdpid bus_lock_detect cldemote movdiri movdir64b enqcmd fsrm md_clear serialize tsxldtrk pconfig arch_lbr ibt amx_bf16 avx512_fp16 amx_tile amx_int8 flush_l1d arch_capabilities
vmx flags	: vnmi preemption_timer posted_intr invvpid ept_x_only ept_ad ept_1gb ept_5level flexpriority apicv tsc_offset vtpr mtf vapic ept vpid unrestricted_guest vapic_reg vid ple shadow_vmcs pml ept_violation_ve ept_mode_based_exec tsc_scaling usr_wait_pause notify_vm_exiting ipi_virt
bugs		: spectre_v1 spectre_v2 spec_store_bypass swapgs eibrs_pbrsb bhi spectre_v2_user old_microcode vmscape
bogomips	: 4000.00
clflush size	: 64
cache_alignment	: 64
address sizes	: 46 bits physical, 57 bits virtual
power management:

processor	: 4
vendor_id	: GenuineIntel
cpu family	: 6
model		: 143
model name	: Intel(R) Xeon(R) Platinum 8480+
stepping	: 8
microcode	: 0x2b000639
cpu MHz		: 3800.000
cache size	: 107520 KB
physical id	: 0
siblings	: 56
core id		: 24
cpu cores	: 56
apicid		: 48
initial apicid	: 48
fpu		: yes
fpu_exception	: yes
cpuid level	: 32
wp		: yes
flags		: fpu vme de pse tsc msr pae mce cx8 apic sep mtrr pge mca cmov pat pse36 clflush dts acpi mmx fxsr sse sse2 ss ht tm pbe syscall nx pdpe1gb rdtscp lm constant_tsc art arch_perfmon pebs bts rep_good nopl xtopology nonstop_tsc cpuid aperfmperf tsc_known_freq pni pclmulqdq dtes64 monitor ds_cpl vmx smx est tm2 ssse3 sdbg fma cx16 xtpr pdcm pcid dca sse4_1 sse4_2 x2apic movbe popcnt tsc_deadline_timer aes xsave avx f16c rdrand lahf_lm abm 3dnowprefetch cpuid_fault epb cat_l3 cat_l2 cdp_l3 cdp_l2 ssbd mba ibrs ibpb stibp ibrs_enhanced tpr_shadow flexpriority ept vpid ept_ad fsgsbase tsc_adjust bmi1 avx2 smep bmi2 erms invpcid cqm rdt_a avx512f avx512dq rdseed adx smap avx512ifma clflushopt clwb intel_pt avx512cd sha_ni avx512bw avx512vl xsaveopt xsavec xgetbv1 xsaves cqm_llc cqm_occup_llc cqm_mbm_total cqm_mbm_local split_lock_detect user_shstk avx_vnni avx512_bf16 wbnoinvd dtherm ida arat pln pts vnmi avx512vbmi umip pku ospke waitpkg avx512_vbmi2 gfni vaes vpclmulqdq avx512_vnni avx512_bitalg avx512_vpopcntdq la57 rdpid bus_lock_detect cldemote movdiri movdir64b enqcmd fsrm md_clear serialize tsxldtrk pconfig arch_lbr ibt amx_bf16 avx512_fp16 amx_tile amx_int8 flush_l1d arch_capabilities
vmx flags	: vnmi preemption_timer posted_intr invvpid ept_x_only ept_ad ept_1gb ept_5level flexpriority apicv tsc_offset vtpr mtf vapic ept vpid unrestricted_guest vapic_reg vid ple shadow_vmcs pml ept_violation_ve ept_mode_based_exec tsc_scaling usr_wait_pause notify_vm_exiting ipi_virt
bugs		: spectre_v1 spectre_v2 spec_store_bypass swapgs eibrs_pbrsb bhi spectre_v2_user old_microcode vmscape
bogomips	: 4000.00
clflush size	: 64
cache_alignment	: 64
address sizes	: 46 bits physical, 57 bits virtual
power management:

processor	: 5
vendor_id	: GenuineIntel
cpu family	: 6
model		: 143
model name	: Intel(R) Xeon(R) Platinum 8480+
stepping	: 8
microcode	: 0x2b000639
cpu MHz		: 2879.430
cache size	: 107520 KB
physical id	: 1
siblings	: 56
core id		: 24
cpu cores	: 56
apicid		: 176
initial apicid	: 176
fpu		: yes
fpu_exception	: yes
cpuid level	: 32
wp		: yes
flags		: fpu vme de pse tsc msr pae mce cx8 apic sep mtrr pge mca cmov pat pse36 clflush dts acpi mmx fxsr sse sse2 ss ht tm pbe syscall nx pdpe1gb rdtscp lm constant_tsc art arch_perfmon pebs bts rep_good nopl xtopology nonstop_tsc cpuid aperfmperf tsc_known_freq pni pclmulqdq dtes64 monitor ds_cpl vmx smx est tm2 ssse3 sdbg fma cx16 xtpr pdcm pcid dca sse4_1 sse4_2 x2apic movbe popcnt tsc_deadline_timer aes xsave avx f16c rdrand lahf_lm abm 3dnowprefetch cpuid_fault epb cat_l3 cat_l2 cdp_l3 cdp_l2 ssbd mba ibrs ibpb stibp ibrs_enhanced tpr_shadow flexpriority ept vpid ept_ad fsgsbase tsc_adjust bmi1 avx2 smep bmi2 erms invpcid cqm rdt_a avx512f avx512dq rdseed adx smap avx512ifma clflushopt clwb intel_pt avx512cd sha_ni avx512bw avx512vl xsaveopt xsavec xgetbv1 xsaves cqm_llc cqm_occup_llc cqm_mbm_total cqm_mbm_local split_lock_detect user_shstk avx_vnni avx512_bf16 wbnoinvd dtherm ida arat pln pts vnmi avx512vbmi umip pku ospke waitpkg avx512_vbmi2 gfni vaes vpclmulqdq avx512_vnni avx512_bitalg avx512_vpopcntdq la57 rdpid bus_lock_detect cldemote movdiri movdir64b enqcmd fsrm md_clear serialize tsxldtrk pconfig arch_lbr ibt amx_bf16 avx512_fp16 amx_tile amx_int8 flush_l1d arch_capabilities
vmx flags	: vnmi preemption_timer posted_intr invvpid ept_x_only ept_ad ept_1gb ept_5level flexpriority apicv tsc_offset vtpr mtf vapic ept vpid unrestricted_guest vapic_reg vid ple shadow_vmcs pml ept_violation_ve ept_mode_based_exec tsc_scaling usr_wait_pause notify_vm_exiting ipi_virt
bugs		: spectre_v1 spectre_v2 spec_store_bypass swapgs eibrs_pbrsb bhi spectre_v2_user old_microcode vmscape
bogomips	: 4000.00
clflush size	: 64
cache_alignment	: 64
address sizes	: 46 bits physical, 57 bits virtual
power management:

processor	: 6
vendor_id	: GenuineIntel
cpu family	: 6
model		: 143
model name	: Intel(R) Xeon(R) Platinum 8480+
stepping	: 8
microcode	: 0x2b000639
cpu MHz		: 3800.000
cache size	: 107520 KB
physical id	: 0
siblings	: 56
core id		: 55
cpu cores	: 56
apicid		: 110
initial apicid	: 110
fpu		: yes
fpu_exception	: yes
cpuid level	: 32
wp		: yes
flags		: fpu vme de pse tsc msr pae mce cx8 apic sep mtrr pge mca cmov pat pse36 clflush dts acpi mmx fxsr sse sse2 ss ht tm pbe syscall nx pdpe1gb rdtscp lm constant_tsc art arch_perfmon pebs bts rep_good nopl xtopology nonstop_tsc cpuid aperfmperf tsc_known_freq pni pclmulqdq dtes64 monitor ds_cpl vmx smx est tm2 ssse3 sdbg fma cx16 xtpr pdcm pcid dca sse4_1 sse4_2 x2apic movbe popcnt tsc_deadline_timer aes xsave avx f16c rdrand lahf_lm abm 3dnowprefetch cpuid_fault epb cat_l3 cat_l2 cdp_l3 cdp_l2 ssbd mba ibrs ibpb stibp ibrs_enhanced tpr_shadow flexpriority ept vpid ept_ad fsgsbase tsc_adjust bmi1 avx2 smep bmi2 erms invpcid cqm rdt_a avx512f avx512dq rdseed adx smap avx512ifma clflushopt clwb intel_pt avx512cd sha_ni avx512bw avx512vl xsaveopt xsavec xgetbv1 xsaves cqm_llc cqm_occup_llc cqm_mbm_total cqm_mbm_local split_lock_detect user_shstk avx_vnni avx512_bf16 wbnoinvd dtherm ida arat pln pts vnmi avx512vbmi umip pku ospke waitpkg avx512_vbmi2 gfni vaes vpclmulqdq avx512_vnni avx512_bitalg avx512_vpopcntdq la57 rdpid bus_lock_detect cldemote movdiri movdir64b enqcmd fsrm md_clear serialize tsxldtrk pconfig arch_lbr ibt amx_bf16 avx512_fp16 amx_tile amx_int8 flush_l1d arch_capabilities
vmx flags	: vnmi preemption_timer posted_intr invvpid ept_x_only ept_ad ept_1gb ept_5level flexpriority apicv tsc_offset vtpr mtf vapic ept vpid unrestricted_guest vapic_reg vid ple shadow_vmcs pml ept_violation_ve ept_mode_based_exec tsc_scaling usr_wait_pause notify_vm_exiting ipi_virt
bugs		: spectre_v1 spectre_v2 spec_store_bypass swapgs eibrs_pbrsb bhi spectre_v2_user old_microcode vmscape
bogomips	: 4000.00
clflush size	: 64
cache_alignment	: 64
address sizes	: 46 bits physical, 57 bits virtual
power management:

processor	: 7
vendor_id	: GenuineIntel
cpu family	: 6
model		: 143
model name	: Intel(R) Xeon(R) Platinum 8480+
stepping	: 8
microcode	: 0x2b000639
cpu MHz		: 2782.392
cache size	: 107520 KB
physical id	: 1
siblings	: 56
core id		: 55
cpu cores	: 56
apicid		: 238
initial apicid	: 238
fpu		: yes
fpu_exception	: yes
cpuid level	: 32
wp		: yes
flags		: fpu vme de pse tsc msr pae mce cx8 apic sep mtrr pge mca cmov pat pse36 clflush dts acpi mmx fxsr sse sse2 ss ht tm pbe syscall nx pdpe1gb rdtscp lm constant_tsc art arch_perfmon pebs bts rep_good nopl xtopology nonstop_tsc cpuid aperfmperf tsc_known_freq pni pclmulqdq dtes64 monitor ds_cpl vmx smx est tm2 ssse3 sdbg fma cx16 xtpr pdcm pcid dca sse4_1 sse4_2 x2apic movbe popcnt tsc_deadline_timer aes xsave avx f16c rdrand lahf_lm abm 3dnowprefetch cpuid_fault epb cat_l3 cat_l2 cdp_l3 cdp_l2 ssbd mba ibrs ibpb stibp ibrs_enhanced tpr_shadow flexpriority ept vpid ept_ad fsgsbase tsc_adjust bmi1 avx2 smep bmi2 erms invpcid cqm rdt_a avx512f avx512dq rdseed adx smap avx512ifma clflushopt clwb intel_pt avx512cd sha_ni avx512bw avx512vl xsaveopt xsavec xgetbv1 xsaves cqm_llc cqm_occup_llc cqm_mbm_total cqm_mbm_local split_lock_detect user_shstk avx_vnni avx512_bf16 wbnoinvd dtherm ida arat pln pts vnmi avx512vbmi umip pku ospke waitpkg avx512_vbmi2 gfni vaes vpclmulqdq avx512_vnni avx512_bitalg avx512_vpopcntdq la57 rdpid bus_lock_detect cldemote movdiri movdir64b enqcmd fsrm md_clear serialize tsxldtrk pconfig arch_lbr ibt amx_bf16 avx512_fp16 amx_tile amx_int8 flush_l1d arch_capabilities
vmx flags	: vnmi preemption_timer posted_intr invvpid ept_x_only ept_ad ept_1gb ept_5level flexpriority apicv tsc_offset vtpr mtf vapic ept vpid unrestricted_guest vapic_reg vid ple shadow_vmcs pml ept_violation_ve ept_mode_based_exec tsc_scaling usr_wait_pause notify_vm_exiting ipi_virt
bugs		: spectre_v1 spectre_v2 spec_store_bypass swapgs eibrs_pbrsb bhi spectre_v2_user old_microcode vmscape
bogomips	: 4000.00
clflush size	: 64
cache_alignment	: 64
address sizes	: 46 bits physical, 57 bits virtual
power management:

processor	: 8
vendor_id	: GenuineIntel
cpu family	: 6
model		: 143
model name	: Intel(R) Xeon(R) Platinum 8480+
stepping	: 8
microcode	: 0x2b000639
cpu MHz		: 3800.000
cache size	: 107520 KB
physical id	: 0
siblings	: 56
core id		: 4
cpu cores	: 56
apicid		: 8
initial apicid	: 8
fpu		: yes
fpu_exception	: yes
cpuid level	: 32
wp		: yes
flags		: fpu vme de pse tsc msr pae mce cx8 apic sep mtrr pge mca cmov pat pse36 clflush dts acpi mmx fxsr sse sse2 ss ht tm pbe syscall nx pdpe1gb rdtscp lm constant_tsc art arch_perfmon pebs bts rep_good nopl xtopology nonstop_tsc cpuid aperfmperf tsc_known_freq pni pclmulqdq dtes64 monitor ds_cpl vmx smx est tm2 ssse3 sdbg fma cx16 xtpr pdcm pcid dca sse4_1 sse4_2 x2apic movbe popcnt tsc_deadline_timer aes xsave avx f16c rdrand lahf_lm abm 3dnowprefetch cpuid_fault epb cat_l3 cat_l2 cdp_l3 cdp_l2 ssbd mba ibrs ibpb stibp ibrs_enhanced tpr_shadow flexpriority ept vpid ept_ad fsgsbase tsc_adjust bmi1 avx2 smep bmi2 erms invpcid cqm rdt_a avx512f avx512dq rdseed adx smap avx512ifma clflushopt clwb intel_pt avx512cd sha_ni avx512bw avx512vl xsaveopt xsavec xgetbv1 xsaves cqm_llc cqm_occup_llc cqm_mbm_total cqm_mbm_local split_lock_detect user_shstk avx_vnni avx512_bf16 wbnoinvd dtherm ida arat pln pts vnmi avx512vbmi umip pku ospke waitpkg avx512_vbmi2 gfni vaes vpclmulqdq avx512_vnni avx512_bitalg avx512_vpopcntdq la57 rdpid bus_lock_detect cldemote movdiri movdir64b enqcmd fsrm md_clear serialize tsxldtrk pconfig arch_lbr ibt amx_bf16 avx512_fp16 amx_tile amx_int8 flush_l1d arch_capabilities
vmx flags	: vnmi preemption_timer posted_intr invvpid ept_x_only ept_ad ept_1gb ept_5level flexpriority apicv tsc_offset vtpr mtf vapic ept vpid unrestricted_guest vapic_reg vid ple shadow_vmcs pml ept_violation_ve ept_mode_based_exec tsc_scaling usr_wait_pause notify_vm_exiting ipi_virt
bugs		: spectre_v1 spectre_v2 spec_store_bypass swapgs eibrs_pbrsb bhi spectre_v2_user old_microcode vmscape
bogomips	: 4000.00
clflush size	: 64
cache_alignment	: 64
address sizes	: 46 bits physical, 57 bits virtual
power management:

processor	: 9
vendor_id	: GenuineIntel
cpu family	: 6
model		: 143
model name	: Intel(R) Xeon(R) Platinum 8480+
stepping	: 8
microcode	: 0x2b000639
cpu MHz		: 2832.674
cache size	: 107520 KB
physical id	: 1
siblings	: 56
core id		: 4
cpu cores	: 56
apicid		: 136
initial apicid	: 136
fpu		: yes
fpu_exception	: yes
cpuid level	: 32
wp		: yes
flags		: fpu vme de pse tsc msr pae mce cx8 apic sep mtrr pge mca cmov pat pse36 clflush dts acpi mmx fxsr sse sse2 ss ht tm pbe syscall nx pdpe1gb rdtscp lm constant_tsc art arch_perfmon pebs bts rep_good nopl xtopology nonstop_tsc cpuid aperfmperf tsc_known_freq pni pclmulqdq dtes64 monitor ds_cpl vmx smx est tm2 ssse3 sdbg fma cx16 xtpr pdcm pcid dca sse4_1 sse4_2 x2apic movbe popcnt tsc_deadline_timer aes xsave avx f16c rdrand lahf_lm abm 3dnowprefetch cpuid_fault epb cat_l3 cat_l2 cdp_l3 cdp_l2 ssbd mba ibrs ibpb stibp ibrs_enhanced tpr_shadow flexpriority ept vpid ept_ad fsgsbase tsc_adjust bmi1 avx2 smep bmi2 erms invpcid cqm rdt_a avx512f avx512dq rdseed adx smap avx512ifma clflushopt clwb intel_pt avx512cd sha_ni avx512bw avx512vl xsaveopt xsavec xgetbv1 xsaves cqm_llc cqm_occup_llc cqm_mbm_total cqm_mbm_local split_lock_detect user_shstk avx_vnni avx512_bf16 wbnoinvd dtherm ida arat pln pts vnmi avx512vbmi umip pku ospke waitpkg avx512_vbmi2 gfni vaes vpclmulqdq avx512_vnni avx512_bitalg avx512_vpopcntdq la57 rdpid bus_lock_detect cldemote movdiri movdir64b enqcmd fsrm md_clear serialize tsxldtrk pconfig arch_lbr ibt amx_bf16 avx512_fp16 amx_tile amx_int8 flush_l1d arch_capabilities
vmx flags	: vnmi preemption_timer posted_intr invvpid ept_x_only ept_ad ept_1gb ept_5level flexpriority apicv tsc_offset vtpr mtf vapic ept vpid unrestricted_guest vapic_reg vid ple shadow_vmcs pml ept_violation_ve ept_mode_based_exec tsc_scaling usr_wait_pause notify_vm_exiting ipi_virt
bugs		: spectre_v1 spectre_v2 spec_store_bypass swapgs eibrs_pbrsb bhi spectre_v2_user old_microcode vmscape
bogomips	: 4000.00
clflush size	: 64
cache_alignment	: 64
address sizes	: 46 bits physical, 57 bits virtual
power management:

processor	: 10
vendor_id	: GenuineIntel
cpu family	: 6
model		: 143
model name	: Intel(R) Xeon(R) Platinum 8480+
stepping	: 8
microcode	: 0x2b000639
cpu MHz		: 3800.000
cache size	: 107520 KB
physical id	: 0
siblings	: 56
core id		: 34
cpu cores	: 56
apicid		: 68
initial apicid	: 68
fpu		: yes
fpu_exception	: yes
cpuid level	: 32
wp		: yes
flags		: fpu vme de pse tsc msr pae mce cx8 apic sep mtrr pge mca cmov pat pse36 clflush dts acpi mmx fxsr sse sse2 ss ht tm pbe syscall nx pdpe1gb rdtscp lm constant_tsc art arch_perfmon pebs bts rep_good nopl xtopology nonstop_tsc cpuid aperfmperf tsc_known_freq pni pclmulqdq dtes64 monitor ds_cpl vmx smx est tm2 ssse3 sdbg fma cx16 xtpr pdcm pcid dca sse4_1 sse4_2 x2apic movbe popcnt tsc_deadline_timer aes xsave avx f16c rdrand lahf_lm abm 3dnowprefetch cpuid_fault epb cat_l3 cat_l2 cdp_l3 cdp_l2 ssbd mba ibrs ibpb stibp ibrs_enhanced tpr_shadow flexpriority ept vpid ept_ad fsgsbase tsc_adjust bmi1 avx2 smep bmi2 erms invpcid cqm rdt_a avx512f avx512dq rdseed adx smap avx512ifma clflushopt clwb intel_pt avx512cd sha_ni avx512bw avx512vl xsaveopt xsavec xgetbv1 xsaves cqm_llc cqm_occup_llc cqm_mbm_total cqm_mbm_local split_lock_detect user_shstk avx_vnni avx512_bf16 wbnoinvd dtherm ida arat pln pts vnmi avx512vbmi umip pku ospke waitpkg avx512_vbmi2 gfni vaes vpclmulqdq avx512_vnni avx512_bitalg avx512_vpopcntdq la57 rdpid bus_lock_detect cldemote movdiri movdir64b enqcmd fsrm md_clear serialize tsxldtrk pconfig arch_lbr ibt amx_bf16 avx512_fp16 amx_tile amx_int8 flush_l1d arch_capabilities
vmx flags	: vnmi preemption_timer posted_intr invvpid ept_x_only ept_ad ept_1gb ept_5level flexpriority apicv tsc_offset vtpr mtf vapic ept vpid unrestricted_guest vapic_reg vid ple shadow_vmcs pml ept_violation_ve ept_mode_based_exec tsc_scaling usr_wait_pause notify_vm_exiting ipi_virt
bugs		: spectre_v1 spectre_v2 spec_store_bypass swapgs eibrs_pbrsb bhi spectre_v2_user old_microcode vmscape
bogomips	: 4000.00
clflush size	: 64
cache_alignment	: 64
address sizes	: 46 bits physical, 57 bits virtual
power management:

processor	: 11
vendor_id	: GenuineIntel
cpu family	: 6
model		: 143
model name	: Intel(R) Xeon(R) Platinum 8480+
stepping	: 8
microcode	: 0x2b000639
cpu MHz		: 2840.050
cache size	: 107520 KB
physical id	: 1
siblings	: 56
core id		: 34
cpu cores	: 56
apicid		: 196
initial apicid	: 196
fpu		: yes
fpu_exception	: yes
cpuid level	: 32
wp		: yes
flags		: fpu vme de pse tsc msr pae mce cx8 apic sep mtrr pge mca cmov pat pse36 clflush dts acpi mmx fxsr sse sse2 ss ht tm pbe syscall nx pdpe1gb rdtscp lm constant_tsc art arch_perfmon pebs bts rep_good nopl xtopology nonstop_tsc cpuid aperfmperf tsc_known_freq pni pclmulqdq dtes64 monitor ds_cpl vmx smx est tm2 ssse3 sdbg fma cx16 xtpr pdcm pcid dca sse4_1 sse4_2 x2apic movbe popcnt tsc_deadline_timer aes xsave avx f16c rdrand lahf_lm abm 3dnowprefetch cpuid_fault epb cat_l3 cat_l2 cdp_l3 cdp_l2 ssbd mba ibrs ibpb stibp ibrs_enhanced tpr_shadow flexpriority ept vpid ept_ad fsgsbase tsc_adjust bmi1 avx2 smep bmi2 erms invpcid cqm rdt_a avx512f avx512dq rdseed adx smap avx512ifma clflushopt clwb intel_pt avx512cd sha_ni avx512bw avx512vl xsaveopt xsavec xgetbv1 xsaves cqm_llc cqm_occup_llc cqm_mbm_total cqm_mbm_local split_lock_detect user_shstk avx_vnni avx512_bf16 wbnoinvd dtherm ida arat pln pts vnmi avx512vbmi umip pku ospke waitpkg avx512_vbmi2 gfni vaes vpclmulqdq avx512_vnni avx512_bitalg avx512_vpopcntdq la57 rdpid bus_lock_detect cldemote movdiri movdir64b enqcmd fsrm md_clear serialize tsxldtrk pconfig arch_lbr ibt amx_bf16 avx512_fp16 amx_tile amx_int8 flush_l1d arch_capabilities
vmx flags	: vnmi preemption_timer posted_intr invvpid ept_x_only ept_ad ept_1gb ept_5level flexpriority apicv tsc_offset vtpr mtf vapic ept vpid unrestricted_guest vapic_reg vid ple shadow_vmcs pml ept_violation_ve ept_mode_based_exec tsc_scaling usr_wait_pause notify_vm_exiting ipi_virt
bugs		: spectre_v1 spectre_v2 spec_store_bypass swapgs eibrs_pbrsb bhi spectre_v2_user old_microcode vmscape
bogomips	: 4000.00
clflush size	: 64
cache_alignment	: 64
address sizes	: 46 bits physical, 57 bits virtual
power management:

processor	: 12
vendor_id	: GenuineIntel
cpu family	: 6
model		: 143
model name	: Intel(R) Xeon(R) Platinum 8480+
stepping	: 8
microcode	: 0x2b000639
cpu MHz		: 3800.000
cache size	: 107520 KB
physical id	: 0
siblings	: 56
core id		: 21
cpu cores	: 56
apicid		: 42
initial apicid	: 42
fpu		: yes
fpu_exception	: yes
cpuid level	: 32
wp		: yes
flags		: fpu vme de pse tsc msr pae mce cx8 apic sep mtrr pge mca cmov pat pse36 clflush dts acpi mmx fxsr sse sse2 ss ht tm pbe syscall nx pdpe1gb rdtscp lm constant_tsc art arch_perfmon pebs bts rep_good nopl xtopology nonstop_tsc cpuid aperfmperf tsc_known_freq pni pclmulqdq dtes64 monitor ds_cpl vmx smx est tm2 ssse3 sdbg fma cx16 xtpr pdcm pcid dca sse4_1 sse4_2 x2apic movbe popcnt tsc_deadline_timer aes xsave avx f16c rdrand lahf_lm abm 3dnowprefetch cpuid_fault epb cat_l3 cat_l2 cdp_l3 cdp_l2 ssbd mba ibrs ibpb stibp ibrs_enhanced tpr_shadow flexpriority ept vpid ept_ad fsgsbase tsc_adjust bmi1 avx2 smep bmi2 erms invpcid cqm rdt_a avx512f avx512dq rdseed adx smap avx512ifma clflushopt clwb intel_pt avx512cd sha_ni avx512bw avx512vl xsaveopt xsavec xgetbv1 xsaves cqm_llc cqm_occup_llc cqm_mbm_total cqm_mbm_local split_lock_detect user_shstk avx_vnni avx512_bf16 wbnoinvd dtherm ida arat pln pts vnmi avx512vbmi umip pku ospke waitpkg avx512_vbmi2 gfni vaes vpclmulqdq avx512_vnni avx512_bitalg avx512_vpopcntdq la57 rdpid bus_lock_detect cldemote movdiri movdir64b enqcmd fsrm md_clear serialize tsxldtrk pconfig arch_lbr ibt amx_bf16 avx512_fp16 amx_tile amx_int8 flush_l1d arch_capabilities
vmx flags	: vnmi preemption_timer posted_intr invvpid ept_x_only ept_ad ept_1gb ept_5level flexpriority apicv tsc_offset vtpr mtf vapic ept vpid unrestricted_guest vapic_reg vid ple shadow_vmcs pml ept_violation_ve ept_mode_based_exec tsc_scaling usr_wait_pause notify_vm_exiting ipi_virt
bugs		: spectre_v1 spectre_v2 spec_store_bypass swapgs eibrs_pbrsb bhi spectre_v2_user old_microcode vmscape
bogomips	: 4000.00
clflush size	: 64
cache_alignment	: 64
address sizes	: 46 bits physical, 57 bits virtual
power management:

processor	: 13
vendor_id	: GenuineIntel
cpu family	: 6
model		: 143
model name	: Intel(R) Xeon(R) Platinum 8480+
stepping	: 8
microcode	: 0x2b000639
cpu MHz		: 2877.136
cache size	: 107520 KB
physical id	: 1
siblings	: 56
core id		: 21
cpu cores	: 56
apicid		: 170
initial apicid	: 170
fpu		: yes
fpu_exception	: yes
cpuid level	: 32
wp		: yes
flags		: fpu vme de pse tsc msr pae mce cx8 apic sep mtrr pge mca cmov pat pse36 clflush dts acpi mmx fxsr sse sse2 ss ht tm pbe syscall nx pdpe1gb rdtscp lm constant_tsc art arch_perfmon pebs bts rep_good nopl xtopology nonstop_tsc cpuid aperfmperf tsc_known_freq pni pclmulqdq dtes64 monitor ds_cpl vmx smx est tm2 ssse3 sdbg fma cx16 xtpr pdcm pcid dca sse4_1 sse4_2 x2apic movbe popcnt tsc_deadline_timer aes xsave avx f16c rdrand lahf_lm abm 3dnowprefetch cpuid_fault epb cat_l3 cat_l2 cdp_l3 cdp_l2 ssbd mba ibrs ibpb stibp ibrs_enhanced tpr_shadow flexpriority ept vpid ept_ad fsgsbase tsc_adjust bmi1 avx2 smep bmi2 erms invpcid cqm rdt_a avx512f avx512dq rdseed adx smap avx512ifma clflushopt clwb intel_pt avx512cd sha_ni avx512bw avx512vl xsaveopt xsavec xgetbv1 xsaves cqm_llc cqm_occup_llc cqm_mbm_total cqm_mbm_local split_lock_detect user_shstk avx_vnni avx512_bf16 wbnoinvd dtherm ida arat pln pts vnmi avx512vbmi umip pku ospke waitpkg avx512_vbmi2 gfni vaes vpclmulqdq avx512_vnni avx512_bitalg avx512_vpopcntdq la57 rdpid bus_lock_detect cldemote movdiri movdir64b enqcmd fsrm md_clear serialize tsxldtrk pconfig arch_lbr ibt amx_bf16 avx512_fp16 amx_tile amx_int8 flush_l1d arch_capabilities
vmx flags	: vnmi preemption_timer posted_intr invvpid ept_x_only ept_ad ept_1gb ept_5level flexpriority apicv tsc_offset vtpr mtf vapic ept vpid unrestricted_guest vapic_reg vid ple shadow_vmcs pml ept_violation_ve ept_mode_based_exec tsc_scaling usr_wait_pause notify_vm_exiting ipi_virt
bugs		: spectre_v1 spectre_v2 spec_store_bypass swapgs eibrs_pbrsb bhi spectre_v2_user old_microcode vmscape
bogomips	: 4000.00
clflush size	: 64
cache_alignment	: 64
address sizes	: 46 bits physical, 57 bits virtual
power management:

processor	: 14
vendor_id	: GenuineIntel
cpu family	: 6
model		: 143
model name	: Intel(R) Xeon(R) Platinum 8480+
stepping	: 8
microcode	: 0x2b000639
cpu MHz		: 2760.678
cache size	: 107520 KB
physical id	: 0
siblings	: 56
core id		: 51
cpu cores	: 56
apicid		: 102
initial apicid	: 102
fpu		: yes
fpu_exception	: yes
cpuid level	: 32
wp		: yes
flags		: fpu vme de pse tsc msr pae mce cx8 apic sep mtrr pge mca cmov pat pse36 clflush dts acpi mmx fxsr sse sse2 ss ht tm pbe syscall nx pdpe1gb rdtscp lm constant_tsc art arch_perfmon pebs bts rep_good nopl xtopology nonstop_tsc cpuid aperfmperf tsc_known_freq pni pclmulqdq dtes64 monitor ds_cpl vmx smx est tm2 ssse3 sdbg fma cx16 xtpr pdcm pcid dca sse4_1 sse4_2 x2apic movbe popcnt tsc_deadline_timer aes xsave avx f16c rdrand lahf_lm abm 3dnowprefetch cpuid_fault epb cat_l3 cat_l2 cdp_l3 cdp_l2 ssbd mba ibrs ibpb stibp ibrs_enhanced tpr_shadow flexpriority ept vpid ept_ad fsgsbase tsc_adjust bmi1 avx2 smep bmi2 erms invpcid cqm rdt_a avx512f avx512dq rdseed adx smap avx512ifma clflushopt clwb intel_pt avx512cd sha_ni avx512bw avx512vl xsaveopt xsavec xgetbv1 xsaves cqm_llc cqm_occup_llc cqm_mbm_total cqm_mbm_local split_lock_detect user_shstk avx_vnni avx512_bf16 wbnoinvd dtherm ida arat pln pts vnmi avx512vbmi umip pku ospke waitpkg avx512_vbmi2 gfni vaes vpclmulqdq avx512_vnni avx512_bitalg avx512_vpopcntdq la57 rdpid bus_lock_detect cldemote movdiri movdir64b enqcmd fsrm md_clear serialize tsxldtrk pconfig arch_lbr ibt amx_bf16 avx512_fp16 amx_tile amx_int8 flush_l1d arch_capabilities
vmx flags	: vnmi preemption_timer posted_intr invvpid ept_x_only ept_ad ept_1gb ept_5level flexpriority apicv tsc_offset vtpr mtf vapic ept vpid unrestricted_guest vapic_reg vid ple shadow_vmcs pml ept_violation_ve ept_mode_based_exec tsc_scaling usr_wait_pause notify_vm_exiting ipi_virt
bugs		: spectre_v1 spectre_v2 spec_store_bypass swapgs eibrs_pbrsb bhi spectre_v2_user old_microcode vmscape
bogomips	: 4000.00
clflush size	: 64
cache_alignment	: 64
address sizes	: 46 bits physical, 57 bits virtual
power management:

processor	: 15
vendor_id	: GenuineIntel
cpu family	: 6
model		: 143
model name	: Intel(R) Xeon(R) Platinum 8480+
stepping	: 8
microcode	: 0x2b000639
cpu MHz		: 2724.312
cache size	: 107520 KB
physical id	: 1
siblings	: 56
core id		: 51
cpu cores	: 56
apicid		: 230
initial apicid	: 230
fpu		: yes
fpu_exception	: yes
cpuid level	: 32
wp		: yes
flags		: fpu vme de pse tsc msr pae mce cx8 apic sep mtrr pge mca cmov pat pse36 clflush dts acpi mmx fxsr sse sse2 ss ht tm pbe syscall nx pdpe1gb rdtscp lm constant_tsc art arch_perfmon pebs bts rep_good nopl xtopology nonstop_tsc cpuid aperfmperf tsc_known_freq pni pclmulqdq dtes64 monitor ds_cpl vmx smx est tm2 ssse3 sdbg fma cx16 xtpr pdcm pcid dca sse4_1 sse4_2 x2apic movbe popcnt tsc_deadline_timer aes xsave avx f16c rdrand lahf_lm abm 3dnowprefetch cpuid_fault epb cat_l3 cat_l2 cdp_l3 cdp_l2 ssbd mba ibrs ibpb stibp ibrs_enhanced tpr_shadow flexpriority ept vpid ept_ad fsgsbase tsc_adjust bmi1 avx2 smep bmi2 erms invpcid cqm rdt_a avx512f avx512dq rdseed adx smap avx512ifma clflushopt clwb intel_pt avx512cd sha_ni avx512bw avx512vl xsaveopt xsavec xgetbv1 xsaves cqm_llc cqm_occup_llc cqm_mbm_total cqm_mbm_local split_lock_detect user_shstk avx_vnni avx512_bf16 wbnoinvd dtherm ida arat pln pts vnmi avx512vbmi umip pku ospke waitpkg avx512_vbmi2 gfni vaes vpclmulqdq avx512_vnni avx512_bitalg avx512_vpopcntdq la57 rdpid bus_lock_detect cldemote movdiri movdir64b enqcmd fsrm md_clear serialize tsxldtrk pconfig arch_lbr ibt amx_bf16 avx512_fp16 amx_tile amx_int8 flush_l1d arch_capabilities
vmx flags	: vnmi preemption_timer posted_intr invvpid ept_x_only ept_ad ept_1gb ept_5level flexpriority apicv tsc_offset vtpr mtf vapic ept vpid unrestricted_guest vapic_reg vid ple shadow_vmcs pml ept_violation_ve ept_mode_based_exec tsc_scaling usr_wait_pause notify_vm_exiting ipi_virt
bugs		: spectre_v1 spectre_v2 spec_store_bypass swapgs eibrs_pbrsb bhi spectre_v2_user old_microcode vmscape
bogomips	: 4000.00
clflush size	: 64
cache_alignment	: 64
address sizes	: 46 bits physical, 57 bits virtual
power management:

processor	: 16
vendor_id	: GenuineIntel
cpu family	: 6
model		: 143
model name	: Intel(R) Xeon(R) Platinum 8480+
stepping	: 8
microcode	: 0x2b000639
cpu MHz		: 3800.000
cache size	: 107520 KB
physical id	: 0
siblings	: 56
core id		: 7
cpu cores	: 56
apicid		: 14
initial apicid	: 14
fpu		: yes
fpu_exception	: yes
cpuid level	: 32
wp		: yes
flags		: fpu vme de pse tsc msr pae mce cx8 apic sep mtrr pge mca cmov pat pse36 clflush dts acpi mmx fxsr sse sse2 ss ht tm pbe syscall nx pdpe1gb rdtscp lm constant_tsc art arch_perfmon pebs bts rep_good nopl xtopology nonstop_tsc cpuid aperfmperf tsc_known_freq pni pclmulqdq dtes64 monitor ds_cpl vmx smx est tm2 ssse3 sdbg fma cx16 xtpr pdcm pcid dca sse4_1 sse4_2 x2apic movbe popcnt tsc_deadline_timer aes xsave avx f16c rdrand lahf_lm abm 3dnowprefetch cpuid_fault epb cat_l3 cat_l2 cdp_l3 cdp_l2 ssbd mba ibrs ibpb stibp ibrs_enhanced tpr_shadow flexpriority ept vpid ept_ad fsgsbase tsc_adjust bmi1 avx2 smep bmi2 erms invpcid cqm rdt_a avx512f avx512dq rdseed adx smap avx512ifma clflushopt clwb intel_pt avx512cd sha_ni avx512bw avx512vl xsaveopt xsavec xgetbv1 xsaves cqm_llc cqm_occup_llc cqm_mbm_total cqm_mbm_local split_lock_detect user_shstk avx_vnni avx512_bf16 wbnoinvd dtherm ida arat pln pts vnmi avx512vbmi umip pku ospke waitpkg avx512_vbmi2 gfni vaes vpclmulqdq avx512_vnni avx512_bitalg avx512_vpopcntdq la57 rdpid bus_lock_detect cldemote movdiri movdir64b enqcmd fsrm md_clear serialize tsxldtrk pconfig arch_lbr ibt amx_bf16 avx512_fp16 amx_tile amx_int8 flush_l1d arch_capabilities
vmx flags	: vnmi preemption_timer posted_intr invvpid ept_x_only ept_ad ept_1gb ept_5level flexpriority apicv tsc_offset vtpr mtf vapic ept vpid unrestricted_guest vapic_reg vid ple shadow_vmcs pml ept_violation_ve ept_mode_based_exec tsc_scaling usr_wait_pause notify_vm_exiting ipi_virt
bugs		: spectre_v1 spectre_v2 spec_store_bypass swapgs eibrs_pbrsb bhi spectre_v2_user old_microcode vmscape
bogomips	: 4000.00
clflush size	: 64
cache_alignment	: 64
address sizes	: 46 bits physical, 57 bits virtual
power management:

processor	: 17
vendor_id	: GenuineIntel
cpu family	: 6
model		: 143
model name	: Intel(R) Xeon(R) Platinum 8480+
stepping	: 8
microcode	: 0x2b000639
cpu MHz		: 2892.312
cache size	: 107520 KB
physical id	: 1
siblings	: 56
core id		: 7
cpu cores	: 56
apicid		: 142
initial apicid	: 142
fpu		: yes
fpu_exception	: yes
cpuid level	: 32
wp		: yes
flags		: fpu vme de pse tsc msr pae mce cx8 apic sep mtrr pge mca cmov pat pse36 clflush dts acpi mmx fxsr sse sse2 ss ht tm pbe syscall nx pdpe1gb rdtscp lm constant_tsc art arch_perfmon pebs bts rep_good nopl xtopology nonstop_tsc cpuid aperfmperf tsc_known_freq pni pclmulqdq dtes64 monitor ds_cpl vmx smx est tm2 ssse3 sdbg fma cx16 xtpr pdcm pcid dca sse4_1 sse4_2 x2apic movbe popcnt tsc_deadline_timer aes xsave avx f16c rdrand lahf_lm abm 3dnowprefetch cpuid_fault epb cat_l3 cat_l2 cdp_l3 cdp_l2 ssbd mba ibrs ibpb stibp ibrs_enhanced tpr_shadow flexpriority ept vpid ept_ad fsgsbase tsc_adjust bmi1 avx2 smep bmi2 erms invpcid cqm rdt_a avx512f avx512dq rdseed adx smap avx512ifma clflushopt clwb intel_pt avx512cd sha_ni avx512bw avx512vl xsaveopt xsavec xgetbv1 xsaves cqm_llc cqm_occup_llc cqm_mbm_total cqm_mbm_local split_lock_detect user_shstk avx_vnni avx512_bf16 wbnoinvd dtherm ida arat pln pts vnmi avx512vbmi umip pku ospke waitpkg avx512_vbmi2 gfni vaes vpclmulqdq avx512_vnni avx512_bitalg avx512_vpopcntdq la57 rdpid bus_lock_detect cldemote movdiri movdir64b enqcmd fsrm md_clear serialize tsxldtrk pconfig arch_lbr ibt amx_bf16 avx512_fp16 amx_tile amx_int8 flush_l1d arch_capabilities
vmx flags	: vnmi preemption_timer posted_intr invvpid ept_x_only ept_ad ept_1gb ept_5level flexpriority apicv tsc_offset vtpr mtf vapic ept vpid unrestricted_guest vapic_reg vid ple shadow_vmcs pml ept_violation_ve ept_mode_based_exec tsc_scaling usr_wait_pause notify_vm_exiting ipi_virt
bugs		: spectre_v1 spectre_v2 spec_store_bypass swapgs eibrs_pbrsb bhi spectre_v2_user old_microcode vmscape
bogomips	: 4000.00
clflush size	: 64
cache_alignment	: 64
address sizes	: 46 bits physical, 57 bits virtual
power management:

processor	: 18
vendor_id	: GenuineIntel
cpu family	: 6
model		: 143
model name	: Intel(R) Xeon(R) Platinum 8480+
stepping	: 8
microcode	: 0x2b000639
cpu MHz		: 3800.000
cache size	: 107520 KB
physical id	: 0
siblings	: 56
core id		: 38
cpu cores	: 56
apicid		: 76
initial apicid	: 76
fpu		: yes
fpu_exception	: yes
cpuid level	: 32
wp		: yes
flags		: fpu vme de pse tsc msr pae mce cx8 apic sep mtrr pge mca cmov pat pse36 clflush dts acpi mmx fxsr sse sse2 ss ht tm pbe syscall nx pdpe1gb rdtscp lm constant_tsc art arch_perfmon pebs bts rep_good nopl xtopology nonstop_tsc cpuid aperfmperf tsc_known_freq pni pclmulqdq dtes64 monitor ds_cpl vmx smx est tm2 ssse3 sdbg fma cx16 xtpr pdcm pcid dca sse4_1 sse4_2 x2apic movbe popcnt tsc_deadline_timer aes xsave avx f16c rdrand lahf_lm abm 3dnowprefetch cpuid_fault epb cat_l3 cat_l2 cdp_l3 cdp_l2 ssbd mba ibrs ibpb stibp ibrs_enhanced tpr_shadow flexpriority ept vpid ept_ad fsgsbase tsc_adjust bmi1 avx2 smep bmi2 erms invpcid cqm rdt_a avx512f avx512dq rdseed adx smap avx512ifma clflushopt clwb intel_pt avx512cd sha_ni avx512bw avx512vl xsaveopt xsavec xgetbv1 xsaves cqm_llc cqm_occup_llc cqm_mbm_total cqm_mbm_local split_lock_detect user_shstk avx_vnni avx512_bf16 wbnoinvd dtherm ida arat pln pts vnmi avx512vbmi umip pku ospke waitpkg avx512_vbmi2 gfni vaes vpclmulqdq avx512_vnni avx512_bitalg avx512_vpopcntdq la57 rdpid bus_lock_detect cldemote movdiri movdir64b enqcmd fsrm md_clear serialize tsxldtrk pconfig arch_lbr ibt amx_bf16 avx512_fp16 amx_tile amx_int8 flush_l1d arch_capabilities
vmx flags	: vnmi preemption_timer posted_intr invvpid ept_x_only ept_ad ept_1gb ept_5level flexpriority apicv tsc_offset vtpr mtf vapic ept vpid unrestricted_guest vapic_reg vid ple shadow_vmcs pml ept_violation_ve ept_mode_based_exec tsc_scaling usr_wait_pause notify_vm_exiting ipi_virt
bugs		: spectre_v1 spectre_v2 spec_store_bypass swapgs eibrs_pbrsb bhi spectre_v2_user old_microcode vmscape
bogomips	: 4000.00
clflush size	: 64
cache_alignment	: 64
address sizes	: 46 bits physical, 57 bits virtual
power management:

processor	: 19
vendor_id	: GenuineIntel
cpu family	: 6
model		: 143
model name	: Intel(R) Xeon(R) Platinum 8480+
stepping	: 8
microcode	: 0x2b000639
cpu MHz		: 2832.158
cache size	: 107520 KB
physical id	: 1
siblings	: 56
core id		: 30
cpu cores	: 56
apicid		: 188
initial apicid	: 188
fpu		: yes
fpu_exception	: yes
cpuid level	: 32
wp		: yes
flags		: fpu vme de pse tsc msr pae mce cx8 apic sep mtrr pge mca cmov pat pse36 clflush dts acpi mmx fxsr sse sse2 ss ht tm pbe syscall nx pdpe1gb rdtscp lm constant_tsc art arch_perfmon pebs bts rep_good nopl xtopology nonstop_tsc cpuid aperfmperf tsc_known_freq pni pclmulqdq dtes64 monitor ds_cpl vmx smx est tm2 ssse3 sdbg fma cx16 xtpr pdcm pcid dca sse4_1 sse4_2 x2apic movbe popcnt tsc_deadline_timer aes xsave avx f16c rdrand lahf_lm abm 3dnowprefetch cpuid_fault epb cat_l3 cat_l2 cdp_l3 cdp_l2 ssbd mba ibrs ibpb stibp ibrs_enhanced tpr_shadow flexpriority ept vpid ept_ad fsgsbase tsc_adjust bmi1 avx2 smep bmi2 erms invpcid cqm rdt_a avx512f avx512dq rdseed adx smap avx512ifma clflushopt clwb intel_pt avx512cd sha_ni avx512bw avx512vl xsaveopt xsavec xgetbv1 xsaves cqm_llc cqm_occup_llc cqm_mbm_total cqm_mbm_local split_lock_detect user_shstk avx_vnni avx512_bf16 wbnoinvd dtherm ida arat pln pts vnmi avx512vbmi umip pku ospke waitpkg avx512_vbmi2 gfni vaes vpclmulqdq avx512_vnni avx512_bitalg avx512_vpopcntdq la57 rdpid bus_lock_detect cldemote movdiri movdir64b enqcmd fsrm md_clear serialize tsxldtrk pconfig arch_lbr ibt amx_bf16 avx512_fp16 amx_tile amx_int8 flush_l1d arch_capabilities
vmx flags	: vnmi preemption_timer posted_intr invvpid ept_x_only ept_ad ept_1gb ept_5level flexpriority apicv tsc_offset vtpr mtf vapic ept vpid unrestricted_guest vapic_reg vid ple shadow_vmcs pml ept_violation_ve ept_mode_based_exec tsc_scaling usr_wait_pause notify_vm_exiting ipi_virt
bugs		: spectre_v1 spectre_v2 spec_store_bypass swapgs eibrs_pbrsb bhi spectre_v2_user old_microcode vmscape
bogomips	: 4000.00
clflush size	: 64
cache_alignment	: 64
address sizes	: 46 bits physical, 57 bits virtual
power management:

processor	: 20
vendor_id	: GenuineIntel
cpu family	: 6
model		: 143
model name	: Intel(R) Xeon(R) Platinum 8480+
stepping	: 8
microcode	: 0x2b000639
cpu MHz		: 3800.000
cache size	: 107520 KB
physical id	: 0
siblings	: 56
core id		: 17
cpu cores	: 56
apicid		: 34
initial apicid	: 34
fpu		: yes
fpu_exception	: yes
cpuid level	: 32
wp		: yes
flags		: fpu vme de pse tsc msr pae mce cx8 apic sep mtrr pge mca cmov pat pse36 clflush dts acpi mmx fxsr sse sse2 ss ht tm pbe syscall nx pdpe1gb rdtscp lm constant_tsc art arch_perfmon pebs bts rep_good nopl xtopology nonstop_tsc cpuid aperfmperf tsc_known_freq pni pclmulqdq dtes64 monitor ds_cpl vmx smx est tm2 ssse3 sdbg fma cx16 xtpr pdcm pcid dca sse4_1 sse4_2 x2apic movbe popcnt tsc_deadline_timer aes xsave avx f16c rdrand lahf_lm abm 3dnowprefetch cpuid_fault epb cat_l3 cat_l2 cdp_l3 cdp_l2 ssbd mba ibrs ibpb stibp ibrs_enhanced tpr_shadow flexpriority ept vpid ept_ad fsgsbase tsc_adjust bmi1 avx2 smep bmi2 erms invpcid cqm rdt_a avx512f avx512dq rdseed adx smap avx512ifma clflushopt clwb intel_pt avx512cd sha_ni avx512bw avx512vl xsaveopt xsavec xgetbv1 xsaves cqm_llc cqm_occup_llc cqm_mbm_total cqm_mbm_local split_lock_detect user_shstk avx_vnni avx512_bf16 wbnoinvd dtherm ida arat pln pts vnmi avx512vbmi umip pku ospke waitpkg avx512_vbmi2 gfni vaes vpclmulqdq avx512_vnni avx512_bitalg avx512_vpopcntdq la57 rdpid bus_lock_detect cldemote movdiri movdir64b enqcmd fsrm md_clear serialize tsxldtrk pconfig arch_lbr ibt amx_bf16 avx512_fp16 amx_tile amx_int8 flush_l1d arch_capabilities
vmx flags	: vnmi preemption_timer posted_intr invvpid ept_x_only ept_ad ept_1gb ept_5level flexpriority apicv tsc_offset vtpr mtf vapic ept vpid unrestricted_guest vapic_reg vid ple shadow_vmcs pml ept_violation_ve ept_mode_based_exec tsc_scaling usr_wait_pause notify_vm_exiting ipi_virt
bugs		: spectre_v1 spectre_v2 spec_store_bypass swapgs eibrs_pbrsb bhi spectre_v2_user old_microcode vmscape
bogomips	: 4000.00
clflush size	: 64
cache_alignment	: 64
address sizes	: 46 bits physical, 57 bits virtual
power management:

processor	: 21
vendor_id	: GenuineIntel
cpu family	: 6
model		: 143
model name	: Intel(R) Xeon(R) Platinum 8480+
stepping	: 8
microcode	: 0x2b000639
cpu MHz		: 2858.250
cache size	: 107520 KB
physical id	: 1
siblings	: 56
core id		: 17
cpu cores	: 56
apicid		: 162
initial apicid	: 162
fpu		: yes
fpu_exception	: yes
cpuid level	: 32
wp		: yes
flags		: fpu vme de pse tsc msr pae mce cx8 apic sep mtrr pge mca cmov pat pse36 clflush dts acpi mmx fxsr sse sse2 ss ht tm pbe syscall nx pdpe1gb rdtscp lm constant_tsc art arch_perfmon pebs bts rep_good nopl xtopology nonstop_tsc cpuid aperfmperf tsc_known_freq pni pclmulqdq dtes64 monitor ds_cpl vmx smx est tm2 ssse3 sdbg fma cx16 xtpr pdcm pcid dca sse4_1 sse4_2 x2apic movbe popcnt tsc_deadline_timer aes xsave avx f16c rdrand lahf_lm abm 3dnowprefetch cpuid_fault epb cat_l3 cat_l2 cdp_l3 cdp_l2 ssbd mba ibrs ibpb stibp ibrs_enhanced tpr_shadow flexpriority ept vpid ept_ad fsgsbase tsc_adjust bmi1 avx2 smep bmi2 erms invpcid cqm rdt_a avx512f avx512dq rdseed adx smap avx512ifma clflushopt clwb intel_pt avx512cd sha_ni avx512bw avx512vl xsaveopt xsavec xgetbv1 xsaves cqm_llc cqm_occup_llc cqm_mbm_total cqm_mbm_local split_lock_detect user_shstk avx_vnni avx512_bf16 wbnoinvd dtherm ida arat pln pts vnmi avx512vbmi umip pku ospke waitpkg avx512_vbmi2 gfni vaes vpclmulqdq avx512_vnni avx512_bitalg avx512_vpopcntdq la57 rdpid bus_lock_detect cldemote movdiri movdir64b enqcmd fsrm md_clear serialize tsxldtrk pconfig arch_lbr ibt amx_bf16 avx512_fp16 amx_tile amx_int8 flush_l1d arch_capabilities
vmx flags	: vnmi preemption_timer posted_intr invvpid ept_x_only ept_ad ept_1gb ept_5level flexpriority apicv tsc_offset vtpr mtf vapic ept vpid unrestricted_guest vapic_reg vid ple shadow_vmcs pml ept_violation_ve ept_mode_based_exec tsc_scaling usr_wait_pause notify_vm_exiting ipi_virt
bugs		: spectre_v1 spectre_v2 spec_store_bypass swapgs eibrs_pbrsb bhi spectre_v2_user old_microcode vmscape
bogomips	: 4000.00
clflush size	: 64
cache_alignment	: 64
address sizes	: 46 bits physical, 57 bits virtual
power management:

processor	: 22
vendor_id	: GenuineIntel
cpu family	: 6
model		: 143
model name	: Intel(R) Xeon(R) Platinum 8480+
stepping	: 8
microcode	: 0x2b000639
cpu MHz		: 3800.000
cache size	: 107520 KB
physical id	: 0
siblings	: 56
core id		: 49
cpu cores	: 56
apicid		: 98
initial apicid	: 98
fpu		: yes
fpu_exception	: yes
cpuid level	: 32
wp		: yes
flags		: fpu vme de pse tsc msr pae mce cx8 apic sep mtrr pge mca cmov pat pse36 clflush dts acpi mmx fxsr sse sse2 ss ht tm pbe syscall nx pdpe1gb rdtscp lm constant_tsc art arch_perfmon pebs bts rep_good nopl xtopology nonstop_tsc cpuid aperfmperf tsc_known_freq pni pclmulqdq dtes64 monitor ds_cpl vmx smx est tm2 ssse3 sdbg fma cx16 xtpr pdcm pcid dca sse4_1 sse4_2 x2apic movbe popcnt tsc_deadline_timer aes xsave avx f16c rdrand lahf_lm abm 3dnowprefetch cpuid_fault epb cat_l3 cat_l2 cdp_l3 cdp_l2 ssbd mba ibrs ibpb stibp ibrs_enhanced tpr_shadow flexpriority ept vpid ept_ad fsgsbase tsc_adjust bmi1 avx2 smep bmi2 erms invpcid cqm rdt_a avx512f avx512dq rdseed adx smap avx512ifma clflushopt clwb intel_pt avx512cd sha_ni avx512bw avx512vl xsaveopt xsavec xgetbv1 xsaves cqm_llc cqm_occup_llc cqm_mbm_total cqm_mbm_local split_lock_detect user_shstk avx_vnni avx512_bf16 wbnoinvd dtherm ida arat pln pts vnmi avx512vbmi umip pku ospke waitpkg avx512_vbmi2 gfni vaes vpclmulqdq avx512_vnni avx512_bitalg avx512_vpopcntdq la57 rdpid bus_lock_detect cldemote movdiri movdir64b enqcmd fsrm md_clear serialize tsxldtrk pconfig arch_lbr ibt amx_bf16 avx512_fp16 amx_tile amx_int8 flush_l1d arch_capabilities
vmx flags	: vnmi preemption_timer posted_intr invvpid ept_x_only ept_ad ept_1gb ept_5level flexpriority apicv tsc_offset vtpr mtf vapic ept vpid unrestricted_guest vapic_reg vid ple shadow_vmcs pml ept_violation_ve ept_mode_based_exec tsc_scaling usr_wait_pause notify_vm_exiting ipi_virt
bugs		: spectre_v1 spectre_v2 spec_store_bypass swapgs eibrs_pbrsb bhi spectre_v2_user old_microcode vmscape
bogomips	: 4000.00
clflush size	: 64
cache_alignment	: 64
address sizes	: 46 bits physical, 57 bits virtual
power management:

processor	: 23
vendor_id	: GenuineIntel
cpu family	: 6
model		: 143
model name	: Intel(R) Xeon(R) Platinum 8480+
stepping	: 8
microcode	: 0x2b000639
cpu MHz		: 2897.359
cache size	: 107520 KB
physical id	: 1
siblings	: 56
core id		: 54
cpu cores	: 56
apicid		: 236
initial apicid	: 236
fpu		: yes
fpu_exception	: yes
cpuid level	: 32
wp		: yes
flags		: fpu vme de pse tsc msr pae mce cx8 apic sep mtrr pge mca cmov pat pse36 clflush dts acpi mmx fxsr sse sse2 ss ht tm pbe syscall nx pdpe1gb rdtscp lm constant_tsc art arch_perfmon pebs bts rep_good nopl xtopology nonstop_tsc cpuid aperfmperf tsc_known_freq pni pclmulqdq dtes64 monitor ds_cpl vmx smx est tm2 ssse3 sdbg fma cx16 xtpr pdcm pcid dca sse4_1 sse4_2 x2apic movbe popcnt tsc_deadline_timer aes xsave avx f16c rdrand lahf_lm abm 3dnowprefetch cpuid_fault epb cat_l3 cat_l2 cdp_l3 cdp_l2 ssbd mba ibrs ibpb stibp ibrs_enhanced tpr_shadow flexpriority ept vpid ept_ad fsgsbase tsc_adjust bmi1 avx2 smep bmi2 erms invpcid cqm rdt_a avx512f avx512dq rdseed adx smap avx512ifma clflushopt clwb intel_pt avx512cd sha_ni avx512bw avx512vl xsaveopt xsavec xgetbv1 xsaves cqm_llc cqm_occup_llc cqm_mbm_total cqm_mbm_local split_lock_detect user_shstk avx_vnni avx512_bf16 wbnoinvd dtherm ida arat pln pts vnmi avx512vbmi umip pku ospke waitpkg avx512_vbmi2 gfni vaes vpclmulqdq avx512_vnni avx512_bitalg avx512_vpopcntdq la57 rdpid bus_lock_detect cldemote movdiri movdir64b enqcmd fsrm md_clear serialize tsxldtrk pconfig arch_lbr ibt amx_bf16 avx512_fp16 amx_tile amx_int8 flush_l1d arch_capabilities
vmx flags	: vnmi preemption_timer posted_intr invvpid ept_x_only ept_ad ept_1gb ept_5level flexpriority apicv tsc_offset vtpr mtf vapic ept vpid unrestricted_guest vapic_reg vid ple shadow_vmcs pml ept_violation_ve ept_mode_based_exec tsc_scaling usr_wait_pause notify_vm_exiting ipi_virt
bugs		: spectre_v1 spectre_v2 spec_store_bypass swapgs eibrs_pbrsb bhi spectre_v2_user old_microcode vmscape
bogomips	: 4000.00
clflush size	: 64
cache_alignment	: 64
address sizes	: 46 bits physical, 57 bits virtual
power management:

processor	: 24
vendor_id	: GenuineIntel
cpu family	: 6
model		: 143
model name	: Intel(R) Xeon(R) Platinum 8480+
stepping	: 8
microcode	: 0x2b000639
cpu MHz		: 3800.000
cache size	: 107520 KB
physical id	: 0
siblings	: 56
core id		: 1
cpu cores	: 56
apicid		: 2
initial apicid	: 2
fpu		: yes
fpu_exception	: yes
cpuid level	: 32
wp		: yes
flags		: fpu vme de pse tsc msr pae mce cx8 apic sep mtrr pge mca cmov pat pse36 clflush dts acpi mmx fxsr sse sse2 ss ht tm pbe syscall nx pdpe1gb rdtscp lm constant_tsc art arch_perfmon pebs bts rep_good nopl xtopology nonstop_tsc cpuid aperfmperf tsc_known_freq pni pclmulqdq dtes64 monitor ds_cpl vmx smx est tm2 ssse3 sdbg fma cx16 xtpr pdcm pcid dca sse4_1 sse4_2 x2apic movbe popcnt tsc_deadline_timer aes xsave avx f16c rdrand lahf_lm abm 3dnowprefetch cpuid_fault epb cat_l3 cat_l2 cdp_l3 cdp_l2 ssbd mba ibrs ibpb stibp ibrs_enhanced tpr_shadow flexpriority ept vpid ept_ad fsgsbase tsc_adjust bmi1 avx2 smep bmi2 erms invpcid cqm rdt_a avx512f avx512dq rdseed adx smap avx512ifma clflushopt clwb intel_pt avx512cd sha_ni avx512bw avx512vl xsaveopt xsavec xgetbv1 xsaves cqm_llc cqm_occup_llc cqm_mbm_total cqm_mbm_local split_lock_detect user_shstk avx_vnni avx512_bf16 wbnoinvd dtherm ida arat pln pts vnmi avx512vbmi umip pku ospke waitpkg avx512_vbmi2 gfni vaes vpclmulqdq avx512_vnni avx512_bitalg avx512_vpopcntdq la57 rdpid bus_lock_detect cldemote movdiri movdir64b enqcmd fsrm md_clear serialize tsxldtrk pconfig arch_lbr ibt amx_bf16 avx512_fp16 amx_tile amx_int8 flush_l1d arch_capabilities
vmx flags	: vnmi preemption_timer posted_intr invvpid ept_x_only ept_ad ept_1gb ept_5level flexpriority apicv tsc_offset vtpr mtf vapic ept vpid unrestricted_guest vapic_reg vid ple shadow_vmcs pml ept_violation_ve ept_mode_based_exec tsc_scaling usr_wait_pause notify_vm_exiting ipi_virt
bugs		: spectre_v1 spectre_v2 spec_store_bypass swapgs eibrs_pbrsb bhi spectre_v2_user old_microcode vmscape
bogomips	: 4000.00
clflush size	: 64
cache_alignment	: 64
address sizes	: 46 bits physical, 57 bits virtual
power management:

processor	: 25
vendor_id	: GenuineIntel
cpu family	: 6
model		: 143
model name	: Intel(R) Xeon(R) Platinum 8480+
stepping	: 8
microcode	: 0x2b000639
cpu MHz		: 2964.663
cache size	: 107520 KB
physical id	: 1
siblings	: 56
core id		: 1
cpu cores	: 56
apicid		: 130
initial apicid	: 130
fpu		: yes
fpu_exception	: yes
cpuid level	: 32
wp		: yes
flags		: fpu vme de pse tsc msr pae mce cx8 apic sep mtrr pge mca cmov pat pse36 clflush dts acpi mmx fxsr sse sse2 ss ht tm pbe syscall nx pdpe1gb rdtscp lm constant_tsc art arch_perfmon pebs bts rep_good nopl xtopology nonstop_tsc cpuid aperfmperf tsc_known_freq pni pclmulqdq dtes64 monitor ds_cpl vmx smx est tm2 ssse3 sdbg fma cx16 xtpr pdcm pcid dca sse4_1 sse4_2 x2apic movbe popcnt tsc_deadline_timer aes xsave avx f16c rdrand lahf_lm abm 3dnowprefetch cpuid_fault epb cat_l3 cat_l2 cdp_l3 cdp_l2 ssbd mba ibrs ibpb stibp ibrs_enhanced tpr_shadow flexpriority ept vpid ept_ad fsgsbase tsc_adjust bmi1 avx2 smep bmi2 erms invpcid cqm rdt_a avx512f avx512dq rdseed adx smap avx512ifma clflushopt clwb intel_pt avx512cd sha_ni avx512bw avx512vl xsaveopt xsavec xgetbv1 xsaves cqm_llc cqm_occup_llc cqm_mbm_total cqm_mbm_local split_lock_detect user_shstk avx_vnni avx512_bf16 wbnoinvd dtherm ida arat pln pts vnmi avx512vbmi umip pku ospke waitpkg avx512_vbmi2 gfni vaes vpclmulqdq avx512_vnni avx512_bitalg avx512_vpopcntdq la57 rdpid bus_lock_detect cldemote movdiri movdir64b enqcmd fsrm md_clear serialize tsxldtrk pconfig arch_lbr ibt amx_bf16 avx512_fp16 amx_tile amx_int8 flush_l1d arch_capabilities
vmx flags	: vnmi preemption_timer posted_intr invvpid ept_x_only ept_ad ept_1gb ept_5level flexpriority apicv tsc_offset vtpr mtf vapic ept vpid unrestricted_guest vapic_reg vid ple shadow_vmcs pml ept_violation_ve ept_mode_based_exec tsc_scaling usr_wait_pause notify_vm_exiting ipi_virt
bugs		: spectre_v1 spectre_v2 spec_store_bypass swapgs eibrs_pbrsb bhi spectre_v2_user old_microcode vmscape
bogomips	: 4000.00
clflush size	: 64
cache_alignment	: 64
address sizes	: 46 bits physical, 57 bits virtual
power management:

processor	: 26
vendor_id	: GenuineIntel
cpu family	: 6
model		: 143
model name	: Intel(R) Xeon(R) Platinum 8480+
stepping	: 8
microcode	: 0x2b000639
cpu MHz		: 2743.606
cache size	: 107520 KB
physical id	: 0
siblings	: 56
core id		: 30
cpu cores	: 56
apicid		: 60
initial apicid	: 60
fpu		: yes
fpu_exception	: yes
cpuid level	: 32
wp		: yes
flags		: fpu vme de pse tsc msr pae mce cx8 apic sep mtrr pge mca cmov pat pse36 clflush dts acpi mmx fxsr sse sse2 ss ht tm pbe syscall nx pdpe1gb rdtscp lm constant_tsc art arch_perfmon pebs bts rep_good nopl xtopology nonstop_tsc cpuid aperfmperf tsc_known_freq pni pclmulqdq dtes64 monitor ds_cpl vmx smx est tm2 ssse3 sdbg fma cx16 xtpr pdcm pcid dca sse4_1 sse4_2 x2apic movbe popcnt tsc_deadline_timer aes xsave avx f16c rdrand lahf_lm abm 3dnowprefetch cpuid_fault epb cat_l3 cat_l2 cdp_l3 cdp_l2 ssbd mba ibrs ibpb stibp ibrs_enhanced tpr_shadow flexpriority ept vpid ept_ad fsgsbase tsc_adjust bmi1 avx2 smep bmi2 erms invpcid cqm rdt_a avx512f avx512dq rdseed adx smap avx512ifma clflushopt clwb intel_pt avx512cd sha_ni avx512bw avx512vl xsaveopt xsavec xgetbv1 xsaves cqm_llc cqm_occup_llc cqm_mbm_total cqm_mbm_local split_lock_detect user_shstk avx_vnni avx512_bf16 wbnoinvd dtherm ida arat pln pts vnmi avx512vbmi umip pku ospke waitpkg avx512_vbmi2 gfni vaes vpclmulqdq avx512_vnni avx512_bitalg avx512_vpopcntdq la57 rdpid bus_lock_detect cldemote movdiri movdir64b enqcmd fsrm md_clear serialize tsxldtrk pconfig arch_lbr ibt amx_bf16 avx512_fp16 amx_tile amx_int8 flush_l1d arch_capabilities
vmx flags	: vnmi preemption_timer posted_intr invvpid ept_x_only ept_ad ept_1gb ept_5level flexpriority apicv tsc_offset vtpr mtf vapic ept vpid unrestricted_guest vapic_reg vid ple shadow_vmcs pml ept_violation_ve ept_mode_based_exec tsc_scaling usr_wait_pause notify_vm_exiting ipi_virt
bugs		: spectre_v1 spectre_v2 spec_store_bypass swapgs eibrs_pbrsb bhi spectre_v2_user old_microcode vmscape
bogomips	: 4000.00
clflush size	: 64
cache_alignment	: 64
address sizes	: 46 bits physical, 57 bits virtual
power management:

processor	: 27
vendor_id	: GenuineIntel
cpu family	: 6
model		: 143
model name	: Intel(R) Xeon(R) Platinum 8480+
stepping	: 8
microcode	: 0x2b000639
cpu MHz		: 2970.853
cache size	: 107520 KB
physical id	: 1
siblings	: 56
core id		: 37
cpu cores	: 56
apicid		: 202
initial apicid	: 202
fpu		: yes
fpu_exception	: yes
cpuid level	: 32
wp		: yes
flags		: fpu vme de pse tsc msr pae mce cx8 apic sep mtrr pge mca cmov pat pse36 clflush dts acpi mmx fxsr sse sse2 ss ht tm pbe syscall nx pdpe1gb rdtscp lm constant_tsc art arch_perfmon pebs bts rep_good nopl xtopology nonstop_tsc cpuid aperfmperf tsc_known_freq pni pclmulqdq dtes64 monitor ds_cpl vmx smx est tm2 ssse3 sdbg fma cx16 xtpr pdcm pcid dca sse4_1 sse4_2 x2apic movbe popcnt tsc_deadline_timer aes xsave avx f16c rdrand lahf_lm abm 3dnowprefetch cpuid_fault epb cat_l3 cat_l2 cdp_l3 cdp_l2 ssbd mba ibrs ibpb stibp ibrs_enhanced tpr_shadow flexpriority ept vpid ept_ad fsgsbase tsc_adjust bmi1 avx2 smep bmi2 erms invpcid cqm rdt_a avx512f avx512dq rdseed adx smap avx512ifma clflushopt clwb intel_pt avx512cd sha_ni avx512bw avx512vl xsaveopt xsavec xgetbv1 xsaves cqm_llc cqm_occup_llc cqm_mbm_total cqm_mbm_local split_lock_detect user_shstk avx_vnni avx512_bf16 wbnoinvd dtherm ida arat pln pts vnmi avx512vbmi umip pku ospke waitpkg avx512_vbmi2 gfni vaes vpclmulqdq avx512_vnni avx512_bitalg avx512_vpopcntdq la57 rdpid bus_lock_detect cldemote movdiri movdir64b enqcmd fsrm md_clear serialize tsxldtrk pconfig arch_lbr ibt amx_bf16 avx512_fp16 amx_tile amx_int8 flush_l1d arch_capabilities
vmx flags	: vnmi preemption_timer posted_intr invvpid ept_x_only ept_ad ept_1gb ept_5level flexpriority apicv tsc_offset vtpr mtf vapic ept vpid unrestricted_guest vapic_reg vid ple shadow_vmcs pml ept_violation_ve ept_mode_based_exec tsc_scaling usr_wait_pause notify_vm_exiting ipi_virt
bugs		: spectre_v1 spectre_v2 spec_store_bypass swapgs eibrs_pbrsb bhi spectre_v2_user old_microcode vmscape
bogomips	: 4000.00
clflush size	: 64
cache_alignment	: 64
address sizes	: 46 bits physical, 57 bits virtual
power management:

processor	: 28
vendor_id	: GenuineIntel
cpu family	: 6
model		: 143
model name	: Intel(R) Xeon(R) Platinum 8480+
stepping	: 8
microcode	: 0x2b000639
cpu MHz		: 3800.000
cache size	: 107520 KB
physical id	: 0
siblings	: 56
core id		: 25
cpu cores	: 56
apicid		: 50
initial apicid	: 50
fpu		: yes
fpu_exception	: yes
cpuid level	: 32
wp		: yes
flags		: fpu vme de pse tsc msr pae mce cx8 apic sep mtrr pge mca cmov pat pse36 clflush dts acpi mmx fxsr sse sse2 ss ht tm pbe syscall nx pdpe1gb rdtscp lm constant_tsc art arch_perfmon pebs bts rep_good nopl xtopology nonstop_tsc cpuid aperfmperf tsc_known_freq pni pclmulqdq dtes64 monitor ds_cpl vmx smx est tm2 ssse3 sdbg fma cx16 xtpr pdcm pcid dca sse4_1 sse4_2 x2apic movbe popcnt tsc_deadline_timer aes xsave avx f16c rdrand lahf_lm abm 3dnowprefetch cpuid_fault epb cat_l3 cat_l2 cdp_l3 cdp_l2 ssbd mba ibrs ibpb stibp ibrs_enhanced tpr_shadow flexpriority ept vpid ept_ad fsgsbase tsc_adjust bmi1 avx2 smep bmi2 erms invpcid cqm rdt_a avx512f avx512dq rdseed adx smap avx512ifma clflushopt clwb intel_pt avx512cd sha_ni avx512bw avx512vl xsaveopt xsavec xgetbv1 xsaves cqm_llc cqm_occup_llc cqm_mbm_total cqm_mbm_local split_lock_detect user_shstk avx_vnni avx512_bf16 wbnoinvd dtherm ida arat pln pts vnmi avx512vbmi umip pku ospke waitpkg avx512_vbmi2 gfni vaes vpclmulqdq avx512_vnni avx512_bitalg avx512_vpopcntdq la57 rdpid bus_lock_detect cldemote movdiri movdir64b enqcmd fsrm md_clear serialize tsxldtrk pconfig arch_lbr ibt amx_bf16 avx512_fp16 amx_tile amx_int8 flush_l1d arch_capabilities
vmx flags	: vnmi preemption_timer posted_intr invvpid ept_x_only ept_ad ept_1gb ept_5level flexpriority apicv tsc_offset vtpr mtf vapic ept vpid unrestricted_guest vapic_reg vid ple shadow_vmcs pml ept_violation_ve ept_mode_based_exec tsc_scaling usr_wait_pause notify_vm_exiting ipi_virt
bugs		: spectre_v1 spectre_v2 spec_store_bypass swapgs eibrs_pbrsb bhi spectre_v2_user old_microcode vmscape
bogomips	: 4000.00
clflush size	: 64
cache_alignment	: 64
address sizes	: 46 bits physical, 57 bits virtual
power management:

processor	: 29
vendor_id	: GenuineIntel
cpu family	: 6
model		: 143
model name	: Intel(R) Xeon(R) Platinum 8480+
stepping	: 8
microcode	: 0x2b000639
cpu MHz		: 2971.101
cache size	: 107520 KB
physical id	: 1
siblings	: 56
core id		: 25
cpu cores	: 56
apicid		: 178
initial apicid	: 178
fpu		: yes
fpu_exception	: yes
cpuid level	: 32
wp		: yes
flags		: fpu vme de pse tsc msr pae mce cx8 apic sep mtrr pge mca cmov pat pse36 clflush dts acpi mmx fxsr sse sse2 ss ht tm pbe syscall nx pdpe1gb rdtscp lm constant_tsc art arch_perfmon pebs bts rep_good nopl xtopology nonstop_tsc cpuid aperfmperf tsc_known_freq pni pclmulqdq dtes64 monitor ds_cpl vmx smx est tm2 ssse3 sdbg fma cx16 xtpr pdcm pcid dca sse4_1 sse4_2 x2apic movbe popcnt tsc_deadline_timer aes xsave avx f16c rdrand lahf_lm abm 3dnowprefetch cpuid_fault epb cat_l3 cat_l2 cdp_l3 cdp_l2 ssbd mba ibrs ibpb stibp ibrs_enhanced tpr_shadow flexpriority ept vpid ept_ad fsgsbase tsc_adjust bmi1 avx2 smep bmi2 erms invpcid cqm rdt_a avx512f avx512dq rdseed adx smap avx512ifma clflushopt clwb intel_pt avx512cd sha_ni avx512bw avx512vl xsaveopt xsavec xgetbv1 xsaves cqm_llc cqm_occup_llc cqm_mbm_total cqm_mbm_local split_lock_detect user_shstk avx_vnni avx512_bf16 wbnoinvd dtherm ida arat pln pts vnmi avx512vbmi umip pku ospke waitpkg avx512_vbmi2 gfni vaes vpclmulqdq avx512_vnni avx512_bitalg avx512_vpopcntdq la57 rdpid bus_lock_detect cldemote movdiri movdir64b enqcmd fsrm md_clear serialize tsxldtrk pconfig arch_lbr ibt amx_bf16 avx512_fp16 amx_tile amx_int8 flush_l1d arch_capabilities
vmx flags	: vnmi preemption_timer posted_intr invvpid ept_x_only ept_ad ept_1gb ept_5level flexpriority apicv tsc_offset vtpr mtf vapic ept vpid unrestricted_guest vapic_reg vid ple shadow_vmcs pml ept_violation_ve ept_mode_based_exec tsc_scaling usr_wait_pause notify_vm_exiting ipi_virt
bugs		: spectre_v1 spectre_v2 spec_store_bypass swapgs eibrs_pbrsb bhi spectre_v2_user old_microcode vmscape
bogomips	: 4000.00
clflush size	: 64
cache_alignment	: 64
address sizes	: 46 bits physical, 57 bits virtual
power management:

processor	: 30
vendor_id	: GenuineIntel
cpu family	: 6
model		: 143
model name	: Intel(R) Xeon(R) Platinum 8480+
stepping	: 8
microcode	: 0x2b000639
cpu MHz		: 3800.000
cache size	: 107520 KB
physical id	: 0
siblings	: 56
core id		: 54
cpu cores	: 56
apicid		: 108
initial apicid	: 108
fpu		: yes
fpu_exception	: yes
cpuid level	: 32
wp		: yes
flags		: fpu vme de pse tsc msr pae mce cx8 apic sep mtrr pge mca cmov pat pse36 clflush dts acpi mmx fxsr sse sse2 ss ht tm pbe syscall nx pdpe1gb rdtscp lm constant_tsc art arch_perfmon pebs bts rep_good nopl xtopology nonstop_tsc cpuid aperfmperf tsc_known_freq pni pclmulqdq dtes64 monitor ds_cpl vmx smx est tm2 ssse3 sdbg fma cx16 xtpr pdcm pcid dca sse4_1 sse4_2 x2apic movbe popcnt tsc_deadline_timer aes xsave avx f16c rdrand lahf_lm abm 3dnowprefetch cpuid_fault epb cat_l3 cat_l2 cdp_l3 cdp_l2 ssbd mba ibrs ibpb stibp ibrs_enhanced tpr_shadow flexpriority ept vpid ept_ad fsgsbase tsc_adjust bmi1 avx2 smep bmi2 erms invpcid cqm rdt_a avx512f avx512dq rdseed adx smap avx512ifma clflushopt clwb intel_pt avx512cd sha_ni avx512bw avx512vl xsaveopt xsavec xgetbv1 xsaves cqm_llc cqm_occup_llc cqm_mbm_total cqm_mbm_local split_lock_detect user_shstk avx_vnni avx512_bf16 wbnoinvd dtherm ida arat pln pts vnmi avx512vbmi umip pku ospke waitpkg avx512_vbmi2 gfni vaes vpclmulqdq avx512_vnni avx512_bitalg avx512_vpopcntdq la57 rdpid bus_lock_detect cldemote movdiri movdir64b enqcmd fsrm md_clear serialize tsxldtrk pconfig arch_lbr ibt amx_bf16 avx512_fp16 amx_tile amx_int8 flush_l1d arch_capabilities
vmx flags	: vnmi preemption_timer posted_intr invvpid ept_x_only ept_ad ept_1gb ept_5level flexpriority apicv tsc_offset vtpr mtf vapic ept vpid unrestricted_guest vapic_reg vid ple shadow_vmcs pml ept_violation_ve ept_mode_based_exec tsc_scaling usr_wait_pause notify_vm_exiting ipi_virt
bugs		: spectre_v1 spectre_v2 spec_store_bypass swapgs eibrs_pbrsb bhi spectre_v2_user old_microcode vmscape
bogomips	: 4000.00
clflush size	: 64
cache_alignment	: 64
address sizes	: 46 bits physical, 57 bits virtual
power management:

processor	: 31
vendor_id	: GenuineIntel
cpu family	: 6
model		: 143
model name	: Intel(R) Xeon(R) Platinum 8480+
stepping	: 8
microcode	: 0x2b000639
cpu MHz		: 2882.043
cache size	: 107520 KB
physical id	: 1
siblings	: 56
core id		: 48
cpu cores	: 56
apicid		: 224
initial apicid	: 224
fpu		: yes
fpu_exception	: yes
cpuid level	: 32
wp		: yes
flags		: fpu vme de pse tsc msr pae mce cx8 apic sep mtrr pge mca cmov pat pse36 clflush dts acpi mmx fxsr sse sse2 ss ht tm pbe syscall nx pdpe1gb rdtscp lm constant_tsc art arch_perfmon pebs bts rep_good nopl xtopology nonstop_tsc cpuid aperfmperf tsc_known_freq pni pclmulqdq dtes64 monitor ds_cpl vmx smx est tm2 ssse3 sdbg fma cx16 xtpr pdcm pcid dca sse4_1 sse4_2 x2apic movbe popcnt tsc_deadline_timer aes xsave avx f16c rdrand lahf_lm abm 3dnowprefetch cpuid_fault epb cat_l3 cat_l2 cdp_l3 cdp_l2 ssbd mba ibrs ibpb stibp ibrs_enhanced tpr_shadow flexpriority ept vpid ept_ad fsgsbase tsc_adjust bmi1 avx2 smep bmi2 erms invpcid cqm rdt_a avx512f avx512dq rdseed adx smap avx512ifma clflushopt clwb intel_pt avx512cd sha_ni avx512bw avx512vl xsaveopt xsavec xgetbv1 xsaves cqm_llc cqm_occup_llc cqm_mbm_total cqm_mbm_local split_lock_detect user_shstk avx_vnni avx512_bf16 wbnoinvd dtherm ida arat pln pts vnmi avx512vbmi umip pku ospke waitpkg avx512_vbmi2 gfni vaes vpclmulqdq avx512_vnni avx512_bitalg avx512_vpopcntdq la57 rdpid bus_lock_detect cldemote movdiri movdir64b enqcmd fsrm md_clear serialize tsxldtrk pconfig arch_lbr ibt amx_bf16 avx512_fp16 amx_tile amx_int8 flush_l1d arch_capabilities
vmx flags	: vnmi preemption_timer posted_intr invvpid ept_x_only ept_ad ept_1gb ept_5level flexpriority apicv tsc_offset vtpr mtf vapic ept vpid unrestricted_guest vapic_reg vid ple shadow_vmcs pml ept_violation_ve ept_mode_based_exec tsc_scaling usr_wait_pause notify_vm_exiting ipi_virt
bugs		: spectre_v1 spectre_v2 spec_store_bypass swapgs eibrs_pbrsb bhi spectre_v2_user old_microcode vmscape
bogomips	: 4000.00
clflush size	: 64
cache_alignment	: 64
address sizes	: 46 bits physical, 57 bits virtual
power management:

processor	: 32
vendor_id	: GenuineIntel
cpu family	: 6
model		: 143
model name	: Intel(R) Xeon(R) Platinum 8480+
stepping	: 8
microcode	: 0x2b000639
cpu MHz		: 3800.000
cache size	: 107520 KB
physical id	: 0
siblings	: 56
core id		: 8
cpu cores	: 56
apicid		: 16
initial apicid	: 16
fpu		: yes
fpu_exception	: yes
cpuid level	: 32
wp		: yes
flags		: fpu vme de pse tsc msr pae mce cx8 apic sep mtrr pge mca cmov pat pse36 clflush dts acpi mmx fxsr sse sse2 ss ht tm pbe syscall nx pdpe1gb rdtscp lm constant_tsc art arch_perfmon pebs bts rep_good nopl xtopology nonstop_tsc cpuid aperfmperf tsc_known_freq pni pclmulqdq dtes64 monitor ds_cpl vmx smx est tm2 ssse3 sdbg fma cx16 xtpr pdcm pcid dca sse4_1 sse4_2 x2apic movbe popcnt tsc_deadline_timer aes xsave avx f16c rdrand lahf_lm abm 3dnowprefetch cpuid_fault epb cat_l3 cat_l2 cdp_l3 cdp_l2 ssbd mba ibrs ibpb stibp ibrs_enhanced tpr_shadow flexpriority ept vpid ept_ad fsgsbase tsc_adjust bmi1 avx2 smep bmi2 erms invpcid cqm rdt_a avx512f avx512dq rdseed adx smap avx512ifma clflushopt clwb intel_pt avx512cd sha_ni avx512bw avx512vl xsaveopt xsavec xgetbv1 xsaves cqm_llc cqm_occup_llc cqm_mbm_total cqm_mbm_local split_lock_detect user_shstk avx_vnni avx512_bf16 wbnoinvd dtherm ida arat pln pts vnmi avx512vbmi umip pku ospke waitpkg avx512_vbmi2 gfni vaes vpclmulqdq avx512_vnni avx512_bitalg avx512_vpopcntdq la57 rdpid bus_lock_detect cldemote movdiri movdir64b enqcmd fsrm md_clear serialize tsxldtrk pconfig arch_lbr ibt amx_bf16 avx512_fp16 amx_tile amx_int8 flush_l1d arch_capabilities
vmx flags	: vnmi preemption_timer posted_intr invvpid ept_x_only ept_ad ept_1gb ept_5level flexpriority apicv tsc_offset vtpr mtf vapic ept vpid unrestricted_guest vapic_reg vid ple shadow_vmcs pml ept_violation_ve ept_mode_based_exec tsc_scaling usr_wait_pause notify_vm_exiting ipi_virt
bugs		: spectre_v1 spectre_v2 spec_store_bypass swapgs eibrs_pbrsb bhi spectre_v2_user old_microcode vmscape
bogomips	: 4000.00
clflush size	: 64
cache_alignment	: 64
address sizes	: 46 bits physical, 57 bits virtual
power management:

processor	: 33
vendor_id	: GenuineIntel
cpu family	: 6
model		: 143
model name	: Intel(R) Xeon(R) Platinum 8480+
stepping	: 8
microcode	: 0x2b000639
cpu MHz		: 2689.991
cache size	: 107520 KB
physical id	: 1
siblings	: 56
core id		: 8
cpu cores	: 56
apicid		: 144
initial apicid	: 144
fpu		: yes
fpu_exception	: yes
cpuid level	: 32
wp		: yes
flags		: fpu vme de pse tsc msr pae mce cx8 apic sep mtrr pge mca cmov pat pse36 clflush dts acpi mmx fxsr sse sse2 ss ht tm pbe syscall nx pdpe1gb rdtscp lm constant_tsc art arch_perfmon pebs bts rep_good nopl xtopology nonstop_tsc cpuid aperfmperf tsc_known_freq pni pclmulqdq dtes64 monitor ds_cpl vmx smx est tm2 ssse3 sdbg fma cx16 xtpr pdcm pcid dca sse4_1 sse4_2 x2apic movbe popcnt tsc_deadline_timer aes xsave avx f16c rdrand lahf_lm abm 3dnowprefetch cpuid_fault epb cat_l3 cat_l2 cdp_l3 cdp_l2 ssbd mba ibrs ibpb stibp ibrs_enhanced tpr_shadow flexpriority ept vpid ept_ad fsgsbase tsc_adjust bmi1 avx2 smep bmi2 erms invpcid cqm rdt_a avx512f avx512dq rdseed adx smap avx512ifma clflushopt clwb intel_pt avx512cd sha_ni avx512bw avx512vl xsaveopt xsavec xgetbv1 xsaves cqm_llc cqm_occup_llc cqm_mbm_total cqm_mbm_local split_lock_detect user_shstk avx_vnni avx512_bf16 wbnoinvd dtherm ida arat pln pts vnmi avx512vbmi umip pku ospke waitpkg avx512_vbmi2 gfni vaes vpclmulqdq avx512_vnni avx512_bitalg avx512_vpopcntdq la57 rdpid bus_lock_detect cldemote movdiri movdir64b enqcmd fsrm md_clear serialize tsxldtrk pconfig arch_lbr ibt amx_bf16 avx512_fp16 amx_tile amx_int8 flush_l1d arch_capabilities
vmx flags	: vnmi preemption_timer posted_intr invvpid ept_x_only ept_ad ept_1gb ept_5level flexpriority apicv tsc_offset vtpr mtf vapic ept vpid unrestricted_guest vapic_reg vid ple shadow_vmcs pml ept_violation_ve ept_mode_based_exec tsc_scaling usr_wait_pause notify_vm_exiting ipi_virt
bugs		: spectre_v1 spectre_v2 spec_store_bypass swapgs eibrs_pbrsb bhi spectre_v2_user old_microcode vmscape
bogomips	: 4000.00
clflush size	: 64
cache_alignment	: 64
address sizes	: 46 bits physical, 57 bits virtual
power management:

processor	: 34
vendor_id	: GenuineIntel
cpu family	: 6
model		: 143
model name	: Intel(R) Xeon(R) Platinum 8480+
stepping	: 8
microcode	: 0x2b000639
cpu MHz		: 2790.198
cache size	: 107520 KB
physical id	: 0
siblings	: 56
core id		: 37
cpu cores	: 56
apicid		: 74
initial apicid	: 74
fpu		: yes
fpu_exception	: yes
cpuid level	: 32
wp		: yes
flags		: fpu vme de pse tsc msr pae mce cx8 apic sep mtrr pge mca cmov pat pse36 clflush dts acpi mmx fxsr sse sse2 ss ht tm pbe syscall nx pdpe1gb rdtscp lm constant_tsc art arch_perfmon pebs bts rep_good nopl xtopology nonstop_tsc cpuid aperfmperf tsc_known_freq pni pclmulqdq dtes64 monitor ds_cpl vmx smx est tm2 ssse3 sdbg fma cx16 xtpr pdcm pcid dca sse4_1 sse4_2 x2apic movbe popcnt tsc_deadline_timer aes xsave avx f16c rdrand lahf_lm abm 3dnowprefetch cpuid_fault epb cat_l3 cat_l2 cdp_l3 cdp_l2 ssbd mba ibrs ibpb stibp ibrs_enhanced tpr_shadow flexpriority ept vpid ept_ad fsgsbase tsc_adjust bmi1 avx2 smep bmi2 erms invpcid cqm rdt_a avx512f avx512dq rdseed adx smap avx512ifma clflushopt clwb intel_pt avx512cd sha_ni avx512bw avx512vl xsaveopt xsavec xgetbv1 xsaves cqm_llc cqm_occup_llc cqm_mbm_total cqm_mbm_local split_lock_detect user_shstk avx_vnni avx512_bf16 wbnoinvd dtherm ida arat pln pts vnmi avx512vbmi umip pku ospke waitpkg avx512_vbmi2 gfni vaes vpclmulqdq avx512_vnni avx512_bitalg avx512_vpopcntdq la57 rdpid bus_lock_detect cldemote movdiri movdir64b enqcmd fsrm md_clear serialize tsxldtrk pconfig arch_lbr ibt amx_bf16 avx512_fp16 amx_tile amx_int8 flush_l1d arch_capabilities
vmx flags	: vnmi preemption_timer posted_intr invvpid ept_x_only ept_ad ept_1gb ept_5level flexpriority apicv tsc_offset vtpr mtf vapic ept vpid unrestricted_guest vapic_reg vid ple shadow_vmcs pml ept_violation_ve ept_mode_based_exec tsc_scaling usr_wait_pause notify_vm_exiting ipi_virt
bugs		: spectre_v1 spectre_v2 spec_store_bypass swapgs eibrs_pbrsb bhi spectre_v2_user old_microcode vmscape
bogomips	: 4000.00
clflush size	: 64
cache_alignment	: 64
address sizes	: 46 bits physical, 57 bits virtual
power management:

processor	: 35
vendor_id	: GenuineIntel
cpu family	: 6
model		: 143
model name	: Intel(R) Xeon(R) Platinum 8480+
stepping	: 8
microcode	: 0x2b000639
cpu MHz		: 2860.286
cache size	: 107520 KB
physical id	: 1
siblings	: 56
core id		: 33
cpu cores	: 56
apicid		: 194
initial apicid	: 194
fpu		: yes
fpu_exception	: yes
cpuid level	: 32
wp		: yes
flags		: fpu vme de pse tsc msr pae mce cx8 apic sep mtrr pge mca cmov pat pse36 clflush dts acpi mmx fxsr sse sse2 ss ht tm pbe syscall nx pdpe1gb rdtscp lm constant_tsc art arch_perfmon pebs bts rep_good nopl xtopology nonstop_tsc cpuid aperfmperf tsc_known_freq pni pclmulqdq dtes64 monitor ds_cpl vmx smx est tm2 ssse3 sdbg fma cx16 xtpr pdcm pcid dca sse4_1 sse4_2 x2apic movbe popcnt tsc_deadline_timer aes xsave avx f16c rdrand lahf_lm abm 3dnowprefetch cpuid_fault epb cat_l3 cat_l2 cdp_l3 cdp_l2 ssbd mba ibrs ibpb stibp ibrs_enhanced tpr_shadow flexpriority ept vpid ept_ad fsgsbase tsc_adjust bmi1 avx2 smep bmi2 erms invpcid cqm rdt_a avx512f avx512dq rdseed adx smap avx512ifma clflushopt clwb intel_pt avx512cd sha_ni avx512bw avx512vl xsaveopt xsavec xgetbv1 xsaves cqm_llc cqm_occup_llc cqm_mbm_total cqm_mbm_local split_lock_detect user_shstk avx_vnni avx512_bf16 wbnoinvd dtherm ida arat pln pts vnmi avx512vbmi umip pku ospke waitpkg avx512_vbmi2 gfni vaes vpclmulqdq avx512_vnni avx512_bitalg avx512_vpopcntdq la57 rdpid bus_lock_detect cldemote movdiri movdir64b enqcmd fsrm md_clear serialize tsxldtrk pconfig arch_lbr ibt amx_bf16 avx512_fp16 amx_tile amx_int8 flush_l1d arch_capabilities
vmx flags	: vnmi preemption_timer posted_intr invvpid ept_x_only ept_ad ept_1gb ept_5level flexpriority apicv tsc_offset vtpr mtf vapic ept vpid unrestricted_guest vapic_reg vid ple shadow_vmcs pml ept_violation_ve ept_mode_based_exec tsc_scaling usr_wait_pause notify_vm_exiting ipi_virt
bugs		: spectre_v1 spectre_v2 spec_store_bypass swapgs eibrs_pbrsb bhi spectre_v2_user old_microcode vmscape
bogomips	: 4000.00
clflush size	: 64
cache_alignment	: 64
address sizes	: 46 bits physical, 57 bits virtual
power management:

processor	: 36
vendor_id	: GenuineIntel
cpu family	: 6
model		: 143
model name	: Intel(R) Xeon(R) Platinum 8480+
stepping	: 8
microcode	: 0x2b000639
cpu MHz		: 3800.000
cache size	: 107520 KB
physical id	: 0
siblings	: 56
core id		: 18
cpu cores	: 56
apicid		: 36
initial apicid	: 36
fpu		: yes
fpu_exception	: yes
cpuid level	: 32
wp		: yes
flags		: fpu vme de pse tsc msr pae mce cx8 apic sep mtrr pge mca cmov pat pse36 clflush dts acpi mmx fxsr sse sse2 ss ht tm pbe syscall nx pdpe1gb rdtscp lm constant_tsc art arch_perfmon pebs bts rep_good nopl xtopology nonstop_tsc cpuid aperfmperf tsc_known_freq pni pclmulqdq dtes64 monitor ds_cpl vmx smx est tm2 ssse3 sdbg fma cx16 xtpr pdcm pcid dca sse4_1 sse4_2 x2apic movbe popcnt tsc_deadline_timer aes xsave avx f16c rdrand lahf_lm abm 3dnowprefetch cpuid_fault epb cat_l3 cat_l2 cdp_l3 cdp_l2 ssbd mba ibrs ibpb stibp ibrs_enhanced tpr_shadow flexpriority ept vpid ept_ad fsgsbase tsc_adjust bmi1 avx2 smep bmi2 erms invpcid cqm rdt_a avx512f avx512dq rdseed adx smap avx512ifma clflushopt clwb intel_pt avx512cd sha_ni avx512bw avx512vl xsaveopt xsavec xgetbv1 xsaves cqm_llc cqm_occup_llc cqm_mbm_total cqm_mbm_local split_lock_detect user_shstk avx_vnni avx512_bf16 wbnoinvd dtherm ida arat pln pts vnmi avx512vbmi umip pku ospke waitpkg avx512_vbmi2 gfni vaes vpclmulqdq avx512_vnni avx512_bitalg avx512_vpopcntdq la57 rdpid bus_lock_detect cldemote movdiri movdir64b enqcmd fsrm md_clear serialize tsxldtrk pconfig arch_lbr ibt amx_bf16 avx512_fp16 amx_tile amx_int8 flush_l1d arch_capabilities
vmx flags	: vnmi preemption_timer posted_intr invvpid ept_x_only ept_ad ept_1gb ept_5level flexpriority apicv tsc_offset vtpr mtf vapic ept vpid unrestricted_guest vapic_reg vid ple shadow_vmcs pml ept_violation_ve ept_mode_based_exec tsc_scaling usr_wait_pause notify_vm_exiting ipi_virt
bugs		: spectre_v1 spectre_v2 spec_store_bypass swapgs eibrs_pbrsb bhi spectre_v2_user old_microcode vmscape
bogomips	: 4000.00
clflush size	: 64
cache_alignment	: 64
address sizes	: 46 bits physical, 57 bits virtual
power management:

processor	: 37
vendor_id	: GenuineIntel
cpu family	: 6
model		: 143
model name	: Intel(R) Xeon(R) Platinum 8480+
stepping	: 8
microcode	: 0x2b000639
cpu MHz		: 2713.318
cache size	: 107520 KB
physical id	: 1
siblings	: 56
core id		: 18
cpu cores	: 56
apicid		: 164
initial apicid	: 164
fpu		: yes
fpu_exception	: yes
cpuid level	: 32
wp		: yes
flags		: fpu vme de pse tsc msr pae mce cx8 apic sep mtrr pge mca cmov pat pse36 clflush dts acpi mmx fxsr sse sse2 ss ht tm pbe syscall nx pdpe1gb rdtscp lm constant_tsc art arch_perfmon pebs bts rep_good nopl xtopology nonstop_tsc cpuid aperfmperf tsc_known_freq pni pclmulqdq dtes64 monitor ds_cpl vmx smx est tm2 ssse3 sdbg fma cx16 xtpr pdcm pcid dca sse4_1 sse4_2 x2apic movbe popcnt tsc_deadline_timer aes xsave avx f16c rdrand lahf_lm abm 3dnowprefetch cpuid_fault epb cat_l3 cat_l2 cdp_l3 cdp_l2 ssbd mba ibrs ibpb stibp ibrs_enhanced tpr_shadow flexpriority ept vpid ept_ad fsgsbase tsc_adjust bmi1 avx2 smep bmi2 erms invpcid cqm rdt_a avx512f avx512dq rdseed adx smap avx512ifma clflushopt clwb intel_pt avx512cd sha_ni avx512bw avx512vl xsaveopt xsavec xgetbv1 xsaves cqm_llc cqm_occup_llc cqm_mbm_total cqm_mbm_local split_lock_detect user_shstk avx_vnni avx512_bf16 wbnoinvd dtherm ida arat pln pts vnmi avx512vbmi umip pku ospke waitpkg avx512_vbmi2 gfni vaes vpclmulqdq avx512_vnni avx512_bitalg avx512_vpopcntdq la57 rdpid bus_lock_detect cldemote movdiri movdir64b enqcmd fsrm md_clear serialize tsxldtrk pconfig arch_lbr ibt amx_bf16 avx512_fp16 amx_tile amx_int8 flush_l1d arch_capabilities
vmx flags	: vnmi preemption_timer posted_intr invvpid ept_x_only ept_ad ept_1gb ept_5level flexpriority apicv tsc_offset vtpr mtf vapic ept vpid unrestricted_guest vapic_reg vid ple shadow_vmcs pml ept_violation_ve ept_mode_based_exec tsc_scaling usr_wait_pause notify_vm_exiting ipi_virt
bugs		: spectre_v1 spectre_v2 spec_store_bypass swapgs eibrs_pbrsb bhi spectre_v2_user old_microcode vmscape
bogomips	: 4000.00
clflush size	: 64
cache_alignment	: 64
address sizes	: 46 bits physical, 57 bits virtual
power management:

processor	: 38
vendor_id	: GenuineIntel
cpu family	: 6
model		: 143
model name	: Intel(R) Xeon(R) Platinum 8480+
stepping	: 8
microcode	: 0x2b000639
cpu MHz		: 3800.000
cache size	: 107520 KB
physical id	: 0
siblings	: 56
core id		: 48
cpu cores	: 56
apicid		: 96
initial apicid	: 96
fpu		: yes
fpu_exception	: yes
cpuid level	: 32
wp		: yes
flags		: fpu vme de pse tsc msr pae mce cx8 apic sep mtrr pge mca cmov pat pse36 clflush dts acpi mmx fxsr sse sse2 ss ht tm pbe syscall nx pdpe1gb rdtscp lm constant_tsc art arch_perfmon pebs bts rep_good nopl xtopology nonstop_tsc cpuid aperfmperf tsc_known_freq pni pclmulqdq dtes64 monitor ds_cpl vmx smx est tm2 ssse3 sdbg fma cx16 xtpr pdcm pcid dca sse4_1 sse4_2 x2apic movbe popcnt tsc_deadline_timer aes xsave avx f16c rdrand lahf_lm abm 3dnowprefetch cpuid_fault epb cat_l3 cat_l2 cdp_l3 cdp_l2 ssbd mba ibrs ibpb stibp ibrs_enhanced tpr_shadow flexpriority ept vpid ept_ad fsgsbase tsc_adjust bmi1 avx2 smep bmi2 erms invpcid cqm rdt_a avx512f avx512dq rdseed adx smap avx512ifma clflushopt clwb intel_pt avx512cd sha_ni avx512bw avx512vl xsaveopt xsavec xgetbv1 xsaves cqm_llc cqm_occup_llc cqm_mbm_total cqm_mbm_local split_lock_detect user_shstk avx_vnni avx512_bf16 wbnoinvd dtherm ida arat pln pts vnmi avx512vbmi umip pku ospke waitpkg avx512_vbmi2 gfni vaes vpclmulqdq avx512_vnni avx512_bitalg avx512_vpopcntdq la57 rdpid bus_lock_detect cldemote movdiri movdir64b enqcmd fsrm md_clear serialize tsxldtrk pconfig arch_lbr ibt amx_bf16 avx512_fp16 amx_tile amx_int8 flush_l1d arch_capabilities
vmx flags	: vnmi preemption_timer posted_intr invvpid ept_x_only ept_ad ept_1gb ept_5level flexpriority apicv tsc_offset vtpr mtf vapic ept vpid unrestricted_guest vapic_reg vid ple shadow_vmcs pml ept_violation_ve ept_mode_based_exec tsc_scaling usr_wait_pause notify_vm_exiting ipi_virt
bugs		: spectre_v1 spectre_v2 spec_store_bypass swapgs eibrs_pbrsb bhi spectre_v2_user old_microcode vmscape
bogomips	: 4000.00
clflush size	: 64
cache_alignment	: 64
address sizes	: 46 bits physical, 57 bits virtual
power management:

processor	: 39
vendor_id	: GenuineIntel
cpu family	: 6
model		: 143
model name	: Intel(R) Xeon(R) Platinum 8480+
stepping	: 8
microcode	: 0x2b000639
cpu MHz		: 2854.134
cache size	: 107520 KB
physical id	: 1
siblings	: 56
core id		: 50
cpu cores	: 56
apicid		: 228
initial apicid	: 228
fpu		: yes
fpu_exception	: yes
cpuid level	: 32
wp		: yes
flags		: fpu vme de pse tsc msr pae mce cx8 apic sep mtrr pge mca cmov pat pse36 clflush dts acpi mmx fxsr sse sse2 ss ht tm pbe syscall nx pdpe1gb rdtscp lm constant_tsc art arch_perfmon pebs bts rep_good nopl xtopology nonstop_tsc cpuid aperfmperf tsc_known_freq pni pclmulqdq dtes64 monitor ds_cpl vmx smx est tm2 ssse3 sdbg fma cx16 xtpr pdcm pcid dca sse4_1 sse4_2 x2apic movbe popcnt tsc_deadline_timer aes xsave avx f16c rdrand lahf_lm abm 3dnowprefetch cpuid_fault epb cat_l3 cat_l2 cdp_l3 cdp_l2 ssbd mba ibrs ibpb stibp ibrs_enhanced tpr_shadow flexpriority ept vpid ept_ad fsgsbase tsc_adjust bmi1 avx2 smep bmi2 erms invpcid cqm rdt_a avx512f avx512dq rdseed adx smap avx512ifma clflushopt clwb intel_pt avx512cd sha_ni avx512bw avx512vl xsaveopt xsavec xgetbv1 xsaves cqm_llc cqm_occup_llc cqm_mbm_total cqm_mbm_local split_lock_detect user_shstk avx_vnni avx512_bf16 wbnoinvd dtherm ida arat pln pts vnmi avx512vbmi umip pku ospke waitpkg avx512_vbmi2 gfni vaes vpclmulqdq avx512_vnni avx512_bitalg avx512_vpopcntdq la57 rdpid bus_lock_detect cldemote movdiri movdir64b enqcmd fsrm md_clear serialize tsxldtrk pconfig arch_lbr ibt amx_bf16 avx512_fp16 amx_tile amx_int8 flush_l1d arch_capabilities
vmx flags	: vnmi preemption_timer posted_intr invvpid ept_x_only ept_ad ept_1gb ept_5level flexpriority apicv tsc_offset vtpr mtf vapic ept vpid unrestricted_guest vapic_reg vid ple shadow_vmcs pml ept_violation_ve ept_mode_based_exec tsc_scaling usr_wait_pause notify_vm_exiting ipi_virt
bugs		: spectre_v1 spectre_v2 spec_store_bypass swapgs eibrs_pbrsb bhi spectre_v2_user old_microcode vmscape
bogomips	: 4000.00
clflush size	: 64
cache_alignment	: 64
address sizes	: 46 bits physical, 57 bits virtual
power management:

processor	: 40
vendor_id	: GenuineIntel
cpu family	: 6
model		: 143
model name	: Intel(R) Xeon(R) Platinum 8480+
stepping	: 8
microcode	: 0x2b000639
cpu MHz		: 3800.000
cache size	: 107520 KB
physical id	: 0
siblings	: 56
core id		: 5
cpu cores	: 56
apicid		: 10
initial apicid	: 10
fpu		: yes
fpu_exception	: yes
cpuid level	: 32
wp		: yes
flags		: fpu vme de pse tsc msr pae mce cx8 apic sep mtrr pge mca cmov pat pse36 clflush dts acpi mmx fxsr sse sse2 ss ht tm pbe syscall nx pdpe1gb rdtscp lm constant_tsc art arch_perfmon pebs bts rep_good nopl xtopology nonstop_tsc cpuid aperfmperf tsc_known_freq pni pclmulqdq dtes64 monitor ds_cpl vmx smx est tm2 ssse3 sdbg fma cx16 xtpr pdcm pcid dca sse4_1 sse4_2 x2apic movbe popcnt tsc_deadline_timer aes xsave avx f16c rdrand lahf_lm abm 3dnowprefetch cpuid_fault epb cat_l3 cat_l2 cdp_l3 cdp_l2 ssbd mba ibrs ibpb stibp ibrs_enhanced tpr_shadow flexpriority ept vpid ept_ad fsgsbase tsc_adjust bmi1 avx2 smep bmi2 erms invpcid cqm rdt_a avx512f avx512dq rdseed adx smap avx512ifma clflushopt clwb intel_pt avx512cd sha_ni avx512bw avx512vl xsaveopt xsavec xgetbv1 xsaves cqm_llc cqm_occup_llc cqm_mbm_total cqm_mbm_local split_lock_detect user_shstk avx_vnni avx512_bf16 wbnoinvd dtherm ida arat pln pts vnmi avx512vbmi umip pku ospke waitpkg avx512_vbmi2 gfni vaes vpclmulqdq avx512_vnni avx512_bitalg avx512_vpopcntdq la57 rdpid bus_lock_detect cldemote movdiri movdir64b enqcmd fsrm md_clear serialize tsxldtrk pconfig arch_lbr ibt amx_bf16 avx512_fp16 amx_tile amx_int8 flush_l1d arch_capabilities
vmx flags	: vnmi preemption_timer posted_intr invvpid ept_x_only ept_ad ept_1gb ept_5level flexpriority apicv tsc_offset vtpr mtf vapic ept vpid unrestricted_guest vapic_reg vid ple shadow_vmcs pml ept_violation_ve ept_mode_based_exec tsc_scaling usr_wait_pause notify_vm_exiting ipi_virt
bugs		: spectre_v1 spectre_v2 spec_store_bypass swapgs eibrs_pbrsb bhi spectre_v2_user old_microcode vmscape
bogomips	: 4000.00
clflush size	: 64
cache_alignment	: 64
address sizes	: 46 bits physical, 57 bits virtual
power management:

processor	: 41
vendor_id	: GenuineIntel
cpu family	: 6
model		: 143
model name	: Intel(R) Xeon(R) Platinum 8480+
stepping	: 8
microcode	: 0x2b000639
cpu MHz		: 2872.347
cache size	: 107520 KB
physical id	: 1
siblings	: 56
core id		: 5
cpu cores	: 56
apicid		: 138
initial apicid	: 138
fpu		: yes
fpu_exception	: yes
cpuid level	: 32
wp		: yes
flags		: fpu vme de pse tsc msr pae mce cx8 apic sep mtrr pge mca cmov pat pse36 clflush dts acpi mmx fxsr sse sse2 ss ht tm pbe syscall nx pdpe1gb rdtscp lm constant_tsc art arch_perfmon pebs bts rep_good nopl xtopology nonstop_tsc cpuid aperfmperf tsc_known_freq pni pclmulqdq dtes64 monitor ds_cpl vmx smx est tm2 ssse3 sdbg fma cx16 xtpr pdcm pcid dca sse4_1 sse4_2 x2apic movbe popcnt tsc_deadline_timer aes xsave avx f16c rdrand lahf_lm abm 3dnowprefetch cpuid_fault epb cat_l3 cat_l2 cdp_l3 cdp_l2 ssbd mba ibrs ibpb stibp ibrs_enhanced tpr_shadow flexpriority ept vpid ept_ad fsgsbase tsc_adjust bmi1 avx2 smep bmi2 erms invpcid cqm rdt_a avx512f avx512dq rdseed adx smap avx512ifma clflushopt clwb intel_pt avx512cd sha_ni avx512bw avx512vl xsaveopt xsavec xgetbv1 xsaves cqm_llc cqm_occup_llc cqm_mbm_total cqm_mbm_local split_lock_detect user_shstk avx_vnni avx512_bf16 wbnoinvd dtherm ida arat pln pts vnmi avx512vbmi umip pku ospke waitpkg avx512_vbmi2 gfni vaes vpclmulqdq avx512_vnni avx512_bitalg avx512_vpopcntdq la57 rdpid bus_lock_detect cldemote movdiri movdir64b enqcmd fsrm md_clear serialize tsxldtrk pconfig arch_lbr ibt amx_bf16 avx512_fp16 amx_tile amx_int8 flush_l1d arch_capabilities
vmx flags	: vnmi preemption_timer posted_intr invvpid ept_x_only ept_ad ept_1gb ept_5level flexpriority apicv tsc_offset vtpr mtf vapic ept vpid unrestricted_guest vapic_reg vid ple shadow_vmcs pml ept_violation_ve ept_mode_based_exec tsc_scaling usr_wait_pause notify_vm_exiting ipi_virt
bugs		: spectre_v1 spectre_v2 spec_store_bypass swapgs eibrs_pbrsb bhi spectre_v2_user old_microcode vmscape
bogomips	: 4000.00
clflush size	: 64
cache_alignment	: 64
address sizes	: 46 bits physical, 57 bits virtual
power management:

processor	: 42
vendor_id	: GenuineIntel
cpu family	: 6
model		: 143
model name	: Intel(R) Xeon(R) Platinum 8480+
stepping	: 8
microcode	: 0x2b000639
cpu MHz		: 3800.000
cache size	: 107520 KB
physical id	: 0
siblings	: 56
core id		: 33
cpu cores	: 56
apicid		: 66
initial apicid	: 66
fpu		: yes
fpu_exception	: yes
cpuid level	: 32
wp		: yes
flags		: fpu vme de pse tsc msr pae mce cx8 apic sep mtrr pge mca cmov pat pse36 clflush dts acpi mmx fxsr sse sse2 ss ht tm pbe syscall nx pdpe1gb rdtscp lm constant_tsc art arch_perfmon pebs bts rep_good nopl xtopology nonstop_tsc cpuid aperfmperf tsc_known_freq pni pclmulqdq dtes64 monitor ds_cpl vmx smx est tm2 ssse3 sdbg fma cx16 xtpr pdcm pcid dca sse4_1 sse4_2 x2apic movbe popcnt tsc_deadline_timer aes xsave avx f16c rdrand lahf_lm abm 3dnowprefetch cpuid_fault epb cat_l3 cat_l2 cdp_l3 cdp_l2 ssbd mba ibrs ibpb stibp ibrs_enhanced tpr_shadow flexpriority ept vpid ept_ad fsgsbase tsc_adjust bmi1 avx2 smep bmi2 erms invpcid cqm rdt_a avx512f avx512dq rdseed adx smap avx512ifma clflushopt clwb intel_pt avx512cd sha_ni avx512bw avx512vl xsaveopt xsavec xgetbv1 xsaves cqm_llc cqm_occup_llc cqm_mbm_total cqm_mbm_local split_lock_detect user_shstk avx_vnni avx512_bf16 wbnoinvd dtherm ida arat pln pts vnmi avx512vbmi umip pku ospke waitpkg avx512_vbmi2 gfni vaes vpclmulqdq avx512_vnni avx512_bitalg avx512_vpopcntdq la57 rdpid bus_lock_detect cldemote movdiri movdir64b enqcmd fsrm md_clear serialize tsxldtrk pconfig arch_lbr ibt amx_bf16 avx512_fp16 amx_tile amx_int8 flush_l1d arch_capabilities
vmx flags	: vnmi preemption_timer posted_intr invvpid ept_x_only ept_ad ept_1gb ept_5level flexpriority apicv tsc_offset vtpr mtf vapic ept vpid unrestricted_guest vapic_reg vid ple shadow_vmcs pml ept_violation_ve ept_mode_based_exec tsc_scaling usr_wait_pause notify_vm_exiting ipi_virt
bugs		: spectre_v1 spectre_v2 spec_store_bypass swapgs eibrs_pbrsb bhi spectre_v2_user old_microcode vmscape
bogomips	: 4000.00
clflush size	: 64
cache_alignment	: 64
address sizes	: 46 bits physical, 57 bits virtual
power management:

processor	: 43
vendor_id	: GenuineIntel
cpu family	: 6
model		: 143
model name	: Intel(R) Xeon(R) Platinum 8480+
stepping	: 8
microcode	: 0x2b000639
cpu MHz		: 2605.906
cache size	: 107520 KB
physical id	: 1
siblings	: 56
core id		: 41
cpu cores	: 56
apicid		: 210
initial apicid	: 210
fpu		: yes
fpu_exception	: yes
cpuid level	: 32
wp		: yes
flags		: fpu vme de pse tsc msr pae mce cx8 apic sep mtrr pge mca cmov pat pse36 clflush dts acpi mmx fxsr sse sse2 ss ht tm pbe syscall nx pdpe1gb rdtscp lm constant_tsc art arch_perfmon pebs bts rep_good nopl xtopology nonstop_tsc cpuid aperfmperf tsc_known_freq pni pclmulqdq dtes64 monitor ds_cpl vmx smx est tm2 ssse3 sdbg fma cx16 xtpr pdcm pcid dca sse4_1 sse4_2 x2apic movbe popcnt tsc_deadline_timer aes xsave avx f16c rdrand lahf_lm abm 3dnowprefetch cpuid_fault epb cat_l3 cat_l2 cdp_l3 cdp_l2 ssbd mba ibrs ibpb stibp ibrs_enhanced tpr_shadow flexpriority ept vpid ept_ad fsgsbase tsc_adjust bmi1 avx2 smep bmi2 erms invpcid cqm rdt_a avx512f avx512dq rdseed adx smap avx512ifma clflushopt clwb intel_pt avx512cd sha_ni avx512bw avx512vl xsaveopt xsavec xgetbv1 xsaves cqm_llc cqm_occup_llc cqm_mbm_total cqm_mbm_local split_lock_detect user_shstk avx_vnni avx512_bf16 wbnoinvd dtherm ida arat pln pts vnmi avx512vbmi umip pku ospke waitpkg avx512_vbmi2 gfni vaes vpclmulqdq avx512_vnni avx512_bitalg avx512_vpopcntdq la57 rdpid bus_lock_detect cldemote movdiri movdir64b enqcmd fsrm md_clear serialize tsxldtrk pconfig arch_lbr ibt amx_bf16 avx512_fp16 amx_tile amx_int8 flush_l1d arch_capabilities
vmx flags	: vnmi preemption_timer posted_intr invvpid ept_x_only ept_ad ept_1gb ept_5level flexpriority apicv tsc_offset vtpr mtf vapic ept vpid unrestricted_guest vapic_reg vid ple shadow_vmcs pml ept_violation_ve ept_mode_based_exec tsc_scaling usr_wait_pause notify_vm_exiting ipi_virt
bugs		: spectre_v1 spectre_v2 spec_store_bypass swapgs eibrs_pbrsb bhi spectre_v2_user old_microcode vmscape
bogomips	: 4000.00
clflush size	: 64
cache_alignment	: 64
address sizes	: 46 bits physical, 57 bits virtual
power management:

processor	: 44
vendor_id	: GenuineIntel
cpu family	: 6
model		: 143
model name	: Intel(R) Xeon(R) Platinum 8480+
stepping	: 8
microcode	: 0x2b000639
cpu MHz		: 3800.000
cache size	: 107520 KB
physical id	: 0
siblings	: 56
core id		: 22
cpu cores	: 56
apicid		: 44
initial apicid	: 44
fpu		: yes
fpu_exception	: yes
cpuid level	: 32
wp		: yes
flags		: fpu vme de pse tsc msr pae mce cx8 apic sep mtrr pge mca cmov pat pse36 clflush dts acpi mmx fxsr sse sse2 ss ht tm pbe syscall nx pdpe1gb rdtscp lm constant_tsc art arch_perfmon pebs bts rep_good nopl xtopology nonstop_tsc cpuid aperfmperf tsc_known_freq pni pclmulqdq dtes64 monitor ds_cpl vmx smx est tm2 ssse3 sdbg fma cx16 xtpr pdcm pcid dca sse4_1 sse4_2 x2apic movbe popcnt tsc_deadline_timer aes xsave avx f16c rdrand lahf_lm abm 3dnowprefetch cpuid_fault epb cat_l3 cat_l2 cdp_l3 cdp_l2 ssbd mba ibrs ibpb stibp ibrs_enhanced tpr_shadow flexpriority ept vpid ept_ad fsgsbase tsc_adjust bmi1 avx2 smep bmi2 erms invpcid cqm rdt_a avx512f avx512dq rdseed adx smap avx512ifma clflushopt clwb intel_pt avx512cd sha_ni avx512bw avx512vl xsaveopt xsavec xgetbv1 xsaves cqm_llc cqm_occup_llc cqm_mbm_total cqm_mbm_local split_lock_detect user_shstk avx_vnni avx512_bf16 wbnoinvd dtherm ida arat pln pts vnmi avx512vbmi umip pku ospke waitpkg avx512_vbmi2 gfni vaes vpclmulqdq avx512_vnni avx512_bitalg avx512_vpopcntdq la57 rdpid bus_lock_detect cldemote movdiri movdir64b enqcmd fsrm md_clear serialize tsxldtrk pconfig arch_lbr ibt amx_bf16 avx512_fp16 amx_tile amx_int8 flush_l1d arch_capabilities
vmx flags	: vnmi preemption_timer posted_intr invvpid ept_x_only ept_ad ept_1gb ept_5level flexpriority apicv tsc_offset vtpr mtf vapic ept vpid unrestricted_guest vapic_reg vid ple shadow_vmcs pml ept_violation_ve ept_mode_based_exec tsc_scaling usr_wait_pause notify_vm_exiting ipi_virt
bugs		: spectre_v1 spectre_v2 spec_store_bypass swapgs eibrs_pbrsb bhi spectre_v2_user old_microcode vmscape
bogomips	: 4000.00
clflush size	: 64
cache_alignment	: 64
address sizes	: 46 bits physical, 57 bits virtual
power management:

processor	: 45
vendor_id	: GenuineIntel
cpu family	: 6
model		: 143
model name	: Intel(R) Xeon(R) Platinum 8480+
stepping	: 8
microcode	: 0x2b000639
cpu MHz		: 2694.174
cache size	: 107520 KB
physical id	: 1
siblings	: 56
core id		: 22
cpu cores	: 56
apicid		: 172
initial apicid	: 172
fpu		: yes
fpu_exception	: yes
cpuid level	: 32
wp		: yes
flags		: fpu vme de pse tsc msr pae mce cx8 apic sep mtrr pge mca cmov pat pse36 clflush dts acpi mmx fxsr sse sse2 ss ht tm pbe syscall nx pdpe1gb rdtscp lm constant_tsc art arch_perfmon pebs bts rep_good nopl xtopology nonstop_tsc cpuid aperfmperf tsc_known_freq pni pclmulqdq dtes64 monitor ds_cpl vmx smx est tm2 ssse3 sdbg fma cx16 xtpr pdcm pcid dca sse4_1 sse4_2 x2apic movbe popcnt tsc_deadline_timer aes xsave avx f16c rdrand lahf_lm abm 3dnowprefetch cpuid_fault epb cat_l3 cat_l2 cdp_l3 cdp_l2 ssbd mba ibrs ibpb stibp ibrs_enhanced tpr_shadow flexpriority ept vpid ept_ad fsgsbase tsc_adjust bmi1 avx2 smep bmi2 erms invpcid cqm rdt_a avx512f avx512dq rdseed adx smap avx512ifma clflushopt clwb intel_pt avx512cd sha_ni avx512bw avx512vl xsaveopt xsavec xgetbv1 xsaves cqm_llc cqm_occup_llc cqm_mbm_total cqm_mbm_local split_lock_detect user_shstk avx_vnni avx512_bf16 wbnoinvd dtherm ida arat pln pts vnmi avx512vbmi umip pku ospke waitpkg avx512_vbmi2 gfni vaes vpclmulqdq avx512_vnni avx512_bitalg avx512_vpopcntdq la57 rdpid bus_lock_detect cldemote movdiri movdir64b enqcmd fsrm md_clear serialize tsxldtrk pconfig arch_lbr ibt amx_bf16 avx512_fp16 amx_tile amx_int8 flush_l1d arch_capabilities
vmx flags	: vnmi preemption_timer posted_intr invvpid ept_x_only ept_ad ept_1gb ept_5level flexpriority apicv tsc_offset vtpr mtf vapic ept vpid unrestricted_guest vapic_reg vid ple shadow_vmcs pml ept_violation_ve ept_mode_based_exec tsc_scaling usr_wait_pause notify_vm_exiting ipi_virt
bugs		: spectre_v1 spectre_v2 spec_store_bypass swapgs eibrs_pbrsb bhi spectre_v2_user old_microcode vmscape
bogomips	: 4000.00
clflush size	: 64
cache_alignment	: 64
address sizes	: 46 bits physical, 57 bits virtual
power management:

processor	: 46
vendor_id	: GenuineIntel
cpu family	: 6
model		: 143
model name	: Intel(R) Xeon(R) Platinum 8480+
stepping	: 8
microcode	: 0x2b000639
cpu MHz		: 3800.000
cache size	: 107520 KB
physical id	: 0
siblings	: 56
core id		: 45
cpu cores	: 56
apicid		: 90
initial apicid	: 90
fpu		: yes
fpu_exception	: yes
cpuid level	: 32
wp		: yes
flags		: fpu vme de pse tsc msr pae mce cx8 apic sep mtrr pge mca cmov pat pse36 clflush dts acpi mmx fxsr sse sse2 ss ht tm pbe syscall nx pdpe1gb rdtscp lm constant_tsc art arch_perfmon pebs bts rep_good nopl xtopology nonstop_tsc cpuid aperfmperf tsc_known_freq pni pclmulqdq dtes64 monitor ds_cpl vmx smx est tm2 ssse3 sdbg fma cx16 xtpr pdcm pcid dca sse4_1 sse4_2 x2apic movbe popcnt tsc_deadline_timer aes xsave avx f16c rdrand lahf_lm abm 3dnowprefetch cpuid_fault epb cat_l3 cat_l2 cdp_l3 cdp_l2 ssbd mba ibrs ibpb stibp ibrs_enhanced tpr_shadow flexpriority ept vpid ept_ad fsgsbase tsc_adjust bmi1 avx2 smep bmi2 erms invpcid cqm rdt_a avx512f avx512dq rdseed adx smap avx512ifma clflushopt clwb intel_pt avx512cd sha_ni avx512bw avx512vl xsaveopt xsavec xgetbv1 xsaves cqm_llc cqm_occup_llc cqm_mbm_total cqm_mbm_local split_lock_detect user_shstk avx_vnni avx512_bf16 wbnoinvd dtherm ida arat pln pts vnmi avx512vbmi umip pku ospke waitpkg avx512_vbmi2 gfni vaes vpclmulqdq avx512_vnni avx512_bitalg avx512_vpopcntdq la57 rdpid bus_lock_detect cldemote movdiri movdir64b enqcmd fsrm md_clear serialize tsxldtrk pconfig arch_lbr ibt amx_bf16 avx512_fp16 amx_tile amx_int8 flush_l1d arch_capabilities
vmx flags	: vnmi preemption_timer posted_intr invvpid ept_x_only ept_ad ept_1gb ept_5level flexpriority apicv tsc_offset vtpr mtf vapic ept vpid unrestricted_guest vapic_reg vid ple shadow_vmcs pml ept_violation_ve ept_mode_based_exec tsc_scaling usr_wait_pause notify_vm_exiting ipi_virt
bugs		: spectre_v1 spectre_v2 spec_store_bypass swapgs eibrs_pbrsb bhi spectre_v2_user old_microcode vmscape
bogomips	: 4000.00
clflush size	: 64
cache_alignment	: 64
address sizes	: 46 bits physical, 57 bits virtual
power management:

processor	: 47
vendor_id	: GenuineIntel
cpu family	: 6
model		: 143
model name	: Intel(R) Xeon(R) Platinum 8480+
stepping	: 8
microcode	: 0x2b000639
cpu MHz		: 2859.007
cache size	: 107520 KB
physical id	: 1
siblings	: 56
core id		: 45
cpu cores	: 56
apicid		: 218
initial apicid	: 218
fpu		: yes
fpu_exception	: yes
cpuid level	: 32
wp		: yes
flags		: fpu vme de pse tsc msr pae mce cx8 apic sep mtrr pge mca cmov pat pse36 clflush dts acpi mmx fxsr sse sse2 ss ht tm pbe syscall nx pdpe1gb rdtscp lm constant_tsc art arch_perfmon pebs bts rep_good nopl xtopology nonstop_tsc cpuid aperfmperf tsc_known_freq pni pclmulqdq dtes64 monitor ds_cpl vmx smx est tm2 ssse3 sdbg fma cx16 xtpr pdcm pcid dca sse4_1 sse4_2 x2apic movbe popcnt tsc_deadline_timer aes xsave avx f16c rdrand lahf_lm abm 3dnowprefetch cpuid_fault epb cat_l3 cat_l2 cdp_l3 cdp_l2 ssbd mba ibrs ibpb stibp ibrs_enhanced tpr_shadow flexpriority ept vpid ept_ad fsgsbase tsc_adjust bmi1 avx2 smep bmi2 erms invpcid cqm rdt_a avx512f avx512dq rdseed adx smap avx512ifma clflushopt clwb intel_pt avx512cd sha_ni avx512bw avx512vl xsaveopt xsavec xgetbv1 xsaves cqm_llc cqm_occup_llc cqm_mbm_total cqm_mbm_local split_lock_detect user_shstk avx_vnni avx512_bf16 wbnoinvd dtherm ida arat pln pts vnmi avx512vbmi umip pku ospke waitpkg avx512_vbmi2 gfni vaes vpclmulqdq avx512_vnni avx512_bitalg avx512_vpopcntdq la57 rdpid bus_lock_detect cldemote movdiri movdir64b enqcmd fsrm md_clear serialize tsxldtrk pconfig arch_lbr ibt amx_bf16 avx512_fp16 amx_tile amx_int8 flush_l1d arch_capabilities
vmx flags	: vnmi preemption_timer posted_intr invvpid ept_x_only ept_ad ept_1gb ept_5level flexpriority apicv tsc_offset vtpr mtf vapic ept vpid unrestricted_guest vapic_reg vid ple shadow_vmcs pml ept_violation_ve ept_mode_based_exec tsc_scaling usr_wait_pause notify_vm_exiting ipi_virt
bugs		: spectre_v1 spectre_v2 spec_store_bypass swapgs eibrs_pbrsb bhi spectre_v2_user old_microcode vmscape
bogomips	: 4000.00
clflush size	: 64
cache_alignment	: 64
address sizes	: 46 bits physical, 57 bits virtual
power management:

processor	: 48
vendor_id	: GenuineIntel
cpu family	: 6
model		: 143
model name	: Intel(R) Xeon(R) Platinum 8480+
stepping	: 8
microcode	: 0x2b000639
cpu MHz		: 3800.000
cache size	: 107520 KB
physical id	: 0
siblings	: 56
core id		: 10
cpu cores	: 56
apicid		: 20
initial apicid	: 20
fpu		: yes
fpu_exception	: yes
cpuid level	: 32
wp		: yes
flags		: fpu vme de pse tsc msr pae mce cx8 apic sep mtrr pge mca cmov pat pse36 clflush dts acpi mmx fxsr sse sse2 ss ht tm pbe syscall nx pdpe1gb rdtscp lm constant_tsc art arch_perfmon pebs bts rep_good nopl xtopology nonstop_tsc cpuid aperfmperf tsc_known_freq pni pclmulqdq dtes64 monitor ds_cpl vmx smx est tm2 ssse3 sdbg fma cx16 xtpr pdcm pcid dca sse4_1 sse4_2 x2apic movbe popcnt tsc_deadline_timer aes xsave avx f16c rdrand lahf_lm abm 3dnowprefetch cpuid_fault epb cat_l3 cat_l2 cdp_l3 cdp_l2 ssbd mba ibrs ibpb stibp ibrs_enhanced tpr_shadow flexpriority ept vpid ept_ad fsgsbase tsc_adjust bmi1 avx2 smep bmi2 erms invpcid cqm rdt_a avx512f avx512dq rdseed adx smap avx512ifma clflushopt clwb intel_pt avx512cd sha_ni avx512bw avx512vl xsaveopt xsavec xgetbv1 xsaves cqm_llc cqm_occup_llc cqm_mbm_total cqm_mbm_local split_lock_detect user_shstk avx_vnni avx512_bf16 wbnoinvd dtherm ida arat pln pts vnmi avx512vbmi umip pku ospke waitpkg avx512_vbmi2 gfni vaes vpclmulqdq avx512_vnni avx512_bitalg avx512_vpopcntdq la57 rdpid bus_lock_detect cldemote movdiri movdir64b enqcmd fsrm md_clear serialize tsxldtrk pconfig arch_lbr ibt amx_bf16 avx512_fp16 amx_tile amx_int8 flush_l1d arch_capabilities
vmx flags	: vnmi preemption_timer posted_intr invvpid ept_x_only ept_ad ept_1gb ept_5level flexpriority apicv tsc_offset vtpr mtf vapic ept vpid unrestricted_guest vapic_reg vid ple shadow_vmcs pml ept_violation_ve ept_mode_based_exec tsc_scaling usr_wait_pause notify_vm_exiting ipi_virt
bugs		: spectre_v1 spectre_v2 spec_store_bypass swapgs eibrs_pbrsb bhi spectre_v2_user old_microcode vmscape
bogomips	: 4000.00
clflush size	: 64
cache_alignment	: 64
address sizes	: 46 bits physical, 57 bits virtual
power management:

processor	: 49
vendor_id	: GenuineIntel
cpu family	: 6
model		: 143
model name	: Intel(R) Xeon(R) Platinum 8480+
stepping	: 8
microcode	: 0x2b000639
cpu MHz		: 2885.033
cache size	: 107520 KB
physical id	: 1
siblings	: 56
core id		: 11
cpu cores	: 56
apicid		: 150
initial apicid	: 150
fpu		: yes
fpu_exception	: yes
cpuid level	: 32
wp		: yes
flags		: fpu vme de pse tsc msr pae mce cx8 apic sep mtrr pge mca cmov pat pse36 clflush dts acpi mmx fxsr sse sse2 ss ht tm pbe syscall nx pdpe1gb rdtscp lm constant_tsc art arch_perfmon pebs bts rep_good nopl xtopology nonstop_tsc cpuid aperfmperf tsc_known_freq pni pclmulqdq dtes64 monitor ds_cpl vmx smx est tm2 ssse3 sdbg fma cx16 xtpr pdcm pcid dca sse4_1 sse4_2 x2apic movbe popcnt tsc_deadline_timer aes xsave avx f16c rdrand lahf_lm abm 3dnowprefetch cpuid_fault epb cat_l3 cat_l2 cdp_l3 cdp_l2 ssbd mba ibrs ibpb stibp ibrs_enhanced tpr_shadow flexpriority ept vpid ept_ad fsgsbase tsc_adjust bmi1 avx2 smep bmi2 erms invpcid cqm rdt_a avx512f avx512dq rdseed adx smap avx512ifma clflushopt clwb intel_pt avx512cd sha_ni avx512bw avx512vl xsaveopt xsavec xgetbv1 xsaves cqm_llc cqm_occup_llc cqm_mbm_total cqm_mbm_local split_lock_detect user_shstk avx_vnni avx512_bf16 wbnoinvd dtherm ida arat pln pts vnmi avx512vbmi umip pku ospke waitpkg avx512_vbmi2 gfni vaes vpclmulqdq avx512_vnni avx512_bitalg avx512_vpopcntdq la57 rdpid bus_lock_detect cldemote movdiri movdir64b enqcmd fsrm md_clear serialize tsxldtrk pconfig arch_lbr ibt amx_bf16 avx512_fp16 amx_tile amx_int8 flush_l1d arch_capabilities
vmx flags	: vnmi preemption_timer posted_intr invvpid ept_x_only ept_ad ept_1gb ept_5level flexpriority apicv tsc_offset vtpr mtf vapic ept vpid unrestricted_guest vapic_reg vid ple shadow_vmcs pml ept_violation_ve ept_mode_based_exec tsc_scaling usr_wait_pause notify_vm_exiting ipi_virt
bugs		: spectre_v1 spectre_v2 spec_store_bypass swapgs eibrs_pbrsb bhi spectre_v2_user old_microcode vmscape
bogomips	: 4000.00
clflush size	: 64
cache_alignment	: 64
address sizes	: 46 bits physical, 57 bits virtual
power management:

processor	: 50
vendor_id	: GenuineIntel
cpu family	: 6
model		: 143
model name	: Intel(R) Xeon(R) Platinum 8480+
stepping	: 8
microcode	: 0x2b000639
cpu MHz		: 3800.000
cache size	: 107520 KB
physical id	: 0
siblings	: 56
core id		: 29
cpu cores	: 56
apicid		: 58
initial apicid	: 58
fpu		: yes
fpu_exception	: yes
cpuid level	: 32
wp		: yes
flags		: fpu vme de pse tsc msr pae mce cx8 apic sep mtrr pge mca cmov pat pse36 clflush dts acpi mmx fxsr sse sse2 ss ht tm pbe syscall nx pdpe1gb rdtscp lm constant_tsc art arch_perfmon pebs bts rep_good nopl xtopology nonstop_tsc cpuid aperfmperf tsc_known_freq pni pclmulqdq dtes64 monitor ds_cpl vmx smx est tm2 ssse3 sdbg fma cx16 xtpr pdcm pcid dca sse4_1 sse4_2 x2apic movbe popcnt tsc_deadline_timer aes xsave avx f16c rdrand lahf_lm abm 3dnowprefetch cpuid_fault epb cat_l3 cat_l2 cdp_l3 cdp_l2 ssbd mba ibrs ibpb stibp ibrs_enhanced tpr_shadow flexpriority ept vpid ept_ad fsgsbase tsc_adjust bmi1 avx2 smep bmi2 erms invpcid cqm rdt_a avx512f avx512dq rdseed adx smap avx512ifma clflushopt clwb intel_pt avx512cd sha_ni avx512bw avx512vl xsaveopt xsavec xgetbv1 xsaves cqm_llc cqm_occup_llc cqm_mbm_total cqm_mbm_local split_lock_detect user_shstk avx_vnni avx512_bf16 wbnoinvd dtherm ida arat pln pts vnmi avx512vbmi umip pku ospke waitpkg avx512_vbmi2 gfni vaes vpclmulqdq avx512_vnni avx512_bitalg avx512_vpopcntdq la57 rdpid bus_lock_detect cldemote movdiri movdir64b enqcmd fsrm md_clear serialize tsxldtrk pconfig arch_lbr ibt amx_bf16 avx512_fp16 amx_tile amx_int8 flush_l1d arch_capabilities
vmx flags	: vnmi preemption_timer posted_intr invvpid ept_x_only ept_ad ept_1gb ept_5level flexpriority apicv tsc_offset vtpr mtf vapic ept vpid unrestricted_guest vapic_reg vid ple shadow_vmcs pml ept_violation_ve ept_mode_based_exec tsc_scaling usr_wait_pause notify_vm_exiting ipi_virt
bugs		: spectre_v1 spectre_v2 spec_store_bypass swapgs eibrs_pbrsb bhi spectre_v2_user old_microcode vmscape
bogomips	: 4000.00
clflush size	: 64
cache_alignment	: 64
address sizes	: 46 bits physical, 57 bits virtual
power management:

processor	: 51
vendor_id	: GenuineIntel
cpu family	: 6
model		: 143
model name	: Intel(R) Xeon(R) Platinum 8480+
stepping	: 8
microcode	: 0x2b000639
cpu MHz		: 2848.689
cache size	: 107520 KB
physical id	: 1
siblings	: 56
core id		: 29
cpu cores	: 56
apicid		: 186
initial apicid	: 186
fpu		: yes
fpu_exception	: yes
cpuid level	: 32
wp		: yes
flags		: fpu vme de pse tsc msr pae mce cx8 apic sep mtrr pge mca cmov pat pse36 clflush dts acpi mmx fxsr sse sse2 ss ht tm pbe syscall nx pdpe1gb rdtscp lm constant_tsc art arch_perfmon pebs bts rep_good nopl xtopology nonstop_tsc cpuid aperfmperf tsc_known_freq pni pclmulqdq dtes64 monitor ds_cpl vmx smx est tm2 ssse3 sdbg fma cx16 xtpr pdcm pcid dca sse4_1 sse4_2 x2apic movbe popcnt tsc_deadline_timer aes xsave avx f16c rdrand lahf_lm abm 3dnowprefetch cpuid_fault epb cat_l3 cat_l2 cdp_l3 cdp_l2 ssbd mba ibrs ibpb stibp ibrs_enhanced tpr_shadow flexpriority ept vpid ept_ad fsgsbase tsc_adjust bmi1 avx2 smep bmi2 erms invpcid cqm rdt_a avx512f avx512dq rdseed adx smap avx512ifma clflushopt clwb intel_pt avx512cd sha_ni avx512bw avx512vl xsaveopt xsavec xgetbv1 xsaves cqm_llc cqm_occup_llc cqm_mbm_total cqm_mbm_local split_lock_detect user_shstk avx_vnni avx512_bf16 wbnoinvd dtherm ida arat pln pts vnmi avx512vbmi umip pku ospke waitpkg avx512_vbmi2 gfni vaes vpclmulqdq avx512_vnni avx512_bitalg avx512_vpopcntdq la57 rdpid bus_lock_detect cldemote movdiri movdir64b enqcmd fsrm md_clear serialize tsxldtrk pconfig arch_lbr ibt amx_bf16 avx512_fp16 amx_tile amx_int8 flush_l1d arch_capabilities
vmx flags	: vnmi preemption_timer posted_intr invvpid ept_x_only ept_ad ept_1gb ept_5level flexpriority apicv tsc_offset vtpr mtf vapic ept vpid unrestricted_guest vapic_reg vid ple shadow_vmcs pml ept_violation_ve ept_mode_based_exec tsc_scaling usr_wait_pause notify_vm_exiting ipi_virt
bugs		: spectre_v1 spectre_v2 spec_store_bypass swapgs eibrs_pbrsb bhi spectre_v2_user old_microcode vmscape
bogomips	: 4000.00
clflush size	: 64
cache_alignment	: 64
address sizes	: 46 bits physical, 57 bits virtual
power management:

processor	: 52
vendor_id	: GenuineIntel
cpu family	: 6
model		: 143
model name	: Intel(R) Xeon(R) Platinum 8480+
stepping	: 8
microcode	: 0x2b000639
cpu MHz		: 3800.000
cache size	: 107520 KB
physical id	: 0
siblings	: 56
core id		: 14
cpu cores	: 56
apicid		: 28
initial apicid	: 28
fpu		: yes
fpu_exception	: yes
cpuid level	: 32
wp		: yes
flags		: fpu vme de pse tsc msr pae mce cx8 apic sep mtrr pge mca cmov pat pse36 clflush dts acpi mmx fxsr sse sse2 ss ht tm pbe syscall nx pdpe1gb rdtscp lm constant_tsc art arch_perfmon pebs bts rep_good nopl xtopology nonstop_tsc cpuid aperfmperf tsc_known_freq pni pclmulqdq dtes64 monitor ds_cpl vmx smx est tm2 ssse3 sdbg fma cx16 xtpr pdcm pcid dca sse4_1 sse4_2 x2apic movbe popcnt tsc_deadline_timer aes xsave avx f16c rdrand lahf_lm abm 3dnowprefetch cpuid_fault epb cat_l3 cat_l2 cdp_l3 cdp_l2 ssbd mba ibrs ibpb stibp ibrs_enhanced tpr_shadow flexpriority ept vpid ept_ad fsgsbase tsc_adjust bmi1 avx2 smep bmi2 erms invpcid cqm rdt_a avx512f avx512dq rdseed adx smap avx512ifma clflushopt clwb intel_pt avx512cd sha_ni avx512bw avx512vl xsaveopt xsavec xgetbv1 xsaves cqm_llc cqm_occup_llc cqm_mbm_total cqm_mbm_local split_lock_detect user_shstk avx_vnni avx512_bf16 wbnoinvd dtherm ida arat pln pts vnmi avx512vbmi umip pku ospke waitpkg avx512_vbmi2 gfni vaes vpclmulqdq avx512_vnni avx512_bitalg avx512_vpopcntdq la57 rdpid bus_lock_detect cldemote movdiri movdir64b enqcmd fsrm md_clear serialize tsxldtrk pconfig arch_lbr ibt amx_bf16 avx512_fp16 amx_tile amx_int8 flush_l1d arch_capabilities
vmx flags	: vnmi preemption_timer posted_intr invvpid ept_x_only ept_ad ept_1gb ept_5level flexpriority apicv tsc_offset vtpr mtf vapic ept vpid unrestricted_guest vapic_reg vid ple shadow_vmcs pml ept_violation_ve ept_mode_based_exec tsc_scaling usr_wait_pause notify_vm_exiting ipi_virt
bugs		: spectre_v1 spectre_v2 spec_store_bypass swapgs eibrs_pbrsb bhi spectre_v2_user old_microcode vmscape
bogomips	: 4000.00
clflush size	: 64
cache_alignment	: 64
address sizes	: 46 bits physical, 57 bits virtual
power management:

processor	: 53
vendor_id	: GenuineIntel
cpu family	: 6
model		: 143
model name	: Intel(R) Xeon(R) Platinum 8480+
stepping	: 8
microcode	: 0x2b000639
cpu MHz		: 2869.655
cache size	: 107520 KB
physical id	: 1
siblings	: 56
core id		: 14
cpu cores	: 56
apicid		: 156
initial apicid	: 156
fpu		: yes
fpu_exception	: yes
cpuid level	: 32
wp		: yes
flags		: fpu vme de pse tsc msr pae mce cx8 apic sep mtrr pge mca cmov pat pse36 clflush dts acpi mmx fxsr sse sse2 ss ht tm pbe syscall nx pdpe1gb rdtscp lm constant_tsc art arch_perfmon pebs bts rep_good nopl xtopology nonstop_tsc cpuid aperfmperf tsc_known_freq pni pclmulqdq dtes64 monitor ds_cpl vmx smx est tm2 ssse3 sdbg fma cx16 xtpr pdcm pcid dca sse4_1 sse4_2 x2apic movbe popcnt tsc_deadline_timer aes xsave avx f16c rdrand lahf_lm abm 3dnowprefetch cpuid_fault epb cat_l3 cat_l2 cdp_l3 cdp_l2 ssbd mba ibrs ibpb stibp ibrs_enhanced tpr_shadow flexpriority ept vpid ept_ad fsgsbase tsc_adjust bmi1 avx2 smep bmi2 erms invpcid cqm rdt_a avx512f avx512dq rdseed adx smap avx512ifma clflushopt clwb intel_pt avx512cd sha_ni avx512bw avx512vl xsaveopt xsavec xgetbv1 xsaves cqm_llc cqm_occup_llc cqm_mbm_total cqm_mbm_local split_lock_detect user_shstk avx_vnni avx512_bf16 wbnoinvd dtherm ida arat pln pts vnmi avx512vbmi umip pku ospke waitpkg avx512_vbmi2 gfni vaes vpclmulqdq avx512_vnni avx512_bitalg avx512_vpopcntdq la57 rdpid bus_lock_detect cldemote movdiri movdir64b enqcmd fsrm md_clear serialize tsxldtrk pconfig arch_lbr ibt amx_bf16 avx512_fp16 amx_tile amx_int8 flush_l1d arch_capabilities
vmx flags	: vnmi preemption_timer posted_intr invvpid ept_x_only ept_ad ept_1gb ept_5level flexpriority apicv tsc_offset vtpr mtf vapic ept vpid unrestricted_guest vapic_reg vid ple shadow_vmcs pml ept_violation_ve ept_mode_based_exec tsc_scaling usr_wait_pause notify_vm_exiting ipi_virt
bugs		: spectre_v1 spectre_v2 spec_store_bypass swapgs eibrs_pbrsb bhi spectre_v2_user old_microcode vmscape
bogomips	: 4000.00
clflush size	: 64
cache_alignment	: 64
address sizes	: 46 bits physical, 57 bits virtual
power management:

processor	: 54
vendor_id	: GenuineIntel
cpu family	: 6
model		: 143
model name	: Intel(R) Xeon(R) Platinum 8480+
stepping	: 8
microcode	: 0x2b000639
cpu MHz		: 3800.000
cache size	: 107520 KB
physical id	: 0
siblings	: 56
core id		: 53
cpu cores	: 56
apicid		: 106
initial apicid	: 106
fpu		: yes
fpu_exception	: yes
cpuid level	: 32
wp		: yes
flags		: fpu vme de pse tsc msr pae mce cx8 apic sep mtrr pge mca cmov pat pse36 clflush dts acpi mmx fxsr sse sse2 ss ht tm pbe syscall nx pdpe1gb rdtscp lm constant_tsc art arch_perfmon pebs bts rep_good nopl xtopology nonstop_tsc cpuid aperfmperf tsc_known_freq pni pclmulqdq dtes64 monitor ds_cpl vmx smx est tm2 ssse3 sdbg fma cx16 xtpr pdcm pcid dca sse4_1 sse4_2 x2apic movbe popcnt tsc_deadline_timer aes xsave avx f16c rdrand lahf_lm abm 3dnowprefetch cpuid_fault epb cat_l3 cat_l2 cdp_l3 cdp_l2 ssbd mba ibrs ibpb stibp ibrs_enhanced tpr_shadow flexpriority ept vpid ept_ad fsgsbase tsc_adjust bmi1 avx2 smep bmi2 erms invpcid cqm rdt_a avx512f avx512dq rdseed adx smap avx512ifma clflushopt clwb intel_pt avx512cd sha_ni avx512bw avx512vl xsaveopt xsavec xgetbv1 xsaves cqm_llc cqm_occup_llc cqm_mbm_total cqm_mbm_local split_lock_detect user_shstk avx_vnni avx512_bf16 wbnoinvd dtherm ida arat pln pts vnmi avx512vbmi umip pku ospke waitpkg avx512_vbmi2 gfni vaes vpclmulqdq avx512_vnni avx512_bitalg avx512_vpopcntdq la57 rdpid bus_lock_detect cldemote movdiri movdir64b enqcmd fsrm md_clear serialize tsxldtrk pconfig arch_lbr ibt amx_bf16 avx512_fp16 amx_tile amx_int8 flush_l1d arch_capabilities
vmx flags	: vnmi preemption_timer posted_intr invvpid ept_x_only ept_ad ept_1gb ept_5level flexpriority apicv tsc_offset vtpr mtf vapic ept vpid unrestricted_guest vapic_reg vid ple shadow_vmcs pml ept_violation_ve ept_mode_based_exec tsc_scaling usr_wait_pause notify_vm_exiting ipi_virt
bugs		: spectre_v1 spectre_v2 spec_store_bypass swapgs eibrs_pbrsb bhi spectre_v2_user old_microcode vmscape
bogomips	: 4000.00
clflush size	: 64
cache_alignment	: 64
address sizes	: 46 bits physical, 57 bits virtual
power management:

processor	: 55
vendor_id	: GenuineIntel
cpu family	: 6
model		: 143
model name	: Intel(R) Xeon(R) Platinum 8480+
stepping	: 8
microcode	: 0x2b000639
cpu MHz		: 2597.676
cache size	: 107520 KB
physical id	: 1
siblings	: 56
core id		: 53
cpu cores	: 56
apicid		: 234
initial apicid	: 234
fpu		: yes
fpu_exception	: yes
cpuid level	: 32
wp		: yes
flags		: fpu vme de pse tsc msr pae mce cx8 apic sep mtrr pge mca cmov pat pse36 clflush dts acpi mmx fxsr sse sse2 ss ht tm pbe syscall nx pdpe1gb rdtscp lm constant_tsc art arch_perfmon pebs bts rep_good nopl xtopology nonstop_tsc cpuid aperfmperf tsc_known_freq pni pclmulqdq dtes64 monitor ds_cpl vmx smx est tm2 ssse3 sdbg fma cx16 xtpr pdcm pcid dca sse4_1 sse4_2 x2apic movbe popcnt tsc_deadline_timer aes xsave avx f16c rdrand lahf_lm abm 3dnowprefetch cpuid_fault epb cat_l3 cat_l2 cdp_l3 cdp_l2 ssbd mba ibrs ibpb stibp ibrs_enhanced tpr_shadow flexpriority ept vpid ept_ad fsgsbase tsc_adjust bmi1 avx2 smep bmi2 erms invpcid cqm rdt_a avx512f avx512dq rdseed adx smap avx512ifma clflushopt clwb intel_pt avx512cd sha_ni avx512bw avx512vl xsaveopt xsavec xgetbv1 xsaves cqm_llc cqm_occup_llc cqm_mbm_total cqm_mbm_local split_lock_detect user_shstk avx_vnni avx512_bf16 wbnoinvd dtherm ida arat pln pts vnmi avx512vbmi umip pku ospke waitpkg avx512_vbmi2 gfni vaes vpclmulqdq avx512_vnni avx512_bitalg avx512_vpopcntdq la57 rdpid bus_lock_detect cldemote movdiri movdir64b enqcmd fsrm md_clear serialize tsxldtrk pconfig arch_lbr ibt amx_bf16 avx512_fp16 amx_tile amx_int8 flush_l1d arch_capabilities
vmx flags	: vnmi preemption_timer posted_intr invvpid ept_x_only ept_ad ept_1gb ept_5level flexpriority apicv tsc_offset vtpr mtf vapic ept vpid unrestricted_guest vapic_reg vid ple shadow_vmcs pml ept_violation_ve ept_mode_based_exec tsc_scaling usr_wait_pause notify_vm_exiting ipi_virt
bugs		: spectre_v1 spectre_v2 spec_store_bypass swapgs eibrs_pbrsb bhi spectre_v2_user old_microcode vmscape
bogomips	: 4000.00
clflush size	: 64
cache_alignment	: 64
address sizes	: 46 bits physical, 57 bits virtual
power management:

processor	: 56
vendor_id	: GenuineIntel
cpu family	: 6
model		: 143
model name	: Intel(R) Xeon(R) Platinum 8480+
stepping	: 8
microcode	: 0x2b000639
cpu MHz		: 3800.000
cache size	: 107520 KB
physical id	: 0
siblings	: 56
core id		: 2
cpu cores	: 56
apicid		: 4
initial apicid	: 4
fpu		: yes
fpu_exception	: yes
cpuid level	: 32
wp		: yes
flags		: fpu vme de pse tsc msr pae mce cx8 apic sep mtrr pge mca cmov pat pse36 clflush dts acpi mmx fxsr sse sse2 ss ht tm pbe syscall nx pdpe1gb rdtscp lm constant_tsc art arch_perfmon pebs bts rep_good nopl xtopology nonstop_tsc cpuid aperfmperf tsc_known_freq pni pclmulqdq dtes64 monitor ds_cpl vmx smx est tm2 ssse3 sdbg fma cx16 xtpr pdcm pcid dca sse4_1 sse4_2 x2apic movbe popcnt tsc_deadline_timer aes xsave avx f16c rdrand lahf_lm abm 3dnowprefetch cpuid_fault epb cat_l3 cat_l2 cdp_l3 cdp_l2 ssbd mba ibrs ibpb stibp ibrs_enhanced tpr_shadow flexpriority ept vpid ept_ad fsgsbase tsc_adjust bmi1 avx2 smep bmi2 erms invpcid cqm rdt_a avx512f avx512dq rdseed adx smap avx512ifma clflushopt clwb intel_pt avx512cd sha_ni avx512bw avx512vl xsaveopt xsavec xgetbv1 xsaves cqm_llc cqm_occup_llc cqm_mbm_total cqm_mbm_local split_lock_detect user_shstk avx_vnni avx512_bf16 wbnoinvd dtherm ida arat pln pts vnmi avx512vbmi umip pku ospke waitpkg avx512_vbmi2 gfni vaes vpclmulqdq avx512_vnni avx512_bitalg avx512_vpopcntdq la57 rdpid bus_lock_detect cldemote movdiri movdir64b enqcmd fsrm md_clear serialize tsxldtrk pconfig arch_lbr ibt amx_bf16 avx512_fp16 amx_tile amx_int8 flush_l1d arch_capabilities
vmx flags	: vnmi preemption_timer posted_intr invvpid ept_x_only ept_ad ept_1gb ept_5level flexpriority apicv tsc_offset vtpr mtf vapic ept vpid unrestricted_guest vapic_reg vid ple shadow_vmcs pml ept_violation_ve ept_mode_based_exec tsc_scaling usr_wait_pause notify_vm_exiting ipi_virt
bugs		: spectre_v1 spectre_v2 spec_store_bypass swapgs eibrs_pbrsb bhi spectre_v2_user old_microcode vmscape
bogomips	: 4000.00
clflush size	: 64
cache_alignment	: 64
address sizes	: 46 bits physical, 57 bits virtual
power management:

processor	: 57
vendor_id	: GenuineIntel
cpu family	: 6
model		: 143
model name	: Intel(R) Xeon(R) Platinum 8480+
stepping	: 8
microcode	: 0x2b000639
cpu MHz		: 2840.918
cache size	: 107520 KB
physical id	: 1
siblings	: 56
core id		: 2
cpu cores	: 56
apicid		: 132
initial apicid	: 132
fpu		: yes
fpu_exception	: yes
cpuid level	: 32
wp		: yes
flags		: fpu vme de pse tsc msr pae mce cx8 apic sep mtrr pge mca cmov pat pse36 clflush dts acpi mmx fxsr sse sse2 ss ht tm pbe syscall nx pdpe1gb rdtscp lm constant_tsc art arch_perfmon pebs bts rep_good nopl xtopology nonstop_tsc cpuid aperfmperf tsc_known_freq pni pclmulqdq dtes64 monitor ds_cpl vmx smx est tm2 ssse3 sdbg fma cx16 xtpr pdcm pcid dca sse4_1 sse4_2 x2apic movbe popcnt tsc_deadline_timer aes xsave avx f16c rdrand lahf_lm abm 3dnowprefetch cpuid_fault epb cat_l3 cat_l2 cdp_l3 cdp_l2 ssbd mba ibrs ibpb stibp ibrs_enhanced tpr_shadow flexpriority ept vpid ept_ad fsgsbase tsc_adjust bmi1 avx2 smep bmi2 erms invpcid cqm rdt_a avx512f avx512dq rdseed adx smap avx512ifma clflushopt clwb intel_pt avx512cd sha_ni avx512bw avx512vl xsaveopt xsavec xgetbv1 xsaves cqm_llc cqm_occup_llc cqm_mbm_total cqm_mbm_local split_lock_detect user_shstk avx_vnni avx512_bf16 wbnoinvd dtherm ida arat pln pts vnmi avx512vbmi umip pku ospke waitpkg avx512_vbmi2 gfni vaes vpclmulqdq avx512_vnni avx512_bitalg avx512_vpopcntdq la57 rdpid bus_lock_detect cldemote movdiri movdir64b enqcmd fsrm md_clear serialize tsxldtrk pconfig arch_lbr ibt amx_bf16 avx512_fp16 amx_tile amx_int8 flush_l1d arch_capabilities
vmx flags	: vnmi preemption_timer posted_intr invvpid ept_x_only ept_ad ept_1gb ept_5level flexpriority apicv tsc_offset vtpr mtf vapic ept vpid unrestricted_guest vapic_reg vid ple shadow_vmcs pml ept_violation_ve ept_mode_based_exec tsc_scaling usr_wait_pause notify_vm_exiting ipi_virt
bugs		: spectre_v1 spectre_v2 spec_store_bypass swapgs eibrs_pbrsb bhi spectre_v2_user old_microcode vmscape
bogomips	: 4000.00
clflush size	: 64
cache_alignment	: 64
address sizes	: 46 bits physical, 57 bits virtual
power management:

processor	: 58
vendor_id	: GenuineIntel
cpu family	: 6
model		: 143
model name	: Intel(R) Xeon(R) Platinum 8480+
stepping	: 8
microcode	: 0x2b000639
cpu MHz		: 3800.000
cache size	: 107520 KB
physical id	: 0
siblings	: 56
core id		: 32
cpu cores	: 56
apicid		: 64
initial apicid	: 64
fpu		: yes
fpu_exception	: yes
cpuid level	: 32
wp		: yes
flags		: fpu vme de pse tsc msr pae mce cx8 apic sep mtrr pge mca cmov pat pse36 clflush dts acpi mmx fxsr sse sse2 ss ht tm pbe syscall nx pdpe1gb rdtscp lm constant_tsc art arch_perfmon pebs bts rep_good nopl xtopology nonstop_tsc cpuid aperfmperf tsc_known_freq pni pclmulqdq dtes64 monitor ds_cpl vmx smx est tm2 ssse3 sdbg fma cx16 xtpr pdcm pcid dca sse4_1 sse4_2 x2apic movbe popcnt tsc_deadline_timer aes xsave avx f16c rdrand lahf_lm abm 3dnowprefetch cpuid_fault epb cat_l3 cat_l2 cdp_l3 cdp_l2 ssbd mba ibrs ibpb stibp ibrs_enhanced tpr_shadow flexpriority ept vpid ept_ad fsgsbase tsc_adjust bmi1 avx2 smep bmi2 erms invpcid cqm rdt_a avx512f avx512dq rdseed adx smap avx512ifma clflushopt clwb intel_pt avx512cd sha_ni avx512bw avx512vl xsaveopt xsavec xgetbv1 xsaves cqm_llc cqm_occup_llc cqm_mbm_total cqm_mbm_local split_lock_detect user_shstk avx_vnni avx512_bf16 wbnoinvd dtherm ida arat pln pts vnmi avx512vbmi umip pku ospke waitpkg avx512_vbmi2 gfni vaes vpclmulqdq avx512_vnni avx512_bitalg avx512_vpopcntdq la57 rdpid bus_lock_detect cldemote movdiri movdir64b enqcmd fsrm md_clear serialize tsxldtrk pconfig arch_lbr ibt amx_bf16 avx512_fp16 amx_tile amx_int8 flush_l1d arch_capabilities
vmx flags	: vnmi preemption_timer posted_intr invvpid ept_x_only ept_ad ept_1gb ept_5level flexpriority apicv tsc_offset vtpr mtf vapic ept vpid unrestricted_guest vapic_reg vid ple shadow_vmcs pml ept_violation_ve ept_mode_based_exec tsc_scaling usr_wait_pause notify_vm_exiting ipi_virt
bugs		: spectre_v1 spectre_v2 spec_store_bypass swapgs eibrs_pbrsb bhi spectre_v2_user old_microcode vmscape
bogomips	: 4000.00
clflush size	: 64
cache_alignment	: 64
address sizes	: 46 bits physical, 57 bits virtual
power management:

processor	: 59
vendor_id	: GenuineIntel
cpu family	: 6
model		: 143
model name	: Intel(R) Xeon(R) Platinum 8480+
stepping	: 8
microcode	: 0x2b000639
cpu MHz		: 2900.910
cache size	: 107520 KB
physical id	: 1
siblings	: 56
core id		: 32
cpu cores	: 56
apicid		: 192
initial apicid	: 192
fpu		: yes
fpu_exception	: yes
cpuid level	: 32
wp		: yes
flags		: fpu vme de pse tsc msr pae mce cx8 apic sep mtrr pge mca cmov pat pse36 clflush dts acpi mmx fxsr sse sse2 ss ht tm pbe syscall nx pdpe1gb rdtscp lm constant_tsc art arch_perfmon pebs bts rep_good nopl xtopology nonstop_tsc cpuid aperfmperf tsc_known_freq pni pclmulqdq dtes64 monitor ds_cpl vmx smx est tm2 ssse3 sdbg fma cx16 xtpr pdcm pcid dca sse4_1 sse4_2 x2apic movbe popcnt tsc_deadline_timer aes xsave avx f16c rdrand lahf_lm abm 3dnowprefetch cpuid_fault epb cat_l3 cat_l2 cdp_l3 cdp_l2 ssbd mba ibrs ibpb stibp ibrs_enhanced tpr_shadow flexpriority ept vpid ept_ad fsgsbase tsc_adjust bmi1 avx2 smep bmi2 erms invpcid cqm rdt_a avx512f avx512dq rdseed adx smap avx512ifma clflushopt clwb intel_pt avx512cd sha_ni avx512bw avx512vl xsaveopt xsavec xgetbv1 xsaves cqm_llc cqm_occup_llc cqm_mbm_total cqm_mbm_local split_lock_detect user_shstk avx_vnni avx512_bf16 wbnoinvd dtherm ida arat pln pts vnmi avx512vbmi umip pku ospke waitpkg avx512_vbmi2 gfni vaes vpclmulqdq avx512_vnni avx512_bitalg avx512_vpopcntdq la57 rdpid bus_lock_detect cldemote movdiri movdir64b enqcmd fsrm md_clear serialize tsxldtrk pconfig arch_lbr ibt amx_bf16 avx512_fp16 amx_tile amx_int8 flush_l1d arch_capabilities
vmx flags	: vnmi preemption_timer posted_intr invvpid ept_x_only ept_ad ept_1gb ept_5level flexpriority apicv tsc_offset vtpr mtf vapic ept vpid unrestricted_guest vapic_reg vid ple shadow_vmcs pml ept_violation_ve ept_mode_based_exec tsc_scaling usr_wait_pause notify_vm_exiting ipi_virt
bugs		: spectre_v1 spectre_v2 spec_store_bypass swapgs eibrs_pbrsb bhi spectre_v2_user old_microcode vmscape
bogomips	: 4000.00
clflush size	: 64
cache_alignment	: 64
address sizes	: 46 bits physical, 57 bits virtual
power management:

processor	: 60
vendor_id	: GenuineIntel
cpu family	: 6
model		: 143
model name	: Intel(R) Xeon(R) Platinum 8480+
stepping	: 8
microcode	: 0x2b000639
cpu MHz		: 3000.000
cache size	: 107520 KB
physical id	: 0
siblings	: 56
core id		: 26
cpu cores	: 56
apicid		: 52
initial apicid	: 52
fpu		: yes
fpu_exception	: yes
cpuid level	: 32
wp		: yes
flags		: fpu vme de pse tsc msr pae mce cx8 apic sep mtrr pge mca cmov pat pse36 clflush dts acpi mmx fxsr sse sse2 ss ht tm pbe syscall nx pdpe1gb rdtscp lm constant_tsc art arch_perfmon pebs bts rep_good nopl xtopology nonstop_tsc cpuid aperfmperf tsc_known_freq pni pclmulqdq dtes64 monitor ds_cpl vmx smx est tm2 ssse3 sdbg fma cx16 xtpr pdcm pcid dca sse4_1 sse4_2 x2apic movbe popcnt tsc_deadline_timer aes xsave avx f16c rdrand lahf_lm abm 3dnowprefetch cpuid_fault epb cat_l3 cat_l2 cdp_l3 cdp_l2 ssbd mba ibrs ibpb stibp ibrs_enhanced tpr_shadow flexpriority ept vpid ept_ad fsgsbase tsc_adjust bmi1 avx2 smep bmi2 erms invpcid cqm rdt_a avx512f avx512dq rdseed adx smap avx512ifma clflushopt clwb intel_pt avx512cd sha_ni avx512bw avx512vl xsaveopt xsavec xgetbv1 xsaves cqm_llc cqm_occup_llc cqm_mbm_total cqm_mbm_local split_lock_detect user_shstk avx_vnni avx512_bf16 wbnoinvd dtherm ida arat pln pts vnmi avx512vbmi umip pku ospke waitpkg avx512_vbmi2 gfni vaes vpclmulqdq avx512_vnni avx512_bitalg avx512_vpopcntdq la57 rdpid bus_lock_detect cldemote movdiri movdir64b enqcmd fsrm md_clear serialize tsxldtrk pconfig arch_lbr ibt amx_bf16 avx512_fp16 amx_tile amx_int8 flush_l1d arch_capabilities
vmx flags	: vnmi preemption_timer posted_intr invvpid ept_x_only ept_ad ept_1gb ept_5level flexpriority apicv tsc_offset vtpr mtf vapic ept vpid unrestricted_guest vapic_reg vid ple shadow_vmcs pml ept_violation_ve ept_mode_based_exec tsc_scaling usr_wait_pause notify_vm_exiting ipi_virt
bugs		: spectre_v1 spectre_v2 spec_store_bypass swapgs eibrs_pbrsb bhi spectre_v2_user old_microcode vmscape
bogomips	: 4000.00
clflush size	: 64
cache_alignment	: 64
address sizes	: 46 bits physical, 57 bits virtual
power management:

processor	: 61
vendor_id	: GenuineIntel
cpu family	: 6
model		: 143
model name	: Intel(R) Xeon(R) Platinum 8480+
stepping	: 8
microcode	: 0x2b000639
cpu MHz		: 2973.046
cache size	: 107520 KB
physical id	: 1
siblings	: 56
core id		: 26
cpu cores	: 56
apicid		: 180
initial apicid	: 180
fpu		: yes
fpu_exception	: yes
cpuid level	: 32
wp		: yes
flags		: fpu vme de pse tsc msr pae mce cx8 apic sep mtrr pge mca cmov pat pse36 clflush dts acpi mmx fxsr sse sse2 ss ht tm pbe syscall nx pdpe1gb rdtscp lm constant_tsc art arch_perfmon pebs bts rep_good nopl xtopology nonstop_tsc cpuid aperfmperf tsc_known_freq pni pclmulqdq dtes64 monitor ds_cpl vmx smx est tm2 ssse3 sdbg fma cx16 xtpr pdcm pcid dca sse4_1 sse4_2 x2apic movbe popcnt tsc_deadline_timer aes xsave avx f16c rdrand lahf_lm abm 3dnowprefetch cpuid_fault epb cat_l3 cat_l2 cdp_l3 cdp_l2 ssbd mba ibrs ibpb stibp ibrs_enhanced tpr_shadow flexpriority ept vpid ept_ad fsgsbase tsc_adjust bmi1 avx2 smep bmi2 erms invpcid cqm rdt_a avx512f avx512dq rdseed adx smap avx512ifma clflushopt clwb intel_pt avx512cd sha_ni avx512bw avx512vl xsaveopt xsavec xgetbv1 xsaves cqm_llc cqm_occup_llc cqm_mbm_total cqm_mbm_local split_lock_detect user_shstk avx_vnni avx512_bf16 wbnoinvd dtherm ida arat pln pts vnmi avx512vbmi umip pku ospke waitpkg avx512_vbmi2 gfni vaes vpclmulqdq avx512_vnni avx512_bitalg avx512_vpopcntdq la57 rdpid bus_lock_detect cldemote movdiri movdir64b enqcmd fsrm md_clear serialize tsxldtrk pconfig arch_lbr ibt amx_bf16 avx512_fp16 amx_tile amx_int8 flush_l1d arch_capabilities
vmx flags	: vnmi preemption_timer posted_intr invvpid ept_x_only ept_ad ept_1gb ept_5level flexpriority apicv tsc_offset vtpr mtf vapic ept vpid unrestricted_guest vapic_reg vid ple shadow_vmcs pml ept_violation_ve ept_mode_based_exec tsc_scaling usr_wait_pause notify_vm_exiting ipi_virt
bugs		: spectre_v1 spectre_v2 spec_store_bypass swapgs eibrs_pbrsb bhi spectre_v2_user old_microcode vmscape
bogomips	: 4000.00
clflush size	: 64
cache_alignment	: 64
address sizes	: 46 bits physical, 57 bits virtual
power management:

processor	: 62
vendor_id	: GenuineIntel
cpu family	: 6
model		: 143
model name	: Intel(R) Xeon(R) Platinum 8480+
stepping	: 8
microcode	: 0x2b000639
cpu MHz		: 3800.000
cache size	: 107520 KB
physical id	: 0
siblings	: 56
core id		: 50
cpu cores	: 56
apicid		: 100
initial apicid	: 100
fpu		: yes
fpu_exception	: yes
cpuid level	: 32
wp		: yes
flags		: fpu vme de pse tsc msr pae mce cx8 apic sep mtrr pge mca cmov pat pse36 clflush dts acpi mmx fxsr sse sse2 ss ht tm pbe syscall nx pdpe1gb rdtscp lm constant_tsc art arch_perfmon pebs bts rep_good nopl xtopology nonstop_tsc cpuid aperfmperf tsc_known_freq pni pclmulqdq dtes64 monitor ds_cpl vmx smx est tm2 ssse3 sdbg fma cx16 xtpr pdcm pcid dca sse4_1 sse4_2 x2apic movbe popcnt tsc_deadline_timer aes xsave avx f16c rdrand lahf_lm abm 3dnowprefetch cpuid_fault epb cat_l3 cat_l2 cdp_l3 cdp_l2 ssbd mba ibrs ibpb stibp ibrs_enhanced tpr_shadow flexpriority ept vpid ept_ad fsgsbase tsc_adjust bmi1 avx2 smep bmi2 erms invpcid cqm rdt_a avx512f avx512dq rdseed adx smap avx512ifma clflushopt clwb intel_pt avx512cd sha_ni avx512bw avx512vl xsaveopt xsavec xgetbv1 xsaves cqm_llc cqm_occup_llc cqm_mbm_total cqm_mbm_local split_lock_detect user_shstk avx_vnni avx512_bf16 wbnoinvd dtherm ida arat pln pts vnmi avx512vbmi umip pku ospke waitpkg avx512_vbmi2 gfni vaes vpclmulqdq avx512_vnni avx512_bitalg avx512_vpopcntdq la57 rdpid bus_lock_detect cldemote movdiri movdir64b enqcmd fsrm md_clear serialize tsxldtrk pconfig arch_lbr ibt amx_bf16 avx512_fp16 amx_tile amx_int8 flush_l1d arch_capabilities
vmx flags	: vnmi preemption_timer posted_intr invvpid ept_x_only ept_ad ept_1gb ept_5level flexpriority apicv tsc_offset vtpr mtf vapic ept vpid unrestricted_guest vapic_reg vid ple shadow_vmcs pml ept_violation_ve ept_mode_based_exec tsc_scaling usr_wait_pause notify_vm_exiting ipi_virt
bugs		: spectre_v1 spectre_v2 spec_store_bypass swapgs eibrs_pbrsb bhi spectre_v2_user old_microcode vmscape
bogomips	: 4000.00
clflush size	: 64
cache_alignment	: 64
address sizes	: 46 bits physical, 57 bits virtual
power management:

processor	: 63
vendor_id	: GenuineIntel
cpu family	: 6
model		: 143
model name	: Intel(R) Xeon(R) Platinum 8480+
stepping	: 8
microcode	: 0x2b000639
cpu MHz		: 2553.864
cache size	: 107520 KB
physical id	: 1
siblings	: 56
core id		: 49
cpu cores	: 56
apicid		: 226
initial apicid	: 226
fpu		: yes
fpu_exception	: yes
cpuid level	: 32
wp		: yes
flags		: fpu vme de pse tsc msr pae mce cx8 apic sep mtrr pge mca cmov pat pse36 clflush dts acpi mmx fxsr sse sse2 ss ht tm pbe syscall nx pdpe1gb rdtscp lm constant_tsc art arch_perfmon pebs bts rep_good nopl xtopology nonstop_tsc cpuid aperfmperf tsc_known_freq pni pclmulqdq dtes64 monitor ds_cpl vmx smx est tm2 ssse3 sdbg fma cx16 xtpr pdcm pcid dca sse4_1 sse4_2 x2apic movbe popcnt tsc_deadline_timer aes xsave avx f16c rdrand lahf_lm abm 3dnowprefetch cpuid_fault epb cat_l3 cat_l2 cdp_l3 cdp_l2 ssbd mba ibrs ibpb stibp ibrs_enhanced tpr_shadow flexpriority ept vpid ept_ad fsgsbase tsc_adjust bmi1 avx2 smep bmi2 erms invpcid cqm rdt_a avx512f avx512dq rdseed adx smap avx512ifma clflushopt clwb intel_pt avx512cd sha_ni avx512bw avx512vl xsaveopt xsavec xgetbv1 xsaves cqm_llc cqm_occup_llc cqm_mbm_total cqm_mbm_local split_lock_detect user_shstk avx_vnni avx512_bf16 wbnoinvd dtherm ida arat pln pts vnmi avx512vbmi umip pku ospke waitpkg avx512_vbmi2 gfni vaes vpclmulqdq avx512_vnni avx512_bitalg avx512_vpopcntdq la57 rdpid bus_lock_detect cldemote movdiri movdir64b enqcmd fsrm md_clear serialize tsxldtrk pconfig arch_lbr ibt amx_bf16 avx512_fp16 amx_tile amx_int8 flush_l1d arch_capabilities
vmx flags	: vnmi preemption_timer posted_intr invvpid ept_x_only ept_ad ept_1gb ept_5level flexpriority apicv tsc_offset vtpr mtf vapic ept vpid unrestricted_guest vapic_reg vid ple shadow_vmcs pml ept_violation_ve ept_mode_based_exec tsc_scaling usr_wait_pause notify_vm_exiting ipi_virt
bugs		: spectre_v1 spectre_v2 spec_store_bypass swapgs eibrs_pbrsb bhi spectre_v2_user old_microcode vmscape
bogomips	: 4000.00
clflush size	: 64
cache_alignment	: 64
address sizes	: 46 bits physical, 57 bits virtual
power management:

processor	: 64
vendor_id	: GenuineIntel
cpu family	: 6
model		: 143
model name	: Intel(R) Xeon(R) Platinum 8480+
stepping	: 8
microcode	: 0x2b000639
cpu MHz		: 2950.073
cache size	: 107520 KB
physical id	: 0
siblings	: 56
core id		: 6
cpu cores	: 56
apicid		: 12
initial apicid	: 12
fpu		: yes
fpu_exception	: yes
cpuid level	: 32
wp		: yes
flags		: fpu vme de pse tsc msr pae mce cx8 apic sep mtrr pge mca cmov pat pse36 clflush dts acpi mmx fxsr sse sse2 ss ht tm pbe syscall nx pdpe1gb rdtscp lm constant_tsc art arch_perfmon pebs bts rep_good nopl xtopology nonstop_tsc cpuid aperfmperf tsc_known_freq pni pclmulqdq dtes64 monitor ds_cpl vmx smx est tm2 ssse3 sdbg fma cx16 xtpr pdcm pcid dca sse4_1 sse4_2 x2apic movbe popcnt tsc_deadline_timer aes xsave avx f16c rdrand lahf_lm abm 3dnowprefetch cpuid_fault epb cat_l3 cat_l2 cdp_l3 cdp_l2 ssbd mba ibrs ibpb stibp ibrs_enhanced tpr_shadow flexpriority ept vpid ept_ad fsgsbase tsc_adjust bmi1 avx2 smep bmi2 erms invpcid cqm rdt_a avx512f avx512dq rdseed adx smap avx512ifma clflushopt clwb intel_pt avx512cd sha_ni avx512bw avx512vl xsaveopt xsavec xgetbv1 xsaves cqm_llc cqm_occup_llc cqm_mbm_total cqm_mbm_local split_lock_detect user_shstk avx_vnni avx512_bf16 wbnoinvd dtherm ida arat pln pts vnmi avx512vbmi umip pku ospke waitpkg avx512_vbmi2 gfni vaes vpclmulqdq avx512_vnni avx512_bitalg avx512_vpopcntdq la57 rdpid bus_lock_detect cldemote movdiri movdir64b enqcmd fsrm md_clear serialize tsxldtrk pconfig arch_lbr ibt amx_bf16 avx512_fp16 amx_tile amx_int8 flush_l1d arch_capabilities
vmx flags	: vnmi preemption_timer posted_intr invvpid ept_x_only ept_ad ept_1gb ept_5level flexpriority apicv tsc_offset vtpr mtf vapic ept vpid unrestricted_guest vapic_reg vid ple shadow_vmcs pml ept_violation_ve ept_mode_based_exec tsc_scaling usr_wait_pause notify_vm_exiting ipi_virt
bugs		: spectre_v1 spectre_v2 spec_store_bypass swapgs eibrs_pbrsb bhi spectre_v2_user old_microcode vmscape
bogomips	: 4000.00
clflush size	: 64
cache_alignment	: 64
address sizes	: 46 bits physical, 57 bits virtual
power management:

processor	: 65
vendor_id	: GenuineIntel
cpu family	: 6
model		: 143
model name	: Intel(R) Xeon(R) Platinum 8480+
stepping	: 8
microcode	: 0x2b000639
cpu MHz		: 2866.807
cache size	: 107520 KB
physical id	: 1
siblings	: 56
core id		: 6
cpu cores	: 56
apicid		: 140
initial apicid	: 140
fpu		: yes
fpu_exception	: yes
cpuid level	: 32
wp		: yes
flags		: fpu vme de pse tsc msr pae mce cx8 apic sep mtrr pge mca cmov pat pse36 clflush dts acpi mmx fxsr sse sse2 ss ht tm pbe syscall nx pdpe1gb rdtscp lm constant_tsc art arch_perfmon pebs bts rep_good nopl xtopology nonstop_tsc cpuid aperfmperf tsc_known_freq pni pclmulqdq dtes64 monitor ds_cpl vmx smx est tm2 ssse3 sdbg fma cx16 xtpr pdcm pcid dca sse4_1 sse4_2 x2apic movbe popcnt tsc_deadline_timer aes xsave avx f16c rdrand lahf_lm abm 3dnowprefetch cpuid_fault epb cat_l3 cat_l2 cdp_l3 cdp_l2 ssbd mba ibrs ibpb stibp ibrs_enhanced tpr_shadow flexpriority ept vpid ept_ad fsgsbase tsc_adjust bmi1 avx2 smep bmi2 erms invpcid cqm rdt_a avx512f avx512dq rdseed adx smap avx512ifma clflushopt clwb intel_pt avx512cd sha_ni avx512bw avx512vl xsaveopt xsavec xgetbv1 xsaves cqm_llc cqm_occup_llc cqm_mbm_total cqm_mbm_local split_lock_detect user_shstk avx_vnni avx512_bf16 wbnoinvd dtherm ida arat pln pts vnmi avx512vbmi umip pku ospke waitpkg avx512_vbmi2 gfni vaes vpclmulqdq avx512_vnni avx512_bitalg avx512_vpopcntdq la57 rdpid bus_lock_detect cldemote movdiri movdir64b enqcmd fsrm md_clear serialize tsxldtrk pconfig arch_lbr ibt amx_bf16 avx512_fp16 amx_tile amx_int8 flush_l1d arch_capabilities
vmx flags	: vnmi preemption_timer posted_intr invvpid ept_x_only ept_ad ept_1gb ept_5level flexpriority apicv tsc_offset vtpr mtf vapic ept vpid unrestricted_guest vapic_reg vid ple shadow_vmcs pml ept_violation_ve ept_mode_based_exec tsc_scaling usr_wait_pause notify_vm_exiting ipi_virt
bugs		: spectre_v1 spectre_v2 spec_store_bypass swapgs eibrs_pbrsb bhi spectre_v2_user old_microcode vmscape
bogomips	: 4000.00
clflush size	: 64
cache_alignment	: 64
address sizes	: 46 bits physical, 57 bits virtual
power management:

processor	: 66
vendor_id	: GenuineIntel
cpu family	: 6
model		: 143
model name	: Intel(R) Xeon(R) Platinum 8480+
stepping	: 8
microcode	: 0x2b000639
cpu MHz		: 3800.000
cache size	: 107520 KB
physical id	: 0
siblings	: 56
core id		: 36
cpu cores	: 56
apicid		: 72
initial apicid	: 72
fpu		: yes
fpu_exception	: yes
cpuid level	: 32
wp		: yes
flags		: fpu vme de pse tsc msr pae mce cx8 apic sep mtrr pge mca cmov pat pse36 clflush dts acpi mmx fxsr sse sse2 ss ht tm pbe syscall nx pdpe1gb rdtscp lm constant_tsc art arch_perfmon pebs bts rep_good nopl xtopology nonstop_tsc cpuid aperfmperf tsc_known_freq pni pclmulqdq dtes64 monitor ds_cpl vmx smx est tm2 ssse3 sdbg fma cx16 xtpr pdcm pcid dca sse4_1 sse4_2 x2apic movbe popcnt tsc_deadline_timer aes xsave avx f16c rdrand lahf_lm abm 3dnowprefetch cpuid_fault epb cat_l3 cat_l2 cdp_l3 cdp_l2 ssbd mba ibrs ibpb stibp ibrs_enhanced tpr_shadow flexpriority ept vpid ept_ad fsgsbase tsc_adjust bmi1 avx2 smep bmi2 erms invpcid cqm rdt_a avx512f avx512dq rdseed adx smap avx512ifma clflushopt clwb intel_pt avx512cd sha_ni avx512bw avx512vl xsaveopt xsavec xgetbv1 xsaves cqm_llc cqm_occup_llc cqm_mbm_total cqm_mbm_local split_lock_detect user_shstk avx_vnni avx512_bf16 wbnoinvd dtherm ida arat pln pts vnmi avx512vbmi umip pku ospke waitpkg avx512_vbmi2 gfni vaes vpclmulqdq avx512_vnni avx512_bitalg avx512_vpopcntdq la57 rdpid bus_lock_detect cldemote movdiri movdir64b enqcmd fsrm md_clear serialize tsxldtrk pconfig arch_lbr ibt amx_bf16 avx512_fp16 amx_tile amx_int8 flush_l1d arch_capabilities
vmx flags	: vnmi preemption_timer posted_intr invvpid ept_x_only ept_ad ept_1gb ept_5level flexpriority apicv tsc_offset vtpr mtf vapic ept vpid unrestricted_guest vapic_reg vid ple shadow_vmcs pml ept_violation_ve ept_mode_based_exec tsc_scaling usr_wait_pause notify_vm_exiting ipi_virt
bugs		: spectre_v1 spectre_v2 spec_store_bypass swapgs eibrs_pbrsb bhi spectre_v2_user old_microcode vmscape
bogomips	: 4000.00
clflush size	: 64
cache_alignment	: 64
address sizes	: 46 bits physical, 57 bits virtual
power management:

processor	: 67
vendor_id	: GenuineIntel
cpu family	: 6
model		: 143
model name	: Intel(R) Xeon(R) Platinum 8480+
stepping	: 8
microcode	: 0x2b000639
cpu MHz		: 2772.185
cache size	: 107520 KB
physical id	: 1
siblings	: 56
core id		: 36
cpu cores	: 56
apicid		: 200
initial apicid	: 200
fpu		: yes
fpu_exception	: yes
cpuid level	: 32
wp		: yes
flags		: fpu vme de pse tsc msr pae mce cx8 apic sep mtrr pge mca cmov pat pse36 clflush dts acpi mmx fxsr sse sse2 ss ht tm pbe syscall nx pdpe1gb rdtscp lm constant_tsc art arch_perfmon pebs bts rep_good nopl xtopology nonstop_tsc cpuid aperfmperf tsc_known_freq pni pclmulqdq dtes64 monitor ds_cpl vmx smx est tm2 ssse3 sdbg fma cx16 xtpr pdcm pcid dca sse4_1 sse4_2 x2apic movbe popcnt tsc_deadline_timer aes xsave avx f16c rdrand lahf_lm abm 3dnowprefetch cpuid_fault epb cat_l3 cat_l2 cdp_l3 cdp_l2 ssbd mba ibrs ibpb stibp ibrs_enhanced tpr_shadow flexpriority ept vpid ept_ad fsgsbase tsc_adjust bmi1 avx2 smep bmi2 erms invpcid cqm rdt_a avx512f avx512dq rdseed adx smap avx512ifma clflushopt clwb intel_pt avx512cd sha_ni avx512bw avx512vl xsaveopt xsavec xgetbv1 xsaves cqm_llc cqm_occup_llc cqm_mbm_total cqm_mbm_local split_lock_detect user_shstk avx_vnni avx512_bf16 wbnoinvd dtherm ida arat pln pts vnmi avx512vbmi umip pku ospke waitpkg avx512_vbmi2 gfni vaes vpclmulqdq avx512_vnni avx512_bitalg avx512_vpopcntdq la57 rdpid bus_lock_detect cldemote movdiri movdir64b enqcmd fsrm md_clear serialize tsxldtrk pconfig arch_lbr ibt amx_bf16 avx512_fp16 amx_tile amx_int8 flush_l1d arch_capabilities
vmx flags	: vnmi preemption_timer posted_intr invvpid ept_x_only ept_ad ept_1gb ept_5level flexpriority apicv tsc_offset vtpr mtf vapic ept vpid unrestricted_guest vapic_reg vid ple shadow_vmcs pml ept_violation_ve ept_mode_based_exec tsc_scaling usr_wait_pause notify_vm_exiting ipi_virt
bugs		: spectre_v1 spectre_v2 spec_store_bypass swapgs eibrs_pbrsb bhi spectre_v2_user old_microcode vmscape
bogomips	: 4000.00
clflush size	: 64
cache_alignment	: 64
address sizes	: 46 bits physical, 57 bits virtual
power management:

processor	: 68
vendor_id	: GenuineIntel
cpu family	: 6
model		: 143
model name	: Intel(R) Xeon(R) Platinum 8480+
stepping	: 8
microcode	: 0x2b000639
cpu MHz		: 3800.000
cache size	: 107520 KB
physical id	: 0
siblings	: 56
core id		: 23
cpu cores	: 56
apicid		: 46
initial apicid	: 46
fpu		: yes
fpu_exception	: yes
cpuid level	: 32
wp		: yes
flags		: fpu vme de pse tsc msr pae mce cx8 apic sep mtrr pge mca cmov pat pse36 clflush dts acpi mmx fxsr sse sse2 ss ht tm pbe syscall nx pdpe1gb rdtscp lm constant_tsc art arch_perfmon pebs bts rep_good nopl xtopology nonstop_tsc cpuid aperfmperf tsc_known_freq pni pclmulqdq dtes64 monitor ds_cpl vmx smx est tm2 ssse3 sdbg fma cx16 xtpr pdcm pcid dca sse4_1 sse4_2 x2apic movbe popcnt tsc_deadline_timer aes xsave avx f16c rdrand lahf_lm abm 3dnowprefetch cpuid_fault epb cat_l3 cat_l2 cdp_l3 cdp_l2 ssbd mba ibrs ibpb stibp ibrs_enhanced tpr_shadow flexpriority ept vpid ept_ad fsgsbase tsc_adjust bmi1 avx2 smep bmi2 erms invpcid cqm rdt_a avx512f avx512dq rdseed adx smap avx512ifma clflushopt clwb intel_pt avx512cd sha_ni avx512bw avx512vl xsaveopt xsavec xgetbv1 xsaves cqm_llc cqm_occup_llc cqm_mbm_total cqm_mbm_local split_lock_detect user_shstk avx_vnni avx512_bf16 wbnoinvd dtherm ida arat pln pts vnmi avx512vbmi umip pku ospke waitpkg avx512_vbmi2 gfni vaes vpclmulqdq avx512_vnni avx512_bitalg avx512_vpopcntdq la57 rdpid bus_lock_detect cldemote movdiri movdir64b enqcmd fsrm md_clear serialize tsxldtrk pconfig arch_lbr ibt amx_bf16 avx512_fp16 amx_tile amx_int8 flush_l1d arch_capabilities
vmx flags	: vnmi preemption_timer posted_intr invvpid ept_x_only ept_ad ept_1gb ept_5level flexpriority apicv tsc_offset vtpr mtf vapic ept vpid unrestricted_guest vapic_reg vid ple shadow_vmcs pml ept_violation_ve ept_mode_based_exec tsc_scaling usr_wait_pause notify_vm_exiting ipi_virt
bugs		: spectre_v1 spectre_v2 spec_store_bypass swapgs eibrs_pbrsb bhi spectre_v2_user old_microcode vmscape
bogomips	: 4000.00
clflush size	: 64
cache_alignment	: 64
address sizes	: 46 bits physical, 57 bits virtual
power management:

processor	: 69
vendor_id	: GenuineIntel
cpu family	: 6
model		: 143
model name	: Intel(R) Xeon(R) Platinum 8480+
stepping	: 8
microcode	: 0x2b000639
cpu MHz		: 2848.775
cache size	: 107520 KB
physical id	: 1
siblings	: 56
core id		: 23
cpu cores	: 56
apicid		: 174
initial apicid	: 174
fpu		: yes
fpu_exception	: yes
cpuid level	: 32
wp		: yes
flags		: fpu vme de pse tsc msr pae mce cx8 apic sep mtrr pge mca cmov pat pse36 clflush dts acpi mmx fxsr sse sse2 ss ht tm pbe syscall nx pdpe1gb rdtscp lm constant_tsc art arch_perfmon pebs bts rep_good nopl xtopology nonstop_tsc cpuid aperfmperf tsc_known_freq pni pclmulqdq dtes64 monitor ds_cpl vmx smx est tm2 ssse3 sdbg fma cx16 xtpr pdcm pcid dca sse4_1 sse4_2 x2apic movbe popcnt tsc_deadline_timer aes xsave avx f16c rdrand lahf_lm abm 3dnowprefetch cpuid_fault epb cat_l3 cat_l2 cdp_l3 cdp_l2 ssbd mba ibrs ibpb stibp ibrs_enhanced tpr_shadow flexpriority ept vpid ept_ad fsgsbase tsc_adjust bmi1 avx2 smep bmi2 erms invpcid cqm rdt_a avx512f avx512dq rdseed adx smap avx512ifma clflushopt clwb intel_pt avx512cd sha_ni avx512bw avx512vl xsaveopt xsavec xgetbv1 xsaves cqm_llc cqm_occup_llc cqm_mbm_total cqm_mbm_local split_lock_detect user_shstk avx_vnni avx512_bf16 wbnoinvd dtherm ida arat pln pts vnmi avx512vbmi umip pku ospke waitpkg avx512_vbmi2 gfni vaes vpclmulqdq avx512_vnni avx512_bitalg avx512_vpopcntdq la57 rdpid bus_lock_detect cldemote movdiri movdir64b enqcmd fsrm md_clear serialize tsxldtrk pconfig arch_lbr ibt amx_bf16 avx512_fp16 amx_tile amx_int8 flush_l1d arch_capabilities
vmx flags	: vnmi preemption_timer posted_intr invvpid ept_x_only ept_ad ept_1gb ept_5level flexpriority apicv tsc_offset vtpr mtf vapic ept vpid unrestricted_guest vapic_reg vid ple shadow_vmcs pml ept_violation_ve ept_mode_based_exec tsc_scaling usr_wait_pause notify_vm_exiting ipi_virt
bugs		: spectre_v1 spectre_v2 spec_store_bypass swapgs eibrs_pbrsb bhi spectre_v2_user old_microcode vmscape
bogomips	: 4000.00
clflush size	: 64
cache_alignment	: 64
address sizes	: 46 bits physical, 57 bits virtual
power management:

processor	: 70
vendor_id	: GenuineIntel
cpu family	: 6
model		: 143
model name	: Intel(R) Xeon(R) Platinum 8480+
stepping	: 8
microcode	: 0x2b000639
cpu MHz		: 3800.000
cache size	: 107520 KB
physical id	: 0
siblings	: 56
core id		: 47
cpu cores	: 56
apicid		: 94
initial apicid	: 94
fpu		: yes
fpu_exception	: yes
cpuid level	: 32
wp		: yes
flags		: fpu vme de pse tsc msr pae mce cx8 apic sep mtrr pge mca cmov pat pse36 clflush dts acpi mmx fxsr sse sse2 ss ht tm pbe syscall nx pdpe1gb rdtscp lm constant_tsc art arch_perfmon pebs bts rep_good nopl xtopology nonstop_tsc cpuid aperfmperf tsc_known_freq pni pclmulqdq dtes64 monitor ds_cpl vmx smx est tm2 ssse3 sdbg fma cx16 xtpr pdcm pcid dca sse4_1 sse4_2 x2apic movbe popcnt tsc_deadline_timer aes xsave avx f16c rdrand lahf_lm abm 3dnowprefetch cpuid_fault epb cat_l3 cat_l2 cdp_l3 cdp_l2 ssbd mba ibrs ibpb stibp ibrs_enhanced tpr_shadow flexpriority ept vpid ept_ad fsgsbase tsc_adjust bmi1 avx2 smep bmi2 erms invpcid cqm rdt_a avx512f avx512dq rdseed adx smap avx512ifma clflushopt clwb intel_pt avx512cd sha_ni avx512bw avx512vl xsaveopt xsavec xgetbv1 xsaves cqm_llc cqm_occup_llc cqm_mbm_total cqm_mbm_local split_lock_detect user_shstk avx_vnni avx512_bf16 wbnoinvd dtherm ida arat pln pts vnmi avx512vbmi umip pku ospke waitpkg avx512_vbmi2 gfni vaes vpclmulqdq avx512_vnni avx512_bitalg avx512_vpopcntdq la57 rdpid bus_lock_detect cldemote movdiri movdir64b enqcmd fsrm md_clear serialize tsxldtrk pconfig arch_lbr ibt amx_bf16 avx512_fp16 amx_tile amx_int8 flush_l1d arch_capabilities
vmx flags	: vnmi preemption_timer posted_intr invvpid ept_x_only ept_ad ept_1gb ept_5level flexpriority apicv tsc_offset vtpr mtf vapic ept vpid unrestricted_guest vapic_reg vid ple shadow_vmcs pml ept_violation_ve ept_mode_based_exec tsc_scaling usr_wait_pause notify_vm_exiting ipi_virt
bugs		: spectre_v1 spectre_v2 spec_store_bypass swapgs eibrs_pbrsb bhi spectre_v2_user old_microcode vmscape
bogomips	: 4000.00
clflush size	: 64
cache_alignment	: 64
address sizes	: 46 bits physical, 57 bits virtual
power management:

processor	: 71
vendor_id	: GenuineIntel
cpu family	: 6
model		: 143
model name	: Intel(R) Xeon(R) Platinum 8480+
stepping	: 8
microcode	: 0x2b000639
cpu MHz		: 2977.218
cache size	: 107520 KB
physical id	: 1
siblings	: 56
core id		: 47
cpu cores	: 56
apicid		: 222
initial apicid	: 222
fpu		: yes
fpu_exception	: yes
cpuid level	: 32
wp		: yes
flags		: fpu vme de pse tsc msr pae mce cx8 apic sep mtrr pge mca cmov pat pse36 clflush dts acpi mmx fxsr sse sse2 ss ht tm pbe syscall nx pdpe1gb rdtscp lm constant_tsc art arch_perfmon pebs bts rep_good nopl xtopology nonstop_tsc cpuid aperfmperf tsc_known_freq pni pclmulqdq dtes64 monitor ds_cpl vmx smx est tm2 ssse3 sdbg fma cx16 xtpr pdcm pcid dca sse4_1 sse4_2 x2apic movbe popcnt tsc_deadline_timer aes xsave avx f16c rdrand lahf_lm abm 3dnowprefetch cpuid_fault epb cat_l3 cat_l2 cdp_l3 cdp_l2 ssbd mba ibrs ibpb stibp ibrs_enhanced tpr_shadow flexpriority ept vpid ept_ad fsgsbase tsc_adjust bmi1 avx2 smep bmi2 erms invpcid cqm rdt_a avx512f avx512dq rdseed adx smap avx512ifma clflushopt clwb intel_pt avx512cd sha_ni avx512bw avx512vl xsaveopt xsavec xgetbv1 xsaves cqm_llc cqm_occup_llc cqm_mbm_total cqm_mbm_local split_lock_detect user_shstk avx_vnni avx512_bf16 wbnoinvd dtherm ida arat pln pts vnmi avx512vbmi umip pku ospke waitpkg avx512_vbmi2 gfni vaes vpclmulqdq avx512_vnni avx512_bitalg avx512_vpopcntdq la57 rdpid bus_lock_detect cldemote movdiri movdir64b enqcmd fsrm md_clear serialize tsxldtrk pconfig arch_lbr ibt amx_bf16 avx512_fp16 amx_tile amx_int8 flush_l1d arch_capabilities
vmx flags	: vnmi preemption_timer posted_intr invvpid ept_x_only ept_ad ept_1gb ept_5level flexpriority apicv tsc_offset vtpr mtf vapic ept vpid unrestricted_guest vapic_reg vid ple shadow_vmcs pml ept_violation_ve ept_mode_based_exec tsc_scaling usr_wait_pause notify_vm_exiting ipi_virt
bugs		: spectre_v1 spectre_v2 spec_store_bypass swapgs eibrs_pbrsb bhi spectre_v2_user old_microcode vmscape
bogomips	: 4000.00
clflush size	: 64
cache_alignment	: 64
address sizes	: 46 bits physical, 57 bits virtual
power management:

processor	: 72
vendor_id	: GenuineIntel
cpu family	: 6
model		: 143
model name	: Intel(R) Xeon(R) Platinum 8480+
stepping	: 8
microcode	: 0x2b000639
cpu MHz		: 3800.000
cache size	: 107520 KB
physical id	: 0
siblings	: 56
core id		: 9
cpu cores	: 56
apicid		: 18
initial apicid	: 18
fpu		: yes
fpu_exception	: yes
cpuid level	: 32
wp		: yes
flags		: fpu vme de pse tsc msr pae mce cx8 apic sep mtrr pge mca cmov pat pse36 clflush dts acpi mmx fxsr sse sse2 ss ht tm pbe syscall nx pdpe1gb rdtscp lm constant_tsc art arch_perfmon pebs bts rep_good nopl xtopology nonstop_tsc cpuid aperfmperf tsc_known_freq pni pclmulqdq dtes64 monitor ds_cpl vmx smx est tm2 ssse3 sdbg fma cx16 xtpr pdcm pcid dca sse4_1 sse4_2 x2apic movbe popcnt tsc_deadline_timer aes xsave avx f16c rdrand lahf_lm abm 3dnowprefetch cpuid_fault epb cat_l3 cat_l2 cdp_l3 cdp_l2 ssbd mba ibrs ibpb stibp ibrs_enhanced tpr_shadow flexpriority ept vpid ept_ad fsgsbase tsc_adjust bmi1 avx2 smep bmi2 erms invpcid cqm rdt_a avx512f avx512dq rdseed adx smap avx512ifma clflushopt clwb intel_pt avx512cd sha_ni avx512bw avx512vl xsaveopt xsavec xgetbv1 xsaves cqm_llc cqm_occup_llc cqm_mbm_total cqm_mbm_local split_lock_detect user_shstk avx_vnni avx512_bf16 wbnoinvd dtherm ida arat pln pts vnmi avx512vbmi umip pku ospke waitpkg avx512_vbmi2 gfni vaes vpclmulqdq avx512_vnni avx512_bitalg avx512_vpopcntdq la57 rdpid bus_lock_detect cldemote movdiri movdir64b enqcmd fsrm md_clear serialize tsxldtrk pconfig arch_lbr ibt amx_bf16 avx512_fp16 amx_tile amx_int8 flush_l1d arch_capabilities
vmx flags	: vnmi preemption_timer posted_intr invvpid ept_x_only ept_ad ept_1gb ept_5level flexpriority apicv tsc_offset vtpr mtf vapic ept vpid unrestricted_guest vapic_reg vid ple shadow_vmcs pml ept_violation_ve ept_mode_based_exec tsc_scaling usr_wait_pause notify_vm_exiting ipi_virt
bugs		: spectre_v1 spectre_v2 spec_store_bypass swapgs eibrs_pbrsb bhi spectre_v2_user old_microcode vmscape
bogomips	: 4000.00
clflush size	: 64
cache_alignment	: 64
address sizes	: 46 bits physical, 57 bits virtual
power management:

processor	: 73
vendor_id	: GenuineIntel
cpu family	: 6
model		: 143
model name	: Intel(R) Xeon(R) Platinum 8480+
stepping	: 8
microcode	: 0x2b000639
cpu MHz		: 2748.995
cache size	: 107520 KB
physical id	: 1
siblings	: 56
core id		: 9
cpu cores	: 56
apicid		: 146
initial apicid	: 146
fpu		: yes
fpu_exception	: yes
cpuid level	: 32
wp		: yes
flags		: fpu vme de pse tsc msr pae mce cx8 apic sep mtrr pge mca cmov pat pse36 clflush dts acpi mmx fxsr sse sse2 ss ht tm pbe syscall nx pdpe1gb rdtscp lm constant_tsc art arch_perfmon pebs bts rep_good nopl xtopology nonstop_tsc cpuid aperfmperf tsc_known_freq pni pclmulqdq dtes64 monitor ds_cpl vmx smx est tm2 ssse3 sdbg fma cx16 xtpr pdcm pcid dca sse4_1 sse4_2 x2apic movbe popcnt tsc_deadline_timer aes xsave avx f16c rdrand lahf_lm abm 3dnowprefetch cpuid_fault epb cat_l3 cat_l2 cdp_l3 cdp_l2 ssbd mba ibrs ibpb stibp ibrs_enhanced tpr_shadow flexpriority ept vpid ept_ad fsgsbase tsc_adjust bmi1 avx2 smep bmi2 erms invpcid cqm rdt_a avx512f avx512dq rdseed adx smap avx512ifma clflushopt clwb intel_pt avx512cd sha_ni avx512bw avx512vl xsaveopt xsavec xgetbv1 xsaves cqm_llc cqm_occup_llc cqm_mbm_total cqm_mbm_local split_lock_detect user_shstk avx_vnni avx512_bf16 wbnoinvd dtherm ida arat pln pts vnmi avx512vbmi umip pku ospke waitpkg avx512_vbmi2 gfni vaes vpclmulqdq avx512_vnni avx512_bitalg avx512_vpopcntdq la57 rdpid bus_lock_detect cldemote movdiri movdir64b enqcmd fsrm md_clear serialize tsxldtrk pconfig arch_lbr ibt amx_bf16 avx512_fp16 amx_tile amx_int8 flush_l1d arch_capabilities
vmx flags	: vnmi preemption_timer posted_intr invvpid ept_x_only ept_ad ept_1gb ept_5level flexpriority apicv tsc_offset vtpr mtf vapic ept vpid unrestricted_guest vapic_reg vid ple shadow_vmcs pml ept_violation_ve ept_mode_based_exec tsc_scaling usr_wait_pause notify_vm_exiting ipi_virt
bugs		: spectre_v1 spectre_v2 spec_store_bypass swapgs eibrs_pbrsb bhi spectre_v2_user old_microcode vmscape
bogomips	: 4000.00
clflush size	: 64
cache_alignment	: 64
address sizes	: 46 bits physical, 57 bits virtual
power management:

processor	: 74
vendor_id	: GenuineIntel
cpu family	: 6
model		: 143
model name	: Intel(R) Xeon(R) Platinum 8480+
stepping	: 8
microcode	: 0x2b000639
cpu MHz		: 3800.000
cache size	: 107520 KB
physical id	: 0
siblings	: 56
core id		: 41
cpu cores	: 56
apicid		: 82
initial apicid	: 82
fpu		: yes
fpu_exception	: yes
cpuid level	: 32
wp		: yes
flags		: fpu vme de pse tsc msr pae mce cx8 apic sep mtrr pge mca cmov pat pse36 clflush dts acpi mmx fxsr sse sse2 ss ht tm pbe syscall nx pdpe1gb rdtscp lm constant_tsc art arch_perfmon pebs bts rep_good nopl xtopology nonstop_tsc cpuid aperfmperf tsc_known_freq pni pclmulqdq dtes64 monitor ds_cpl vmx smx est tm2 ssse3 sdbg fma cx16 xtpr pdcm pcid dca sse4_1 sse4_2 x2apic movbe popcnt tsc_deadline_timer aes xsave avx f16c rdrand lahf_lm abm 3dnowprefetch cpuid_fault epb cat_l3 cat_l2 cdp_l3 cdp_l2 ssbd mba ibrs ibpb stibp ibrs_enhanced tpr_shadow flexpriority ept vpid ept_ad fsgsbase tsc_adjust bmi1 avx2 smep bmi2 erms invpcid cqm rdt_a avx512f avx512dq rdseed adx smap avx512ifma clflushopt clwb intel_pt avx512cd sha_ni avx512bw avx512vl xsaveopt xsavec xgetbv1 xsaves cqm_llc cqm_occup_llc cqm_mbm_total cqm_mbm_local split_lock_detect user_shstk avx_vnni avx512_bf16 wbnoinvd dtherm ida arat pln pts vnmi avx512vbmi umip pku ospke waitpkg avx512_vbmi2 gfni vaes vpclmulqdq avx512_vnni avx512_bitalg avx512_vpopcntdq la57 rdpid bus_lock_detect cldemote movdiri movdir64b enqcmd fsrm md_clear serialize tsxldtrk pconfig arch_lbr ibt amx_bf16 avx512_fp16 amx_tile amx_int8 flush_l1d arch_capabilities
vmx flags	: vnmi preemption_timer posted_intr invvpid ept_x_only ept_ad ept_1gb ept_5level flexpriority apicv tsc_offset vtpr mtf vapic ept vpid unrestricted_guest vapic_reg vid ple shadow_vmcs pml ept_violation_ve ept_mode_based_exec tsc_scaling usr_wait_pause notify_vm_exiting ipi_virt
bugs		: spectre_v1 spectre_v2 spec_store_bypass swapgs eibrs_pbrsb bhi spectre_v2_user old_microcode vmscape
bogomips	: 4000.00
clflush size	: 64
cache_alignment	: 64
address sizes	: 46 bits physical, 57 bits virtual
power management:

processor	: 75
vendor_id	: GenuineIntel
cpu family	: 6
model		: 143
model name	: Intel(R) Xeon(R) Platinum 8480+
stepping	: 8
microcode	: 0x2b000639
cpu MHz		: 2561.224
cache size	: 107520 KB
physical id	: 1
siblings	: 56
core id		: 40
cpu cores	: 56
apicid		: 208
initial apicid	: 208
fpu		: yes
fpu_exception	: yes
cpuid level	: 32
wp		: yes
flags		: fpu vme de pse tsc msr pae mce cx8 apic sep mtrr pge mca cmov pat pse36 clflush dts acpi mmx fxsr sse sse2 ss ht tm pbe syscall nx pdpe1gb rdtscp lm constant_tsc art arch_perfmon pebs bts rep_good nopl xtopology nonstop_tsc cpuid aperfmperf tsc_known_freq pni pclmulqdq dtes64 monitor ds_cpl vmx smx est tm2 ssse3 sdbg fma cx16 xtpr pdcm pcid dca sse4_1 sse4_2 x2apic movbe popcnt tsc_deadline_timer aes xsave avx f16c rdrand lahf_lm abm 3dnowprefetch cpuid_fault epb cat_l3 cat_l2 cdp_l3 cdp_l2 ssbd mba ibrs ibpb stibp ibrs_enhanced tpr_shadow flexpriority ept vpid ept_ad fsgsbase tsc_adjust bmi1 avx2 smep bmi2 erms invpcid cqm rdt_a avx512f avx512dq rdseed adx smap avx512ifma clflushopt clwb intel_pt avx512cd sha_ni avx512bw avx512vl xsaveopt xsavec xgetbv1 xsaves cqm_llc cqm_occup_llc cqm_mbm_total cqm_mbm_local split_lock_detect user_shstk avx_vnni avx512_bf16 wbnoinvd dtherm ida arat pln pts vnmi avx512vbmi umip pku ospke waitpkg avx512_vbmi2 gfni vaes vpclmulqdq avx512_vnni avx512_bitalg avx512_vpopcntdq la57 rdpid bus_lock_detect cldemote movdiri movdir64b enqcmd fsrm md_clear serialize tsxldtrk pconfig arch_lbr ibt amx_bf16 avx512_fp16 amx_tile amx_int8 flush_l1d arch_capabilities
vmx flags	: vnmi preemption_timer posted_intr invvpid ept_x_only ept_ad ept_1gb ept_5level flexpriority apicv tsc_offset vtpr mtf vapic ept vpid unrestricted_guest vapic_reg vid ple shadow_vmcs pml ept_violation_ve ept_mode_based_exec tsc_scaling usr_wait_pause notify_vm_exiting ipi_virt
bugs		: spectre_v1 spectre_v2 spec_store_bypass swapgs eibrs_pbrsb bhi spectre_v2_user old_microcode vmscape
bogomips	: 4000.00
clflush size	: 64
cache_alignment	: 64
address sizes	: 46 bits physical, 57 bits virtual
power management:

processor	: 76
vendor_id	: GenuineIntel
cpu family	: 6
model		: 143
model name	: Intel(R) Xeon(R) Platinum 8480+
stepping	: 8
microcode	: 0x2b000639
cpu MHz		: 3800.000
cache size	: 107520 KB
physical id	: 0
siblings	: 56
core id		: 19
cpu cores	: 56
apicid		: 38
initial apicid	: 38
fpu		: yes
fpu_exception	: yes
cpuid level	: 32
wp		: yes
flags		: fpu vme de pse tsc msr pae mce cx8 apic sep mtrr pge mca cmov pat pse36 clflush dts acpi mmx fxsr sse sse2 ss ht tm pbe syscall nx pdpe1gb rdtscp lm constant_tsc art arch_perfmon pebs bts rep_good nopl xtopology nonstop_tsc cpuid aperfmperf tsc_known_freq pni pclmulqdq dtes64 monitor ds_cpl vmx smx est tm2 ssse3 sdbg fma cx16 xtpr pdcm pcid dca sse4_1 sse4_2 x2apic movbe popcnt tsc_deadline_timer aes xsave avx f16c rdrand lahf_lm abm 3dnowprefetch cpuid_fault epb cat_l3 cat_l2 cdp_l3 cdp_l2 ssbd mba ibrs ibpb stibp ibrs_enhanced tpr_shadow flexpriority ept vpid ept_ad fsgsbase tsc_adjust bmi1 avx2 smep bmi2 erms invpcid cqm rdt_a avx512f avx512dq rdseed adx smap avx512ifma clflushopt clwb intel_pt avx512cd sha_ni avx512bw avx512vl xsaveopt xsavec xgetbv1 xsaves cqm_llc cqm_occup_llc cqm_mbm_total cqm_mbm_local split_lock_detect user_shstk avx_vnni avx512_bf16 wbnoinvd dtherm ida arat pln pts vnmi avx512vbmi umip pku ospke waitpkg avx512_vbmi2 gfni vaes vpclmulqdq avx512_vnni avx512_bitalg avx512_vpopcntdq la57 rdpid bus_lock_detect cldemote movdiri movdir64b enqcmd fsrm md_clear serialize tsxldtrk pconfig arch_lbr ibt amx_bf16 avx512_fp16 amx_tile amx_int8 flush_l1d arch_capabilities
vmx flags	: vnmi preemption_timer posted_intr invvpid ept_x_only ept_ad ept_1gb ept_5level flexpriority apicv tsc_offset vtpr mtf vapic ept vpid unrestricted_guest vapic_reg vid ple shadow_vmcs pml ept_violation_ve ept_mode_based_exec tsc_scaling usr_wait_pause notify_vm_exiting ipi_virt
bugs		: spectre_v1 spectre_v2 spec_store_bypass swapgs eibrs_pbrsb bhi spectre_v2_user old_microcode vmscape
bogomips	: 4000.00
clflush size	: 64
cache_alignment	: 64
address sizes	: 46 bits physical, 57 bits virtual
power management:

processor	: 77
vendor_id	: GenuineIntel
cpu family	: 6
model		: 143
model name	: Intel(R) Xeon(R) Platinum 8480+
stepping	: 8
microcode	: 0x2b000639
cpu MHz		: 2928.493
cache size	: 107520 KB
physical id	: 1
siblings	: 56
core id		: 19
cpu cores	: 56
apicid		: 166
initial apicid	: 166
fpu		: yes
fpu_exception	: yes
cpuid level	: 32
wp		: yes
flags		: fpu vme de pse tsc msr pae mce cx8 apic sep mtrr pge mca cmov pat pse36 clflush dts acpi mmx fxsr sse sse2 ss ht tm pbe syscall nx pdpe1gb rdtscp lm constant_tsc art arch_perfmon pebs bts rep_good nopl xtopology nonstop_tsc cpuid aperfmperf tsc_known_freq pni pclmulqdq dtes64 monitor ds_cpl vmx smx est tm2 ssse3 sdbg fma cx16 xtpr pdcm pcid dca sse4_1 sse4_2 x2apic movbe popcnt tsc_deadline_timer aes xsave avx f16c rdrand lahf_lm abm 3dnowprefetch cpuid_fault epb cat_l3 cat_l2 cdp_l3 cdp_l2 ssbd mba ibrs ibpb stibp ibrs_enhanced tpr_shadow flexpriority ept vpid ept_ad fsgsbase tsc_adjust bmi1 avx2 smep bmi2 erms invpcid cqm rdt_a avx512f avx512dq rdseed adx smap avx512ifma clflushopt clwb intel_pt avx512cd sha_ni avx512bw avx512vl xsaveopt xsavec xgetbv1 xsaves cqm_llc cqm_occup_llc cqm_mbm_total cqm_mbm_local split_lock_detect user_shstk avx_vnni avx512_bf16 wbnoinvd dtherm ida arat pln pts vnmi avx512vbmi umip pku ospke waitpkg avx512_vbmi2 gfni vaes vpclmulqdq avx512_vnni avx512_bitalg avx512_vpopcntdq la57 rdpid bus_lock_detect cldemote movdiri movdir64b enqcmd fsrm md_clear serialize tsxldtrk pconfig arch_lbr ibt amx_bf16 avx512_fp16 amx_tile amx_int8 flush_l1d arch_capabilities
vmx flags	: vnmi preemption_timer posted_intr invvpid ept_x_only ept_ad ept_1gb ept_5level flexpriority apicv tsc_offset vtpr mtf vapic ept vpid unrestricted_guest vapic_reg vid ple shadow_vmcs pml ept_violation_ve ept_mode_based_exec tsc_scaling usr_wait_pause notify_vm_exiting ipi_virt
bugs		: spectre_v1 spectre_v2 spec_store_bypass swapgs eibrs_pbrsb bhi spectre_v2_user old_microcode vmscape
bogomips	: 4000.00
clflush size	: 64
cache_alignment	: 64
address sizes	: 46 bits physical, 57 bits virtual
power management:

processor	: 78
vendor_id	: GenuineIntel
cpu family	: 6
model		: 143
model name	: Intel(R) Xeon(R) Platinum 8480+
stepping	: 8
microcode	: 0x2b000639
cpu MHz		: 3800.000
cache size	: 107520 KB
physical id	: 0
siblings	: 56
core id		: 44
cpu cores	: 56
apicid		: 88
initial apicid	: 88
fpu		: yes
fpu_exception	: yes
cpuid level	: 32
wp		: yes
flags		: fpu vme de pse tsc msr pae mce cx8 apic sep mtrr pge mca cmov pat pse36 clflush dts acpi mmx fxsr sse sse2 ss ht tm pbe syscall nx pdpe1gb rdtscp lm constant_tsc art arch_perfmon pebs bts rep_good nopl xtopology nonstop_tsc cpuid aperfmperf tsc_known_freq pni pclmulqdq dtes64 monitor ds_cpl vmx smx est tm2 ssse3 sdbg fma cx16 xtpr pdcm pcid dca sse4_1 sse4_2 x2apic movbe popcnt tsc_deadline_timer aes xsave avx f16c rdrand lahf_lm abm 3dnowprefetch cpuid_fault epb cat_l3 cat_l2 cdp_l3 cdp_l2 ssbd mba ibrs ibpb stibp ibrs_enhanced tpr_shadow flexpriority ept vpid ept_ad fsgsbase tsc_adjust bmi1 avx2 smep bmi2 erms invpcid cqm rdt_a avx512f avx512dq rdseed adx smap avx512ifma clflushopt clwb intel_pt avx512cd sha_ni avx512bw avx512vl xsaveopt xsavec xgetbv1 xsaves cqm_llc cqm_occup_llc cqm_mbm_total cqm_mbm_local split_lock_detect user_shstk avx_vnni avx512_bf16 wbnoinvd dtherm ida arat pln pts vnmi avx512vbmi umip pku ospke waitpkg avx512_vbmi2 gfni vaes vpclmulqdq avx512_vnni avx512_bitalg avx512_vpopcntdq la57 rdpid bus_lock_detect cldemote movdiri movdir64b enqcmd fsrm md_clear serialize tsxldtrk pconfig arch_lbr ibt amx_bf16 avx512_fp16 amx_tile amx_int8 flush_l1d arch_capabilities
vmx flags	: vnmi preemption_timer posted_intr invvpid ept_x_only ept_ad ept_1gb ept_5level flexpriority apicv tsc_offset vtpr mtf vapic ept vpid unrestricted_guest vapic_reg vid ple shadow_vmcs pml ept_violation_ve ept_mode_based_exec tsc_scaling usr_wait_pause notify_vm_exiting ipi_virt
bugs		: spectre_v1 spectre_v2 spec_store_bypass swapgs eibrs_pbrsb bhi spectre_v2_user old_microcode vmscape
bogomips	: 4000.00
clflush size	: 64
cache_alignment	: 64
address sizes	: 46 bits physical, 57 bits virtual
power management:

processor	: 79
vendor_id	: GenuineIntel
cpu family	: 6
model		: 143
model name	: Intel(R) Xeon(R) Platinum 8480+
stepping	: 8
microcode	: 0x2b000639
cpu MHz		: 2618.343
cache size	: 107520 KB
physical id	: 1
siblings	: 56
core id		: 44
cpu cores	: 56
apicid		: 216
initial apicid	: 216
fpu		: yes
fpu_exception	: yes
cpuid level	: 32
wp		: yes
flags		: fpu vme de pse tsc msr pae mce cx8 apic sep mtrr pge mca cmov pat pse36 clflush dts acpi mmx fxsr sse sse2 ss ht tm pbe syscall nx pdpe1gb rdtscp lm constant_tsc art arch_perfmon pebs bts rep_good nopl xtopology nonstop_tsc cpuid aperfmperf tsc_known_freq pni pclmulqdq dtes64 monitor ds_cpl vmx smx est tm2 ssse3 sdbg fma cx16 xtpr pdcm pcid dca sse4_1 sse4_2 x2apic movbe popcnt tsc_deadline_timer aes xsave avx f16c rdrand lahf_lm abm 3dnowprefetch cpuid_fault epb cat_l3 cat_l2 cdp_l3 cdp_l2 ssbd mba ibrs ibpb stibp ibrs_enhanced tpr_shadow flexpriority ept vpid ept_ad fsgsbase tsc_adjust bmi1 avx2 smep bmi2 erms invpcid cqm rdt_a avx512f avx512dq rdseed adx smap avx512ifma clflushopt clwb intel_pt avx512cd sha_ni avx512bw avx512vl xsaveopt xsavec xgetbv1 xsaves cqm_llc cqm_occup_llc cqm_mbm_total cqm_mbm_local split_lock_detect user_shstk avx_vnni avx512_bf16 wbnoinvd dtherm ida arat pln pts vnmi avx512vbmi umip pku ospke waitpkg avx512_vbmi2 gfni vaes vpclmulqdq avx512_vnni avx512_bitalg avx512_vpopcntdq la57 rdpid bus_lock_detect cldemote movdiri movdir64b enqcmd fsrm md_clear serialize tsxldtrk pconfig arch_lbr ibt amx_bf16 avx512_fp16 amx_tile amx_int8 flush_l1d arch_capabilities
vmx flags	: vnmi preemption_timer posted_intr invvpid ept_x_only ept_ad ept_1gb ept_5level flexpriority apicv tsc_offset vtpr mtf vapic ept vpid unrestricted_guest vapic_reg vid ple shadow_vmcs pml ept_violation_ve ept_mode_based_exec tsc_scaling usr_wait_pause notify_vm_exiting ipi_virt
bugs		: spectre_v1 spectre_v2 spec_store_bypass swapgs eibrs_pbrsb bhi spectre_v2_user old_microcode vmscape
bogomips	: 4000.00
clflush size	: 64
cache_alignment	: 64
address sizes	: 46 bits physical, 57 bits virtual
power management:

processor	: 80
vendor_id	: GenuineIntel
cpu family	: 6
model		: 143
model name	: Intel(R) Xeon(R) Platinum 8480+
stepping	: 8
microcode	: 0x2b000639
cpu MHz		: 3800.000
cache size	: 107520 KB
physical id	: 0
siblings	: 56
core id		: 11
cpu cores	: 56
apicid		: 22
initial apicid	: 22
fpu		: yes
fpu_exception	: yes
cpuid level	: 32
wp		: yes
flags		: fpu vme de pse tsc msr pae mce cx8 apic sep mtrr pge mca cmov pat pse36 clflush dts acpi mmx fxsr sse sse2 ss ht tm pbe syscall nx pdpe1gb rdtscp lm constant_tsc art arch_perfmon pebs bts rep_good nopl xtopology nonstop_tsc cpuid aperfmperf tsc_known_freq pni pclmulqdq dtes64 monitor ds_cpl vmx smx est tm2 ssse3 sdbg fma cx16 xtpr pdcm pcid dca sse4_1 sse4_2 x2apic movbe popcnt tsc_deadline_timer aes xsave avx f16c rdrand lahf_lm abm 3dnowprefetch cpuid_fault epb cat_l3 cat_l2 cdp_l3 cdp_l2 ssbd mba ibrs ibpb stibp ibrs_enhanced tpr_shadow flexpriority ept vpid ept_ad fsgsbase tsc_adjust bmi1 avx2 smep bmi2 erms invpcid cqm rdt_a avx512f avx512dq rdseed adx smap avx512ifma clflushopt clwb intel_pt avx512cd sha_ni avx512bw avx512vl xsaveopt xsavec xgetbv1 xsaves cqm_llc cqm_occup_llc cqm_mbm_total cqm_mbm_local split_lock_detect user_shstk avx_vnni avx512_bf16 wbnoinvd dtherm ida arat pln pts vnmi avx512vbmi umip pku ospke waitpkg avx512_vbmi2 gfni vaes vpclmulqdq avx512_vnni avx512_bitalg avx512_vpopcntdq la57 rdpid bus_lock_detect cldemote movdiri movdir64b enqcmd fsrm md_clear serialize tsxldtrk pconfig arch_lbr ibt amx_bf16 avx512_fp16 amx_tile amx_int8 flush_l1d arch_capabilities
vmx flags	: vnmi preemption_timer posted_intr invvpid ept_x_only ept_ad ept_1gb ept_5level flexpriority apicv tsc_offset vtpr mtf vapic ept vpid unrestricted_guest vapic_reg vid ple shadow_vmcs pml ept_violation_ve ept_mode_based_exec tsc_scaling usr_wait_pause notify_vm_exiting ipi_virt
bugs		: spectre_v1 spectre_v2 spec_store_bypass swapgs eibrs_pbrsb bhi spectre_v2_user old_microcode vmscape
bogomips	: 4000.00
clflush size	: 64
cache_alignment	: 64
address sizes	: 46 bits physical, 57 bits virtual
power management:

processor	: 81
vendor_id	: GenuineIntel
cpu family	: 6
model		: 143
model name	: Intel(R) Xeon(R) Platinum 8480+
stepping	: 8
microcode	: 0x2b000639
cpu MHz		: 2607.216
cache size	: 107520 KB
physical id	: 1
siblings	: 56
core id		: 3
cpu cores	: 56
apicid		: 134
initial apicid	: 134
fpu		: yes
fpu_exception	: yes
cpuid level	: 32
wp		: yes
flags		: fpu vme de pse tsc msr pae mce cx8 apic sep mtrr pge mca cmov pat pse36 clflush dts acpi mmx fxsr sse sse2 ss ht tm pbe syscall nx pdpe1gb rdtscp lm constant_tsc art arch_perfmon pebs bts rep_good nopl xtopology nonstop_tsc cpuid aperfmperf tsc_known_freq pni pclmulqdq dtes64 monitor ds_cpl vmx smx est tm2 ssse3 sdbg fma cx16 xtpr pdcm pcid dca sse4_1 sse4_2 x2apic movbe popcnt tsc_deadline_timer aes xsave avx f16c rdrand lahf_lm abm 3dnowprefetch cpuid_fault epb cat_l3 cat_l2 cdp_l3 cdp_l2 ssbd mba ibrs ibpb stibp ibrs_enhanced tpr_shadow flexpriority ept vpid ept_ad fsgsbase tsc_adjust bmi1 avx2 smep bmi2 erms invpcid cqm rdt_a avx512f avx512dq rdseed adx smap avx512ifma clflushopt clwb intel_pt avx512cd sha_ni avx512bw avx512vl xsaveopt xsavec xgetbv1 xsaves cqm_llc cqm_occup_llc cqm_mbm_total cqm_mbm_local split_lock_detect user_shstk avx_vnni avx512_bf16 wbnoinvd dtherm ida arat pln pts vnmi avx512vbmi umip pku ospke waitpkg avx512_vbmi2 gfni vaes vpclmulqdq avx512_vnni avx512_bitalg avx512_vpopcntdq la57 rdpid bus_lock_detect cldemote movdiri movdir64b enqcmd fsrm md_clear serialize tsxldtrk pconfig arch_lbr ibt amx_bf16 avx512_fp16 amx_tile amx_int8 flush_l1d arch_capabilities
vmx flags	: vnmi preemption_timer posted_intr invvpid ept_x_only ept_ad ept_1gb ept_5level flexpriority apicv tsc_offset vtpr mtf vapic ept vpid unrestricted_guest vapic_reg vid ple shadow_vmcs pml ept_violation_ve ept_mode_based_exec tsc_scaling usr_wait_pause notify_vm_exiting ipi_virt
bugs		: spectre_v1 spectre_v2 spec_store_bypass swapgs eibrs_pbrsb bhi spectre_v2_user old_microcode vmscape
bogomips	: 4000.00
clflush size	: 64
cache_alignment	: 64
address sizes	: 46 bits physical, 57 bits virtual
power management:

processor	: 82
vendor_id	: GenuineIntel
cpu family	: 6
model		: 143
model name	: Intel(R) Xeon(R) Platinum 8480+
stepping	: 8
microcode	: 0x2b000639
cpu MHz		: 3800.000
cache size	: 107520 KB
physical id	: 0
siblings	: 56
core id		: 28
cpu cores	: 56
apicid		: 56
initial apicid	: 56
fpu		: yes
fpu_exception	: yes
cpuid level	: 32
wp		: yes
flags		: fpu vme de pse tsc msr pae mce cx8 apic sep mtrr pge mca cmov pat pse36 clflush dts acpi mmx fxsr sse sse2 ss ht tm pbe syscall nx pdpe1gb rdtscp lm constant_tsc art arch_perfmon pebs bts rep_good nopl xtopology nonstop_tsc cpuid aperfmperf tsc_known_freq pni pclmulqdq dtes64 monitor ds_cpl vmx smx est tm2 ssse3 sdbg fma cx16 xtpr pdcm pcid dca sse4_1 sse4_2 x2apic movbe popcnt tsc_deadline_timer aes xsave avx f16c rdrand lahf_lm abm 3dnowprefetch cpuid_fault epb cat_l3 cat_l2 cdp_l3 cdp_l2 ssbd mba ibrs ibpb stibp ibrs_enhanced tpr_shadow flexpriority ept vpid ept_ad fsgsbase tsc_adjust bmi1 avx2 smep bmi2 erms invpcid cqm rdt_a avx512f avx512dq rdseed adx smap avx512ifma clflushopt clwb intel_pt avx512cd sha_ni avx512bw avx512vl xsaveopt xsavec xgetbv1 xsaves cqm_llc cqm_occup_llc cqm_mbm_total cqm_mbm_local split_lock_detect user_shstk avx_vnni avx512_bf16 wbnoinvd dtherm ida arat pln pts vnmi avx512vbmi umip pku ospke waitpkg avx512_vbmi2 gfni vaes vpclmulqdq avx512_vnni avx512_bitalg avx512_vpopcntdq la57 rdpid bus_lock_detect cldemote movdiri movdir64b enqcmd fsrm md_clear serialize tsxldtrk pconfig arch_lbr ibt amx_bf16 avx512_fp16 amx_tile amx_int8 flush_l1d arch_capabilities
vmx flags	: vnmi preemption_timer posted_intr invvpid ept_x_only ept_ad ept_1gb ept_5level flexpriority apicv tsc_offset vtpr mtf vapic ept vpid unrestricted_guest vapic_reg vid ple shadow_vmcs pml ept_violation_ve ept_mode_based_exec tsc_scaling usr_wait_pause notify_vm_exiting ipi_virt
bugs		: spectre_v1 spectre_v2 spec_store_bypass swapgs eibrs_pbrsb bhi spectre_v2_user old_microcode vmscape
bogomips	: 4000.00
clflush size	: 64
cache_alignment	: 64
address sizes	: 46 bits physical, 57 bits virtual
power management:

processor	: 83
vendor_id	: GenuineIntel
cpu family	: 6
model		: 143
model name	: Intel(R) Xeon(R) Platinum 8480+
stepping	: 8
microcode	: 0x2b000639
cpu MHz		: 2968.428
cache size	: 107520 KB
physical id	: 1
siblings	: 56
core id		: 28
cpu cores	: 56
apicid		: 184
initial apicid	: 184
fpu		: yes
fpu_exception	: yes
cpuid level	: 32
wp		: yes
flags		: fpu vme de pse tsc msr pae mce cx8 apic sep mtrr pge mca cmov pat pse36 clflush dts acpi mmx fxsr sse sse2 ss ht tm pbe syscall nx pdpe1gb rdtscp lm constant_tsc art arch_perfmon pebs bts rep_good nopl xtopology nonstop_tsc cpuid aperfmperf tsc_known_freq pni pclmulqdq dtes64 monitor ds_cpl vmx smx est tm2 ssse3 sdbg fma cx16 xtpr pdcm pcid dca sse4_1 sse4_2 x2apic movbe popcnt tsc_deadline_timer aes xsave avx f16c rdrand lahf_lm abm 3dnowprefetch cpuid_fault epb cat_l3 cat_l2 cdp_l3 cdp_l2 ssbd mba ibrs ibpb stibp ibrs_enhanced tpr_shadow flexpriority ept vpid ept_ad fsgsbase tsc_adjust bmi1 avx2 smep bmi2 erms invpcid cqm rdt_a avx512f avx512dq rdseed adx smap avx512ifma clflushopt clwb intel_pt avx512cd sha_ni avx512bw avx512vl xsaveopt xsavec xgetbv1 xsaves cqm_llc cqm_occup_llc cqm_mbm_total cqm_mbm_local split_lock_detect user_shstk avx_vnni avx512_bf16 wbnoinvd dtherm ida arat pln pts vnmi avx512vbmi umip pku ospke waitpkg avx512_vbmi2 gfni vaes vpclmulqdq avx512_vnni avx512_bitalg avx512_vpopcntdq la57 rdpid bus_lock_detect cldemote movdiri movdir64b enqcmd fsrm md_clear serialize tsxldtrk pconfig arch_lbr ibt amx_bf16 avx512_fp16 amx_tile amx_int8 flush_l1d arch_capabilities
vmx flags	: vnmi preemption_timer posted_intr invvpid ept_x_only ept_ad ept_1gb ept_5level flexpriority apicv tsc_offset vtpr mtf vapic ept vpid unrestricted_guest vapic_reg vid ple shadow_vmcs pml ept_violation_ve ept_mode_based_exec tsc_scaling usr_wait_pause notify_vm_exiting ipi_virt
bugs		: spectre_v1 spectre_v2 spec_store_bypass swapgs eibrs_pbrsb bhi spectre_v2_user old_microcode vmscape
bogomips	: 4000.00
clflush size	: 64
cache_alignment	: 64
address sizes	: 46 bits physical, 57 bits virtual
power management:

processor	: 84
vendor_id	: GenuineIntel
cpu family	: 6
model		: 143
model name	: Intel(R) Xeon(R) Platinum 8480+
stepping	: 8
microcode	: 0x2b000639
cpu MHz		: 3800.000
cache size	: 107520 KB
physical id	: 0
siblings	: 56
core id		: 15
cpu cores	: 56
apicid		: 30
initial apicid	: 30
fpu		: yes
fpu_exception	: yes
cpuid level	: 32
wp		: yes
flags		: fpu vme de pse tsc msr pae mce cx8 apic sep mtrr pge mca cmov pat pse36 clflush dts acpi mmx fxsr sse sse2 ss ht tm pbe syscall nx pdpe1gb rdtscp lm constant_tsc art arch_perfmon pebs bts rep_good nopl xtopology nonstop_tsc cpuid aperfmperf tsc_known_freq pni pclmulqdq dtes64 monitor ds_cpl vmx smx est tm2 ssse3 sdbg fma cx16 xtpr pdcm pcid dca sse4_1 sse4_2 x2apic movbe popcnt tsc_deadline_timer aes xsave avx f16c rdrand lahf_lm abm 3dnowprefetch cpuid_fault epb cat_l3 cat_l2 cdp_l3 cdp_l2 ssbd mba ibrs ibpb stibp ibrs_enhanced tpr_shadow flexpriority ept vpid ept_ad fsgsbase tsc_adjust bmi1 avx2 smep bmi2 erms invpcid cqm rdt_a avx512f avx512dq rdseed adx smap avx512ifma clflushopt clwb intel_pt avx512cd sha_ni avx512bw avx512vl xsaveopt xsavec xgetbv1 xsaves cqm_llc cqm_occup_llc cqm_mbm_total cqm_mbm_local split_lock_detect user_shstk avx_vnni avx512_bf16 wbnoinvd dtherm ida arat pln pts vnmi avx512vbmi umip pku ospke waitpkg avx512_vbmi2 gfni vaes vpclmulqdq avx512_vnni avx512_bitalg avx512_vpopcntdq la57 rdpid bus_lock_detect cldemote movdiri movdir64b enqcmd fsrm md_clear serialize tsxldtrk pconfig arch_lbr ibt amx_bf16 avx512_fp16 amx_tile amx_int8 flush_l1d arch_capabilities
vmx flags	: vnmi preemption_timer posted_intr invvpid ept_x_only ept_ad ept_1gb ept_5level flexpriority apicv tsc_offset vtpr mtf vapic ept vpid unrestricted_guest vapic_reg vid ple shadow_vmcs pml ept_violation_ve ept_mode_based_exec tsc_scaling usr_wait_pause notify_vm_exiting ipi_virt
bugs		: spectre_v1 spectre_v2 spec_store_bypass swapgs eibrs_pbrsb bhi spectre_v2_user old_microcode vmscape
bogomips	: 4000.00
clflush size	: 64
cache_alignment	: 64
address sizes	: 46 bits physical, 57 bits virtual
power management:

processor	: 85
vendor_id	: GenuineIntel
cpu family	: 6
model		: 143
model name	: Intel(R) Xeon(R) Platinum 8480+
stepping	: 8
microcode	: 0x2b000639
cpu MHz		: 2578.431
cache size	: 107520 KB
physical id	: 1
siblings	: 56
core id		: 15
cpu cores	: 56
apicid		: 158
initial apicid	: 158
fpu		: yes
fpu_exception	: yes
cpuid level	: 32
wp		: yes
flags		: fpu vme de pse tsc msr pae mce cx8 apic sep mtrr pge mca cmov pat pse36 clflush dts acpi mmx fxsr sse sse2 ss ht tm pbe syscall nx pdpe1gb rdtscp lm constant_tsc art arch_perfmon pebs bts rep_good nopl xtopology nonstop_tsc cpuid aperfmperf tsc_known_freq pni pclmulqdq dtes64 monitor ds_cpl vmx smx est tm2 ssse3 sdbg fma cx16 xtpr pdcm pcid dca sse4_1 sse4_2 x2apic movbe popcnt tsc_deadline_timer aes xsave avx f16c rdrand lahf_lm abm 3dnowprefetch cpuid_fault epb cat_l3 cat_l2 cdp_l3 cdp_l2 ssbd mba ibrs ibpb stibp ibrs_enhanced tpr_shadow flexpriority ept vpid ept_ad fsgsbase tsc_adjust bmi1 avx2 smep bmi2 erms invpcid cqm rdt_a avx512f avx512dq rdseed adx smap avx512ifma clflushopt clwb intel_pt avx512cd sha_ni avx512bw avx512vl xsaveopt xsavec xgetbv1 xsaves cqm_llc cqm_occup_llc cqm_mbm_total cqm_mbm_local split_lock_detect user_shstk avx_vnni avx512_bf16 wbnoinvd dtherm ida arat pln pts vnmi avx512vbmi umip pku ospke waitpkg avx512_vbmi2 gfni vaes vpclmulqdq avx512_vnni avx512_bitalg avx512_vpopcntdq la57 rdpid bus_lock_detect cldemote movdiri movdir64b enqcmd fsrm md_clear serialize tsxldtrk pconfig arch_lbr ibt amx_bf16 avx512_fp16 amx_tile amx_int8 flush_l1d arch_capabilities
vmx flags	: vnmi preemption_timer posted_intr invvpid ept_x_only ept_ad ept_1gb ept_5level flexpriority apicv tsc_offset vtpr mtf vapic ept vpid unrestricted_guest vapic_reg vid ple shadow_vmcs pml ept_violation_ve ept_mode_based_exec tsc_scaling usr_wait_pause notify_vm_exiting ipi_virt
bugs		: spectre_v1 spectre_v2 spec_store_bypass swapgs eibrs_pbrsb bhi spectre_v2_user old_microcode vmscape
bogomips	: 4000.00
clflush size	: 64
cache_alignment	: 64
address sizes	: 46 bits physical, 57 bits virtual
power management:

processor	: 86
vendor_id	: GenuineIntel
cpu family	: 6
model		: 143
model name	: Intel(R) Xeon(R) Platinum 8480+
stepping	: 8
microcode	: 0x2b000639
cpu MHz		: 2796.345
cache size	: 107520 KB
physical id	: 0
siblings	: 56
core id		: 52
cpu cores	: 56
apicid		: 104
initial apicid	: 104
fpu		: yes
fpu_exception	: yes
cpuid level	: 32
wp		: yes
flags		: fpu vme de pse tsc msr pae mce cx8 apic sep mtrr pge mca cmov pat pse36 clflush dts acpi mmx fxsr sse sse2 ss ht tm pbe syscall nx pdpe1gb rdtscp lm constant_tsc art arch_perfmon pebs bts rep_good nopl xtopology nonstop_tsc cpuid aperfmperf tsc_known_freq pni pclmulqdq dtes64 monitor ds_cpl vmx smx est tm2 ssse3 sdbg fma cx16 xtpr pdcm pcid dca sse4_1 sse4_2 x2apic movbe popcnt tsc_deadline_timer aes xsave avx f16c rdrand lahf_lm abm 3dnowprefetch cpuid_fault epb cat_l3 cat_l2 cdp_l3 cdp_l2 ssbd mba ibrs ibpb stibp ibrs_enhanced tpr_shadow flexpriority ept vpid ept_ad fsgsbase tsc_adjust bmi1 avx2 smep bmi2 erms invpcid cqm rdt_a avx512f avx512dq rdseed adx smap avx512ifma clflushopt clwb intel_pt avx512cd sha_ni avx512bw avx512vl xsaveopt xsavec xgetbv1 xsaves cqm_llc cqm_occup_llc cqm_mbm_total cqm_mbm_local split_lock_detect user_shstk avx_vnni avx512_bf16 wbnoinvd dtherm ida arat pln pts vnmi avx512vbmi umip pku ospke waitpkg avx512_vbmi2 gfni vaes vpclmulqdq avx512_vnni avx512_bitalg avx512_vpopcntdq la57 rdpid bus_lock_detect cldemote movdiri movdir64b enqcmd fsrm md_clear serialize tsxldtrk pconfig arch_lbr ibt amx_bf16 avx512_fp16 amx_tile amx_int8 flush_l1d arch_capabilities
vmx flags	: vnmi preemption_timer posted_intr invvpid ept_x_only ept_ad ept_1gb ept_5level flexpriority apicv tsc_offset vtpr mtf vapic ept vpid unrestricted_guest vapic_reg vid ple shadow_vmcs pml ept_violation_ve ept_mode_based_exec tsc_scaling usr_wait_pause notify_vm_exiting ipi_virt
bugs		: spectre_v1 spectre_v2 spec_store_bypass swapgs eibrs_pbrsb bhi spectre_v2_user old_microcode vmscape
bogomips	: 4000.00
clflush size	: 64
cache_alignment	: 64
address sizes	: 46 bits physical, 57 bits virtual
power management:

processor	: 87
vendor_id	: GenuineIntel
cpu family	: 6
model		: 143
model name	: Intel(R) Xeon(R) Platinum 8480+
stepping	: 8
microcode	: 0x2b000639
cpu MHz		: 2994.851
cache size	: 107520 KB
physical id	: 1
siblings	: 56
core id		: 52
cpu cores	: 56
apicid		: 232
initial apicid	: 232
fpu		: yes
fpu_exception	: yes
cpuid level	: 32
wp		: yes
flags		: fpu vme de pse tsc msr pae mce cx8 apic sep mtrr pge mca cmov pat pse36 clflush dts acpi mmx fxsr sse sse2 ss ht tm pbe syscall nx pdpe1gb rdtscp lm constant_tsc art arch_perfmon pebs bts rep_good nopl xtopology nonstop_tsc cpuid aperfmperf tsc_known_freq pni pclmulqdq dtes64 monitor ds_cpl vmx smx est tm2 ssse3 sdbg fma cx16 xtpr pdcm pcid dca sse4_1 sse4_2 x2apic movbe popcnt tsc_deadline_timer aes xsave avx f16c rdrand lahf_lm abm 3dnowprefetch cpuid_fault epb cat_l3 cat_l2 cdp_l3 cdp_l2 ssbd mba ibrs ibpb stibp ibrs_enhanced tpr_shadow flexpriority ept vpid ept_ad fsgsbase tsc_adjust bmi1 avx2 smep bmi2 erms invpcid cqm rdt_a avx512f avx512dq rdseed adx smap avx512ifma clflushopt clwb intel_pt avx512cd sha_ni avx512bw avx512vl xsaveopt xsavec xgetbv1 xsaves cqm_llc cqm_occup_llc cqm_mbm_total cqm_mbm_local split_lock_detect user_shstk avx_vnni avx512_bf16 wbnoinvd dtherm ida arat pln pts vnmi avx512vbmi umip pku ospke waitpkg avx512_vbmi2 gfni vaes vpclmulqdq avx512_vnni avx512_bitalg avx512_vpopcntdq la57 rdpid bus_lock_detect cldemote movdiri movdir64b enqcmd fsrm md_clear serialize tsxldtrk pconfig arch_lbr ibt amx_bf16 avx512_fp16 amx_tile amx_int8 flush_l1d arch_capabilities
vmx flags	: vnmi preemption_timer posted_intr invvpid ept_x_only ept_ad ept_1gb ept_5level flexpriority apicv tsc_offset vtpr mtf vapic ept vpid unrestricted_guest vapic_reg vid ple shadow_vmcs pml ept_violation_ve ept_mode_based_exec tsc_scaling usr_wait_pause notify_vm_exiting ipi_virt
bugs		: spectre_v1 spectre_v2 spec_store_bypass swapgs eibrs_pbrsb bhi spectre_v2_user old_microcode vmscape
bogomips	: 4000.00
clflush size	: 64
cache_alignment	: 64
address sizes	: 46 bits physical, 57 bits virtual
power management:

processor	: 88
vendor_id	: GenuineIntel
cpu family	: 6
model		: 143
model name	: Intel(R) Xeon(R) Platinum 8480+
stepping	: 8
microcode	: 0x2b000639
cpu MHz		: 3800.000
cache size	: 107520 KB
physical id	: 0
siblings	: 56
core id		: 3
cpu cores	: 56
apicid		: 6
initial apicid	: 6
fpu		: yes
fpu_exception	: yes
cpuid level	: 32
wp		: yes
flags		: fpu vme de pse tsc msr pae mce cx8 apic sep mtrr pge mca cmov pat pse36 clflush dts acpi mmx fxsr sse sse2 ss ht tm pbe syscall nx pdpe1gb rdtscp lm constant_tsc art arch_perfmon pebs bts rep_good nopl xtopology nonstop_tsc cpuid aperfmperf tsc_known_freq pni pclmulqdq dtes64 monitor ds_cpl vmx smx est tm2 ssse3 sdbg fma cx16 xtpr pdcm pcid dca sse4_1 sse4_2 x2apic movbe popcnt tsc_deadline_timer aes xsave avx f16c rdrand lahf_lm abm 3dnowprefetch cpuid_fault epb cat_l3 cat_l2 cdp_l3 cdp_l2 ssbd mba ibrs ibpb stibp ibrs_enhanced tpr_shadow flexpriority ept vpid ept_ad fsgsbase tsc_adjust bmi1 avx2 smep bmi2 erms invpcid cqm rdt_a avx512f avx512dq rdseed adx smap avx512ifma clflushopt clwb intel_pt avx512cd sha_ni avx512bw avx512vl xsaveopt xsavec xgetbv1 xsaves cqm_llc cqm_occup_llc cqm_mbm_total cqm_mbm_local split_lock_detect user_shstk avx_vnni avx512_bf16 wbnoinvd dtherm ida arat pln pts vnmi avx512vbmi umip pku ospke waitpkg avx512_vbmi2 gfni vaes vpclmulqdq avx512_vnni avx512_bitalg avx512_vpopcntdq la57 rdpid bus_lock_detect cldemote movdiri movdir64b enqcmd fsrm md_clear serialize tsxldtrk pconfig arch_lbr ibt amx_bf16 avx512_fp16 amx_tile amx_int8 flush_l1d arch_capabilities
vmx flags	: vnmi preemption_timer posted_intr invvpid ept_x_only ept_ad ept_1gb ept_5level flexpriority apicv tsc_offset vtpr mtf vapic ept vpid unrestricted_guest vapic_reg vid ple shadow_vmcs pml ept_violation_ve ept_mode_based_exec tsc_scaling usr_wait_pause notify_vm_exiting ipi_virt
bugs		: spectre_v1 spectre_v2 spec_store_bypass swapgs eibrs_pbrsb bhi spectre_v2_user old_microcode vmscape
bogomips	: 4000.00
clflush size	: 64
cache_alignment	: 64
address sizes	: 46 bits physical, 57 bits virtual
power management:

processor	: 89
vendor_id	: GenuineIntel
cpu family	: 6
model		: 143
model name	: Intel(R) Xeon(R) Platinum 8480+
stepping	: 8
microcode	: 0x2b000639
cpu MHz		: 2642.589
cache size	: 107520 KB
physical id	: 1
siblings	: 56
core id		: 10
cpu cores	: 56
apicid		: 148
initial apicid	: 148
fpu		: yes
fpu_exception	: yes
cpuid level	: 32
wp		: yes
flags		: fpu vme de pse tsc msr pae mce cx8 apic sep mtrr pge mca cmov pat pse36 clflush dts acpi mmx fxsr sse sse2 ss ht tm pbe syscall nx pdpe1gb rdtscp lm constant_tsc art arch_perfmon pebs bts rep_good nopl xtopology nonstop_tsc cpuid aperfmperf tsc_known_freq pni pclmulqdq dtes64 monitor ds_cpl vmx smx est tm2 ssse3 sdbg fma cx16 xtpr pdcm pcid dca sse4_1 sse4_2 x2apic movbe popcnt tsc_deadline_timer aes xsave avx f16c rdrand lahf_lm abm 3dnowprefetch cpuid_fault epb cat_l3 cat_l2 cdp_l3 cdp_l2 ssbd mba ibrs ibpb stibp ibrs_enhanced tpr_shadow flexpriority ept vpid ept_ad fsgsbase tsc_adjust bmi1 avx2 smep bmi2 erms invpcid cqm rdt_a avx512f avx512dq rdseed adx smap avx512ifma clflushopt clwb intel_pt avx512cd sha_ni avx512bw avx512vl xsaveopt xsavec xgetbv1 xsaves cqm_llc cqm_occup_llc cqm_mbm_total cqm_mbm_local split_lock_detect user_shstk avx_vnni avx512_bf16 wbnoinvd dtherm ida arat pln pts vnmi avx512vbmi umip pku ospke waitpkg avx512_vbmi2 gfni vaes vpclmulqdq avx512_vnni avx512_bitalg avx512_vpopcntdq la57 rdpid bus_lock_detect cldemote movdiri movdir64b enqcmd fsrm md_clear serialize tsxldtrk pconfig arch_lbr ibt amx_bf16 avx512_fp16 amx_tile amx_int8 flush_l1d arch_capabilities
vmx flags	: vnmi preemption_timer posted_intr invvpid ept_x_only ept_ad ept_1gb ept_5level flexpriority apicv tsc_offset vtpr mtf vapic ept vpid unrestricted_guest vapic_reg vid ple shadow_vmcs pml ept_violation_ve ept_mode_based_exec tsc_scaling usr_wait_pause notify_vm_exiting ipi_virt
bugs		: spectre_v1 spectre_v2 spec_store_bypass swapgs eibrs_pbrsb bhi spectre_v2_user old_microcode vmscape
bogomips	: 4000.00
clflush size	: 64
cache_alignment	: 64
address sizes	: 46 bits physical, 57 bits virtual
power management:

processor	: 90
vendor_id	: GenuineIntel
cpu family	: 6
model		: 143
model name	: Intel(R) Xeon(R) Platinum 8480+
stepping	: 8
microcode	: 0x2b000639
cpu MHz		: 3800.000
cache size	: 107520 KB
physical id	: 0
siblings	: 56
core id		: 35
cpu cores	: 56
apicid		: 70
initial apicid	: 70
fpu		: yes
fpu_exception	: yes
cpuid level	: 32
wp		: yes
flags		: fpu vme de pse tsc msr pae mce cx8 apic sep mtrr pge mca cmov pat pse36 clflush dts acpi mmx fxsr sse sse2 ss ht tm pbe syscall nx pdpe1gb rdtscp lm constant_tsc art arch_perfmon pebs bts rep_good nopl xtopology nonstop_tsc cpuid aperfmperf tsc_known_freq pni pclmulqdq dtes64 monitor ds_cpl vmx smx est tm2 ssse3 sdbg fma cx16 xtpr pdcm pcid dca sse4_1 sse4_2 x2apic movbe popcnt tsc_deadline_timer aes xsave avx f16c rdrand lahf_lm abm 3dnowprefetch cpuid_fault epb cat_l3 cat_l2 cdp_l3 cdp_l2 ssbd mba ibrs ibpb stibp ibrs_enhanced tpr_shadow flexpriority ept vpid ept_ad fsgsbase tsc_adjust bmi1 avx2 smep bmi2 erms invpcid cqm rdt_a avx512f avx512dq rdseed adx smap avx512ifma clflushopt clwb intel_pt avx512cd sha_ni avx512bw avx512vl xsaveopt xsavec xgetbv1 xsaves cqm_llc cqm_occup_llc cqm_mbm_total cqm_mbm_local split_lock_detect user_shstk avx_vnni avx512_bf16 wbnoinvd dtherm ida arat pln pts vnmi avx512vbmi umip pku ospke waitpkg avx512_vbmi2 gfni vaes vpclmulqdq avx512_vnni avx512_bitalg avx512_vpopcntdq la57 rdpid bus_lock_detect cldemote movdiri movdir64b enqcmd fsrm md_clear serialize tsxldtrk pconfig arch_lbr ibt amx_bf16 avx512_fp16 amx_tile amx_int8 flush_l1d arch_capabilities
vmx flags	: vnmi preemption_timer posted_intr invvpid ept_x_only ept_ad ept_1gb ept_5level flexpriority apicv tsc_offset vtpr mtf vapic ept vpid unrestricted_guest vapic_reg vid ple shadow_vmcs pml ept_violation_ve ept_mode_based_exec tsc_scaling usr_wait_pause notify_vm_exiting ipi_virt
bugs		: spectre_v1 spectre_v2 spec_store_bypass swapgs eibrs_pbrsb bhi spectre_v2_user old_microcode vmscape
bogomips	: 4000.00
clflush size	: 64
cache_alignment	: 64
address sizes	: 46 bits physical, 57 bits virtual
power management:

processor	: 91
vendor_id	: GenuineIntel
cpu family	: 6
model		: 143
model name	: Intel(R) Xeon(R) Platinum 8480+
stepping	: 8
microcode	: 0x2b000639
cpu MHz		: 2984.398
cache size	: 107520 KB
physical id	: 1
siblings	: 56
core id		: 35
cpu cores	: 56
apicid		: 198
initial apicid	: 198
fpu		: yes
fpu_exception	: yes
cpuid level	: 32
wp		: yes
flags		: fpu vme de pse tsc msr pae mce cx8 apic sep mtrr pge mca cmov pat pse36 clflush dts acpi mmx fxsr sse sse2 ss ht tm pbe syscall nx pdpe1gb rdtscp lm constant_tsc art arch_perfmon pebs bts rep_good nopl xtopology nonstop_tsc cpuid aperfmperf tsc_known_freq pni pclmulqdq dtes64 monitor ds_cpl vmx smx est tm2 ssse3 sdbg fma cx16 xtpr pdcm pcid dca sse4_1 sse4_2 x2apic movbe popcnt tsc_deadline_timer aes xsave avx f16c rdrand lahf_lm abm 3dnowprefetch cpuid_fault epb cat_l3 cat_l2 cdp_l3 cdp_l2 ssbd mba ibrs ibpb stibp ibrs_enhanced tpr_shadow flexpriority ept vpid ept_ad fsgsbase tsc_adjust bmi1 avx2 smep bmi2 erms invpcid cqm rdt_a avx512f avx512dq rdseed adx smap avx512ifma clflushopt clwb intel_pt avx512cd sha_ni avx512bw avx512vl xsaveopt xsavec xgetbv1 xsaves cqm_llc cqm_occup_llc cqm_mbm_total cqm_mbm_local split_lock_detect user_shstk avx_vnni avx512_bf16 wbnoinvd dtherm ida arat pln pts vnmi avx512vbmi umip pku ospke waitpkg avx512_vbmi2 gfni vaes vpclmulqdq avx512_vnni avx512_bitalg avx512_vpopcntdq la57 rdpid bus_lock_detect cldemote movdiri movdir64b enqcmd fsrm md_clear serialize tsxldtrk pconfig arch_lbr ibt amx_bf16 avx512_fp16 amx_tile amx_int8 flush_l1d arch_capabilities
vmx flags	: vnmi preemption_timer posted_intr invvpid ept_x_only ept_ad ept_1gb ept_5level flexpriority apicv tsc_offset vtpr mtf vapic ept vpid unrestricted_guest vapic_reg vid ple shadow_vmcs pml ept_violation_ve ept_mode_based_exec tsc_scaling usr_wait_pause notify_vm_exiting ipi_virt
bugs		: spectre_v1 spectre_v2 spec_store_bypass swapgs eibrs_pbrsb bhi spectre_v2_user old_microcode vmscape
bogomips	: 4000.00
clflush size	: 64
cache_alignment	: 64
address sizes	: 46 bits physical, 57 bits virtual
power management:

processor	: 92
vendor_id	: GenuineIntel
cpu family	: 6
model		: 143
model name	: Intel(R) Xeon(R) Platinum 8480+
stepping	: 8
microcode	: 0x2b000639
cpu MHz		: 3800.000
cache size	: 107520 KB
physical id	: 0
siblings	: 56
core id		: 27
cpu cores	: 56
apicid		: 54
initial apicid	: 54
fpu		: yes
fpu_exception	: yes
cpuid level	: 32
wp		: yes
flags		: fpu vme de pse tsc msr pae mce cx8 apic sep mtrr pge mca cmov pat pse36 clflush dts acpi mmx fxsr sse sse2 ss ht tm pbe syscall nx pdpe1gb rdtscp lm constant_tsc art arch_perfmon pebs bts rep_good nopl xtopology nonstop_tsc cpuid aperfmperf tsc_known_freq pni pclmulqdq dtes64 monitor ds_cpl vmx smx est tm2 ssse3 sdbg fma cx16 xtpr pdcm pcid dca sse4_1 sse4_2 x2apic movbe popcnt tsc_deadline_timer aes xsave avx f16c rdrand lahf_lm abm 3dnowprefetch cpuid_fault epb cat_l3 cat_l2 cdp_l3 cdp_l2 ssbd mba ibrs ibpb stibp ibrs_enhanced tpr_shadow flexpriority ept vpid ept_ad fsgsbase tsc_adjust bmi1 avx2 smep bmi2 erms invpcid cqm rdt_a avx512f avx512dq rdseed adx smap avx512ifma clflushopt clwb intel_pt avx512cd sha_ni avx512bw avx512vl xsaveopt xsavec xgetbv1 xsaves cqm_llc cqm_occup_llc cqm_mbm_total cqm_mbm_local split_lock_detect user_shstk avx_vnni avx512_bf16 wbnoinvd dtherm ida arat pln pts vnmi avx512vbmi umip pku ospke waitpkg avx512_vbmi2 gfni vaes vpclmulqdq avx512_vnni avx512_bitalg avx512_vpopcntdq la57 rdpid bus_lock_detect cldemote movdiri movdir64b enqcmd fsrm md_clear serialize tsxldtrk pconfig arch_lbr ibt amx_bf16 avx512_fp16 amx_tile amx_int8 flush_l1d arch_capabilities
vmx flags	: vnmi preemption_timer posted_intr invvpid ept_x_only ept_ad ept_1gb ept_5level flexpriority apicv tsc_offset vtpr mtf vapic ept vpid unrestricted_guest vapic_reg vid ple shadow_vmcs pml ept_violation_ve ept_mode_based_exec tsc_scaling usr_wait_pause notify_vm_exiting ipi_virt
bugs		: spectre_v1 spectre_v2 spec_store_bypass swapgs eibrs_pbrsb bhi spectre_v2_user old_microcode vmscape
bogomips	: 4000.00
clflush size	: 64
cache_alignment	: 64
address sizes	: 46 bits physical, 57 bits virtual
power management:

processor	: 93
vendor_id	: GenuineIntel
cpu family	: 6
model		: 143
model name	: Intel(R) Xeon(R) Platinum 8480+
stepping	: 8
microcode	: 0x2b000639
cpu MHz		: 2580.396
cache size	: 107520 KB
physical id	: 1
siblings	: 56
core id		: 27
cpu cores	: 56
apicid		: 182
initial apicid	: 182
fpu		: yes
fpu_exception	: yes
cpuid level	: 32
wp		: yes
flags		: fpu vme de pse tsc msr pae mce cx8 apic sep mtrr pge mca cmov pat pse36 clflush dts acpi mmx fxsr sse sse2 ss ht tm pbe syscall nx pdpe1gb rdtscp lm constant_tsc art arch_perfmon pebs bts rep_good nopl xtopology nonstop_tsc cpuid aperfmperf tsc_known_freq pni pclmulqdq dtes64 monitor ds_cpl vmx smx est tm2 ssse3 sdbg fma cx16 xtpr pdcm pcid dca sse4_1 sse4_2 x2apic movbe popcnt tsc_deadline_timer aes xsave avx f16c rdrand lahf_lm abm 3dnowprefetch cpuid_fault epb cat_l3 cat_l2 cdp_l3 cdp_l2 ssbd mba ibrs ibpb stibp ibrs_enhanced tpr_shadow flexpriority ept vpid ept_ad fsgsbase tsc_adjust bmi1 avx2 smep bmi2 erms invpcid cqm rdt_a avx512f avx512dq rdseed adx smap avx512ifma clflushopt clwb intel_pt avx512cd sha_ni avx512bw avx512vl xsaveopt xsavec xgetbv1 xsaves cqm_llc cqm_occup_llc cqm_mbm_total cqm_mbm_local split_lock_detect user_shstk avx_vnni avx512_bf16 wbnoinvd dtherm ida arat pln pts vnmi avx512vbmi umip pku ospke waitpkg avx512_vbmi2 gfni vaes vpclmulqdq avx512_vnni avx512_bitalg avx512_vpopcntdq la57 rdpid bus_lock_detect cldemote movdiri movdir64b enqcmd fsrm md_clear serialize tsxldtrk pconfig arch_lbr ibt amx_bf16 avx512_fp16 amx_tile amx_int8 flush_l1d arch_capabilities
vmx flags	: vnmi preemption_timer posted_intr invvpid ept_x_only ept_ad ept_1gb ept_5level flexpriority apicv tsc_offset vtpr mtf vapic ept vpid unrestricted_guest vapic_reg vid ple shadow_vmcs pml ept_violation_ve ept_mode_based_exec tsc_scaling usr_wait_pause notify_vm_exiting ipi_virt
bugs		: spectre_v1 spectre_v2 spec_store_bypass swapgs eibrs_pbrsb bhi spectre_v2_user old_microcode vmscape
bogomips	: 4000.00
clflush size	: 64
cache_alignment	: 64
address sizes	: 46 bits physical, 57 bits virtual
power management:

processor	: 94
vendor_id	: GenuineIntel
cpu family	: 6
model		: 143
model name	: Intel(R) Xeon(R) Platinum 8480+
stepping	: 8
microcode	: 0x2b000639
cpu MHz		: 3800.000
cache size	: 107520 KB
physical id	: 0
siblings	: 56
core id		: 46
cpu cores	: 56
apicid		: 92
initial apicid	: 92
fpu		: yes
fpu_exception	: yes
cpuid level	: 32
wp		: yes
flags		: fpu vme de pse tsc msr pae mce cx8 apic sep mtrr pge mca cmov pat pse36 clflush dts acpi mmx fxsr sse sse2 ss ht tm pbe syscall nx pdpe1gb rdtscp lm constant_tsc art arch_perfmon pebs bts rep_good nopl xtopology nonstop_tsc cpuid aperfmperf tsc_known_freq pni pclmulqdq dtes64 monitor ds_cpl vmx smx est tm2 ssse3 sdbg fma cx16 xtpr pdcm pcid dca sse4_1 sse4_2 x2apic movbe popcnt tsc_deadline_timer aes xsave avx f16c rdrand lahf_lm abm 3dnowprefetch cpuid_fault epb cat_l3 cat_l2 cdp_l3 cdp_l2 ssbd mba ibrs ibpb stibp ibrs_enhanced tpr_shadow flexpriority ept vpid ept_ad fsgsbase tsc_adjust bmi1 avx2 smep bmi2 erms invpcid cqm rdt_a avx512f avx512dq rdseed adx smap avx512ifma clflushopt clwb intel_pt avx512cd sha_ni avx512bw avx512vl xsaveopt xsavec xgetbv1 xsaves cqm_llc cqm_occup_llc cqm_mbm_total cqm_mbm_local split_lock_detect user_shstk avx_vnni avx512_bf16 wbnoinvd dtherm ida arat pln pts vnmi avx512vbmi umip pku ospke waitpkg avx512_vbmi2 gfni vaes vpclmulqdq avx512_vnni avx512_bitalg avx512_vpopcntdq la57 rdpid bus_lock_detect cldemote movdiri movdir64b enqcmd fsrm md_clear serialize tsxldtrk pconfig arch_lbr ibt amx_bf16 avx512_fp16 amx_tile amx_int8 flush_l1d arch_capabilities
vmx flags	: vnmi preemption_timer posted_intr invvpid ept_x_only ept_ad ept_1gb ept_5level flexpriority apicv tsc_offset vtpr mtf vapic ept vpid unrestricted_guest vapic_reg vid ple shadow_vmcs pml ept_violation_ve ept_mode_based_exec tsc_scaling usr_wait_pause notify_vm_exiting ipi_virt
bugs		: spectre_v1 spectre_v2 spec_store_bypass swapgs eibrs_pbrsb bhi spectre_v2_user old_microcode vmscape
bogomips	: 4000.00
clflush size	: 64
cache_alignment	: 64
address sizes	: 46 bits physical, 57 bits virtual
power management:

processor	: 95
vendor_id	: GenuineIntel
cpu family	: 6
model		: 143
model name	: Intel(R) Xeon(R) Platinum 8480+
stepping	: 8
microcode	: 0x2b000639
cpu MHz		: 2653.005
cache size	: 107520 KB
physical id	: 1
siblings	: 56
core id		: 46
cpu cores	: 56
apicid		: 220
initial apicid	: 220
fpu		: yes
fpu_exception	: yes
cpuid level	: 32
wp		: yes
flags		: fpu vme de pse tsc msr pae mce cx8 apic sep mtrr pge mca cmov pat pse36 clflush dts acpi mmx fxsr sse sse2 ss ht tm pbe syscall nx pdpe1gb rdtscp lm constant_tsc art arch_perfmon pebs bts rep_good nopl xtopology nonstop_tsc cpuid aperfmperf tsc_known_freq pni pclmulqdq dtes64 monitor ds_cpl vmx smx est tm2 ssse3 sdbg fma cx16 xtpr pdcm pcid dca sse4_1 sse4_2 x2apic movbe popcnt tsc_deadline_timer aes xsave avx f16c rdrand lahf_lm abm 3dnowprefetch cpuid_fault epb cat_l3 cat_l2 cdp_l3 cdp_l2 ssbd mba ibrs ibpb stibp ibrs_enhanced tpr_shadow flexpriority ept vpid ept_ad fsgsbase tsc_adjust bmi1 avx2 smep bmi2 erms invpcid cqm rdt_a avx512f avx512dq rdseed adx smap avx512ifma clflushopt clwb intel_pt avx512cd sha_ni avx512bw avx512vl xsaveopt xsavec xgetbv1 xsaves cqm_llc cqm_occup_llc cqm_mbm_total cqm_mbm_local split_lock_detect user_shstk avx_vnni avx512_bf16 wbnoinvd dtherm ida arat pln pts vnmi avx512vbmi umip pku ospke waitpkg avx512_vbmi2 gfni vaes vpclmulqdq avx512_vnni avx512_bitalg avx512_vpopcntdq la57 rdpid bus_lock_detect cldemote movdiri movdir64b enqcmd fsrm md_clear serialize tsxldtrk pconfig arch_lbr ibt amx_bf16 avx512_fp16 amx_tile amx_int8 flush_l1d arch_capabilities
vmx flags	: vnmi preemption_timer posted_intr invvpid ept_x_only ept_ad ept_1gb ept_5level flexpriority apicv tsc_offset vtpr mtf vapic ept vpid unrestricted_guest vapic_reg vid ple shadow_vmcs pml ept_violation_ve ept_mode_based_exec tsc_scaling usr_wait_pause notify_vm_exiting ipi_virt
bugs		: spectre_v1 spectre_v2 spec_store_bypass swapgs eibrs_pbrsb bhi spectre_v2_user old_microcode vmscape
bogomips	: 4000.00
clflush size	: 64
cache_alignment	: 64
address sizes	: 46 bits physical, 57 bits virtual
power management:

processor	: 96
vendor_id	: GenuineIntel
cpu family	: 6
model		: 143
model name	: Intel(R) Xeon(R) Platinum 8480+
stepping	: 8
microcode	: 0x2b000639
cpu MHz		: 3800.000
cache size	: 107520 KB
physical id	: 0
siblings	: 56
core id		: 12
cpu cores	: 56
apicid		: 24
initial apicid	: 24
fpu		: yes
fpu_exception	: yes
cpuid level	: 32
wp		: yes
flags		: fpu vme de pse tsc msr pae mce cx8 apic sep mtrr pge mca cmov pat pse36 clflush dts acpi mmx fxsr sse sse2 ss ht tm pbe syscall nx pdpe1gb rdtscp lm constant_tsc art arch_perfmon pebs bts rep_good nopl xtopology nonstop_tsc cpuid aperfmperf tsc_known_freq pni pclmulqdq dtes64 monitor ds_cpl vmx smx est tm2 ssse3 sdbg fma cx16 xtpr pdcm pcid dca sse4_1 sse4_2 x2apic movbe popcnt tsc_deadline_timer aes xsave avx f16c rdrand lahf_lm abm 3dnowprefetch cpuid_fault epb cat_l3 cat_l2 cdp_l3 cdp_l2 ssbd mba ibrs ibpb stibp ibrs_enhanced tpr_shadow flexpriority ept vpid ept_ad fsgsbase tsc_adjust bmi1 avx2 smep bmi2 erms invpcid cqm rdt_a avx512f avx512dq rdseed adx smap avx512ifma clflushopt clwb intel_pt avx512cd sha_ni avx512bw avx512vl xsaveopt xsavec xgetbv1 xsaves cqm_llc cqm_occup_llc cqm_mbm_total cqm_mbm_local split_lock_detect user_shstk avx_vnni avx512_bf16 wbnoinvd dtherm ida arat pln pts vnmi avx512vbmi umip pku ospke waitpkg avx512_vbmi2 gfni vaes vpclmulqdq avx512_vnni avx512_bitalg avx512_vpopcntdq la57 rdpid bus_lock_detect cldemote movdiri movdir64b enqcmd fsrm md_clear serialize tsxldtrk pconfig arch_lbr ibt amx_bf16 avx512_fp16 amx_tile amx_int8 flush_l1d arch_capabilities
vmx flags	: vnmi preemption_timer posted_intr invvpid ept_x_only ept_ad ept_1gb ept_5level flexpriority apicv tsc_offset vtpr mtf vapic ept vpid unrestricted_guest vapic_reg vid ple shadow_vmcs pml ept_violation_ve ept_mode_based_exec tsc_scaling usr_wait_pause notify_vm_exiting ipi_virt
bugs		: spectre_v1 spectre_v2 spec_store_bypass swapgs eibrs_pbrsb bhi spectre_v2_user old_microcode vmscape
bogomips	: 4000.00
clflush size	: 64
cache_alignment	: 64
address sizes	: 46 bits physical, 57 bits virtual
power management:

processor	: 97
vendor_id	: GenuineIntel
cpu family	: 6
model		: 143
model name	: Intel(R) Xeon(R) Platinum 8480+
stepping	: 8
microcode	: 0x2b000639
cpu MHz		: 2904.538
cache size	: 107520 KB
physical id	: 1
siblings	: 56
core id		: 12
cpu cores	: 56
apicid		: 152
initial apicid	: 152
fpu		: yes
fpu_exception	: yes
cpuid level	: 32
wp		: yes
flags		: fpu vme de pse tsc msr pae mce cx8 apic sep mtrr pge mca cmov pat pse36 clflush dts acpi mmx fxsr sse sse2 ss ht tm pbe syscall nx pdpe1gb rdtscp lm constant_tsc art arch_perfmon pebs bts rep_good nopl xtopology nonstop_tsc cpuid aperfmperf tsc_known_freq pni pclmulqdq dtes64 monitor ds_cpl vmx smx est tm2 ssse3 sdbg fma cx16 xtpr pdcm pcid dca sse4_1 sse4_2 x2apic movbe popcnt tsc_deadline_timer aes xsave avx f16c rdrand lahf_lm abm 3dnowprefetch cpuid_fault epb cat_l3 cat_l2 cdp_l3 cdp_l2 ssbd mba ibrs ibpb stibp ibrs_enhanced tpr_shadow flexpriority ept vpid ept_ad fsgsbase tsc_adjust bmi1 avx2 smep bmi2 erms invpcid cqm rdt_a avx512f avx512dq rdseed adx smap avx512ifma clflushopt clwb intel_pt avx512cd sha_ni avx512bw avx512vl xsaveopt xsavec xgetbv1 xsaves cqm_llc cqm_occup_llc cqm_mbm_total cqm_mbm_local split_lock_detect user_shstk avx_vnni avx512_bf16 wbnoinvd dtherm ida arat pln pts vnmi avx512vbmi umip pku ospke waitpkg avx512_vbmi2 gfni vaes vpclmulqdq avx512_vnni avx512_bitalg avx512_vpopcntdq la57 rdpid bus_lock_detect cldemote movdiri movdir64b enqcmd fsrm md_clear serialize tsxldtrk pconfig arch_lbr ibt amx_bf16 avx512_fp16 amx_tile amx_int8 flush_l1d arch_capabilities
vmx flags	: vnmi preemption_timer posted_intr invvpid ept_x_only ept_ad ept_1gb ept_5level flexpriority apicv tsc_offset vtpr mtf vapic ept vpid unrestricted_guest vapic_reg vid ple shadow_vmcs pml ept_violation_ve ept_mode_based_exec tsc_scaling usr_wait_pause notify_vm_exiting ipi_virt
bugs		: spectre_v1 spectre_v2 spec_store_bypass swapgs eibrs_pbrsb bhi spectre_v2_user old_microcode vmscape
bogomips	: 4000.00
clflush size	: 64
cache_alignment	: 64
address sizes	: 46 bits physical, 57 bits virtual
power management:

processor	: 98
vendor_id	: GenuineIntel
cpu family	: 6
model		: 143
model name	: Intel(R) Xeon(R) Platinum 8480+
stepping	: 8
microcode	: 0x2b000639
cpu MHz		: 3000.000
cache size	: 107520 KB
physical id	: 0
siblings	: 56
core id		: 40
cpu cores	: 56
apicid		: 80
initial apicid	: 80
fpu		: yes
fpu_exception	: yes
cpuid level	: 32
wp		: yes
flags		: fpu vme de pse tsc msr pae mce cx8 apic sep mtrr pge mca cmov pat pse36 clflush dts acpi mmx fxsr sse sse2 ss ht tm pbe syscall nx pdpe1gb rdtscp lm constant_tsc art arch_perfmon pebs bts rep_good nopl xtopology nonstop_tsc cpuid aperfmperf tsc_known_freq pni pclmulqdq dtes64 monitor ds_cpl vmx smx est tm2 ssse3 sdbg fma cx16 xtpr pdcm pcid dca sse4_1 sse4_2 x2apic movbe popcnt tsc_deadline_timer aes xsave avx f16c rdrand lahf_lm abm 3dnowprefetch cpuid_fault epb cat_l3 cat_l2 cdp_l3 cdp_l2 ssbd mba ibrs ibpb stibp ibrs_enhanced tpr_shadow flexpriority ept vpid ept_ad fsgsbase tsc_adjust bmi1 avx2 smep bmi2 erms invpcid cqm rdt_a avx512f avx512dq rdseed adx smap avx512ifma clflushopt clwb intel_pt avx512cd sha_ni avx512bw avx512vl xsaveopt xsavec xgetbv1 xsaves cqm_llc cqm_occup_llc cqm_mbm_total cqm_mbm_local split_lock_detect user_shstk avx_vnni avx512_bf16 wbnoinvd dtherm ida arat pln pts vnmi avx512vbmi umip pku ospke waitpkg avx512_vbmi2 gfni vaes vpclmulqdq avx512_vnni avx512_bitalg avx512_vpopcntdq la57 rdpid bus_lock_detect cldemote movdiri movdir64b enqcmd fsrm md_clear serialize tsxldtrk pconfig arch_lbr ibt amx_bf16 avx512_fp16 amx_tile amx_int8 flush_l1d arch_capabilities
vmx flags	: vnmi preemption_timer posted_intr invvpid ept_x_only ept_ad ept_1gb ept_5level flexpriority apicv tsc_offset vtpr mtf vapic ept vpid unrestricted_guest vapic_reg vid ple shadow_vmcs pml ept_violation_ve ept_mode_based_exec tsc_scaling usr_wait_pause notify_vm_exiting ipi_virt
bugs		: spectre_v1 spectre_v2 spec_store_bypass swapgs eibrs_pbrsb bhi spectre_v2_user old_microcode vmscape
bogomips	: 4000.00
clflush size	: 64
cache_alignment	: 64
address sizes	: 46 bits physical, 57 bits virtual
power management:

processor	: 99
vendor_id	: GenuineIntel
cpu family	: 6
model		: 143
model name	: Intel(R) Xeon(R) Platinum 8480+
stepping	: 8
microcode	: 0x2b000639
cpu MHz		: 2748.514
cache size	: 107520 KB
physical id	: 1
siblings	: 56
core id		: 39
cpu cores	: 56
apicid		: 206
initial apicid	: 206
fpu		: yes
fpu_exception	: yes
cpuid level	: 32
wp		: yes
flags		: fpu vme de pse tsc msr pae mce cx8 apic sep mtrr pge mca cmov pat pse36 clflush dts acpi mmx fxsr sse sse2 ss ht tm pbe syscall nx pdpe1gb rdtscp lm constant_tsc art arch_perfmon pebs bts rep_good nopl xtopology nonstop_tsc cpuid aperfmperf tsc_known_freq pni pclmulqdq dtes64 monitor ds_cpl vmx smx est tm2 ssse3 sdbg fma cx16 xtpr pdcm pcid dca sse4_1 sse4_2 x2apic movbe popcnt tsc_deadline_timer aes xsave avx f16c rdrand lahf_lm abm 3dnowprefetch cpuid_fault epb cat_l3 cat_l2 cdp_l3 cdp_l2 ssbd mba ibrs ibpb stibp ibrs_enhanced tpr_shadow flexpriority ept vpid ept_ad fsgsbase tsc_adjust bmi1 avx2 smep bmi2 erms invpcid cqm rdt_a avx512f avx512dq rdseed adx smap avx512ifma clflushopt clwb intel_pt avx512cd sha_ni avx512bw avx512vl xsaveopt xsavec xgetbv1 xsaves cqm_llc cqm_occup_llc cqm_mbm_total cqm_mbm_local split_lock_detect user_shstk avx_vnni avx512_bf16 wbnoinvd dtherm ida arat pln pts vnmi avx512vbmi umip pku ospke waitpkg avx512_vbmi2 gfni vaes vpclmulqdq avx512_vnni avx512_bitalg avx512_vpopcntdq la57 rdpid bus_lock_detect cldemote movdiri movdir64b enqcmd fsrm md_clear serialize tsxldtrk pconfig arch_lbr ibt amx_bf16 avx512_fp16 amx_tile amx_int8 flush_l1d arch_capabilities
vmx flags	: vnmi preemption_timer posted_intr invvpid ept_x_only ept_ad ept_1gb ept_5level flexpriority apicv tsc_offset vtpr mtf vapic ept vpid unrestricted_guest vapic_reg vid ple shadow_vmcs pml ept_violation_ve ept_mode_based_exec tsc_scaling usr_wait_pause notify_vm_exiting ipi_virt
bugs		: spectre_v1 spectre_v2 spec_store_bypass swapgs eibrs_pbrsb bhi spectre_v2_user old_microcode vmscape
bogomips	: 4000.00
clflush size	: 64
cache_alignment	: 64
address sizes	: 46 bits physical, 57 bits virtual
power management:

processor	: 100
vendor_id	: GenuineIntel
cpu family	: 6
model		: 143
model name	: Intel(R) Xeon(R) Platinum 8480+
stepping	: 8
microcode	: 0x2b000639
cpu MHz		: 2872.702
cache size	: 107520 KB
physical id	: 0
siblings	: 56
core id		: 20
cpu cores	: 56
apicid		: 40
initial apicid	: 40
fpu		: yes
fpu_exception	: yes
cpuid level	: 32
wp		: yes
flags		: fpu vme de pse tsc msr pae mce cx8 apic sep mtrr pge mca cmov pat pse36 clflush dts acpi mmx fxsr sse sse2 ss ht tm pbe syscall nx pdpe1gb rdtscp lm constant_tsc art arch_perfmon pebs bts rep_good nopl xtopology nonstop_tsc cpuid aperfmperf tsc_known_freq pni pclmulqdq dtes64 monitor ds_cpl vmx smx est tm2 ssse3 sdbg fma cx16 xtpr pdcm pcid dca sse4_1 sse4_2 x2apic movbe popcnt tsc_deadline_timer aes xsave avx f16c rdrand lahf_lm abm 3dnowprefetch cpuid_fault epb cat_l3 cat_l2 cdp_l3 cdp_l2 ssbd mba ibrs ibpb stibp ibrs_enhanced tpr_shadow flexpriority ept vpid ept_ad fsgsbase tsc_adjust bmi1 avx2 smep bmi2 erms invpcid cqm rdt_a avx512f avx512dq rdseed adx smap avx512ifma clflushopt clwb intel_pt avx512cd sha_ni avx512bw avx512vl xsaveopt xsavec xgetbv1 xsaves cqm_llc cqm_occup_llc cqm_mbm_total cqm_mbm_local split_lock_detect user_shstk avx_vnni avx512_bf16 wbnoinvd dtherm ida arat pln pts vnmi avx512vbmi umip pku ospke waitpkg avx512_vbmi2 gfni vaes vpclmulqdq avx512_vnni avx512_bitalg avx512_vpopcntdq la57 rdpid bus_lock_detect cldemote movdiri movdir64b enqcmd fsrm md_clear serialize tsxldtrk pconfig arch_lbr ibt amx_bf16 avx512_fp16 amx_tile amx_int8 flush_l1d arch_capabilities
vmx flags	: vnmi preemption_timer posted_intr invvpid ept_x_only ept_ad ept_1gb ept_5level flexpriority apicv tsc_offset vtpr mtf vapic ept vpid unrestricted_guest vapic_reg vid ple shadow_vmcs pml ept_violation_ve ept_mode_based_exec tsc_scaling usr_wait_pause notify_vm_exiting ipi_virt
bugs		: spectre_v1 spectre_v2 spec_store_bypass swapgs eibrs_pbrsb bhi spectre_v2_user old_microcode vmscape
bogomips	: 4000.00
clflush size	: 64
cache_alignment	: 64
address sizes	: 46 bits physical, 57 bits virtual
power management:

processor	: 101
vendor_id	: GenuineIntel
cpu family	: 6
model		: 143
model name	: Intel(R) Xeon(R) Platinum 8480+
stepping	: 8
microcode	: 0x2b000639
cpu MHz		: 2845.205
cache size	: 107520 KB
physical id	: 1
siblings	: 56
core id		: 20
cpu cores	: 56
apicid		: 168
initial apicid	: 168
fpu		: yes
fpu_exception	: yes
cpuid level	: 32
wp		: yes
flags		: fpu vme de pse tsc msr pae mce cx8 apic sep mtrr pge mca cmov pat pse36 clflush dts acpi mmx fxsr sse sse2 ss ht tm pbe syscall nx pdpe1gb rdtscp lm constant_tsc art arch_perfmon pebs bts rep_good nopl xtopology nonstop_tsc cpuid aperfmperf tsc_known_freq pni pclmulqdq dtes64 monitor ds_cpl vmx smx est tm2 ssse3 sdbg fma cx16 xtpr pdcm pcid dca sse4_1 sse4_2 x2apic movbe popcnt tsc_deadline_timer aes xsave avx f16c rdrand lahf_lm abm 3dnowprefetch cpuid_fault epb cat_l3 cat_l2 cdp_l3 cdp_l2 ssbd mba ibrs ibpb stibp ibrs_enhanced tpr_shadow flexpriority ept vpid ept_ad fsgsbase tsc_adjust bmi1 avx2 smep bmi2 erms invpcid cqm rdt_a avx512f avx512dq rdseed adx smap avx512ifma clflushopt clwb intel_pt avx512cd sha_ni avx512bw avx512vl xsaveopt xsavec xgetbv1 xsaves cqm_llc cqm_occup_llc cqm_mbm_total cqm_mbm_local split_lock_detect user_shstk avx_vnni avx512_bf16 wbnoinvd dtherm ida arat pln pts vnmi avx512vbmi umip pku ospke waitpkg avx512_vbmi2 gfni vaes vpclmulqdq avx512_vnni avx512_bitalg avx512_vpopcntdq la57 rdpid bus_lock_detect cldemote movdiri movdir64b enqcmd fsrm md_clear serialize tsxldtrk pconfig arch_lbr ibt amx_bf16 avx512_fp16 amx_tile amx_int8 flush_l1d arch_capabilities
vmx flags	: vnmi preemption_timer posted_intr invvpid ept_x_only ept_ad ept_1gb ept_5level flexpriority apicv tsc_offset vtpr mtf vapic ept vpid unrestricted_guest vapic_reg vid ple shadow_vmcs pml ept_violation_ve ept_mode_based_exec tsc_scaling usr_wait_pause notify_vm_exiting ipi_virt
bugs		: spectre_v1 spectre_v2 spec_store_bypass swapgs eibrs_pbrsb bhi spectre_v2_user old_microcode vmscape
bogomips	: 4000.00
clflush size	: 64
cache_alignment	: 64
address sizes	: 46 bits physical, 57 bits virtual
power management:

processor	: 102
vendor_id	: GenuineIntel
cpu family	: 6
model		: 143
model name	: Intel(R) Xeon(R) Platinum 8480+
stepping	: 8
microcode	: 0x2b000639
cpu MHz		: 2592.631
cache size	: 107520 KB
physical id	: 0
siblings	: 56
core id		: 43
cpu cores	: 56
apicid		: 86
initial apicid	: 86
fpu		: yes
fpu_exception	: yes
cpuid level	: 32
wp		: yes
flags		: fpu vme de pse tsc msr pae mce cx8 apic sep mtrr pge mca cmov pat pse36 clflush dts acpi mmx fxsr sse sse2 ss ht tm pbe syscall nx pdpe1gb rdtscp lm constant_tsc art arch_perfmon pebs bts rep_good nopl xtopology nonstop_tsc cpuid aperfmperf tsc_known_freq pni pclmulqdq dtes64 monitor ds_cpl vmx smx est tm2 ssse3 sdbg fma cx16 xtpr pdcm pcid dca sse4_1 sse4_2 x2apic movbe popcnt tsc_deadline_timer aes xsave avx f16c rdrand lahf_lm abm 3dnowprefetch cpuid_fault epb cat_l3 cat_l2 cdp_l3 cdp_l2 ssbd mba ibrs ibpb stibp ibrs_enhanced tpr_shadow flexpriority ept vpid ept_ad fsgsbase tsc_adjust bmi1 avx2 smep bmi2 erms invpcid cqm rdt_a avx512f avx512dq rdseed adx smap avx512ifma clflushopt clwb intel_pt avx512cd sha_ni avx512bw avx512vl xsaveopt xsavec xgetbv1 xsaves cqm_llc cqm_occup_llc cqm_mbm_total cqm_mbm_local split_lock_detect user_shstk avx_vnni avx512_bf16 wbnoinvd dtherm ida arat pln pts vnmi avx512vbmi umip pku ospke waitpkg avx512_vbmi2 gfni vaes vpclmulqdq avx512_vnni avx512_bitalg avx512_vpopcntdq la57 rdpid bus_lock_detect cldemote movdiri movdir64b enqcmd fsrm md_clear serialize tsxldtrk pconfig arch_lbr ibt amx_bf16 avx512_fp16 amx_tile amx_int8 flush_l1d arch_capabilities
vmx flags	: vnmi preemption_timer posted_intr invvpid ept_x_only ept_ad ept_1gb ept_5level flexpriority apicv tsc_offset vtpr mtf vapic ept vpid unrestricted_guest vapic_reg vid ple shadow_vmcs pml ept_violation_ve ept_mode_based_exec tsc_scaling usr_wait_pause notify_vm_exiting ipi_virt
bugs		: spectre_v1 spectre_v2 spec_store_bypass swapgs eibrs_pbrsb bhi spectre_v2_user old_microcode vmscape
bogomips	: 4000.00
clflush size	: 64
cache_alignment	: 64
address sizes	: 46 bits physical, 57 bits virtual
power management:

processor	: 103
vendor_id	: GenuineIntel
cpu family	: 6
model		: 143
model name	: Intel(R) Xeon(R) Platinum 8480+
stepping	: 8
microcode	: 0x2b000639
cpu MHz		: 2892.978
cache size	: 107520 KB
physical id	: 1
siblings	: 56
core id		: 43
cpu cores	: 56
apicid		: 214
initial apicid	: 214
fpu		: yes
fpu_exception	: yes
cpuid level	: 32
wp		: yes
flags		: fpu vme de pse tsc msr pae mce cx8 apic sep mtrr pge mca cmov pat pse36 clflush dts acpi mmx fxsr sse sse2 ss ht tm pbe syscall nx pdpe1gb rdtscp lm constant_tsc art arch_perfmon pebs bts rep_good nopl xtopology nonstop_tsc cpuid aperfmperf tsc_known_freq pni pclmulqdq dtes64 monitor ds_cpl vmx smx est tm2 ssse3 sdbg fma cx16 xtpr pdcm pcid dca sse4_1 sse4_2 x2apic movbe popcnt tsc_deadline_timer aes xsave avx f16c rdrand lahf_lm abm 3dnowprefetch cpuid_fault epb cat_l3 cat_l2 cdp_l3 cdp_l2 ssbd mba ibrs ibpb stibp ibrs_enhanced tpr_shadow flexpriority ept vpid ept_ad fsgsbase tsc_adjust bmi1 avx2 smep bmi2 erms invpcid cqm rdt_a avx512f avx512dq rdseed adx smap avx512ifma clflushopt clwb intel_pt avx512cd sha_ni avx512bw avx512vl xsaveopt xsavec xgetbv1 xsaves cqm_llc cqm_occup_llc cqm_mbm_total cqm_mbm_local split_lock_detect user_shstk avx_vnni avx512_bf16 wbnoinvd dtherm ida arat pln pts vnmi avx512vbmi umip pku ospke waitpkg avx512_vbmi2 gfni vaes vpclmulqdq avx512_vnni avx512_bitalg avx512_vpopcntdq la57 rdpid bus_lock_detect cldemote movdiri movdir64b enqcmd fsrm md_clear serialize tsxldtrk pconfig arch_lbr ibt amx_bf16 avx512_fp16 amx_tile amx_int8 flush_l1d arch_capabilities
vmx flags	: vnmi preemption_timer posted_intr invvpid ept_x_only ept_ad ept_1gb ept_5level flexpriority apicv tsc_offset vtpr mtf vapic ept vpid unrestricted_guest vapic_reg vid ple shadow_vmcs pml ept_violation_ve ept_mode_based_exec tsc_scaling usr_wait_pause notify_vm_exiting ipi_virt
bugs		: spectre_v1 spectre_v2 spec_store_bypass swapgs eibrs_pbrsb bhi spectre_v2_user old_microcode vmscape
bogomips	: 4000.00
clflush size	: 64
cache_alignment	: 64
address sizes	: 46 bits physical, 57 bits virtual
power management:

processor	: 104
vendor_id	: GenuineIntel
cpu family	: 6
model		: 143
model name	: Intel(R) Xeon(R) Platinum 8480+
stepping	: 8
microcode	: 0x2b000639
cpu MHz		: 2743.951
cache size	: 107520 KB
physical id	: 0
siblings	: 56
core id		: 13
cpu cores	: 56
apicid		: 26
initial apicid	: 26
fpu		: yes
fpu_exception	: yes
cpuid level	: 32
wp		: yes
flags		: fpu vme de pse tsc msr pae mce cx8 apic sep mtrr pge mca cmov pat pse36 clflush dts acpi mmx fxsr sse sse2 ss ht tm pbe syscall nx pdpe1gb rdtscp lm constant_tsc art arch_perfmon pebs bts rep_good nopl xtopology nonstop_tsc cpuid aperfmperf tsc_known_freq pni pclmulqdq dtes64 monitor ds_cpl vmx smx est tm2 ssse3 sdbg fma cx16 xtpr pdcm pcid dca sse4_1 sse4_2 x2apic movbe popcnt tsc_deadline_timer aes xsave avx f16c rdrand lahf_lm abm 3dnowprefetch cpuid_fault epb cat_l3 cat_l2 cdp_l3 cdp_l2 ssbd mba ibrs ibpb stibp ibrs_enhanced tpr_shadow flexpriority ept vpid ept_ad fsgsbase tsc_adjust bmi1 avx2 smep bmi2 erms invpcid cqm rdt_a avx512f avx512dq rdseed adx smap avx512ifma clflushopt clwb intel_pt avx512cd sha_ni avx512bw avx512vl xsaveopt xsavec xgetbv1 xsaves cqm_llc cqm_occup_llc cqm_mbm_total cqm_mbm_local split_lock_detect user_shstk avx_vnni avx512_bf16 wbnoinvd dtherm ida arat pln pts vnmi avx512vbmi umip pku ospke waitpkg avx512_vbmi2 gfni vaes vpclmulqdq avx512_vnni avx512_bitalg avx512_vpopcntdq la57 rdpid bus_lock_detect cldemote movdiri movdir64b enqcmd fsrm md_clear serialize tsxldtrk pconfig arch_lbr ibt amx_bf16 avx512_fp16 amx_tile amx_int8 flush_l1d arch_capabilities
vmx flags	: vnmi preemption_timer posted_intr invvpid ept_x_only ept_ad ept_1gb ept_5level flexpriority apicv tsc_offset vtpr mtf vapic ept vpid unrestricted_guest vapic_reg vid ple shadow_vmcs pml ept_violation_ve ept_mode_based_exec tsc_scaling usr_wait_pause notify_vm_exiting ipi_virt
bugs		: spectre_v1 spectre_v2 spec_store_bypass swapgs eibrs_pbrsb bhi spectre_v2_user old_microcode vmscape
bogomips	: 4000.00
clflush size	: 64
cache_alignment	: 64
address sizes	: 46 bits physical, 57 bits virtual
power management:

processor	: 105
vendor_id	: GenuineIntel
cpu family	: 6
model		: 143
model name	: Intel(R) Xeon(R) Platinum 8480+
stepping	: 8
microcode	: 0x2b000639
cpu MHz		: 2889.244
cache size	: 107520 KB
physical id	: 1
siblings	: 56
core id		: 13
cpu cores	: 56
apicid		: 154
initial apicid	: 154
fpu		: yes
fpu_exception	: yes
cpuid level	: 32
wp		: yes
flags		: fpu vme de pse tsc msr pae mce cx8 apic sep mtrr pge mca cmov pat pse36 clflush dts acpi mmx fxsr sse sse2 ss ht tm pbe syscall nx pdpe1gb rdtscp lm constant_tsc art arch_perfmon pebs bts rep_good nopl xtopology nonstop_tsc cpuid aperfmperf tsc_known_freq pni pclmulqdq dtes64 monitor ds_cpl vmx smx est tm2 ssse3 sdbg fma cx16 xtpr pdcm pcid dca sse4_1 sse4_2 x2apic movbe popcnt tsc_deadline_timer aes xsave avx f16c rdrand lahf_lm abm 3dnowprefetch cpuid_fault epb cat_l3 cat_l2 cdp_l3 cdp_l2 ssbd mba ibrs ibpb stibp ibrs_enhanced tpr_shadow flexpriority ept vpid ept_ad fsgsbase tsc_adjust bmi1 avx2 smep bmi2 erms invpcid cqm rdt_a avx512f avx512dq rdseed adx smap avx512ifma clflushopt clwb intel_pt avx512cd sha_ni avx512bw avx512vl xsaveopt xsavec xgetbv1 xsaves cqm_llc cqm_occup_llc cqm_mbm_total cqm_mbm_local split_lock_detect user_shstk avx_vnni avx512_bf16 wbnoinvd dtherm ida arat pln pts vnmi avx512vbmi umip pku ospke waitpkg avx512_vbmi2 gfni vaes vpclmulqdq avx512_vnni avx512_bitalg avx512_vpopcntdq la57 rdpid bus_lock_detect cldemote movdiri movdir64b enqcmd fsrm md_clear serialize tsxldtrk pconfig arch_lbr ibt amx_bf16 avx512_fp16 amx_tile amx_int8 flush_l1d arch_capabilities
vmx flags	: vnmi preemption_timer posted_intr invvpid ept_x_only ept_ad ept_1gb ept_5level flexpriority apicv tsc_offset vtpr mtf vapic ept vpid unrestricted_guest vapic_reg vid ple shadow_vmcs pml ept_violation_ve ept_mode_based_exec tsc_scaling usr_wait_pause notify_vm_exiting ipi_virt
bugs		: spectre_v1 spectre_v2 spec_store_bypass swapgs eibrs_pbrsb bhi spectre_v2_user old_microcode vmscape
bogomips	: 4000.00
clflush size	: 64
cache_alignment	: 64
address sizes	: 46 bits physical, 57 bits virtual
power management:

processor	: 106
vendor_id	: GenuineIntel
cpu family	: 6
model		: 143
model name	: Intel(R) Xeon(R) Platinum 8480+
stepping	: 8
microcode	: 0x2b000639
cpu MHz		: 2608.024
cache size	: 107520 KB
physical id	: 0
siblings	: 56
core id		: 39
cpu cores	: 56
apicid		: 78
initial apicid	: 78
fpu		: yes
fpu_exception	: yes
cpuid level	: 32
wp		: yes
flags		: fpu vme de pse tsc msr pae mce cx8 apic sep mtrr pge mca cmov pat pse36 clflush dts acpi mmx fxsr sse sse2 ss ht tm pbe syscall nx pdpe1gb rdtscp lm constant_tsc art arch_perfmon pebs bts rep_good nopl xtopology nonstop_tsc cpuid aperfmperf tsc_known_freq pni pclmulqdq dtes64 monitor ds_cpl vmx smx est tm2 ssse3 sdbg fma cx16 xtpr pdcm pcid dca sse4_1 sse4_2 x2apic movbe popcnt tsc_deadline_timer aes xsave avx f16c rdrand lahf_lm abm 3dnowprefetch cpuid_fault epb cat_l3 cat_l2 cdp_l3 cdp_l2 ssbd mba ibrs ibpb stibp ibrs_enhanced tpr_shadow flexpriority ept vpid ept_ad fsgsbase tsc_adjust bmi1 avx2 smep bmi2 erms invpcid cqm rdt_a avx512f avx512dq rdseed adx smap avx512ifma clflushopt clwb intel_pt avx512cd sha_ni avx512bw avx512vl xsaveopt xsavec xgetbv1 xsaves cqm_llc cqm_occup_llc cqm_mbm_total cqm_mbm_local split_lock_detect user_shstk avx_vnni avx512_bf16 wbnoinvd dtherm ida arat pln pts vnmi avx512vbmi umip pku ospke waitpkg avx512_vbmi2 gfni vaes vpclmulqdq avx512_vnni avx512_bitalg avx512_vpopcntdq la57 rdpid bus_lock_detect cldemote movdiri movdir64b enqcmd fsrm md_clear serialize tsxldtrk pconfig arch_lbr ibt amx_bf16 avx512_fp16 amx_tile amx_int8 flush_l1d arch_capabilities
vmx flags	: vnmi preemption_timer posted_intr invvpid ept_x_only ept_ad ept_1gb ept_5level flexpriority apicv tsc_offset vtpr mtf vapic ept vpid unrestricted_guest vapic_reg vid ple shadow_vmcs pml ept_violation_ve ept_mode_based_exec tsc_scaling usr_wait_pause notify_vm_exiting ipi_virt
bugs		: spectre_v1 spectre_v2 spec_store_bypass swapgs eibrs_pbrsb bhi spectre_v2_user old_microcode vmscape
bogomips	: 4000.00
clflush size	: 64
cache_alignment	: 64
address sizes	: 46 bits physical, 57 bits virtual
power management:

processor	: 107
vendor_id	: GenuineIntel
cpu family	: 6
model		: 143
model name	: Intel(R) Xeon(R) Platinum 8480+
stepping	: 8
microcode	: 0x2b000639
cpu MHz		: 2883.450
cache size	: 107520 KB
physical id	: 1
siblings	: 56
core id		: 38
cpu cores	: 56
apicid		: 204
initial apicid	: 204
fpu		: yes
fpu_exception	: yes
cpuid level	: 32
wp		: yes
flags		: fpu vme de pse tsc msr pae mce cx8 apic sep mtrr pge mca cmov pat pse36 clflush dts acpi mmx fxsr sse sse2 ss ht tm pbe syscall nx pdpe1gb rdtscp lm constant_tsc art arch_perfmon pebs bts rep_good nopl xtopology nonstop_tsc cpuid aperfmperf tsc_known_freq pni pclmulqdq dtes64 monitor ds_cpl vmx smx est tm2 ssse3 sdbg fma cx16 xtpr pdcm pcid dca sse4_1 sse4_2 x2apic movbe popcnt tsc_deadline_timer aes xsave avx f16c rdrand lahf_lm abm 3dnowprefetch cpuid_fault epb cat_l3 cat_l2 cdp_l3 cdp_l2 ssbd mba ibrs ibpb stibp ibrs_enhanced tpr_shadow flexpriority ept vpid ept_ad fsgsbase tsc_adjust bmi1 avx2 smep bmi2 erms invpcid cqm rdt_a avx512f avx512dq rdseed adx smap avx512ifma clflushopt clwb intel_pt avx512cd sha_ni avx512bw avx512vl xsaveopt xsavec xgetbv1 xsaves cqm_llc cqm_occup_llc cqm_mbm_total cqm_mbm_local split_lock_detect user_shstk avx_vnni avx512_bf16 wbnoinvd dtherm ida arat pln pts vnmi avx512vbmi umip pku ospke waitpkg avx512_vbmi2 gfni vaes vpclmulqdq avx512_vnni avx512_bitalg avx512_vpopcntdq la57 rdpid bus_lock_detect cldemote movdiri movdir64b enqcmd fsrm md_clear serialize tsxldtrk pconfig arch_lbr ibt amx_bf16 avx512_fp16 amx_tile amx_int8 flush_l1d arch_capabilities
vmx flags	: vnmi preemption_timer posted_intr invvpid ept_x_only ept_ad ept_1gb ept_5level flexpriority apicv tsc_offset vtpr mtf vapic ept vpid unrestricted_guest vapic_reg vid ple shadow_vmcs pml ept_violation_ve ept_mode_based_exec tsc_scaling usr_wait_pause notify_vm_exiting ipi_virt
bugs		: spectre_v1 spectre_v2 spec_store_bypass swapgs eibrs_pbrsb bhi spectre_v2_user old_microcode vmscape
bogomips	: 4000.00
clflush size	: 64
cache_alignment	: 64
address sizes	: 46 bits physical, 57 bits virtual
power management:

processor	: 108
vendor_id	: GenuineIntel
cpu family	: 6
model		: 143
model name	: Intel(R) Xeon(R) Platinum 8480+
stepping	: 8
microcode	: 0x2b000639
cpu MHz		: 2621.330
cache size	: 107520 KB
physical id	: 0
siblings	: 56
core id		: 16
cpu cores	: 56
apicid		: 32
initial apicid	: 32
fpu		: yes
fpu_exception	: yes
cpuid level	: 32
wp		: yes
flags		: fpu vme de pse tsc msr pae mce cx8 apic sep mtrr pge mca cmov pat pse36 clflush dts acpi mmx fxsr sse sse2 ss ht tm pbe syscall nx pdpe1gb rdtscp lm constant_tsc art arch_perfmon pebs bts rep_good nopl xtopology nonstop_tsc cpuid aperfmperf tsc_known_freq pni pclmulqdq dtes64 monitor ds_cpl vmx smx est tm2 ssse3 sdbg fma cx16 xtpr pdcm pcid dca sse4_1 sse4_2 x2apic movbe popcnt tsc_deadline_timer aes xsave avx f16c rdrand lahf_lm abm 3dnowprefetch cpuid_fault epb cat_l3 cat_l2 cdp_l3 cdp_l2 ssbd mba ibrs ibpb stibp ibrs_enhanced tpr_shadow flexpriority ept vpid ept_ad fsgsbase tsc_adjust bmi1 avx2 smep bmi2 erms invpcid cqm rdt_a avx512f avx512dq rdseed adx smap avx512ifma clflushopt clwb intel_pt avx512cd sha_ni avx512bw avx512vl xsaveopt xsavec xgetbv1 xsaves cqm_llc cqm_occup_llc cqm_mbm_total cqm_mbm_local split_lock_detect user_shstk avx_vnni avx512_bf16 wbnoinvd dtherm ida arat pln pts vnmi avx512vbmi umip pku ospke waitpkg avx512_vbmi2 gfni vaes vpclmulqdq avx512_vnni avx512_bitalg avx512_vpopcntdq la57 rdpid bus_lock_detect cldemote movdiri movdir64b enqcmd fsrm md_clear serialize tsxldtrk pconfig arch_lbr ibt amx_bf16 avx512_fp16 amx_tile amx_int8 flush_l1d arch_capabilities
vmx flags	: vnmi preemption_timer posted_intr invvpid ept_x_only ept_ad ept_1gb ept_5level flexpriority apicv tsc_offset vtpr mtf vapic ept vpid unrestricted_guest vapic_reg vid ple shadow_vmcs pml ept_violation_ve ept_mode_based_exec tsc_scaling usr_wait_pause notify_vm_exiting ipi_virt
bugs		: spectre_v1 spectre_v2 spec_store_bypass swapgs eibrs_pbrsb bhi spectre_v2_user old_microcode vmscape
bogomips	: 4000.00
clflush size	: 64
cache_alignment	: 64
address sizes	: 46 bits physical, 57 bits virtual
power management:

processor	: 109
vendor_id	: GenuineIntel
cpu family	: 6
model		: 143
model name	: Intel(R) Xeon(R) Platinum 8480+
stepping	: 8
microcode	: 0x2b000639
cpu MHz		: 2894.313
cache size	: 107520 KB
physical id	: 1
siblings	: 56
core id		: 16
cpu cores	: 56
apicid		: 160
initial apicid	: 160
fpu		: yes
fpu_exception	: yes
cpuid level	: 32
wp		: yes
flags		: fpu vme de pse tsc msr pae mce cx8 apic sep mtrr pge mca cmov pat pse36 clflush dts acpi mmx fxsr sse sse2 ss ht tm pbe syscall nx pdpe1gb rdtscp lm constant_tsc art arch_perfmon pebs bts rep_good nopl xtopology nonstop_tsc cpuid aperfmperf tsc_known_freq pni pclmulqdq dtes64 monitor ds_cpl vmx smx est tm2 ssse3 sdbg fma cx16 xtpr pdcm pcid dca sse4_1 sse4_2 x2apic movbe popcnt tsc_deadline_timer aes xsave avx f16c rdrand lahf_lm abm 3dnowprefetch cpuid_fault epb cat_l3 cat_l2 cdp_l3 cdp_l2 ssbd mba ibrs ibpb stibp ibrs_enhanced tpr_shadow flexpriority ept vpid ept_ad fsgsbase tsc_adjust bmi1 avx2 smep bmi2 erms invpcid cqm rdt_a avx512f avx512dq rdseed adx smap avx512ifma clflushopt clwb intel_pt avx512cd sha_ni avx512bw avx512vl xsaveopt xsavec xgetbv1 xsaves cqm_llc cqm_occup_llc cqm_mbm_total cqm_mbm_local split_lock_detect user_shstk avx_vnni avx512_bf16 wbnoinvd dtherm ida arat pln pts vnmi avx512vbmi umip pku ospke waitpkg avx512_vbmi2 gfni vaes vpclmulqdq avx512_vnni avx512_bitalg avx512_vpopcntdq la57 rdpid bus_lock_detect cldemote movdiri movdir64b enqcmd fsrm md_clear serialize tsxldtrk pconfig arch_lbr ibt amx_bf16 avx512_fp16 amx_tile amx_int8 flush_l1d arch_capabilities
vmx flags	: vnmi preemption_timer posted_intr invvpid ept_x_only ept_ad ept_1gb ept_5level flexpriority apicv tsc_offset vtpr mtf vapic ept vpid unrestricted_guest vapic_reg vid ple shadow_vmcs pml ept_violation_ve ept_mode_based_exec tsc_scaling usr_wait_pause notify_vm_exiting ipi_virt
bugs		: spectre_v1 spectre_v2 spec_store_bypass swapgs eibrs_pbrsb bhi spectre_v2_user old_microcode vmscape
bogomips	: 4000.00
clflush size	: 64
cache_alignment	: 64
address sizes	: 46 bits physical, 57 bits virtual
power management:

processor	: 110
vendor_id	: GenuineIntel
cpu family	: 6
model		: 143
model name	: Intel(R) Xeon(R) Platinum 8480+
stepping	: 8
microcode	: 0x2b000639
cpu MHz		: 2621.212
cache size	: 107520 KB
physical id	: 0
siblings	: 56
core id		: 42
cpu cores	: 56
apicid		: 84
initial apicid	: 84
fpu		: yes
fpu_exception	: yes
cpuid level	: 32
wp		: yes
flags		: fpu vme de pse tsc msr pae mce cx8 apic sep mtrr pge mca cmov pat pse36 clflush dts acpi mmx fxsr sse sse2 ss ht tm pbe syscall nx pdpe1gb rdtscp lm constant_tsc art arch_perfmon pebs bts rep_good nopl xtopology nonstop_tsc cpuid aperfmperf tsc_known_freq pni pclmulqdq dtes64 monitor ds_cpl vmx smx est tm2 ssse3 sdbg fma cx16 xtpr pdcm pcid dca sse4_1 sse4_2 x2apic movbe popcnt tsc_deadline_timer aes xsave avx f16c rdrand lahf_lm abm 3dnowprefetch cpuid_fault epb cat_l3 cat_l2 cdp_l3 cdp_l2 ssbd mba ibrs ibpb stibp ibrs_enhanced tpr_shadow flexpriority ept vpid ept_ad fsgsbase tsc_adjust bmi1 avx2 smep bmi2 erms invpcid cqm rdt_a avx512f avx512dq rdseed adx smap avx512ifma clflushopt clwb intel_pt avx512cd sha_ni avx512bw avx512vl xsaveopt xsavec xgetbv1 xsaves cqm_llc cqm_occup_llc cqm_mbm_total cqm_mbm_local split_lock_detect user_shstk avx_vnni avx512_bf16 wbnoinvd dtherm ida arat pln pts vnmi avx512vbmi umip pku ospke waitpkg avx512_vbmi2 gfni vaes vpclmulqdq avx512_vnni avx512_bitalg avx512_vpopcntdq la57 rdpid bus_lock_detect cldemote movdiri movdir64b enqcmd fsrm md_clear serialize tsxldtrk pconfig arch_lbr ibt amx_bf16 avx512_fp16 amx_tile amx_int8 flush_l1d arch_capabilities
vmx flags	: vnmi preemption_timer posted_intr invvpid ept_x_only ept_ad ept_1gb ept_5level flexpriority apicv tsc_offset vtpr mtf vapic ept vpid unrestricted_guest vapic_reg vid ple shadow_vmcs pml ept_violation_ve ept_mode_based_exec tsc_scaling usr_wait_pause notify_vm_exiting ipi_virt
bugs		: spectre_v1 spectre_v2 spec_store_bypass swapgs eibrs_pbrsb bhi spectre_v2_user old_microcode vmscape
bogomips	: 4000.00
clflush size	: 64
cache_alignment	: 64
address sizes	: 46 bits physical, 57 bits virtual
power management:

processor	: 111
vendor_id	: GenuineIntel
cpu family	: 6
model		: 143
model name	: Intel(R) Xeon(R) Platinum 8480+
stepping	: 8
microcode	: 0x2b000639
cpu MHz		: 2634.215
cache size	: 107520 KB
physical id	: 1
siblings	: 56
core id		: 42
cpu cores	: 56
apicid		: 212
initial apicid	: 212
fpu		: yes
fpu_exception	: yes
cpuid level	: 32
wp		: yes
flags		: fpu vme de pse tsc msr pae mce cx8 apic sep mtrr pge mca cmov pat pse36 clflush dts acpi mmx fxsr sse sse2 ss ht tm pbe syscall nx pdpe1gb rdtscp lm constant_tsc art arch_perfmon pebs bts rep_good nopl xtopology nonstop_tsc cpuid aperfmperf tsc_known_freq pni pclmulqdq dtes64 monitor ds_cpl vmx smx est tm2 ssse3 sdbg fma cx16 xtpr pdcm pcid dca sse4_1 sse4_2 x2apic movbe popcnt tsc_deadline_timer aes xsave avx f16c rdrand lahf_lm abm 3dnowprefetch cpuid_fault epb cat_l3 cat_l2 cdp_l3 cdp_l2 ssbd mba ibrs ibpb stibp ibrs_enhanced tpr_shadow flexpriority ept vpid ept_ad fsgsbase tsc_adjust bmi1 avx2 smep bmi2 erms invpcid cqm rdt_a avx512f avx512dq rdseed adx smap avx512ifma clflushopt clwb intel_pt avx512cd sha_ni avx512bw avx512vl xsaveopt xsavec xgetbv1 xsaves cqm_llc cqm_occup_llc cqm_mbm_total cqm_mbm_local split_lock_detect user_shstk avx_vnni avx512_bf16 wbnoinvd dtherm ida arat pln pts vnmi avx512vbmi umip pku ospke waitpkg avx512_vbmi2 gfni vaes vpclmulqdq avx512_vnni avx512_bitalg avx512_vpopcntdq la57 rdpid bus_lock_detect cldemote movdiri movdir64b enqcmd fsrm md_clear serialize tsxldtrk pconfig arch_lbr ibt amx_bf16 avx512_fp16 amx_tile amx_int8 flush_l1d arch_capabilities
vmx flags	: vnmi preemption_timer posted_intr invvpid ept_x_only ept_ad ept_1gb ept_5level flexpriority apicv tsc_offset vtpr mtf vapic ept vpid unrestricted_guest vapic_reg vid ple shadow_vmcs pml ept_violation_ve ept_mode_based_exec tsc_scaling usr_wait_pause notify_vm_exiting ipi_virt
bugs		: spectre_v1 spectre_v2 spec_store_bypass swapgs eibrs_pbrsb bhi spectre_v2_user old_microcode vmscape
bogomips	: 4000.00
clflush size	: 64
cache_alignment	: 64
address sizes	: 46 bits physical, 57 bits virtual
power management:

Running growth rate 1% for 10 years.
./output/10y/mass_cuda-static-output-10y-1p.edgelist
./output/10y/mass_cuda-static-output-10y-1p.aux
Citation Network ABM – MASS CUDA
=================================

Out-degree bag: 3980408 entries
Recency probs:  355 entries
BFS batches:    25 per year

=== Initializing Citation ABM ===

Inside parseNodelist...
Populating continuous node mappings (491532 nodes)...
parseNodelist done in 551 ms (491532 nodes)

Inside parseEdgelist...
parseEdgelist done in 186 ms (899050 edges)
Seed max year: 1982  → simulation starts at 1983
Max population: 544962
Seed population: 491532 papers
  DeviceGraph: fwd=899050 bwd=899050 edges
Initialization complete


=== Simulation Start ===

--- Year 1983 (pop: 491532) ---
  Adding 4916 new papers
  DeviceGraph: fwd=899050 bwd=899050 edges
  Processing 4916 papers in 25 batches of ~197
  NeighborhoodSlab: 197 threads × 2304 KB = 443 MB
  Batch 0 [0,197) done in 263 ms  h_edges=902883
  NeighborhoodSlab: 197 threads × 2304 KB = 443 MB
  Batch 1 [197,394) done in 245 ms  h_edges=907199
  NeighborhoodSlab: 197 threads × 2304 KB = 443 MB
  Batch 2 [394,591) done in 254 ms  h_edges=911005
  NeighborhoodSlab: 197 threads × 2304 KB = 443 MB
  Batch 3 [591,788) done in 243 ms  h_edges=915092
  NeighborhoodSlab: 197 threads × 2304 KB = 443 MB
  Batch 4 [788,985) done in 251 ms  h_edges=919080
  NeighborhoodSlab: 197 threads × 2304 KB = 443 MB
  Batch 5 [985,1182) done in 251 ms  h_edges=922490
  NeighborhoodSlab: 197 threads × 2304 KB = 443 MB
  Batch 6 [1182,1379) done in 218 ms  h_edges=927003
  NeighborhoodSlab: 197 threads × 2304 KB = 443 MB
  Batch 7 [1379,1576) done in 204 ms  h_edges=930990
  NeighborhoodSlab: 197 threads × 2304 KB = 443 MB
  Batch 8 [1576,1773) done in 257 ms  h_edges=935081
  NeighborhoodSlab: 197 threads × 2304 KB = 443 MB
  Batch 9 [1773,1970) done in 329 ms  h_edges=938889
  NeighborhoodSlab: 197 threads × 2304 KB = 443 MB
  Batch 10 [1970,2167) done in 249 ms  h_edges=942790
  NeighborhoodSlab: 197 threads × 2304 KB = 443 MB
  Batch 11 [2167,2364) done in 217 ms  h_edges=946213
  NeighborhoodSlab: 197 threads × 2304 KB = 443 MB
  Batch 12 [2364,2561) done in 246 ms  h_edges=950149
  NeighborhoodSlab: 197 threads × 2304 KB = 443 MB
  Batch 13 [2561,2758) done in 253 ms  h_edges=954062
  NeighborhoodSlab: 197 threads × 2304 KB = 443 MB
  Batch 14 [2758,2955) done in 254 ms  h_edges=958708
  NeighborhoodSlab: 197 threads × 2304 KB = 443 MB
  Batch 15 [2955,3152) done in 279 ms  h_edges=962525
  NeighborhoodSlab: 197 threads × 2304 KB = 443 MB
  Batch 16 [3152,3349) done in 263 ms  h_edges=966212
  NeighborhoodSlab: 197 threads × 2304 KB = 443 MB
  Batch 17 [3349,3546) done in 247 ms  h_edges=969809
  NeighborhoodSlab: 197 threads × 2304 KB = 443 MB
  Batch 18 [3546,3743) done in 250 ms  h_edges=973212
  NeighborhoodSlab: 197 threads × 2304 KB = 443 MB
  Batch 19 [3743,3940) done in 252 ms  h_edges=977055
  NeighborhoodSlab: 197 threads × 2304 KB = 443 MB
  Batch 20 [3940,4137) done in 240 ms  h_edges=980588
  NeighborhoodSlab: 197 threads × 2304 KB = 443 MB
  Batch 21 [4137,4334) done in 260 ms  h_edges=984840
  NeighborhoodSlab: 197 threads × 2304 KB = 443 MB
  Batch 22 [4334,4531) done in 255 ms  h_edges=988760
  NeighborhoodSlab: 197 threads × 2304 KB = 443 MB
  Batch 23 [4531,4728) done in 249 ms  h_edges=992483
  NeighborhoodSlab: 188 threads × 2304 KB = 423 MB
  Batch 24 [4728,4916) done in 248 ms  h_edges=996501
  DeviceGraph: fwd=996501 bwd=996501 edges
  Year 1983 total: 8001 ms  (pop: 496448)

--- Year 1984 (pop: 496448) ---
  Adding 4965 new papers
  DeviceGraph: fwd=996501 bwd=996501 edges
  Processing 4965 papers in 25 batches of ~199
  NeighborhoodSlab: 199 threads × 2304 KB = 447 MB
  Batch 0 [0,199) done in 259 ms  h_edges=1000209
  NeighborhoodSlab: 199 threads × 2304 KB = 447 MB
  Batch 1 [199,398) done in 252 ms  h_edges=1003852
  NeighborhoodSlab: 199 threads × 2304 KB = 447 MB
  Batch 2 [398,597) done in 302 ms  h_edges=1007184
  NeighborhoodSlab: 199 threads × 2304 KB = 447 MB
  Batch 3 [597,796) done in 212 ms  h_edges=1011058
  NeighborhoodSlab: 199 threads × 2304 KB = 447 MB
  Batch 4 [796,995) done in 212 ms  h_edges=1014683
  NeighborhoodSlab: 199 threads × 2304 KB = 447 MB
  Batch 5 [995,1194) done in 295 ms  h_edges=1017738
  NeighborhoodSlab: 199 threads × 2304 KB = 447 MB
  Batch 6 [1194,1393) done in 255 ms  h_edges=1021397
  NeighborhoodSlab: 199 threads × 2304 KB = 447 MB
  Batch 7 [1393,1592) done in 306 ms  h_edges=1025485
  NeighborhoodSlab: 199 threads × 2304 KB = 447 MB
  Batch 8 [1592,1791) done in 296 ms  h_edges=1029135
  NeighborhoodSlab: 199 threads × 2304 KB = 447 MB
  Batch 9 [1791,1990) done in 266 ms  h_edges=1033521
  NeighborhoodSlab: 199 threads × 2304 KB = 447 MB
  Batch 10 [1990,2189) done in 298 ms  h_edges=1037670
  NeighborhoodSlab: 199 threads × 2304 KB = 447 MB
  Batch 11 [2189,2388) done in 293 ms  h_edges=1041048
  NeighborhoodSlab: 199 threads × 2304 KB = 447 MB
  Batch 12 [2388,2587) done in 227 ms  h_edges=1045377
  NeighborhoodSlab: 199 threads × 2304 KB = 447 MB
  Batch 13 [2587,2786) done in 228 ms  h_edges=1049347
  NeighborhoodSlab: 199 threads × 2304 KB = 447 MB
  Batch 14 [2786,2985) done in 263 ms  h_edges=1054033
  NeighborhoodSlab: 199 threads × 2304 KB = 447 MB
  Batch 15 [2985,3184) done in 261 ms  h_edges=1057762
  NeighborhoodSlab: 199 threads × 2304 KB = 447 MB
  Batch 16 [3184,3383) done in 302 ms  h_edges=1062323
  NeighborhoodSlab: 199 threads × 2304 KB = 447 MB
  Batch 17 [3383,3582) done in 258 ms  h_edges=1065872
  NeighborhoodSlab: 199 threads × 2304 KB = 447 MB
  Batch 18 [3582,3781) done in 241 ms  h_edges=1070202
  NeighborhoodSlab: 199 threads × 2304 KB = 447 MB
  Batch 19 [3781,3980) done in 248 ms  h_edges=1074230
  NeighborhoodSlab: 199 threads × 2304 KB = 447 MB
  Batch 20 [3980,4179) done in 312 ms  h_edges=1078003
  NeighborhoodSlab: 199 threads × 2304 KB = 447 MB
  Batch 21 [4179,4378) done in 252 ms  h_edges=1081436
  NeighborhoodSlab: 199 threads × 2304 KB = 447 MB
  Batch 22 [4378,4577) done in 254 ms  h_edges=1084808
  NeighborhoodSlab: 199 threads × 2304 KB = 447 MB
  Batch 23 [4577,4776) done in 253 ms  h_edges=1088271
  NeighborhoodSlab: 189 threads × 2304 KB = 425 MB
  Batch 24 [4776,4965) done in 276 ms  h_edges=1091328
  DeviceGraph: fwd=1091328 bwd=1091328 edges
  Year 1984 total: 8431 ms  (pop: 501413)

--- Year 1985 (pop: 501413) ---
  Adding 5015 new papers
  DeviceGraph: fwd=1091328 bwd=1091328 edges
  Processing 5015 papers in 25 batches of ~201
  NeighborhoodSlab: 201 threads × 2304 KB = 452 MB
  Batch 0 [0,201) done in 386 ms  h_edges=1094907
  NeighborhoodSlab: 201 threads × 2304 KB = 452 MB
  Batch 1 [201,402) done in 302 ms  h_edges=1098925
  NeighborhoodSlab: 201 threads × 2304 KB = 452 MB
  Batch 2 [402,603) done in 273 ms  h_edges=1102496
  NeighborhoodSlab: 201 threads × 2304 KB = 452 MB
  Batch 3 [603,804) done in 309 ms  h_edges=1107072
  NeighborhoodSlab: 201 threads × 2304 KB = 452 MB
  Batch 4 [804,1005) done in 252 ms  h_edges=1111350
  NeighborhoodSlab: 201 threads × 2304 KB = 452 MB
  Batch 5 [1005,1206) done in 330 ms  h_edges=1114669
  NeighborhoodSlab: 201 threads × 2304 KB = 452 MB
  Batch 6 [1206,1407) done in 296 ms  h_edges=1118185
  NeighborhoodSlab: 201 threads × 2304 KB = 452 MB
  Batch 7 [1407,1608) done in 266 ms  h_edges=1122525
  NeighborhoodSlab: 201 threads × 2304 KB = 452 MB
  Batch 8 [1608,1809) done in 264 ms  h_edges=1126462
  NeighborhoodSlab: 201 threads × 2304 KB = 452 MB
  Batch 9 [1809,2010) done in 297 ms  h_edges=1130179
  NeighborhoodSlab: 201 threads × 2304 KB = 452 MB
  Batch 10 [2010,2211) done in 300 ms  h_edges=1134760
  NeighborhoodSlab: 201 threads × 2304 KB = 452 MB
  Batch 11 [2211,2412) done in 259 ms  h_edges=1138394
  NeighborhoodSlab: 201 threads × 2304 KB = 452 MB
  Batch 12 [2412,2613) done in 222 ms  h_edges=1141869
  NeighborhoodSlab: 201 threads × 2304 KB = 452 MB
  Batch 13 [2613,2814) done in 212 ms  h_edges=1146224
  NeighborhoodSlab: 201 threads × 2304 KB = 452 MB
  Batch 14 [2814,3015) done in 255 ms  h_edges=1149956
  NeighborhoodSlab: 201 threads × 2304 KB = 452 MB
  Batch 15 [3015,3216) done in 259 ms  h_edges=1154050
  NeighborhoodSlab: 201 threads × 2304 KB = 452 MB
  Batch 16 [3216,3417) done in 303 ms  h_edges=1158165
  NeighborhoodSlab: 201 threads × 2304 KB = 452 MB
  Batch 17 [3417,3618) done in 311 ms  h_edges=1161896
  NeighborhoodSlab: 201 threads × 2304 KB = 452 MB
  Batch 18 [3618,3819) done in 254 ms  h_edges=1165261
  NeighborhoodSlab: 201 threads × 2304 KB = 452 MB
  Batch 19 [3819,4020) done in 298 ms  h_edges=1169059
  NeighborhoodSlab: 201 threads × 2304 KB = 452 MB
  Batch 20 [4020,4221) done in 259 ms  h_edges=1173640
  NeighborhoodSlab: 201 threads × 2304 KB = 452 MB
  Batch 21 [4221,4422) done in 270 ms  h_edges=1177112
  NeighborhoodSlab: 201 threads × 2304 KB = 452 MB
  Batch 22 [4422,4623) done in 258 ms  h_edges=1180487
  NeighborhoodSlab: 201 threads × 2304 KB = 452 MB
  Batch 23 [4623,4824) done in 299 ms  h_edges=1184725
  NeighborhoodSlab: 191 threads × 2304 KB = 429 MB
  Batch 24 [4824,5015) done in 252 ms  h_edges=1188264
  DeviceGraph: fwd=1188264 bwd=1188264 edges
  Year 1985 total: 9006 ms  (pop: 506428)

--- Year 1986 (pop: 506428) ---
  Adding 5065 new papers
  DeviceGraph: fwd=1188264 bwd=1188264 edges
  Processing 5065 papers in 25 batches of ~203
  NeighborhoodSlab: 203 threads × 2304 KB = 456 MB
  Batch 0 [0,203) done in 273 ms  h_edges=1191996
  NeighborhoodSlab: 203 threads × 2304 KB = 456 MB
  Batch 1 [203,406) done in 254 ms  h_edges=1196734
  NeighborhoodSlab: 203 threads × 2304 KB = 456 MB
  Batch 2 [406,609) done in 314 ms  h_edges=1200699
  NeighborhoodSlab: 203 threads × 2304 KB = 456 MB
  Batch 3 [609,812) done in 388 ms  h_edges=1204594
  NeighborhoodSlab: 203 threads × 2304 KB = 456 MB
  Batch 4 [812,1015) done in 319 ms  h_edges=1208430
  NeighborhoodSlab: 203 threads × 2304 KB = 456 MB
  Batch 5 [1015,1218) done in 290 ms  h_edges=1212907
  NeighborhoodSlab: 203 threads × 2304 KB = 456 MB
  Batch 6 [1218,1421) done in 260 ms  h_edges=1216274
  NeighborhoodSlab: 203 threads × 2304 KB = 456 MB
  Batch 7 [1421,1624) done in 301 ms  h_edges=1220246
  NeighborhoodSlab: 203 threads × 2304 KB = 456 MB
  Batch 8 [1624,1827) done in 264 ms  h_edges=1223920
  NeighborhoodSlab: 203 threads × 2304 KB = 456 MB
  Batch 9 [1827,2030) done in 259 ms  h_edges=1227953
  NeighborhoodSlab: 203 threads × 2304 KB = 456 MB
  Batch 10 [2030,2233) done in 265 ms  h_edges=1232116
  NeighborhoodSlab: 203 threads × 2304 KB = 456 MB
  Batch 11 [2233,2436) done in 289 ms  h_edges=1236540
  NeighborhoodSlab: 203 threads × 2304 KB = 456 MB
  Batch 12 [2436,2639) done in 308 ms  h_edges=1240629
  NeighborhoodSlab: 203 threads × 2304 KB = 456 MB
  Batch 13 [2639,2842) done in 351 ms  h_edges=1244575
  NeighborhoodSlab: 203 threads × 2304 KB = 456 MB
  Batch 14 [2842,3045) done in 270 ms  h_edges=1248721
  NeighborhoodSlab: 203 threads × 2304 KB = 456 MB
  Batch 15 [3045,3248) done in 266 ms  h_edges=1252670
  NeighborhoodSlab: 203 threads × 2304 KB = 456 MB
  Batch 16 [3248,3451) done in 264 ms  h_edges=1256636
  NeighborhoodSlab: 203 threads × 2304 KB = 456 MB
  Batch 17 [3451,3654) done in 272 ms  h_edges=1260893
  NeighborhoodSlab: 203 threads × 2304 KB = 456 MB
  Batch 18 [3654,3857) done in 303 ms  h_edges=1264709
  NeighborhoodSlab: 203 threads × 2304 KB = 456 MB
  Batch 19 [3857,4060) done in 273 ms  h_edges=1269064
  NeighborhoodSlab: 203 threads × 2304 KB = 456 MB
  Batch 20 [4060,4263) done in 325 ms  h_edges=1273305
  NeighborhoodSlab: 203 threads × 2304 KB = 456 MB
  Batch 21 [4263,4466) done in 309 ms  h_edges=1277120
  NeighborhoodSlab: 203 threads × 2304 KB = 456 MB
  Batch 22 [4466,4669) done in 266 ms  h_edges=1281611
  NeighborhoodSlab: 203 threads × 2304 KB = 456 MB
  Batch 23 [4669,4872) done in 266 ms  h_edges=1286007
  NeighborhoodSlab: 193 threads × 2304 KB = 434 MB
  Batch 24 [4872,5065) done in 260 ms  h_edges=1289889
  DeviceGraph: fwd=1289889 bwd=1289889 edges
  Year 1986 total: 9345 ms  (pop: 511493)

--- Year 1987 (pop: 511493) ---
  Adding 5115 new papers
  DeviceGraph: fwd=1289889 bwd=1289889 edges
  Processing 5115 papers in 25 batches of ~205
  NeighborhoodSlab: 205 threads × 2304 KB = 461 MB
  Batch 0 [0,205) done in 268 ms  h_edges=1294061
  NeighborhoodSlab: 205 threads × 2304 KB = 461 MB
  Batch 1 [205,410) done in 354 ms  h_edges=1298425
  NeighborhoodSlab: 205 threads × 2304 KB = 461 MB
  Batch 2 [410,615) done in 258 ms  h_edges=1302678
  NeighborhoodSlab: 205 threads × 2304 KB = 461 MB
  Batch 3 [615,820) done in 311 ms  h_edges=1306417
  NeighborhoodSlab: 205 threads × 2304 KB = 461 MB
  Batch 4 [820,1025) done in 267 ms  h_edges=1310474
  NeighborhoodSlab: 205 threads × 2304 KB = 461 MB
  Batch 5 [1025,1230) done in 291 ms  h_edges=1314279
  NeighborhoodSlab: 205 threads × 2304 KB = 461 MB
  Batch 6 [1230,1435) done in 331 ms  h_edges=1319410
  NeighborhoodSlab: 205 threads × 2304 KB = 461 MB
  Batch 7 [1435,1640) done in 320 ms  h_edges=1323000
  NeighborhoodSlab: 205 threads × 2304 KB = 461 MB
  Batch 8 [1640,1845) done in 263 ms  h_edges=1327240
  NeighborhoodSlab: 205 threads × 2304 KB = 461 MB
  Batch 9 [1845,2050) done in 360 ms  h_edges=1331925
  NeighborhoodSlab: 205 threads × 2304 KB = 461 MB
  Batch 10 [2050,2255) done in 303 ms  h_edges=1335951
  NeighborhoodSlab: 205 threads × 2304 KB = 461 MB
  Batch 11 [2255,2460) done in 269 ms  h_edges=1339850
  NeighborhoodSlab: 205 threads × 2304 KB = 461 MB
  Batch 12 [2460,2665) done in 264 ms  h_edges=1343758
  NeighborhoodSlab: 205 threads × 2304 KB = 461 MB
  Batch 13 [2665,2870) done in 315 ms  h_edges=1347164
  NeighborhoodSlab: 205 threads × 2304 KB = 461 MB
  Batch 14 [2870,3075) done in 393 ms  h_edges=1351446
  NeighborhoodSlab: 205 threads × 2304 KB = 461 MB
  Batch 15 [3075,3280) done in 258 ms  h_edges=1355404
  NeighborhoodSlab: 205 threads × 2304 KB = 461 MB
  Batch 16 [3280,3485) done in 349 ms  h_edges=1359837
  NeighborhoodSlab: 205 threads × 2304 KB = 461 MB
  Batch 17 [3485,3690) done in 272 ms  h_edges=1362950
  NeighborhoodSlab: 205 threads × 2304 KB = 461 MB
  Batch 18 [3690,3895) done in 310 ms  h_edges=1367094
  NeighborhoodSlab: 205 threads × 2304 KB = 461 MB
  Batch 19 [3895,4100) done in 308 ms  h_edges=1370837
  NeighborhoodSlab: 205 threads × 2304 KB = 461 MB
  Batch 20 [4100,4305) done in 289 ms  h_edges=1375327
  NeighborhoodSlab: 205 threads × 2304 KB = 461 MB
  Batch 21 [4305,4510) done in 313 ms  h_edges=1379108
  NeighborhoodSlab: 205 threads × 2304 KB = 461 MB
  Batch 22 [4510,4715) done in 267 ms  h_edges=1382993
  NeighborhoodSlab: 205 threads × 2304 KB = 461 MB
  Batch 23 [4715,4920) done in 321 ms  h_edges=1386616
  NeighborhoodSlab: 195 threads × 2304 KB = 438 MB
  Batch 24 [4920,5115) done in 260 ms  h_edges=1390082
  DeviceGraph: fwd=1390082 bwd=1390082 edges
  Year 1987 total: 9830 ms  (pop: 516608)

--- Year 1988 (pop: 516608) ---
  Adding 5167 new papers
  DeviceGraph: fwd=1390082 bwd=1390082 edges
  Processing 5167 papers in 25 batches of ~207
  NeighborhoodSlab: 207 threads × 2304 KB = 465 MB
  Batch 0 [0,207) done in 277 ms  h_edges=1394168
  NeighborhoodSlab: 207 threads × 2304 KB = 465 MB
  Batch 1 [207,414) done in 357 ms  h_edges=1398433
  NeighborhoodSlab: 207 threads × 2304 KB = 465 MB
  Batch 2 [414,621) done in 266 ms  h_edges=1401996
  NeighborhoodSlab: 207 threads × 2304 KB = 465 MB
  Batch 3 [621,828) done in 317 ms  h_edges=1406049
  NeighborhoodSlab: 207 threads × 2304 KB = 465 MB
  Batch 4 [828,1035) done in 277 ms  h_edges=1409952
  NeighborhoodSlab: 207 threads × 2304 KB = 465 MB
  Batch 5 [1035,1242) done in 263 ms  h_edges=1414379
  NeighborhoodSlab: 207 threads × 2304 KB = 465 MB
  Batch 6 [1242,1449) done in 267 ms  h_edges=1418175
  NeighborhoodSlab: 207 threads × 2304 KB = 465 MB
  Batch 7 [1449,1656) done in 319 ms  h_edges=1422469
  NeighborhoodSlab: 207 threads × 2304 KB = 465 MB
  Batch 8 [1656,1863) done in 317 ms  h_edges=1426385
  NeighborhoodSlab: 207 threads × 2304 KB = 465 MB
  Batch 9 [1863,2070) done in 317 ms  h_edges=1430149
  NeighborhoodSlab: 207 threads × 2304 KB = 465 MB
  Batch 10 [2070,2277) done in 284 ms  h_edges=1433975
  NeighborhoodSlab: 207 threads × 2304 KB = 465 MB
  Batch 11 [2277,2484) done in 283 ms  h_edges=1437839
  NeighborhoodSlab: 207 threads × 2304 KB = 465 MB
  Batch 12 [2484,2691) done in 336 ms  h_edges=1441659
  NeighborhoodSlab: 207 threads × 2304 KB = 465 MB
  Batch 13 [2691,2898) done in 269 ms  h_edges=1445900
  NeighborhoodSlab: 207 threads × 2304 KB = 465 MB
  Batch 14 [2898,3105) done in 280 ms  h_edges=1450521
  NeighborhoodSlab: 207 threads × 2304 KB = 465 MB
  Batch 15 [3105,3312) done in 267 ms  h_edges=1454840
  NeighborhoodSlab: 207 threads × 2304 KB = 465 MB
  Batch 16 [3312,3519) done in 288 ms  h_edges=1458929
  NeighborhoodSlab: 207 threads × 2304 KB = 465 MB
  Batch 17 [3519,3726) done in 300 ms  h_edges=1462771
  NeighborhoodSlab: 207 threads × 2304 KB = 465 MB
  Batch 18 [3726,3933) done in 268 ms  h_edges=1467130
  NeighborhoodSlab: 207 threads × 2304 KB = 465 MB
  Batch 19 [3933,4140) done in 307 ms  h_edges=1471540
  NeighborhoodSlab: 207 threads × 2304 KB = 465 MB
  Batch 20 [4140,4347) done in 322 ms  h_edges=1475363
  NeighborhoodSlab: 207 threads × 2304 KB = 465 MB
  Batch 21 [4347,4554) done in 299 ms  h_edges=1478972
  NeighborhoodSlab: 207 threads × 2304 KB = 465 MB
  Batch 22 [4554,4761) done in 312 ms  h_edges=1482940
  NeighborhoodSlab: 207 threads × 2304 KB = 465 MB
  Batch 23 [4761,4968) done in 355 ms  h_edges=1486457
  NeighborhoodSlab: 199 threads × 2304 KB = 447 MB
  Batch 24 [4968,5167) done in 307 ms  h_edges=1489960
  DeviceGraph: fwd=1489960 bwd=1489960 edges
  Year 1988 total: 9929 ms  (pop: 521775)

--- Year 1989 (pop: 521775) ---
  Adding 5218 new papers
  DeviceGraph: fwd=1489960 bwd=1489960 edges
  Processing 5218 papers in 25 batches of ~209
  NeighborhoodSlab: 209 threads × 2304 KB = 470 MB
  Batch 0 [0,209) done in 319 ms  h_edges=1494132
  NeighborhoodSlab: 209 threads × 2304 KB = 470 MB
  Batch 1 [209,418) done in 366 ms  h_edges=1498075
  NeighborhoodSlab: 209 threads × 2304 KB = 470 MB
  Batch 2 [418,627) done in 279 ms  h_edges=1502294
  NeighborhoodSlab: 209 threads × 2304 KB = 470 MB
  Batch 3 [627,836) done in 321 ms  h_edges=1506547
  NeighborhoodSlab: 209 threads × 2304 KB = 470 MB
  Batch 4 [836,1045) done in 329 ms  h_edges=1510467
  NeighborhoodSlab: 209 threads × 2304 KB = 470 MB
  Batch 5 [1045,1254) done in 358 ms  h_edges=1514089
  NeighborhoodSlab: 209 threads × 2304 KB = 470 MB
  Batch 6 [1254,1463) done in 308 ms  h_edges=1517732
  NeighborhoodSlab: 209 threads × 2304 KB = 470 MB
  Batch 7 [1463,1672) done in 364 ms  h_edges=1522367
  NeighborhoodSlab: 209 threads × 2304 KB = 470 MB
  Batch 8 [1672,1881) done in 316 ms  h_edges=1526398
  NeighborhoodSlab: 209 threads × 2304 KB = 470 MB
  Batch 9 [1881,2090) done in 330 ms  h_edges=1530961
  NeighborhoodSlab: 209 threads × 2304 KB = 470 MB
  Batch 10 [2090,2299) done in 362 ms  h_edges=1535075
  NeighborhoodSlab: 209 threads × 2304 KB = 470 MB
  Batch 11 [2299,2508) done in 359 ms  h_edges=1538701
  NeighborhoodSlab: 209 threads × 2304 KB = 470 MB
  Batch 12 [2508,2717) done in 379 ms  h_edges=1542217
  NeighborhoodSlab: 209 threads × 2304 KB = 470 MB
  Batch 13 [2717,2926) done in 271 ms  h_edges=1546555
  NeighborhoodSlab: 209 threads × 2304 KB = 470 MB
  Batch 14 [2926,3135) done in 278 ms  h_edges=1550156
  NeighborhoodSlab: 209 threads × 2304 KB = 470 MB
  Batch 15 [3135,3344) done in 319 ms  h_edges=1554193
  NeighborhoodSlab: 209 threads × 2304 KB = 470 MB
  Batch 16 [3344,3553) done in 315 ms  h_edges=1558537
  NeighborhoodSlab: 209 threads × 2304 KB = 470 MB
  Batch 17 [3553,3762) done in 281 ms  h_edges=1562583
  NeighborhoodSlab: 209 threads × 2304 KB = 470 MB
  Batch 18 [3762,3971) done in 326 ms  h_edges=1566481
  NeighborhoodSlab: 209 threads × 2304 KB = 470 MB
  Batch 19 [3971,4180) done in 310 ms  h_edges=1571155
  NeighborhoodSlab: 209 threads × 2304 KB = 470 MB
  Batch 20 [4180,4389) done in 308 ms  h_edges=1575098
  NeighborhoodSlab: 209 threads × 2304 KB = 470 MB
  Batch 21 [4389,4598) done in 321 ms  h_edges=1579325
  NeighborhoodSlab: 209 threads × 2304 KB = 470 MB
  Batch 22 [4598,4807) done in 275 ms  h_edges=1583976
  NeighborhoodSlab: 209 threads × 2304 KB = 470 MB
  Batch 23 [4807,5016) done in 286 ms  h_edges=1587813
  NeighborhoodSlab: 202 threads × 2304 KB = 454 MB
  Batch 24 [5016,5218) done in 280 ms  h_edges=1592326
  DeviceGraph: fwd=1592326 bwd=1592326 edges
  Year 1989 total: 10483 ms  (pop: 526993)

--- Year 1990 (pop: 526993) ---
  Adding 5270 new papers
  DeviceGraph: fwd=1592326 bwd=1592326 edges
  Processing 5270 papers in 25 batches of ~211
  NeighborhoodSlab: 211 threads × 2304 KB = 474 MB
  Batch 0 [0,211) done in 274 ms  h_edges=1596599
  NeighborhoodSlab: 211 threads × 2304 KB = 474 MB
  Batch 1 [211,422) done in 373 ms  h_edges=1600506
  NeighborhoodSlab: 211 threads × 2304 KB = 474 MB
  Batch 2 [422,633) done in 319 ms  h_edges=1604843
  NeighborhoodSlab: 211 threads × 2304 KB = 474 MB
  Batch 3 [633,844) done in 276 ms  h_edges=1609008
  NeighborhoodSlab: 211 threads × 2304 KB = 474 MB
  Batch 4 [844,1055) done in 271 ms  h_edges=1613006
  NeighborhoodSlab: 211 threads × 2304 KB = 474 MB
  Batch 5 [1055,1266) done in 425 ms  h_edges=1616872
  NeighborhoodSlab: 211 threads × 2304 KB = 474 MB
  Batch 6 [1266,1477) done in 316 ms  h_edges=1620759
  NeighborhoodSlab: 211 threads × 2304 KB = 474 MB
  Batch 7 [1477,1688) done in 322 ms  h_edges=1624887
  NeighborhoodSlab: 211 threads × 2304 KB = 474 MB
  Batch 8 [1688,1899) done in 288 ms  h_edges=1629369
  NeighborhoodSlab: 211 threads × 2304 KB = 474 MB
  Batch 9 [1899,2110) done in 325 ms  h_edges=1633800
  NeighborhoodSlab: 211 threads × 2304 KB = 474 MB
  Batch 10 [2110,2321) done in 313 ms  h_edges=1637663
  NeighborhoodSlab: 211 threads × 2304 KB = 474 MB
  Batch 11 [2321,2532) done in 333 ms  h_edges=1642330
  NeighborhoodSlab: 211 threads × 2304 KB = 474 MB
  Batch 12 [2532,2743) done in 283 ms  h_edges=1646641
  NeighborhoodSlab: 211 threads × 2304 KB = 474 MB
  Batch 13 [2743,2954) done in 317 ms  h_edges=1650857
  NeighborhoodSlab: 211 threads × 2304 KB = 474 MB
  Batch 14 [2954,3165) done in 330 ms  h_edges=1654956
  NeighborhoodSlab: 211 threads × 2304 KB = 474 MB
  Batch 15 [3165,3376) done in 328 ms  h_edges=1659266
  NeighborhoodSlab: 211 threads × 2304 KB = 474 MB
  Batch 16 [3376,3587) done in 297 ms  h_edges=1662962
  NeighborhoodSlab: 211 threads × 2304 KB = 474 MB
  Batch 17 [3587,3798) done in 268 ms  h_edges=1666964
  NeighborhoodSlab: 211 threads × 2304 KB = 474 MB
  Batch 18 [3798,4009) done in 338 ms  h_edges=1671072
  NeighborhoodSlab: 211 threads × 2304 KB = 474 MB
  Batch 19 [4009,4220) done in 329 ms  h_edges=1674938
  NeighborhoodSlab: 211 threads × 2304 KB = 474 MB
  Batch 20 [4220,4431) done in 406 ms  h_edges=1678986
  NeighborhoodSlab: 211 threads × 2304 KB = 474 MB
  Batch 21 [4431,4642) done in 279 ms  h_edges=1683616
  NeighborhoodSlab: 211 threads × 2304 KB = 474 MB
  Batch 22 [4642,4853) done in 272 ms  h_edges=1687963
  NeighborhoodSlab: 211 threads × 2304 KB = 474 MB
  Batch 23 [4853,5064) done in 311 ms  h_edges=1691712
  NeighborhoodSlab: 206 threads × 2304 KB = 463 MB
  Batch 24 [5064,5270) done in 267 ms  h_edges=1695235
  DeviceGraph: fwd=1695235 bwd=1695235 edges
  Year 1990 total: 10581 ms  (pop: 532263)

--- Year 1991 (pop: 532263) ---
  Adding 5323 new papers
  DeviceGraph: fwd=1695235 bwd=1695235 edges
  Processing 5323 papers in 25 batches of ~213
  NeighborhoodSlab: 213 threads × 2304 KB = 479 MB
  Batch 0 [0,213) done in 371 ms  h_edges=1699489
  NeighborhoodSlab: 213 threads × 2304 KB = 479 MB
  Batch 1 [213,426) done in 326 ms  h_edges=1703444
  NeighborhoodSlab: 213 threads × 2304 KB = 479 MB
  Batch 2 [426,639) done in 287 ms  h_edges=1707968
  NeighborhoodSlab: 213 threads × 2304 KB = 479 MB
  Batch 3 [639,852) done in 376 ms  h_edges=1712525
  NeighborhoodSlab: 213 threads × 2304 KB = 479 MB
  Batch 4 [852,1065) done in 329 ms  h_edges=1717213
  NeighborhoodSlab: 213 threads × 2304 KB = 479 MB
  Batch 5 [1065,1278) done in 322 ms  h_edges=1720874
  NeighborhoodSlab: 213 threads × 2304 KB = 479 MB
  Batch 6 [1278,1491) done in 399 ms  h_edges=1724877
  NeighborhoodSlab: 213 threads × 2304 KB = 479 MB
  Batch 7 [1491,1704) done in 277 ms  h_edges=1729582
  NeighborhoodSlab: 213 threads × 2304 KB = 479 MB
  Batch 8 [1704,1917) done in 328 ms  h_edges=1733835
  NeighborhoodSlab: 213 threads × 2304 KB = 479 MB
  Batch 9 [1917,2130) done in 295 ms  h_edges=1738148
  NeighborhoodSlab: 213 threads × 2304 KB = 479 MB
  Batch 10 [2130,2343) done in 302 ms  h_edges=1742377
  NeighborhoodSlab: 213 threads × 2304 KB = 479 MB
  Batch 11 [2343,2556) done in 342 ms  h_edges=1746321
  NeighborhoodSlab: 213 threads × 2304 KB = 479 MB
  Batch 12 [2556,2769) done in 286 ms  h_edges=1750860
  NeighborhoodSlab: 213 threads × 2304 KB = 479 MB
  Batch 13 [2769,2982) done in 366 ms  h_edges=1754485
  NeighborhoodSlab: 213 threads × 2304 KB = 479 MB
  Batch 14 [2982,3195) done in 336 ms  h_edges=1758705
  NeighborhoodSlab: 213 threads × 2304 KB = 479 MB
  Batch 15 [3195,3408) done in 279 ms  h_edges=1762641
  NeighborhoodSlab: 213 threads × 2304 KB = 479 MB
  Batch 16 [3408,3621) done in 326 ms  h_edges=1766921
  NeighborhoodSlab: 213 threads × 2304 KB = 479 MB
  Batch 17 [3621,3834) done in 333 ms  h_edges=1771050
  NeighborhoodSlab: 213 threads × 2304 KB = 479 MB
  Batch 18 [3834,4047) done in 340 ms  h_edges=1775004
  NeighborhoodSlab: 213 threads × 2304 KB = 479 MB
  Batch 19 [4047,4260) done in 374 ms  h_edges=1778464
  NeighborhoodSlab: 213 threads × 2304 KB = 479 MB
  Batch 20 [4260,4473) done in 341 ms  h_edges=1782959
  NeighborhoodSlab: 213 threads × 2304 KB = 479 MB
  Batch 21 [4473,4686) done in 319 ms  h_edges=1787061
  NeighborhoodSlab: 213 threads × 2304 KB = 479 MB
  Batch 22 [4686,4899) done in 360 ms  h_edges=1791039
  NeighborhoodSlab: 213 threads × 2304 KB = 479 MB
  Batch 23 [4899,5112) done in 287 ms  h_edges=1795421
  NeighborhoodSlab: 211 threads × 2304 KB = 474 MB
  Batch 24 [5112,5323) done in 329 ms  h_edges=1800175
  DeviceGraph: fwd=1800175 bwd=1800175 edges
  Year 1991 total: 11192 ms  (pop: 537586)

--- Year 1992 (pop: 537586) ---
  Adding 5376 new papers
  DeviceGraph: fwd=1800175 bwd=1800175 edges
  Processing 5376 papers in 25 batches of ~216
  NeighborhoodSlab: 216 threads × 2304 KB = 486 MB
  Batch 0 [0,216) done in 419 ms  h_edges=1803684
  NeighborhoodSlab: 216 threads × 2304 KB = 486 MB
  Batch 1 [216,432) done in 291 ms  h_edges=1807929
  NeighborhoodSlab: 216 threads × 2304 KB = 486 MB
  Batch 2 [432,648) done in 383 ms  h_edges=1812635
  NeighborhoodSlab: 216 threads × 2304 KB = 486 MB
  Batch 3 [648,864) done in 329 ms  h_edges=1817553
  NeighborhoodSlab: 216 threads × 2304 KB = 486 MB
  Batch 4 [864,1080) done in 346 ms  h_edges=1821811
  NeighborhoodSlab: 216 threads × 2304 KB = 486 MB
  Batch 5 [1080,1296) done in 331 ms  h_edges=1825823
  NeighborhoodSlab: 216 threads × 2304 KB = 486 MB
  Batch 6 [1296,1512) done in 331 ms  h_edges=1830088
  NeighborhoodSlab: 216 threads × 2304 KB = 486 MB
  Batch 7 [1512,1728) done in 334 ms  h_edges=1834951
  NeighborhoodSlab: 216 threads × 2304 KB = 486 MB
  Batch 8 [1728,1944) done in 327 ms  h_edges=1839549
  NeighborhoodSlab: 216 threads × 2304 KB = 486 MB
  Batch 9 [1944,2160) done in 282 ms  h_edges=1844287
  NeighborhoodSlab: 216 threads × 2304 KB = 486 MB
  Batch 10 [2160,2376) done in 433 ms  h_edges=1849143
  NeighborhoodSlab: 216 threads × 2304 KB = 486 MB
  Batch 11 [2376,2592) done in 378 ms  h_edges=1853720
  NeighborhoodSlab: 216 threads × 2304 KB = 486 MB
  Batch 12 [2592,2808) done in 376 ms  h_edges=1858201
  NeighborhoodSlab: 216 threads × 2304 KB = 486 MB
  Batch 13 [2808,3024) done in 340 ms  h_edges=1862576
  NeighborhoodSlab: 216 threads × 2304 KB = 486 MB
  Batch 14 [3024,3240) done in 337 ms  h_edges=1866647
  NeighborhoodSlab: 216 threads × 2304 KB = 486 MB
  Batch 15 [3240,3456) done in 287 ms  h_edges=1870997
  NeighborhoodSlab: 216 threads × 2304 KB = 486 MB
  Batch 16 [3456,3672) done in 373 ms  h_edges=1875090
  NeighborhoodSlab: 216 threads × 2304 KB = 486 MB
  Batch 17 [3672,3888) done in 335 ms  h_edges=1879001
  NeighborhoodSlab: 216 threads × 2304 KB = 486 MB
  Batch 18 [3888,4104) done in 333 ms  h_edges=1883633
  NeighborhoodSlab: 216 threads × 2304 KB = 486 MB
  Batch 19 [4104,4320) done in 292 ms  h_edges=1887972
  NeighborhoodSlab: 216 threads × 2304 KB = 486 MB
  Batch 20 [4320,4536) done in 326 ms  h_edges=1891421
  NeighborhoodSlab: 216 threads × 2304 KB = 486 MB
  Batch 21 [4536,4752) done in 283 ms  h_edges=1895067
  NeighborhoodSlab: 216 threads × 2304 KB = 486 MB
  Batch 22 [4752,4968) done in 332 ms  h_edges=1899590
  NeighborhoodSlab: 216 threads × 2304 KB = 486 MB
  Batch 23 [4968,5184) done in 287 ms  h_edges=1903725
  NeighborhoodSlab: 192 threads × 2304 KB = 432 MB
  Batch 24 [5184,5376) done in 271 ms  h_edges=1907692
  DeviceGraph: fwd=1907692 bwd=1907692 edges
  Year 1992 total: 11507 ms  (pop: 542962)

=== Simulation Complete ===
Total: 98 s  Final pop: 542962

=== Exporting Results ===
Edges saved: ./output/10y/mass_cuda-static-output-10y-1p.edgelist (1907692)
Attributes saved: ./output/10y/mass_cuda-static-output-10y-1p.aux (542962 rows)

Done.

real	1m44.803s
user	1m42.552s
sys	0m1.449s
Running growth rate 3% for 10 years.
./output/10y/mass_cuda-static-output-10y-3p.edgelist
./output/10y/mass_cuda-static-output-10y-3p.aux
Citation Network ABM – MASS CUDA
=================================

Out-degree bag: 3980408 entries
Recency probs:  355 entries
BFS batches:    25 per year

=== Initializing Citation ABM ===

Inside parseNodelist...
Populating continuous node mappings (491532 nodes)...
parseNodelist done in 549 ms (491532 nodes)

Inside parseEdgelist...
parseEdgelist done in 159 ms (899050 edges)
Seed max year: 1982  → simulation starts at 1983
Max population: 662583
Seed population: 491532 papers
  DeviceGraph: fwd=899050 bwd=899050 edges
Initialization complete


=== Simulation Start ===

--- Year 1983 (pop: 491532) ---
  Adding 14746 new papers
  DeviceGraph: fwd=899050 bwd=899050 edges
  Processing 14746 papers in 25 batches of ~590
  NeighborhoodSlab: 590 threads × 2304 KB = 1327 MB
  Batch 0 [0,590) done in 298 ms  h_edges=911240
  NeighborhoodSlab: 590 threads × 2304 KB = 1327 MB
  Batch 1 [590,1180) done in 294 ms  h_edges=921888
  NeighborhoodSlab: 590 threads × 2304 KB = 1327 MB
  Batch 2 [1180,1770) done in 365 ms  h_edges=932999
  NeighborhoodSlab: 590 threads × 2304 KB = 1327 MB
  Batch 3 [1770,2360) done in 293 ms  h_edges=945015
  NeighborhoodSlab: 590 threads × 2304 KB = 1327 MB
  Batch 4 [2360,2950) done in 329 ms  h_edges=958089
  NeighborhoodSlab: 590 threads × 2304 KB = 1327 MB
  Batch 5 [2950,3540) done in 349 ms  h_edges=969759
  NeighborhoodSlab: 590 threads × 2304 KB = 1327 MB
  Batch 6 [3540,4130) done in 296 ms  h_edges=980842
  NeighborhoodSlab: 590 threads × 2304 KB = 1327 MB
  Batch 7 [4130,4720) done in 295 ms  h_edges=991795
  NeighborhoodSlab: 590 threads × 2304 KB = 1327 MB
  Batch 8 [4720,5310) done in 301 ms  h_edges=1004336
  NeighborhoodSlab: 590 threads × 2304 KB = 1327 MB
  Batch 9 [5310,5900) done in 292 ms  h_edges=1016065
  NeighborhoodSlab: 590 threads × 2304 KB = 1327 MB
  Batch 10 [5900,6490) done in 300 ms  h_edges=1027247
  NeighborhoodSlab: 590 threads × 2304 KB = 1327 MB
  Batch 11 [6490,7080) done in 299 ms  h_edges=1038679
  NeighborhoodSlab: 590 threads × 2304 KB = 1327 MB
  Batch 12 [7080,7670) done in 297 ms  h_edges=1049644
  NeighborhoodSlab: 590 threads × 2304 KB = 1327 MB
  Batch 13 [7670,8260) done in 342 ms  h_edges=1061553
  NeighborhoodSlab: 590 threads × 2304 KB = 1327 MB
  Batch 14 [8260,8850) done in 305 ms  h_edges=1073250
  NeighborhoodSlab: 590 threads × 2304 KB = 1327 MB
  Batch 15 [8850,9440) done in 308 ms  h_edges=1084472
  NeighborhoodSlab: 590 threads × 2304 KB = 1327 MB
  Batch 16 [9440,10030) done in 287 ms  h_edges=1096043
  NeighborhoodSlab: 590 threads × 2304 KB = 1327 MB
  Batch 17 [10030,10620) done in 298 ms  h_edges=1107734
  NeighborhoodSlab: 590 threads × 2304 KB = 1327 MB
  Batch 18 [10620,11210) done in 324 ms  h_edges=1119086
  NeighborhoodSlab: 590 threads × 2304 KB = 1327 MB
  Batch 19 [11210,11800) done in 335 ms  h_edges=1130797
  NeighborhoodSlab: 590 threads × 2304 KB = 1327 MB
  Batch 20 [11800,12390) done in 305 ms  h_edges=1142390
  NeighborhoodSlab: 590 threads × 2304 KB = 1327 MB
  Batch 21 [12390,12980) done in 288 ms  h_edges=1152694
  NeighborhoodSlab: 590 threads × 2304 KB = 1327 MB
  Batch 22 [12980,13570) done in 338 ms  h_edges=1163803
  NeighborhoodSlab: 590 threads × 2304 KB = 1327 MB
  Batch 23 [13570,14160) done in 321 ms  h_edges=1174976
  NeighborhoodSlab: 586 threads × 2304 KB = 1318 MB
  Batch 24 [14160,14746) done in 294 ms  h_edges=1188204
  DeviceGraph: fwd=1188204 bwd=1188204 edges
  Year 1983 total: 9656 ms  (pop: 506278)

--- Year 1984 (pop: 506278) ---
  Adding 15189 new papers
  DeviceGraph: fwd=1188204 bwd=1188204 edges
  Processing 15189 papers in 25 batches of ~608
  NeighborhoodSlab: 608 threads × 2304 KB = 1368 MB
  Batch 0 [0,608) done in 285 ms  h_edges=1199597
  NeighborhoodSlab: 608 threads × 2304 KB = 1368 MB
  Batch 1 [608,1216) done in 346 ms  h_edges=1210826
  NeighborhoodSlab: 608 threads × 2304 KB = 1368 MB
  Batch 2 [1216,1824) done in 345 ms  h_edges=1223478
  NeighborhoodSlab: 608 threads × 2304 KB = 1368 MB
  Batch 3 [1824,2432) done in 346 ms  h_edges=1234964
  NeighborhoodSlab: 608 threads × 2304 KB = 1368 MB
  Batch 4 [2432,3040) done in 346 ms  h_edges=1246367
  NeighborhoodSlab: 608 threads × 2304 KB = 1368 MB
  Batch 5 [3040,3648) done in 305 ms  h_edges=1258163
  NeighborhoodSlab: 608 threads × 2304 KB = 1368 MB
  Batch 6 [3648,4256) done in 340 ms  h_edges=1269998
  NeighborhoodSlab: 608 threads × 2304 KB = 1368 MB
  Batch 7 [4256,4864) done in 347 ms  h_edges=1282699
  NeighborhoodSlab: 608 threads × 2304 KB = 1368 MB
  Batch 8 [4864,5472) done in 377 ms  h_edges=1294088
  NeighborhoodSlab: 608 threads × 2304 KB = 1368 MB
  Batch 9 [5472,6080) done in 348 ms  h_edges=1306584
  NeighborhoodSlab: 608 threads × 2304 KB = 1368 MB
  Batch 10 [6080,6688) done in 336 ms  h_edges=1319011
  NeighborhoodSlab: 608 threads × 2304 KB = 1368 MB
  Batch 11 [6688,7296) done in 312 ms  h_edges=1330207
  NeighborhoodSlab: 608 threads × 2304 KB = 1368 MB
  Batch 12 [7296,7904) done in 341 ms  h_edges=1341629
  NeighborhoodSlab: 608 threads × 2304 KB = 1368 MB
  Batch 13 [7904,8512) done in 386 ms  h_edges=1352258
  NeighborhoodSlab: 608 threads × 2304 KB = 1368 MB
  Batch 14 [8512,9120) done in 352 ms  h_edges=1363450
  NeighborhoodSlab: 608 threads × 2304 KB = 1368 MB
  Batch 15 [9120,9728) done in 341 ms  h_edges=1374891
  NeighborhoodSlab: 608 threads × 2304 KB = 1368 MB
  Batch 16 [9728,10336) done in 334 ms  h_edges=1387562
  NeighborhoodSlab: 608 threads × 2304 KB = 1368 MB
  Batch 17 [10336,10944) done in 393 ms  h_edges=1399969
  NeighborhoodSlab: 608 threads × 2304 KB = 1368 MB
  Batch 18 [10944,11552) done in 304 ms  h_edges=1412443
  NeighborhoodSlab: 608 threads × 2304 KB = 1368 MB
  Batch 19 [11552,12160) done in 355 ms  h_edges=1425975
  NeighborhoodSlab: 608 threads × 2304 KB = 1368 MB
  Batch 20 [12160,12768) done in 342 ms  h_edges=1437420
  NeighborhoodSlab: 608 threads × 2304 KB = 1368 MB
  Batch 21 [12768,13376) done in 355 ms  h_edges=1449324
  NeighborhoodSlab: 608 threads × 2304 KB = 1368 MB
  Batch 22 [13376,13984) done in 339 ms  h_edges=1462086
  NeighborhoodSlab: 608 threads × 2304 KB = 1368 MB
  Batch 23 [13984,14592) done in 351 ms  h_edges=1473668
  NeighborhoodSlab: 597 threads × 2304 KB = 1343 MB
  Batch 24 [14592,15189) done in 350 ms  h_edges=1485561
  DeviceGraph: fwd=1485561 bwd=1485561 edges
  Year 1984 total: 10991 ms  (pop: 521467)

--- Year 1985 (pop: 521467) ---
  Adding 15645 new papers
  DeviceGraph: fwd=1485561 bwd=1485561 edges
  Processing 15645 papers in 25 batches of ~626
  NeighborhoodSlab: 626 threads × 2304 KB = 1408 MB
  Batch 0 [0,626) done in 392 ms  h_edges=1497863
  NeighborhoodSlab: 626 threads × 2304 KB = 1408 MB
  Batch 1 [626,1252) done in 363 ms  h_edges=1510037
  NeighborhoodSlab: 626 threads × 2304 KB = 1408 MB
  Batch 2 [1252,1878) done in 349 ms  h_edges=1521976
  NeighborhoodSlab: 626 threads × 2304 KB = 1408 MB
  Batch 3 [1878,2504) done in 457 ms  h_edges=1533046
  NeighborhoodSlab: 626 threads × 2304 KB = 1408 MB
  Batch 4 [2504,3130) done in 437 ms  h_edges=1545619
  NeighborhoodSlab: 626 threads × 2304 KB = 1408 MB
  Batch 5 [3130,3756) done in 350 ms  h_edges=1557572
  NeighborhoodSlab: 626 threads × 2304 KB = 1408 MB
  Batch 6 [3756,4382) done in 408 ms  h_edges=1568781
  NeighborhoodSlab: 626 threads × 2304 KB = 1408 MB
  Batch 7 [4382,5008) done in 414 ms  h_edges=1580910
  NeighborhoodSlab: 626 threads × 2304 KB = 1408 MB
  Batch 8 [5008,5634) done in 411 ms  h_edges=1593159
  NeighborhoodSlab: 626 threads × 2304 KB = 1408 MB
  Batch 9 [5634,6260) done in 338 ms  h_edges=1604501
  NeighborhoodSlab: 626 threads × 2304 KB = 1408 MB
  Batch 10 [6260,6886) done in 323 ms  h_edges=1616841
  NeighborhoodSlab: 626 threads × 2304 KB = 1408 MB
  Batch 11 [6886,7512) done in 421 ms  h_edges=1630544
  NeighborhoodSlab: 626 threads × 2304 KB = 1408 MB
  Batch 12 [7512,8138) done in 357 ms  h_edges=1643209
  NeighborhoodSlab: 626 threads × 2304 KB = 1408 MB
  Batch 13 [8138,8764) done in 416 ms  h_edges=1655015
  NeighborhoodSlab: 626 threads × 2304 KB = 1408 MB
  Batch 14 [8764,9390) done in 372 ms  h_edges=1667724
  NeighborhoodSlab: 626 threads × 2304 KB = 1408 MB
  Batch 15 [9390,10016) done in 352 ms  h_edges=1679726
  NeighborhoodSlab: 626 threads × 2304 KB = 1408 MB
  Batch 16 [10016,10642) done in 366 ms  h_edges=1691901
  NeighborhoodSlab: 626 threads × 2304 KB = 1408 MB
  Batch 17 [10642,11268) done in 423 ms  h_edges=1704509
  NeighborhoodSlab: 626 threads × 2304 KB = 1408 MB
  Batch 18 [11268,11894) done in 375 ms  h_edges=1716443
  NeighborhoodSlab: 626 threads × 2304 KB = 1408 MB
  Batch 19 [11894,12520) done in 420 ms  h_edges=1729047
  NeighborhoodSlab: 626 threads × 2304 KB = 1408 MB
  Batch 20 [12520,13146) done in 458 ms  h_edges=1741456
  NeighborhoodSlab: 626 threads × 2304 KB = 1408 MB
  Batch 21 [13146,13772) done in 364 ms  h_edges=1753512
  NeighborhoodSlab: 626 threads × 2304 KB = 1408 MB
  Batch 22 [13772,14398) done in 400 ms  h_edges=1765651
  NeighborhoodSlab: 626 threads × 2304 KB = 1408 MB
  Batch 23 [14398,15024) done in 403 ms  h_edges=1778378
  NeighborhoodSlab: 621 threads × 2304 KB = 1397 MB
  Batch 24 [15024,15645) done in 330 ms  h_edges=1791576
  DeviceGraph: fwd=1791576 bwd=1791576 edges
  Year 1985 total: 12577 ms  (pop: 537112)

--- Year 1986 (pop: 537112) ---
  Adding 16114 new papers
  DeviceGraph: fwd=1791576 bwd=1791576 edges
  Processing 16114 papers in 25 batches of ~645
  NeighborhoodSlab: 645 threads × 2304 KB = 1451 MB
  Batch 0 [0,645) done in 418 ms  h_edges=1803535
  NeighborhoodSlab: 645 threads × 2304 KB = 1451 MB
  Batch 1 [645,1290) done in 407 ms  h_edges=1816170
  NeighborhoodSlab: 645 threads × 2304 KB = 1451 MB
  Batch 2 [1290,1935) done in 462 ms  h_edges=1828300
  NeighborhoodSlab: 645 threads × 2304 KB = 1451 MB
  Batch 3 [1935,2580) done in 399 ms  h_edges=1840662
  NeighborhoodSlab: 645 threads × 2304 KB = 1451 MB
  Batch 4 [2580,3225) done in 463 ms  h_edges=1853895
  NeighborhoodSlab: 645 threads × 2304 KB = 1451 MB
  Batch 5 [3225,3870) done in 499 ms  h_edges=1866551
  NeighborhoodSlab: 645 threads × 2304 KB = 1451 MB
  Batch 6 [3870,4515) done in 370 ms  h_edges=1879626
  NeighborhoodSlab: 645 threads × 2304 KB = 1451 MB
  Batch 7 [4515,5160) done in 366 ms  h_edges=1893749
  NeighborhoodSlab: 645 threads × 2304 KB = 1451 MB
  Batch 8 [5160,5805) done in 381 ms  h_edges=1906570
  NeighborhoodSlab: 645 threads × 2304 KB = 1451 MB
  Batch 9 [5805,6450) done in 375 ms  h_edges=1917934
  NeighborhoodSlab: 645 threads × 2304 KB = 1451 MB
  Batch 10 [6450,7095) done in 373 ms  h_edges=1930047
  NeighborhoodSlab: 645 threads × 2304 KB = 1451 MB
  Batch 11 [7095,7740) done in 410 ms  h_edges=1942202
  NeighborhoodSlab: 645 threads × 2304 KB = 1451 MB
  Batch 12 [7740,8385) done in 365 ms  h_edges=1954751
  NeighborhoodSlab: 645 threads × 2304 KB = 1451 MB
  Batch 13 [8385,9030) done in 427 ms  h_edges=1967397
  NeighborhoodSlab: 645 threads × 2304 KB = 1451 MB
  Batch 14 [9030,9675) done in 383 ms  h_edges=1979416
  NeighborhoodSlab: 645 threads × 2304 KB = 1451 MB
  Batch 15 [9675,10320) done in 392 ms  h_edges=1992196
  NeighborhoodSlab: 645 threads × 2304 KB = 1451 MB
  Batch 16 [10320,10965) done in 396 ms  h_edges=2004710
  NeighborhoodSlab: 645 threads × 2304 KB = 1451 MB
  Batch 17 [10965,11610) done in 460 ms  h_edges=2016316
  NeighborhoodSlab: 645 threads × 2304 KB = 1451 MB
  Batch 18 [11610,12255) done in 373 ms  h_edges=2028673
  NeighborhoodSlab: 645 threads × 2304 KB = 1451 MB
  Batch 19 [12255,12900) done in 364 ms  h_edges=2041265
  NeighborhoodSlab: 645 threads × 2304 KB = 1451 MB
  Batch 20 [12900,13545) done in 398 ms  h_edges=2054486
  NeighborhoodSlab: 645 threads × 2304 KB = 1451 MB
  Batch 21 [13545,14190) done in 427 ms  h_edges=2066191
  NeighborhoodSlab: 645 threads × 2304 KB = 1451 MB
  Batch 22 [14190,14835) done in 386 ms  h_edges=2078558
  NeighborhoodSlab: 645 threads × 2304 KB = 1451 MB
  Batch 23 [14835,15480) done in 443 ms  h_edges=2091210
  NeighborhoodSlab: 634 threads × 2304 KB = 1426 MB
  Batch 24 [15480,16114) done in 422 ms  h_edges=2105307
  DeviceGraph: fwd=2105307 bwd=2105307 edges
  Year 1986 total: 13679 ms  (pop: 553226)

--- Year 1987 (pop: 553226) ---
  Adding 16597 new papers
  DeviceGraph: fwd=2105307 bwd=2105307 edges
  Processing 16597 papers in 25 batches of ~664
  NeighborhoodSlab: 664 threads × 2304 KB = 1494 MB
  Batch 0 [0,664) done in 496 ms  h_edges=2118883
  NeighborhoodSlab: 664 threads × 2304 KB = 1494 MB
  Batch 1 [664,1328) done in 373 ms  h_edges=2131886
  NeighborhoodSlab: 664 threads × 2304 KB = 1494 MB
  Batch 2 [1328,1992) done in 426 ms  h_edges=2143493
  NeighborhoodSlab: 664 threads × 2304 KB = 1494 MB
  Batch 3 [1992,2656) done in 441 ms  h_edges=2156598
  NeighborhoodSlab: 664 threads × 2304 KB = 1494 MB
  Batch 4 [2656,3320) done in 444 ms  h_edges=2170630
  NeighborhoodSlab: 664 threads × 2304 KB = 1494 MB
  Batch 5 [3320,3984) done in 418 ms  h_edges=2183760
  NeighborhoodSlab: 664 threads × 2304 KB = 1494 MB
  Batch 6 [3984,4648) done in 413 ms  h_edges=2196127
  NeighborhoodSlab: 664 threads × 2304 KB = 1494 MB
  Batch 7 [4648,5312) done in 397 ms  h_edges=2208951
  NeighborhoodSlab: 664 threads × 2304 KB = 1494 MB
  Batch 8 [5312,5976) done in 388 ms  h_edges=2220922
  NeighborhoodSlab: 664 threads × 2304 KB = 1494 MB
  Batch 9 [5976,6640) done in 400 ms  h_edges=2233205
  NeighborhoodSlab: 664 threads × 2304 KB = 1494 MB
  Batch 10 [6640,7304) done in 421 ms  h_edges=2246155
  NeighborhoodSlab: 664 threads × 2304 KB = 1494 MB
  Batch 11 [7304,7968) done in 487 ms  h_edges=2260269
  NeighborhoodSlab: 664 threads × 2304 KB = 1494 MB
  Batch 12 [7968,8632) done in 384 ms  h_edges=2274540
  NeighborhoodSlab: 664 threads × 2304 KB = 1494 MB
  Batch 13 [8632,9296) done in 466 ms  h_edges=2288851
  NeighborhoodSlab: 664 threads × 2304 KB = 1494 MB
  Batch 14 [9296,9960) done in 469 ms  h_edges=2302732
  NeighborhoodSlab: 664 threads × 2304 KB = 1494 MB
  Batch 15 [9960,10624) done in 469 ms  h_edges=2315476
  NeighborhoodSlab: 664 threads × 2304 KB = 1494 MB
  Batch 16 [10624,11288) done in 384 ms  h_edges=2328741
  NeighborhoodSlab: 664 threads × 2304 KB = 1494 MB
  Batch 17 [11288,11952) done in 385 ms  h_edges=2341751
  NeighborhoodSlab: 664 threads × 2304 KB = 1494 MB
  Batch 18 [11952,12616) done in 424 ms  h_edges=2354499
  NeighborhoodSlab: 664 threads × 2304 KB = 1494 MB
  Batch 19 [12616,13280) done in 417 ms  h_edges=2368220
  NeighborhoodSlab: 664 threads × 2304 KB = 1494 MB
  Batch 20 [13280,13944) done in 377 ms  h_edges=2381438
  NeighborhoodSlab: 664 threads × 2304 KB = 1494 MB
  Batch 21 [13944,14608) done in 428 ms  h_edges=2394294
  NeighborhoodSlab: 664 threads × 2304 KB = 1494 MB
  Batch 22 [14608,15272) done in 457 ms  h_edges=2407117
  NeighborhoodSlab: 664 threads × 2304 KB = 1494 MB
  Batch 23 [15272,15936) done in 400 ms  h_edges=2419434
  NeighborhoodSlab: 661 threads × 2304 KB = 1487 MB
  Batch 24 [15936,16597) done in 426 ms  h_edges=2432094
  DeviceGraph: fwd=2432094 bwd=2432094 edges
  Year 1987 total: 14577 ms  (pop: 569823)

--- Year 1988 (pop: 569823) ---
  Adding 17095 new papers
  DeviceGraph: fwd=2432094 bwd=2432094 edges
  Processing 17095 papers in 25 batches of ~684
  NeighborhoodSlab: 684 threads × 2304 KB = 1539 MB
  Batch 0 [0,684) done in 433 ms  h_edges=2445203
  NeighborhoodSlab: 684 threads × 2304 KB = 1539 MB
  Batch 1 [684,1368) done in 470 ms  h_edges=2458559
  NeighborhoodSlab: 684 threads × 2304 KB = 1539 MB
  Batch 2 [1368,2052) done in 422 ms  h_edges=2471873
  NeighborhoodSlab: 684 threads × 2304 KB = 1539 MB
  Batch 3 [2052,2736) done in 441 ms  h_edges=2485018
  NeighborhoodSlab: 684 threads × 2304 KB = 1539 MB
  Batch 4 [2736,3420) done in 418 ms  h_edges=2499726
  NeighborhoodSlab: 684 threads × 2304 KB = 1539 MB
  Batch 5 [3420,4104) done in 478 ms  h_edges=2514355
  NeighborhoodSlab: 684 threads × 2304 KB = 1539 MB
  Batch 6 [4104,4788) done in 428 ms  h_edges=2527881
  NeighborhoodSlab: 684 threads × 2304 KB = 1539 MB
  Batch 7 [4788,5472) done in 472 ms  h_edges=2540084
  NeighborhoodSlab: 684 threads × 2304 KB = 1539 MB
  Batch 8 [5472,6156) done in 430 ms  h_edges=2552641
  NeighborhoodSlab: 684 threads × 2304 KB = 1539 MB
  Batch 9 [6156,6840) done in 465 ms  h_edges=2565071
  NeighborhoodSlab: 684 threads × 2304 KB = 1539 MB
  Batch 10 [6840,7524) done in 417 ms  h_edges=2577907
  NeighborhoodSlab: 684 threads × 2304 KB = 1539 MB
  Batch 11 [7524,8208) done in 425 ms  h_edges=2591798
  NeighborhoodSlab: 684 threads × 2304 KB = 1539 MB
  Batch 12 [8208,8892) done in 398 ms  h_edges=2604148
  NeighborhoodSlab: 684 threads × 2304 KB = 1539 MB
  Batch 13 [8892,9576) done in 482 ms  h_edges=2617189
  NeighborhoodSlab: 684 threads × 2304 KB = 1539 MB
  Batch 14 [9576,10260) done in 438 ms  h_edges=2629242
  NeighborhoodSlab: 684 threads × 2304 KB = 1539 MB
  Batch 15 [10260,10944) done in 472 ms  h_edges=2642229
  NeighborhoodSlab: 684 threads × 2304 KB = 1539 MB
  Batch 16 [10944,11628) done in 426 ms  h_edges=2655809
  NeighborhoodSlab: 684 threads × 2304 KB = 1539 MB
  Batch 17 [11628,12312) done in 446 ms  h_edges=2670042
  NeighborhoodSlab: 684 threads × 2304 KB = 1539 MB
  Batch 18 [12312,12996) done in 476 ms  h_edges=2682493
  NeighborhoodSlab: 684 threads × 2304 KB = 1539 MB
  Batch 19 [12996,13680) done in 433 ms  h_edges=2695599
  NeighborhoodSlab: 684 threads × 2304 KB = 1539 MB
  Batch 20 [13680,14364) done in 435 ms  h_edges=2709366
  NeighborhoodSlab: 684 threads × 2304 KB = 1539 MB
  Batch 21 [14364,15048) done in 411 ms  h_edges=2723065
  NeighborhoodSlab: 684 threads × 2304 KB = 1539 MB
  Batch 22 [15048,15732) done in 480 ms  h_edges=2735692
  NeighborhoodSlab: 684 threads × 2304 KB = 1539 MB
  Batch 23 [15732,16416) done in 420 ms  h_edges=2749001
  NeighborhoodSlab: 679 threads × 2304 KB = 1527 MB
  Batch 24 [16416,17095) done in 413 ms  h_edges=2762181
  DeviceGraph: fwd=2762181 bwd=2762181 edges
  Year 1988 total: 15406 ms  (pop: 586918)

--- Year 1989 (pop: 586918) ---
  Adding 17608 new papers
  DeviceGraph: fwd=2762181 bwd=2762181 edges
  Processing 17608 papers in 25 batches of ~705
  NeighborhoodSlab: 705 threads × 2304 KB = 1586 MB
  Batch 0 [0,705) done in 460 ms  h_edges=2776097
  NeighborhoodSlab: 705 threads × 2304 KB = 1586 MB
  Batch 1 [705,1410) done in 436 ms  h_edges=2789331
  NeighborhoodSlab: 705 threads × 2304 KB = 1586 MB
  Batch 2 [1410,2115) done in 499 ms  h_edges=2803240
  NeighborhoodSlab: 705 threads × 2304 KB = 1586 MB
  Batch 3 [2115,2820) done in 467 ms  h_edges=2816519
  NeighborhoodSlab: 705 threads × 2304 KB = 1586 MB
  Batch 4 [2820,3525) done in 495 ms  h_edges=2829627
  NeighborhoodSlab: 705 threads × 2304 KB = 1586 MB
  Batch 5 [3525,4230) done in 485 ms  h_edges=2843153
  NeighborhoodSlab: 705 threads × 2304 KB = 1586 MB
  Batch 6 [4230,4935) done in 391 ms  h_edges=2856151
  NeighborhoodSlab: 705 threads × 2304 KB = 1586 MB
  Batch 7 [4935,5640) done in 452 ms  h_edges=2871028
  NeighborhoodSlab: 705 threads × 2304 KB = 1586 MB
  Batch 8 [5640,6345) done in 474 ms  h_edges=2885190
  NeighborhoodSlab: 705 threads × 2304 KB = 1586 MB
  Batch 9 [6345,7050) done in 469 ms  h_edges=2898812
  NeighborhoodSlab: 705 threads × 2304 KB = 1586 MB
  Batch 10 [7050,7755) done in 510 ms  h_edges=2912733
  NeighborhoodSlab: 705 threads × 2304 KB = 1586 MB
  Batch 11 [7755,8460) done in 468 ms  h_edges=2926966
  NeighborhoodSlab: 705 threads × 2304 KB = 1586 MB
  Batch 12 [8460,9165) done in 546 ms  h_edges=2940223
  NeighborhoodSlab: 705 threads × 2304 KB = 1586 MB
  Batch 13 [9165,9870) done in 474 ms  h_edges=2953316
  NeighborhoodSlab: 705 threads × 2304 KB = 1586 MB
  Batch 14 [9870,10575) done in 479 ms  h_edges=2967362
  NeighborhoodSlab: 705 threads × 2304 KB = 1586 MB
  Batch 15 [10575,11280) done in 440 ms  h_edges=2980985
  NeighborhoodSlab: 705 threads × 2304 KB = 1586 MB
  Batch 16 [11280,11985) done in 446 ms  h_edges=2994862
  NeighborhoodSlab: 705 threads × 2304 KB = 1586 MB
  Batch 17 [11985,12690) done in 488 ms  h_edges=3007912
  NeighborhoodSlab: 705 threads × 2304 KB = 1586 MB
  Batch 18 [12690,13395) done in 482 ms  h_edges=3021698
  NeighborhoodSlab: 705 threads × 2304 KB = 1586 MB
  Batch 19 [13395,14100) done in 424 ms  h_edges=3034509
  NeighborhoodSlab: 705 threads × 2304 KB = 1586 MB
  Batch 20 [14100,14805) done in 493 ms  h_edges=3048001
  NeighborhoodSlab: 705 threads × 2304 KB = 1586 MB
  Batch 21 [14805,15510) done in 400 ms  h_edges=3062217
  NeighborhoodSlab: 705 threads × 2304 KB = 1586 MB
  Batch 22 [15510,16215) done in 523 ms  h_edges=3076337
  NeighborhoodSlab: 705 threads × 2304 KB = 1586 MB
  Batch 23 [16215,16920) done in 452 ms  h_edges=3089129
  NeighborhoodSlab: 688 threads × 2304 KB = 1548 MB
  Batch 24 [16920,17608) done in 473 ms  h_edges=3102726
  DeviceGraph: fwd=3102726 bwd=3102726 edges
  Year 1989 total: 16551 ms  (pop: 604526)

--- Year 1990 (pop: 604526) ---
  Adding 18136 new papers
  DeviceGraph: fwd=3102726 bwd=3102726 edges
  Processing 18136 papers in 25 batches of ~726
  NeighborhoodSlab: 726 threads × 2304 KB = 1633 MB
  Batch 0 [0,726) done in 565 ms  h_edges=3117322
  NeighborhoodSlab: 726 threads × 2304 KB = 1633 MB
  Batch 1 [726,1452) done in 489 ms  h_edges=3131277
  NeighborhoodSlab: 726 threads × 2304 KB = 1633 MB
  Batch 2 [1452,2178) done in 510 ms  h_edges=3144657
  NeighborhoodSlab: 726 threads × 2304 KB = 1633 MB
  Batch 3 [2178,2904) done in 525 ms  h_edges=3158337
  NeighborhoodSlab: 726 threads × 2304 KB = 1633 MB
  Batch 4 [2904,3630) done in 529 ms  h_edges=3173589
  NeighborhoodSlab: 726 threads × 2304 KB = 1633 MB
  Batch 5 [3630,4356) done in 480 ms  h_edges=3189777
  NeighborhoodSlab: 726 threads × 2304 KB = 1633 MB
  Batch 6 [4356,5082) done in 491 ms  h_edges=3203339
  NeighborhoodSlab: 726 threads × 2304 KB = 1633 MB
  Batch 7 [5082,5808) done in 502 ms  h_edges=3216068
  NeighborhoodSlab: 726 threads × 2304 KB = 1633 MB
  Batch 8 [5808,6534) done in 511 ms  h_edges=3229487
  NeighborhoodSlab: 726 threads × 2304 KB = 1633 MB
  Batch 9 [6534,7260) done in 482 ms  h_edges=3243195
  NeighborhoodSlab: 726 threads × 2304 KB = 1633 MB
  Batch 10 [7260,7986) done in 505 ms  h_edges=3257637
  NeighborhoodSlab: 726 threads × 2304 KB = 1633 MB
  Batch 11 [7986,8712) done in 477 ms  h_edges=3270751
  NeighborhoodSlab: 726 threads × 2304 KB = 1633 MB
  Batch 12 [8712,9438) done in 546 ms  h_edges=3283836
  NeighborhoodSlab: 726 threads × 2304 KB = 1633 MB
  Batch 13 [9438,10164) done in 500 ms  h_edges=3297827
  NeighborhoodSlab: 726 threads × 2304 KB = 1633 MB
  Batch 14 [10164,10890) done in 553 ms  h_edges=3313156
  NeighborhoodSlab: 726 threads × 2304 KB = 1633 MB
  Batch 15 [10890,11616) done in 512 ms  h_edges=3326756
  NeighborhoodSlab: 726 threads × 2304 KB = 1633 MB
  Batch 16 [11616,12342) done in 504 ms  h_edges=3340226
  NeighborhoodSlab: 726 threads × 2304 KB = 1633 MB
  Batch 17 [12342,13068) done in 468 ms  h_edges=3353976
  NeighborhoodSlab: 726 threads × 2304 KB = 1633 MB
  Batch 18 [13068,13794) done in 563 ms  h_edges=3368679
  NeighborhoodSlab: 726 threads × 2304 KB = 1633 MB
  Batch 19 [13794,14520) done in 554 ms  h_edges=3383821
  NeighborhoodSlab: 726 threads × 2304 KB = 1633 MB
  Batch 20 [14520,15246) done in 506 ms  h_edges=3398756
  NeighborhoodSlab: 726 threads × 2304 KB = 1633 MB
  Batch 21 [15246,15972) done in 456 ms  h_edges=3414135
  NeighborhoodSlab: 726 threads × 2304 KB = 1633 MB
  Batch 22 [15972,16698) done in 502 ms  h_edges=3429065
  NeighborhoodSlab: 726 threads × 2304 KB = 1633 MB
  Batch 23 [16698,17424) done in 493 ms  h_edges=3442847
  NeighborhoodSlab: 712 threads × 2304 KB = 1602 MB
  Batch 24 [17424,18136) done in 553 ms  h_edges=3457250
  DeviceGraph: fwd=3457250 bwd=3457250 edges
  Year 1990 total: 18169 ms  (pop: 622662)

--- Year 1991 (pop: 622662) ---
  Adding 18680 new papers
  DeviceGraph: fwd=3457250 bwd=3457250 edges
  Processing 18680 papers in 25 batches of ~748
  NeighborhoodSlab: 748 threads × 2304 KB = 1683 MB
  Batch 0 [0,748) done in 492 ms  h_edges=3471282
  NeighborhoodSlab: 748 threads × 2304 KB = 1683 MB
  Batch 1 [748,1496) done in 516 ms  h_edges=3485142
  NeighborhoodSlab: 748 threads × 2304 KB = 1683 MB
  Batch 2 [1496,2244) done in 507 ms  h_edges=3499119
  NeighborhoodSlab: 748 threads × 2304 KB = 1683 MB
  Batch 3 [2244,2992) done in 561 ms  h_edges=3513978
  NeighborhoodSlab: 748 threads × 2304 KB = 1683 MB
  Batch 4 [2992,3740) done in 527 ms  h_edges=3528591
  NeighborhoodSlab: 748 threads × 2304 KB = 1683 MB
  Batch 5 [3740,4488) done in 574 ms  h_edges=3543784
  NeighborhoodSlab: 748 threads × 2304 KB = 1683 MB
  Batch 6 [4488,5236) done in 561 ms  h_edges=3558200
  NeighborhoodSlab: 748 threads × 2304 KB = 1683 MB
  Batch 7 [5236,5984) done in 476 ms  h_edges=3574516
  NeighborhoodSlab: 748 threads × 2304 KB = 1683 MB
  Batch 8 [5984,6732) done in 560 ms  h_edges=3588162
  NeighborhoodSlab: 748 threads × 2304 KB = 1683 MB
  Batch 9 [6732,7480) done in 580 ms  h_edges=3602842
  NeighborhoodSlab: 748 threads × 2304 KB = 1683 MB
  Batch 10 [7480,8228) done in 654 ms  h_edges=3617863
  NeighborhoodSlab: 748 threads × 2304 KB = 1683 MB
  Batch 11 [8228,8976) done in 533 ms  h_edges=3631609
  NeighborhoodSlab: 748 threads × 2304 KB = 1683 MB
  Batch 12 [8976,9724) done in 517 ms  h_edges=3645477
  NeighborhoodSlab: 748 threads × 2304 KB = 1683 MB
  Batch 13 [9724,10472) done in 544 ms  h_edges=3659325
  NeighborhoodSlab: 748 threads × 2304 KB = 1683 MB
  Batch 14 [10472,11220) done in 562 ms  h_edges=3674144
  NeighborhoodSlab: 748 threads × 2304 KB = 1683 MB
  Batch 15 [11220,11968) done in 606 ms  h_edges=3688340
  NeighborhoodSlab: 748 threads × 2304 KB = 1683 MB
  Batch 16 [11968,12716) done in 508 ms  h_edges=3704155
  NeighborhoodSlab: 748 threads × 2304 KB = 1683 MB
  Batch 17 [12716,13464) done in 586 ms  h_edges=3717969
  NeighborhoodSlab: 748 threads × 2304 KB = 1683 MB
  Batch 18 [13464,14212) done in 574 ms  h_edges=3732810
  NeighborhoodSlab: 748 threads × 2304 KB = 1683 MB
  Batch 19 [14212,14960) done in 551 ms  h_edges=3747339
  NeighborhoodSlab: 748 threads × 2304 KB = 1683 MB
  Batch 20 [14960,15708) done in 517 ms  h_edges=3761144
  NeighborhoodSlab: 748 threads × 2304 KB = 1683 MB
  Batch 21 [15708,16456) done in 538 ms  h_edges=3775778
  NeighborhoodSlab: 748 threads × 2304 KB = 1683 MB
  Batch 22 [16456,17204) done in 489 ms  h_edges=3790479
  NeighborhoodSlab: 748 threads × 2304 KB = 1683 MB
  Batch 23 [17204,17952) done in 516 ms  h_edges=3804432
  NeighborhoodSlab: 728 threads × 2304 KB = 1638 MB
  Batch 24 [17952,18680) done in 636 ms  h_edges=3819252
  DeviceGraph: fwd=3819252 bwd=3819252 edges
  Year 1991 total: 19931 ms  (pop: 641342)

--- Year 1992 (pop: 641342) ---
  Adding 19241 new papers
  DeviceGraph: fwd=3819252 bwd=3819252 edges
  Processing 19241 papers in 25 batches of ~770
  NeighborhoodSlab: 770 threads × 2304 KB = 1732 MB
  Batch 0 [0,770) done in 648 ms  h_edges=3835384
  NeighborhoodSlab: 770 threads × 2304 KB = 1732 MB
  Batch 1 [770,1540) done in 604 ms  h_edges=3849585
  NeighborhoodSlab: 770 threads × 2304 KB = 1732 MB
  Batch 2 [1540,2310) done in 578 ms  h_edges=3864720
  NeighborhoodSlab: 770 threads × 2304 KB = 1732 MB
  Batch 3 [2310,3080) done in 559 ms  h_edges=3879342
  NeighborhoodSlab: 770 threads × 2304 KB = 1732 MB
  Batch 4 [3080,3850) done in 731 ms  h_edges=3894919
  NeighborhoodSlab: 770 threads × 2304 KB = 1732 MB
  Batch 5 [3850,4620) done in 560 ms  h_edges=3909660
  NeighborhoodSlab: 770 threads × 2304 KB = 1732 MB
  Batch 6 [4620,5390) done in 544 ms  h_edges=3924214
  NeighborhoodSlab: 770 threads × 2304 KB = 1732 MB
  Batch 7 [5390,6160) done in 579 ms  h_edges=3939338
  NeighborhoodSlab: 770 threads × 2304 KB = 1732 MB
  Batch 8 [6160,6930) done in 591 ms  h_edges=3952565
  NeighborhoodSlab: 770 threads × 2304 KB = 1732 MB
  Batch 9 [6930,7700) done in 516 ms  h_edges=3966704
  NeighborhoodSlab: 770 threads × 2304 KB = 1732 MB
  Batch 10 [7700,8470) done in 505 ms  h_edges=3981378
  NeighborhoodSlab: 770 threads × 2304 KB = 1732 MB
  Batch 11 [8470,9240) done in 595 ms  h_edges=3996234
  NeighborhoodSlab: 770 threads × 2304 KB = 1732 MB
  Batch 12 [9240,10010) done in 545 ms  h_edges=4011188
  NeighborhoodSlab: 770 threads × 2304 KB = 1732 MB
  Batch 13 [10010,10780) done in 584 ms  h_edges=4027396
  NeighborhoodSlab: 770 threads × 2304 KB = 1732 MB
  Batch 14 [10780,11550) done in 603 ms  h_edges=4042737
  NeighborhoodSlab: 770 threads × 2304 KB = 1732 MB
  Batch 15 [11550,12320) done in 486 ms  h_edges=4057822
  NeighborhoodSlab: 770 threads × 2304 KB = 1732 MB
  Batch 16 [12320,13090) done in 572 ms  h_edges=4072844
  NeighborhoodSlab: 770 threads × 2304 KB = 1732 MB
  Batch 17 [13090,13860) done in 682 ms  h_edges=4088652
  NeighborhoodSlab: 770 threads × 2304 KB = 1732 MB
  Batch 18 [13860,14630) done in 600 ms  h_edges=4104144
  NeighborhoodSlab: 770 threads × 2304 KB = 1732 MB
  Batch 19 [14630,15400) done in 519 ms  h_edges=4119581
  NeighborhoodSlab: 770 threads × 2304 KB = 1732 MB
  Batch 20 [15400,16170) done in 557 ms  h_edges=4133877
  NeighborhoodSlab: 770 threads × 2304 KB = 1732 MB
  Batch 21 [16170,16940) done in 575 ms  h_edges=4148508
  NeighborhoodSlab: 770 threads × 2304 KB = 1732 MB
  Batch 22 [16940,17710) done in 655 ms  h_edges=4162908
  NeighborhoodSlab: 770 threads × 2304 KB = 1732 MB
  Batch 23 [17710,18480) done in 614 ms  h_edges=4177398
  NeighborhoodSlab: 761 threads × 2304 KB = 1712 MB
  Batch 24 [18480,19241) done in 514 ms  h_edges=4192183
  DeviceGraph: fwd=4192183 bwd=4192183 edges
  Year 1992 total: 21190 ms  (pop: 660583)

=== Simulation Complete ===
Total: 152 s  Final pop: 660583

=== Exporting Results ===
Edges saved: ./output/10y/mass_cuda-static-output-10y-3p.edgelist (4192183)
Attributes saved: ./output/10y/mass_cuda-static-output-10y-3p.aux (660583 rows)

Done.

real	2m40.263s
user	2m38.122s
sys	0m1.674s
For GROWTH_PERCENT = 6 %, BFS_BATCH_SIZE = 60.
Running growth rate 6% for 10 years.
./output/10y/mass_cuda-static-output-10y-6p.edgelist
./output/10y/mass_cuda-static-output-10y-6p.aux
Citation Network ABM – MASS CUDA
=================================

Out-degree bag: 3980408 entries
Recency probs:  355 entries
BFS batches:    60 per year

=== Initializing Citation ABM ===

Inside parseNodelist...
Populating continuous node mappings (491532 nodes)...
parseNodelist done in 560 ms (491532 nodes)

Inside parseEdgelist...
parseEdgelist done in 158 ms (899050 edges)
Seed max year: 1982  → simulation starts at 1983
Max population: 882264
Seed population: 491532 papers
  DeviceGraph: fwd=899050 bwd=899050 edges
Initialization complete


=== Simulation Start ===

--- Year 1983 (pop: 491532) ---
  Adding 29492 new papers
  DeviceGraph: fwd=899050 bwd=899050 edges
  Processing 29492 papers in 60 batches of ~492
  NeighborhoodSlab: 492 threads × 2304 KB = 1107 MB
  Batch 0 [0,492) done in 287 ms  h_edges=909649
  NeighborhoodSlab: 492 threads × 2304 KB = 1107 MB
  Batch 1 [492,984) done in 323 ms  h_edges=918027
  NeighborhoodSlab: 492 threads × 2304 KB = 1107 MB
  Batch 2 [984,1476) done in 277 ms  h_edges=927962
  NeighborhoodSlab: 492 threads × 2304 KB = 1107 MB
  Batch 3 [1476,1968) done in 314 ms  h_edges=938373
  NeighborhoodSlab: 492 threads × 2304 KB = 1107 MB
  Batch 4 [1968,2460) done in 352 ms  h_edges=947767
  NeighborhoodSlab: 492 threads × 2304 KB = 1107 MB
  Batch 5 [2460,2952) done in 342 ms  h_edges=958010
  NeighborhoodSlab: 492 threads × 2304 KB = 1107 MB
  Batch 6 [2952,3444) done in 322 ms  h_edges=967086
  NeighborhoodSlab: 492 threads × 2304 KB = 1107 MB
  Batch 7 [3444,3936) done in 280 ms  h_edges=976706
  NeighborhoodSlab: 492 threads × 2304 KB = 1107 MB
  Batch 8 [3936,4428) done in 285 ms  h_edges=986652
  NeighborhoodSlab: 492 threads × 2304 KB = 1107 MB
  Batch 9 [4428,4920) done in 335 ms  h_edges=995280
  NeighborhoodSlab: 492 threads × 2304 KB = 1107 MB
  Batch 10 [4920,5412) done in 332 ms  h_edges=1006555
  NeighborhoodSlab: 492 threads × 2304 KB = 1107 MB
  Batch 11 [5412,5904) done in 284 ms  h_edges=1016317
  NeighborhoodSlab: 492 threads × 2304 KB = 1107 MB
  Batch 12 [5904,6396) done in 295 ms  h_edges=1025698
  NeighborhoodSlab: 492 threads × 2304 KB = 1107 MB
  Batch 13 [6396,6888) done in 322 ms  h_edges=1034952
  NeighborhoodSlab: 492 threads × 2304 KB = 1107 MB
  Batch 14 [6888,7380) done in 334 ms  h_edges=1044105
  NeighborhoodSlab: 492 threads × 2304 KB = 1107 MB
  Batch 15 [7380,7872) done in 308 ms  h_edges=1053057
  NeighborhoodSlab: 492 threads × 2304 KB = 1107 MB
  Batch 16 [7872,8364) done in 283 ms  h_edges=1062761
  NeighborhoodSlab: 492 threads × 2304 KB = 1107 MB
  Batch 17 [8364,8856) done in 293 ms  h_edges=1071654
  NeighborhoodSlab: 492 threads × 2304 KB = 1107 MB
  Batch 18 [8856,9348) done in 305 ms  h_edges=1081909
  NeighborhoodSlab: 492 threads × 2304 KB = 1107 MB
  Batch 19 [9348,9840) done in 321 ms  h_edges=1092059
  NeighborhoodSlab: 492 threads × 2304 KB = 1107 MB
  Batch 20 [9840,10332) done in 289 ms  h_edges=1101451
  NeighborhoodSlab: 492 threads × 2304 KB = 1107 MB
  Batch 21 [10332,10824) done in 284 ms  h_edges=1111812
  NeighborhoodSlab: 492 threads × 2304 KB = 1107 MB
  Batch 22 [10824,11316) done in 292 ms  h_edges=1121006
  NeighborhoodSlab: 492 threads × 2304 KB = 1107 MB
  Batch 23 [11316,11808) done in 267 ms  h_edges=1130235
  NeighborhoodSlab: 492 threads × 2304 KB = 1107 MB
  Batch 24 [11808,12300) done in 285 ms  h_edges=1139204
  NeighborhoodSlab: 492 threads × 2304 KB = 1107 MB
  Batch 25 [12300,12792) done in 295 ms  h_edges=1148898
  NeighborhoodSlab: 492 threads × 2304 KB = 1107 MB
  Batch 26 [12792,13284) done in 341 ms  h_edges=1159075
  NeighborhoodSlab: 492 threads × 2304 KB = 1107 MB
  Batch 27 [13284,13776) done in 291 ms  h_edges=1168146
  NeighborhoodSlab: 492 threads × 2304 KB = 1107 MB
  Batch 28 [13776,14268) done in 316 ms  h_edges=1177971
  NeighborhoodSlab: 492 threads × 2304 KB = 1107 MB
  Batch 29 [14268,14760) done in 288 ms  h_edges=1187875
  NeighborhoodSlab: 492 threads × 2304 KB = 1107 MB
  Batch 30 [14760,15252) done in 288 ms  h_edges=1198024
  NeighborhoodSlab: 492 threads × 2304 KB = 1107 MB
  Batch 31 [15252,15744) done in 327 ms  h_edges=1206955
  NeighborhoodSlab: 492 threads × 2304 KB = 1107 MB
  Batch 32 [15744,16236) done in 325 ms  h_edges=1215570
  NeighborhoodSlab: 492 threads × 2304 KB = 1107 MB
  Batch 33 [16236,16728) done in 378 ms  h_edges=1225958
  NeighborhoodSlab: 492 threads × 2304 KB = 1107 MB
  Batch 34 [16728,17220) done in 313 ms  h_edges=1235446
  NeighborhoodSlab: 492 threads × 2304 KB = 1107 MB
  Batch 35 [17220,17712) done in 295 ms  h_edges=1245239
  NeighborhoodSlab: 492 threads × 2304 KB = 1107 MB
  Batch 36 [17712,18204) done in 296 ms  h_edges=1254746
  NeighborhoodSlab: 492 threads × 2304 KB = 1107 MB
  Batch 37 [18204,18696) done in 303 ms  h_edges=1264074
  NeighborhoodSlab: 492 threads × 2304 KB = 1107 MB
  Batch 38 [18696,19188) done in 281 ms  h_edges=1274152
  NeighborhoodSlab: 492 threads × 2304 KB = 1107 MB
  Batch 39 [19188,19680) done in 295 ms  h_edges=1282988
  NeighborhoodSlab: 492 threads × 2304 KB = 1107 MB
  Batch 40 [19680,20172) done in 329 ms  h_edges=1292402
  NeighborhoodSlab: 492 threads × 2304 KB = 1107 MB
  Batch 41 [20172,20664) done in 308 ms  h_edges=1302380
  NeighborhoodSlab: 492 threads × 2304 KB = 1107 MB
  Batch 42 [20664,21156) done in 288 ms  h_edges=1311947
  NeighborhoodSlab: 492 threads × 2304 KB = 1107 MB
  Batch 43 [21156,21648) done in 322 ms  h_edges=1321908
  NeighborhoodSlab: 492 threads × 2304 KB = 1107 MB
  Batch 44 [21648,22140) done in 292 ms  h_edges=1331412
  NeighborhoodSlab: 492 threads × 2304 KB = 1107 MB
  Batch 45 [22140,22632) done in 285 ms  h_edges=1340378
  NeighborhoodSlab: 492 threads × 2304 KB = 1107 MB
  Batch 46 [22632,23124) done in 280 ms  h_edges=1351210
  NeighborhoodSlab: 492 threads × 2304 KB = 1107 MB
  Batch 47 [23124,23616) done in 288 ms  h_edges=1361427
  NeighborhoodSlab: 492 threads × 2304 KB = 1107 MB
  Batch 48 [23616,24108) done in 321 ms  h_edges=1371431
  NeighborhoodSlab: 492 threads × 2304 KB = 1107 MB
  Batch 49 [24108,24600) done in 324 ms  h_edges=1381080
  NeighborhoodSlab: 492 threads × 2304 KB = 1107 MB
  Batch 50 [24600,25092) done in 347 ms  h_edges=1390299
  NeighborhoodSlab: 492 threads × 2304 KB = 1107 MB
  Batch 51 [25092,25584) done in 278 ms  h_edges=1400170
  NeighborhoodSlab: 492 threads × 2304 KB = 1107 MB
  Batch 52 [25584,26076) done in 277 ms  h_edges=1409495
  NeighborhoodSlab: 492 threads × 2304 KB = 1107 MB
  Batch 53 [26076,26568) done in 296 ms  h_edges=1418994
  NeighborhoodSlab: 492 threads × 2304 KB = 1107 MB
  Batch 54 [26568,27060) done in 285 ms  h_edges=1430073
  NeighborhoodSlab: 492 threads × 2304 KB = 1107 MB
  Batch 55 [27060,27552) done in 282 ms  h_edges=1439541
  NeighborhoodSlab: 492 threads × 2304 KB = 1107 MB
  Batch 56 [27552,28044) done in 331 ms  h_edges=1449648
  NeighborhoodSlab: 492 threads × 2304 KB = 1107 MB
  Batch 57 [28044,28536) done in 307 ms  h_edges=1459619
  NeighborhoodSlab: 492 threads × 2304 KB = 1107 MB
  Batch 58 [28536,29028) done in 327 ms  h_edges=1469693
  NeighborhoodSlab: 464 threads × 2304 KB = 1044 MB
  Batch 59 [29028,29492) done in 329 ms  h_edges=1479274
  DeviceGraph: fwd=1479274 bwd=1479274 edges
  Year 1983 total: 20565 ms  (pop: 521024)

--- Year 1984 (pop: 521024) ---
  Adding 31262 new papers
  DeviceGraph: fwd=1479274 bwd=1479274 edges
  Processing 31262 papers in 60 batches of ~522
  NeighborhoodSlab: 522 threads × 2304 KB = 1174 MB
  Batch 0 [0,522) done in 405 ms  h_edges=1489312
  NeighborhoodSlab: 522 threads × 2304 KB = 1174 MB
  Batch 1 [522,1044) done in 361 ms  h_edges=1500297
  NeighborhoodSlab: 522 threads × 2304 KB = 1174 MB
  Batch 2 [1044,1566) done in 443 ms  h_edges=1510290
  NeighborhoodSlab: 522 threads × 2304 KB = 1174 MB
  Batch 3 [1566,2088) done in 360 ms  h_edges=1521558
  NeighborhoodSlab: 522 threads × 2304 KB = 1174 MB
  Batch 4 [2088,2610) done in 340 ms  h_edges=1532279
  NeighborhoodSlab: 522 threads × 2304 KB = 1174 MB
  Batch 5 [2610,3132) done in 366 ms  h_edges=1543016
  NeighborhoodSlab: 522 threads × 2304 KB = 1174 MB
  Batch 6 [3132,3654) done in 343 ms  h_edges=1554225
  NeighborhoodSlab: 522 threads × 2304 KB = 1174 MB
  Batch 7 [3654,4176) done in 363 ms  h_edges=1564541
  NeighborhoodSlab: 522 threads × 2304 KB = 1174 MB
  Batch 8 [4176,4698) done in 356 ms  h_edges=1575319
  NeighborhoodSlab: 522 threads × 2304 KB = 1174 MB
  Batch 9 [4698,5220) done in 357 ms  h_edges=1585369
  NeighborhoodSlab: 522 threads × 2304 KB = 1174 MB
  Batch 10 [5220,5742) done in 353 ms  h_edges=1595483
  NeighborhoodSlab: 522 threads × 2304 KB = 1174 MB
  Batch 11 [5742,6264) done in 359 ms  h_edges=1604600
  NeighborhoodSlab: 522 threads × 2304 KB = 1174 MB
  Batch 12 [6264,6786) done in 370 ms  h_edges=1614426
  NeighborhoodSlab: 522 threads × 2304 KB = 1174 MB
  Batch 13 [6786,7308) done in 359 ms  h_edges=1624312
  NeighborhoodSlab: 522 threads × 2304 KB = 1174 MB
  Batch 14 [7308,7830) done in 348 ms  h_edges=1634443
  NeighborhoodSlab: 522 threads × 2304 KB = 1174 MB
  Batch 15 [7830,8352) done in 399 ms  h_edges=1644450
  NeighborhoodSlab: 522 threads × 2304 KB = 1174 MB
  Batch 16 [8352,8874) done in 389 ms  h_edges=1655261
  NeighborhoodSlab: 522 threads × 2304 KB = 1174 MB
  Batch 17 [8874,9396) done in 404 ms  h_edges=1665053
  NeighborhoodSlab: 522 threads × 2304 KB = 1174 MB
  Batch 18 [9396,9918) done in 303 ms  h_edges=1675571
  NeighborhoodSlab: 522 threads × 2304 KB = 1174 MB
  Batch 19 [9918,10440) done in 358 ms  h_edges=1686676
  NeighborhoodSlab: 522 threads × 2304 KB = 1174 MB
  Batch 20 [10440,10962) done in 351 ms  h_edges=1696648
  NeighborhoodSlab: 522 threads × 2304 KB = 1174 MB
  Batch 21 [10962,11484) done in 345 ms  h_edges=1705926
  NeighborhoodSlab: 522 threads × 2304 KB = 1174 MB
  Batch 22 [11484,12006) done in 359 ms  h_edges=1716922
  NeighborhoodSlab: 522 threads × 2304 KB = 1174 MB
  Batch 23 [12006,12528) done in 386 ms  h_edges=1727075
  NeighborhoodSlab: 522 threads × 2304 KB = 1174 MB
  Batch 24 [12528,13050) done in 448 ms  h_edges=1736897
  NeighborhoodSlab: 522 threads × 2304 KB = 1174 MB
  Batch 25 [13050,13572) done in 350 ms  h_edges=1745961
  NeighborhoodSlab: 522 threads × 2304 KB = 1174 MB
  Batch 26 [13572,14094) done in 359 ms  h_edges=1757257
  NeighborhoodSlab: 522 threads × 2304 KB = 1174 MB
  Batch 27 [14094,14616) done in 350 ms  h_edges=1768442
  NeighborhoodSlab: 522 threads × 2304 KB = 1174 MB
  Batch 28 [14616,15138) done in 359 ms  h_edges=1778008
  NeighborhoodSlab: 522 threads × 2304 KB = 1174 MB
  Batch 29 [15138,15660) done in 347 ms  h_edges=1788567
  NeighborhoodSlab: 522 threads × 2304 KB = 1174 MB
  Batch 30 [15660,16182) done in 399 ms  h_edges=1797948
  NeighborhoodSlab: 522 threads × 2304 KB = 1174 MB
  Batch 31 [16182,16704) done in 352 ms  h_edges=1807865
  NeighborhoodSlab: 522 threads × 2304 KB = 1174 MB
  Batch 32 [16704,17226) done in 321 ms  h_edges=1818964
  NeighborhoodSlab: 522 threads × 2304 KB = 1174 MB
  Batch 33 [17226,17748) done in 319 ms  h_edges=1829645
  NeighborhoodSlab: 522 threads × 2304 KB = 1174 MB
  Batch 34 [17748,18270) done in 353 ms  h_edges=1840429
  NeighborhoodSlab: 522 threads × 2304 KB = 1174 MB
  Batch 35 [18270,18792) done in 319 ms  h_edges=1851026
  NeighborhoodSlab: 522 threads × 2304 KB = 1174 MB
  Batch 36 [18792,19314) done in 347 ms  h_edges=1861468
  NeighborhoodSlab: 522 threads × 2304 KB = 1174 MB
  Batch 37 [19314,19836) done in 359 ms  h_edges=1872429
  NeighborhoodSlab: 522 threads × 2304 KB = 1174 MB
  Batch 38 [19836,20358) done in 350 ms  h_edges=1882365
  NeighborhoodSlab: 522 threads × 2304 KB = 1174 MB
  Batch 39 [20358,20880) done in 347 ms  h_edges=1892060
  NeighborhoodSlab: 522 threads × 2304 KB = 1174 MB
  Batch 40 [20880,21402) done in 346 ms  h_edges=1902948
  NeighborhoodSlab: 522 threads × 2304 KB = 1174 MB
  Batch 41 [21402,21924) done in 351 ms  h_edges=1913390
  NeighborhoodSlab: 522 threads × 2304 KB = 1174 MB
  Batch 42 [21924,22446) done in 353 ms  h_edges=1924652
  NeighborhoodSlab: 522 threads × 2304 KB = 1174 MB
  Batch 43 [22446,22968) done in 368 ms  h_edges=1934612
  NeighborhoodSlab: 522 threads × 2304 KB = 1174 MB
  Batch 44 [22968,23490) done in 446 ms  h_edges=1945358
  NeighborhoodSlab: 522 threads × 2304 KB = 1174 MB
  Batch 45 [23490,24012) done in 356 ms  h_edges=1954537
  NeighborhoodSlab: 522 threads × 2304 KB = 1174 MB
  Batch 46 [24012,24534) done in 393 ms  h_edges=1964837
  NeighborhoodSlab: 522 threads × 2304 KB = 1174 MB
  Batch 47 [24534,25056) done in 362 ms  h_edges=1975333
  NeighborhoodSlab: 522 threads × 2304 KB = 1174 MB
  Batch 48 [25056,25578) done in 357 ms  h_edges=1984914
  NeighborhoodSlab: 522 threads × 2304 KB = 1174 MB
  Batch 49 [25578,26100) done in 364 ms  h_edges=1994784
  NeighborhoodSlab: 522 threads × 2304 KB = 1174 MB
  Batch 50 [26100,26622) done in 396 ms  h_edges=2004183
  NeighborhoodSlab: 522 threads × 2304 KB = 1174 MB
  Batch 51 [26622,27144) done in 355 ms  h_edges=2014996
  NeighborhoodSlab: 522 threads × 2304 KB = 1174 MB
  Batch 52 [27144,27666) done in 393 ms  h_edges=2025410
  NeighborhoodSlab: 522 threads × 2304 KB = 1174 MB
  Batch 53 [27666,28188) done in 349 ms  h_edges=2035497
  NeighborhoodSlab: 522 threads × 2304 KB = 1174 MB
  Batch 54 [28188,28710) done in 359 ms  h_edges=2046796
  NeighborhoodSlab: 522 threads × 2304 KB = 1174 MB
  Batch 55 [28710,29232) done in 400 ms  h_edges=2056817
  NeighborhoodSlab: 522 threads × 2304 KB = 1174 MB
  Batch 56 [29232,29754) done in 363 ms  h_edges=2066488
  NeighborhoodSlab: 522 threads × 2304 KB = 1174 MB
  Batch 57 [29754,30276) done in 431 ms  h_edges=2076597
  NeighborhoodSlab: 522 threads × 2304 KB = 1174 MB
  Batch 58 [30276,30798) done in 363 ms  h_edges=2087231
  NeighborhoodSlab: 464 threads × 2304 KB = 1044 MB
  Batch 59 [30798,31262) done in 338 ms  h_edges=2096470
  DeviceGraph: fwd=2096470 bwd=2096470 edges
  Year 1984 total: 25188 ms  (pop: 552286)

--- Year 1985 (pop: 552286) ---
  Adding 33138 new papers
  DeviceGraph: fwd=2096470 bwd=2096470 edges
  Processing 33138 papers in 60 batches of ~553
  NeighborhoodSlab: 553 threads × 2304 KB = 1244 MB
  Batch 0 [0,553) done in 362 ms  h_edges=2106700
  NeighborhoodSlab: 553 threads × 2304 KB = 1244 MB
  Batch 1 [553,1106) done in 406 ms  h_edges=2117920
  NeighborhoodSlab: 553 threads × 2304 KB = 1244 MB
  Batch 2 [1106,1659) done in 371 ms  h_edges=2129818
  NeighborhoodSlab: 553 threads × 2304 KB = 1244 MB
  Batch 3 [1659,2212) done in 365 ms  h_edges=2140115
  NeighborhoodSlab: 553 threads × 2304 KB = 1244 MB
  Batch 4 [2212,2765) done in 399 ms  h_edges=2150537
  NeighborhoodSlab: 553 threads × 2304 KB = 1244 MB
  Batch 5 [2765,3318) done in 366 ms  h_edges=2160461
  NeighborhoodSlab: 553 threads × 2304 KB = 1244 MB
  Batch 6 [3318,3871) done in 367 ms  h_edges=2171718
  NeighborhoodSlab: 553 threads × 2304 KB = 1244 MB
  Batch 7 [3871,4424) done in 370 ms  h_edges=2182208
  NeighborhoodSlab: 553 threads × 2304 KB = 1244 MB
  Batch 8 [4424,4977) done in 415 ms  h_edges=2193727
  NeighborhoodSlab: 553 threads × 2304 KB = 1244 MB
  Batch 9 [4977,5530) done in 370 ms  h_edges=2205350
  NeighborhoodSlab: 553 threads × 2304 KB = 1244 MB
  Batch 10 [5530,6083) done in 427 ms  h_edges=2216116
  NeighborhoodSlab: 553 threads × 2304 KB = 1244 MB
  Batch 11 [6083,6636) done in 412 ms  h_edges=2227154
  NeighborhoodSlab: 553 threads × 2304 KB = 1244 MB
  Batch 12 [6636,7189) done in 409 ms  h_edges=2238128
  NeighborhoodSlab: 553 threads × 2304 KB = 1244 MB
  Batch 13 [7189,7742) done in 451 ms  h_edges=2247701
  NeighborhoodSlab: 553 threads × 2304 KB = 1244 MB
  Batch 14 [7742,8295) done in 463 ms  h_edges=2258480
  NeighborhoodSlab: 553 threads × 2304 KB = 1244 MB
  Batch 15 [8295,8848) done in 377 ms  h_edges=2269051
  NeighborhoodSlab: 553 threads × 2304 KB = 1244 MB
  Batch 16 [8848,9401) done in 411 ms  h_edges=2280355
  NeighborhoodSlab: 553 threads × 2304 KB = 1244 MB
  Batch 17 [9401,9954) done in 462 ms  h_edges=2291033
  NeighborhoodSlab: 553 threads × 2304 KB = 1244 MB
  Batch 18 [9954,10507) done in 419 ms  h_edges=2302810
  NeighborhoodSlab: 553 threads × 2304 KB = 1244 MB
  Batch 19 [10507,11060) done in 410 ms  h_edges=2313220
  NeighborhoodSlab: 553 threads × 2304 KB = 1244 MB
  Batch 20 [11060,11613) done in 404 ms  h_edges=2322295
  NeighborhoodSlab: 553 threads × 2304 KB = 1244 MB
  Batch 21 [11613,12166) done in 454 ms  h_edges=2332452
  NeighborhoodSlab: 553 threads × 2304 KB = 1244 MB
  Batch 22 [12166,12719) done in 324 ms  h_edges=2344285
  NeighborhoodSlab: 553 threads × 2304 KB = 1244 MB
  Batch 23 [12719,13272) done in 380 ms  h_edges=2354663
  NeighborhoodSlab: 553 threads × 2304 KB = 1244 MB
  Batch 24 [13272,13825) done in 358 ms  h_edges=2365181
  NeighborhoodSlab: 553 threads × 2304 KB = 1244 MB
  Batch 25 [13825,14378) done in 374 ms  h_edges=2375445
  NeighborhoodSlab: 553 threads × 2304 KB = 1244 MB
  Batch 26 [14378,14931) done in 460 ms  h_edges=2386239
  NeighborhoodSlab: 553 threads × 2304 KB = 1244 MB
  Batch 27 [14931,15484) done in 373 ms  h_edges=2398852
  NeighborhoodSlab: 553 threads × 2304 KB = 1244 MB
  Batch 28 [15484,16037) done in 373 ms  h_edges=2408994
  NeighborhoodSlab: 553 threads × 2304 KB = 1244 MB
  Batch 29 [16037,16590) done in 424 ms  h_edges=2419095
  NeighborhoodSlab: 553 threads × 2304 KB = 1244 MB
  Batch 30 [16590,17143) done in 424 ms  h_edges=2429958
  NeighborhoodSlab: 553 threads × 2304 KB = 1244 MB
  Batch 31 [17143,17696) done in 386 ms  h_edges=2441051
  NeighborhoodSlab: 553 threads × 2304 KB = 1244 MB
  Batch 32 [17696,18249) done in 454 ms  h_edges=2451534
  NeighborhoodSlab: 553 threads × 2304 KB = 1244 MB
  Batch 33 [18249,18802) done in 415 ms  h_edges=2462133
  NeighborhoodSlab: 553 threads × 2304 KB = 1244 MB
  Batch 34 [18802,19355) done in 400 ms  h_edges=2471683
  NeighborhoodSlab: 553 threads × 2304 KB = 1244 MB
  Batch 35 [19355,19908) done in 430 ms  h_edges=2482489
  NeighborhoodSlab: 553 threads × 2304 KB = 1244 MB
  Batch 36 [19908,20461) done in 421 ms  h_edges=2492141
  NeighborhoodSlab: 553 threads × 2304 KB = 1244 MB
  Batch 37 [20461,21014) done in 451 ms  h_edges=2503341
  NeighborhoodSlab: 553 threads × 2304 KB = 1244 MB
  Batch 38 [21014,21567) done in 439 ms  h_edges=2514665
  NeighborhoodSlab: 553 threads × 2304 KB = 1244 MB
  Batch 39 [21567,22120) done in 451 ms  h_edges=2525671
  NeighborhoodSlab: 553 threads × 2304 KB = 1244 MB
  Batch 40 [22120,22673) done in 359 ms  h_edges=2536237
  NeighborhoodSlab: 553 threads × 2304 KB = 1244 MB
  Batch 41 [22673,23226) done in 382 ms  h_edges=2547442
  NeighborhoodSlab: 553 threads × 2304 KB = 1244 MB
  Batch 42 [23226,23779) done in 430 ms  h_edges=2558029
  NeighborhoodSlab: 553 threads × 2304 KB = 1244 MB
  Batch 43 [23779,24332) done in 407 ms  h_edges=2569149
  NeighborhoodSlab: 553 threads × 2304 KB = 1244 MB
  Batch 44 [24332,24885) done in 430 ms  h_edges=2579787
  NeighborhoodSlab: 553 threads × 2304 KB = 1244 MB
  Batch 45 [24885,25438) done in 421 ms  h_edges=2590888
  NeighborhoodSlab: 553 threads × 2304 KB = 1244 MB
  Batch 46 [25438,25991) done in 464 ms  h_edges=2601647
  NeighborhoodSlab: 553 threads × 2304 KB = 1244 MB
  Batch 47 [25991,26544) done in 486 ms  h_edges=2611938
  NeighborhoodSlab: 553 threads × 2304 KB = 1244 MB
  Batch 48 [26544,27097) done in 428 ms  h_edges=2622881
  NeighborhoodSlab: 553 threads × 2304 KB = 1244 MB
  Batch 49 [27097,27650) done in 458 ms  h_edges=2634489
  NeighborhoodSlab: 553 threads × 2304 KB = 1244 MB
  Batch 50 [27650,28203) done in 353 ms  h_edges=2645217
  NeighborhoodSlab: 553 threads × 2304 KB = 1244 MB
  Batch 51 [28203,28756) done in 377 ms  h_edges=2657438
  NeighborhoodSlab: 553 threads × 2304 KB = 1244 MB
  Batch 52 [28756,29309) done in 382 ms  h_edges=2669420
  NeighborhoodSlab: 553 threads × 2304 KB = 1244 MB
  Batch 53 [29309,29862) done in 407 ms  h_edges=2679730
  NeighborhoodSlab: 553 threads × 2304 KB = 1244 MB
  Batch 54 [29862,30415) done in 398 ms  h_edges=2691078
  NeighborhoodSlab: 553 threads × 2304 KB = 1244 MB
  Batch 55 [30415,30968) done in 412 ms  h_edges=2701560
  NeighborhoodSlab: 553 threads × 2304 KB = 1244 MB
  Batch 56 [30968,31521) done in 474 ms  h_edges=2711699
  NeighborhoodSlab: 553 threads × 2304 KB = 1244 MB
  Batch 57 [31521,32074) done in 376 ms  h_edges=2722423
  NeighborhoodSlab: 553 threads × 2304 KB = 1244 MB
  Batch 58 [32074,32627) done in 358 ms  h_edges=2734365
  NeighborhoodSlab: 511 threads × 2304 KB = 1149 MB
  Batch 59 [32627,33138) done in 369 ms  h_edges=2744898
  DeviceGraph: fwd=2744898 bwd=2744898 edges
  Year 1985 total: 28532 ms  (pop: 585424)

--- Year 1986 (pop: 585424) ---
  Adding 35126 new papers
  DeviceGraph: fwd=2744898 bwd=2744898 edges
  Processing 35126 papers in 60 batches of ~586
  NeighborhoodSlab: 586 threads × 2304 KB = 1318 MB
  Batch 0 [0,586) done in 468 ms  h_edges=2755618
  NeighborhoodSlab: 586 threads × 2304 KB = 1318 MB
  Batch 1 [586,1172) done in 473 ms  h_edges=2766731
  NeighborhoodSlab: 586 threads × 2304 KB = 1318 MB
  Batch 2 [1172,1758) done in 449 ms  h_edges=2776676
  NeighborhoodSlab: 586 threads × 2304 KB = 1318 MB
  Batch 3 [1758,2344) done in 478 ms  h_edges=2788561
  NeighborhoodSlab: 586 threads × 2304 KB = 1318 MB
  Batch 4 [2344,2930) done in 445 ms  h_edges=2799195
  NeighborhoodSlab: 586 threads × 2304 KB = 1318 MB
  Batch 5 [2930,3516) done in 486 ms  h_edges=2812286
  NeighborhoodSlab: 586 threads × 2304 KB = 1318 MB
  Batch 6 [3516,4102) done in 451 ms  h_edges=2823523
  NeighborhoodSlab: 586 threads × 2304 KB = 1318 MB
  Batch 7 [4102,4688) done in 444 ms  h_edges=2835198
  NeighborhoodSlab: 586 threads × 2304 KB = 1318 MB
  Batch 8 [4688,5274) done in 466 ms  h_edges=2845806
  NeighborhoodSlab: 586 threads × 2304 KB = 1318 MB
  Batch 9 [5274,5860) done in 474 ms  h_edges=2857632
  NeighborhoodSlab: 586 threads × 2304 KB = 1318 MB
  Batch 10 [5860,6446) done in 444 ms  h_edges=2868223
  NeighborhoodSlab: 586 threads × 2304 KB = 1318 MB
  Batch 11 [6446,7032) done in 451 ms  h_edges=2879723
  NeighborhoodSlab: 586 threads × 2304 KB = 1318 MB
  Batch 12 [7032,7618) done in 542 ms  h_edges=2892302
  NeighborhoodSlab: 586 threads × 2304 KB = 1318 MB
  Batch 13 [7618,8204) done in 420 ms  h_edges=2903839
  NeighborhoodSlab: 586 threads × 2304 KB = 1318 MB
  Batch 14 [8204,8790) done in 528 ms  h_edges=2915914
  NeighborhoodSlab: 586 threads × 2304 KB = 1318 MB
  Batch 15 [8790,9376) done in 524 ms  h_edges=2927981
  NeighborhoodSlab: 586 threads × 2304 KB = 1318 MB
  Batch 16 [9376,9962) done in 463 ms  h_edges=2938880
  NeighborhoodSlab: 586 threads × 2304 KB = 1318 MB
  Batch 17 [9962,10548) done in 417 ms  h_edges=2950381
  NeighborhoodSlab: 586 threads × 2304 KB = 1318 MB
  Batch 18 [10548,11134) done in 491 ms  h_edges=2961579
  NeighborhoodSlab: 586 threads × 2304 KB = 1318 MB
  Batch 19 [11134,11720) done in 435 ms  h_edges=2972651
  NeighborhoodSlab: 586 threads × 2304 KB = 1318 MB
  Batch 20 [11720,12306) done in 400 ms  h_edges=2983943
  NeighborhoodSlab: 586 threads × 2304 KB = 1318 MB
  Batch 21 [12306,12892) done in 499 ms  h_edges=2995096
  NeighborhoodSlab: 586 threads × 2304 KB = 1318 MB
  Batch 22 [12892,13478) done in 474 ms  h_edges=3006946
  NeighborhoodSlab: 586 threads × 2304 KB = 1318 MB
  Batch 23 [13478,14064) done in 423 ms  h_edges=3018416
  NeighborhoodSlab: 586 threads × 2304 KB = 1318 MB
  Batch 24 [14064,14650) done in 456 ms  h_edges=3029616
  NeighborhoodSlab: 586 threads × 2304 KB = 1318 MB
  Batch 25 [14650,15236) done in 403 ms  h_edges=3040861
  NeighborhoodSlab: 586 threads × 2304 KB = 1318 MB
  Batch 26 [15236,15822) done in 424 ms  h_edges=3052358
  NeighborhoodSlab: 586 threads × 2304 KB = 1318 MB
  Batch 27 [15822,16408) done in 439 ms  h_edges=3064031
  NeighborhoodSlab: 586 threads × 2304 KB = 1318 MB
  Batch 28 [16408,16994) done in 435 ms  h_edges=3074564
  NeighborhoodSlab: 586 threads × 2304 KB = 1318 MB
  Batch 29 [16994,17580) done in 435 ms  h_edges=3085046
  NeighborhoodSlab: 586 threads × 2304 KB = 1318 MB
  Batch 30 [17580,18166) done in 476 ms  h_edges=3095753
  NeighborhoodSlab: 586 threads × 2304 KB = 1318 MB
  Batch 31 [18166,18752) done in 464 ms  h_edges=3107254
  NeighborhoodSlab: 586 threads × 2304 KB = 1318 MB
  Batch 32 [18752,19338) done in 474 ms  h_edges=3118506
  NeighborhoodSlab: 586 threads × 2304 KB = 1318 MB
  Batch 33 [19338,19924) done in 418 ms  h_edges=3130323
  NeighborhoodSlab: 586 threads × 2304 KB = 1318 MB
  Batch 34 [19924,20510) done in 443 ms  h_edges=3141576
  NeighborhoodSlab: 586 threads × 2304 KB = 1318 MB
  Batch 35 [20510,21096) done in 467 ms  h_edges=3153286
  NeighborhoodSlab: 586 threads × 2304 KB = 1318 MB
  Batch 36 [21096,21682) done in 396 ms  h_edges=3164994
  NeighborhoodSlab: 586 threads × 2304 KB = 1318 MB
  Batch 37 [21682,22268) done in 419 ms  h_edges=3176221
  NeighborhoodSlab: 586 threads × 2304 KB = 1318 MB
  Batch 38 [22268,22854) done in 446 ms  h_edges=3187716
  NeighborhoodSlab: 586 threads × 2304 KB = 1318 MB
  Batch 39 [22854,23440) done in 454 ms  h_edges=3199495
  NeighborhoodSlab: 586 threads × 2304 KB = 1318 MB
  Batch 40 [23440,24026) done in 480 ms  h_edges=3211482
  NeighborhoodSlab: 586 threads × 2304 KB = 1318 MB
  Batch 41 [24026,24612) done in 491 ms  h_edges=3221549
  NeighborhoodSlab: 586 threads × 2304 KB = 1318 MB
  Batch 42 [24612,25198) done in 512 ms  h_edges=3234036
  NeighborhoodSlab: 586 threads × 2304 KB = 1318 MB
  Batch 43 [25198,25784) done in 437 ms  h_edges=3246120
  NeighborhoodSlab: 586 threads × 2304 KB = 1318 MB
  Batch 44 [25784,26370) done in 430 ms  h_edges=3256969
  NeighborhoodSlab: 586 threads × 2304 KB = 1318 MB
  Batch 45 [26370,26956) done in 427 ms  h_edges=3268771
  NeighborhoodSlab: 586 threads × 2304 KB = 1318 MB
  Batch 46 [26956,27542) done in 390 ms  h_edges=3279606
  NeighborhoodSlab: 586 threads × 2304 KB = 1318 MB
  Batch 47 [27542,28128) done in 523 ms  h_edges=3291942
  NeighborhoodSlab: 586 threads × 2304 KB = 1318 MB
  Batch 48 [28128,28714) done in 479 ms  h_edges=3302735
  NeighborhoodSlab: 586 threads × 2304 KB = 1318 MB
  Batch 49 [28714,29300) done in 431 ms  h_edges=3314651
  NeighborhoodSlab: 586 threads × 2304 KB = 1318 MB
  Batch 50 [29300,29886) done in 481 ms  h_edges=3325900
  NeighborhoodSlab: 586 threads × 2304 KB = 1318 MB
  Batch 51 [29886,30472) done in 427 ms  h_edges=3337453
  NeighborhoodSlab: 586 threads × 2304 KB = 1318 MB
  Batch 52 [30472,31058) done in 476 ms  h_edges=3349043
  NeighborhoodSlab: 586 threads × 2304 KB = 1318 MB
  Batch 53 [31058,31644) done in 463 ms  h_edges=3360523
  NeighborhoodSlab: 586 threads × 2304 KB = 1318 MB
  Batch 54 [31644,32230) done in 546 ms  h_edges=3371481
  NeighborhoodSlab: 586 threads × 2304 KB = 1318 MB
  Batch 55 [32230,32816) done in 450 ms  h_edges=3382749
  NeighborhoodSlab: 586 threads × 2304 KB = 1318 MB
  Batch 56 [32816,33402) done in 416 ms  h_edges=3393254
  NeighborhoodSlab: 586 threads × 2304 KB = 1318 MB
  Batch 57 [33402,33988) done in 467 ms  h_edges=3405621
  NeighborhoodSlab: 586 threads × 2304 KB = 1318 MB
  Batch 58 [33988,34574) done in 439 ms  h_edges=3416648
  NeighborhoodSlab: 552 threads × 2304 KB = 1242 MB
  Batch 59 [34574,35126) done in 482 ms  h_edges=3426706
  DeviceGraph: fwd=3426706 bwd=3426706 edges
  Year 1986 total: 32618 ms  (pop: 620550)

--- Year 1987 (pop: 620550) ---
  Adding 37233 new papers
  DeviceGraph: fwd=3426706 bwd=3426706 edges
  Processing 37233 papers in 60 batches of ~621
  NeighborhoodSlab: 621 threads × 2304 KB = 1397 MB
  Batch 0 [0,621) done in 639 ms  h_edges=3438174
  NeighborhoodSlab: 621 threads × 2304 KB = 1397 MB
  Batch 1 [621,1242) done in 540 ms  h_edges=3450307
  NeighborhoodSlab: 621 threads × 2304 KB = 1397 MB
  Batch 2 [1242,1863) done in 519 ms  h_edges=3461246
  NeighborhoodSlab: 621 threads × 2304 KB = 1397 MB
  Batch 3 [1863,2484) done in 505 ms  h_edges=3474481
  NeighborhoodSlab: 621 threads × 2304 KB = 1397 MB
  Batch 4 [2484,3105) done in 520 ms  h_edges=3487372
  NeighborhoodSlab: 621 threads × 2304 KB = 1397 MB
  Batch 5 [3105,3726) done in 520 ms  h_edges=3498894
  NeighborhoodSlab: 621 threads × 2304 KB = 1397 MB
  Batch 6 [3726,4347) done in 583 ms  h_edges=3510540
  NeighborhoodSlab: 621 threads × 2304 KB = 1397 MB
  Batch 7 [4347,4968) done in 574 ms  h_edges=3522045
  NeighborhoodSlab: 621 threads × 2304 KB = 1397 MB
  Batch 8 [4968,5589) done in 492 ms  h_edges=3535592
  NeighborhoodSlab: 621 threads × 2304 KB = 1397 MB
  Batch 9 [5589,6210) done in 496 ms  h_edges=3547857
  NeighborhoodSlab: 621 threads × 2304 KB = 1397 MB
  Batch 10 [6210,6831) done in 496 ms  h_edges=3560304
  NeighborhoodSlab: 621 threads × 2304 KB = 1397 MB
  Batch 11 [6831,7452) done in 526 ms  h_edges=3571255
  NeighborhoodSlab: 621 threads × 2304 KB = 1397 MB
  Batch 12 [7452,8073) done in 560 ms  h_edges=3584048
  NeighborhoodSlab: 621 threads × 2304 KB = 1397 MB
  Batch 13 [8073,8694) done in 500 ms  h_edges=3595370
  NeighborhoodSlab: 621 threads × 2304 KB = 1397 MB
  Batch 14 [8694,9315) done in 511 ms  h_edges=3607525
  NeighborhoodSlab: 621 threads × 2304 KB = 1397 MB
  Batch 15 [9315,9936) done in 527 ms  h_edges=3619709
  NeighborhoodSlab: 621 threads × 2304 KB = 1397 MB
  Batch 16 [9936,10557) done in 487 ms  h_edges=3631474
  NeighborhoodSlab: 621 threads × 2304 KB = 1397 MB
  Batch 17 [10557,11178) done in 489 ms  h_edges=3643037
  NeighborhoodSlab: 621 threads × 2304 KB = 1397 MB
  Batch 18 [11178,11799) done in 525 ms  h_edges=3655961
  NeighborhoodSlab: 621 threads × 2304 KB = 1397 MB
  Batch 19 [11799,12420) done in 488 ms  h_edges=3668041
  NeighborhoodSlab: 621 threads × 2304 KB = 1397 MB
  Batch 20 [12420,13041) done in 538 ms  h_edges=3680109
  NeighborhoodSlab: 621 threads × 2304 KB = 1397 MB
  Batch 21 [13041,13662) done in 443 ms  h_edges=3692205
  NeighborhoodSlab: 621 threads × 2304 KB = 1397 MB
  Batch 22 [13662,14283) done in 517 ms  h_edges=3704322
  NeighborhoodSlab: 621 threads × 2304 KB = 1397 MB
  Batch 23 [14283,14904) done in 505 ms  h_edges=3716444
  NeighborhoodSlab: 621 threads × 2304 KB = 1397 MB
  Batch 24 [14904,15525) done in 495 ms  h_edges=3728310
  NeighborhoodSlab: 621 threads × 2304 KB = 1397 MB
  Batch 25 [15525,16146) done in 506 ms  h_edges=3740979
  NeighborhoodSlab: 621 threads × 2304 KB = 1397 MB
  Batch 26 [16146,16767) done in 592 ms  h_edges=3752295
  NeighborhoodSlab: 621 threads × 2304 KB = 1397 MB
  Batch 27 [16767,17388) done in 534 ms  h_edges=3764071
  NeighborhoodSlab: 621 threads × 2304 KB = 1397 MB
  Batch 28 [17388,18009) done in 487 ms  h_edges=3776148
  NeighborhoodSlab: 621 threads × 2304 KB = 1397 MB
  Batch 29 [18009,18630) done in 490 ms  h_edges=3787478
  NeighborhoodSlab: 621 threads × 2304 KB = 1397 MB
  Batch 30 [18630,19251) done in 446 ms  h_edges=3799285
  NeighborhoodSlab: 621 threads × 2304 KB = 1397 MB
  Batch 31 [19251,19872) done in 542 ms  h_edges=3810208
  NeighborhoodSlab: 621 threads × 2304 KB = 1397 MB
  Batch 32 [19872,20493) done in 501 ms  h_edges=3822543
  NeighborhoodSlab: 621 threads × 2304 KB = 1397 MB
  Batch 33 [20493,21114) done in 491 ms  h_edges=3834492
  NeighborhoodSlab: 621 threads × 2304 KB = 1397 MB
  Batch 34 [21114,21735) done in 482 ms  h_edges=3845730
  NeighborhoodSlab: 621 threads × 2304 KB = 1397 MB
  Batch 35 [21735,22356) done in 578 ms  h_edges=3859732
  NeighborhoodSlab: 621 threads × 2304 KB = 1397 MB
  Batch 36 [22356,22977) done in 515 ms  h_edges=3871531
  NeighborhoodSlab: 621 threads × 2304 KB = 1397 MB
  Batch 37 [22977,23598) done in 494 ms  h_edges=3884883
  NeighborhoodSlab: 621 threads × 2304 KB = 1397 MB
  Batch 38 [23598,24219) done in 474 ms  h_edges=3896914
  NeighborhoodSlab: 621 threads × 2304 KB = 1397 MB
  Batch 39 [24219,24840) done in 451 ms  h_edges=3909709
  NeighborhoodSlab: 621 threads × 2304 KB = 1397 MB
  Batch 40 [24840,25461) done in 560 ms  h_edges=3921300
  NeighborhoodSlab: 621 threads × 2304 KB = 1397 MB
  Batch 41 [25461,26082) done in 472 ms  h_edges=3933662
  NeighborhoodSlab: 621 threads × 2304 KB = 1397 MB
  Batch 42 [26082,26703) done in 460 ms  h_edges=3946268
  NeighborhoodSlab: 621 threads × 2304 KB = 1397 MB
  Batch 43 [26703,27324) done in 495 ms  h_edges=3958286
  NeighborhoodSlab: 621 threads × 2304 KB = 1397 MB
  Batch 44 [27324,27945) done in 539 ms  h_edges=3969901
  NeighborhoodSlab: 621 threads × 2304 KB = 1397 MB
  Batch 45 [27945,28566) done in 533 ms  h_edges=3981436
  NeighborhoodSlab: 621 threads × 2304 KB = 1397 MB
  Batch 46 [28566,29187) done in 545 ms  h_edges=3993605
  NeighborhoodSlab: 621 threads × 2304 KB = 1397 MB
  Batch 47 [29187,29808) done in 547 ms  h_edges=4006216
  NeighborhoodSlab: 621 threads × 2304 KB = 1397 MB
  Batch 48 [29808,30429) done in 545 ms  h_edges=4018253
  NeighborhoodSlab: 621 threads × 2304 KB = 1397 MB
  Batch 49 [30429,31050) done in 561 ms  h_edges=4029836
  NeighborhoodSlab: 621 threads × 2304 KB = 1397 MB
  Batch 50 [31050,31671) done in 550 ms  h_edges=4042632
  NeighborhoodSlab: 621 threads × 2304 KB = 1397 MB
  Batch 51 [31671,32292) done in 498 ms  h_edges=4054028
  NeighborhoodSlab: 621 threads × 2304 KB = 1397 MB
  Batch 52 [32292,32913) done in 437 ms  h_edges=4066011
  NeighborhoodSlab: 621 threads × 2304 KB = 1397 MB
  Batch 53 [32913,33534) done in 506 ms  h_edges=4078674
  NeighborhoodSlab: 621 threads × 2304 KB = 1397 MB
  Batch 54 [33534,34155) done in 521 ms  h_edges=4091216
  NeighborhoodSlab: 621 threads × 2304 KB = 1397 MB
  Batch 55 [34155,34776) done in 448 ms  h_edges=4102905
  NeighborhoodSlab: 621 threads × 2304 KB = 1397 MB
  Batch 56 [34776,35397) done in 588 ms  h_edges=4114738
  NeighborhoodSlab: 621 threads × 2304 KB = 1397 MB
  Batch 57 [35397,36018) done in 572 ms  h_edges=4125356
  NeighborhoodSlab: 621 threads × 2304 KB = 1397 MB
  Batch 58 [36018,36639) done in 556 ms  h_edges=4136990
  NeighborhoodSlab: 594 threads × 2304 KB = 1336 MB
  Batch 59 [36639,37233) done in 487 ms  h_edges=4148249
  DeviceGraph: fwd=4148249 bwd=4148249 edges
  Year 1987 total: 37365 ms  (pop: 657783)

--- Year 1988 (pop: 657783) ---
  Adding 39467 new papers
  DeviceGraph: fwd=4148249 bwd=4148249 edges
  Processing 39467 papers in 60 batches of ~658
  NeighborhoodSlab: 658 threads × 2304 KB = 1480 MB
  Batch 0 [0,658) done in 560 ms  h_edges=4160449
  NeighborhoodSlab: 658 threads × 2304 KB = 1480 MB
  Batch 1 [658,1316) done in 629 ms  h_edges=4172322
  NeighborhoodSlab: 658 threads × 2304 KB = 1480 MB
  Batch 2 [1316,1974) done in 579 ms  h_edges=4185059
  NeighborhoodSlab: 658 threads × 2304 KB = 1480 MB
  Batch 3 [1974,2632) done in 539 ms  h_edges=4197786
  NeighborhoodSlab: 658 threads × 2304 KB = 1480 MB
  Batch 4 [2632,3290) done in 528 ms  h_edges=4211221
  NeighborhoodSlab: 658 threads × 2304 KB = 1480 MB
  Batch 5 [3290,3948) done in 563 ms  h_edges=4223643
  NeighborhoodSlab: 658 threads × 2304 KB = 1480 MB
  Batch 6 [3948,4606) done in 649 ms  h_edges=4235112
  NeighborhoodSlab: 658 threads × 2304 KB = 1480 MB
  Batch 7 [4606,5264) done in 631 ms  h_edges=4247824
  NeighborhoodSlab: 658 threads × 2304 KB = 1480 MB
  Batch 8 [5264,5922) done in 537 ms  h_edges=4259916
  NeighborhoodSlab: 658 threads × 2304 KB = 1480 MB
  Batch 9 [5922,6580) done in 625 ms  h_edges=4272882
  NeighborhoodSlab: 658 threads × 2304 KB = 1480 MB
  Batch 10 [6580,7238) done in 564 ms  h_edges=4285639
  NeighborhoodSlab: 658 threads × 2304 KB = 1480 MB
  Batch 11 [7238,7896) done in 536 ms  h_edges=4298474
  NeighborhoodSlab: 658 threads × 2304 KB = 1480 MB
  Batch 12 [7896,8554) done in 602 ms  h_edges=4312600
  NeighborhoodSlab: 658 threads × 2304 KB = 1480 MB
  Batch 13 [8554,9212) done in 580 ms  h_edges=4324643
  NeighborhoodSlab: 658 threads × 2304 KB = 1480 MB
  Batch 14 [9212,9870) done in 515 ms  h_edges=4336625
  NeighborhoodSlab: 658 threads × 2304 KB = 1480 MB
  Batch 15 [9870,10528) done in 629 ms  h_edges=4349798
  NeighborhoodSlab: 658 threads × 2304 KB = 1480 MB
  Batch 16 [10528,11186) done in 572 ms  h_edges=4363052
  NeighborhoodSlab: 658 threads × 2304 KB = 1480 MB
  Batch 17 [11186,11844) done in 576 ms  h_edges=4375751
  NeighborhoodSlab: 658 threads × 2304 KB = 1480 MB
  Batch 18 [11844,12502) done in 553 ms  h_edges=4388588
  NeighborhoodSlab: 658 threads × 2304 KB = 1480 MB
  Batch 19 [12502,13160) done in 559 ms  h_edges=4400511
  NeighborhoodSlab: 658 threads × 2304 KB = 1480 MB
  Batch 20 [13160,13818) done in 609 ms  h_edges=4411967
  NeighborhoodSlab: 658 threads × 2304 KB = 1480 MB
  Batch 21 [13818,14476) done in 614 ms  h_edges=4424782
  NeighborhoodSlab: 658 threads × 2304 KB = 1480 MB
  Batch 22 [14476,15134) done in 586 ms  h_edges=4437575
  NeighborhoodSlab: 658 threads × 2304 KB = 1480 MB
  Batch 23 [15134,15792) done in 576 ms  h_edges=4450627
  NeighborhoodSlab: 658 threads × 2304 KB = 1480 MB
  Batch 24 [15792,16450) done in 570 ms  h_edges=4464639
  NeighborhoodSlab: 658 threads × 2304 KB = 1480 MB
  Batch 25 [16450,17108) done in 662 ms  h_edges=4477222
  NeighborhoodSlab: 658 threads × 2304 KB = 1480 MB
  Batch 26 [17108,17766) done in 567 ms  h_edges=4490311
  NeighborhoodSlab: 658 threads × 2304 KB = 1480 MB
  Batch 27 [17766,18424) done in 600 ms  h_edges=4502305
  NeighborhoodSlab: 658 threads × 2304 KB = 1480 MB
  Batch 28 [18424,19082) done in 647 ms  h_edges=4513947
  NeighborhoodSlab: 658 threads × 2304 KB = 1480 MB
  Batch 29 [19082,19740) done in 563 ms  h_edges=4526471
  NeighborhoodSlab: 658 threads × 2304 KB = 1480 MB
  Batch 30 [19740,20398) done in 679 ms  h_edges=4538804
  NeighborhoodSlab: 658 threads × 2304 KB = 1480 MB
  Batch 31 [20398,21056) done in 580 ms  h_edges=4551837
  NeighborhoodSlab: 658 threads × 2304 KB = 1480 MB
  Batch 32 [21056,21714) done in 585 ms  h_edges=4564200
  NeighborhoodSlab: 658 threads × 2304 KB = 1480 MB
  Batch 33 [21714,22372) done in 460 ms  h_edges=4577552
  NeighborhoodSlab: 658 threads × 2304 KB = 1480 MB
  Batch 34 [22372,23030) done in 536 ms  h_edges=4591189
  NeighborhoodSlab: 658 threads × 2304 KB = 1480 MB
  Batch 35 [23030,23688) done in 550 ms  h_edges=4603985
  NeighborhoodSlab: 658 threads × 2304 KB = 1480 MB
  Batch 36 [23688,24346) done in 636 ms  h_edges=4617432
  NeighborhoodSlab: 658 threads × 2304 KB = 1480 MB
  Batch 37 [24346,25004) done in 559 ms  h_edges=4629981
  NeighborhoodSlab: 658 threads × 2304 KB = 1480 MB
  Batch 38 [25004,25662) done in 582 ms  h_edges=4642732
  NeighborhoodSlab: 658 threads × 2304 KB = 1480 MB
  Batch 39 [25662,26320) done in 642 ms  h_edges=4655008
  NeighborhoodSlab: 658 threads × 2304 KB = 1480 MB
  Batch 40 [26320,26978) done in 624 ms  h_edges=4667855
  NeighborhoodSlab: 658 threads × 2304 KB = 1480 MB
  Batch 41 [26978,27636) done in 587 ms  h_edges=4680581
  NeighborhoodSlab: 658 threads × 2304 KB = 1480 MB
  Batch 42 [27636,28294) done in 559 ms  h_edges=4693084
  NeighborhoodSlab: 658 threads × 2304 KB = 1480 MB
  Batch 43 [28294,28952) done in 595 ms  h_edges=4706067
  NeighborhoodSlab: 658 threads × 2304 KB = 1480 MB
  Batch 44 [28952,29610) done in 608 ms  h_edges=4718904
  NeighborhoodSlab: 658 threads × 2304 KB = 1480 MB
  Batch 45 [29610,30268) done in 586 ms  h_edges=4732346
  NeighborhoodSlab: 658 threads × 2304 KB = 1480 MB
  Batch 46 [30268,30926) done in 512 ms  h_edges=4744993
  NeighborhoodSlab: 658 threads × 2304 KB = 1480 MB
  Batch 47 [30926,31584) done in 621 ms  h_edges=4758376
  NeighborhoodSlab: 658 threads × 2304 KB = 1480 MB
  Batch 48 [31584,32242) done in 619 ms  h_edges=4770424
  NeighborhoodSlab: 658 threads × 2304 KB = 1480 MB
  Batch 49 [32242,32900) done in 556 ms  h_edges=4782841
  NeighborhoodSlab: 658 threads × 2304 KB = 1480 MB
  Batch 50 [32900,33558) done in 643 ms  h_edges=4795948
  NeighborhoodSlab: 658 threads × 2304 KB = 1480 MB
  Batch 51 [33558,34216) done in 565 ms  h_edges=4809568
  NeighborhoodSlab: 658 threads × 2304 KB = 1480 MB
  Batch 52 [34216,34874) done in 591 ms  h_edges=4821725
  NeighborhoodSlab: 658 threads × 2304 KB = 1480 MB
  Batch 53 [34874,35532) done in 610 ms  h_edges=4834880
  NeighborhoodSlab: 658 threads × 2304 KB = 1480 MB
  Batch 54 [35532,36190) done in 594 ms  h_edges=4847380
  NeighborhoodSlab: 658 threads × 2304 KB = 1480 MB
  Batch 55 [36190,36848) done in 562 ms  h_edges=4859713
  NeighborhoodSlab: 658 threads × 2304 KB = 1480 MB
  Batch 56 [36848,37506) done in 530 ms  h_edges=4872112
  NeighborhoodSlab: 658 threads × 2304 KB = 1480 MB
  Batch 57 [37506,38164) done in 531 ms  h_edges=4883999
  NeighborhoodSlab: 658 threads × 2304 KB = 1480 MB
  Batch 58 [38164,38822) done in 578 ms  h_edges=4896580
  NeighborhoodSlab: 645 threads × 2304 KB = 1451 MB
  Batch 59 [38822,39467) done in 550 ms  h_edges=4908514
  DeviceGraph: fwd=4908514 bwd=4908514 edges
  Year 1988 total: 42579 ms  (pop: 697250)

--- Year 1989 (pop: 697250) ---
  Adding 41835 new papers
  DeviceGraph: fwd=4908514 bwd=4908514 edges
  Processing 41835 papers in 60 batches of ~698
  NeighborhoodSlab: 698 threads × 2304 KB = 1570 MB
  Batch 0 [0,698) done in 646 ms  h_edges=4922312
  NeighborhoodSlab: 698 threads × 2304 KB = 1570 MB
  Batch 1 [698,1396) done in 627 ms  h_edges=4935627
  NeighborhoodSlab: 698 threads × 2304 KB = 1570 MB
  Batch 2 [1396,2094) done in 654 ms  h_edges=4949599
  NeighborhoodSlab: 698 threads × 2304 KB = 1570 MB
  Batch 3 [2094,2792) done in 810 ms  h_edges=4963739
  NeighborhoodSlab: 698 threads × 2304 KB = 1570 MB
  Batch 4 [2792,3490) done in 648 ms  h_edges=4978179
  NeighborhoodSlab: 698 threads × 2304 KB = 1570 MB
  Batch 5 [3490,4188) done in 603 ms  h_edges=4991274
  NeighborhoodSlab: 698 threads × 2304 KB = 1570 MB
  Batch 6 [4188,4886) done in 620 ms  h_edges=5004214
  NeighborhoodSlab: 698 threads × 2304 KB = 1570 MB
  Batch 7 [4886,5584) done in 562 ms  h_edges=5017821
  NeighborhoodSlab: 698 threads × 2304 KB = 1570 MB
  Batch 8 [5584,6282) done in 686 ms  h_edges=5031438
  NeighborhoodSlab: 698 threads × 2304 KB = 1570 MB
  Batch 9 [6282,6980) done in 663 ms  h_edges=5044430
  NeighborhoodSlab: 698 threads × 2304 KB = 1570 MB
  Batch 10 [6980,7678) done in 612 ms  h_edges=5057169
  NeighborhoodSlab: 698 threads × 2304 KB = 1570 MB
  Batch 11 [7678,8376) done in 663 ms  h_edges=5070344
  NeighborhoodSlab: 698 threads × 2304 KB = 1570 MB
  Batch 12 [8376,9074) done in 616 ms  h_edges=5085871
  NeighborhoodSlab: 698 threads × 2304 KB = 1570 MB
  Batch 13 [9074,9772) done in 716 ms  h_edges=5098855
  NeighborhoodSlab: 698 threads × 2304 KB = 1570 MB
  Batch 14 [9772,10470) done in 586 ms  h_edges=5112022
  NeighborhoodSlab: 698 threads × 2304 KB = 1570 MB
  Batch 15 [10470,11168) done in 624 ms  h_edges=5124939
  NeighborhoodSlab: 698 threads × 2304 KB = 1570 MB
  Batch 16 [11168,11866) done in 645 ms  h_edges=5140468
  NeighborhoodSlab: 698 threads × 2304 KB = 1570 MB
  Batch 17 [11866,12564) done in 629 ms  h_edges=5154850
  NeighborhoodSlab: 698 threads × 2304 KB = 1570 MB
  Batch 18 [12564,13262) done in 700 ms  h_edges=5168448
  NeighborhoodSlab: 698 threads × 2304 KB = 1570 MB
  Batch 19 [13262,13960) done in 731 ms  h_edges=5181716
  NeighborhoodSlab: 698 threads × 2304 KB = 1570 MB
  Batch 20 [13960,14658) done in 592 ms  h_edges=5194734
  NeighborhoodSlab: 698 threads × 2304 KB = 1570 MB
  Batch 21 [14658,15356) done in 649 ms  h_edges=5207717
  NeighborhoodSlab: 698 threads × 2304 KB = 1570 MB
  Batch 22 [15356,16054) done in 606 ms  h_edges=5220255
  NeighborhoodSlab: 698 threads × 2304 KB = 1570 MB
  Batch 23 [16054,16752) done in 675 ms  h_edges=5234538
  NeighborhoodSlab: 698 threads × 2304 KB = 1570 MB
  Batch 24 [16752,17450) done in 629 ms  h_edges=5248771
  NeighborhoodSlab: 698 threads × 2304 KB = 1570 MB
  Batch 25 [17450,18148) done in 678 ms  h_edges=5262350
  NeighborhoodSlab: 698 threads × 2304 KB = 1570 MB
  Batch 26 [18148,18846) done in 606 ms  h_edges=5276404
  NeighborhoodSlab: 698 threads × 2304 KB = 1570 MB
  Batch 27 [18846,19544) done in 645 ms  h_edges=5289451
  NeighborhoodSlab: 698 threads × 2304 KB = 1570 MB
  Batch 28 [19544,20242) done in 613 ms  h_edges=5303300
  NeighborhoodSlab: 698 threads × 2304 KB = 1570 MB
  Batch 29 [20242,20940) done in 655 ms  h_edges=5316598
  NeighborhoodSlab: 698 threads × 2304 KB = 1570 MB
  Batch 30 [20940,21638) done in 701 ms  h_edges=5331133
  NeighborhoodSlab: 698 threads × 2304 KB = 1570 MB
  Batch 31 [21638,22336) done in 635 ms  h_edges=5345413
  NeighborhoodSlab: 698 threads × 2304 KB = 1570 MB
  Batch 32 [22336,23034) done in 640 ms  h_edges=5360183
  NeighborhoodSlab: 698 threads × 2304 KB = 1570 MB
  Batch 33 [23034,23732) done in 578 ms  h_edges=5373780
  NeighborhoodSlab: 698 threads × 2304 KB = 1570 MB
  Batch 34 [23732,24430) done in 580 ms  h_edges=5387468
  NeighborhoodSlab: 698 threads × 2304 KB = 1570 MB
  Batch 35 [24430,25128) done in 718 ms  h_edges=5400509
  NeighborhoodSlab: 698 threads × 2304 KB = 1570 MB
  Batch 36 [25128,25826) done in 678 ms  h_edges=5414589
  NeighborhoodSlab: 698 threads × 2304 KB = 1570 MB
  Batch 37 [25826,26524) done in 646 ms  h_edges=5428499
  NeighborhoodSlab: 698 threads × 2304 KB = 1570 MB
  Batch 38 [26524,27222) done in 663 ms  h_edges=5441755
  NeighborhoodSlab: 698 threads × 2304 KB = 1570 MB
  Batch 39 [27222,27920) done in 627 ms  h_edges=5454284
  NeighborhoodSlab: 698 threads × 2304 KB = 1570 MB
  Batch 40 [27920,28618) done in 613 ms  h_edges=5466581
  NeighborhoodSlab: 698 threads × 2304 KB = 1570 MB
  Batch 41 [28618,29316) done in 649 ms  h_edges=5481055
  NeighborhoodSlab: 698 threads × 2304 KB = 1570 MB
  Batch 42 [29316,30014) done in 577 ms  h_edges=5494267
  NeighborhoodSlab: 698 threads × 2304 KB = 1570 MB
  Batch 43 [30014,30712) done in 652 ms  h_edges=5507468
  NeighborhoodSlab: 698 threads × 2304 KB = 1570 MB
  Batch 44 [30712,31410) done in 676 ms  h_edges=5521000
  NeighborhoodSlab: 698 threads × 2304 KB = 1570 MB
  Batch 45 [31410,32108) done in 616 ms  h_edges=5534263
  NeighborhoodSlab: 698 threads × 2304 KB = 1570 MB
  Batch 46 [32108,32806) done in 628 ms  h_edges=5547511
  NeighborhoodSlab: 698 threads × 2304 KB = 1570 MB
  Batch 47 [32806,33504) done in 629 ms  h_edges=5560718
  NeighborhoodSlab: 698 threads × 2304 KB = 1570 MB
  Batch 48 [33504,34202) done in 622 ms  h_edges=5573061
  NeighborhoodSlab: 698 threads × 2304 KB = 1570 MB
  Batch 49 [34202,34900) done in 587 ms  h_edges=5587534
  NeighborhoodSlab: 698 threads × 2304 KB = 1570 MB
  Batch 50 [34900,35598) done in 631 ms  h_edges=5600792
  NeighborhoodSlab: 698 threads × 2304 KB = 1570 MB
  Batch 51 [35598,36296) done in 702 ms  h_edges=5616030
  NeighborhoodSlab: 698 threads × 2304 KB = 1570 MB
  Batch 52 [36296,36994) done in 638 ms  h_edges=5629710
  NeighborhoodSlab: 698 threads × 2304 KB = 1570 MB
  Batch 53 [36994,37692) done in 602 ms  h_edges=5642493
  NeighborhoodSlab: 698 threads × 2304 KB = 1570 MB
  Batch 54 [37692,38390) done in 642 ms  h_edges=5656265
  NeighborhoodSlab: 698 threads × 2304 KB = 1570 MB
  Batch 55 [38390,39088) done in 617 ms  h_edges=5670090
  NeighborhoodSlab: 698 threads × 2304 KB = 1570 MB
  Batch 56 [39088,39786) done in 607 ms  h_edges=5683345
  NeighborhoodSlab: 698 threads × 2304 KB = 1570 MB
  Batch 57 [39786,40484) done in 655 ms  h_edges=5698596
  NeighborhoodSlab: 698 threads × 2304 KB = 1570 MB
  Batch 58 [40484,41182) done in 589 ms  h_edges=5713228
  NeighborhoodSlab: 653 threads × 2304 KB = 1469 MB
  Batch 59 [41182,41835) done in 640 ms  h_edges=5725596
  DeviceGraph: fwd=5725596 bwd=5725596 edges
  Year 1989 total: 47417 ms  (pop: 739085)

--- Year 1990 (pop: 739085) ---
  Adding 44346 new papers
  DeviceGraph: fwd=5725596 bwd=5725596 edges
  Processing 44346 papers in 60 batches of ~740
  NeighborhoodSlab: 740 threads × 2304 KB = 1665 MB
  Batch 0 [0,740) done in 808 ms  h_edges=5740382
  NeighborhoodSlab: 740 threads × 2304 KB = 1665 MB
  Batch 1 [740,1480) done in 728 ms  h_edges=5754938
  NeighborhoodSlab: 740 threads × 2304 KB = 1665 MB
  Batch 2 [1480,2220) done in 810 ms  h_edges=5769528
  NeighborhoodSlab: 740 threads × 2304 KB = 1665 MB
  Batch 3 [2220,2960) done in 719 ms  h_edges=5783588
  NeighborhoodSlab: 740 threads × 2304 KB = 1665 MB
  Batch 4 [2960,3700) done in 777 ms  h_edges=5798268
  NeighborhoodSlab: 740 threads × 2304 KB = 1665 MB
  Batch 5 [3700,4440) done in 762 ms  h_edges=5812661
  NeighborhoodSlab: 740 threads × 2304 KB = 1665 MB
  Batch 6 [4440,5180) done in 838 ms  h_edges=5827526
  NeighborhoodSlab: 740 threads × 2304 KB = 1665 MB
  Batch 7 [5180,5920) done in 793 ms  h_edges=5842429
  NeighborhoodSlab: 740 threads × 2304 KB = 1665 MB
  Batch 8 [5920,6660) done in 716 ms  h_edges=5857217
  NeighborhoodSlab: 740 threads × 2304 KB = 1665 MB
  Batch 9 [6660,7400) done in 763 ms  h_edges=5871777
  NeighborhoodSlab: 740 threads × 2304 KB = 1665 MB
  Batch 10 [7400,8140) done in 734 ms  h_edges=5886746
  NeighborhoodSlab: 740 threads × 2304 KB = 1665 MB
  Batch 11 [8140,8880) done in 718 ms  h_edges=5900949
  NeighborhoodSlab: 740 threads × 2304 KB = 1665 MB
  Batch 12 [8880,9620) done in 781 ms  h_edges=5916347
  NeighborhoodSlab: 740 threads × 2304 KB = 1665 MB
  Batch 13 [9620,10360) done in 781 ms  h_edges=5931152
  NeighborhoodSlab: 740 threads × 2304 KB = 1665 MB
  Batch 14 [10360,11100) done in 713 ms  h_edges=5944978
  NeighborhoodSlab: 740 threads × 2304 KB = 1665 MB
  Batch 15 [11100,11840) done in 793 ms  h_edges=5961334
  NeighborhoodSlab: 740 threads × 2304 KB = 1665 MB
  Batch 16 [11840,12580) done in 743 ms  h_edges=5974222
  NeighborhoodSlab: 740 threads × 2304 KB = 1665 MB
  Batch 17 [12580,13320) done in 666 ms  h_edges=5988771
  NeighborhoodSlab: 740 threads × 2304 KB = 1665 MB
  Batch 18 [13320,14060) done in 777 ms  h_edges=6002686
  NeighborhoodSlab: 740 threads × 2304 KB = 1665 MB
  Batch 19 [14060,14800) done in 697 ms  h_edges=6016009
  NeighborhoodSlab: 740 threads × 2304 KB = 1665 MB
  Batch 20 [14800,15540) done in 704 ms  h_edges=6030463
  NeighborhoodSlab: 740 threads × 2304 KB = 1665 MB
  Batch 21 [15540,16280) done in 791 ms  h_edges=6044605
  NeighborhoodSlab: 740 threads × 2304 KB = 1665 MB
  Batch 22 [16280,17020) done in 898 ms  h_edges=6058293
  NeighborhoodSlab: 740 threads × 2304 KB = 1665 MB
  Batch 23 [17020,17760) done in 766 ms  h_edges=6072530
  NeighborhoodSlab: 740 threads × 2304 KB = 1665 MB
  Batch 24 [17760,18500) done in 687 ms  h_edges=6088043
  NeighborhoodSlab: 740 threads × 2304 KB = 1665 MB
  Batch 25 [18500,19240) done in 747 ms  h_edges=6103071
  NeighborhoodSlab: 740 threads × 2304 KB = 1665 MB
  Batch 26 [19240,19980) done in 688 ms  h_edges=6116905
  NeighborhoodSlab: 740 threads × 2304 KB = 1665 MB
  Batch 27 [19980,20720) done in 729 ms  h_edges=6130851
  NeighborhoodSlab: 740 threads × 2304 KB = 1665 MB
  Batch 28 [20720,21460) done in 681 ms  h_edges=6144986
  NeighborhoodSlab: 740 threads × 2304 KB = 1665 MB
  Batch 29 [21460,22200) done in 813 ms  h_edges=6160487
  NeighborhoodSlab: 740 threads × 2304 KB = 1665 MB
  Batch 30 [22200,22940) done in 732 ms  h_edges=6173687
  NeighborhoodSlab: 740 threads × 2304 KB = 1665 MB
  Batch 31 [22940,23680) done in 738 ms  h_edges=6188450
  NeighborhoodSlab: 740 threads × 2304 KB = 1665 MB
  Batch 32 [23680,24420) done in 725 ms  h_edges=6203403
  NeighborhoodSlab: 740 threads × 2304 KB = 1665 MB
  Batch 33 [24420,25160) done in 660 ms  h_edges=6218253
  NeighborhoodSlab: 740 threads × 2304 KB = 1665 MB
  Batch 34 [25160,25900) done in 734 ms  h_edges=6233139
  NeighborhoodSlab: 740 threads × 2304 KB = 1665 MB
  Batch 35 [25900,26640) done in 769 ms  h_edges=6247515
  NeighborhoodSlab: 740 threads × 2304 KB = 1665 MB
  Batch 36 [26640,27380) done in 706 ms  h_edges=6263414
  NeighborhoodSlab: 740 threads × 2304 KB = 1665 MB
  Batch 37 [27380,28120) done in 694 ms  h_edges=6278594
  NeighborhoodSlab: 740 threads × 2304 KB = 1665 MB
  Batch 38 [28120,28860) done in 689 ms  h_edges=6294382
  NeighborhoodSlab: 740 threads × 2304 KB = 1665 MB
  Batch 39 [28860,29600) done in 761 ms  h_edges=6309321
  NeighborhoodSlab: 740 threads × 2304 KB = 1665 MB
  Batch 40 [29600,30340) done in 682 ms  h_edges=6324510
  NeighborhoodSlab: 740 threads × 2304 KB = 1665 MB
  Batch 41 [30340,31080) done in 867 ms  h_edges=6339155
  NeighborhoodSlab: 740 threads × 2304 KB = 1665 MB
  Batch 42 [31080,31820) done in 969 ms  h_edges=6352792
  NeighborhoodSlab: 740 threads × 2304 KB = 1665 MB
  Batch 43 [31820,32560) done in 697 ms  h_edges=6367247
  NeighborhoodSlab: 740 threads × 2304 KB = 1665 MB
  Batch 44 [32560,33300) done in 869 ms  h_edges=6381117
  NeighborhoodSlab: 740 threads × 2304 KB = 1665 MB
  Batch 45 [33300,34040) done in 722 ms  h_edges=6395306
  NeighborhoodSlab: 740 threads × 2304 KB = 1665 MB
  Batch 46 [34040,34780) done in 698 ms  h_edges=6408003
  NeighborhoodSlab: 740 threads × 2304 KB = 1665 MB
  Batch 47 [34780,35520) done in 740 ms  h_edges=6422184
  NeighborhoodSlab: 740 threads × 2304 KB = 1665 MB
  Batch 48 [35520,36260) done in 736 ms  h_edges=6437526
  NeighborhoodSlab: 740 threads × 2304 KB = 1665 MB
  Batch 49 [36260,37000) done in 697 ms  h_edges=6452749
  NeighborhoodSlab: 740 threads × 2304 KB = 1665 MB
  Batch 50 [37000,37740) done in 709 ms  h_edges=6467192
  NeighborhoodSlab: 740 threads × 2304 KB = 1665 MB
  Batch 51 [37740,38480) done in 770 ms  h_edges=6481717
  NeighborhoodSlab: 740 threads × 2304 KB = 1665 MB
  Batch 52 [38480,39220) done in 832 ms  h_edges=6496148
  NeighborhoodSlab: 740 threads × 2304 KB = 1665 MB
  Batch 53 [39220,39960) done in 830 ms  h_edges=6510289
  NeighborhoodSlab: 740 threads × 2304 KB = 1665 MB
  Batch 54 [39960,40700) done in 709 ms  h_edges=6525251
  NeighborhoodSlab: 740 threads × 2304 KB = 1665 MB
  Batch 55 [40700,41440) done in 835 ms  h_edges=6538834
  NeighborhoodSlab: 740 threads × 2304 KB = 1665 MB
  Batch 56 [41440,42180) done in 734 ms  h_edges=6552518
  NeighborhoodSlab: 740 threads × 2304 KB = 1665 MB
  Batch 57 [42180,42920) done in 724 ms  h_edges=6567018
  NeighborhoodSlab: 740 threads × 2304 KB = 1665 MB
  Batch 58 [42920,43660) done in 774 ms  h_edges=6581790
  NeighborhoodSlab: 686 threads × 2304 KB = 1543 MB
  Batch 59 [43660,44346) done in 695 ms  h_edges=6594261
  DeviceGraph: fwd=6594261 bwd=6594261 edges
  Year 1990 total: 55508 ms  (pop: 783431)

--- Year 1991 (pop: 783431) ---
  Adding 47006 new papers
  DeviceGraph: fwd=6594261 bwd=6594261 edges
  Processing 47006 papers in 60 batches of ~784
  NeighborhoodSlab: 784 threads × 2304 KB = 1764 MB
  Batch 0 [0,784) done in 871 ms  h_edges=6608961
  NeighborhoodSlab: 784 threads × 2304 KB = 1764 MB
  Batch 1 [784,1568) done in 848 ms  h_edges=6624314
  NeighborhoodSlab: 784 threads × 2304 KB = 1764 MB
  Batch 2 [1568,2352) done in 846 ms  h_edges=6640753
  NeighborhoodSlab: 784 threads × 2304 KB = 1764 MB
  Batch 3 [2352,3136) done in 846 ms  h_edges=6654728
  NeighborhoodSlab: 784 threads × 2304 KB = 1764 MB
  Batch 4 [3136,3920) done in 852 ms  h_edges=6670007
  NeighborhoodSlab: 784 threads × 2304 KB = 1764 MB
  Batch 5 [3920,4704) done in 888 ms  h_edges=6684944
  NeighborhoodSlab: 784 threads × 2304 KB = 1764 MB
  Batch 6 [4704,5488) done in 744 ms  h_edges=6699297
  NeighborhoodSlab: 784 threads × 2304 KB = 1764 MB
  Batch 7 [5488,6272) done in 921 ms  h_edges=6714108
  NeighborhoodSlab: 784 threads × 2304 KB = 1764 MB
  Batch 8 [6272,7056) done in 870 ms  h_edges=6727927
  NeighborhoodSlab: 784 threads × 2304 KB = 1764 MB
  Batch 9 [7056,7840) done in 929 ms  h_edges=6742485
  NeighborhoodSlab: 784 threads × 2304 KB = 1764 MB
  Batch 10 [7840,8624) done in 824 ms  h_edges=6757754
  NeighborhoodSlab: 784 threads × 2304 KB = 1764 MB
  Batch 11 [8624,9408) done in 907 ms  h_edges=6772921
  NeighborhoodSlab: 784 threads × 2304 KB = 1764 MB
  Batch 12 [9408,10192) done in 712 ms  h_edges=6787969
  NeighborhoodSlab: 784 threads × 2304 KB = 1764 MB
  Batch 13 [10192,10976) done in 896 ms  h_edges=6804438
  NeighborhoodSlab: 784 threads × 2304 KB = 1764 MB
  Batch 14 [10976,11760) done in 764 ms  h_edges=6819640
  NeighborhoodSlab: 784 threads × 2304 KB = 1764 MB
  Batch 15 [11760,12544) done in 942 ms  h_edges=6835283
  NeighborhoodSlab: 784 threads × 2304 KB = 1764 MB
  Batch 16 [12544,13328) done in 808 ms  h_edges=6851399
  NeighborhoodSlab: 784 threads × 2304 KB = 1764 MB
  Batch 17 [13328,14112) done in 755 ms  h_edges=6867120
  NeighborhoodSlab: 784 threads × 2304 KB = 1764 MB
  Batch 18 [14112,14896) done in 746 ms  h_edges=6881593
  NeighborhoodSlab: 784 threads × 2304 KB = 1764 MB
  Batch 19 [14896,15680) done in 846 ms  h_edges=6897096
  NeighborhoodSlab: 784 threads × 2304 KB = 1764 MB
  Batch 20 [15680,16464) done in 938 ms  h_edges=6913315
  NeighborhoodSlab: 784 threads × 2304 KB = 1764 MB
  Batch 21 [16464,17248) done in 896 ms  h_edges=6928540
  NeighborhoodSlab: 784 threads × 2304 KB = 1764 MB
  Batch 22 [17248,18032) done in 766 ms  h_edges=6944738
  NeighborhoodSlab: 784 threads × 2304 KB = 1764 MB
  Batch 23 [18032,18816) done in 746 ms  h_edges=6959778
  NeighborhoodSlab: 784 threads × 2304 KB = 1764 MB
  Batch 24 [18816,19600) done in 950 ms  h_edges=6976625
  NeighborhoodSlab: 784 threads × 2304 KB = 1764 MB
  Batch 25 [19600,20384) done in 836 ms  h_edges=6993113
  NeighborhoodSlab: 784 threads × 2304 KB = 1764 MB
  Batch 26 [20384,21168) done in 813 ms  h_edges=7007658
  NeighborhoodSlab: 784 threads × 2304 KB = 1764 MB
  Batch 27 [21168,21952) done in 801 ms  h_edges=7022590
  NeighborhoodSlab: 784 threads × 2304 KB = 1764 MB
  Batch 28 [21952,22736) done in 764 ms  h_edges=7037905
  NeighborhoodSlab: 784 threads × 2304 KB = 1764 MB
  Batch 29 [22736,23520) done in 863 ms  h_edges=7054034
  NeighborhoodSlab: 784 threads × 2304 KB = 1764 MB
  Batch 30 [23520,24304) done in 960 ms  h_edges=7069708
  NeighborhoodSlab: 784 threads × 2304 KB = 1764 MB
  Batch 31 [24304,25088) done in 849 ms  h_edges=7085162
  NeighborhoodSlab: 784 threads × 2304 KB = 1764 MB
  Batch 32 [25088,25872) done in 910 ms  h_edges=7102132
  NeighborhoodSlab: 784 threads × 2304 KB = 1764 MB
  Batch 33 [25872,26656) done in 840 ms  h_edges=7115673
  NeighborhoodSlab: 784 threads × 2304 KB = 1764 MB
  Batch 34 [26656,27440) done in 757 ms  h_edges=7131251
  NeighborhoodSlab: 784 threads × 2304 KB = 1764 MB
  Batch 35 [27440,28224) done in 882 ms  h_edges=7146396
  NeighborhoodSlab: 784 threads × 2304 KB = 1764 MB
  Batch 36 [28224,29008) done in 855 ms  h_edges=7161066
  NeighborhoodSlab: 784 threads × 2304 KB = 1764 MB
  Batch 37 [29008,29792) done in 796 ms  h_edges=7174855
  NeighborhoodSlab: 784 threads × 2304 KB = 1764 MB
  Batch 38 [29792,30576) done in 785 ms  h_edges=7189928
  NeighborhoodSlab: 784 threads × 2304 KB = 1764 MB
  Batch 39 [30576,31360) done in 869 ms  h_edges=7205584
  NeighborhoodSlab: 784 threads × 2304 KB = 1764 MB
  Batch 40 [31360,32144) done in 845 ms  h_edges=7221671
  NeighborhoodSlab: 784 threads × 2304 KB = 1764 MB
  Batch 41 [32144,32928) done in 863 ms  h_edges=7237067
  NeighborhoodSlab: 784 threads × 2304 KB = 1764 MB
  Batch 42 [32928,33712) done in 883 ms  h_edges=7252908
  NeighborhoodSlab: 784 threads × 2304 KB = 1764 MB
  Batch 43 [33712,34496) done in 792 ms  h_edges=7267836
  NeighborhoodSlab: 784 threads × 2304 KB = 1764 MB
  Batch 44 [34496,35280) done in 828 ms  h_edges=7282914
  NeighborhoodSlab: 784 threads × 2304 KB = 1764 MB
  Batch 45 [35280,36064) done in 887 ms  h_edges=7297828
  NeighborhoodSlab: 784 threads × 2304 KB = 1764 MB
  Batch 46 [36064,36848) done in 710 ms  h_edges=7313622
  NeighborhoodSlab: 784 threads × 2304 KB = 1764 MB
  Batch 47 [36848,37632) done in 915 ms  h_edges=7328945
  NeighborhoodSlab: 784 threads × 2304 KB = 1764 MB
  Batch 48 [37632,38416) done in 719 ms  h_edges=7344635
  NeighborhoodSlab: 784 threads × 2304 KB = 1764 MB
  Batch 49 [38416,39200) done in 974 ms  h_edges=7360710
  NeighborhoodSlab: 784 threads × 2304 KB = 1764 MB
  Batch 50 [39200,39984) done in 808 ms  h_edges=7376499
  NeighborhoodSlab: 784 threads × 2304 KB = 1764 MB
  Batch 51 [39984,40768) done in 804 ms  h_edges=7392395
  NeighborhoodSlab: 784 threads × 2304 KB = 1764 MB
  Batch 52 [40768,41552) done in 843 ms  h_edges=7407120
  NeighborhoodSlab: 784 threads × 2304 KB = 1764 MB
  Batch 53 [41552,42336) done in 764 ms  h_edges=7422765
  NeighborhoodSlab: 784 threads × 2304 KB = 1764 MB
  Batch 54 [42336,43120) done in 850 ms  h_edges=7439105
  NeighborhoodSlab: 784 threads × 2304 KB = 1764 MB
  Batch 55 [43120,43904) done in 797 ms  h_edges=7453682
  NeighborhoodSlab: 784 threads × 2304 KB = 1764 MB
  Batch 56 [43904,44688) done in 824 ms  h_edges=7470901
  NeighborhoodSlab: 784 threads × 2304 KB = 1764 MB
  Batch 57 [44688,45472) done in 716 ms  h_edges=7486702
  NeighborhoodSlab: 784 threads × 2304 KB = 1764 MB
  Batch 58 [45472,46256) done in 852 ms  h_edges=7501488
  NeighborhoodSlab: 750 threads × 2304 KB = 1687 MB
  Batch 59 [46256,47006) done in 782 ms  h_edges=7515722
  DeviceGraph: fwd=7515722 bwd=7515722 edges
  Year 1991 total: 61913 ms  (pop: 830437)

--- Year 1992 (pop: 830437) ---
  Adding 49827 new papers
  DeviceGraph: fwd=7515722 bwd=7515722 edges
  Processing 49827 papers in 60 batches of ~831
  NeighborhoodSlab: 831 threads × 2304 KB = 1869 MB
  Batch 0 [0,831) done in 872 ms  h_edges=7531619
  NeighborhoodSlab: 831 threads × 2304 KB = 1869 MB
  Batch 1 [831,1662) done in 808 ms  h_edges=7547024
  NeighborhoodSlab: 831 threads × 2304 KB = 1869 MB
  Batch 2 [1662,2493) done in 866 ms  h_edges=7564173
  NeighborhoodSlab: 831 threads × 2304 KB = 1869 MB
  Batch 3 [2493,3324) done in 850 ms  h_edges=7580439
  NeighborhoodSlab: 831 threads × 2304 KB = 1869 MB
  Batch 4 [3324,4155) done in 872 ms  h_edges=7595878
  NeighborhoodSlab: 831 threads × 2304 KB = 1869 MB
  Batch 5 [4155,4986) done in 766 ms  h_edges=7612273
  NeighborhoodSlab: 831 threads × 2304 KB = 1869 MB
  Batch 6 [4986,5817) done in 818 ms  h_edges=7629324
  NeighborhoodSlab: 831 threads × 2304 KB = 1869 MB
  Batch 7 [5817,6648) done in 951 ms  h_edges=7643737
  NeighborhoodSlab: 831 threads × 2304 KB = 1869 MB
  Batch 8 [6648,7479) done in 792 ms  h_edges=7659755
  NeighborhoodSlab: 831 threads × 2304 KB = 1869 MB
  Batch 9 [7479,8310) done in 871 ms  h_edges=7675047
  NeighborhoodSlab: 831 threads × 2304 KB = 1869 MB
  Batch 10 [8310,9141) done in 870 ms  h_edges=7691012
  NeighborhoodSlab: 831 threads × 2304 KB = 1869 MB
  Batch 11 [9141,9972) done in 746 ms  h_edges=7707397
  NeighborhoodSlab: 831 threads × 2304 KB = 1869 MB
  Batch 12 [9972,10803) done in 774 ms  h_edges=7723618
  NeighborhoodSlab: 831 threads × 2304 KB = 1869 MB
  Batch 13 [10803,11634) done in 828 ms  h_edges=7740858
  NeighborhoodSlab: 831 threads × 2304 KB = 1869 MB
  Batch 14 [11634,12465) done in 734 ms  h_edges=7756674
  NeighborhoodSlab: 831 threads × 2304 KB = 1869 MB
  Batch 15 [12465,13296) done in 741 ms  h_edges=7772784
  NeighborhoodSlab: 831 threads × 2304 KB = 1869 MB
  Batch 16 [13296,14127) done in 853 ms  h_edges=7787895
  NeighborhoodSlab: 831 threads × 2304 KB = 1869 MB
  Batch 17 [14127,14958) done in 799 ms  h_edges=7803762
  NeighborhoodSlab: 831 threads × 2304 KB = 1869 MB
  Batch 18 [14958,15789) done in 809 ms  h_edges=7820309
  NeighborhoodSlab: 831 threads × 2304 KB = 1869 MB
  Batch 19 [15789,16620) done in 748 ms  h_edges=7836964
  NeighborhoodSlab: 831 threads × 2304 KB = 1869 MB
  Batch 20 [16620,17451) done in 724 ms  h_edges=7854178
  NeighborhoodSlab: 831 threads × 2304 KB = 1869 MB
  Batch 21 [17451,18282) done in 748 ms  h_edges=7871664
  NeighborhoodSlab: 831 threads × 2304 KB = 1869 MB
  Batch 22 [18282,19113) done in 809 ms  h_edges=7887863
  NeighborhoodSlab: 831 threads × 2304 KB = 1869 MB
  Batch 23 [19113,19944) done in 906 ms  h_edges=7903960
  NeighborhoodSlab: 831 threads × 2304 KB = 1869 MB
  Batch 24 [19944,20775) done in 863 ms  h_edges=7919366
  NeighborhoodSlab: 831 threads × 2304 KB = 1869 MB
  Batch 25 [20775,21606) done in 773 ms  h_edges=7934956
  NeighborhoodSlab: 831 threads × 2304 KB = 1869 MB
  Batch 26 [21606,22437) done in 896 ms  h_edges=7952287
  NeighborhoodSlab: 831 threads × 2304 KB = 1869 MB
  Batch 27 [22437,23268) done in 792 ms  h_edges=7968816
  NeighborhoodSlab: 831 threads × 2304 KB = 1869 MB
  Batch 28 [23268,24099) done in 811 ms  h_edges=7984701
  NeighborhoodSlab: 831 threads × 2304 KB = 1869 MB
  Batch 29 [24099,24930) done in 778 ms  h_edges=8001141
  NeighborhoodSlab: 831 threads × 2304 KB = 1869 MB
  Batch 30 [24930,25761) done in 895 ms  h_edges=8016211
  NeighborhoodSlab: 831 threads × 2304 KB = 1869 MB
  Batch 31 [25761,26592) done in 821 ms  h_edges=8032455
  NeighborhoodSlab: 831 threads × 2304 KB = 1869 MB
  Batch 32 [26592,27423) done in 749 ms  h_edges=8048773
  NeighborhoodSlab: 831 threads × 2304 KB = 1869 MB
  Batch 33 [27423,28254) done in 828 ms  h_edges=8063803
  NeighborhoodSlab: 831 threads × 2304 KB = 1869 MB
  Batch 34 [28254,29085) done in 771 ms  h_edges=8079910
  NeighborhoodSlab: 831 threads × 2304 KB = 1869 MB
  Batch 35 [29085,29916) done in 982 ms  h_edges=8097002
  NeighborhoodSlab: 831 threads × 2304 KB = 1869 MB
  Batch 36 [29916,30747) done in 823 ms  h_edges=8114076
  NeighborhoodSlab: 831 threads × 2304 KB = 1869 MB
  Batch 37 [30747,31578) done in 831 ms  h_edges=8130822
  NeighborhoodSlab: 831 threads × 2304 KB = 1869 MB
  Batch 38 [31578,32409) done in 813 ms  h_edges=8147075
  NeighborhoodSlab: 831 threads × 2304 KB = 1869 MB
  Batch 39 [32409,33240) done in 786 ms  h_edges=8162863
  NeighborhoodSlab: 831 threads × 2304 KB = 1869 MB
  Batch 40 [33240,34071) done in 752 ms  h_edges=8177673
  NeighborhoodSlab: 831 threads × 2304 KB = 1869 MB
  Batch 41 [34071,34902) done in 912 ms  h_edges=8193322
  NeighborhoodSlab: 831 threads × 2304 KB = 1869 MB
  Batch 42 [34902,35733) done in 810 ms  h_edges=8208262
  NeighborhoodSlab: 831 threads × 2304 KB = 1869 MB
  Batch 43 [35733,36564) done in 794 ms  h_edges=8224964
  NeighborhoodSlab: 831 threads × 2304 KB = 1869 MB
  Batch 44 [36564,37395) done in 819 ms  h_edges=8241495
  NeighborhoodSlab: 831 threads × 2304 KB = 1869 MB
  Batch 45 [37395,38226) done in 796 ms  h_edges=8257424
  NeighborhoodSlab: 831 threads × 2304 KB = 1869 MB
  Batch 46 [38226,39057) done in 784 ms  h_edges=8274511
  NeighborhoodSlab: 831 threads × 2304 KB = 1869 MB
  Batch 47 [39057,39888) done in 722 ms  h_edges=8290142
  NeighborhoodSlab: 831 threads × 2304 KB = 1869 MB
  Batch 48 [39888,40719) done in 747 ms  h_edges=8306671
  NeighborhoodSlab: 831 threads × 2304 KB = 1869 MB
  Batch 49 [40719,41550) done in 785 ms  h_edges=8322491
  NeighborhoodSlab: 831 threads × 2304 KB = 1869 MB
  Batch 50 [41550,42381) done in 762 ms  h_edges=8339865
  NeighborhoodSlab: 831 threads × 2304 KB = 1869 MB
  Batch 51 [42381,43212) done in 726 ms  h_edges=8354916
  NeighborhoodSlab: 831 threads × 2304 KB = 1869 MB
  Batch 52 [43212,44043) done in 832 ms  h_edges=8371231
  NeighborhoodSlab: 831 threads × 2304 KB = 1869 MB
  Batch 53 [44043,44874) done in 806 ms  h_edges=8387951
  NeighborhoodSlab: 831 threads × 2304 KB = 1869 MB
  Batch 54 [44874,45705) done in 758 ms  h_edges=8402332
  NeighborhoodSlab: 831 threads × 2304 KB = 1869 MB
  Batch 55 [45705,46536) done in 875 ms  h_edges=8419512
  NeighborhoodSlab: 831 threads × 2304 KB = 1869 MB
  Batch 56 [46536,47367) done in 751 ms  h_edges=8434553
  NeighborhoodSlab: 831 threads × 2304 KB = 1869 MB
  Batch 57 [47367,48198) done in 754 ms  h_edges=8451138
  NeighborhoodSlab: 831 threads × 2304 KB = 1869 MB
  Batch 58 [48198,49029) done in 806 ms  h_edges=8467827
  NeighborhoodSlab: 798 threads × 2304 KB = 1795 MB
  Batch 59 [49029,49827) done in 848 ms  h_edges=8483372
  DeviceGraph: fwd=8483372 bwd=8483372 edges
  Year 1992 total: 61967 ms  (pop: 880264)

=== Simulation Complete ===
Total: 413 s  Final pop: 880264

=== Exporting Results ===
Edges saved: ./output/10y/mass_cuda-static-output-10y-6p.edgelist (8483372)
Attributes saved: ./output/10y/mass_cuda-static-output-10y-6p.aux (880264 rows)

Done.

real	7m3.889s
user	6m59.847s
sys	0m3.124s
