processor	: 0
vendor_id	: GenuineIntel
cpu family	: 6
model		: 143
model name	: Intel(R) Xeon(R) Platinum 8480+
stepping	: 8
microcode	: 0x2b000639
cpu MHz		: 3800.000
cache size	: 107520 KB
physical id	: 0
siblings	: 56
core id		: 0
cpu cores	: 56
apicid		: 0
initial apicid	: 0
fpu		: yes
fpu_exception	: yes
cpuid level	: 32
wp		: yes
flags		: fpu vme de pse tsc msr pae mce cx8 apic sep mtrr pge mca cmov pat pse36 clflush dts acpi mmx fxsr sse sse2 ss ht tm pbe syscall nx pdpe1gb rdtscp lm constant_tsc art arch_perfmon pebs bts rep_good nopl xtopology nonstop_tsc cpuid aperfmperf tsc_known_freq pni pclmulqdq dtes64 monitor ds_cpl vmx smx est tm2 ssse3 sdbg fma cx16 xtpr pdcm pcid dca sse4_1 sse4_2 x2apic movbe popcnt tsc_deadline_timer aes xsave avx f16c rdrand lahf_lm abm 3dnowprefetch cpuid_fault epb cat_l3 cat_l2 cdp_l3 cdp_l2 ssbd mba ibrs ibpb stibp ibrs_enhanced tpr_shadow flexpriority ept vpid ept_ad fsgsbase tsc_adjust bmi1 avx2 smep bmi2 erms invpcid cqm rdt_a avx512f avx512dq rdseed adx smap avx512ifma clflushopt clwb intel_pt avx512cd sha_ni avx512bw avx512vl xsaveopt xsavec xgetbv1 xsaves cqm_llc cqm_occup_llc cqm_mbm_total cqm_mbm_local split_lock_detect user_shstk avx_vnni avx512_bf16 wbnoinvd dtherm ida arat pln pts vnmi avx512vbmi umip pku ospke waitpkg avx512_vbmi2 gfni vaes vpclmulqdq avx512_vnni avx512_bitalg avx512_vpopcntdq la57 rdpid bus_lock_detect cldemote movdiri movdir64b enqcmd fsrm md_clear serialize tsxldtrk pconfig arch_lbr ibt amx_bf16 avx512_fp16 amx_tile amx_int8 flush_l1d arch_capabilities
vmx flags	: vnmi preemption_timer posted_intr invvpid ept_x_only ept_ad ept_1gb ept_5level flexpriority apicv tsc_offset vtpr mtf vapic ept vpid unrestricted_guest vapic_reg vid ple shadow_vmcs pml ept_violation_ve ept_mode_based_exec tsc_scaling usr_wait_pause notify_vm_exiting ipi_virt
bugs		: spectre_v1 spectre_v2 spec_store_bypass swapgs eibrs_pbrsb bhi spectre_v2_user old_microcode vmscape
bogomips	: 4000.00
clflush size	: 64
cache_alignment	: 64
address sizes	: 46 bits physical, 57 bits virtual
power management:

processor	: 1
vendor_id	: GenuineIntel
cpu family	: 6
model		: 143
model name	: Intel(R) Xeon(R) Platinum 8480+
stepping	: 8
microcode	: 0x2b000639
cpu MHz		: 3800.000
cache size	: 107520 KB
physical id	: 1
siblings	: 56
core id		: 0
cpu cores	: 56
apicid		: 128
initial apicid	: 128
fpu		: yes
fpu_exception	: yes
cpuid level	: 32
wp		: yes
flags		: fpu vme de pse tsc msr pae mce cx8 apic sep mtrr pge mca cmov pat pse36 clflush dts acpi mmx fxsr sse sse2 ss ht tm pbe syscall nx pdpe1gb rdtscp lm constant_tsc art arch_perfmon pebs bts rep_good nopl xtopology nonstop_tsc cpuid aperfmperf tsc_known_freq pni pclmulqdq dtes64 monitor ds_cpl vmx smx est tm2 ssse3 sdbg fma cx16 xtpr pdcm pcid dca sse4_1 sse4_2 x2apic movbe popcnt tsc_deadline_timer aes xsave avx f16c rdrand lahf_lm abm 3dnowprefetch cpuid_fault epb cat_l3 cat_l2 cdp_l3 cdp_l2 ssbd mba ibrs ibpb stibp ibrs_enhanced tpr_shadow flexpriority ept vpid ept_ad fsgsbase tsc_adjust bmi1 avx2 smep bmi2 erms invpcid cqm rdt_a avx512f avx512dq rdseed adx smap avx512ifma clflushopt clwb intel_pt avx512cd sha_ni avx512bw avx512vl xsaveopt xsavec xgetbv1 xsaves cqm_llc cqm_occup_llc cqm_mbm_total cqm_mbm_local split_lock_detect user_shstk avx_vnni avx512_bf16 wbnoinvd dtherm ida arat pln pts vnmi avx512vbmi umip pku ospke waitpkg avx512_vbmi2 gfni vaes vpclmulqdq avx512_vnni avx512_bitalg avx512_vpopcntdq la57 rdpid bus_lock_detect cldemote movdiri movdir64b enqcmd fsrm md_clear serialize tsxldtrk pconfig arch_lbr ibt amx_bf16 avx512_fp16 amx_tile amx_int8 flush_l1d arch_capabilities
vmx flags	: vnmi preemption_timer posted_intr invvpid ept_x_only ept_ad ept_1gb ept_5level flexpriority apicv tsc_offset vtpr mtf vapic ept vpid unrestricted_guest vapic_reg vid ple shadow_vmcs pml ept_violation_ve ept_mode_based_exec tsc_scaling usr_wait_pause notify_vm_exiting ipi_virt
bugs		: spectre_v1 spectre_v2 spec_store_bypass swapgs eibrs_pbrsb bhi spectre_v2_user old_microcode vmscape
bogomips	: 4000.00
clflush size	: 64
cache_alignment	: 64
address sizes	: 46 bits physical, 57 bits virtual
power management:

processor	: 2
vendor_id	: GenuineIntel
cpu family	: 6
model		: 143
model name	: Intel(R) Xeon(R) Platinum 8480+
stepping	: 8
microcode	: 0x2b000639
cpu MHz		: 3000.000
cache size	: 107520 KB
physical id	: 0
siblings	: 56
core id		: 31
cpu cores	: 56
apicid		: 62
initial apicid	: 62
fpu		: yes
fpu_exception	: yes
cpuid level	: 32
wp		: yes
flags		: fpu vme de pse tsc msr pae mce cx8 apic sep mtrr pge mca cmov pat pse36 clflush dts acpi mmx fxsr sse sse2 ss ht tm pbe syscall nx pdpe1gb rdtscp lm constant_tsc art arch_perfmon pebs bts rep_good nopl xtopology nonstop_tsc cpuid aperfmperf tsc_known_freq pni pclmulqdq dtes64 monitor ds_cpl vmx smx est tm2 ssse3 sdbg fma cx16 xtpr pdcm pcid dca sse4_1 sse4_2 x2apic movbe popcnt tsc_deadline_timer aes xsave avx f16c rdrand lahf_lm abm 3dnowprefetch cpuid_fault epb cat_l3 cat_l2 cdp_l3 cdp_l2 ssbd mba ibrs ibpb stibp ibrs_enhanced tpr_shadow flexpriority ept vpid ept_ad fsgsbase tsc_adjust bmi1 avx2 smep bmi2 erms invpcid cqm rdt_a avx512f avx512dq rdseed adx smap avx512ifma clflushopt clwb intel_pt avx512cd sha_ni avx512bw avx512vl xsaveopt xsavec xgetbv1 xsaves cqm_llc cqm_occup_llc cqm_mbm_total cqm_mbm_local split_lock_detect user_shstk avx_vnni avx512_bf16 wbnoinvd dtherm ida arat pln pts vnmi avx512vbmi umip pku ospke waitpkg avx512_vbmi2 gfni vaes vpclmulqdq avx512_vnni avx512_bitalg avx512_vpopcntdq la57 rdpid bus_lock_detect cldemote movdiri movdir64b enqcmd fsrm md_clear serialize tsxldtrk pconfig arch_lbr ibt amx_bf16 avx512_fp16 amx_tile amx_int8 flush_l1d arch_capabilities
vmx flags	: vnmi preemption_timer posted_intr invvpid ept_x_only ept_ad ept_1gb ept_5level flexpriority apicv tsc_offset vtpr mtf vapic ept vpid unrestricted_guest vapic_reg vid ple shadow_vmcs pml ept_violation_ve ept_mode_based_exec tsc_scaling usr_wait_pause notify_vm_exiting ipi_virt
bugs		: spectre_v1 spectre_v2 spec_store_bypass swapgs eibrs_pbrsb bhi spectre_v2_user old_microcode vmscape
bogomips	: 4000.00
clflush size	: 64
cache_alignment	: 64
address sizes	: 46 bits physical, 57 bits virtual
power management:

processor	: 3
vendor_id	: GenuineIntel
cpu family	: 6
model		: 143
model name	: Intel(R) Xeon(R) Platinum 8480+
stepping	: 8
microcode	: 0x2b000639
cpu MHz		: 3800.000
cache size	: 107520 KB
physical id	: 1
siblings	: 56
core id		: 31
cpu cores	: 56
apicid		: 190
initial apicid	: 190
fpu		: yes
fpu_exception	: yes
cpuid level	: 32
wp		: yes
flags		: fpu vme de pse tsc msr pae mce cx8 apic sep mtrr pge mca cmov pat pse36 clflush dts acpi mmx fxsr sse sse2 ss ht tm pbe syscall nx pdpe1gb rdtscp lm constant_tsc art arch_perfmon pebs bts rep_good nopl xtopology nonstop_tsc cpuid aperfmperf tsc_known_freq pni pclmulqdq dtes64 monitor ds_cpl vmx smx est tm2 ssse3 sdbg fma cx16 xtpr pdcm pcid dca sse4_1 sse4_2 x2apic movbe popcnt tsc_deadline_timer aes xsave avx f16c rdrand lahf_lm abm 3dnowprefetch cpuid_fault epb cat_l3 cat_l2 cdp_l3 cdp_l2 ssbd mba ibrs ibpb stibp ibrs_enhanced tpr_shadow flexpriority ept vpid ept_ad fsgsbase tsc_adjust bmi1 avx2 smep bmi2 erms invpcid cqm rdt_a avx512f avx512dq rdseed adx smap avx512ifma clflushopt clwb intel_pt avx512cd sha_ni avx512bw avx512vl xsaveopt xsavec xgetbv1 xsaves cqm_llc cqm_occup_llc cqm_mbm_total cqm_mbm_local split_lock_detect user_shstk avx_vnni avx512_bf16 wbnoinvd dtherm ida arat pln pts vnmi avx512vbmi umip pku ospke waitpkg avx512_vbmi2 gfni vaes vpclmulqdq avx512_vnni avx512_bitalg avx512_vpopcntdq la57 rdpid bus_lock_detect cldemote movdiri movdir64b enqcmd fsrm md_clear serialize tsxldtrk pconfig arch_lbr ibt amx_bf16 avx512_fp16 amx_tile amx_int8 flush_l1d arch_capabilities
vmx flags	: vnmi preemption_timer posted_intr invvpid ept_x_only ept_ad ept_1gb ept_5level flexpriority apicv tsc_offset vtpr mtf vapic ept vpid unrestricted_guest vapic_reg vid ple shadow_vmcs pml ept_violation_ve ept_mode_based_exec tsc_scaling usr_wait_pause notify_vm_exiting ipi_virt
bugs		: spectre_v1 spectre_v2 spec_store_bypass swapgs eibrs_pbrsb bhi spectre_v2_user old_microcode vmscape
bogomips	: 4000.00
clflush size	: 64
cache_alignment	: 64
address sizes	: 46 bits physical, 57 bits virtual
power management:

processor	: 4
vendor_id	: GenuineIntel
cpu family	: 6
model		: 143
model name	: Intel(R) Xeon(R) Platinum 8480+
stepping	: 8
microcode	: 0x2b000639
cpu MHz		: 2994.674
cache size	: 107520 KB
physical id	: 0
siblings	: 56
core id		: 24
cpu cores	: 56
apicid		: 48
initial apicid	: 48
fpu		: yes
fpu_exception	: yes
cpuid level	: 32
wp		: yes
flags		: fpu vme de pse tsc msr pae mce cx8 apic sep mtrr pge mca cmov pat pse36 clflush dts acpi mmx fxsr sse sse2 ss ht tm pbe syscall nx pdpe1gb rdtscp lm constant_tsc art arch_perfmon pebs bts rep_good nopl xtopology nonstop_tsc cpuid aperfmperf tsc_known_freq pni pclmulqdq dtes64 monitor ds_cpl vmx smx est tm2 ssse3 sdbg fma cx16 xtpr pdcm pcid dca sse4_1 sse4_2 x2apic movbe popcnt tsc_deadline_timer aes xsave avx f16c rdrand lahf_lm abm 3dnowprefetch cpuid_fault epb cat_l3 cat_l2 cdp_l3 cdp_l2 ssbd mba ibrs ibpb stibp ibrs_enhanced tpr_shadow flexpriority ept vpid ept_ad fsgsbase tsc_adjust bmi1 avx2 smep bmi2 erms invpcid cqm rdt_a avx512f avx512dq rdseed adx smap avx512ifma clflushopt clwb intel_pt avx512cd sha_ni avx512bw avx512vl xsaveopt xsavec xgetbv1 xsaves cqm_llc cqm_occup_llc cqm_mbm_total cqm_mbm_local split_lock_detect user_shstk avx_vnni avx512_bf16 wbnoinvd dtherm ida arat pln pts vnmi avx512vbmi umip pku ospke waitpkg avx512_vbmi2 gfni vaes vpclmulqdq avx512_vnni avx512_bitalg avx512_vpopcntdq la57 rdpid bus_lock_detect cldemote movdiri movdir64b enqcmd fsrm md_clear serialize tsxldtrk pconfig arch_lbr ibt amx_bf16 avx512_fp16 amx_tile amx_int8 flush_l1d arch_capabilities
vmx flags	: vnmi preemption_timer posted_intr invvpid ept_x_only ept_ad ept_1gb ept_5level flexpriority apicv tsc_offset vtpr mtf vapic ept vpid unrestricted_guest vapic_reg vid ple shadow_vmcs pml ept_violation_ve ept_mode_based_exec tsc_scaling usr_wait_pause notify_vm_exiting ipi_virt
bugs		: spectre_v1 spectre_v2 spec_store_bypass swapgs eibrs_pbrsb bhi spectre_v2_user old_microcode vmscape
bogomips	: 4000.00
clflush size	: 64
cache_alignment	: 64
address sizes	: 46 bits physical, 57 bits virtual
power management:

processor	: 5
vendor_id	: GenuineIntel
cpu family	: 6
model		: 143
model name	: Intel(R) Xeon(R) Platinum 8480+
stepping	: 8
microcode	: 0x2b000639
cpu MHz		: 3800.000
cache size	: 107520 KB
physical id	: 1
siblings	: 56
core id		: 24
cpu cores	: 56
apicid		: 176
initial apicid	: 176
fpu		: yes
fpu_exception	: yes
cpuid level	: 32
wp		: yes
flags		: fpu vme de pse tsc msr pae mce cx8 apic sep mtrr pge mca cmov pat pse36 clflush dts acpi mmx fxsr sse sse2 ss ht tm pbe syscall nx pdpe1gb rdtscp lm constant_tsc art arch_perfmon pebs bts rep_good nopl xtopology nonstop_tsc cpuid aperfmperf tsc_known_freq pni pclmulqdq dtes64 monitor ds_cpl vmx smx est tm2 ssse3 sdbg fma cx16 xtpr pdcm pcid dca sse4_1 sse4_2 x2apic movbe popcnt tsc_deadline_timer aes xsave avx f16c rdrand lahf_lm abm 3dnowprefetch cpuid_fault epb cat_l3 cat_l2 cdp_l3 cdp_l2 ssbd mba ibrs ibpb stibp ibrs_enhanced tpr_shadow flexpriority ept vpid ept_ad fsgsbase tsc_adjust bmi1 avx2 smep bmi2 erms invpcid cqm rdt_a avx512f avx512dq rdseed adx smap avx512ifma clflushopt clwb intel_pt avx512cd sha_ni avx512bw avx512vl xsaveopt xsavec xgetbv1 xsaves cqm_llc cqm_occup_llc cqm_mbm_total cqm_mbm_local split_lock_detect user_shstk avx_vnni avx512_bf16 wbnoinvd dtherm ida arat pln pts vnmi avx512vbmi umip pku ospke waitpkg avx512_vbmi2 gfni vaes vpclmulqdq avx512_vnni avx512_bitalg avx512_vpopcntdq la57 rdpid bus_lock_detect cldemote movdiri movdir64b enqcmd fsrm md_clear serialize tsxldtrk pconfig arch_lbr ibt amx_bf16 avx512_fp16 amx_tile amx_int8 flush_l1d arch_capabilities
vmx flags	: vnmi preemption_timer posted_intr invvpid ept_x_only ept_ad ept_1gb ept_5level flexpriority apicv tsc_offset vtpr mtf vapic ept vpid unrestricted_guest vapic_reg vid ple shadow_vmcs pml ept_violation_ve ept_mode_based_exec tsc_scaling usr_wait_pause notify_vm_exiting ipi_virt
bugs		: spectre_v1 spectre_v2 spec_store_bypass swapgs eibrs_pbrsb bhi spectre_v2_user old_microcode vmscape
bogomips	: 4000.00
clflush size	: 64
cache_alignment	: 64
address sizes	: 46 bits physical, 57 bits virtual
power management:

processor	: 6
vendor_id	: GenuineIntel
cpu family	: 6
model		: 143
model name	: Intel(R) Xeon(R) Platinum 8480+
stepping	: 8
microcode	: 0x2b000639
cpu MHz		: 3800.000
cache size	: 107520 KB
physical id	: 0
siblings	: 56
core id		: 55
cpu cores	: 56
apicid		: 110
initial apicid	: 110
fpu		: yes
fpu_exception	: yes
cpuid level	: 32
wp		: yes
flags		: fpu vme de pse tsc msr pae mce cx8 apic sep mtrr pge mca cmov pat pse36 clflush dts acpi mmx fxsr sse sse2 ss ht tm pbe syscall nx pdpe1gb rdtscp lm constant_tsc art arch_perfmon pebs bts rep_good nopl xtopology nonstop_tsc cpuid aperfmperf tsc_known_freq pni pclmulqdq dtes64 monitor ds_cpl vmx smx est tm2 ssse3 sdbg fma cx16 xtpr pdcm pcid dca sse4_1 sse4_2 x2apic movbe popcnt tsc_deadline_timer aes xsave avx f16c rdrand lahf_lm abm 3dnowprefetch cpuid_fault epb cat_l3 cat_l2 cdp_l3 cdp_l2 ssbd mba ibrs ibpb stibp ibrs_enhanced tpr_shadow flexpriority ept vpid ept_ad fsgsbase tsc_adjust bmi1 avx2 smep bmi2 erms invpcid cqm rdt_a avx512f avx512dq rdseed adx smap avx512ifma clflushopt clwb intel_pt avx512cd sha_ni avx512bw avx512vl xsaveopt xsavec xgetbv1 xsaves cqm_llc cqm_occup_llc cqm_mbm_total cqm_mbm_local split_lock_detect user_shstk avx_vnni avx512_bf16 wbnoinvd dtherm ida arat pln pts vnmi avx512vbmi umip pku ospke waitpkg avx512_vbmi2 gfni vaes vpclmulqdq avx512_vnni avx512_bitalg avx512_vpopcntdq la57 rdpid bus_lock_detect cldemote movdiri movdir64b enqcmd fsrm md_clear serialize tsxldtrk pconfig arch_lbr ibt amx_bf16 avx512_fp16 amx_tile amx_int8 flush_l1d arch_capabilities
vmx flags	: vnmi preemption_timer posted_intr invvpid ept_x_only ept_ad ept_1gb ept_5level flexpriority apicv tsc_offset vtpr mtf vapic ept vpid unrestricted_guest vapic_reg vid ple shadow_vmcs pml ept_violation_ve ept_mode_based_exec tsc_scaling usr_wait_pause notify_vm_exiting ipi_virt
bugs		: spectre_v1 spectre_v2 spec_store_bypass swapgs eibrs_pbrsb bhi spectre_v2_user old_microcode vmscape
bogomips	: 4000.00
clflush size	: 64
cache_alignment	: 64
address sizes	: 46 bits physical, 57 bits virtual
power management:

processor	: 7
vendor_id	: GenuineIntel
cpu family	: 6
model		: 143
model name	: Intel(R) Xeon(R) Platinum 8480+
stepping	: 8
microcode	: 0x2b000639
cpu MHz		: 3800.000
cache size	: 107520 KB
physical id	: 1
siblings	: 56
core id		: 55
cpu cores	: 56
apicid		: 238
initial apicid	: 238
fpu		: yes
fpu_exception	: yes
cpuid level	: 32
wp		: yes
flags		: fpu vme de pse tsc msr pae mce cx8 apic sep mtrr pge mca cmov pat pse36 clflush dts acpi mmx fxsr sse sse2 ss ht tm pbe syscall nx pdpe1gb rdtscp lm constant_tsc art arch_perfmon pebs bts rep_good nopl xtopology nonstop_tsc cpuid aperfmperf tsc_known_freq pni pclmulqdq dtes64 monitor ds_cpl vmx smx est tm2 ssse3 sdbg fma cx16 xtpr pdcm pcid dca sse4_1 sse4_2 x2apic movbe popcnt tsc_deadline_timer aes xsave avx f16c rdrand lahf_lm abm 3dnowprefetch cpuid_fault epb cat_l3 cat_l2 cdp_l3 cdp_l2 ssbd mba ibrs ibpb stibp ibrs_enhanced tpr_shadow flexpriority ept vpid ept_ad fsgsbase tsc_adjust bmi1 avx2 smep bmi2 erms invpcid cqm rdt_a avx512f avx512dq rdseed adx smap avx512ifma clflushopt clwb intel_pt avx512cd sha_ni avx512bw avx512vl xsaveopt xsavec xgetbv1 xsaves cqm_llc cqm_occup_llc cqm_mbm_total cqm_mbm_local split_lock_detect user_shstk avx_vnni avx512_bf16 wbnoinvd dtherm ida arat pln pts vnmi avx512vbmi umip pku ospke waitpkg avx512_vbmi2 gfni vaes vpclmulqdq avx512_vnni avx512_bitalg avx512_vpopcntdq la57 rdpid bus_lock_detect cldemote movdiri movdir64b enqcmd fsrm md_clear serialize tsxldtrk pconfig arch_lbr ibt amx_bf16 avx512_fp16 amx_tile amx_int8 flush_l1d arch_capabilities
vmx flags	: vnmi preemption_timer posted_intr invvpid ept_x_only ept_ad ept_1gb ept_5level flexpriority apicv tsc_offset vtpr mtf vapic ept vpid unrestricted_guest vapic_reg vid ple shadow_vmcs pml ept_violation_ve ept_mode_based_exec tsc_scaling usr_wait_pause notify_vm_exiting ipi_virt
bugs		: spectre_v1 spectre_v2 spec_store_bypass swapgs eibrs_pbrsb bhi spectre_v2_user old_microcode vmscape
bogomips	: 4000.00
clflush size	: 64
cache_alignment	: 64
address sizes	: 46 bits physical, 57 bits virtual
power management:

processor	: 8
vendor_id	: GenuineIntel
cpu family	: 6
model		: 143
model name	: Intel(R) Xeon(R) Platinum 8480+
stepping	: 8
microcode	: 0x2b000639
cpu MHz		: 3800.000
cache size	: 107520 KB
physical id	: 0
siblings	: 56
core id		: 4
cpu cores	: 56
apicid		: 8
initial apicid	: 8
fpu		: yes
fpu_exception	: yes
cpuid level	: 32
wp		: yes
flags		: fpu vme de pse tsc msr pae mce cx8 apic sep mtrr pge mca cmov pat pse36 clflush dts acpi mmx fxsr sse sse2 ss ht tm pbe syscall nx pdpe1gb rdtscp lm constant_tsc art arch_perfmon pebs bts rep_good nopl xtopology nonstop_tsc cpuid aperfmperf tsc_known_freq pni pclmulqdq dtes64 monitor ds_cpl vmx smx est tm2 ssse3 sdbg fma cx16 xtpr pdcm pcid dca sse4_1 sse4_2 x2apic movbe popcnt tsc_deadline_timer aes xsave avx f16c rdrand lahf_lm abm 3dnowprefetch cpuid_fault epb cat_l3 cat_l2 cdp_l3 cdp_l2 ssbd mba ibrs ibpb stibp ibrs_enhanced tpr_shadow flexpriority ept vpid ept_ad fsgsbase tsc_adjust bmi1 avx2 smep bmi2 erms invpcid cqm rdt_a avx512f avx512dq rdseed adx smap avx512ifma clflushopt clwb intel_pt avx512cd sha_ni avx512bw avx512vl xsaveopt xsavec xgetbv1 xsaves cqm_llc cqm_occup_llc cqm_mbm_total cqm_mbm_local split_lock_detect user_shstk avx_vnni avx512_bf16 wbnoinvd dtherm ida arat pln pts vnmi avx512vbmi umip pku ospke waitpkg avx512_vbmi2 gfni vaes vpclmulqdq avx512_vnni avx512_bitalg avx512_vpopcntdq la57 rdpid bus_lock_detect cldemote movdiri movdir64b enqcmd fsrm md_clear serialize tsxldtrk pconfig arch_lbr ibt amx_bf16 avx512_fp16 amx_tile amx_int8 flush_l1d arch_capabilities
vmx flags	: vnmi preemption_timer posted_intr invvpid ept_x_only ept_ad ept_1gb ept_5level flexpriority apicv tsc_offset vtpr mtf vapic ept vpid unrestricted_guest vapic_reg vid ple shadow_vmcs pml ept_violation_ve ept_mode_based_exec tsc_scaling usr_wait_pause notify_vm_exiting ipi_virt
bugs		: spectre_v1 spectre_v2 spec_store_bypass swapgs eibrs_pbrsb bhi spectre_v2_user old_microcode vmscape
bogomips	: 4000.00
clflush size	: 64
cache_alignment	: 64
address sizes	: 46 bits physical, 57 bits virtual
power management:

processor	: 9
vendor_id	: GenuineIntel
cpu family	: 6
model		: 143
model name	: Intel(R) Xeon(R) Platinum 8480+
stepping	: 8
microcode	: 0x2b000639
cpu MHz		: 2720.674
cache size	: 107520 KB
physical id	: 1
siblings	: 56
core id		: 4
cpu cores	: 56
apicid		: 136
initial apicid	: 136
fpu		: yes
fpu_exception	: yes
cpuid level	: 32
wp		: yes
flags		: fpu vme de pse tsc msr pae mce cx8 apic sep mtrr pge mca cmov pat pse36 clflush dts acpi mmx fxsr sse sse2 ss ht tm pbe syscall nx pdpe1gb rdtscp lm constant_tsc art arch_perfmon pebs bts rep_good nopl xtopology nonstop_tsc cpuid aperfmperf tsc_known_freq pni pclmulqdq dtes64 monitor ds_cpl vmx smx est tm2 ssse3 sdbg fma cx16 xtpr pdcm pcid dca sse4_1 sse4_2 x2apic movbe popcnt tsc_deadline_timer aes xsave avx f16c rdrand lahf_lm abm 3dnowprefetch cpuid_fault epb cat_l3 cat_l2 cdp_l3 cdp_l2 ssbd mba ibrs ibpb stibp ibrs_enhanced tpr_shadow flexpriority ept vpid ept_ad fsgsbase tsc_adjust bmi1 avx2 smep bmi2 erms invpcid cqm rdt_a avx512f avx512dq rdseed adx smap avx512ifma clflushopt clwb intel_pt avx512cd sha_ni avx512bw avx512vl xsaveopt xsavec xgetbv1 xsaves cqm_llc cqm_occup_llc cqm_mbm_total cqm_mbm_local split_lock_detect user_shstk avx_vnni avx512_bf16 wbnoinvd dtherm ida arat pln pts vnmi avx512vbmi umip pku ospke waitpkg avx512_vbmi2 gfni vaes vpclmulqdq avx512_vnni avx512_bitalg avx512_vpopcntdq la57 rdpid bus_lock_detect cldemote movdiri movdir64b enqcmd fsrm md_clear serialize tsxldtrk pconfig arch_lbr ibt amx_bf16 avx512_fp16 amx_tile amx_int8 flush_l1d arch_capabilities
vmx flags	: vnmi preemption_timer posted_intr invvpid ept_x_only ept_ad ept_1gb ept_5level flexpriority apicv tsc_offset vtpr mtf vapic ept vpid unrestricted_guest vapic_reg vid ple shadow_vmcs pml ept_violation_ve ept_mode_based_exec tsc_scaling usr_wait_pause notify_vm_exiting ipi_virt
bugs		: spectre_v1 spectre_v2 spec_store_bypass swapgs eibrs_pbrsb bhi spectre_v2_user old_microcode vmscape
bogomips	: 4000.00
clflush size	: 64
cache_alignment	: 64
address sizes	: 46 bits physical, 57 bits virtual
power management:

processor	: 10
vendor_id	: GenuineIntel
cpu family	: 6
model		: 143
model name	: Intel(R) Xeon(R) Platinum 8480+
stepping	: 8
microcode	: 0x2b000639
cpu MHz		: 3800.000
cache size	: 107520 KB
physical id	: 0
siblings	: 56
core id		: 34
cpu cores	: 56
apicid		: 68
initial apicid	: 68
fpu		: yes
fpu_exception	: yes
cpuid level	: 32
wp		: yes
flags		: fpu vme de pse tsc msr pae mce cx8 apic sep mtrr pge mca cmov pat pse36 clflush dts acpi mmx fxsr sse sse2 ss ht tm pbe syscall nx pdpe1gb rdtscp lm constant_tsc art arch_perfmon pebs bts rep_good nopl xtopology nonstop_tsc cpuid aperfmperf tsc_known_freq pni pclmulqdq dtes64 monitor ds_cpl vmx smx est tm2 ssse3 sdbg fma cx16 xtpr pdcm pcid dca sse4_1 sse4_2 x2apic movbe popcnt tsc_deadline_timer aes xsave avx f16c rdrand lahf_lm abm 3dnowprefetch cpuid_fault epb cat_l3 cat_l2 cdp_l3 cdp_l2 ssbd mba ibrs ibpb stibp ibrs_enhanced tpr_shadow flexpriority ept vpid ept_ad fsgsbase tsc_adjust bmi1 avx2 smep bmi2 erms invpcid cqm rdt_a avx512f avx512dq rdseed adx smap avx512ifma clflushopt clwb intel_pt avx512cd sha_ni avx512bw avx512vl xsaveopt xsavec xgetbv1 xsaves cqm_llc cqm_occup_llc cqm_mbm_total cqm_mbm_local split_lock_detect user_shstk avx_vnni avx512_bf16 wbnoinvd dtherm ida arat pln pts vnmi avx512vbmi umip pku ospke waitpkg avx512_vbmi2 gfni vaes vpclmulqdq avx512_vnni avx512_bitalg avx512_vpopcntdq la57 rdpid bus_lock_detect cldemote movdiri movdir64b enqcmd fsrm md_clear serialize tsxldtrk pconfig arch_lbr ibt amx_bf16 avx512_fp16 amx_tile amx_int8 flush_l1d arch_capabilities
vmx flags	: vnmi preemption_timer posted_intr invvpid ept_x_only ept_ad ept_1gb ept_5level flexpriority apicv tsc_offset vtpr mtf vapic ept vpid unrestricted_guest vapic_reg vid ple shadow_vmcs pml ept_violation_ve ept_mode_based_exec tsc_scaling usr_wait_pause notify_vm_exiting ipi_virt
bugs		: spectre_v1 spectre_v2 spec_store_bypass swapgs eibrs_pbrsb bhi spectre_v2_user old_microcode vmscape
bogomips	: 4000.00
clflush size	: 64
cache_alignment	: 64
address sizes	: 46 bits physical, 57 bits virtual
power management:

processor	: 11
vendor_id	: GenuineIntel
cpu family	: 6
model		: 143
model name	: Intel(R) Xeon(R) Platinum 8480+
stepping	: 8
microcode	: 0x2b000639
cpu MHz		: 3800.000
cache size	: 107520 KB
physical id	: 1
siblings	: 56
core id		: 34
cpu cores	: 56
apicid		: 196
initial apicid	: 196
fpu		: yes
fpu_exception	: yes
cpuid level	: 32
wp		: yes
flags		: fpu vme de pse tsc msr pae mce cx8 apic sep mtrr pge mca cmov pat pse36 clflush dts acpi mmx fxsr sse sse2 ss ht tm pbe syscall nx pdpe1gb rdtscp lm constant_tsc art arch_perfmon pebs bts rep_good nopl xtopology nonstop_tsc cpuid aperfmperf tsc_known_freq pni pclmulqdq dtes64 monitor ds_cpl vmx smx est tm2 ssse3 sdbg fma cx16 xtpr pdcm pcid dca sse4_1 sse4_2 x2apic movbe popcnt tsc_deadline_timer aes xsave avx f16c rdrand lahf_lm abm 3dnowprefetch cpuid_fault epb cat_l3 cat_l2 cdp_l3 cdp_l2 ssbd mba ibrs ibpb stibp ibrs_enhanced tpr_shadow flexpriority ept vpid ept_ad fsgsbase tsc_adjust bmi1 avx2 smep bmi2 erms invpcid cqm rdt_a avx512f avx512dq rdseed adx smap avx512ifma clflushopt clwb intel_pt avx512cd sha_ni avx512bw avx512vl xsaveopt xsavec xgetbv1 xsaves cqm_llc cqm_occup_llc cqm_mbm_total cqm_mbm_local split_lock_detect user_shstk avx_vnni avx512_bf16 wbnoinvd dtherm ida arat pln pts vnmi avx512vbmi umip pku ospke waitpkg avx512_vbmi2 gfni vaes vpclmulqdq avx512_vnni avx512_bitalg avx512_vpopcntdq la57 rdpid bus_lock_detect cldemote movdiri movdir64b enqcmd fsrm md_clear serialize tsxldtrk pconfig arch_lbr ibt amx_bf16 avx512_fp16 amx_tile amx_int8 flush_l1d arch_capabilities
vmx flags	: vnmi preemption_timer posted_intr invvpid ept_x_only ept_ad ept_1gb ept_5level flexpriority apicv tsc_offset vtpr mtf vapic ept vpid unrestricted_guest vapic_reg vid ple shadow_vmcs pml ept_violation_ve ept_mode_based_exec tsc_scaling usr_wait_pause notify_vm_exiting ipi_virt
bugs		: spectre_v1 spectre_v2 spec_store_bypass swapgs eibrs_pbrsb bhi spectre_v2_user old_microcode vmscape
bogomips	: 4000.00
clflush size	: 64
cache_alignment	: 64
address sizes	: 46 bits physical, 57 bits virtual
power management:

processor	: 12
vendor_id	: GenuineIntel
cpu family	: 6
model		: 143
model name	: Intel(R) Xeon(R) Platinum 8480+
stepping	: 8
microcode	: 0x2b000639
cpu MHz		: 3800.000
cache size	: 107520 KB
physical id	: 0
siblings	: 56
core id		: 21
cpu cores	: 56
apicid		: 42
initial apicid	: 42
fpu		: yes
fpu_exception	: yes
cpuid level	: 32
wp		: yes
flags		: fpu vme de pse tsc msr pae mce cx8 apic sep mtrr pge mca cmov pat pse36 clflush dts acpi mmx fxsr sse sse2 ss ht tm pbe syscall nx pdpe1gb rdtscp lm constant_tsc art arch_perfmon pebs bts rep_good nopl xtopology nonstop_tsc cpuid aperfmperf tsc_known_freq pni pclmulqdq dtes64 monitor ds_cpl vmx smx est tm2 ssse3 sdbg fma cx16 xtpr pdcm pcid dca sse4_1 sse4_2 x2apic movbe popcnt tsc_deadline_timer aes xsave avx f16c rdrand lahf_lm abm 3dnowprefetch cpuid_fault epb cat_l3 cat_l2 cdp_l3 cdp_l2 ssbd mba ibrs ibpb stibp ibrs_enhanced tpr_shadow flexpriority ept vpid ept_ad fsgsbase tsc_adjust bmi1 avx2 smep bmi2 erms invpcid cqm rdt_a avx512f avx512dq rdseed adx smap avx512ifma clflushopt clwb intel_pt avx512cd sha_ni avx512bw avx512vl xsaveopt xsavec xgetbv1 xsaves cqm_llc cqm_occup_llc cqm_mbm_total cqm_mbm_local split_lock_detect user_shstk avx_vnni avx512_bf16 wbnoinvd dtherm ida arat pln pts vnmi avx512vbmi umip pku ospke waitpkg avx512_vbmi2 gfni vaes vpclmulqdq avx512_vnni avx512_bitalg avx512_vpopcntdq la57 rdpid bus_lock_detect cldemote movdiri movdir64b enqcmd fsrm md_clear serialize tsxldtrk pconfig arch_lbr ibt amx_bf16 avx512_fp16 amx_tile amx_int8 flush_l1d arch_capabilities
vmx flags	: vnmi preemption_timer posted_intr invvpid ept_x_only ept_ad ept_1gb ept_5level flexpriority apicv tsc_offset vtpr mtf vapic ept vpid unrestricted_guest vapic_reg vid ple shadow_vmcs pml ept_violation_ve ept_mode_based_exec tsc_scaling usr_wait_pause notify_vm_exiting ipi_virt
bugs		: spectre_v1 spectre_v2 spec_store_bypass swapgs eibrs_pbrsb bhi spectre_v2_user old_microcode vmscape
bogomips	: 4000.00
clflush size	: 64
cache_alignment	: 64
address sizes	: 46 bits physical, 57 bits virtual
power management:

processor	: 13
vendor_id	: GenuineIntel
cpu family	: 6
model		: 143
model name	: Intel(R) Xeon(R) Platinum 8480+
stepping	: 8
microcode	: 0x2b000639
cpu MHz		: 3800.000
cache size	: 107520 KB
physical id	: 1
siblings	: 56
core id		: 21
cpu cores	: 56
apicid		: 170
initial apicid	: 170
fpu		: yes
fpu_exception	: yes
cpuid level	: 32
wp		: yes
flags		: fpu vme de pse tsc msr pae mce cx8 apic sep mtrr pge mca cmov pat pse36 clflush dts acpi mmx fxsr sse sse2 ss ht tm pbe syscall nx pdpe1gb rdtscp lm constant_tsc art arch_perfmon pebs bts rep_good nopl xtopology nonstop_tsc cpuid aperfmperf tsc_known_freq pni pclmulqdq dtes64 monitor ds_cpl vmx smx est tm2 ssse3 sdbg fma cx16 xtpr pdcm pcid dca sse4_1 sse4_2 x2apic movbe popcnt tsc_deadline_timer aes xsave avx f16c rdrand lahf_lm abm 3dnowprefetch cpuid_fault epb cat_l3 cat_l2 cdp_l3 cdp_l2 ssbd mba ibrs ibpb stibp ibrs_enhanced tpr_shadow flexpriority ept vpid ept_ad fsgsbase tsc_adjust bmi1 avx2 smep bmi2 erms invpcid cqm rdt_a avx512f avx512dq rdseed adx smap avx512ifma clflushopt clwb intel_pt avx512cd sha_ni avx512bw avx512vl xsaveopt xsavec xgetbv1 xsaves cqm_llc cqm_occup_llc cqm_mbm_total cqm_mbm_local split_lock_detect user_shstk avx_vnni avx512_bf16 wbnoinvd dtherm ida arat pln pts vnmi avx512vbmi umip pku ospke waitpkg avx512_vbmi2 gfni vaes vpclmulqdq avx512_vnni avx512_bitalg avx512_vpopcntdq la57 rdpid bus_lock_detect cldemote movdiri movdir64b enqcmd fsrm md_clear serialize tsxldtrk pconfig arch_lbr ibt amx_bf16 avx512_fp16 amx_tile amx_int8 flush_l1d arch_capabilities
vmx flags	: vnmi preemption_timer posted_intr invvpid ept_x_only ept_ad ept_1gb ept_5level flexpriority apicv tsc_offset vtpr mtf vapic ept vpid unrestricted_guest vapic_reg vid ple shadow_vmcs pml ept_violation_ve ept_mode_based_exec tsc_scaling usr_wait_pause notify_vm_exiting ipi_virt
bugs		: spectre_v1 spectre_v2 spec_store_bypass swapgs eibrs_pbrsb bhi spectre_v2_user old_microcode vmscape
bogomips	: 4000.00
clflush size	: 64
cache_alignment	: 64
address sizes	: 46 bits physical, 57 bits virtual
power management:

processor	: 14
vendor_id	: GenuineIntel
cpu family	: 6
model		: 143
model name	: Intel(R) Xeon(R) Platinum 8480+
stepping	: 8
microcode	: 0x2b000639
cpu MHz		: 3800.000
cache size	: 107520 KB
physical id	: 0
siblings	: 56
core id		: 51
cpu cores	: 56
apicid		: 102
initial apicid	: 102
fpu		: yes
fpu_exception	: yes
cpuid level	: 32
wp		: yes
flags		: fpu vme de pse tsc msr pae mce cx8 apic sep mtrr pge mca cmov pat pse36 clflush dts acpi mmx fxsr sse sse2 ss ht tm pbe syscall nx pdpe1gb rdtscp lm constant_tsc art arch_perfmon pebs bts rep_good nopl xtopology nonstop_tsc cpuid aperfmperf tsc_known_freq pni pclmulqdq dtes64 monitor ds_cpl vmx smx est tm2 ssse3 sdbg fma cx16 xtpr pdcm pcid dca sse4_1 sse4_2 x2apic movbe popcnt tsc_deadline_timer aes xsave avx f16c rdrand lahf_lm abm 3dnowprefetch cpuid_fault epb cat_l3 cat_l2 cdp_l3 cdp_l2 ssbd mba ibrs ibpb stibp ibrs_enhanced tpr_shadow flexpriority ept vpid ept_ad fsgsbase tsc_adjust bmi1 avx2 smep bmi2 erms invpcid cqm rdt_a avx512f avx512dq rdseed adx smap avx512ifma clflushopt clwb intel_pt avx512cd sha_ni avx512bw avx512vl xsaveopt xsavec xgetbv1 xsaves cqm_llc cqm_occup_llc cqm_mbm_total cqm_mbm_local split_lock_detect user_shstk avx_vnni avx512_bf16 wbnoinvd dtherm ida arat pln pts vnmi avx512vbmi umip pku ospke waitpkg avx512_vbmi2 gfni vaes vpclmulqdq avx512_vnni avx512_bitalg avx512_vpopcntdq la57 rdpid bus_lock_detect cldemote movdiri movdir64b enqcmd fsrm md_clear serialize tsxldtrk pconfig arch_lbr ibt amx_bf16 avx512_fp16 amx_tile amx_int8 flush_l1d arch_capabilities
vmx flags	: vnmi preemption_timer posted_intr invvpid ept_x_only ept_ad ept_1gb ept_5level flexpriority apicv tsc_offset vtpr mtf vapic ept vpid unrestricted_guest vapic_reg vid ple shadow_vmcs pml ept_violation_ve ept_mode_based_exec tsc_scaling usr_wait_pause notify_vm_exiting ipi_virt
bugs		: spectre_v1 spectre_v2 spec_store_bypass swapgs eibrs_pbrsb bhi spectre_v2_user old_microcode vmscape
bogomips	: 4000.00
clflush size	: 64
cache_alignment	: 64
address sizes	: 46 bits physical, 57 bits virtual
power management:

processor	: 15
vendor_id	: GenuineIntel
cpu family	: 6
model		: 143
model name	: Intel(R) Xeon(R) Platinum 8480+
stepping	: 8
microcode	: 0x2b000639
cpu MHz		: 2549.645
cache size	: 107520 KB
physical id	: 1
siblings	: 56
core id		: 51
cpu cores	: 56
apicid		: 230
initial apicid	: 230
fpu		: yes
fpu_exception	: yes
cpuid level	: 32
wp		: yes
flags		: fpu vme de pse tsc msr pae mce cx8 apic sep mtrr pge mca cmov pat pse36 clflush dts acpi mmx fxsr sse sse2 ss ht tm pbe syscall nx pdpe1gb rdtscp lm constant_tsc art arch_perfmon pebs bts rep_good nopl xtopology nonstop_tsc cpuid aperfmperf tsc_known_freq pni pclmulqdq dtes64 monitor ds_cpl vmx smx est tm2 ssse3 sdbg fma cx16 xtpr pdcm pcid dca sse4_1 sse4_2 x2apic movbe popcnt tsc_deadline_timer aes xsave avx f16c rdrand lahf_lm abm 3dnowprefetch cpuid_fault epb cat_l3 cat_l2 cdp_l3 cdp_l2 ssbd mba ibrs ibpb stibp ibrs_enhanced tpr_shadow flexpriority ept vpid ept_ad fsgsbase tsc_adjust bmi1 avx2 smep bmi2 erms invpcid cqm rdt_a avx512f avx512dq rdseed adx smap avx512ifma clflushopt clwb intel_pt avx512cd sha_ni avx512bw avx512vl xsaveopt xsavec xgetbv1 xsaves cqm_llc cqm_occup_llc cqm_mbm_total cqm_mbm_local split_lock_detect user_shstk avx_vnni avx512_bf16 wbnoinvd dtherm ida arat pln pts vnmi avx512vbmi umip pku ospke waitpkg avx512_vbmi2 gfni vaes vpclmulqdq avx512_vnni avx512_bitalg avx512_vpopcntdq la57 rdpid bus_lock_detect cldemote movdiri movdir64b enqcmd fsrm md_clear serialize tsxldtrk pconfig arch_lbr ibt amx_bf16 avx512_fp16 amx_tile amx_int8 flush_l1d arch_capabilities
vmx flags	: vnmi preemption_timer posted_intr invvpid ept_x_only ept_ad ept_1gb ept_5level flexpriority apicv tsc_offset vtpr mtf vapic ept vpid unrestricted_guest vapic_reg vid ple shadow_vmcs pml ept_violation_ve ept_mode_based_exec tsc_scaling usr_wait_pause notify_vm_exiting ipi_virt
bugs		: spectre_v1 spectre_v2 spec_store_bypass swapgs eibrs_pbrsb bhi spectre_v2_user old_microcode vmscape
bogomips	: 4000.00
clflush size	: 64
cache_alignment	: 64
address sizes	: 46 bits physical, 57 bits virtual
power management:

processor	: 16
vendor_id	: GenuineIntel
cpu family	: 6
model		: 143
model name	: Intel(R) Xeon(R) Platinum 8480+
stepping	: 8
microcode	: 0x2b000639
cpu MHz		: 2511.450
cache size	: 107520 KB
physical id	: 0
siblings	: 56
core id		: 7
cpu cores	: 56
apicid		: 14
initial apicid	: 14
fpu		: yes
fpu_exception	: yes
cpuid level	: 32
wp		: yes
flags		: fpu vme de pse tsc msr pae mce cx8 apic sep mtrr pge mca cmov pat pse36 clflush dts acpi mmx fxsr sse sse2 ss ht tm pbe syscall nx pdpe1gb rdtscp lm constant_tsc art arch_perfmon pebs bts rep_good nopl xtopology nonstop_tsc cpuid aperfmperf tsc_known_freq pni pclmulqdq dtes64 monitor ds_cpl vmx smx est tm2 ssse3 sdbg fma cx16 xtpr pdcm pcid dca sse4_1 sse4_2 x2apic movbe popcnt tsc_deadline_timer aes xsave avx f16c rdrand lahf_lm abm 3dnowprefetch cpuid_fault epb cat_l3 cat_l2 cdp_l3 cdp_l2 ssbd mba ibrs ibpb stibp ibrs_enhanced tpr_shadow flexpriority ept vpid ept_ad fsgsbase tsc_adjust bmi1 avx2 smep bmi2 erms invpcid cqm rdt_a avx512f avx512dq rdseed adx smap avx512ifma clflushopt clwb intel_pt avx512cd sha_ni avx512bw avx512vl xsaveopt xsavec xgetbv1 xsaves cqm_llc cqm_occup_llc cqm_mbm_total cqm_mbm_local split_lock_detect user_shstk avx_vnni avx512_bf16 wbnoinvd dtherm ida arat pln pts vnmi avx512vbmi umip pku ospke waitpkg avx512_vbmi2 gfni vaes vpclmulqdq avx512_vnni avx512_bitalg avx512_vpopcntdq la57 rdpid bus_lock_detect cldemote movdiri movdir64b enqcmd fsrm md_clear serialize tsxldtrk pconfig arch_lbr ibt amx_bf16 avx512_fp16 amx_tile amx_int8 flush_l1d arch_capabilities
vmx flags	: vnmi preemption_timer posted_intr invvpid ept_x_only ept_ad ept_1gb ept_5level flexpriority apicv tsc_offset vtpr mtf vapic ept vpid unrestricted_guest vapic_reg vid ple shadow_vmcs pml ept_violation_ve ept_mode_based_exec tsc_scaling usr_wait_pause notify_vm_exiting ipi_virt
bugs		: spectre_v1 spectre_v2 spec_store_bypass swapgs eibrs_pbrsb bhi spectre_v2_user old_microcode vmscape
bogomips	: 4000.00
clflush size	: 64
cache_alignment	: 64
address sizes	: 46 bits physical, 57 bits virtual
power management:

processor	: 17
vendor_id	: GenuineIntel
cpu family	: 6
model		: 143
model name	: Intel(R) Xeon(R) Platinum 8480+
stepping	: 8
microcode	: 0x2b000639
cpu MHz		: 3000.000
cache size	: 107520 KB
physical id	: 1
siblings	: 56
core id		: 7
cpu cores	: 56
apicid		: 142
initial apicid	: 142
fpu		: yes
fpu_exception	: yes
cpuid level	: 32
wp		: yes
flags		: fpu vme de pse tsc msr pae mce cx8 apic sep mtrr pge mca cmov pat pse36 clflush dts acpi mmx fxsr sse sse2 ss ht tm pbe syscall nx pdpe1gb rdtscp lm constant_tsc art arch_perfmon pebs bts rep_good nopl xtopology nonstop_tsc cpuid aperfmperf tsc_known_freq pni pclmulqdq dtes64 monitor ds_cpl vmx smx est tm2 ssse3 sdbg fma cx16 xtpr pdcm pcid dca sse4_1 sse4_2 x2apic movbe popcnt tsc_deadline_timer aes xsave avx f16c rdrand lahf_lm abm 3dnowprefetch cpuid_fault epb cat_l3 cat_l2 cdp_l3 cdp_l2 ssbd mba ibrs ibpb stibp ibrs_enhanced tpr_shadow flexpriority ept vpid ept_ad fsgsbase tsc_adjust bmi1 avx2 smep bmi2 erms invpcid cqm rdt_a avx512f avx512dq rdseed adx smap avx512ifma clflushopt clwb intel_pt avx512cd sha_ni avx512bw avx512vl xsaveopt xsavec xgetbv1 xsaves cqm_llc cqm_occup_llc cqm_mbm_total cqm_mbm_local split_lock_detect user_shstk avx_vnni avx512_bf16 wbnoinvd dtherm ida arat pln pts vnmi avx512vbmi umip pku ospke waitpkg avx512_vbmi2 gfni vaes vpclmulqdq avx512_vnni avx512_bitalg avx512_vpopcntdq la57 rdpid bus_lock_detect cldemote movdiri movdir64b enqcmd fsrm md_clear serialize tsxldtrk pconfig arch_lbr ibt amx_bf16 avx512_fp16 amx_tile amx_int8 flush_l1d arch_capabilities
vmx flags	: vnmi preemption_timer posted_intr invvpid ept_x_only ept_ad ept_1gb ept_5level flexpriority apicv tsc_offset vtpr mtf vapic ept vpid unrestricted_guest vapic_reg vid ple shadow_vmcs pml ept_violation_ve ept_mode_based_exec tsc_scaling usr_wait_pause notify_vm_exiting ipi_virt
bugs		: spectre_v1 spectre_v2 spec_store_bypass swapgs eibrs_pbrsb bhi spectre_v2_user old_microcode vmscape
bogomips	: 4000.00
clflush size	: 64
cache_alignment	: 64
address sizes	: 46 bits physical, 57 bits virtual
power management:

processor	: 18
vendor_id	: GenuineIntel
cpu family	: 6
model		: 143
model name	: Intel(R) Xeon(R) Platinum 8480+
stepping	: 8
microcode	: 0x2b000639
cpu MHz		: 3800.000
cache size	: 107520 KB
physical id	: 0
siblings	: 56
core id		: 37
cpu cores	: 56
apicid		: 74
initial apicid	: 74
fpu		: yes
fpu_exception	: yes
cpuid level	: 32
wp		: yes
flags		: fpu vme de pse tsc msr pae mce cx8 apic sep mtrr pge mca cmov pat pse36 clflush dts acpi mmx fxsr sse sse2 ss ht tm pbe syscall nx pdpe1gb rdtscp lm constant_tsc art arch_perfmon pebs bts rep_good nopl xtopology nonstop_tsc cpuid aperfmperf tsc_known_freq pni pclmulqdq dtes64 monitor ds_cpl vmx smx est tm2 ssse3 sdbg fma cx16 xtpr pdcm pcid dca sse4_1 sse4_2 x2apic movbe popcnt tsc_deadline_timer aes xsave avx f16c rdrand lahf_lm abm 3dnowprefetch cpuid_fault epb cat_l3 cat_l2 cdp_l3 cdp_l2 ssbd mba ibrs ibpb stibp ibrs_enhanced tpr_shadow flexpriority ept vpid ept_ad fsgsbase tsc_adjust bmi1 avx2 smep bmi2 erms invpcid cqm rdt_a avx512f avx512dq rdseed adx smap avx512ifma clflushopt clwb intel_pt avx512cd sha_ni avx512bw avx512vl xsaveopt xsavec xgetbv1 xsaves cqm_llc cqm_occup_llc cqm_mbm_total cqm_mbm_local split_lock_detect user_shstk avx_vnni avx512_bf16 wbnoinvd dtherm ida arat pln pts vnmi avx512vbmi umip pku ospke waitpkg avx512_vbmi2 gfni vaes vpclmulqdq avx512_vnni avx512_bitalg avx512_vpopcntdq la57 rdpid bus_lock_detect cldemote movdiri movdir64b enqcmd fsrm md_clear serialize tsxldtrk pconfig arch_lbr ibt amx_bf16 avx512_fp16 amx_tile amx_int8 flush_l1d arch_capabilities
vmx flags	: vnmi preemption_timer posted_intr invvpid ept_x_only ept_ad ept_1gb ept_5level flexpriority apicv tsc_offset vtpr mtf vapic ept vpid unrestricted_guest vapic_reg vid ple shadow_vmcs pml ept_violation_ve ept_mode_based_exec tsc_scaling usr_wait_pause notify_vm_exiting ipi_virt
bugs		: spectre_v1 spectre_v2 spec_store_bypass swapgs eibrs_pbrsb bhi spectre_v2_user old_microcode vmscape
bogomips	: 4000.00
clflush size	: 64
cache_alignment	: 64
address sizes	: 46 bits physical, 57 bits virtual
power management:

processor	: 19
vendor_id	: GenuineIntel
cpu family	: 6
model		: 143
model name	: Intel(R) Xeon(R) Platinum 8480+
stepping	: 8
microcode	: 0x2b000639
cpu MHz		: 2611.445
cache size	: 107520 KB
physical id	: 1
siblings	: 56
core id		: 37
cpu cores	: 56
apicid		: 202
initial apicid	: 202
fpu		: yes
fpu_exception	: yes
cpuid level	: 32
wp		: yes
flags		: fpu vme de pse tsc msr pae mce cx8 apic sep mtrr pge mca cmov pat pse36 clflush dts acpi mmx fxsr sse sse2 ss ht tm pbe syscall nx pdpe1gb rdtscp lm constant_tsc art arch_perfmon pebs bts rep_good nopl xtopology nonstop_tsc cpuid aperfmperf tsc_known_freq pni pclmulqdq dtes64 monitor ds_cpl vmx smx est tm2 ssse3 sdbg fma cx16 xtpr pdcm pcid dca sse4_1 sse4_2 x2apic movbe popcnt tsc_deadline_timer aes xsave avx f16c rdrand lahf_lm abm 3dnowprefetch cpuid_fault epb cat_l3 cat_l2 cdp_l3 cdp_l2 ssbd mba ibrs ibpb stibp ibrs_enhanced tpr_shadow flexpriority ept vpid ept_ad fsgsbase tsc_adjust bmi1 avx2 smep bmi2 erms invpcid cqm rdt_a avx512f avx512dq rdseed adx smap avx512ifma clflushopt clwb intel_pt avx512cd sha_ni avx512bw avx512vl xsaveopt xsavec xgetbv1 xsaves cqm_llc cqm_occup_llc cqm_mbm_total cqm_mbm_local split_lock_detect user_shstk avx_vnni avx512_bf16 wbnoinvd dtherm ida arat pln pts vnmi avx512vbmi umip pku ospke waitpkg avx512_vbmi2 gfni vaes vpclmulqdq avx512_vnni avx512_bitalg avx512_vpopcntdq la57 rdpid bus_lock_detect cldemote movdiri movdir64b enqcmd fsrm md_clear serialize tsxldtrk pconfig arch_lbr ibt amx_bf16 avx512_fp16 amx_tile amx_int8 flush_l1d arch_capabilities
vmx flags	: vnmi preemption_timer posted_intr invvpid ept_x_only ept_ad ept_1gb ept_5level flexpriority apicv tsc_offset vtpr mtf vapic ept vpid unrestricted_guest vapic_reg vid ple shadow_vmcs pml ept_violation_ve ept_mode_based_exec tsc_scaling usr_wait_pause notify_vm_exiting ipi_virt
bugs		: spectre_v1 spectre_v2 spec_store_bypass swapgs eibrs_pbrsb bhi spectre_v2_user old_microcode vmscape
bogomips	: 4000.00
clflush size	: 64
cache_alignment	: 64
address sizes	: 46 bits physical, 57 bits virtual
power management:

processor	: 20
vendor_id	: GenuineIntel
cpu family	: 6
model		: 143
model name	: Intel(R) Xeon(R) Platinum 8480+
stepping	: 8
microcode	: 0x2b000639
cpu MHz		: 3800.000
cache size	: 107520 KB
physical id	: 0
siblings	: 56
core id		: 17
cpu cores	: 56
apicid		: 34
initial apicid	: 34
fpu		: yes
fpu_exception	: yes
cpuid level	: 32
wp		: yes
flags		: fpu vme de pse tsc msr pae mce cx8 apic sep mtrr pge mca cmov pat pse36 clflush dts acpi mmx fxsr sse sse2 ss ht tm pbe syscall nx pdpe1gb rdtscp lm constant_tsc art arch_perfmon pebs bts rep_good nopl xtopology nonstop_tsc cpuid aperfmperf tsc_known_freq pni pclmulqdq dtes64 monitor ds_cpl vmx smx est tm2 ssse3 sdbg fma cx16 xtpr pdcm pcid dca sse4_1 sse4_2 x2apic movbe popcnt tsc_deadline_timer aes xsave avx f16c rdrand lahf_lm abm 3dnowprefetch cpuid_fault epb cat_l3 cat_l2 cdp_l3 cdp_l2 ssbd mba ibrs ibpb stibp ibrs_enhanced tpr_shadow flexpriority ept vpid ept_ad fsgsbase tsc_adjust bmi1 avx2 smep bmi2 erms invpcid cqm rdt_a avx512f avx512dq rdseed adx smap avx512ifma clflushopt clwb intel_pt avx512cd sha_ni avx512bw avx512vl xsaveopt xsavec xgetbv1 xsaves cqm_llc cqm_occup_llc cqm_mbm_total cqm_mbm_local split_lock_detect user_shstk avx_vnni avx512_bf16 wbnoinvd dtherm ida arat pln pts vnmi avx512vbmi umip pku ospke waitpkg avx512_vbmi2 gfni vaes vpclmulqdq avx512_vnni avx512_bitalg avx512_vpopcntdq la57 rdpid bus_lock_detect cldemote movdiri movdir64b enqcmd fsrm md_clear serialize tsxldtrk pconfig arch_lbr ibt amx_bf16 avx512_fp16 amx_tile amx_int8 flush_l1d arch_capabilities
vmx flags	: vnmi preemption_timer posted_intr invvpid ept_x_only ept_ad ept_1gb ept_5level flexpriority apicv tsc_offset vtpr mtf vapic ept vpid unrestricted_guest vapic_reg vid ple shadow_vmcs pml ept_violation_ve ept_mode_based_exec tsc_scaling usr_wait_pause notify_vm_exiting ipi_virt
bugs		: spectre_v1 spectre_v2 spec_store_bypass swapgs eibrs_pbrsb bhi spectre_v2_user old_microcode vmscape
bogomips	: 4000.00
clflush size	: 64
cache_alignment	: 64
address sizes	: 46 bits physical, 57 bits virtual
power management:

processor	: 21
vendor_id	: GenuineIntel
cpu family	: 6
model		: 143
model name	: Intel(R) Xeon(R) Platinum 8480+
stepping	: 8
microcode	: 0x2b000639
cpu MHz		: 2591.772
cache size	: 107520 KB
physical id	: 1
siblings	: 56
core id		: 17
cpu cores	: 56
apicid		: 162
initial apicid	: 162
fpu		: yes
fpu_exception	: yes
cpuid level	: 32
wp		: yes
flags		: fpu vme de pse tsc msr pae mce cx8 apic sep mtrr pge mca cmov pat pse36 clflush dts acpi mmx fxsr sse sse2 ss ht tm pbe syscall nx pdpe1gb rdtscp lm constant_tsc art arch_perfmon pebs bts rep_good nopl xtopology nonstop_tsc cpuid aperfmperf tsc_known_freq pni pclmulqdq dtes64 monitor ds_cpl vmx smx est tm2 ssse3 sdbg fma cx16 xtpr pdcm pcid dca sse4_1 sse4_2 x2apic movbe popcnt tsc_deadline_timer aes xsave avx f16c rdrand lahf_lm abm 3dnowprefetch cpuid_fault epb cat_l3 cat_l2 cdp_l3 cdp_l2 ssbd mba ibrs ibpb stibp ibrs_enhanced tpr_shadow flexpriority ept vpid ept_ad fsgsbase tsc_adjust bmi1 avx2 smep bmi2 erms invpcid cqm rdt_a avx512f avx512dq rdseed adx smap avx512ifma clflushopt clwb intel_pt avx512cd sha_ni avx512bw avx512vl xsaveopt xsavec xgetbv1 xsaves cqm_llc cqm_occup_llc cqm_mbm_total cqm_mbm_local split_lock_detect user_shstk avx_vnni avx512_bf16 wbnoinvd dtherm ida arat pln pts vnmi avx512vbmi umip pku ospke waitpkg avx512_vbmi2 gfni vaes vpclmulqdq avx512_vnni avx512_bitalg avx512_vpopcntdq la57 rdpid bus_lock_detect cldemote movdiri movdir64b enqcmd fsrm md_clear serialize tsxldtrk pconfig arch_lbr ibt amx_bf16 avx512_fp16 amx_tile amx_int8 flush_l1d arch_capabilities
vmx flags	: vnmi preemption_timer posted_intr invvpid ept_x_only ept_ad ept_1gb ept_5level flexpriority apicv tsc_offset vtpr mtf vapic ept vpid unrestricted_guest vapic_reg vid ple shadow_vmcs pml ept_violation_ve ept_mode_based_exec tsc_scaling usr_wait_pause notify_vm_exiting ipi_virt
bugs		: spectre_v1 spectre_v2 spec_store_bypass swapgs eibrs_pbrsb bhi spectre_v2_user old_microcode vmscape
bogomips	: 4000.00
clflush size	: 64
cache_alignment	: 64
address sizes	: 46 bits physical, 57 bits virtual
power management:

processor	: 22
vendor_id	: GenuineIntel
cpu family	: 6
model		: 143
model name	: Intel(R) Xeon(R) Platinum 8480+
stepping	: 8
microcode	: 0x2b000639
cpu MHz		: 3800.000
cache size	: 107520 KB
physical id	: 0
siblings	: 56
core id		: 48
cpu cores	: 56
apicid		: 96
initial apicid	: 96
fpu		: yes
fpu_exception	: yes
cpuid level	: 32
wp		: yes
flags		: fpu vme de pse tsc msr pae mce cx8 apic sep mtrr pge mca cmov pat pse36 clflush dts acpi mmx fxsr sse sse2 ss ht tm pbe syscall nx pdpe1gb rdtscp lm constant_tsc art arch_perfmon pebs bts rep_good nopl xtopology nonstop_tsc cpuid aperfmperf tsc_known_freq pni pclmulqdq dtes64 monitor ds_cpl vmx smx est tm2 ssse3 sdbg fma cx16 xtpr pdcm pcid dca sse4_1 sse4_2 x2apic movbe popcnt tsc_deadline_timer aes xsave avx f16c rdrand lahf_lm abm 3dnowprefetch cpuid_fault epb cat_l3 cat_l2 cdp_l3 cdp_l2 ssbd mba ibrs ibpb stibp ibrs_enhanced tpr_shadow flexpriority ept vpid ept_ad fsgsbase tsc_adjust bmi1 avx2 smep bmi2 erms invpcid cqm rdt_a avx512f avx512dq rdseed adx smap avx512ifma clflushopt clwb intel_pt avx512cd sha_ni avx512bw avx512vl xsaveopt xsavec xgetbv1 xsaves cqm_llc cqm_occup_llc cqm_mbm_total cqm_mbm_local split_lock_detect user_shstk avx_vnni avx512_bf16 wbnoinvd dtherm ida arat pln pts vnmi avx512vbmi umip pku ospke waitpkg avx512_vbmi2 gfni vaes vpclmulqdq avx512_vnni avx512_bitalg avx512_vpopcntdq la57 rdpid bus_lock_detect cldemote movdiri movdir64b enqcmd fsrm md_clear serialize tsxldtrk pconfig arch_lbr ibt amx_bf16 avx512_fp16 amx_tile amx_int8 flush_l1d arch_capabilities
vmx flags	: vnmi preemption_timer posted_intr invvpid ept_x_only ept_ad ept_1gb ept_5level flexpriority apicv tsc_offset vtpr mtf vapic ept vpid unrestricted_guest vapic_reg vid ple shadow_vmcs pml ept_violation_ve ept_mode_based_exec tsc_scaling usr_wait_pause notify_vm_exiting ipi_virt
bugs		: spectre_v1 spectre_v2 spec_store_bypass swapgs eibrs_pbrsb bhi spectre_v2_user old_microcode vmscape
bogomips	: 4000.00
clflush size	: 64
cache_alignment	: 64
address sizes	: 46 bits physical, 57 bits virtual
power management:

processor	: 23
vendor_id	: GenuineIntel
cpu family	: 6
model		: 143
model name	: Intel(R) Xeon(R) Platinum 8480+
stepping	: 8
microcode	: 0x2b000639
cpu MHz		: 2548.578
cache size	: 107520 KB
physical id	: 1
siblings	: 56
core id		: 48
cpu cores	: 56
apicid		: 224
initial apicid	: 224
fpu		: yes
fpu_exception	: yes
cpuid level	: 32
wp		: yes
flags		: fpu vme de pse tsc msr pae mce cx8 apic sep mtrr pge mca cmov pat pse36 clflush dts acpi mmx fxsr sse sse2 ss ht tm pbe syscall nx pdpe1gb rdtscp lm constant_tsc art arch_perfmon pebs bts rep_good nopl xtopology nonstop_tsc cpuid aperfmperf tsc_known_freq pni pclmulqdq dtes64 monitor ds_cpl vmx smx est tm2 ssse3 sdbg fma cx16 xtpr pdcm pcid dca sse4_1 sse4_2 x2apic movbe popcnt tsc_deadline_timer aes xsave avx f16c rdrand lahf_lm abm 3dnowprefetch cpuid_fault epb cat_l3 cat_l2 cdp_l3 cdp_l2 ssbd mba ibrs ibpb stibp ibrs_enhanced tpr_shadow flexpriority ept vpid ept_ad fsgsbase tsc_adjust bmi1 avx2 smep bmi2 erms invpcid cqm rdt_a avx512f avx512dq rdseed adx smap avx512ifma clflushopt clwb intel_pt avx512cd sha_ni avx512bw avx512vl xsaveopt xsavec xgetbv1 xsaves cqm_llc cqm_occup_llc cqm_mbm_total cqm_mbm_local split_lock_detect user_shstk avx_vnni avx512_bf16 wbnoinvd dtherm ida arat pln pts vnmi avx512vbmi umip pku ospke waitpkg avx512_vbmi2 gfni vaes vpclmulqdq avx512_vnni avx512_bitalg avx512_vpopcntdq la57 rdpid bus_lock_detect cldemote movdiri movdir64b enqcmd fsrm md_clear serialize tsxldtrk pconfig arch_lbr ibt amx_bf16 avx512_fp16 amx_tile amx_int8 flush_l1d arch_capabilities
vmx flags	: vnmi preemption_timer posted_intr invvpid ept_x_only ept_ad ept_1gb ept_5level flexpriority apicv tsc_offset vtpr mtf vapic ept vpid unrestricted_guest vapic_reg vid ple shadow_vmcs pml ept_violation_ve ept_mode_based_exec tsc_scaling usr_wait_pause notify_vm_exiting ipi_virt
bugs		: spectre_v1 spectre_v2 spec_store_bypass swapgs eibrs_pbrsb bhi spectre_v2_user old_microcode vmscape
bogomips	: 4000.00
clflush size	: 64
cache_alignment	: 64
address sizes	: 46 bits physical, 57 bits virtual
power management:

processor	: 24
vendor_id	: GenuineIntel
cpu family	: 6
model		: 143
model name	: Intel(R) Xeon(R) Platinum 8480+
stepping	: 8
microcode	: 0x2b000639
cpu MHz		: 3800.000
cache size	: 107520 KB
physical id	: 0
siblings	: 56
core id		: 1
cpu cores	: 56
apicid		: 2
initial apicid	: 2
fpu		: yes
fpu_exception	: yes
cpuid level	: 32
wp		: yes
flags		: fpu vme de pse tsc msr pae mce cx8 apic sep mtrr pge mca cmov pat pse36 clflush dts acpi mmx fxsr sse sse2 ss ht tm pbe syscall nx pdpe1gb rdtscp lm constant_tsc art arch_perfmon pebs bts rep_good nopl xtopology nonstop_tsc cpuid aperfmperf tsc_known_freq pni pclmulqdq dtes64 monitor ds_cpl vmx smx est tm2 ssse3 sdbg fma cx16 xtpr pdcm pcid dca sse4_1 sse4_2 x2apic movbe popcnt tsc_deadline_timer aes xsave avx f16c rdrand lahf_lm abm 3dnowprefetch cpuid_fault epb cat_l3 cat_l2 cdp_l3 cdp_l2 ssbd mba ibrs ibpb stibp ibrs_enhanced tpr_shadow flexpriority ept vpid ept_ad fsgsbase tsc_adjust bmi1 avx2 smep bmi2 erms invpcid cqm rdt_a avx512f avx512dq rdseed adx smap avx512ifma clflushopt clwb intel_pt avx512cd sha_ni avx512bw avx512vl xsaveopt xsavec xgetbv1 xsaves cqm_llc cqm_occup_llc cqm_mbm_total cqm_mbm_local split_lock_detect user_shstk avx_vnni avx512_bf16 wbnoinvd dtherm ida arat pln pts vnmi avx512vbmi umip pku ospke waitpkg avx512_vbmi2 gfni vaes vpclmulqdq avx512_vnni avx512_bitalg avx512_vpopcntdq la57 rdpid bus_lock_detect cldemote movdiri movdir64b enqcmd fsrm md_clear serialize tsxldtrk pconfig arch_lbr ibt amx_bf16 avx512_fp16 amx_tile amx_int8 flush_l1d arch_capabilities
vmx flags	: vnmi preemption_timer posted_intr invvpid ept_x_only ept_ad ept_1gb ept_5level flexpriority apicv tsc_offset vtpr mtf vapic ept vpid unrestricted_guest vapic_reg vid ple shadow_vmcs pml ept_violation_ve ept_mode_based_exec tsc_scaling usr_wait_pause notify_vm_exiting ipi_virt
bugs		: spectre_v1 spectre_v2 spec_store_bypass swapgs eibrs_pbrsb bhi spectre_v2_user old_microcode vmscape
bogomips	: 4000.00
clflush size	: 64
cache_alignment	: 64
address sizes	: 46 bits physical, 57 bits virtual
power management:

processor	: 25
vendor_id	: GenuineIntel
cpu family	: 6
model		: 143
model name	: Intel(R) Xeon(R) Platinum 8480+
stepping	: 8
microcode	: 0x2b000639
cpu MHz		: 2603.594
cache size	: 107520 KB
physical id	: 1
siblings	: 56
core id		: 1
cpu cores	: 56
apicid		: 130
initial apicid	: 130
fpu		: yes
fpu_exception	: yes
cpuid level	: 32
wp		: yes
flags		: fpu vme de pse tsc msr pae mce cx8 apic sep mtrr pge mca cmov pat pse36 clflush dts acpi mmx fxsr sse sse2 ss ht tm pbe syscall nx pdpe1gb rdtscp lm constant_tsc art arch_perfmon pebs bts rep_good nopl xtopology nonstop_tsc cpuid aperfmperf tsc_known_freq pni pclmulqdq dtes64 monitor ds_cpl vmx smx est tm2 ssse3 sdbg fma cx16 xtpr pdcm pcid dca sse4_1 sse4_2 x2apic movbe popcnt tsc_deadline_timer aes xsave avx f16c rdrand lahf_lm abm 3dnowprefetch cpuid_fault epb cat_l3 cat_l2 cdp_l3 cdp_l2 ssbd mba ibrs ibpb stibp ibrs_enhanced tpr_shadow flexpriority ept vpid ept_ad fsgsbase tsc_adjust bmi1 avx2 smep bmi2 erms invpcid cqm rdt_a avx512f avx512dq rdseed adx smap avx512ifma clflushopt clwb intel_pt avx512cd sha_ni avx512bw avx512vl xsaveopt xsavec xgetbv1 xsaves cqm_llc cqm_occup_llc cqm_mbm_total cqm_mbm_local split_lock_detect user_shstk avx_vnni avx512_bf16 wbnoinvd dtherm ida arat pln pts vnmi avx512vbmi umip pku ospke waitpkg avx512_vbmi2 gfni vaes vpclmulqdq avx512_vnni avx512_bitalg avx512_vpopcntdq la57 rdpid bus_lock_detect cldemote movdiri movdir64b enqcmd fsrm md_clear serialize tsxldtrk pconfig arch_lbr ibt amx_bf16 avx512_fp16 amx_tile amx_int8 flush_l1d arch_capabilities
vmx flags	: vnmi preemption_timer posted_intr invvpid ept_x_only ept_ad ept_1gb ept_5level flexpriority apicv tsc_offset vtpr mtf vapic ept vpid unrestricted_guest vapic_reg vid ple shadow_vmcs pml ept_violation_ve ept_mode_based_exec tsc_scaling usr_wait_pause notify_vm_exiting ipi_virt
bugs		: spectre_v1 spectre_v2 spec_store_bypass swapgs eibrs_pbrsb bhi spectre_v2_user old_microcode vmscape
bogomips	: 4000.00
clflush size	: 64
cache_alignment	: 64
address sizes	: 46 bits physical, 57 bits virtual
power management:

processor	: 26
vendor_id	: GenuineIntel
cpu family	: 6
model		: 143
model name	: Intel(R) Xeon(R) Platinum 8480+
stepping	: 8
microcode	: 0x2b000639
cpu MHz		: 3800.000
cache size	: 107520 KB
physical id	: 0
siblings	: 56
core id		: 30
cpu cores	: 56
apicid		: 60
initial apicid	: 60
fpu		: yes
fpu_exception	: yes
cpuid level	: 32
wp		: yes
flags		: fpu vme de pse tsc msr pae mce cx8 apic sep mtrr pge mca cmov pat pse36 clflush dts acpi mmx fxsr sse sse2 ss ht tm pbe syscall nx pdpe1gb rdtscp lm constant_tsc art arch_perfmon pebs bts rep_good nopl xtopology nonstop_tsc cpuid aperfmperf tsc_known_freq pni pclmulqdq dtes64 monitor ds_cpl vmx smx est tm2 ssse3 sdbg fma cx16 xtpr pdcm pcid dca sse4_1 sse4_2 x2apic movbe popcnt tsc_deadline_timer aes xsave avx f16c rdrand lahf_lm abm 3dnowprefetch cpuid_fault epb cat_l3 cat_l2 cdp_l3 cdp_l2 ssbd mba ibrs ibpb stibp ibrs_enhanced tpr_shadow flexpriority ept vpid ept_ad fsgsbase tsc_adjust bmi1 avx2 smep bmi2 erms invpcid cqm rdt_a avx512f avx512dq rdseed adx smap avx512ifma clflushopt clwb intel_pt avx512cd sha_ni avx512bw avx512vl xsaveopt xsavec xgetbv1 xsaves cqm_llc cqm_occup_llc cqm_mbm_total cqm_mbm_local split_lock_detect user_shstk avx_vnni avx512_bf16 wbnoinvd dtherm ida arat pln pts vnmi avx512vbmi umip pku ospke waitpkg avx512_vbmi2 gfni vaes vpclmulqdq avx512_vnni avx512_bitalg avx512_vpopcntdq la57 rdpid bus_lock_detect cldemote movdiri movdir64b enqcmd fsrm md_clear serialize tsxldtrk pconfig arch_lbr ibt amx_bf16 avx512_fp16 amx_tile amx_int8 flush_l1d arch_capabilities
vmx flags	: vnmi preemption_timer posted_intr invvpid ept_x_only ept_ad ept_1gb ept_5level flexpriority apicv tsc_offset vtpr mtf vapic ept vpid unrestricted_guest vapic_reg vid ple shadow_vmcs pml ept_violation_ve ept_mode_based_exec tsc_scaling usr_wait_pause notify_vm_exiting ipi_virt
bugs		: spectre_v1 spectre_v2 spec_store_bypass swapgs eibrs_pbrsb bhi spectre_v2_user old_microcode vmscape
bogomips	: 4000.00
clflush size	: 64
cache_alignment	: 64
address sizes	: 46 bits physical, 57 bits virtual
power management:

processor	: 27
vendor_id	: GenuineIntel
cpu family	: 6
model		: 143
model name	: Intel(R) Xeon(R) Platinum 8480+
stepping	: 8
microcode	: 0x2b000639
cpu MHz		: 2569.004
cache size	: 107520 KB
physical id	: 1
siblings	: 56
core id		: 30
cpu cores	: 56
apicid		: 188
initial apicid	: 188
fpu		: yes
fpu_exception	: yes
cpuid level	: 32
wp		: yes
flags		: fpu vme de pse tsc msr pae mce cx8 apic sep mtrr pge mca cmov pat pse36 clflush dts acpi mmx fxsr sse sse2 ss ht tm pbe syscall nx pdpe1gb rdtscp lm constant_tsc art arch_perfmon pebs bts rep_good nopl xtopology nonstop_tsc cpuid aperfmperf tsc_known_freq pni pclmulqdq dtes64 monitor ds_cpl vmx smx est tm2 ssse3 sdbg fma cx16 xtpr pdcm pcid dca sse4_1 sse4_2 x2apic movbe popcnt tsc_deadline_timer aes xsave avx f16c rdrand lahf_lm abm 3dnowprefetch cpuid_fault epb cat_l3 cat_l2 cdp_l3 cdp_l2 ssbd mba ibrs ibpb stibp ibrs_enhanced tpr_shadow flexpriority ept vpid ept_ad fsgsbase tsc_adjust bmi1 avx2 smep bmi2 erms invpcid cqm rdt_a avx512f avx512dq rdseed adx smap avx512ifma clflushopt clwb intel_pt avx512cd sha_ni avx512bw avx512vl xsaveopt xsavec xgetbv1 xsaves cqm_llc cqm_occup_llc cqm_mbm_total cqm_mbm_local split_lock_detect user_shstk avx_vnni avx512_bf16 wbnoinvd dtherm ida arat pln pts vnmi avx512vbmi umip pku ospke waitpkg avx512_vbmi2 gfni vaes vpclmulqdq avx512_vnni avx512_bitalg avx512_vpopcntdq la57 rdpid bus_lock_detect cldemote movdiri movdir64b enqcmd fsrm md_clear serialize tsxldtrk pconfig arch_lbr ibt amx_bf16 avx512_fp16 amx_tile amx_int8 flush_l1d arch_capabilities
vmx flags	: vnmi preemption_timer posted_intr invvpid ept_x_only ept_ad ept_1gb ept_5level flexpriority apicv tsc_offset vtpr mtf vapic ept vpid unrestricted_guest vapic_reg vid ple shadow_vmcs pml ept_violation_ve ept_mode_based_exec tsc_scaling usr_wait_pause notify_vm_exiting ipi_virt
bugs		: spectre_v1 spectre_v2 spec_store_bypass swapgs eibrs_pbrsb bhi spectre_v2_user old_microcode vmscape
bogomips	: 4000.00
clflush size	: 64
cache_alignment	: 64
address sizes	: 46 bits physical, 57 bits virtual
power management:

processor	: 28
vendor_id	: GenuineIntel
cpu family	: 6
model		: 143
model name	: Intel(R) Xeon(R) Platinum 8480+
stepping	: 8
microcode	: 0x2b000639
cpu MHz		: 2626.436
cache size	: 107520 KB
physical id	: 0
siblings	: 56
core id		: 25
cpu cores	: 56
apicid		: 50
initial apicid	: 50
fpu		: yes
fpu_exception	: yes
cpuid level	: 32
wp		: yes
flags		: fpu vme de pse tsc msr pae mce cx8 apic sep mtrr pge mca cmov pat pse36 clflush dts acpi mmx fxsr sse sse2 ss ht tm pbe syscall nx pdpe1gb rdtscp lm constant_tsc art arch_perfmon pebs bts rep_good nopl xtopology nonstop_tsc cpuid aperfmperf tsc_known_freq pni pclmulqdq dtes64 monitor ds_cpl vmx smx est tm2 ssse3 sdbg fma cx16 xtpr pdcm pcid dca sse4_1 sse4_2 x2apic movbe popcnt tsc_deadline_timer aes xsave avx f16c rdrand lahf_lm abm 3dnowprefetch cpuid_fault epb cat_l3 cat_l2 cdp_l3 cdp_l2 ssbd mba ibrs ibpb stibp ibrs_enhanced tpr_shadow flexpriority ept vpid ept_ad fsgsbase tsc_adjust bmi1 avx2 smep bmi2 erms invpcid cqm rdt_a avx512f avx512dq rdseed adx smap avx512ifma clflushopt clwb intel_pt avx512cd sha_ni avx512bw avx512vl xsaveopt xsavec xgetbv1 xsaves cqm_llc cqm_occup_llc cqm_mbm_total cqm_mbm_local split_lock_detect user_shstk avx_vnni avx512_bf16 wbnoinvd dtherm ida arat pln pts vnmi avx512vbmi umip pku ospke waitpkg avx512_vbmi2 gfni vaes vpclmulqdq avx512_vnni avx512_bitalg avx512_vpopcntdq la57 rdpid bus_lock_detect cldemote movdiri movdir64b enqcmd fsrm md_clear serialize tsxldtrk pconfig arch_lbr ibt amx_bf16 avx512_fp16 amx_tile amx_int8 flush_l1d arch_capabilities
vmx flags	: vnmi preemption_timer posted_intr invvpid ept_x_only ept_ad ept_1gb ept_5level flexpriority apicv tsc_offset vtpr mtf vapic ept vpid unrestricted_guest vapic_reg vid ple shadow_vmcs pml ept_violation_ve ept_mode_based_exec tsc_scaling usr_wait_pause notify_vm_exiting ipi_virt
bugs		: spectre_v1 spectre_v2 spec_store_bypass swapgs eibrs_pbrsb bhi spectre_v2_user old_microcode vmscape
bogomips	: 4000.00
clflush size	: 64
cache_alignment	: 64
address sizes	: 46 bits physical, 57 bits virtual
power management:

processor	: 29
vendor_id	: GenuineIntel
cpu family	: 6
model		: 143
model name	: Intel(R) Xeon(R) Platinum 8480+
stepping	: 8
microcode	: 0x2b000639
cpu MHz		: 3800.000
cache size	: 107520 KB
physical id	: 1
siblings	: 56
core id		: 25
cpu cores	: 56
apicid		: 178
initial apicid	: 178
fpu		: yes
fpu_exception	: yes
cpuid level	: 32
wp		: yes
flags		: fpu vme de pse tsc msr pae mce cx8 apic sep mtrr pge mca cmov pat pse36 clflush dts acpi mmx fxsr sse sse2 ss ht tm pbe syscall nx pdpe1gb rdtscp lm constant_tsc art arch_perfmon pebs bts rep_good nopl xtopology nonstop_tsc cpuid aperfmperf tsc_known_freq pni pclmulqdq dtes64 monitor ds_cpl vmx smx est tm2 ssse3 sdbg fma cx16 xtpr pdcm pcid dca sse4_1 sse4_2 x2apic movbe popcnt tsc_deadline_timer aes xsave avx f16c rdrand lahf_lm abm 3dnowprefetch cpuid_fault epb cat_l3 cat_l2 cdp_l3 cdp_l2 ssbd mba ibrs ibpb stibp ibrs_enhanced tpr_shadow flexpriority ept vpid ept_ad fsgsbase tsc_adjust bmi1 avx2 smep bmi2 erms invpcid cqm rdt_a avx512f avx512dq rdseed adx smap avx512ifma clflushopt clwb intel_pt avx512cd sha_ni avx512bw avx512vl xsaveopt xsavec xgetbv1 xsaves cqm_llc cqm_occup_llc cqm_mbm_total cqm_mbm_local split_lock_detect user_shstk avx_vnni avx512_bf16 wbnoinvd dtherm ida arat pln pts vnmi avx512vbmi umip pku ospke waitpkg avx512_vbmi2 gfni vaes vpclmulqdq avx512_vnni avx512_bitalg avx512_vpopcntdq la57 rdpid bus_lock_detect cldemote movdiri movdir64b enqcmd fsrm md_clear serialize tsxldtrk pconfig arch_lbr ibt amx_bf16 avx512_fp16 amx_tile amx_int8 flush_l1d arch_capabilities
vmx flags	: vnmi preemption_timer posted_intr invvpid ept_x_only ept_ad ept_1gb ept_5level flexpriority apicv tsc_offset vtpr mtf vapic ept vpid unrestricted_guest vapic_reg vid ple shadow_vmcs pml ept_violation_ve ept_mode_based_exec tsc_scaling usr_wait_pause notify_vm_exiting ipi_virt
bugs		: spectre_v1 spectre_v2 spec_store_bypass swapgs eibrs_pbrsb bhi spectre_v2_user old_microcode vmscape
bogomips	: 4000.00
clflush size	: 64
cache_alignment	: 64
address sizes	: 46 bits physical, 57 bits virtual
power management:

processor	: 30
vendor_id	: GenuineIntel
cpu family	: 6
model		: 143
model name	: Intel(R) Xeon(R) Platinum 8480+
stepping	: 8
microcode	: 0x2b000639
cpu MHz		: 2998.083
cache size	: 107520 KB
physical id	: 0
siblings	: 56
core id		: 54
cpu cores	: 56
apicid		: 108
initial apicid	: 108
fpu		: yes
fpu_exception	: yes
cpuid level	: 32
wp		: yes
flags		: fpu vme de pse tsc msr pae mce cx8 apic sep mtrr pge mca cmov pat pse36 clflush dts acpi mmx fxsr sse sse2 ss ht tm pbe syscall nx pdpe1gb rdtscp lm constant_tsc art arch_perfmon pebs bts rep_good nopl xtopology nonstop_tsc cpuid aperfmperf tsc_known_freq pni pclmulqdq dtes64 monitor ds_cpl vmx smx est tm2 ssse3 sdbg fma cx16 xtpr pdcm pcid dca sse4_1 sse4_2 x2apic movbe popcnt tsc_deadline_timer aes xsave avx f16c rdrand lahf_lm abm 3dnowprefetch cpuid_fault epb cat_l3 cat_l2 cdp_l3 cdp_l2 ssbd mba ibrs ibpb stibp ibrs_enhanced tpr_shadow flexpriority ept vpid ept_ad fsgsbase tsc_adjust bmi1 avx2 smep bmi2 erms invpcid cqm rdt_a avx512f avx512dq rdseed adx smap avx512ifma clflushopt clwb intel_pt avx512cd sha_ni avx512bw avx512vl xsaveopt xsavec xgetbv1 xsaves cqm_llc cqm_occup_llc cqm_mbm_total cqm_mbm_local split_lock_detect user_shstk avx_vnni avx512_bf16 wbnoinvd dtherm ida arat pln pts vnmi avx512vbmi umip pku ospke waitpkg avx512_vbmi2 gfni vaes vpclmulqdq avx512_vnni avx512_bitalg avx512_vpopcntdq la57 rdpid bus_lock_detect cldemote movdiri movdir64b enqcmd fsrm md_clear serialize tsxldtrk pconfig arch_lbr ibt amx_bf16 avx512_fp16 amx_tile amx_int8 flush_l1d arch_capabilities
vmx flags	: vnmi preemption_timer posted_intr invvpid ept_x_only ept_ad ept_1gb ept_5level flexpriority apicv tsc_offset vtpr mtf vapic ept vpid unrestricted_guest vapic_reg vid ple shadow_vmcs pml ept_violation_ve ept_mode_based_exec tsc_scaling usr_wait_pause notify_vm_exiting ipi_virt
bugs		: spectre_v1 spectre_v2 spec_store_bypass swapgs eibrs_pbrsb bhi spectre_v2_user old_microcode vmscape
bogomips	: 4000.00
clflush size	: 64
cache_alignment	: 64
address sizes	: 46 bits physical, 57 bits virtual
power management:

processor	: 31
vendor_id	: GenuineIntel
cpu family	: 6
model		: 143
model name	: Intel(R) Xeon(R) Platinum 8480+
stepping	: 8
microcode	: 0x2b000639
cpu MHz		: 3800.000
cache size	: 107520 KB
physical id	: 1
siblings	: 56
core id		: 54
cpu cores	: 56
apicid		: 236
initial apicid	: 236
fpu		: yes
fpu_exception	: yes
cpuid level	: 32
wp		: yes
flags		: fpu vme de pse tsc msr pae mce cx8 apic sep mtrr pge mca cmov pat pse36 clflush dts acpi mmx fxsr sse sse2 ss ht tm pbe syscall nx pdpe1gb rdtscp lm constant_tsc art arch_perfmon pebs bts rep_good nopl xtopology nonstop_tsc cpuid aperfmperf tsc_known_freq pni pclmulqdq dtes64 monitor ds_cpl vmx smx est tm2 ssse3 sdbg fma cx16 xtpr pdcm pcid dca sse4_1 sse4_2 x2apic movbe popcnt tsc_deadline_timer aes xsave avx f16c rdrand lahf_lm abm 3dnowprefetch cpuid_fault epb cat_l3 cat_l2 cdp_l3 cdp_l2 ssbd mba ibrs ibpb stibp ibrs_enhanced tpr_shadow flexpriority ept vpid ept_ad fsgsbase tsc_adjust bmi1 avx2 smep bmi2 erms invpcid cqm rdt_a avx512f avx512dq rdseed adx smap avx512ifma clflushopt clwb intel_pt avx512cd sha_ni avx512bw avx512vl xsaveopt xsavec xgetbv1 xsaves cqm_llc cqm_occup_llc cqm_mbm_total cqm_mbm_local split_lock_detect user_shstk avx_vnni avx512_bf16 wbnoinvd dtherm ida arat pln pts vnmi avx512vbmi umip pku ospke waitpkg avx512_vbmi2 gfni vaes vpclmulqdq avx512_vnni avx512_bitalg avx512_vpopcntdq la57 rdpid bus_lock_detect cldemote movdiri movdir64b enqcmd fsrm md_clear serialize tsxldtrk pconfig arch_lbr ibt amx_bf16 avx512_fp16 amx_tile amx_int8 flush_l1d arch_capabilities
vmx flags	: vnmi preemption_timer posted_intr invvpid ept_x_only ept_ad ept_1gb ept_5level flexpriority apicv tsc_offset vtpr mtf vapic ept vpid unrestricted_guest vapic_reg vid ple shadow_vmcs pml ept_violation_ve ept_mode_based_exec tsc_scaling usr_wait_pause notify_vm_exiting ipi_virt
bugs		: spectre_v1 spectre_v2 spec_store_bypass swapgs eibrs_pbrsb bhi spectre_v2_user old_microcode vmscape
bogomips	: 4000.00
clflush size	: 64
cache_alignment	: 64
address sizes	: 46 bits physical, 57 bits virtual
power management:

processor	: 32
vendor_id	: GenuineIntel
cpu family	: 6
model		: 143
model name	: Intel(R) Xeon(R) Platinum 8480+
stepping	: 8
microcode	: 0x2b000639
cpu MHz		: 2609.090
cache size	: 107520 KB
physical id	: 0
siblings	: 56
core id		: 8
cpu cores	: 56
apicid		: 16
initial apicid	: 16
fpu		: yes
fpu_exception	: yes
cpuid level	: 32
wp		: yes
flags		: fpu vme de pse tsc msr pae mce cx8 apic sep mtrr pge mca cmov pat pse36 clflush dts acpi mmx fxsr sse sse2 ss ht tm pbe syscall nx pdpe1gb rdtscp lm constant_tsc art arch_perfmon pebs bts rep_good nopl xtopology nonstop_tsc cpuid aperfmperf tsc_known_freq pni pclmulqdq dtes64 monitor ds_cpl vmx smx est tm2 ssse3 sdbg fma cx16 xtpr pdcm pcid dca sse4_1 sse4_2 x2apic movbe popcnt tsc_deadline_timer aes xsave avx f16c rdrand lahf_lm abm 3dnowprefetch cpuid_fault epb cat_l3 cat_l2 cdp_l3 cdp_l2 ssbd mba ibrs ibpb stibp ibrs_enhanced tpr_shadow flexpriority ept vpid ept_ad fsgsbase tsc_adjust bmi1 avx2 smep bmi2 erms invpcid cqm rdt_a avx512f avx512dq rdseed adx smap avx512ifma clflushopt clwb intel_pt avx512cd sha_ni avx512bw avx512vl xsaveopt xsavec xgetbv1 xsaves cqm_llc cqm_occup_llc cqm_mbm_total cqm_mbm_local split_lock_detect user_shstk avx_vnni avx512_bf16 wbnoinvd dtherm ida arat pln pts vnmi avx512vbmi umip pku ospke waitpkg avx512_vbmi2 gfni vaes vpclmulqdq avx512_vnni avx512_bitalg avx512_vpopcntdq la57 rdpid bus_lock_detect cldemote movdiri movdir64b enqcmd fsrm md_clear serialize tsxldtrk pconfig arch_lbr ibt amx_bf16 avx512_fp16 amx_tile amx_int8 flush_l1d arch_capabilities
vmx flags	: vnmi preemption_timer posted_intr invvpid ept_x_only ept_ad ept_1gb ept_5level flexpriority apicv tsc_offset vtpr mtf vapic ept vpid unrestricted_guest vapic_reg vid ple shadow_vmcs pml ept_violation_ve ept_mode_based_exec tsc_scaling usr_wait_pause notify_vm_exiting ipi_virt
bugs		: spectre_v1 spectre_v2 spec_store_bypass swapgs eibrs_pbrsb bhi spectre_v2_user old_microcode vmscape
bogomips	: 4000.00
clflush size	: 64
cache_alignment	: 64
address sizes	: 46 bits physical, 57 bits virtual
power management:

processor	: 33
vendor_id	: GenuineIntel
cpu family	: 6
model		: 143
model name	: Intel(R) Xeon(R) Platinum 8480+
stepping	: 8
microcode	: 0x2b000639
cpu MHz		: 3800.000
cache size	: 107520 KB
physical id	: 1
siblings	: 56
core id		: 8
cpu cores	: 56
apicid		: 144
initial apicid	: 144
fpu		: yes
fpu_exception	: yes
cpuid level	: 32
wp		: yes
flags		: fpu vme de pse tsc msr pae mce cx8 apic sep mtrr pge mca cmov pat pse36 clflush dts acpi mmx fxsr sse sse2 ss ht tm pbe syscall nx pdpe1gb rdtscp lm constant_tsc art arch_perfmon pebs bts rep_good nopl xtopology nonstop_tsc cpuid aperfmperf tsc_known_freq pni pclmulqdq dtes64 monitor ds_cpl vmx smx est tm2 ssse3 sdbg fma cx16 xtpr pdcm pcid dca sse4_1 sse4_2 x2apic movbe popcnt tsc_deadline_timer aes xsave avx f16c rdrand lahf_lm abm 3dnowprefetch cpuid_fault epb cat_l3 cat_l2 cdp_l3 cdp_l2 ssbd mba ibrs ibpb stibp ibrs_enhanced tpr_shadow flexpriority ept vpid ept_ad fsgsbase tsc_adjust bmi1 avx2 smep bmi2 erms invpcid cqm rdt_a avx512f avx512dq rdseed adx smap avx512ifma clflushopt clwb intel_pt avx512cd sha_ni avx512bw avx512vl xsaveopt xsavec xgetbv1 xsaves cqm_llc cqm_occup_llc cqm_mbm_total cqm_mbm_local split_lock_detect user_shstk avx_vnni avx512_bf16 wbnoinvd dtherm ida arat pln pts vnmi avx512vbmi umip pku ospke waitpkg avx512_vbmi2 gfni vaes vpclmulqdq avx512_vnni avx512_bitalg avx512_vpopcntdq la57 rdpid bus_lock_detect cldemote movdiri movdir64b enqcmd fsrm md_clear serialize tsxldtrk pconfig arch_lbr ibt amx_bf16 avx512_fp16 amx_tile amx_int8 flush_l1d arch_capabilities
vmx flags	: vnmi preemption_timer posted_intr invvpid ept_x_only ept_ad ept_1gb ept_5level flexpriority apicv tsc_offset vtpr mtf vapic ept vpid unrestricted_guest vapic_reg vid ple shadow_vmcs pml ept_violation_ve ept_mode_based_exec tsc_scaling usr_wait_pause notify_vm_exiting ipi_virt
bugs		: spectre_v1 spectre_v2 spec_store_bypass swapgs eibrs_pbrsb bhi spectre_v2_user old_microcode vmscape
bogomips	: 4000.00
clflush size	: 64
cache_alignment	: 64
address sizes	: 46 bits physical, 57 bits virtual
power management:

processor	: 34
vendor_id	: GenuineIntel
cpu family	: 6
model		: 143
model name	: Intel(R) Xeon(R) Platinum 8480+
stepping	: 8
microcode	: 0x2b000639
cpu MHz		: 2557.208
cache size	: 107520 KB
physical id	: 0
siblings	: 56
core id		: 36
cpu cores	: 56
apicid		: 72
initial apicid	: 72
fpu		: yes
fpu_exception	: yes
cpuid level	: 32
wp		: yes
flags		: fpu vme de pse tsc msr pae mce cx8 apic sep mtrr pge mca cmov pat pse36 clflush dts acpi mmx fxsr sse sse2 ss ht tm pbe syscall nx pdpe1gb rdtscp lm constant_tsc art arch_perfmon pebs bts rep_good nopl xtopology nonstop_tsc cpuid aperfmperf tsc_known_freq pni pclmulqdq dtes64 monitor ds_cpl vmx smx est tm2 ssse3 sdbg fma cx16 xtpr pdcm pcid dca sse4_1 sse4_2 x2apic movbe popcnt tsc_deadline_timer aes xsave avx f16c rdrand lahf_lm abm 3dnowprefetch cpuid_fault epb cat_l3 cat_l2 cdp_l3 cdp_l2 ssbd mba ibrs ibpb stibp ibrs_enhanced tpr_shadow flexpriority ept vpid ept_ad fsgsbase tsc_adjust bmi1 avx2 smep bmi2 erms invpcid cqm rdt_a avx512f avx512dq rdseed adx smap avx512ifma clflushopt clwb intel_pt avx512cd sha_ni avx512bw avx512vl xsaveopt xsavec xgetbv1 xsaves cqm_llc cqm_occup_llc cqm_mbm_total cqm_mbm_local split_lock_detect user_shstk avx_vnni avx512_bf16 wbnoinvd dtherm ida arat pln pts vnmi avx512vbmi umip pku ospke waitpkg avx512_vbmi2 gfni vaes vpclmulqdq avx512_vnni avx512_bitalg avx512_vpopcntdq la57 rdpid bus_lock_detect cldemote movdiri movdir64b enqcmd fsrm md_clear serialize tsxldtrk pconfig arch_lbr ibt amx_bf16 avx512_fp16 amx_tile amx_int8 flush_l1d arch_capabilities
vmx flags	: vnmi preemption_timer posted_intr invvpid ept_x_only ept_ad ept_1gb ept_5level flexpriority apicv tsc_offset vtpr mtf vapic ept vpid unrestricted_guest vapic_reg vid ple shadow_vmcs pml ept_violation_ve ept_mode_based_exec tsc_scaling usr_wait_pause notify_vm_exiting ipi_virt
bugs		: spectre_v1 spectre_v2 spec_store_bypass swapgs eibrs_pbrsb bhi spectre_v2_user old_microcode vmscape
bogomips	: 4000.00
clflush size	: 64
cache_alignment	: 64
address sizes	: 46 bits physical, 57 bits virtual
power management:

processor	: 35
vendor_id	: GenuineIntel
cpu family	: 6
model		: 143
model name	: Intel(R) Xeon(R) Platinum 8480+
stepping	: 8
microcode	: 0x2b000639
cpu MHz		: 2783.798
cache size	: 107520 KB
physical id	: 1
siblings	: 56
core id		: 36
cpu cores	: 56
apicid		: 200
initial apicid	: 200
fpu		: yes
fpu_exception	: yes
cpuid level	: 32
wp		: yes
flags		: fpu vme de pse tsc msr pae mce cx8 apic sep mtrr pge mca cmov pat pse36 clflush dts acpi mmx fxsr sse sse2 ss ht tm pbe syscall nx pdpe1gb rdtscp lm constant_tsc art arch_perfmon pebs bts rep_good nopl xtopology nonstop_tsc cpuid aperfmperf tsc_known_freq pni pclmulqdq dtes64 monitor ds_cpl vmx smx est tm2 ssse3 sdbg fma cx16 xtpr pdcm pcid dca sse4_1 sse4_2 x2apic movbe popcnt tsc_deadline_timer aes xsave avx f16c rdrand lahf_lm abm 3dnowprefetch cpuid_fault epb cat_l3 cat_l2 cdp_l3 cdp_l2 ssbd mba ibrs ibpb stibp ibrs_enhanced tpr_shadow flexpriority ept vpid ept_ad fsgsbase tsc_adjust bmi1 avx2 smep bmi2 erms invpcid cqm rdt_a avx512f avx512dq rdseed adx smap avx512ifma clflushopt clwb intel_pt avx512cd sha_ni avx512bw avx512vl xsaveopt xsavec xgetbv1 xsaves cqm_llc cqm_occup_llc cqm_mbm_total cqm_mbm_local split_lock_detect user_shstk avx_vnni avx512_bf16 wbnoinvd dtherm ida arat pln pts vnmi avx512vbmi umip pku ospke waitpkg avx512_vbmi2 gfni vaes vpclmulqdq avx512_vnni avx512_bitalg avx512_vpopcntdq la57 rdpid bus_lock_detect cldemote movdiri movdir64b enqcmd fsrm md_clear serialize tsxldtrk pconfig arch_lbr ibt amx_bf16 avx512_fp16 amx_tile amx_int8 flush_l1d arch_capabilities
vmx flags	: vnmi preemption_timer posted_intr invvpid ept_x_only ept_ad ept_1gb ept_5level flexpriority apicv tsc_offset vtpr mtf vapic ept vpid unrestricted_guest vapic_reg vid ple shadow_vmcs pml ept_violation_ve ept_mode_based_exec tsc_scaling usr_wait_pause notify_vm_exiting ipi_virt
bugs		: spectre_v1 spectre_v2 spec_store_bypass swapgs eibrs_pbrsb bhi spectre_v2_user old_microcode vmscape
bogomips	: 4000.00
clflush size	: 64
cache_alignment	: 64
address sizes	: 46 bits physical, 57 bits virtual
power management:

processor	: 36
vendor_id	: GenuineIntel
cpu family	: 6
model		: 143
model name	: Intel(R) Xeon(R) Platinum 8480+
stepping	: 8
microcode	: 0x2b000639
cpu MHz		: 2576.666
cache size	: 107520 KB
physical id	: 0
siblings	: 56
core id		: 18
cpu cores	: 56
apicid		: 36
initial apicid	: 36
fpu		: yes
fpu_exception	: yes
cpuid level	: 32
wp		: yes
flags		: fpu vme de pse tsc msr pae mce cx8 apic sep mtrr pge mca cmov pat pse36 clflush dts acpi mmx fxsr sse sse2 ss ht tm pbe syscall nx pdpe1gb rdtscp lm constant_tsc art arch_perfmon pebs bts rep_good nopl xtopology nonstop_tsc cpuid aperfmperf tsc_known_freq pni pclmulqdq dtes64 monitor ds_cpl vmx smx est tm2 ssse3 sdbg fma cx16 xtpr pdcm pcid dca sse4_1 sse4_2 x2apic movbe popcnt tsc_deadline_timer aes xsave avx f16c rdrand lahf_lm abm 3dnowprefetch cpuid_fault epb cat_l3 cat_l2 cdp_l3 cdp_l2 ssbd mba ibrs ibpb stibp ibrs_enhanced tpr_shadow flexpriority ept vpid ept_ad fsgsbase tsc_adjust bmi1 avx2 smep bmi2 erms invpcid cqm rdt_a avx512f avx512dq rdseed adx smap avx512ifma clflushopt clwb intel_pt avx512cd sha_ni avx512bw avx512vl xsaveopt xsavec xgetbv1 xsaves cqm_llc cqm_occup_llc cqm_mbm_total cqm_mbm_local split_lock_detect user_shstk avx_vnni avx512_bf16 wbnoinvd dtherm ida arat pln pts vnmi avx512vbmi umip pku ospke waitpkg avx512_vbmi2 gfni vaes vpclmulqdq avx512_vnni avx512_bitalg avx512_vpopcntdq la57 rdpid bus_lock_detect cldemote movdiri movdir64b enqcmd fsrm md_clear serialize tsxldtrk pconfig arch_lbr ibt amx_bf16 avx512_fp16 amx_tile amx_int8 flush_l1d arch_capabilities
vmx flags	: vnmi preemption_timer posted_intr invvpid ept_x_only ept_ad ept_1gb ept_5level flexpriority apicv tsc_offset vtpr mtf vapic ept vpid unrestricted_guest vapic_reg vid ple shadow_vmcs pml ept_violation_ve ept_mode_based_exec tsc_scaling usr_wait_pause notify_vm_exiting ipi_virt
bugs		: spectre_v1 spectre_v2 spec_store_bypass swapgs eibrs_pbrsb bhi spectre_v2_user old_microcode vmscape
bogomips	: 4000.00
clflush size	: 64
cache_alignment	: 64
address sizes	: 46 bits physical, 57 bits virtual
power management:

processor	: 37
vendor_id	: GenuineIntel
cpu family	: 6
model		: 143
model name	: Intel(R) Xeon(R) Platinum 8480+
stepping	: 8
microcode	: 0x2b000639
cpu MHz		: 2825.868
cache size	: 107520 KB
physical id	: 1
siblings	: 56
core id		: 18
cpu cores	: 56
apicid		: 164
initial apicid	: 164
fpu		: yes
fpu_exception	: yes
cpuid level	: 32
wp		: yes
flags		: fpu vme de pse tsc msr pae mce cx8 apic sep mtrr pge mca cmov pat pse36 clflush dts acpi mmx fxsr sse sse2 ss ht tm pbe syscall nx pdpe1gb rdtscp lm constant_tsc art arch_perfmon pebs bts rep_good nopl xtopology nonstop_tsc cpuid aperfmperf tsc_known_freq pni pclmulqdq dtes64 monitor ds_cpl vmx smx est tm2 ssse3 sdbg fma cx16 xtpr pdcm pcid dca sse4_1 sse4_2 x2apic movbe popcnt tsc_deadline_timer aes xsave avx f16c rdrand lahf_lm abm 3dnowprefetch cpuid_fault epb cat_l3 cat_l2 cdp_l3 cdp_l2 ssbd mba ibrs ibpb stibp ibrs_enhanced tpr_shadow flexpriority ept vpid ept_ad fsgsbase tsc_adjust bmi1 avx2 smep bmi2 erms invpcid cqm rdt_a avx512f avx512dq rdseed adx smap avx512ifma clflushopt clwb intel_pt avx512cd sha_ni avx512bw avx512vl xsaveopt xsavec xgetbv1 xsaves cqm_llc cqm_occup_llc cqm_mbm_total cqm_mbm_local split_lock_detect user_shstk avx_vnni avx512_bf16 wbnoinvd dtherm ida arat pln pts vnmi avx512vbmi umip pku ospke waitpkg avx512_vbmi2 gfni vaes vpclmulqdq avx512_vnni avx512_bitalg avx512_vpopcntdq la57 rdpid bus_lock_detect cldemote movdiri movdir64b enqcmd fsrm md_clear serialize tsxldtrk pconfig arch_lbr ibt amx_bf16 avx512_fp16 amx_tile amx_int8 flush_l1d arch_capabilities
vmx flags	: vnmi preemption_timer posted_intr invvpid ept_x_only ept_ad ept_1gb ept_5level flexpriority apicv tsc_offset vtpr mtf vapic ept vpid unrestricted_guest vapic_reg vid ple shadow_vmcs pml ept_violation_ve ept_mode_based_exec tsc_scaling usr_wait_pause notify_vm_exiting ipi_virt
bugs		: spectre_v1 spectre_v2 spec_store_bypass swapgs eibrs_pbrsb bhi spectre_v2_user old_microcode vmscape
bogomips	: 4000.00
clflush size	: 64
cache_alignment	: 64
address sizes	: 46 bits physical, 57 bits virtual
power management:

processor	: 38
vendor_id	: GenuineIntel
cpu family	: 6
model		: 143
model name	: Intel(R) Xeon(R) Platinum 8480+
stepping	: 8
microcode	: 0x2b000639
cpu MHz		: 2579.596
cache size	: 107520 KB
physical id	: 0
siblings	: 56
core id		: 47
cpu cores	: 56
apicid		: 94
initial apicid	: 94
fpu		: yes
fpu_exception	: yes
cpuid level	: 32
wp		: yes
flags		: fpu vme de pse tsc msr pae mce cx8 apic sep mtrr pge mca cmov pat pse36 clflush dts acpi mmx fxsr sse sse2 ss ht tm pbe syscall nx pdpe1gb rdtscp lm constant_tsc art arch_perfmon pebs bts rep_good nopl xtopology nonstop_tsc cpuid aperfmperf tsc_known_freq pni pclmulqdq dtes64 monitor ds_cpl vmx smx est tm2 ssse3 sdbg fma cx16 xtpr pdcm pcid dca sse4_1 sse4_2 x2apic movbe popcnt tsc_deadline_timer aes xsave avx f16c rdrand lahf_lm abm 3dnowprefetch cpuid_fault epb cat_l3 cat_l2 cdp_l3 cdp_l2 ssbd mba ibrs ibpb stibp ibrs_enhanced tpr_shadow flexpriority ept vpid ept_ad fsgsbase tsc_adjust bmi1 avx2 smep bmi2 erms invpcid cqm rdt_a avx512f avx512dq rdseed adx smap avx512ifma clflushopt clwb intel_pt avx512cd sha_ni avx512bw avx512vl xsaveopt xsavec xgetbv1 xsaves cqm_llc cqm_occup_llc cqm_mbm_total cqm_mbm_local split_lock_detect user_shstk avx_vnni avx512_bf16 wbnoinvd dtherm ida arat pln pts vnmi avx512vbmi umip pku ospke waitpkg avx512_vbmi2 gfni vaes vpclmulqdq avx512_vnni avx512_bitalg avx512_vpopcntdq la57 rdpid bus_lock_detect cldemote movdiri movdir64b enqcmd fsrm md_clear serialize tsxldtrk pconfig arch_lbr ibt amx_bf16 avx512_fp16 amx_tile amx_int8 flush_l1d arch_capabilities
vmx flags	: vnmi preemption_timer posted_intr invvpid ept_x_only ept_ad ept_1gb ept_5level flexpriority apicv tsc_offset vtpr mtf vapic ept vpid unrestricted_guest vapic_reg vid ple shadow_vmcs pml ept_violation_ve ept_mode_based_exec tsc_scaling usr_wait_pause notify_vm_exiting ipi_virt
bugs		: spectre_v1 spectre_v2 spec_store_bypass swapgs eibrs_pbrsb bhi spectre_v2_user old_microcode vmscape
bogomips	: 4000.00
clflush size	: 64
cache_alignment	: 64
address sizes	: 46 bits physical, 57 bits virtual
power management:

processor	: 39
vendor_id	: GenuineIntel
cpu family	: 6
model		: 143
model name	: Intel(R) Xeon(R) Platinum 8480+
stepping	: 8
microcode	: 0x2b000639
cpu MHz		: 3800.000
cache size	: 107520 KB
physical id	: 1
siblings	: 56
core id		: 47
cpu cores	: 56
apicid		: 222
initial apicid	: 222
fpu		: yes
fpu_exception	: yes
cpuid level	: 32
wp		: yes
flags		: fpu vme de pse tsc msr pae mce cx8 apic sep mtrr pge mca cmov pat pse36 clflush dts acpi mmx fxsr sse sse2 ss ht tm pbe syscall nx pdpe1gb rdtscp lm constant_tsc art arch_perfmon pebs bts rep_good nopl xtopology nonstop_tsc cpuid aperfmperf tsc_known_freq pni pclmulqdq dtes64 monitor ds_cpl vmx smx est tm2 ssse3 sdbg fma cx16 xtpr pdcm pcid dca sse4_1 sse4_2 x2apic movbe popcnt tsc_deadline_timer aes xsave avx f16c rdrand lahf_lm abm 3dnowprefetch cpuid_fault epb cat_l3 cat_l2 cdp_l3 cdp_l2 ssbd mba ibrs ibpb stibp ibrs_enhanced tpr_shadow flexpriority ept vpid ept_ad fsgsbase tsc_adjust bmi1 avx2 smep bmi2 erms invpcid cqm rdt_a avx512f avx512dq rdseed adx smap avx512ifma clflushopt clwb intel_pt avx512cd sha_ni avx512bw avx512vl xsaveopt xsavec xgetbv1 xsaves cqm_llc cqm_occup_llc cqm_mbm_total cqm_mbm_local split_lock_detect user_shstk avx_vnni avx512_bf16 wbnoinvd dtherm ida arat pln pts vnmi avx512vbmi umip pku ospke waitpkg avx512_vbmi2 gfni vaes vpclmulqdq avx512_vnni avx512_bitalg avx512_vpopcntdq la57 rdpid bus_lock_detect cldemote movdiri movdir64b enqcmd fsrm md_clear serialize tsxldtrk pconfig arch_lbr ibt amx_bf16 avx512_fp16 amx_tile amx_int8 flush_l1d arch_capabilities
vmx flags	: vnmi preemption_timer posted_intr invvpid ept_x_only ept_ad ept_1gb ept_5level flexpriority apicv tsc_offset vtpr mtf vapic ept vpid unrestricted_guest vapic_reg vid ple shadow_vmcs pml ept_violation_ve ept_mode_based_exec tsc_scaling usr_wait_pause notify_vm_exiting ipi_virt
bugs		: spectre_v1 spectre_v2 spec_store_bypass swapgs eibrs_pbrsb bhi spectre_v2_user old_microcode vmscape
bogomips	: 4000.00
clflush size	: 64
cache_alignment	: 64
address sizes	: 46 bits physical, 57 bits virtual
power management:

processor	: 40
vendor_id	: GenuineIntel
cpu family	: 6
model		: 143
model name	: Intel(R) Xeon(R) Platinum 8480+
stepping	: 8
microcode	: 0x2b000639
cpu MHz		: 2650.458
cache size	: 107520 KB
physical id	: 0
siblings	: 56
core id		: 5
cpu cores	: 56
apicid		: 10
initial apicid	: 10
fpu		: yes
fpu_exception	: yes
cpuid level	: 32
wp		: yes
flags		: fpu vme de pse tsc msr pae mce cx8 apic sep mtrr pge mca cmov pat pse36 clflush dts acpi mmx fxsr sse sse2 ss ht tm pbe syscall nx pdpe1gb rdtscp lm constant_tsc art arch_perfmon pebs bts rep_good nopl xtopology nonstop_tsc cpuid aperfmperf tsc_known_freq pni pclmulqdq dtes64 monitor ds_cpl vmx smx est tm2 ssse3 sdbg fma cx16 xtpr pdcm pcid dca sse4_1 sse4_2 x2apic movbe popcnt tsc_deadline_timer aes xsave avx f16c rdrand lahf_lm abm 3dnowprefetch cpuid_fault epb cat_l3 cat_l2 cdp_l3 cdp_l2 ssbd mba ibrs ibpb stibp ibrs_enhanced tpr_shadow flexpriority ept vpid ept_ad fsgsbase tsc_adjust bmi1 avx2 smep bmi2 erms invpcid cqm rdt_a avx512f avx512dq rdseed adx smap avx512ifma clflushopt clwb intel_pt avx512cd sha_ni avx512bw avx512vl xsaveopt xsavec xgetbv1 xsaves cqm_llc cqm_occup_llc cqm_mbm_total cqm_mbm_local split_lock_detect user_shstk avx_vnni avx512_bf16 wbnoinvd dtherm ida arat pln pts vnmi avx512vbmi umip pku ospke waitpkg avx512_vbmi2 gfni vaes vpclmulqdq avx512_vnni avx512_bitalg avx512_vpopcntdq la57 rdpid bus_lock_detect cldemote movdiri movdir64b enqcmd fsrm md_clear serialize tsxldtrk pconfig arch_lbr ibt amx_bf16 avx512_fp16 amx_tile amx_int8 flush_l1d arch_capabilities
vmx flags	: vnmi preemption_timer posted_intr invvpid ept_x_only ept_ad ept_1gb ept_5level flexpriority apicv tsc_offset vtpr mtf vapic ept vpid unrestricted_guest vapic_reg vid ple shadow_vmcs pml ept_violation_ve ept_mode_based_exec tsc_scaling usr_wait_pause notify_vm_exiting ipi_virt
bugs		: spectre_v1 spectre_v2 spec_store_bypass swapgs eibrs_pbrsb bhi spectre_v2_user old_microcode vmscape
bogomips	: 4000.00
clflush size	: 64
cache_alignment	: 64
address sizes	: 46 bits physical, 57 bits virtual
power management:

processor	: 41
vendor_id	: GenuineIntel
cpu family	: 6
model		: 143
model name	: Intel(R) Xeon(R) Platinum 8480+
stepping	: 8
microcode	: 0x2b000639
cpu MHz		: 3800.000
cache size	: 107520 KB
physical id	: 1
siblings	: 56
core id		: 5
cpu cores	: 56
apicid		: 138
initial apicid	: 138
fpu		: yes
fpu_exception	: yes
cpuid level	: 32
wp		: yes
flags		: fpu vme de pse tsc msr pae mce cx8 apic sep mtrr pge mca cmov pat pse36 clflush dts acpi mmx fxsr sse sse2 ss ht tm pbe syscall nx pdpe1gb rdtscp lm constant_tsc art arch_perfmon pebs bts rep_good nopl xtopology nonstop_tsc cpuid aperfmperf tsc_known_freq pni pclmulqdq dtes64 monitor ds_cpl vmx smx est tm2 ssse3 sdbg fma cx16 xtpr pdcm pcid dca sse4_1 sse4_2 x2apic movbe popcnt tsc_deadline_timer aes xsave avx f16c rdrand lahf_lm abm 3dnowprefetch cpuid_fault epb cat_l3 cat_l2 cdp_l3 cdp_l2 ssbd mba ibrs ibpb stibp ibrs_enhanced tpr_shadow flexpriority ept vpid ept_ad fsgsbase tsc_adjust bmi1 avx2 smep bmi2 erms invpcid cqm rdt_a avx512f avx512dq rdseed adx smap avx512ifma clflushopt clwb intel_pt avx512cd sha_ni avx512bw avx512vl xsaveopt xsavec xgetbv1 xsaves cqm_llc cqm_occup_llc cqm_mbm_total cqm_mbm_local split_lock_detect user_shstk avx_vnni avx512_bf16 wbnoinvd dtherm ida arat pln pts vnmi avx512vbmi umip pku ospke waitpkg avx512_vbmi2 gfni vaes vpclmulqdq avx512_vnni avx512_bitalg avx512_vpopcntdq la57 rdpid bus_lock_detect cldemote movdiri movdir64b enqcmd fsrm md_clear serialize tsxldtrk pconfig arch_lbr ibt amx_bf16 avx512_fp16 amx_tile amx_int8 flush_l1d arch_capabilities
vmx flags	: vnmi preemption_timer posted_intr invvpid ept_x_only ept_ad ept_1gb ept_5level flexpriority apicv tsc_offset vtpr mtf vapic ept vpid unrestricted_guest vapic_reg vid ple shadow_vmcs pml ept_violation_ve ept_mode_based_exec tsc_scaling usr_wait_pause notify_vm_exiting ipi_virt
bugs		: spectre_v1 spectre_v2 spec_store_bypass swapgs eibrs_pbrsb bhi spectre_v2_user old_microcode vmscape
bogomips	: 4000.00
clflush size	: 64
cache_alignment	: 64
address sizes	: 46 bits physical, 57 bits virtual
power management:

processor	: 42
vendor_id	: GenuineIntel
cpu family	: 6
model		: 143
model name	: Intel(R) Xeon(R) Platinum 8480+
stepping	: 8
microcode	: 0x2b000639
cpu MHz		: 3800.000
cache size	: 107520 KB
physical id	: 0
siblings	: 56
core id		: 33
cpu cores	: 56
apicid		: 66
initial apicid	: 66
fpu		: yes
fpu_exception	: yes
cpuid level	: 32
wp		: yes
flags		: fpu vme de pse tsc msr pae mce cx8 apic sep mtrr pge mca cmov pat pse36 clflush dts acpi mmx fxsr sse sse2 ss ht tm pbe syscall nx pdpe1gb rdtscp lm constant_tsc art arch_perfmon pebs bts rep_good nopl xtopology nonstop_tsc cpuid aperfmperf tsc_known_freq pni pclmulqdq dtes64 monitor ds_cpl vmx smx est tm2 ssse3 sdbg fma cx16 xtpr pdcm pcid dca sse4_1 sse4_2 x2apic movbe popcnt tsc_deadline_timer aes xsave avx f16c rdrand lahf_lm abm 3dnowprefetch cpuid_fault epb cat_l3 cat_l2 cdp_l3 cdp_l2 ssbd mba ibrs ibpb stibp ibrs_enhanced tpr_shadow flexpriority ept vpid ept_ad fsgsbase tsc_adjust bmi1 avx2 smep bmi2 erms invpcid cqm rdt_a avx512f avx512dq rdseed adx smap avx512ifma clflushopt clwb intel_pt avx512cd sha_ni avx512bw avx512vl xsaveopt xsavec xgetbv1 xsaves cqm_llc cqm_occup_llc cqm_mbm_total cqm_mbm_local split_lock_detect user_shstk avx_vnni avx512_bf16 wbnoinvd dtherm ida arat pln pts vnmi avx512vbmi umip pku ospke waitpkg avx512_vbmi2 gfni vaes vpclmulqdq avx512_vnni avx512_bitalg avx512_vpopcntdq la57 rdpid bus_lock_detect cldemote movdiri movdir64b enqcmd fsrm md_clear serialize tsxldtrk pconfig arch_lbr ibt amx_bf16 avx512_fp16 amx_tile amx_int8 flush_l1d arch_capabilities
vmx flags	: vnmi preemption_timer posted_intr invvpid ept_x_only ept_ad ept_1gb ept_5level flexpriority apicv tsc_offset vtpr mtf vapic ept vpid unrestricted_guest vapic_reg vid ple shadow_vmcs pml ept_violation_ve ept_mode_based_exec tsc_scaling usr_wait_pause notify_vm_exiting ipi_virt
bugs		: spectre_v1 spectre_v2 spec_store_bypass swapgs eibrs_pbrsb bhi spectre_v2_user old_microcode vmscape
bogomips	: 4000.00
clflush size	: 64
cache_alignment	: 64
address sizes	: 46 bits physical, 57 bits virtual
power management:

processor	: 43
vendor_id	: GenuineIntel
cpu family	: 6
model		: 143
model name	: Intel(R) Xeon(R) Platinum 8480+
stepping	: 8
microcode	: 0x2b000639
cpu MHz		: 3800.000
cache size	: 107520 KB
physical id	: 1
siblings	: 56
core id		: 33
cpu cores	: 56
apicid		: 194
initial apicid	: 194
fpu		: yes
fpu_exception	: yes
cpuid level	: 32
wp		: yes
flags		: fpu vme de pse tsc msr pae mce cx8 apic sep mtrr pge mca cmov pat pse36 clflush dts acpi mmx fxsr sse sse2 ss ht tm pbe syscall nx pdpe1gb rdtscp lm constant_tsc art arch_perfmon pebs bts rep_good nopl xtopology nonstop_tsc cpuid aperfmperf tsc_known_freq pni pclmulqdq dtes64 monitor ds_cpl vmx smx est tm2 ssse3 sdbg fma cx16 xtpr pdcm pcid dca sse4_1 sse4_2 x2apic movbe popcnt tsc_deadline_timer aes xsave avx f16c rdrand lahf_lm abm 3dnowprefetch cpuid_fault epb cat_l3 cat_l2 cdp_l3 cdp_l2 ssbd mba ibrs ibpb stibp ibrs_enhanced tpr_shadow flexpriority ept vpid ept_ad fsgsbase tsc_adjust bmi1 avx2 smep bmi2 erms invpcid cqm rdt_a avx512f avx512dq rdseed adx smap avx512ifma clflushopt clwb intel_pt avx512cd sha_ni avx512bw avx512vl xsaveopt xsavec xgetbv1 xsaves cqm_llc cqm_occup_llc cqm_mbm_total cqm_mbm_local split_lock_detect user_shstk avx_vnni avx512_bf16 wbnoinvd dtherm ida arat pln pts vnmi avx512vbmi umip pku ospke waitpkg avx512_vbmi2 gfni vaes vpclmulqdq avx512_vnni avx512_bitalg avx512_vpopcntdq la57 rdpid bus_lock_detect cldemote movdiri movdir64b enqcmd fsrm md_clear serialize tsxldtrk pconfig arch_lbr ibt amx_bf16 avx512_fp16 amx_tile amx_int8 flush_l1d arch_capabilities
vmx flags	: vnmi preemption_timer posted_intr invvpid ept_x_only ept_ad ept_1gb ept_5level flexpriority apicv tsc_offset vtpr mtf vapic ept vpid unrestricted_guest vapic_reg vid ple shadow_vmcs pml ept_violation_ve ept_mode_based_exec tsc_scaling usr_wait_pause notify_vm_exiting ipi_virt
bugs		: spectre_v1 spectre_v2 spec_store_bypass swapgs eibrs_pbrsb bhi spectre_v2_user old_microcode vmscape
bogomips	: 4000.00
clflush size	: 64
cache_alignment	: 64
address sizes	: 46 bits physical, 57 bits virtual
power management:

processor	: 44
vendor_id	: GenuineIntel
cpu family	: 6
model		: 143
model name	: Intel(R) Xeon(R) Platinum 8480+
stepping	: 8
microcode	: 0x2b000639
cpu MHz		: 3800.000
cache size	: 107520 KB
physical id	: 0
siblings	: 56
core id		: 22
cpu cores	: 56
apicid		: 44
initial apicid	: 44
fpu		: yes
fpu_exception	: yes
cpuid level	: 32
wp		: yes
flags		: fpu vme de pse tsc msr pae mce cx8 apic sep mtrr pge mca cmov pat pse36 clflush dts acpi mmx fxsr sse sse2 ss ht tm pbe syscall nx pdpe1gb rdtscp lm constant_tsc art arch_perfmon pebs bts rep_good nopl xtopology nonstop_tsc cpuid aperfmperf tsc_known_freq pni pclmulqdq dtes64 monitor ds_cpl vmx smx est tm2 ssse3 sdbg fma cx16 xtpr pdcm pcid dca sse4_1 sse4_2 x2apic movbe popcnt tsc_deadline_timer aes xsave avx f16c rdrand lahf_lm abm 3dnowprefetch cpuid_fault epb cat_l3 cat_l2 cdp_l3 cdp_l2 ssbd mba ibrs ibpb stibp ibrs_enhanced tpr_shadow flexpriority ept vpid ept_ad fsgsbase tsc_adjust bmi1 avx2 smep bmi2 erms invpcid cqm rdt_a avx512f avx512dq rdseed adx smap avx512ifma clflushopt clwb intel_pt avx512cd sha_ni avx512bw avx512vl xsaveopt xsavec xgetbv1 xsaves cqm_llc cqm_occup_llc cqm_mbm_total cqm_mbm_local split_lock_detect user_shstk avx_vnni avx512_bf16 wbnoinvd dtherm ida arat pln pts vnmi avx512vbmi umip pku ospke waitpkg avx512_vbmi2 gfni vaes vpclmulqdq avx512_vnni avx512_bitalg avx512_vpopcntdq la57 rdpid bus_lock_detect cldemote movdiri movdir64b enqcmd fsrm md_clear serialize tsxldtrk pconfig arch_lbr ibt amx_bf16 avx512_fp16 amx_tile amx_int8 flush_l1d arch_capabilities
vmx flags	: vnmi preemption_timer posted_intr invvpid ept_x_only ept_ad ept_1gb ept_5level flexpriority apicv tsc_offset vtpr mtf vapic ept vpid unrestricted_guest vapic_reg vid ple shadow_vmcs pml ept_violation_ve ept_mode_based_exec tsc_scaling usr_wait_pause notify_vm_exiting ipi_virt
bugs		: spectre_v1 spectre_v2 spec_store_bypass swapgs eibrs_pbrsb bhi spectre_v2_user old_microcode vmscape
bogomips	: 4000.00
clflush size	: 64
cache_alignment	: 64
address sizes	: 46 bits physical, 57 bits virtual
power management:

processor	: 45
vendor_id	: GenuineIntel
cpu family	: 6
model		: 143
model name	: Intel(R) Xeon(R) Platinum 8480+
stepping	: 8
microcode	: 0x2b000639
cpu MHz		: 3800.000
cache size	: 107520 KB
physical id	: 1
siblings	: 56
core id		: 22
cpu cores	: 56
apicid		: 172
initial apicid	: 172
fpu		: yes
fpu_exception	: yes
cpuid level	: 32
wp		: yes
flags		: fpu vme de pse tsc msr pae mce cx8 apic sep mtrr pge mca cmov pat pse36 clflush dts acpi mmx fxsr sse sse2 ss ht tm pbe syscall nx pdpe1gb rdtscp lm constant_tsc art arch_perfmon pebs bts rep_good nopl xtopology nonstop_tsc cpuid aperfmperf tsc_known_freq pni pclmulqdq dtes64 monitor ds_cpl vmx smx est tm2 ssse3 sdbg fma cx16 xtpr pdcm pcid dca sse4_1 sse4_2 x2apic movbe popcnt tsc_deadline_timer aes xsave avx f16c rdrand lahf_lm abm 3dnowprefetch cpuid_fault epb cat_l3 cat_l2 cdp_l3 cdp_l2 ssbd mba ibrs ibpb stibp ibrs_enhanced tpr_shadow flexpriority ept vpid ept_ad fsgsbase tsc_adjust bmi1 avx2 smep bmi2 erms invpcid cqm rdt_a avx512f avx512dq rdseed adx smap avx512ifma clflushopt clwb intel_pt avx512cd sha_ni avx512bw avx512vl xsaveopt xsavec xgetbv1 xsaves cqm_llc cqm_occup_llc cqm_mbm_total cqm_mbm_local split_lock_detect user_shstk avx_vnni avx512_bf16 wbnoinvd dtherm ida arat pln pts vnmi avx512vbmi umip pku ospke waitpkg avx512_vbmi2 gfni vaes vpclmulqdq avx512_vnni avx512_bitalg avx512_vpopcntdq la57 rdpid bus_lock_detect cldemote movdiri movdir64b enqcmd fsrm md_clear serialize tsxldtrk pconfig arch_lbr ibt amx_bf16 avx512_fp16 amx_tile amx_int8 flush_l1d arch_capabilities
vmx flags	: vnmi preemption_timer posted_intr invvpid ept_x_only ept_ad ept_1gb ept_5level flexpriority apicv tsc_offset vtpr mtf vapic ept vpid unrestricted_guest vapic_reg vid ple shadow_vmcs pml ept_violation_ve ept_mode_based_exec tsc_scaling usr_wait_pause notify_vm_exiting ipi_virt
bugs		: spectre_v1 spectre_v2 spec_store_bypass swapgs eibrs_pbrsb bhi spectre_v2_user old_microcode vmscape
bogomips	: 4000.00
clflush size	: 64
cache_alignment	: 64
address sizes	: 46 bits physical, 57 bits virtual
power management:

processor	: 46
vendor_id	: GenuineIntel
cpu family	: 6
model		: 143
model name	: Intel(R) Xeon(R) Platinum 8480+
stepping	: 8
microcode	: 0x2b000639
cpu MHz		: 3800.000
cache size	: 107520 KB
physical id	: 0
siblings	: 56
core id		: 50
cpu cores	: 56
apicid		: 100
initial apicid	: 100
fpu		: yes
fpu_exception	: yes
cpuid level	: 32
wp		: yes
flags		: fpu vme de pse tsc msr pae mce cx8 apic sep mtrr pge mca cmov pat pse36 clflush dts acpi mmx fxsr sse sse2 ss ht tm pbe syscall nx pdpe1gb rdtscp lm constant_tsc art arch_perfmon pebs bts rep_good nopl xtopology nonstop_tsc cpuid aperfmperf tsc_known_freq pni pclmulqdq dtes64 monitor ds_cpl vmx smx est tm2 ssse3 sdbg fma cx16 xtpr pdcm pcid dca sse4_1 sse4_2 x2apic movbe popcnt tsc_deadline_timer aes xsave avx f16c rdrand lahf_lm abm 3dnowprefetch cpuid_fault epb cat_l3 cat_l2 cdp_l3 cdp_l2 ssbd mba ibrs ibpb stibp ibrs_enhanced tpr_shadow flexpriority ept vpid ept_ad fsgsbase tsc_adjust bmi1 avx2 smep bmi2 erms invpcid cqm rdt_a avx512f avx512dq rdseed adx smap avx512ifma clflushopt clwb intel_pt avx512cd sha_ni avx512bw avx512vl xsaveopt xsavec xgetbv1 xsaves cqm_llc cqm_occup_llc cqm_mbm_total cqm_mbm_local split_lock_detect user_shstk avx_vnni avx512_bf16 wbnoinvd dtherm ida arat pln pts vnmi avx512vbmi umip pku ospke waitpkg avx512_vbmi2 gfni vaes vpclmulqdq avx512_vnni avx512_bitalg avx512_vpopcntdq la57 rdpid bus_lock_detect cldemote movdiri movdir64b enqcmd fsrm md_clear serialize tsxldtrk pconfig arch_lbr ibt amx_bf16 avx512_fp16 amx_tile amx_int8 flush_l1d arch_capabilities
vmx flags	: vnmi preemption_timer posted_intr invvpid ept_x_only ept_ad ept_1gb ept_5level flexpriority apicv tsc_offset vtpr mtf vapic ept vpid unrestricted_guest vapic_reg vid ple shadow_vmcs pml ept_violation_ve ept_mode_based_exec tsc_scaling usr_wait_pause notify_vm_exiting ipi_virt
bugs		: spectre_v1 spectre_v2 spec_store_bypass swapgs eibrs_pbrsb bhi spectre_v2_user old_microcode vmscape
bogomips	: 4000.00
clflush size	: 64
cache_alignment	: 64
address sizes	: 46 bits physical, 57 bits virtual
power management:

processor	: 47
vendor_id	: GenuineIntel
cpu family	: 6
model		: 143
model name	: Intel(R) Xeon(R) Platinum 8480+
stepping	: 8
microcode	: 0x2b000639
cpu MHz		: 3800.000
cache size	: 107520 KB
physical id	: 1
siblings	: 56
core id		: 50
cpu cores	: 56
apicid		: 228
initial apicid	: 228
fpu		: yes
fpu_exception	: yes
cpuid level	: 32
wp		: yes
flags		: fpu vme de pse tsc msr pae mce cx8 apic sep mtrr pge mca cmov pat pse36 clflush dts acpi mmx fxsr sse sse2 ss ht tm pbe syscall nx pdpe1gb rdtscp lm constant_tsc art arch_perfmon pebs bts rep_good nopl xtopology nonstop_tsc cpuid aperfmperf tsc_known_freq pni pclmulqdq dtes64 monitor ds_cpl vmx smx est tm2 ssse3 sdbg fma cx16 xtpr pdcm pcid dca sse4_1 sse4_2 x2apic movbe popcnt tsc_deadline_timer aes xsave avx f16c rdrand lahf_lm abm 3dnowprefetch cpuid_fault epb cat_l3 cat_l2 cdp_l3 cdp_l2 ssbd mba ibrs ibpb stibp ibrs_enhanced tpr_shadow flexpriority ept vpid ept_ad fsgsbase tsc_adjust bmi1 avx2 smep bmi2 erms invpcid cqm rdt_a avx512f avx512dq rdseed adx smap avx512ifma clflushopt clwb intel_pt avx512cd sha_ni avx512bw avx512vl xsaveopt xsavec xgetbv1 xsaves cqm_llc cqm_occup_llc cqm_mbm_total cqm_mbm_local split_lock_detect user_shstk avx_vnni avx512_bf16 wbnoinvd dtherm ida arat pln pts vnmi avx512vbmi umip pku ospke waitpkg avx512_vbmi2 gfni vaes vpclmulqdq avx512_vnni avx512_bitalg avx512_vpopcntdq la57 rdpid bus_lock_detect cldemote movdiri movdir64b enqcmd fsrm md_clear serialize tsxldtrk pconfig arch_lbr ibt amx_bf16 avx512_fp16 amx_tile amx_int8 flush_l1d arch_capabilities
vmx flags	: vnmi preemption_timer posted_intr invvpid ept_x_only ept_ad ept_1gb ept_5level flexpriority apicv tsc_offset vtpr mtf vapic ept vpid unrestricted_guest vapic_reg vid ple shadow_vmcs pml ept_violation_ve ept_mode_based_exec tsc_scaling usr_wait_pause notify_vm_exiting ipi_virt
bugs		: spectre_v1 spectre_v2 spec_store_bypass swapgs eibrs_pbrsb bhi spectre_v2_user old_microcode vmscape
bogomips	: 4000.00
clflush size	: 64
cache_alignment	: 64
address sizes	: 46 bits physical, 57 bits virtual
power management:

processor	: 48
vendor_id	: GenuineIntel
cpu family	: 6
model		: 143
model name	: Intel(R) Xeon(R) Platinum 8480+
stepping	: 8
microcode	: 0x2b000639
cpu MHz		: 3800.000
cache size	: 107520 KB
physical id	: 0
siblings	: 56
core id		: 2
cpu cores	: 56
apicid		: 4
initial apicid	: 4
fpu		: yes
fpu_exception	: yes
cpuid level	: 32
wp		: yes
flags		: fpu vme de pse tsc msr pae mce cx8 apic sep mtrr pge mca cmov pat pse36 clflush dts acpi mmx fxsr sse sse2 ss ht tm pbe syscall nx pdpe1gb rdtscp lm constant_tsc art arch_perfmon pebs bts rep_good nopl xtopology nonstop_tsc cpuid aperfmperf tsc_known_freq pni pclmulqdq dtes64 monitor ds_cpl vmx smx est tm2 ssse3 sdbg fma cx16 xtpr pdcm pcid dca sse4_1 sse4_2 x2apic movbe popcnt tsc_deadline_timer aes xsave avx f16c rdrand lahf_lm abm 3dnowprefetch cpuid_fault epb cat_l3 cat_l2 cdp_l3 cdp_l2 ssbd mba ibrs ibpb stibp ibrs_enhanced tpr_shadow flexpriority ept vpid ept_ad fsgsbase tsc_adjust bmi1 avx2 smep bmi2 erms invpcid cqm rdt_a avx512f avx512dq rdseed adx smap avx512ifma clflushopt clwb intel_pt avx512cd sha_ni avx512bw avx512vl xsaveopt xsavec xgetbv1 xsaves cqm_llc cqm_occup_llc cqm_mbm_total cqm_mbm_local split_lock_detect user_shstk avx_vnni avx512_bf16 wbnoinvd dtherm ida arat pln pts vnmi avx512vbmi umip pku ospke waitpkg avx512_vbmi2 gfni vaes vpclmulqdq avx512_vnni avx512_bitalg avx512_vpopcntdq la57 rdpid bus_lock_detect cldemote movdiri movdir64b enqcmd fsrm md_clear serialize tsxldtrk pconfig arch_lbr ibt amx_bf16 avx512_fp16 amx_tile amx_int8 flush_l1d arch_capabilities
vmx flags	: vnmi preemption_timer posted_intr invvpid ept_x_only ept_ad ept_1gb ept_5level flexpriority apicv tsc_offset vtpr mtf vapic ept vpid unrestricted_guest vapic_reg vid ple shadow_vmcs pml ept_violation_ve ept_mode_based_exec tsc_scaling usr_wait_pause notify_vm_exiting ipi_virt
bugs		: spectre_v1 spectre_v2 spec_store_bypass swapgs eibrs_pbrsb bhi spectre_v2_user old_microcode vmscape
bogomips	: 4000.00
clflush size	: 64
cache_alignment	: 64
address sizes	: 46 bits physical, 57 bits virtual
power management:

processor	: 49
vendor_id	: GenuineIntel
cpu family	: 6
model		: 143
model name	: Intel(R) Xeon(R) Platinum 8480+
stepping	: 8
microcode	: 0x2b000639
cpu MHz		: 3800.000
cache size	: 107520 KB
physical id	: 1
siblings	: 56
core id		: 11
cpu cores	: 56
apicid		: 150
initial apicid	: 150
fpu		: yes
fpu_exception	: yes
cpuid level	: 32
wp		: yes
flags		: fpu vme de pse tsc msr pae mce cx8 apic sep mtrr pge mca cmov pat pse36 clflush dts acpi mmx fxsr sse sse2 ss ht tm pbe syscall nx pdpe1gb rdtscp lm constant_tsc art arch_perfmon pebs bts rep_good nopl xtopology nonstop_tsc cpuid aperfmperf tsc_known_freq pni pclmulqdq dtes64 monitor ds_cpl vmx smx est tm2 ssse3 sdbg fma cx16 xtpr pdcm pcid dca sse4_1 sse4_2 x2apic movbe popcnt tsc_deadline_timer aes xsave avx f16c rdrand lahf_lm abm 3dnowprefetch cpuid_fault epb cat_l3 cat_l2 cdp_l3 cdp_l2 ssbd mba ibrs ibpb stibp ibrs_enhanced tpr_shadow flexpriority ept vpid ept_ad fsgsbase tsc_adjust bmi1 avx2 smep bmi2 erms invpcid cqm rdt_a avx512f avx512dq rdseed adx smap avx512ifma clflushopt clwb intel_pt avx512cd sha_ni avx512bw avx512vl xsaveopt xsavec xgetbv1 xsaves cqm_llc cqm_occup_llc cqm_mbm_total cqm_mbm_local split_lock_detect user_shstk avx_vnni avx512_bf16 wbnoinvd dtherm ida arat pln pts vnmi avx512vbmi umip pku ospke waitpkg avx512_vbmi2 gfni vaes vpclmulqdq avx512_vnni avx512_bitalg avx512_vpopcntdq la57 rdpid bus_lock_detect cldemote movdiri movdir64b enqcmd fsrm md_clear serialize tsxldtrk pconfig arch_lbr ibt amx_bf16 avx512_fp16 amx_tile amx_int8 flush_l1d arch_capabilities
vmx flags	: vnmi preemption_timer posted_intr invvpid ept_x_only ept_ad ept_1gb ept_5level flexpriority apicv tsc_offset vtpr mtf vapic ept vpid unrestricted_guest vapic_reg vid ple shadow_vmcs pml ept_violation_ve ept_mode_based_exec tsc_scaling usr_wait_pause notify_vm_exiting ipi_virt
bugs		: spectre_v1 spectre_v2 spec_store_bypass swapgs eibrs_pbrsb bhi spectre_v2_user old_microcode vmscape
bogomips	: 4000.00
clflush size	: 64
cache_alignment	: 64
address sizes	: 46 bits physical, 57 bits virtual
power management:

processor	: 50
vendor_id	: GenuineIntel
cpu family	: 6
model		: 143
model name	: Intel(R) Xeon(R) Platinum 8480+
stepping	: 8
microcode	: 0x2b000639
cpu MHz		: 3800.000
cache size	: 107520 KB
physical id	: 0
siblings	: 56
core id		: 41
cpu cores	: 56
apicid		: 82
initial apicid	: 82
fpu		: yes
fpu_exception	: yes
cpuid level	: 32
wp		: yes
flags		: fpu vme de pse tsc msr pae mce cx8 apic sep mtrr pge mca cmov pat pse36 clflush dts acpi mmx fxsr sse sse2 ss ht tm pbe syscall nx pdpe1gb rdtscp lm constant_tsc art arch_perfmon pebs bts rep_good nopl xtopology nonstop_tsc cpuid aperfmperf tsc_known_freq pni pclmulqdq dtes64 monitor ds_cpl vmx smx est tm2 ssse3 sdbg fma cx16 xtpr pdcm pcid dca sse4_1 sse4_2 x2apic movbe popcnt tsc_deadline_timer aes xsave avx f16c rdrand lahf_lm abm 3dnowprefetch cpuid_fault epb cat_l3 cat_l2 cdp_l3 cdp_l2 ssbd mba ibrs ibpb stibp ibrs_enhanced tpr_shadow flexpriority ept vpid ept_ad fsgsbase tsc_adjust bmi1 avx2 smep bmi2 erms invpcid cqm rdt_a avx512f avx512dq rdseed adx smap avx512ifma clflushopt clwb intel_pt avx512cd sha_ni avx512bw avx512vl xsaveopt xsavec xgetbv1 xsaves cqm_llc cqm_occup_llc cqm_mbm_total cqm_mbm_local split_lock_detect user_shstk avx_vnni avx512_bf16 wbnoinvd dtherm ida arat pln pts vnmi avx512vbmi umip pku ospke waitpkg avx512_vbmi2 gfni vaes vpclmulqdq avx512_vnni avx512_bitalg avx512_vpopcntdq la57 rdpid bus_lock_detect cldemote movdiri movdir64b enqcmd fsrm md_clear serialize tsxldtrk pconfig arch_lbr ibt amx_bf16 avx512_fp16 amx_tile amx_int8 flush_l1d arch_capabilities
vmx flags	: vnmi preemption_timer posted_intr invvpid ept_x_only ept_ad ept_1gb ept_5level flexpriority apicv tsc_offset vtpr mtf vapic ept vpid unrestricted_guest vapic_reg vid ple shadow_vmcs pml ept_violation_ve ept_mode_based_exec tsc_scaling usr_wait_pause notify_vm_exiting ipi_virt
bugs		: spectre_v1 spectre_v2 spec_store_bypass swapgs eibrs_pbrsb bhi spectre_v2_user old_microcode vmscape
bogomips	: 4000.00
clflush size	: 64
cache_alignment	: 64
address sizes	: 46 bits physical, 57 bits virtual
power management:

processor	: 51
vendor_id	: GenuineIntel
cpu family	: 6
model		: 143
model name	: Intel(R) Xeon(R) Platinum 8480+
stepping	: 8
microcode	: 0x2b000639
cpu MHz		: 3800.000
cache size	: 107520 KB
physical id	: 1
siblings	: 56
core id		: 41
cpu cores	: 56
apicid		: 210
initial apicid	: 210
fpu		: yes
fpu_exception	: yes
cpuid level	: 32
wp		: yes
flags		: fpu vme de pse tsc msr pae mce cx8 apic sep mtrr pge mca cmov pat pse36 clflush dts acpi mmx fxsr sse sse2 ss ht tm pbe syscall nx pdpe1gb rdtscp lm constant_tsc art arch_perfmon pebs bts rep_good nopl xtopology nonstop_tsc cpuid aperfmperf tsc_known_freq pni pclmulqdq dtes64 monitor ds_cpl vmx smx est tm2 ssse3 sdbg fma cx16 xtpr pdcm pcid dca sse4_1 sse4_2 x2apic movbe popcnt tsc_deadline_timer aes xsave avx f16c rdrand lahf_lm abm 3dnowprefetch cpuid_fault epb cat_l3 cat_l2 cdp_l3 cdp_l2 ssbd mba ibrs ibpb stibp ibrs_enhanced tpr_shadow flexpriority ept vpid ept_ad fsgsbase tsc_adjust bmi1 avx2 smep bmi2 erms invpcid cqm rdt_a avx512f avx512dq rdseed adx smap avx512ifma clflushopt clwb intel_pt avx512cd sha_ni avx512bw avx512vl xsaveopt xsavec xgetbv1 xsaves cqm_llc cqm_occup_llc cqm_mbm_total cqm_mbm_local split_lock_detect user_shstk avx_vnni avx512_bf16 wbnoinvd dtherm ida arat pln pts vnmi avx512vbmi umip pku ospke waitpkg avx512_vbmi2 gfni vaes vpclmulqdq avx512_vnni avx512_bitalg avx512_vpopcntdq la57 rdpid bus_lock_detect cldemote movdiri movdir64b enqcmd fsrm md_clear serialize tsxldtrk pconfig arch_lbr ibt amx_bf16 avx512_fp16 amx_tile amx_int8 flush_l1d arch_capabilities
vmx flags	: vnmi preemption_timer posted_intr invvpid ept_x_only ept_ad ept_1gb ept_5level flexpriority apicv tsc_offset vtpr mtf vapic ept vpid unrestricted_guest vapic_reg vid ple shadow_vmcs pml ept_violation_ve ept_mode_based_exec tsc_scaling usr_wait_pause notify_vm_exiting ipi_virt
bugs		: spectre_v1 spectre_v2 spec_store_bypass swapgs eibrs_pbrsb bhi spectre_v2_user old_microcode vmscape
bogomips	: 4000.00
clflush size	: 64
cache_alignment	: 64
address sizes	: 46 bits physical, 57 bits virtual
power management:

processor	: 52
vendor_id	: GenuineIntel
cpu family	: 6
model		: 143
model name	: Intel(R) Xeon(R) Platinum 8480+
stepping	: 8
microcode	: 0x2b000639
cpu MHz		: 3800.000
cache size	: 107520 KB
physical id	: 0
siblings	: 56
core id		: 14
cpu cores	: 56
apicid		: 28
initial apicid	: 28
fpu		: yes
fpu_exception	: yes
cpuid level	: 32
wp		: yes
flags		: fpu vme de pse tsc msr pae mce cx8 apic sep mtrr pge mca cmov pat pse36 clflush dts acpi mmx fxsr sse sse2 ss ht tm pbe syscall nx pdpe1gb rdtscp lm constant_tsc art arch_perfmon pebs bts rep_good nopl xtopology nonstop_tsc cpuid aperfmperf tsc_known_freq pni pclmulqdq dtes64 monitor ds_cpl vmx smx est tm2 ssse3 sdbg fma cx16 xtpr pdcm pcid dca sse4_1 sse4_2 x2apic movbe popcnt tsc_deadline_timer aes xsave avx f16c rdrand lahf_lm abm 3dnowprefetch cpuid_fault epb cat_l3 cat_l2 cdp_l3 cdp_l2 ssbd mba ibrs ibpb stibp ibrs_enhanced tpr_shadow flexpriority ept vpid ept_ad fsgsbase tsc_adjust bmi1 avx2 smep bmi2 erms invpcid cqm rdt_a avx512f avx512dq rdseed adx smap avx512ifma clflushopt clwb intel_pt avx512cd sha_ni avx512bw avx512vl xsaveopt xsavec xgetbv1 xsaves cqm_llc cqm_occup_llc cqm_mbm_total cqm_mbm_local split_lock_detect user_shstk avx_vnni avx512_bf16 wbnoinvd dtherm ida arat pln pts vnmi avx512vbmi umip pku ospke waitpkg avx512_vbmi2 gfni vaes vpclmulqdq avx512_vnni avx512_bitalg avx512_vpopcntdq la57 rdpid bus_lock_detect cldemote movdiri movdir64b enqcmd fsrm md_clear serialize tsxldtrk pconfig arch_lbr ibt amx_bf16 avx512_fp16 amx_tile amx_int8 flush_l1d arch_capabilities
vmx flags	: vnmi preemption_timer posted_intr invvpid ept_x_only ept_ad ept_1gb ept_5level flexpriority apicv tsc_offset vtpr mtf vapic ept vpid unrestricted_guest vapic_reg vid ple shadow_vmcs pml ept_violation_ve ept_mode_based_exec tsc_scaling usr_wait_pause notify_vm_exiting ipi_virt
bugs		: spectre_v1 spectre_v2 spec_store_bypass swapgs eibrs_pbrsb bhi spectre_v2_user old_microcode vmscape
bogomips	: 4000.00
clflush size	: 64
cache_alignment	: 64
address sizes	: 46 bits physical, 57 bits virtual
power management:

processor	: 53
vendor_id	: GenuineIntel
cpu family	: 6
model		: 143
model name	: Intel(R) Xeon(R) Platinum 8480+
stepping	: 8
microcode	: 0x2b000639
cpu MHz		: 3800.000
cache size	: 107520 KB
physical id	: 1
siblings	: 56
core id		: 26
cpu cores	: 56
apicid		: 180
initial apicid	: 180
fpu		: yes
fpu_exception	: yes
cpuid level	: 32
wp		: yes
flags		: fpu vme de pse tsc msr pae mce cx8 apic sep mtrr pge mca cmov pat pse36 clflush dts acpi mmx fxsr sse sse2 ss ht tm pbe syscall nx pdpe1gb rdtscp lm constant_tsc art arch_perfmon pebs bts rep_good nopl xtopology nonstop_tsc cpuid aperfmperf tsc_known_freq pni pclmulqdq dtes64 monitor ds_cpl vmx smx est tm2 ssse3 sdbg fma cx16 xtpr pdcm pcid dca sse4_1 sse4_2 x2apic movbe popcnt tsc_deadline_timer aes xsave avx f16c rdrand lahf_lm abm 3dnowprefetch cpuid_fault epb cat_l3 cat_l2 cdp_l3 cdp_l2 ssbd mba ibrs ibpb stibp ibrs_enhanced tpr_shadow flexpriority ept vpid ept_ad fsgsbase tsc_adjust bmi1 avx2 smep bmi2 erms invpcid cqm rdt_a avx512f avx512dq rdseed adx smap avx512ifma clflushopt clwb intel_pt avx512cd sha_ni avx512bw avx512vl xsaveopt xsavec xgetbv1 xsaves cqm_llc cqm_occup_llc cqm_mbm_total cqm_mbm_local split_lock_detect user_shstk avx_vnni avx512_bf16 wbnoinvd dtherm ida arat pln pts vnmi avx512vbmi umip pku ospke waitpkg avx512_vbmi2 gfni vaes vpclmulqdq avx512_vnni avx512_bitalg avx512_vpopcntdq la57 rdpid bus_lock_detect cldemote movdiri movdir64b enqcmd fsrm md_clear serialize tsxldtrk pconfig arch_lbr ibt amx_bf16 avx512_fp16 amx_tile amx_int8 flush_l1d arch_capabilities
vmx flags	: vnmi preemption_timer posted_intr invvpid ept_x_only ept_ad ept_1gb ept_5level flexpriority apicv tsc_offset vtpr mtf vapic ept vpid unrestricted_guest vapic_reg vid ple shadow_vmcs pml ept_violation_ve ept_mode_based_exec tsc_scaling usr_wait_pause notify_vm_exiting ipi_virt
bugs		: spectre_v1 spectre_v2 spec_store_bypass swapgs eibrs_pbrsb bhi spectre_v2_user old_microcode vmscape
bogomips	: 4000.00
clflush size	: 64
cache_alignment	: 64
address sizes	: 46 bits physical, 57 bits virtual
power management:

processor	: 54
vendor_id	: GenuineIntel
cpu family	: 6
model		: 143
model name	: Intel(R) Xeon(R) Platinum 8480+
stepping	: 8
microcode	: 0x2b000639
cpu MHz		: 3800.000
cache size	: 107520 KB
physical id	: 0
siblings	: 56
core id		: 44
cpu cores	: 56
apicid		: 88
initial apicid	: 88
fpu		: yes
fpu_exception	: yes
cpuid level	: 32
wp		: yes
flags		: fpu vme de pse tsc msr pae mce cx8 apic sep mtrr pge mca cmov pat pse36 clflush dts acpi mmx fxsr sse sse2 ss ht tm pbe syscall nx pdpe1gb rdtscp lm constant_tsc art arch_perfmon pebs bts rep_good nopl xtopology nonstop_tsc cpuid aperfmperf tsc_known_freq pni pclmulqdq dtes64 monitor ds_cpl vmx smx est tm2 ssse3 sdbg fma cx16 xtpr pdcm pcid dca sse4_1 sse4_2 x2apic movbe popcnt tsc_deadline_timer aes xsave avx f16c rdrand lahf_lm abm 3dnowprefetch cpuid_fault epb cat_l3 cat_l2 cdp_l3 cdp_l2 ssbd mba ibrs ibpb stibp ibrs_enhanced tpr_shadow flexpriority ept vpid ept_ad fsgsbase tsc_adjust bmi1 avx2 smep bmi2 erms invpcid cqm rdt_a avx512f avx512dq rdseed adx smap avx512ifma clflushopt clwb intel_pt avx512cd sha_ni avx512bw avx512vl xsaveopt xsavec xgetbv1 xsaves cqm_llc cqm_occup_llc cqm_mbm_total cqm_mbm_local split_lock_detect user_shstk avx_vnni avx512_bf16 wbnoinvd dtherm ida arat pln pts vnmi avx512vbmi umip pku ospke waitpkg avx512_vbmi2 gfni vaes vpclmulqdq avx512_vnni avx512_bitalg avx512_vpopcntdq la57 rdpid bus_lock_detect cldemote movdiri movdir64b enqcmd fsrm md_clear serialize tsxldtrk pconfig arch_lbr ibt amx_bf16 avx512_fp16 amx_tile amx_int8 flush_l1d arch_capabilities
vmx flags	: vnmi preemption_timer posted_intr invvpid ept_x_only ept_ad ept_1gb ept_5level flexpriority apicv tsc_offset vtpr mtf vapic ept vpid unrestricted_guest vapic_reg vid ple shadow_vmcs pml ept_violation_ve ept_mode_based_exec tsc_scaling usr_wait_pause notify_vm_exiting ipi_virt
bugs		: spectre_v1 spectre_v2 spec_store_bypass swapgs eibrs_pbrsb bhi spectre_v2_user old_microcode vmscape
bogomips	: 4000.00
clflush size	: 64
cache_alignment	: 64
address sizes	: 46 bits physical, 57 bits virtual
power management:

processor	: 55
vendor_id	: GenuineIntel
cpu family	: 6
model		: 143
model name	: Intel(R) Xeon(R) Platinum 8480+
stepping	: 8
microcode	: 0x2b000639
cpu MHz		: 2784.013
cache size	: 107520 KB
physical id	: 1
siblings	: 56
core id		: 45
cpu cores	: 56
apicid		: 218
initial apicid	: 218
fpu		: yes
fpu_exception	: yes
cpuid level	: 32
wp		: yes
flags		: fpu vme de pse tsc msr pae mce cx8 apic sep mtrr pge mca cmov pat pse36 clflush dts acpi mmx fxsr sse sse2 ss ht tm pbe syscall nx pdpe1gb rdtscp lm constant_tsc art arch_perfmon pebs bts rep_good nopl xtopology nonstop_tsc cpuid aperfmperf tsc_known_freq pni pclmulqdq dtes64 monitor ds_cpl vmx smx est tm2 ssse3 sdbg fma cx16 xtpr pdcm pcid dca sse4_1 sse4_2 x2apic movbe popcnt tsc_deadline_timer aes xsave avx f16c rdrand lahf_lm abm 3dnowprefetch cpuid_fault epb cat_l3 cat_l2 cdp_l3 cdp_l2 ssbd mba ibrs ibpb stibp ibrs_enhanced tpr_shadow flexpriority ept vpid ept_ad fsgsbase tsc_adjust bmi1 avx2 smep bmi2 erms invpcid cqm rdt_a avx512f avx512dq rdseed adx smap avx512ifma clflushopt clwb intel_pt avx512cd sha_ni avx512bw avx512vl xsaveopt xsavec xgetbv1 xsaves cqm_llc cqm_occup_llc cqm_mbm_total cqm_mbm_local split_lock_detect user_shstk avx_vnni avx512_bf16 wbnoinvd dtherm ida arat pln pts vnmi avx512vbmi umip pku ospke waitpkg avx512_vbmi2 gfni vaes vpclmulqdq avx512_vnni avx512_bitalg avx512_vpopcntdq la57 rdpid bus_lock_detect cldemote movdiri movdir64b enqcmd fsrm md_clear serialize tsxldtrk pconfig arch_lbr ibt amx_bf16 avx512_fp16 amx_tile amx_int8 flush_l1d arch_capabilities
vmx flags	: vnmi preemption_timer posted_intr invvpid ept_x_only ept_ad ept_1gb ept_5level flexpriority apicv tsc_offset vtpr mtf vapic ept vpid unrestricted_guest vapic_reg vid ple shadow_vmcs pml ept_violation_ve ept_mode_based_exec tsc_scaling usr_wait_pause notify_vm_exiting ipi_virt
bugs		: spectre_v1 spectre_v2 spec_store_bypass swapgs eibrs_pbrsb bhi spectre_v2_user old_microcode vmscape
bogomips	: 4000.00
clflush size	: 64
cache_alignment	: 64
address sizes	: 46 bits physical, 57 bits virtual
power management:

processor	: 56
vendor_id	: GenuineIntel
cpu family	: 6
model		: 143
model name	: Intel(R) Xeon(R) Platinum 8480+
stepping	: 8
microcode	: 0x2b000639
cpu MHz		: 3800.000
cache size	: 107520 KB
physical id	: 0
siblings	: 56
core id		: 6
cpu cores	: 56
apicid		: 12
initial apicid	: 12
fpu		: yes
fpu_exception	: yes
cpuid level	: 32
wp		: yes
flags		: fpu vme de pse tsc msr pae mce cx8 apic sep mtrr pge mca cmov pat pse36 clflush dts acpi mmx fxsr sse sse2 ss ht tm pbe syscall nx pdpe1gb rdtscp lm constant_tsc art arch_perfmon pebs bts rep_good nopl xtopology nonstop_tsc cpuid aperfmperf tsc_known_freq pni pclmulqdq dtes64 monitor ds_cpl vmx smx est tm2 ssse3 sdbg fma cx16 xtpr pdcm pcid dca sse4_1 sse4_2 x2apic movbe popcnt tsc_deadline_timer aes xsave avx f16c rdrand lahf_lm abm 3dnowprefetch cpuid_fault epb cat_l3 cat_l2 cdp_l3 cdp_l2 ssbd mba ibrs ibpb stibp ibrs_enhanced tpr_shadow flexpriority ept vpid ept_ad fsgsbase tsc_adjust bmi1 avx2 smep bmi2 erms invpcid cqm rdt_a avx512f avx512dq rdseed adx smap avx512ifma clflushopt clwb intel_pt avx512cd sha_ni avx512bw avx512vl xsaveopt xsavec xgetbv1 xsaves cqm_llc cqm_occup_llc cqm_mbm_total cqm_mbm_local split_lock_detect user_shstk avx_vnni avx512_bf16 wbnoinvd dtherm ida arat pln pts vnmi avx512vbmi umip pku ospke waitpkg avx512_vbmi2 gfni vaes vpclmulqdq avx512_vnni avx512_bitalg avx512_vpopcntdq la57 rdpid bus_lock_detect cldemote movdiri movdir64b enqcmd fsrm md_clear serialize tsxldtrk pconfig arch_lbr ibt amx_bf16 avx512_fp16 amx_tile amx_int8 flush_l1d arch_capabilities
vmx flags	: vnmi preemption_timer posted_intr invvpid ept_x_only ept_ad ept_1gb ept_5level flexpriority apicv tsc_offset vtpr mtf vapic ept vpid unrestricted_guest vapic_reg vid ple shadow_vmcs pml ept_violation_ve ept_mode_based_exec tsc_scaling usr_wait_pause notify_vm_exiting ipi_virt
bugs		: spectre_v1 spectre_v2 spec_store_bypass swapgs eibrs_pbrsb bhi spectre_v2_user old_microcode vmscape
bogomips	: 4000.00
clflush size	: 64
cache_alignment	: 64
address sizes	: 46 bits physical, 57 bits virtual
power management:

processor	: 57
vendor_id	: GenuineIntel
cpu family	: 6
model		: 143
model name	: Intel(R) Xeon(R) Platinum 8480+
stepping	: 8
microcode	: 0x2b000639
cpu MHz		: 3800.000
cache size	: 107520 KB
physical id	: 1
siblings	: 56
core id		: 2
cpu cores	: 56
apicid		: 132
initial apicid	: 132
fpu		: yes
fpu_exception	: yes
cpuid level	: 32
wp		: yes
flags		: fpu vme de pse tsc msr pae mce cx8 apic sep mtrr pge mca cmov pat pse36 clflush dts acpi mmx fxsr sse sse2 ss ht tm pbe syscall nx pdpe1gb rdtscp lm constant_tsc art arch_perfmon pebs bts rep_good nopl xtopology nonstop_tsc cpuid aperfmperf tsc_known_freq pni pclmulqdq dtes64 monitor ds_cpl vmx smx est tm2 ssse3 sdbg fma cx16 xtpr pdcm pcid dca sse4_1 sse4_2 x2apic movbe popcnt tsc_deadline_timer aes xsave avx f16c rdrand lahf_lm abm 3dnowprefetch cpuid_fault epb cat_l3 cat_l2 cdp_l3 cdp_l2 ssbd mba ibrs ibpb stibp ibrs_enhanced tpr_shadow flexpriority ept vpid ept_ad fsgsbase tsc_adjust bmi1 avx2 smep bmi2 erms invpcid cqm rdt_a avx512f avx512dq rdseed adx smap avx512ifma clflushopt clwb intel_pt avx512cd sha_ni avx512bw avx512vl xsaveopt xsavec xgetbv1 xsaves cqm_llc cqm_occup_llc cqm_mbm_total cqm_mbm_local split_lock_detect user_shstk avx_vnni avx512_bf16 wbnoinvd dtherm ida arat pln pts vnmi avx512vbmi umip pku ospke waitpkg avx512_vbmi2 gfni vaes vpclmulqdq avx512_vnni avx512_bitalg avx512_vpopcntdq la57 rdpid bus_lock_detect cldemote movdiri movdir64b enqcmd fsrm md_clear serialize tsxldtrk pconfig arch_lbr ibt amx_bf16 avx512_fp16 amx_tile amx_int8 flush_l1d arch_capabilities
vmx flags	: vnmi preemption_timer posted_intr invvpid ept_x_only ept_ad ept_1gb ept_5level flexpriority apicv tsc_offset vtpr mtf vapic ept vpid unrestricted_guest vapic_reg vid ple shadow_vmcs pml ept_violation_ve ept_mode_based_exec tsc_scaling usr_wait_pause notify_vm_exiting ipi_virt
bugs		: spectre_v1 spectre_v2 spec_store_bypass swapgs eibrs_pbrsb bhi spectre_v2_user old_microcode vmscape
bogomips	: 4000.00
clflush size	: 64
cache_alignment	: 64
address sizes	: 46 bits physical, 57 bits virtual
power management:

processor	: 58
vendor_id	: GenuineIntel
cpu family	: 6
model		: 143
model name	: Intel(R) Xeon(R) Platinum 8480+
stepping	: 8
microcode	: 0x2b000639
cpu MHz		: 3800.000
cache size	: 107520 KB
physical id	: 0
siblings	: 56
core id		: 29
cpu cores	: 56
apicid		: 58
initial apicid	: 58
fpu		: yes
fpu_exception	: yes
cpuid level	: 32
wp		: yes
flags		: fpu vme de pse tsc msr pae mce cx8 apic sep mtrr pge mca cmov pat pse36 clflush dts acpi mmx fxsr sse sse2 ss ht tm pbe syscall nx pdpe1gb rdtscp lm constant_tsc art arch_perfmon pebs bts rep_good nopl xtopology nonstop_tsc cpuid aperfmperf tsc_known_freq pni pclmulqdq dtes64 monitor ds_cpl vmx smx est tm2 ssse3 sdbg fma cx16 xtpr pdcm pcid dca sse4_1 sse4_2 x2apic movbe popcnt tsc_deadline_timer aes xsave avx f16c rdrand lahf_lm abm 3dnowprefetch cpuid_fault epb cat_l3 cat_l2 cdp_l3 cdp_l2 ssbd mba ibrs ibpb stibp ibrs_enhanced tpr_shadow flexpriority ept vpid ept_ad fsgsbase tsc_adjust bmi1 avx2 smep bmi2 erms invpcid cqm rdt_a avx512f avx512dq rdseed adx smap avx512ifma clflushopt clwb intel_pt avx512cd sha_ni avx512bw avx512vl xsaveopt xsavec xgetbv1 xsaves cqm_llc cqm_occup_llc cqm_mbm_total cqm_mbm_local split_lock_detect user_shstk avx_vnni avx512_bf16 wbnoinvd dtherm ida arat pln pts vnmi avx512vbmi umip pku ospke waitpkg avx512_vbmi2 gfni vaes vpclmulqdq avx512_vnni avx512_bitalg avx512_vpopcntdq la57 rdpid bus_lock_detect cldemote movdiri movdir64b enqcmd fsrm md_clear serialize tsxldtrk pconfig arch_lbr ibt amx_bf16 avx512_fp16 amx_tile amx_int8 flush_l1d arch_capabilities
vmx flags	: vnmi preemption_timer posted_intr invvpid ept_x_only ept_ad ept_1gb ept_5level flexpriority apicv tsc_offset vtpr mtf vapic ept vpid unrestricted_guest vapic_reg vid ple shadow_vmcs pml ept_violation_ve ept_mode_based_exec tsc_scaling usr_wait_pause notify_vm_exiting ipi_virt
bugs		: spectre_v1 spectre_v2 spec_store_bypass swapgs eibrs_pbrsb bhi spectre_v2_user old_microcode vmscape
bogomips	: 4000.00
clflush size	: 64
cache_alignment	: 64
address sizes	: 46 bits physical, 57 bits virtual
power management:

processor	: 59
vendor_id	: GenuineIntel
cpu family	: 6
model		: 143
model name	: Intel(R) Xeon(R) Platinum 8480+
stepping	: 8
microcode	: 0x2b000639
cpu MHz		: 3800.000
cache size	: 107520 KB
physical id	: 1
siblings	: 56
core id		: 29
cpu cores	: 56
apicid		: 186
initial apicid	: 186
fpu		: yes
fpu_exception	: yes
cpuid level	: 32
wp		: yes
flags		: fpu vme de pse tsc msr pae mce cx8 apic sep mtrr pge mca cmov pat pse36 clflush dts acpi mmx fxsr sse sse2 ss ht tm pbe syscall nx pdpe1gb rdtscp lm constant_tsc art arch_perfmon pebs bts rep_good nopl xtopology nonstop_tsc cpuid aperfmperf tsc_known_freq pni pclmulqdq dtes64 monitor ds_cpl vmx smx est tm2 ssse3 sdbg fma cx16 xtpr pdcm pcid dca sse4_1 sse4_2 x2apic movbe popcnt tsc_deadline_timer aes xsave avx f16c rdrand lahf_lm abm 3dnowprefetch cpuid_fault epb cat_l3 cat_l2 cdp_l3 cdp_l2 ssbd mba ibrs ibpb stibp ibrs_enhanced tpr_shadow flexpriority ept vpid ept_ad fsgsbase tsc_adjust bmi1 avx2 smep bmi2 erms invpcid cqm rdt_a avx512f avx512dq rdseed adx smap avx512ifma clflushopt clwb intel_pt avx512cd sha_ni avx512bw avx512vl xsaveopt xsavec xgetbv1 xsaves cqm_llc cqm_occup_llc cqm_mbm_total cqm_mbm_local split_lock_detect user_shstk avx_vnni avx512_bf16 wbnoinvd dtherm ida arat pln pts vnmi avx512vbmi umip pku ospke waitpkg avx512_vbmi2 gfni vaes vpclmulqdq avx512_vnni avx512_bitalg avx512_vpopcntdq la57 rdpid bus_lock_detect cldemote movdiri movdir64b enqcmd fsrm md_clear serialize tsxldtrk pconfig arch_lbr ibt amx_bf16 avx512_fp16 amx_tile amx_int8 flush_l1d arch_capabilities
vmx flags	: vnmi preemption_timer posted_intr invvpid ept_x_only ept_ad ept_1gb ept_5level flexpriority apicv tsc_offset vtpr mtf vapic ept vpid unrestricted_guest vapic_reg vid ple shadow_vmcs pml ept_violation_ve ept_mode_based_exec tsc_scaling usr_wait_pause notify_vm_exiting ipi_virt
bugs		: spectre_v1 spectre_v2 spec_store_bypass swapgs eibrs_pbrsb bhi spectre_v2_user old_microcode vmscape
bogomips	: 4000.00
clflush size	: 64
cache_alignment	: 64
address sizes	: 46 bits physical, 57 bits virtual
power management:

processor	: 60
vendor_id	: GenuineIntel
cpu family	: 6
model		: 143
model name	: Intel(R) Xeon(R) Platinum 8480+
stepping	: 8
microcode	: 0x2b000639
cpu MHz		: 3800.000
cache size	: 107520 KB
physical id	: 0
siblings	: 56
core id		: 26
cpu cores	: 56
apicid		: 52
initial apicid	: 52
fpu		: yes
fpu_exception	: yes
cpuid level	: 32
wp		: yes
flags		: fpu vme de pse tsc msr pae mce cx8 apic sep mtrr pge mca cmov pat pse36 clflush dts acpi mmx fxsr sse sse2 ss ht tm pbe syscall nx pdpe1gb rdtscp lm constant_tsc art arch_perfmon pebs bts rep_good nopl xtopology nonstop_tsc cpuid aperfmperf tsc_known_freq pni pclmulqdq dtes64 monitor ds_cpl vmx smx est tm2 ssse3 sdbg fma cx16 xtpr pdcm pcid dca sse4_1 sse4_2 x2apic movbe popcnt tsc_deadline_timer aes xsave avx f16c rdrand lahf_lm abm 3dnowprefetch cpuid_fault epb cat_l3 cat_l2 cdp_l3 cdp_l2 ssbd mba ibrs ibpb stibp ibrs_enhanced tpr_shadow flexpriority ept vpid ept_ad fsgsbase tsc_adjust bmi1 avx2 smep bmi2 erms invpcid cqm rdt_a avx512f avx512dq rdseed adx smap avx512ifma clflushopt clwb intel_pt avx512cd sha_ni avx512bw avx512vl xsaveopt xsavec xgetbv1 xsaves cqm_llc cqm_occup_llc cqm_mbm_total cqm_mbm_local split_lock_detect user_shstk avx_vnni avx512_bf16 wbnoinvd dtherm ida arat pln pts vnmi avx512vbmi umip pku ospke waitpkg avx512_vbmi2 gfni vaes vpclmulqdq avx512_vnni avx512_bitalg avx512_vpopcntdq la57 rdpid bus_lock_detect cldemote movdiri movdir64b enqcmd fsrm md_clear serialize tsxldtrk pconfig arch_lbr ibt amx_bf16 avx512_fp16 amx_tile amx_int8 flush_l1d arch_capabilities
vmx flags	: vnmi preemption_timer posted_intr invvpid ept_x_only ept_ad ept_1gb ept_5level flexpriority apicv tsc_offset vtpr mtf vapic ept vpid unrestricted_guest vapic_reg vid ple shadow_vmcs pml ept_violation_ve ept_mode_based_exec tsc_scaling usr_wait_pause notify_vm_exiting ipi_virt
bugs		: spectre_v1 spectre_v2 spec_store_bypass swapgs eibrs_pbrsb bhi spectre_v2_user old_microcode vmscape
bogomips	: 4000.00
clflush size	: 64
cache_alignment	: 64
address sizes	: 46 bits physical, 57 bits virtual
power management:

processor	: 61
vendor_id	: GenuineIntel
cpu family	: 6
model		: 143
model name	: Intel(R) Xeon(R) Platinum 8480+
stepping	: 8
microcode	: 0x2b000639
cpu MHz		: 3800.000
cache size	: 107520 KB
physical id	: 1
siblings	: 56
core id		: 23
cpu cores	: 56
apicid		: 174
initial apicid	: 174
fpu		: yes
fpu_exception	: yes
cpuid level	: 32
wp		: yes
flags		: fpu vme de pse tsc msr pae mce cx8 apic sep mtrr pge mca cmov pat pse36 clflush dts acpi mmx fxsr sse sse2 ss ht tm pbe syscall nx pdpe1gb rdtscp lm constant_tsc art arch_perfmon pebs bts rep_good nopl xtopology nonstop_tsc cpuid aperfmperf tsc_known_freq pni pclmulqdq dtes64 monitor ds_cpl vmx smx est tm2 ssse3 sdbg fma cx16 xtpr pdcm pcid dca sse4_1 sse4_2 x2apic movbe popcnt tsc_deadline_timer aes xsave avx f16c rdrand lahf_lm abm 3dnowprefetch cpuid_fault epb cat_l3 cat_l2 cdp_l3 cdp_l2 ssbd mba ibrs ibpb stibp ibrs_enhanced tpr_shadow flexpriority ept vpid ept_ad fsgsbase tsc_adjust bmi1 avx2 smep bmi2 erms invpcid cqm rdt_a avx512f avx512dq rdseed adx smap avx512ifma clflushopt clwb intel_pt avx512cd sha_ni avx512bw avx512vl xsaveopt xsavec xgetbv1 xsaves cqm_llc cqm_occup_llc cqm_mbm_total cqm_mbm_local split_lock_detect user_shstk avx_vnni avx512_bf16 wbnoinvd dtherm ida arat pln pts vnmi avx512vbmi umip pku ospke waitpkg avx512_vbmi2 gfni vaes vpclmulqdq avx512_vnni avx512_bitalg avx512_vpopcntdq la57 rdpid bus_lock_detect cldemote movdiri movdir64b enqcmd fsrm md_clear serialize tsxldtrk pconfig arch_lbr ibt amx_bf16 avx512_fp16 amx_tile amx_int8 flush_l1d arch_capabilities
vmx flags	: vnmi preemption_timer posted_intr invvpid ept_x_only ept_ad ept_1gb ept_5level flexpriority apicv tsc_offset vtpr mtf vapic ept vpid unrestricted_guest vapic_reg vid ple shadow_vmcs pml ept_violation_ve ept_mode_based_exec tsc_scaling usr_wait_pause notify_vm_exiting ipi_virt
bugs		: spectre_v1 spectre_v2 spec_store_bypass swapgs eibrs_pbrsb bhi spectre_v2_user old_microcode vmscape
bogomips	: 4000.00
clflush size	: 64
cache_alignment	: 64
address sizes	: 46 bits physical, 57 bits virtual
power management:

processor	: 62
vendor_id	: GenuineIntel
cpu family	: 6
model		: 143
model name	: Intel(R) Xeon(R) Platinum 8480+
stepping	: 8
microcode	: 0x2b000639
cpu MHz		: 3800.000
cache size	: 107520 KB
physical id	: 0
siblings	: 56
core id		: 53
cpu cores	: 56
apicid		: 106
initial apicid	: 106
fpu		: yes
fpu_exception	: yes
cpuid level	: 32
wp		: yes
flags		: fpu vme de pse tsc msr pae mce cx8 apic sep mtrr pge mca cmov pat pse36 clflush dts acpi mmx fxsr sse sse2 ss ht tm pbe syscall nx pdpe1gb rdtscp lm constant_tsc art arch_perfmon pebs bts rep_good nopl xtopology nonstop_tsc cpuid aperfmperf tsc_known_freq pni pclmulqdq dtes64 monitor ds_cpl vmx smx est tm2 ssse3 sdbg fma cx16 xtpr pdcm pcid dca sse4_1 sse4_2 x2apic movbe popcnt tsc_deadline_timer aes xsave avx f16c rdrand lahf_lm abm 3dnowprefetch cpuid_fault epb cat_l3 cat_l2 cdp_l3 cdp_l2 ssbd mba ibrs ibpb stibp ibrs_enhanced tpr_shadow flexpriority ept vpid ept_ad fsgsbase tsc_adjust bmi1 avx2 smep bmi2 erms invpcid cqm rdt_a avx512f avx512dq rdseed adx smap avx512ifma clflushopt clwb intel_pt avx512cd sha_ni avx512bw avx512vl xsaveopt xsavec xgetbv1 xsaves cqm_llc cqm_occup_llc cqm_mbm_total cqm_mbm_local split_lock_detect user_shstk avx_vnni avx512_bf16 wbnoinvd dtherm ida arat pln pts vnmi avx512vbmi umip pku ospke waitpkg avx512_vbmi2 gfni vaes vpclmulqdq avx512_vnni avx512_bitalg avx512_vpopcntdq la57 rdpid bus_lock_detect cldemote movdiri movdir64b enqcmd fsrm md_clear serialize tsxldtrk pconfig arch_lbr ibt amx_bf16 avx512_fp16 amx_tile amx_int8 flush_l1d arch_capabilities
vmx flags	: vnmi preemption_timer posted_intr invvpid ept_x_only ept_ad ept_1gb ept_5level flexpriority apicv tsc_offset vtpr mtf vapic ept vpid unrestricted_guest vapic_reg vid ple shadow_vmcs pml ept_violation_ve ept_mode_based_exec tsc_scaling usr_wait_pause notify_vm_exiting ipi_virt
bugs		: spectre_v1 spectre_v2 spec_store_bypass swapgs eibrs_pbrsb bhi spectre_v2_user old_microcode vmscape
bogomips	: 4000.00
clflush size	: 64
cache_alignment	: 64
address sizes	: 46 bits physical, 57 bits virtual
power management:

processor	: 63
vendor_id	: GenuineIntel
cpu family	: 6
model		: 143
model name	: Intel(R) Xeon(R) Platinum 8480+
stepping	: 8
microcode	: 0x2b000639
cpu MHz		: 3800.000
cache size	: 107520 KB
physical id	: 1
siblings	: 56
core id		: 53
cpu cores	: 56
apicid		: 234
initial apicid	: 234
fpu		: yes
fpu_exception	: yes
cpuid level	: 32
wp		: yes
flags		: fpu vme de pse tsc msr pae mce cx8 apic sep mtrr pge mca cmov pat pse36 clflush dts acpi mmx fxsr sse sse2 ss ht tm pbe syscall nx pdpe1gb rdtscp lm constant_tsc art arch_perfmon pebs bts rep_good nopl xtopology nonstop_tsc cpuid aperfmperf tsc_known_freq pni pclmulqdq dtes64 monitor ds_cpl vmx smx est tm2 ssse3 sdbg fma cx16 xtpr pdcm pcid dca sse4_1 sse4_2 x2apic movbe popcnt tsc_deadline_timer aes xsave avx f16c rdrand lahf_lm abm 3dnowprefetch cpuid_fault epb cat_l3 cat_l2 cdp_l3 cdp_l2 ssbd mba ibrs ibpb stibp ibrs_enhanced tpr_shadow flexpriority ept vpid ept_ad fsgsbase tsc_adjust bmi1 avx2 smep bmi2 erms invpcid cqm rdt_a avx512f avx512dq rdseed adx smap avx512ifma clflushopt clwb intel_pt avx512cd sha_ni avx512bw avx512vl xsaveopt xsavec xgetbv1 xsaves cqm_llc cqm_occup_llc cqm_mbm_total cqm_mbm_local split_lock_detect user_shstk avx_vnni avx512_bf16 wbnoinvd dtherm ida arat pln pts vnmi avx512vbmi umip pku ospke waitpkg avx512_vbmi2 gfni vaes vpclmulqdq avx512_vnni avx512_bitalg avx512_vpopcntdq la57 rdpid bus_lock_detect cldemote movdiri movdir64b enqcmd fsrm md_clear serialize tsxldtrk pconfig arch_lbr ibt amx_bf16 avx512_fp16 amx_tile amx_int8 flush_l1d arch_capabilities
vmx flags	: vnmi preemption_timer posted_intr invvpid ept_x_only ept_ad ept_1gb ept_5level flexpriority apicv tsc_offset vtpr mtf vapic ept vpid unrestricted_guest vapic_reg vid ple shadow_vmcs pml ept_violation_ve ept_mode_based_exec tsc_scaling usr_wait_pause notify_vm_exiting ipi_virt
bugs		: spectre_v1 spectre_v2 spec_store_bypass swapgs eibrs_pbrsb bhi spectre_v2_user old_microcode vmscape
bogomips	: 4000.00
clflush size	: 64
cache_alignment	: 64
address sizes	: 46 bits physical, 57 bits virtual
power management:

processor	: 64
vendor_id	: GenuineIntel
cpu family	: 6
model		: 143
model name	: Intel(R) Xeon(R) Platinum 8480+
stepping	: 8
microcode	: 0x2b000639
cpu MHz		: 3800.000
cache size	: 107520 KB
physical id	: 0
siblings	: 56
core id		: 9
cpu cores	: 56
apicid		: 18
initial apicid	: 18
fpu		: yes
fpu_exception	: yes
cpuid level	: 32
wp		: yes
flags		: fpu vme de pse tsc msr pae mce cx8 apic sep mtrr pge mca cmov pat pse36 clflush dts acpi mmx fxsr sse sse2 ss ht tm pbe syscall nx pdpe1gb rdtscp lm constant_tsc art arch_perfmon pebs bts rep_good nopl xtopology nonstop_tsc cpuid aperfmperf tsc_known_freq pni pclmulqdq dtes64 monitor ds_cpl vmx smx est tm2 ssse3 sdbg fma cx16 xtpr pdcm pcid dca sse4_1 sse4_2 x2apic movbe popcnt tsc_deadline_timer aes xsave avx f16c rdrand lahf_lm abm 3dnowprefetch cpuid_fault epb cat_l3 cat_l2 cdp_l3 cdp_l2 ssbd mba ibrs ibpb stibp ibrs_enhanced tpr_shadow flexpriority ept vpid ept_ad fsgsbase tsc_adjust bmi1 avx2 smep bmi2 erms invpcid cqm rdt_a avx512f avx512dq rdseed adx smap avx512ifma clflushopt clwb intel_pt avx512cd sha_ni avx512bw avx512vl xsaveopt xsavec xgetbv1 xsaves cqm_llc cqm_occup_llc cqm_mbm_total cqm_mbm_local split_lock_detect user_shstk avx_vnni avx512_bf16 wbnoinvd dtherm ida arat pln pts vnmi avx512vbmi umip pku ospke waitpkg avx512_vbmi2 gfni vaes vpclmulqdq avx512_vnni avx512_bitalg avx512_vpopcntdq la57 rdpid bus_lock_detect cldemote movdiri movdir64b enqcmd fsrm md_clear serialize tsxldtrk pconfig arch_lbr ibt amx_bf16 avx512_fp16 amx_tile amx_int8 flush_l1d arch_capabilities
vmx flags	: vnmi preemption_timer posted_intr invvpid ept_x_only ept_ad ept_1gb ept_5level flexpriority apicv tsc_offset vtpr mtf vapic ept vpid unrestricted_guest vapic_reg vid ple shadow_vmcs pml ept_violation_ve ept_mode_based_exec tsc_scaling usr_wait_pause notify_vm_exiting ipi_virt
bugs		: spectre_v1 spectre_v2 spec_store_bypass swapgs eibrs_pbrsb bhi spectre_v2_user old_microcode vmscape
bogomips	: 4000.00
clflush size	: 64
cache_alignment	: 64
address sizes	: 46 bits physical, 57 bits virtual
power management:

processor	: 65
vendor_id	: GenuineIntel
cpu family	: 6
model		: 143
model name	: Intel(R) Xeon(R) Platinum 8480+
stepping	: 8
microcode	: 0x2b000639
cpu MHz		: 2535.365
cache size	: 107520 KB
physical id	: 1
siblings	: 56
core id		: 6
cpu cores	: 56
apicid		: 140
initial apicid	: 140
fpu		: yes
fpu_exception	: yes
cpuid level	: 32
wp		: yes
flags		: fpu vme de pse tsc msr pae mce cx8 apic sep mtrr pge mca cmov pat pse36 clflush dts acpi mmx fxsr sse sse2 ss ht tm pbe syscall nx pdpe1gb rdtscp lm constant_tsc art arch_perfmon pebs bts rep_good nopl xtopology nonstop_tsc cpuid aperfmperf tsc_known_freq pni pclmulqdq dtes64 monitor ds_cpl vmx smx est tm2 ssse3 sdbg fma cx16 xtpr pdcm pcid dca sse4_1 sse4_2 x2apic movbe popcnt tsc_deadline_timer aes xsave avx f16c rdrand lahf_lm abm 3dnowprefetch cpuid_fault epb cat_l3 cat_l2 cdp_l3 cdp_l2 ssbd mba ibrs ibpb stibp ibrs_enhanced tpr_shadow flexpriority ept vpid ept_ad fsgsbase tsc_adjust bmi1 avx2 smep bmi2 erms invpcid cqm rdt_a avx512f avx512dq rdseed adx smap avx512ifma clflushopt clwb intel_pt avx512cd sha_ni avx512bw avx512vl xsaveopt xsavec xgetbv1 xsaves cqm_llc cqm_occup_llc cqm_mbm_total cqm_mbm_local split_lock_detect user_shstk avx_vnni avx512_bf16 wbnoinvd dtherm ida arat pln pts vnmi avx512vbmi umip pku ospke waitpkg avx512_vbmi2 gfni vaes vpclmulqdq avx512_vnni avx512_bitalg avx512_vpopcntdq la57 rdpid bus_lock_detect cldemote movdiri movdir64b enqcmd fsrm md_clear serialize tsxldtrk pconfig arch_lbr ibt amx_bf16 avx512_fp16 amx_tile amx_int8 flush_l1d arch_capabilities
vmx flags	: vnmi preemption_timer posted_intr invvpid ept_x_only ept_ad ept_1gb ept_5level flexpriority apicv tsc_offset vtpr mtf vapic ept vpid unrestricted_guest vapic_reg vid ple shadow_vmcs pml ept_violation_ve ept_mode_based_exec tsc_scaling usr_wait_pause notify_vm_exiting ipi_virt
bugs		: spectre_v1 spectre_v2 spec_store_bypass swapgs eibrs_pbrsb bhi spectre_v2_user old_microcode vmscape
bogomips	: 4000.00
clflush size	: 64
cache_alignment	: 64
address sizes	: 46 bits physical, 57 bits virtual
power management:

processor	: 66
vendor_id	: GenuineIntel
cpu family	: 6
model		: 143
model name	: Intel(R) Xeon(R) Platinum 8480+
stepping	: 8
microcode	: 0x2b000639
cpu MHz		: 3800.000
cache size	: 107520 KB
physical id	: 0
siblings	: 56
core id		: 32
cpu cores	: 56
apicid		: 64
initial apicid	: 64
fpu		: yes
fpu_exception	: yes
cpuid level	: 32
wp		: yes
flags		: fpu vme de pse tsc msr pae mce cx8 apic sep mtrr pge mca cmov pat pse36 clflush dts acpi mmx fxsr sse sse2 ss ht tm pbe syscall nx pdpe1gb rdtscp lm constant_tsc art arch_perfmon pebs bts rep_good nopl xtopology nonstop_tsc cpuid aperfmperf tsc_known_freq pni pclmulqdq dtes64 monitor ds_cpl vmx smx est tm2 ssse3 sdbg fma cx16 xtpr pdcm pcid dca sse4_1 sse4_2 x2apic movbe popcnt tsc_deadline_timer aes xsave avx f16c rdrand lahf_lm abm 3dnowprefetch cpuid_fault epb cat_l3 cat_l2 cdp_l3 cdp_l2 ssbd mba ibrs ibpb stibp ibrs_enhanced tpr_shadow flexpriority ept vpid ept_ad fsgsbase tsc_adjust bmi1 avx2 smep bmi2 erms invpcid cqm rdt_a avx512f avx512dq rdseed adx smap avx512ifma clflushopt clwb intel_pt avx512cd sha_ni avx512bw avx512vl xsaveopt xsavec xgetbv1 xsaves cqm_llc cqm_occup_llc cqm_mbm_total cqm_mbm_local split_lock_detect user_shstk avx_vnni avx512_bf16 wbnoinvd dtherm ida arat pln pts vnmi avx512vbmi umip pku ospke waitpkg avx512_vbmi2 gfni vaes vpclmulqdq avx512_vnni avx512_bitalg avx512_vpopcntdq la57 rdpid bus_lock_detect cldemote movdiri movdir64b enqcmd fsrm md_clear serialize tsxldtrk pconfig arch_lbr ibt amx_bf16 avx512_fp16 amx_tile amx_int8 flush_l1d arch_capabilities
vmx flags	: vnmi preemption_timer posted_intr invvpid ept_x_only ept_ad ept_1gb ept_5level flexpriority apicv tsc_offset vtpr mtf vapic ept vpid unrestricted_guest vapic_reg vid ple shadow_vmcs pml ept_violation_ve ept_mode_based_exec tsc_scaling usr_wait_pause notify_vm_exiting ipi_virt
bugs		: spectre_v1 spectre_v2 spec_store_bypass swapgs eibrs_pbrsb bhi spectre_v2_user old_microcode vmscape
bogomips	: 4000.00
clflush size	: 64
cache_alignment	: 64
address sizes	: 46 bits physical, 57 bits virtual
power management:

processor	: 67
vendor_id	: GenuineIntel
cpu family	: 6
model		: 143
model name	: Intel(R) Xeon(R) Platinum 8480+
stepping	: 8
microcode	: 0x2b000639
cpu MHz		: 3800.000
cache size	: 107520 KB
physical id	: 1
siblings	: 56
core id		: 32
cpu cores	: 56
apicid		: 192
initial apicid	: 192
fpu		: yes
fpu_exception	: yes
cpuid level	: 32
wp		: yes
flags		: fpu vme de pse tsc msr pae mce cx8 apic sep mtrr pge mca cmov pat pse36 clflush dts acpi mmx fxsr sse sse2 ss ht tm pbe syscall nx pdpe1gb rdtscp lm constant_tsc art arch_perfmon pebs bts rep_good nopl xtopology nonstop_tsc cpuid aperfmperf tsc_known_freq pni pclmulqdq dtes64 monitor ds_cpl vmx smx est tm2 ssse3 sdbg fma cx16 xtpr pdcm pcid dca sse4_1 sse4_2 x2apic movbe popcnt tsc_deadline_timer aes xsave avx f16c rdrand lahf_lm abm 3dnowprefetch cpuid_fault epb cat_l3 cat_l2 cdp_l3 cdp_l2 ssbd mba ibrs ibpb stibp ibrs_enhanced tpr_shadow flexpriority ept vpid ept_ad fsgsbase tsc_adjust bmi1 avx2 smep bmi2 erms invpcid cqm rdt_a avx512f avx512dq rdseed adx smap avx512ifma clflushopt clwb intel_pt avx512cd sha_ni avx512bw avx512vl xsaveopt xsavec xgetbv1 xsaves cqm_llc cqm_occup_llc cqm_mbm_total cqm_mbm_local split_lock_detect user_shstk avx_vnni avx512_bf16 wbnoinvd dtherm ida arat pln pts vnmi avx512vbmi umip pku ospke waitpkg avx512_vbmi2 gfni vaes vpclmulqdq avx512_vnni avx512_bitalg avx512_vpopcntdq la57 rdpid bus_lock_detect cldemote movdiri movdir64b enqcmd fsrm md_clear serialize tsxldtrk pconfig arch_lbr ibt amx_bf16 avx512_fp16 amx_tile amx_int8 flush_l1d arch_capabilities
vmx flags	: vnmi preemption_timer posted_intr invvpid ept_x_only ept_ad ept_1gb ept_5level flexpriority apicv tsc_offset vtpr mtf vapic ept vpid unrestricted_guest vapic_reg vid ple shadow_vmcs pml ept_violation_ve ept_mode_based_exec tsc_scaling usr_wait_pause notify_vm_exiting ipi_virt
bugs		: spectre_v1 spectre_v2 spec_store_bypass swapgs eibrs_pbrsb bhi spectre_v2_user old_microcode vmscape
bogomips	: 4000.00
clflush size	: 64
cache_alignment	: 64
address sizes	: 46 bits physical, 57 bits virtual
power management:

processor	: 68
vendor_id	: GenuineIntel
cpu family	: 6
model		: 143
model name	: Intel(R) Xeon(R) Platinum 8480+
stepping	: 8
microcode	: 0x2b000639
cpu MHz		: 3800.000
cache size	: 107520 KB
physical id	: 0
siblings	: 56
core id		: 23
cpu cores	: 56
apicid		: 46
initial apicid	: 46
fpu		: yes
fpu_exception	: yes
cpuid level	: 32
wp		: yes
flags		: fpu vme de pse tsc msr pae mce cx8 apic sep mtrr pge mca cmov pat pse36 clflush dts acpi mmx fxsr sse sse2 ss ht tm pbe syscall nx pdpe1gb rdtscp lm constant_tsc art arch_perfmon pebs bts rep_good nopl xtopology nonstop_tsc cpuid aperfmperf tsc_known_freq pni pclmulqdq dtes64 monitor ds_cpl vmx smx est tm2 ssse3 sdbg fma cx16 xtpr pdcm pcid dca sse4_1 sse4_2 x2apic movbe popcnt tsc_deadline_timer aes xsave avx f16c rdrand lahf_lm abm 3dnowprefetch cpuid_fault epb cat_l3 cat_l2 cdp_l3 cdp_l2 ssbd mba ibrs ibpb stibp ibrs_enhanced tpr_shadow flexpriority ept vpid ept_ad fsgsbase tsc_adjust bmi1 avx2 smep bmi2 erms invpcid cqm rdt_a avx512f avx512dq rdseed adx smap avx512ifma clflushopt clwb intel_pt avx512cd sha_ni avx512bw avx512vl xsaveopt xsavec xgetbv1 xsaves cqm_llc cqm_occup_llc cqm_mbm_total cqm_mbm_local split_lock_detect user_shstk avx_vnni avx512_bf16 wbnoinvd dtherm ida arat pln pts vnmi avx512vbmi umip pku ospke waitpkg avx512_vbmi2 gfni vaes vpclmulqdq avx512_vnni avx512_bitalg avx512_vpopcntdq la57 rdpid bus_lock_detect cldemote movdiri movdir64b enqcmd fsrm md_clear serialize tsxldtrk pconfig arch_lbr ibt amx_bf16 avx512_fp16 amx_tile amx_int8 flush_l1d arch_capabilities
vmx flags	: vnmi preemption_timer posted_intr invvpid ept_x_only ept_ad ept_1gb ept_5level flexpriority apicv tsc_offset vtpr mtf vapic ept vpid unrestricted_guest vapic_reg vid ple shadow_vmcs pml ept_violation_ve ept_mode_based_exec tsc_scaling usr_wait_pause notify_vm_exiting ipi_virt
bugs		: spectre_v1 spectre_v2 spec_store_bypass swapgs eibrs_pbrsb bhi spectre_v2_user old_microcode vmscape
bogomips	: 4000.00
clflush size	: 64
cache_alignment	: 64
address sizes	: 46 bits physical, 57 bits virtual
power management:

processor	: 69
vendor_id	: GenuineIntel
cpu family	: 6
model		: 143
model name	: Intel(R) Xeon(R) Platinum 8480+
stepping	: 8
microcode	: 0x2b000639
cpu MHz		: 3800.000
cache size	: 107520 KB
physical id	: 1
siblings	: 56
core id		: 19
cpu cores	: 56
apicid		: 166
initial apicid	: 166
fpu		: yes
fpu_exception	: yes
cpuid level	: 32
wp		: yes
flags		: fpu vme de pse tsc msr pae mce cx8 apic sep mtrr pge mca cmov pat pse36 clflush dts acpi mmx fxsr sse sse2 ss ht tm pbe syscall nx pdpe1gb rdtscp lm constant_tsc art arch_perfmon pebs bts rep_good nopl xtopology nonstop_tsc cpuid aperfmperf tsc_known_freq pni pclmulqdq dtes64 monitor ds_cpl vmx smx est tm2 ssse3 sdbg fma cx16 xtpr pdcm pcid dca sse4_1 sse4_2 x2apic movbe popcnt tsc_deadline_timer aes xsave avx f16c rdrand lahf_lm abm 3dnowprefetch cpuid_fault epb cat_l3 cat_l2 cdp_l3 cdp_l2 ssbd mba ibrs ibpb stibp ibrs_enhanced tpr_shadow flexpriority ept vpid ept_ad fsgsbase tsc_adjust bmi1 avx2 smep bmi2 erms invpcid cqm rdt_a avx512f avx512dq rdseed adx smap avx512ifma clflushopt clwb intel_pt avx512cd sha_ni avx512bw avx512vl xsaveopt xsavec xgetbv1 xsaves cqm_llc cqm_occup_llc cqm_mbm_total cqm_mbm_local split_lock_detect user_shstk avx_vnni avx512_bf16 wbnoinvd dtherm ida arat pln pts vnmi avx512vbmi umip pku ospke waitpkg avx512_vbmi2 gfni vaes vpclmulqdq avx512_vnni avx512_bitalg avx512_vpopcntdq la57 rdpid bus_lock_detect cldemote movdiri movdir64b enqcmd fsrm md_clear serialize tsxldtrk pconfig arch_lbr ibt amx_bf16 avx512_fp16 amx_tile amx_int8 flush_l1d arch_capabilities
vmx flags	: vnmi preemption_timer posted_intr invvpid ept_x_only ept_ad ept_1gb ept_5level flexpriority apicv tsc_offset vtpr mtf vapic ept vpid unrestricted_guest vapic_reg vid ple shadow_vmcs pml ept_violation_ve ept_mode_based_exec tsc_scaling usr_wait_pause notify_vm_exiting ipi_virt
bugs		: spectre_v1 spectre_v2 spec_store_bypass swapgs eibrs_pbrsb bhi spectre_v2_user old_microcode vmscape
bogomips	: 4000.00
clflush size	: 64
cache_alignment	: 64
address sizes	: 46 bits physical, 57 bits virtual
power management:

processor	: 70
vendor_id	: GenuineIntel
cpu family	: 6
model		: 143
model name	: Intel(R) Xeon(R) Platinum 8480+
stepping	: 8
microcode	: 0x2b000639
cpu MHz		: 3800.000
cache size	: 107520 KB
physical id	: 0
siblings	: 56
core id		: 49
cpu cores	: 56
apicid		: 98
initial apicid	: 98
fpu		: yes
fpu_exception	: yes
cpuid level	: 32
wp		: yes
flags		: fpu vme de pse tsc msr pae mce cx8 apic sep mtrr pge mca cmov pat pse36 clflush dts acpi mmx fxsr sse sse2 ss ht tm pbe syscall nx pdpe1gb rdtscp lm constant_tsc art arch_perfmon pebs bts rep_good nopl xtopology nonstop_tsc cpuid aperfmperf tsc_known_freq pni pclmulqdq dtes64 monitor ds_cpl vmx smx est tm2 ssse3 sdbg fma cx16 xtpr pdcm pcid dca sse4_1 sse4_2 x2apic movbe popcnt tsc_deadline_timer aes xsave avx f16c rdrand lahf_lm abm 3dnowprefetch cpuid_fault epb cat_l3 cat_l2 cdp_l3 cdp_l2 ssbd mba ibrs ibpb stibp ibrs_enhanced tpr_shadow flexpriority ept vpid ept_ad fsgsbase tsc_adjust bmi1 avx2 smep bmi2 erms invpcid cqm rdt_a avx512f avx512dq rdseed adx smap avx512ifma clflushopt clwb intel_pt avx512cd sha_ni avx512bw avx512vl xsaveopt xsavec xgetbv1 xsaves cqm_llc cqm_occup_llc cqm_mbm_total cqm_mbm_local split_lock_detect user_shstk avx_vnni avx512_bf16 wbnoinvd dtherm ida arat pln pts vnmi avx512vbmi umip pku ospke waitpkg avx512_vbmi2 gfni vaes vpclmulqdq avx512_vnni avx512_bitalg avx512_vpopcntdq la57 rdpid bus_lock_detect cldemote movdiri movdir64b enqcmd fsrm md_clear serialize tsxldtrk pconfig arch_lbr ibt amx_bf16 avx512_fp16 amx_tile amx_int8 flush_l1d arch_capabilities
vmx flags	: vnmi preemption_timer posted_intr invvpid ept_x_only ept_ad ept_1gb ept_5level flexpriority apicv tsc_offset vtpr mtf vapic ept vpid unrestricted_guest vapic_reg vid ple shadow_vmcs pml ept_violation_ve ept_mode_based_exec tsc_scaling usr_wait_pause notify_vm_exiting ipi_virt
bugs		: spectre_v1 spectre_v2 spec_store_bypass swapgs eibrs_pbrsb bhi spectre_v2_user old_microcode vmscape
bogomips	: 4000.00
clflush size	: 64
cache_alignment	: 64
address sizes	: 46 bits physical, 57 bits virtual
power management:

processor	: 71
vendor_id	: GenuineIntel
cpu family	: 6
model		: 143
model name	: Intel(R) Xeon(R) Platinum 8480+
stepping	: 8
microcode	: 0x2b000639
cpu MHz		: 3800.000
cache size	: 107520 KB
physical id	: 1
siblings	: 56
core id		: 49
cpu cores	: 56
apicid		: 226
initial apicid	: 226
fpu		: yes
fpu_exception	: yes
cpuid level	: 32
wp		: yes
flags		: fpu vme de pse tsc msr pae mce cx8 apic sep mtrr pge mca cmov pat pse36 clflush dts acpi mmx fxsr sse sse2 ss ht tm pbe syscall nx pdpe1gb rdtscp lm constant_tsc art arch_perfmon pebs bts rep_good nopl xtopology nonstop_tsc cpuid aperfmperf tsc_known_freq pni pclmulqdq dtes64 monitor ds_cpl vmx smx est tm2 ssse3 sdbg fma cx16 xtpr pdcm pcid dca sse4_1 sse4_2 x2apic movbe popcnt tsc_deadline_timer aes xsave avx f16c rdrand lahf_lm abm 3dnowprefetch cpuid_fault epb cat_l3 cat_l2 cdp_l3 cdp_l2 ssbd mba ibrs ibpb stibp ibrs_enhanced tpr_shadow flexpriority ept vpid ept_ad fsgsbase tsc_adjust bmi1 avx2 smep bmi2 erms invpcid cqm rdt_a avx512f avx512dq rdseed adx smap avx512ifma clflushopt clwb intel_pt avx512cd sha_ni avx512bw avx512vl xsaveopt xsavec xgetbv1 xsaves cqm_llc cqm_occup_llc cqm_mbm_total cqm_mbm_local split_lock_detect user_shstk avx_vnni avx512_bf16 wbnoinvd dtherm ida arat pln pts vnmi avx512vbmi umip pku ospke waitpkg avx512_vbmi2 gfni vaes vpclmulqdq avx512_vnni avx512_bitalg avx512_vpopcntdq la57 rdpid bus_lock_detect cldemote movdiri movdir64b enqcmd fsrm md_clear serialize tsxldtrk pconfig arch_lbr ibt amx_bf16 avx512_fp16 amx_tile amx_int8 flush_l1d arch_capabilities
vmx flags	: vnmi preemption_timer posted_intr invvpid ept_x_only ept_ad ept_1gb ept_5level flexpriority apicv tsc_offset vtpr mtf vapic ept vpid unrestricted_guest vapic_reg vid ple shadow_vmcs pml ept_violation_ve ept_mode_based_exec tsc_scaling usr_wait_pause notify_vm_exiting ipi_virt
bugs		: spectre_v1 spectre_v2 spec_store_bypass swapgs eibrs_pbrsb bhi spectre_v2_user old_microcode vmscape
bogomips	: 4000.00
clflush size	: 64
cache_alignment	: 64
address sizes	: 46 bits physical, 57 bits virtual
power management:

processor	: 72
vendor_id	: GenuineIntel
cpu family	: 6
model		: 143
model name	: Intel(R) Xeon(R) Platinum 8480+
stepping	: 8
microcode	: 0x2b000639
cpu MHz		: 3800.000
cache size	: 107520 KB
physical id	: 0
siblings	: 56
core id		: 11
cpu cores	: 56
apicid		: 22
initial apicid	: 22
fpu		: yes
fpu_exception	: yes
cpuid level	: 32
wp		: yes
flags		: fpu vme de pse tsc msr pae mce cx8 apic sep mtrr pge mca cmov pat pse36 clflush dts acpi mmx fxsr sse sse2 ss ht tm pbe syscall nx pdpe1gb rdtscp lm constant_tsc art arch_perfmon pebs bts rep_good nopl xtopology nonstop_tsc cpuid aperfmperf tsc_known_freq pni pclmulqdq dtes64 monitor ds_cpl vmx smx est tm2 ssse3 sdbg fma cx16 xtpr pdcm pcid dca sse4_1 sse4_2 x2apic movbe popcnt tsc_deadline_timer aes xsave avx f16c rdrand lahf_lm abm 3dnowprefetch cpuid_fault epb cat_l3 cat_l2 cdp_l3 cdp_l2 ssbd mba ibrs ibpb stibp ibrs_enhanced tpr_shadow flexpriority ept vpid ept_ad fsgsbase tsc_adjust bmi1 avx2 smep bmi2 erms invpcid cqm rdt_a avx512f avx512dq rdseed adx smap avx512ifma clflushopt clwb intel_pt avx512cd sha_ni avx512bw avx512vl xsaveopt xsavec xgetbv1 xsaves cqm_llc cqm_occup_llc cqm_mbm_total cqm_mbm_local split_lock_detect user_shstk avx_vnni avx512_bf16 wbnoinvd dtherm ida arat pln pts vnmi avx512vbmi umip pku ospke waitpkg avx512_vbmi2 gfni vaes vpclmulqdq avx512_vnni avx512_bitalg avx512_vpopcntdq la57 rdpid bus_lock_detect cldemote movdiri movdir64b enqcmd fsrm md_clear serialize tsxldtrk pconfig arch_lbr ibt amx_bf16 avx512_fp16 amx_tile amx_int8 flush_l1d arch_capabilities
vmx flags	: vnmi preemption_timer posted_intr invvpid ept_x_only ept_ad ept_1gb ept_5level flexpriority apicv tsc_offset vtpr mtf vapic ept vpid unrestricted_guest vapic_reg vid ple shadow_vmcs pml ept_violation_ve ept_mode_based_exec tsc_scaling usr_wait_pause notify_vm_exiting ipi_virt
bugs		: spectre_v1 spectre_v2 spec_store_bypass swapgs eibrs_pbrsb bhi spectre_v2_user old_microcode vmscape
bogomips	: 4000.00
clflush size	: 64
cache_alignment	: 64
address sizes	: 46 bits physical, 57 bits virtual
power management:

processor	: 73
vendor_id	: GenuineIntel
cpu family	: 6
model		: 143
model name	: Intel(R) Xeon(R) Platinum 8480+
stepping	: 8
microcode	: 0x2b000639
cpu MHz		: 3800.000
cache size	: 107520 KB
physical id	: 1
siblings	: 56
core id		: 9
cpu cores	: 56
apicid		: 146
initial apicid	: 146
fpu		: yes
fpu_exception	: yes
cpuid level	: 32
wp		: yes
flags		: fpu vme de pse tsc msr pae mce cx8 apic sep mtrr pge mca cmov pat pse36 clflush dts acpi mmx fxsr sse sse2 ss ht tm pbe syscall nx pdpe1gb rdtscp lm constant_tsc art arch_perfmon pebs bts rep_good nopl xtopology nonstop_tsc cpuid aperfmperf tsc_known_freq pni pclmulqdq dtes64 monitor ds_cpl vmx smx est tm2 ssse3 sdbg fma cx16 xtpr pdcm pcid dca sse4_1 sse4_2 x2apic movbe popcnt tsc_deadline_timer aes xsave avx f16c rdrand lahf_lm abm 3dnowprefetch cpuid_fault epb cat_l3 cat_l2 cdp_l3 cdp_l2 ssbd mba ibrs ibpb stibp ibrs_enhanced tpr_shadow flexpriority ept vpid ept_ad fsgsbase tsc_adjust bmi1 avx2 smep bmi2 erms invpcid cqm rdt_a avx512f avx512dq rdseed adx smap avx512ifma clflushopt clwb intel_pt avx512cd sha_ni avx512bw avx512vl xsaveopt xsavec xgetbv1 xsaves cqm_llc cqm_occup_llc cqm_mbm_total cqm_mbm_local split_lock_detect user_shstk avx_vnni avx512_bf16 wbnoinvd dtherm ida arat pln pts vnmi avx512vbmi umip pku ospke waitpkg avx512_vbmi2 gfni vaes vpclmulqdq avx512_vnni avx512_bitalg avx512_vpopcntdq la57 rdpid bus_lock_detect cldemote movdiri movdir64b enqcmd fsrm md_clear serialize tsxldtrk pconfig arch_lbr ibt amx_bf16 avx512_fp16 amx_tile amx_int8 flush_l1d arch_capabilities
vmx flags	: vnmi preemption_timer posted_intr invvpid ept_x_only ept_ad ept_1gb ept_5level flexpriority apicv tsc_offset vtpr mtf vapic ept vpid unrestricted_guest vapic_reg vid ple shadow_vmcs pml ept_violation_ve ept_mode_based_exec tsc_scaling usr_wait_pause notify_vm_exiting ipi_virt
bugs		: spectre_v1 spectre_v2 spec_store_bypass swapgs eibrs_pbrsb bhi spectre_v2_user old_microcode vmscape
bogomips	: 4000.00
clflush size	: 64
cache_alignment	: 64
address sizes	: 46 bits physical, 57 bits virtual
power management:

processor	: 74
vendor_id	: GenuineIntel
cpu family	: 6
model		: 143
model name	: Intel(R) Xeon(R) Platinum 8480+
stepping	: 8
microcode	: 0x2b000639
cpu MHz		: 3800.000
cache size	: 107520 KB
physical id	: 0
siblings	: 56
core id		: 40
cpu cores	: 56
apicid		: 80
initial apicid	: 80
fpu		: yes
fpu_exception	: yes
cpuid level	: 32
wp		: yes
flags		: fpu vme de pse tsc msr pae mce cx8 apic sep mtrr pge mca cmov pat pse36 clflush dts acpi mmx fxsr sse sse2 ss ht tm pbe syscall nx pdpe1gb rdtscp lm constant_tsc art arch_perfmon pebs bts rep_good nopl xtopology nonstop_tsc cpuid aperfmperf tsc_known_freq pni pclmulqdq dtes64 monitor ds_cpl vmx smx est tm2 ssse3 sdbg fma cx16 xtpr pdcm pcid dca sse4_1 sse4_2 x2apic movbe popcnt tsc_deadline_timer aes xsave avx f16c rdrand lahf_lm abm 3dnowprefetch cpuid_fault epb cat_l3 cat_l2 cdp_l3 cdp_l2 ssbd mba ibrs ibpb stibp ibrs_enhanced tpr_shadow flexpriority ept vpid ept_ad fsgsbase tsc_adjust bmi1 avx2 smep bmi2 erms invpcid cqm rdt_a avx512f avx512dq rdseed adx smap avx512ifma clflushopt clwb intel_pt avx512cd sha_ni avx512bw avx512vl xsaveopt xsavec xgetbv1 xsaves cqm_llc cqm_occup_llc cqm_mbm_total cqm_mbm_local split_lock_detect user_shstk avx_vnni avx512_bf16 wbnoinvd dtherm ida arat pln pts vnmi avx512vbmi umip pku ospke waitpkg avx512_vbmi2 gfni vaes vpclmulqdq avx512_vnni avx512_bitalg avx512_vpopcntdq la57 rdpid bus_lock_detect cldemote movdiri movdir64b enqcmd fsrm md_clear serialize tsxldtrk pconfig arch_lbr ibt amx_bf16 avx512_fp16 amx_tile amx_int8 flush_l1d arch_capabilities
vmx flags	: vnmi preemption_timer posted_intr invvpid ept_x_only ept_ad ept_1gb ept_5level flexpriority apicv tsc_offset vtpr mtf vapic ept vpid unrestricted_guest vapic_reg vid ple shadow_vmcs pml ept_violation_ve ept_mode_based_exec tsc_scaling usr_wait_pause notify_vm_exiting ipi_virt
bugs		: spectre_v1 spectre_v2 spec_store_bypass swapgs eibrs_pbrsb bhi spectre_v2_user old_microcode vmscape
bogomips	: 4000.00
clflush size	: 64
cache_alignment	: 64
address sizes	: 46 bits physical, 57 bits virtual
power management:

processor	: 75
vendor_id	: GenuineIntel
cpu family	: 6
model		: 143
model name	: Intel(R) Xeon(R) Platinum 8480+
stepping	: 8
microcode	: 0x2b000639
cpu MHz		: 3800.000
cache size	: 107520 KB
physical id	: 1
siblings	: 56
core id		: 40
cpu cores	: 56
apicid		: 208
initial apicid	: 208
fpu		: yes
fpu_exception	: yes
cpuid level	: 32
wp		: yes
flags		: fpu vme de pse tsc msr pae mce cx8 apic sep mtrr pge mca cmov pat pse36 clflush dts acpi mmx fxsr sse sse2 ss ht tm pbe syscall nx pdpe1gb rdtscp lm constant_tsc art arch_perfmon pebs bts rep_good nopl xtopology nonstop_tsc cpuid aperfmperf tsc_known_freq pni pclmulqdq dtes64 monitor ds_cpl vmx smx est tm2 ssse3 sdbg fma cx16 xtpr pdcm pcid dca sse4_1 sse4_2 x2apic movbe popcnt tsc_deadline_timer aes xsave avx f16c rdrand lahf_lm abm 3dnowprefetch cpuid_fault epb cat_l3 cat_l2 cdp_l3 cdp_l2 ssbd mba ibrs ibpb stibp ibrs_enhanced tpr_shadow flexpriority ept vpid ept_ad fsgsbase tsc_adjust bmi1 avx2 smep bmi2 erms invpcid cqm rdt_a avx512f avx512dq rdseed adx smap avx512ifma clflushopt clwb intel_pt avx512cd sha_ni avx512bw avx512vl xsaveopt xsavec xgetbv1 xsaves cqm_llc cqm_occup_llc cqm_mbm_total cqm_mbm_local split_lock_detect user_shstk avx_vnni avx512_bf16 wbnoinvd dtherm ida arat pln pts vnmi avx512vbmi umip pku ospke waitpkg avx512_vbmi2 gfni vaes vpclmulqdq avx512_vnni avx512_bitalg avx512_vpopcntdq la57 rdpid bus_lock_detect cldemote movdiri movdir64b enqcmd fsrm md_clear serialize tsxldtrk pconfig arch_lbr ibt amx_bf16 avx512_fp16 amx_tile amx_int8 flush_l1d arch_capabilities
vmx flags	: vnmi preemption_timer posted_intr invvpid ept_x_only ept_ad ept_1gb ept_5level flexpriority apicv tsc_offset vtpr mtf vapic ept vpid unrestricted_guest vapic_reg vid ple shadow_vmcs pml ept_violation_ve ept_mode_based_exec tsc_scaling usr_wait_pause notify_vm_exiting ipi_virt
bugs		: spectre_v1 spectre_v2 spec_store_bypass swapgs eibrs_pbrsb bhi spectre_v2_user old_microcode vmscape
bogomips	: 4000.00
clflush size	: 64
cache_alignment	: 64
address sizes	: 46 bits physical, 57 bits virtual
power management:

processor	: 76
vendor_id	: GenuineIntel
cpu family	: 6
model		: 143
model name	: Intel(R) Xeon(R) Platinum 8480+
stepping	: 8
microcode	: 0x2b000639
cpu MHz		: 3800.000
cache size	: 107520 KB
physical id	: 0
siblings	: 56
core id		: 19
cpu cores	: 56
apicid		: 38
initial apicid	: 38
fpu		: yes
fpu_exception	: yes
cpuid level	: 32
wp		: yes
flags		: fpu vme de pse tsc msr pae mce cx8 apic sep mtrr pge mca cmov pat pse36 clflush dts acpi mmx fxsr sse sse2 ss ht tm pbe syscall nx pdpe1gb rdtscp lm constant_tsc art arch_perfmon pebs bts rep_good nopl xtopology nonstop_tsc cpuid aperfmperf tsc_known_freq pni pclmulqdq dtes64 monitor ds_cpl vmx smx est tm2 ssse3 sdbg fma cx16 xtpr pdcm pcid dca sse4_1 sse4_2 x2apic movbe popcnt tsc_deadline_timer aes xsave avx f16c rdrand lahf_lm abm 3dnowprefetch cpuid_fault epb cat_l3 cat_l2 cdp_l3 cdp_l2 ssbd mba ibrs ibpb stibp ibrs_enhanced tpr_shadow flexpriority ept vpid ept_ad fsgsbase tsc_adjust bmi1 avx2 smep bmi2 erms invpcid cqm rdt_a avx512f avx512dq rdseed adx smap avx512ifma clflushopt clwb intel_pt avx512cd sha_ni avx512bw avx512vl xsaveopt xsavec xgetbv1 xsaves cqm_llc cqm_occup_llc cqm_mbm_total cqm_mbm_local split_lock_detect user_shstk avx_vnni avx512_bf16 wbnoinvd dtherm ida arat pln pts vnmi avx512vbmi umip pku ospke waitpkg avx512_vbmi2 gfni vaes vpclmulqdq avx512_vnni avx512_bitalg avx512_vpopcntdq la57 rdpid bus_lock_detect cldemote movdiri movdir64b enqcmd fsrm md_clear serialize tsxldtrk pconfig arch_lbr ibt amx_bf16 avx512_fp16 amx_tile amx_int8 flush_l1d arch_capabilities
vmx flags	: vnmi preemption_timer posted_intr invvpid ept_x_only ept_ad ept_1gb ept_5level flexpriority apicv tsc_offset vtpr mtf vapic ept vpid unrestricted_guest vapic_reg vid ple shadow_vmcs pml ept_violation_ve ept_mode_based_exec tsc_scaling usr_wait_pause notify_vm_exiting ipi_virt
bugs		: spectre_v1 spectre_v2 spec_store_bypass swapgs eibrs_pbrsb bhi spectre_v2_user old_microcode vmscape
bogomips	: 4000.00
clflush size	: 64
cache_alignment	: 64
address sizes	: 46 bits physical, 57 bits virtual
power management:

processor	: 77
vendor_id	: GenuineIntel
cpu family	: 6
model		: 143
model name	: Intel(R) Xeon(R) Platinum 8480+
stepping	: 8
microcode	: 0x2b000639
cpu MHz		: 3800.000
cache size	: 107520 KB
physical id	: 1
siblings	: 56
core id		: 14
cpu cores	: 56
apicid		: 156
initial apicid	: 156
fpu		: yes
fpu_exception	: yes
cpuid level	: 32
wp		: yes
flags		: fpu vme de pse tsc msr pae mce cx8 apic sep mtrr pge mca cmov pat pse36 clflush dts acpi mmx fxsr sse sse2 ss ht tm pbe syscall nx pdpe1gb rdtscp lm constant_tsc art arch_perfmon pebs bts rep_good nopl xtopology nonstop_tsc cpuid aperfmperf tsc_known_freq pni pclmulqdq dtes64 monitor ds_cpl vmx smx est tm2 ssse3 sdbg fma cx16 xtpr pdcm pcid dca sse4_1 sse4_2 x2apic movbe popcnt tsc_deadline_timer aes xsave avx f16c rdrand lahf_lm abm 3dnowprefetch cpuid_fault epb cat_l3 cat_l2 cdp_l3 cdp_l2 ssbd mba ibrs ibpb stibp ibrs_enhanced tpr_shadow flexpriority ept vpid ept_ad fsgsbase tsc_adjust bmi1 avx2 smep bmi2 erms invpcid cqm rdt_a avx512f avx512dq rdseed adx smap avx512ifma clflushopt clwb intel_pt avx512cd sha_ni avx512bw avx512vl xsaveopt xsavec xgetbv1 xsaves cqm_llc cqm_occup_llc cqm_mbm_total cqm_mbm_local split_lock_detect user_shstk avx_vnni avx512_bf16 wbnoinvd dtherm ida arat pln pts vnmi avx512vbmi umip pku ospke waitpkg avx512_vbmi2 gfni vaes vpclmulqdq avx512_vnni avx512_bitalg avx512_vpopcntdq la57 rdpid bus_lock_detect cldemote movdiri movdir64b enqcmd fsrm md_clear serialize tsxldtrk pconfig arch_lbr ibt amx_bf16 avx512_fp16 amx_tile amx_int8 flush_l1d arch_capabilities
vmx flags	: vnmi preemption_timer posted_intr invvpid ept_x_only ept_ad ept_1gb ept_5level flexpriority apicv tsc_offset vtpr mtf vapic ept vpid unrestricted_guest vapic_reg vid ple shadow_vmcs pml ept_violation_ve ept_mode_based_exec tsc_scaling usr_wait_pause notify_vm_exiting ipi_virt
bugs		: spectre_v1 spectre_v2 spec_store_bypass swapgs eibrs_pbrsb bhi spectre_v2_user old_microcode vmscape
bogomips	: 4000.00
clflush size	: 64
cache_alignment	: 64
address sizes	: 46 bits physical, 57 bits virtual
power management:

processor	: 78
vendor_id	: GenuineIntel
cpu family	: 6
model		: 143
model name	: Intel(R) Xeon(R) Platinum 8480+
stepping	: 8
microcode	: 0x2b000639
cpu MHz		: 3800.000
cache size	: 107520 KB
physical id	: 0
siblings	: 56
core id		: 46
cpu cores	: 56
apicid		: 92
initial apicid	: 92
fpu		: yes
fpu_exception	: yes
cpuid level	: 32
wp		: yes
flags		: fpu vme de pse tsc msr pae mce cx8 apic sep mtrr pge mca cmov pat pse36 clflush dts acpi mmx fxsr sse sse2 ss ht tm pbe syscall nx pdpe1gb rdtscp lm constant_tsc art arch_perfmon pebs bts rep_good nopl xtopology nonstop_tsc cpuid aperfmperf tsc_known_freq pni pclmulqdq dtes64 monitor ds_cpl vmx smx est tm2 ssse3 sdbg fma cx16 xtpr pdcm pcid dca sse4_1 sse4_2 x2apic movbe popcnt tsc_deadline_timer aes xsave avx f16c rdrand lahf_lm abm 3dnowprefetch cpuid_fault epb cat_l3 cat_l2 cdp_l3 cdp_l2 ssbd mba ibrs ibpb stibp ibrs_enhanced tpr_shadow flexpriority ept vpid ept_ad fsgsbase tsc_adjust bmi1 avx2 smep bmi2 erms invpcid cqm rdt_a avx512f avx512dq rdseed adx smap avx512ifma clflushopt clwb intel_pt avx512cd sha_ni avx512bw avx512vl xsaveopt xsavec xgetbv1 xsaves cqm_llc cqm_occup_llc cqm_mbm_total cqm_mbm_local split_lock_detect user_shstk avx_vnni avx512_bf16 wbnoinvd dtherm ida arat pln pts vnmi avx512vbmi umip pku ospke waitpkg avx512_vbmi2 gfni vaes vpclmulqdq avx512_vnni avx512_bitalg avx512_vpopcntdq la57 rdpid bus_lock_detect cldemote movdiri movdir64b enqcmd fsrm md_clear serialize tsxldtrk pconfig arch_lbr ibt amx_bf16 avx512_fp16 amx_tile amx_int8 flush_l1d arch_capabilities
vmx flags	: vnmi preemption_timer posted_intr invvpid ept_x_only ept_ad ept_1gb ept_5level flexpriority apicv tsc_offset vtpr mtf vapic ept vpid unrestricted_guest vapic_reg vid ple shadow_vmcs pml ept_violation_ve ept_mode_based_exec tsc_scaling usr_wait_pause notify_vm_exiting ipi_virt
bugs		: spectre_v1 spectre_v2 spec_store_bypass swapgs eibrs_pbrsb bhi spectre_v2_user old_microcode vmscape
bogomips	: 4000.00
clflush size	: 64
cache_alignment	: 64
address sizes	: 46 bits physical, 57 bits virtual
power management:

processor	: 79
vendor_id	: GenuineIntel
cpu family	: 6
model		: 143
model name	: Intel(R) Xeon(R) Platinum 8480+
stepping	: 8
microcode	: 0x2b000639
cpu MHz		: 3800.000
cache size	: 107520 KB
physical id	: 1
siblings	: 56
core id		: 46
cpu cores	: 56
apicid		: 220
initial apicid	: 220
fpu		: yes
fpu_exception	: yes
cpuid level	: 32
wp		: yes
flags		: fpu vme de pse tsc msr pae mce cx8 apic sep mtrr pge mca cmov pat pse36 clflush dts acpi mmx fxsr sse sse2 ss ht tm pbe syscall nx pdpe1gb rdtscp lm constant_tsc art arch_perfmon pebs bts rep_good nopl xtopology nonstop_tsc cpuid aperfmperf tsc_known_freq pni pclmulqdq dtes64 monitor ds_cpl vmx smx est tm2 ssse3 sdbg fma cx16 xtpr pdcm pcid dca sse4_1 sse4_2 x2apic movbe popcnt tsc_deadline_timer aes xsave avx f16c rdrand lahf_lm abm 3dnowprefetch cpuid_fault epb cat_l3 cat_l2 cdp_l3 cdp_l2 ssbd mba ibrs ibpb stibp ibrs_enhanced tpr_shadow flexpriority ept vpid ept_ad fsgsbase tsc_adjust bmi1 avx2 smep bmi2 erms invpcid cqm rdt_a avx512f avx512dq rdseed adx smap avx512ifma clflushopt clwb intel_pt avx512cd sha_ni avx512bw avx512vl xsaveopt xsavec xgetbv1 xsaves cqm_llc cqm_occup_llc cqm_mbm_total cqm_mbm_local split_lock_detect user_shstk avx_vnni avx512_bf16 wbnoinvd dtherm ida arat pln pts vnmi avx512vbmi umip pku ospke waitpkg avx512_vbmi2 gfni vaes vpclmulqdq avx512_vnni avx512_bitalg avx512_vpopcntdq la57 rdpid bus_lock_detect cldemote movdiri movdir64b enqcmd fsrm md_clear serialize tsxldtrk pconfig arch_lbr ibt amx_bf16 avx512_fp16 amx_tile amx_int8 flush_l1d arch_capabilities
vmx flags	: vnmi preemption_timer posted_intr invvpid ept_x_only ept_ad ept_1gb ept_5level flexpriority apicv tsc_offset vtpr mtf vapic ept vpid unrestricted_guest vapic_reg vid ple shadow_vmcs pml ept_violation_ve ept_mode_based_exec tsc_scaling usr_wait_pause notify_vm_exiting ipi_virt
bugs		: spectre_v1 spectre_v2 spec_store_bypass swapgs eibrs_pbrsb bhi spectre_v2_user old_microcode vmscape
bogomips	: 4000.00
clflush size	: 64
cache_alignment	: 64
address sizes	: 46 bits physical, 57 bits virtual
power management:

processor	: 80
vendor_id	: GenuineIntel
cpu family	: 6
model		: 143
model name	: Intel(R) Xeon(R) Platinum 8480+
stepping	: 8
microcode	: 0x2b000639
cpu MHz		: 3800.000
cache size	: 107520 KB
physical id	: 0
siblings	: 56
core id		: 3
cpu cores	: 56
apicid		: 6
initial apicid	: 6
fpu		: yes
fpu_exception	: yes
cpuid level	: 32
wp		: yes
flags		: fpu vme de pse tsc msr pae mce cx8 apic sep mtrr pge mca cmov pat pse36 clflush dts acpi mmx fxsr sse sse2 ss ht tm pbe syscall nx pdpe1gb rdtscp lm constant_tsc art arch_perfmon pebs bts rep_good nopl xtopology nonstop_tsc cpuid aperfmperf tsc_known_freq pni pclmulqdq dtes64 monitor ds_cpl vmx smx est tm2 ssse3 sdbg fma cx16 xtpr pdcm pcid dca sse4_1 sse4_2 x2apic movbe popcnt tsc_deadline_timer aes xsave avx f16c rdrand lahf_lm abm 3dnowprefetch cpuid_fault epb cat_l3 cat_l2 cdp_l3 cdp_l2 ssbd mba ibrs ibpb stibp ibrs_enhanced tpr_shadow flexpriority ept vpid ept_ad fsgsbase tsc_adjust bmi1 avx2 smep bmi2 erms invpcid cqm rdt_a avx512f avx512dq rdseed adx smap avx512ifma clflushopt clwb intel_pt avx512cd sha_ni avx512bw avx512vl xsaveopt xsavec xgetbv1 xsaves cqm_llc cqm_occup_llc cqm_mbm_total cqm_mbm_local split_lock_detect user_shstk avx_vnni avx512_bf16 wbnoinvd dtherm ida arat pln pts vnmi avx512vbmi umip pku ospke waitpkg avx512_vbmi2 gfni vaes vpclmulqdq avx512_vnni avx512_bitalg avx512_vpopcntdq la57 rdpid bus_lock_detect cldemote movdiri movdir64b enqcmd fsrm md_clear serialize tsxldtrk pconfig arch_lbr ibt amx_bf16 avx512_fp16 amx_tile amx_int8 flush_l1d arch_capabilities
vmx flags	: vnmi preemption_timer posted_intr invvpid ept_x_only ept_ad ept_1gb ept_5level flexpriority apicv tsc_offset vtpr mtf vapic ept vpid unrestricted_guest vapic_reg vid ple shadow_vmcs pml ept_violation_ve ept_mode_based_exec tsc_scaling usr_wait_pause notify_vm_exiting ipi_virt
bugs		: spectre_v1 spectre_v2 spec_store_bypass swapgs eibrs_pbrsb bhi spectre_v2_user old_microcode vmscape
bogomips	: 4000.00
clflush size	: 64
cache_alignment	: 64
address sizes	: 46 bits physical, 57 bits virtual
power management:

processor	: 81
vendor_id	: GenuineIntel
cpu family	: 6
model		: 143
model name	: Intel(R) Xeon(R) Platinum 8480+
stepping	: 8
microcode	: 0x2b000639
cpu MHz		: 3800.000
cache size	: 107520 KB
physical id	: 1
siblings	: 56
core id		: 12
cpu cores	: 56
apicid		: 152
initial apicid	: 152
fpu		: yes
fpu_exception	: yes
cpuid level	: 32
wp		: yes
flags		: fpu vme de pse tsc msr pae mce cx8 apic sep mtrr pge mca cmov pat pse36 clflush dts acpi mmx fxsr sse sse2 ss ht tm pbe syscall nx pdpe1gb rdtscp lm constant_tsc art arch_perfmon pebs bts rep_good nopl xtopology nonstop_tsc cpuid aperfmperf tsc_known_freq pni pclmulqdq dtes64 monitor ds_cpl vmx smx est tm2 ssse3 sdbg fma cx16 xtpr pdcm pcid dca sse4_1 sse4_2 x2apic movbe popcnt tsc_deadline_timer aes xsave avx f16c rdrand lahf_lm abm 3dnowprefetch cpuid_fault epb cat_l3 cat_l2 cdp_l3 cdp_l2 ssbd mba ibrs ibpb stibp ibrs_enhanced tpr_shadow flexpriority ept vpid ept_ad fsgsbase tsc_adjust bmi1 avx2 smep bmi2 erms invpcid cqm rdt_a avx512f avx512dq rdseed adx smap avx512ifma clflushopt clwb intel_pt avx512cd sha_ni avx512bw avx512vl xsaveopt xsavec xgetbv1 xsaves cqm_llc cqm_occup_llc cqm_mbm_total cqm_mbm_local split_lock_detect user_shstk avx_vnni avx512_bf16 wbnoinvd dtherm ida arat pln pts vnmi avx512vbmi umip pku ospke waitpkg avx512_vbmi2 gfni vaes vpclmulqdq avx512_vnni avx512_bitalg avx512_vpopcntdq la57 rdpid bus_lock_detect cldemote movdiri movdir64b enqcmd fsrm md_clear serialize tsxldtrk pconfig arch_lbr ibt amx_bf16 avx512_fp16 amx_tile amx_int8 flush_l1d arch_capabilities
vmx flags	: vnmi preemption_timer posted_intr invvpid ept_x_only ept_ad ept_1gb ept_5level flexpriority apicv tsc_offset vtpr mtf vapic ept vpid unrestricted_guest vapic_reg vid ple shadow_vmcs pml ept_violation_ve ept_mode_based_exec tsc_scaling usr_wait_pause notify_vm_exiting ipi_virt
bugs		: spectre_v1 spectre_v2 spec_store_bypass swapgs eibrs_pbrsb bhi spectre_v2_user old_microcode vmscape
bogomips	: 4000.00
clflush size	: 64
cache_alignment	: 64
address sizes	: 46 bits physical, 57 bits virtual
power management:

processor	: 82
vendor_id	: GenuineIntel
cpu family	: 6
model		: 143
model name	: Intel(R) Xeon(R) Platinum 8480+
stepping	: 8
microcode	: 0x2b000639
cpu MHz		: 3800.000
cache size	: 107520 KB
physical id	: 0
siblings	: 56
core id		: 28
cpu cores	: 56
apicid		: 56
initial apicid	: 56
fpu		: yes
fpu_exception	: yes
cpuid level	: 32
wp		: yes
flags		: fpu vme de pse tsc msr pae mce cx8 apic sep mtrr pge mca cmov pat pse36 clflush dts acpi mmx fxsr sse sse2 ss ht tm pbe syscall nx pdpe1gb rdtscp lm constant_tsc art arch_perfmon pebs bts rep_good nopl xtopology nonstop_tsc cpuid aperfmperf tsc_known_freq pni pclmulqdq dtes64 monitor ds_cpl vmx smx est tm2 ssse3 sdbg fma cx16 xtpr pdcm pcid dca sse4_1 sse4_2 x2apic movbe popcnt tsc_deadline_timer aes xsave avx f16c rdrand lahf_lm abm 3dnowprefetch cpuid_fault epb cat_l3 cat_l2 cdp_l3 cdp_l2 ssbd mba ibrs ibpb stibp ibrs_enhanced tpr_shadow flexpriority ept vpid ept_ad fsgsbase tsc_adjust bmi1 avx2 smep bmi2 erms invpcid cqm rdt_a avx512f avx512dq rdseed adx smap avx512ifma clflushopt clwb intel_pt avx512cd sha_ni avx512bw avx512vl xsaveopt xsavec xgetbv1 xsaves cqm_llc cqm_occup_llc cqm_mbm_total cqm_mbm_local split_lock_detect user_shstk avx_vnni avx512_bf16 wbnoinvd dtherm ida arat pln pts vnmi avx512vbmi umip pku ospke waitpkg avx512_vbmi2 gfni vaes vpclmulqdq avx512_vnni avx512_bitalg avx512_vpopcntdq la57 rdpid bus_lock_detect cldemote movdiri movdir64b enqcmd fsrm md_clear serialize tsxldtrk pconfig arch_lbr ibt amx_bf16 avx512_fp16 amx_tile amx_int8 flush_l1d arch_capabilities
vmx flags	: vnmi preemption_timer posted_intr invvpid ept_x_only ept_ad ept_1gb ept_5level flexpriority apicv tsc_offset vtpr mtf vapic ept vpid unrestricted_guest vapic_reg vid ple shadow_vmcs pml ept_violation_ve ept_mode_based_exec tsc_scaling usr_wait_pause notify_vm_exiting ipi_virt
bugs		: spectre_v1 spectre_v2 spec_store_bypass swapgs eibrs_pbrsb bhi spectre_v2_user old_microcode vmscape
bogomips	: 4000.00
clflush size	: 64
cache_alignment	: 64
address sizes	: 46 bits physical, 57 bits virtual
power management:

processor	: 83
vendor_id	: GenuineIntel
cpu family	: 6
model		: 143
model name	: Intel(R) Xeon(R) Platinum 8480+
stepping	: 8
microcode	: 0x2b000639
cpu MHz		: 3800.000
cache size	: 107520 KB
physical id	: 1
siblings	: 56
core id		: 28
cpu cores	: 56
apicid		: 184
initial apicid	: 184
fpu		: yes
fpu_exception	: yes
cpuid level	: 32
wp		: yes
flags		: fpu vme de pse tsc msr pae mce cx8 apic sep mtrr pge mca cmov pat pse36 clflush dts acpi mmx fxsr sse sse2 ss ht tm pbe syscall nx pdpe1gb rdtscp lm constant_tsc art arch_perfmon pebs bts rep_good nopl xtopology nonstop_tsc cpuid aperfmperf tsc_known_freq pni pclmulqdq dtes64 monitor ds_cpl vmx smx est tm2 ssse3 sdbg fma cx16 xtpr pdcm pcid dca sse4_1 sse4_2 x2apic movbe popcnt tsc_deadline_timer aes xsave avx f16c rdrand lahf_lm abm 3dnowprefetch cpuid_fault epb cat_l3 cat_l2 cdp_l3 cdp_l2 ssbd mba ibrs ibpb stibp ibrs_enhanced tpr_shadow flexpriority ept vpid ept_ad fsgsbase tsc_adjust bmi1 avx2 smep bmi2 erms invpcid cqm rdt_a avx512f avx512dq rdseed adx smap avx512ifma clflushopt clwb intel_pt avx512cd sha_ni avx512bw avx512vl xsaveopt xsavec xgetbv1 xsaves cqm_llc cqm_occup_llc cqm_mbm_total cqm_mbm_local split_lock_detect user_shstk avx_vnni avx512_bf16 wbnoinvd dtherm ida arat pln pts vnmi avx512vbmi umip pku ospke waitpkg avx512_vbmi2 gfni vaes vpclmulqdq avx512_vnni avx512_bitalg avx512_vpopcntdq la57 rdpid bus_lock_detect cldemote movdiri movdir64b enqcmd fsrm md_clear serialize tsxldtrk pconfig arch_lbr ibt amx_bf16 avx512_fp16 amx_tile amx_int8 flush_l1d arch_capabilities
vmx flags	: vnmi preemption_timer posted_intr invvpid ept_x_only ept_ad ept_1gb ept_5level flexpriority apicv tsc_offset vtpr mtf vapic ept vpid unrestricted_guest vapic_reg vid ple shadow_vmcs pml ept_violation_ve ept_mode_based_exec tsc_scaling usr_wait_pause notify_vm_exiting ipi_virt
bugs		: spectre_v1 spectre_v2 spec_store_bypass swapgs eibrs_pbrsb bhi spectre_v2_user old_microcode vmscape
bogomips	: 4000.00
clflush size	: 64
cache_alignment	: 64
address sizes	: 46 bits physical, 57 bits virtual
power management:

processor	: 84
vendor_id	: GenuineIntel
cpu family	: 6
model		: 143
model name	: Intel(R) Xeon(R) Platinum 8480+
stepping	: 8
microcode	: 0x2b000639
cpu MHz		: 3800.000
cache size	: 107520 KB
physical id	: 0
siblings	: 56
core id		: 27
cpu cores	: 56
apicid		: 54
initial apicid	: 54
fpu		: yes
fpu_exception	: yes
cpuid level	: 32
wp		: yes
flags		: fpu vme de pse tsc msr pae mce cx8 apic sep mtrr pge mca cmov pat pse36 clflush dts acpi mmx fxsr sse sse2 ss ht tm pbe syscall nx pdpe1gb rdtscp lm constant_tsc art arch_perfmon pebs bts rep_good nopl xtopology nonstop_tsc cpuid aperfmperf tsc_known_freq pni pclmulqdq dtes64 monitor ds_cpl vmx smx est tm2 ssse3 sdbg fma cx16 xtpr pdcm pcid dca sse4_1 sse4_2 x2apic movbe popcnt tsc_deadline_timer aes xsave avx f16c rdrand lahf_lm abm 3dnowprefetch cpuid_fault epb cat_l3 cat_l2 cdp_l3 cdp_l2 ssbd mba ibrs ibpb stibp ibrs_enhanced tpr_shadow flexpriority ept vpid ept_ad fsgsbase tsc_adjust bmi1 avx2 smep bmi2 erms invpcid cqm rdt_a avx512f avx512dq rdseed adx smap avx512ifma clflushopt clwb intel_pt avx512cd sha_ni avx512bw avx512vl xsaveopt xsavec xgetbv1 xsaves cqm_llc cqm_occup_llc cqm_mbm_total cqm_mbm_local split_lock_detect user_shstk avx_vnni avx512_bf16 wbnoinvd dtherm ida arat pln pts vnmi avx512vbmi umip pku ospke waitpkg avx512_vbmi2 gfni vaes vpclmulqdq avx512_vnni avx512_bitalg avx512_vpopcntdq la57 rdpid bus_lock_detect cldemote movdiri movdir64b enqcmd fsrm md_clear serialize tsxldtrk pconfig arch_lbr ibt amx_bf16 avx512_fp16 amx_tile amx_int8 flush_l1d arch_capabilities
vmx flags	: vnmi preemption_timer posted_intr invvpid ept_x_only ept_ad ept_1gb ept_5level flexpriority apicv tsc_offset vtpr mtf vapic ept vpid unrestricted_guest vapic_reg vid ple shadow_vmcs pml ept_violation_ve ept_mode_based_exec tsc_scaling usr_wait_pause notify_vm_exiting ipi_virt
bugs		: spectre_v1 spectre_v2 spec_store_bypass swapgs eibrs_pbrsb bhi spectre_v2_user old_microcode vmscape
bogomips	: 4000.00
clflush size	: 64
cache_alignment	: 64
address sizes	: 46 bits physical, 57 bits virtual
power management:

processor	: 85
vendor_id	: GenuineIntel
cpu family	: 6
model		: 143
model name	: Intel(R) Xeon(R) Platinum 8480+
stepping	: 8
microcode	: 0x2b000639
cpu MHz		: 3800.000
cache size	: 107520 KB
physical id	: 1
siblings	: 56
core id		: 27
cpu cores	: 56
apicid		: 182
initial apicid	: 182
fpu		: yes
fpu_exception	: yes
cpuid level	: 32
wp		: yes
flags		: fpu vme de pse tsc msr pae mce cx8 apic sep mtrr pge mca cmov pat pse36 clflush dts acpi mmx fxsr sse sse2 ss ht tm pbe syscall nx pdpe1gb rdtscp lm constant_tsc art arch_perfmon pebs bts rep_good nopl xtopology nonstop_tsc cpuid aperfmperf tsc_known_freq pni pclmulqdq dtes64 monitor ds_cpl vmx smx est tm2 ssse3 sdbg fma cx16 xtpr pdcm pcid dca sse4_1 sse4_2 x2apic movbe popcnt tsc_deadline_timer aes xsave avx f16c rdrand lahf_lm abm 3dnowprefetch cpuid_fault epb cat_l3 cat_l2 cdp_l3 cdp_l2 ssbd mba ibrs ibpb stibp ibrs_enhanced tpr_shadow flexpriority ept vpid ept_ad fsgsbase tsc_adjust bmi1 avx2 smep bmi2 erms invpcid cqm rdt_a avx512f avx512dq rdseed adx smap avx512ifma clflushopt clwb intel_pt avx512cd sha_ni avx512bw avx512vl xsaveopt xsavec xgetbv1 xsaves cqm_llc cqm_occup_llc cqm_mbm_total cqm_mbm_local split_lock_detect user_shstk avx_vnni avx512_bf16 wbnoinvd dtherm ida arat pln pts vnmi avx512vbmi umip pku ospke waitpkg avx512_vbmi2 gfni vaes vpclmulqdq avx512_vnni avx512_bitalg avx512_vpopcntdq la57 rdpid bus_lock_detect cldemote movdiri movdir64b enqcmd fsrm md_clear serialize tsxldtrk pconfig arch_lbr ibt amx_bf16 avx512_fp16 amx_tile amx_int8 flush_l1d arch_capabilities
vmx flags	: vnmi preemption_timer posted_intr invvpid ept_x_only ept_ad ept_1gb ept_5level flexpriority apicv tsc_offset vtpr mtf vapic ept vpid unrestricted_guest vapic_reg vid ple shadow_vmcs pml ept_violation_ve ept_mode_based_exec tsc_scaling usr_wait_pause notify_vm_exiting ipi_virt
bugs		: spectre_v1 spectre_v2 spec_store_bypass swapgs eibrs_pbrsb bhi spectre_v2_user old_microcode vmscape
bogomips	: 4000.00
clflush size	: 64
cache_alignment	: 64
address sizes	: 46 bits physical, 57 bits virtual
power management:

processor	: 86
vendor_id	: GenuineIntel
cpu family	: 6
model		: 143
model name	: Intel(R) Xeon(R) Platinum 8480+
stepping	: 8
microcode	: 0x2b000639
cpu MHz		: 3800.000
cache size	: 107520 KB
physical id	: 0
siblings	: 56
core id		: 52
cpu cores	: 56
apicid		: 104
initial apicid	: 104
fpu		: yes
fpu_exception	: yes
cpuid level	: 32
wp		: yes
flags		: fpu vme de pse tsc msr pae mce cx8 apic sep mtrr pge mca cmov pat pse36 clflush dts acpi mmx fxsr sse sse2 ss ht tm pbe syscall nx pdpe1gb rdtscp lm constant_tsc art arch_perfmon pebs bts rep_good nopl xtopology nonstop_tsc cpuid aperfmperf tsc_known_freq pni pclmulqdq dtes64 monitor ds_cpl vmx smx est tm2 ssse3 sdbg fma cx16 xtpr pdcm pcid dca sse4_1 sse4_2 x2apic movbe popcnt tsc_deadline_timer aes xsave avx f16c rdrand lahf_lm abm 3dnowprefetch cpuid_fault epb cat_l3 cat_l2 cdp_l3 cdp_l2 ssbd mba ibrs ibpb stibp ibrs_enhanced tpr_shadow flexpriority ept vpid ept_ad fsgsbase tsc_adjust bmi1 avx2 smep bmi2 erms invpcid cqm rdt_a avx512f avx512dq rdseed adx smap avx512ifma clflushopt clwb intel_pt avx512cd sha_ni avx512bw avx512vl xsaveopt xsavec xgetbv1 xsaves cqm_llc cqm_occup_llc cqm_mbm_total cqm_mbm_local split_lock_detect user_shstk avx_vnni avx512_bf16 wbnoinvd dtherm ida arat pln pts vnmi avx512vbmi umip pku ospke waitpkg avx512_vbmi2 gfni vaes vpclmulqdq avx512_vnni avx512_bitalg avx512_vpopcntdq la57 rdpid bus_lock_detect cldemote movdiri movdir64b enqcmd fsrm md_clear serialize tsxldtrk pconfig arch_lbr ibt amx_bf16 avx512_fp16 amx_tile amx_int8 flush_l1d arch_capabilities
vmx flags	: vnmi preemption_timer posted_intr invvpid ept_x_only ept_ad ept_1gb ept_5level flexpriority apicv tsc_offset vtpr mtf vapic ept vpid unrestricted_guest vapic_reg vid ple shadow_vmcs pml ept_violation_ve ept_mode_based_exec tsc_scaling usr_wait_pause notify_vm_exiting ipi_virt
bugs		: spectre_v1 spectre_v2 spec_store_bypass swapgs eibrs_pbrsb bhi spectre_v2_user old_microcode vmscape
bogomips	: 4000.00
clflush size	: 64
cache_alignment	: 64
address sizes	: 46 bits physical, 57 bits virtual
power management:

processor	: 87
vendor_id	: GenuineIntel
cpu family	: 6
model		: 143
model name	: Intel(R) Xeon(R) Platinum 8480+
stepping	: 8
microcode	: 0x2b000639
cpu MHz		: 3800.000
cache size	: 107520 KB
physical id	: 1
siblings	: 56
core id		: 44
cpu cores	: 56
apicid		: 216
initial apicid	: 216
fpu		: yes
fpu_exception	: yes
cpuid level	: 32
wp		: yes
flags		: fpu vme de pse tsc msr pae mce cx8 apic sep mtrr pge mca cmov pat pse36 clflush dts acpi mmx fxsr sse sse2 ss ht tm pbe syscall nx pdpe1gb rdtscp lm constant_tsc art arch_perfmon pebs bts rep_good nopl xtopology nonstop_tsc cpuid aperfmperf tsc_known_freq pni pclmulqdq dtes64 monitor ds_cpl vmx smx est tm2 ssse3 sdbg fma cx16 xtpr pdcm pcid dca sse4_1 sse4_2 x2apic movbe popcnt tsc_deadline_timer aes xsave avx f16c rdrand lahf_lm abm 3dnowprefetch cpuid_fault epb cat_l3 cat_l2 cdp_l3 cdp_l2 ssbd mba ibrs ibpb stibp ibrs_enhanced tpr_shadow flexpriority ept vpid ept_ad fsgsbase tsc_adjust bmi1 avx2 smep bmi2 erms invpcid cqm rdt_a avx512f avx512dq rdseed adx smap avx512ifma clflushopt clwb intel_pt avx512cd sha_ni avx512bw avx512vl xsaveopt xsavec xgetbv1 xsaves cqm_llc cqm_occup_llc cqm_mbm_total cqm_mbm_local split_lock_detect user_shstk avx_vnni avx512_bf16 wbnoinvd dtherm ida arat pln pts vnmi avx512vbmi umip pku ospke waitpkg avx512_vbmi2 gfni vaes vpclmulqdq avx512_vnni avx512_bitalg avx512_vpopcntdq la57 rdpid bus_lock_detect cldemote movdiri movdir64b enqcmd fsrm md_clear serialize tsxldtrk pconfig arch_lbr ibt amx_bf16 avx512_fp16 amx_tile amx_int8 flush_l1d arch_capabilities
vmx flags	: vnmi preemption_timer posted_intr invvpid ept_x_only ept_ad ept_1gb ept_5level flexpriority apicv tsc_offset vtpr mtf vapic ept vpid unrestricted_guest vapic_reg vid ple shadow_vmcs pml ept_violation_ve ept_mode_based_exec tsc_scaling usr_wait_pause notify_vm_exiting ipi_virt
bugs		: spectre_v1 spectre_v2 spec_store_bypass swapgs eibrs_pbrsb bhi spectre_v2_user old_microcode vmscape
bogomips	: 4000.00
clflush size	: 64
cache_alignment	: 64
address sizes	: 46 bits physical, 57 bits virtual
power management:

processor	: 88
vendor_id	: GenuineIntel
cpu family	: 6
model		: 143
model name	: Intel(R) Xeon(R) Platinum 8480+
stepping	: 8
microcode	: 0x2b000639
cpu MHz		: 3800.000
cache size	: 107520 KB
physical id	: 0
siblings	: 56
core id		: 10
cpu cores	: 56
apicid		: 20
initial apicid	: 20
fpu		: yes
fpu_exception	: yes
cpuid level	: 32
wp		: yes
flags		: fpu vme de pse tsc msr pae mce cx8 apic sep mtrr pge mca cmov pat pse36 clflush dts acpi mmx fxsr sse sse2 ss ht tm pbe syscall nx pdpe1gb rdtscp lm constant_tsc art arch_perfmon pebs bts rep_good nopl xtopology nonstop_tsc cpuid aperfmperf tsc_known_freq pni pclmulqdq dtes64 monitor ds_cpl vmx smx est tm2 ssse3 sdbg fma cx16 xtpr pdcm pcid dca sse4_1 sse4_2 x2apic movbe popcnt tsc_deadline_timer aes xsave avx f16c rdrand lahf_lm abm 3dnowprefetch cpuid_fault epb cat_l3 cat_l2 cdp_l3 cdp_l2 ssbd mba ibrs ibpb stibp ibrs_enhanced tpr_shadow flexpriority ept vpid ept_ad fsgsbase tsc_adjust bmi1 avx2 smep bmi2 erms invpcid cqm rdt_a avx512f avx512dq rdseed adx smap avx512ifma clflushopt clwb intel_pt avx512cd sha_ni avx512bw avx512vl xsaveopt xsavec xgetbv1 xsaves cqm_llc cqm_occup_llc cqm_mbm_total cqm_mbm_local split_lock_detect user_shstk avx_vnni avx512_bf16 wbnoinvd dtherm ida arat pln pts vnmi avx512vbmi umip pku ospke waitpkg avx512_vbmi2 gfni vaes vpclmulqdq avx512_vnni avx512_bitalg avx512_vpopcntdq la57 rdpid bus_lock_detect cldemote movdiri movdir64b enqcmd fsrm md_clear serialize tsxldtrk pconfig arch_lbr ibt amx_bf16 avx512_fp16 amx_tile amx_int8 flush_l1d arch_capabilities
vmx flags	: vnmi preemption_timer posted_intr invvpid ept_x_only ept_ad ept_1gb ept_5level flexpriority apicv tsc_offset vtpr mtf vapic ept vpid unrestricted_guest vapic_reg vid ple shadow_vmcs pml ept_violation_ve ept_mode_based_exec tsc_scaling usr_wait_pause notify_vm_exiting ipi_virt
bugs		: spectre_v1 spectre_v2 spec_store_bypass swapgs eibrs_pbrsb bhi spectre_v2_user old_microcode vmscape
bogomips	: 4000.00
clflush size	: 64
cache_alignment	: 64
address sizes	: 46 bits physical, 57 bits virtual
power management:

processor	: 89
vendor_id	: GenuineIntel
cpu family	: 6
model		: 143
model name	: Intel(R) Xeon(R) Platinum 8480+
stepping	: 8
microcode	: 0x2b000639
cpu MHz		: 3800.000
cache size	: 107520 KB
physical id	: 1
siblings	: 56
core id		: 3
cpu cores	: 56
apicid		: 134
initial apicid	: 134
fpu		: yes
fpu_exception	: yes
cpuid level	: 32
wp		: yes
flags		: fpu vme de pse tsc msr pae mce cx8 apic sep mtrr pge mca cmov pat pse36 clflush dts acpi mmx fxsr sse sse2 ss ht tm pbe syscall nx pdpe1gb rdtscp lm constant_tsc art arch_perfmon pebs bts rep_good nopl xtopology nonstop_tsc cpuid aperfmperf tsc_known_freq pni pclmulqdq dtes64 monitor ds_cpl vmx smx est tm2 ssse3 sdbg fma cx16 xtpr pdcm pcid dca sse4_1 sse4_2 x2apic movbe popcnt tsc_deadline_timer aes xsave avx f16c rdrand lahf_lm abm 3dnowprefetch cpuid_fault epb cat_l3 cat_l2 cdp_l3 cdp_l2 ssbd mba ibrs ibpb stibp ibrs_enhanced tpr_shadow flexpriority ept vpid ept_ad fsgsbase tsc_adjust bmi1 avx2 smep bmi2 erms invpcid cqm rdt_a avx512f avx512dq rdseed adx smap avx512ifma clflushopt clwb intel_pt avx512cd sha_ni avx512bw avx512vl xsaveopt xsavec xgetbv1 xsaves cqm_llc cqm_occup_llc cqm_mbm_total cqm_mbm_local split_lock_detect user_shstk avx_vnni avx512_bf16 wbnoinvd dtherm ida arat pln pts vnmi avx512vbmi umip pku ospke waitpkg avx512_vbmi2 gfni vaes vpclmulqdq avx512_vnni avx512_bitalg avx512_vpopcntdq la57 rdpid bus_lock_detect cldemote movdiri movdir64b enqcmd fsrm md_clear serialize tsxldtrk pconfig arch_lbr ibt amx_bf16 avx512_fp16 amx_tile amx_int8 flush_l1d arch_capabilities
vmx flags	: vnmi preemption_timer posted_intr invvpid ept_x_only ept_ad ept_1gb ept_5level flexpriority apicv tsc_offset vtpr mtf vapic ept vpid unrestricted_guest vapic_reg vid ple shadow_vmcs pml ept_violation_ve ept_mode_based_exec tsc_scaling usr_wait_pause notify_vm_exiting ipi_virt
bugs		: spectre_v1 spectre_v2 spec_store_bypass swapgs eibrs_pbrsb bhi spectre_v2_user old_microcode vmscape
bogomips	: 4000.00
clflush size	: 64
cache_alignment	: 64
address sizes	: 46 bits physical, 57 bits virtual
power management:

processor	: 90
vendor_id	: GenuineIntel
cpu family	: 6
model		: 143
model name	: Intel(R) Xeon(R) Platinum 8480+
stepping	: 8
microcode	: 0x2b000639
cpu MHz		: 3800.000
cache size	: 107520 KB
physical id	: 0
siblings	: 56
core id		: 35
cpu cores	: 56
apicid		: 70
initial apicid	: 70
fpu		: yes
fpu_exception	: yes
cpuid level	: 32
wp		: yes
flags		: fpu vme de pse tsc msr pae mce cx8 apic sep mtrr pge mca cmov pat pse36 clflush dts acpi mmx fxsr sse sse2 ss ht tm pbe syscall nx pdpe1gb rdtscp lm constant_tsc art arch_perfmon pebs bts rep_good nopl xtopology nonstop_tsc cpuid aperfmperf tsc_known_freq pni pclmulqdq dtes64 monitor ds_cpl vmx smx est tm2 ssse3 sdbg fma cx16 xtpr pdcm pcid dca sse4_1 sse4_2 x2apic movbe popcnt tsc_deadline_timer aes xsave avx f16c rdrand lahf_lm abm 3dnowprefetch cpuid_fault epb cat_l3 cat_l2 cdp_l3 cdp_l2 ssbd mba ibrs ibpb stibp ibrs_enhanced tpr_shadow flexpriority ept vpid ept_ad fsgsbase tsc_adjust bmi1 avx2 smep bmi2 erms invpcid cqm rdt_a avx512f avx512dq rdseed adx smap avx512ifma clflushopt clwb intel_pt avx512cd sha_ni avx512bw avx512vl xsaveopt xsavec xgetbv1 xsaves cqm_llc cqm_occup_llc cqm_mbm_total cqm_mbm_local split_lock_detect user_shstk avx_vnni avx512_bf16 wbnoinvd dtherm ida arat pln pts vnmi avx512vbmi umip pku ospke waitpkg avx512_vbmi2 gfni vaes vpclmulqdq avx512_vnni avx512_bitalg avx512_vpopcntdq la57 rdpid bus_lock_detect cldemote movdiri movdir64b enqcmd fsrm md_clear serialize tsxldtrk pconfig arch_lbr ibt amx_bf16 avx512_fp16 amx_tile amx_int8 flush_l1d arch_capabilities
vmx flags	: vnmi preemption_timer posted_intr invvpid ept_x_only ept_ad ept_1gb ept_5level flexpriority apicv tsc_offset vtpr mtf vapic ept vpid unrestricted_guest vapic_reg vid ple shadow_vmcs pml ept_violation_ve ept_mode_based_exec tsc_scaling usr_wait_pause notify_vm_exiting ipi_virt
bugs		: spectre_v1 spectre_v2 spec_store_bypass swapgs eibrs_pbrsb bhi spectre_v2_user old_microcode vmscape
bogomips	: 4000.00
clflush size	: 64
cache_alignment	: 64
address sizes	: 46 bits physical, 57 bits virtual
power management:

processor	: 91
vendor_id	: GenuineIntel
cpu family	: 6
model		: 143
model name	: Intel(R) Xeon(R) Platinum 8480+
stepping	: 8
microcode	: 0x2b000639
cpu MHz		: 3800.000
cache size	: 107520 KB
physical id	: 1
siblings	: 56
core id		: 35
cpu cores	: 56
apicid		: 198
initial apicid	: 198
fpu		: yes
fpu_exception	: yes
cpuid level	: 32
wp		: yes
flags		: fpu vme de pse tsc msr pae mce cx8 apic sep mtrr pge mca cmov pat pse36 clflush dts acpi mmx fxsr sse sse2 ss ht tm pbe syscall nx pdpe1gb rdtscp lm constant_tsc art arch_perfmon pebs bts rep_good nopl xtopology nonstop_tsc cpuid aperfmperf tsc_known_freq pni pclmulqdq dtes64 monitor ds_cpl vmx smx est tm2 ssse3 sdbg fma cx16 xtpr pdcm pcid dca sse4_1 sse4_2 x2apic movbe popcnt tsc_deadline_timer aes xsave avx f16c rdrand lahf_lm abm 3dnowprefetch cpuid_fault epb cat_l3 cat_l2 cdp_l3 cdp_l2 ssbd mba ibrs ibpb stibp ibrs_enhanced tpr_shadow flexpriority ept vpid ept_ad fsgsbase tsc_adjust bmi1 avx2 smep bmi2 erms invpcid cqm rdt_a avx512f avx512dq rdseed adx smap avx512ifma clflushopt clwb intel_pt avx512cd sha_ni avx512bw avx512vl xsaveopt xsavec xgetbv1 xsaves cqm_llc cqm_occup_llc cqm_mbm_total cqm_mbm_local split_lock_detect user_shstk avx_vnni avx512_bf16 wbnoinvd dtherm ida arat pln pts vnmi avx512vbmi umip pku ospke waitpkg avx512_vbmi2 gfni vaes vpclmulqdq avx512_vnni avx512_bitalg avx512_vpopcntdq la57 rdpid bus_lock_detect cldemote movdiri movdir64b enqcmd fsrm md_clear serialize tsxldtrk pconfig arch_lbr ibt amx_bf16 avx512_fp16 amx_tile amx_int8 flush_l1d arch_capabilities
vmx flags	: vnmi preemption_timer posted_intr invvpid ept_x_only ept_ad ept_1gb ept_5level flexpriority apicv tsc_offset vtpr mtf vapic ept vpid unrestricted_guest vapic_reg vid ple shadow_vmcs pml ept_violation_ve ept_mode_based_exec tsc_scaling usr_wait_pause notify_vm_exiting ipi_virt
bugs		: spectre_v1 spectre_v2 spec_store_bypass swapgs eibrs_pbrsb bhi spectre_v2_user old_microcode vmscape
bogomips	: 4000.00
clflush size	: 64
cache_alignment	: 64
address sizes	: 46 bits physical, 57 bits virtual
power management:

processor	: 92
vendor_id	: GenuineIntel
cpu family	: 6
model		: 143
model name	: Intel(R) Xeon(R) Platinum 8480+
stepping	: 8
microcode	: 0x2b000639
cpu MHz		: 3800.000
cache size	: 107520 KB
physical id	: 0
siblings	: 56
core id		: 20
cpu cores	: 56
apicid		: 40
initial apicid	: 40
fpu		: yes
fpu_exception	: yes
cpuid level	: 32
wp		: yes
flags		: fpu vme de pse tsc msr pae mce cx8 apic sep mtrr pge mca cmov pat pse36 clflush dts acpi mmx fxsr sse sse2 ss ht tm pbe syscall nx pdpe1gb rdtscp lm constant_tsc art arch_perfmon pebs bts rep_good nopl xtopology nonstop_tsc cpuid aperfmperf tsc_known_freq pni pclmulqdq dtes64 monitor ds_cpl vmx smx est tm2 ssse3 sdbg fma cx16 xtpr pdcm pcid dca sse4_1 sse4_2 x2apic movbe popcnt tsc_deadline_timer aes xsave avx f16c rdrand lahf_lm abm 3dnowprefetch cpuid_fault epb cat_l3 cat_l2 cdp_l3 cdp_l2 ssbd mba ibrs ibpb stibp ibrs_enhanced tpr_shadow flexpriority ept vpid ept_ad fsgsbase tsc_adjust bmi1 avx2 smep bmi2 erms invpcid cqm rdt_a avx512f avx512dq rdseed adx smap avx512ifma clflushopt clwb intel_pt avx512cd sha_ni avx512bw avx512vl xsaveopt xsavec xgetbv1 xsaves cqm_llc cqm_occup_llc cqm_mbm_total cqm_mbm_local split_lock_detect user_shstk avx_vnni avx512_bf16 wbnoinvd dtherm ida arat pln pts vnmi avx512vbmi umip pku ospke waitpkg avx512_vbmi2 gfni vaes vpclmulqdq avx512_vnni avx512_bitalg avx512_vpopcntdq la57 rdpid bus_lock_detect cldemote movdiri movdir64b enqcmd fsrm md_clear serialize tsxldtrk pconfig arch_lbr ibt amx_bf16 avx512_fp16 amx_tile amx_int8 flush_l1d arch_capabilities
vmx flags	: vnmi preemption_timer posted_intr invvpid ept_x_only ept_ad ept_1gb ept_5level flexpriority apicv tsc_offset vtpr mtf vapic ept vpid unrestricted_guest vapic_reg vid ple shadow_vmcs pml ept_violation_ve ept_mode_based_exec tsc_scaling usr_wait_pause notify_vm_exiting ipi_virt
bugs		: spectre_v1 spectre_v2 spec_store_bypass swapgs eibrs_pbrsb bhi spectre_v2_user old_microcode vmscape
bogomips	: 4000.00
clflush size	: 64
cache_alignment	: 64
address sizes	: 46 bits physical, 57 bits virtual
power management:

processor	: 93
vendor_id	: GenuineIntel
cpu family	: 6
model		: 143
model name	: Intel(R) Xeon(R) Platinum 8480+
stepping	: 8
microcode	: 0x2b000639
cpu MHz		: 3800.000
cache size	: 107520 KB
physical id	: 1
siblings	: 56
core id		: 20
cpu cores	: 56
apicid		: 168
initial apicid	: 168
fpu		: yes
fpu_exception	: yes
cpuid level	: 32
wp		: yes
flags		: fpu vme de pse tsc msr pae mce cx8 apic sep mtrr pge mca cmov pat pse36 clflush dts acpi mmx fxsr sse sse2 ss ht tm pbe syscall nx pdpe1gb rdtscp lm constant_tsc art arch_perfmon pebs bts rep_good nopl xtopology nonstop_tsc cpuid aperfmperf tsc_known_freq pni pclmulqdq dtes64 monitor ds_cpl vmx smx est tm2 ssse3 sdbg fma cx16 xtpr pdcm pcid dca sse4_1 sse4_2 x2apic movbe popcnt tsc_deadline_timer aes xsave avx f16c rdrand lahf_lm abm 3dnowprefetch cpuid_fault epb cat_l3 cat_l2 cdp_l3 cdp_l2 ssbd mba ibrs ibpb stibp ibrs_enhanced tpr_shadow flexpriority ept vpid ept_ad fsgsbase tsc_adjust bmi1 avx2 smep bmi2 erms invpcid cqm rdt_a avx512f avx512dq rdseed adx smap avx512ifma clflushopt clwb intel_pt avx512cd sha_ni avx512bw avx512vl xsaveopt xsavec xgetbv1 xsaves cqm_llc cqm_occup_llc cqm_mbm_total cqm_mbm_local split_lock_detect user_shstk avx_vnni avx512_bf16 wbnoinvd dtherm ida arat pln pts vnmi avx512vbmi umip pku ospke waitpkg avx512_vbmi2 gfni vaes vpclmulqdq avx512_vnni avx512_bitalg avx512_vpopcntdq la57 rdpid bus_lock_detect cldemote movdiri movdir64b enqcmd fsrm md_clear serialize tsxldtrk pconfig arch_lbr ibt amx_bf16 avx512_fp16 amx_tile amx_int8 flush_l1d arch_capabilities
vmx flags	: vnmi preemption_timer posted_intr invvpid ept_x_only ept_ad ept_1gb ept_5level flexpriority apicv tsc_offset vtpr mtf vapic ept vpid unrestricted_guest vapic_reg vid ple shadow_vmcs pml ept_violation_ve ept_mode_based_exec tsc_scaling usr_wait_pause notify_vm_exiting ipi_virt
bugs		: spectre_v1 spectre_v2 spec_store_bypass swapgs eibrs_pbrsb bhi spectre_v2_user old_microcode vmscape
bogomips	: 4000.00
clflush size	: 64
cache_alignment	: 64
address sizes	: 46 bits physical, 57 bits virtual
power management:

processor	: 94
vendor_id	: GenuineIntel
cpu family	: 6
model		: 143
model name	: Intel(R) Xeon(R) Platinum 8480+
stepping	: 8
microcode	: 0x2b000639
cpu MHz		: 3800.000
cache size	: 107520 KB
physical id	: 0
siblings	: 56
core id		: 45
cpu cores	: 56
apicid		: 90
initial apicid	: 90
fpu		: yes
fpu_exception	: yes
cpuid level	: 32
wp		: yes
flags		: fpu vme de pse tsc msr pae mce cx8 apic sep mtrr pge mca cmov pat pse36 clflush dts acpi mmx fxsr sse sse2 ss ht tm pbe syscall nx pdpe1gb rdtscp lm constant_tsc art arch_perfmon pebs bts rep_good nopl xtopology nonstop_tsc cpuid aperfmperf tsc_known_freq pni pclmulqdq dtes64 monitor ds_cpl vmx smx est tm2 ssse3 sdbg fma cx16 xtpr pdcm pcid dca sse4_1 sse4_2 x2apic movbe popcnt tsc_deadline_timer aes xsave avx f16c rdrand lahf_lm abm 3dnowprefetch cpuid_fault epb cat_l3 cat_l2 cdp_l3 cdp_l2 ssbd mba ibrs ibpb stibp ibrs_enhanced tpr_shadow flexpriority ept vpid ept_ad fsgsbase tsc_adjust bmi1 avx2 smep bmi2 erms invpcid cqm rdt_a avx512f avx512dq rdseed adx smap avx512ifma clflushopt clwb intel_pt avx512cd sha_ni avx512bw avx512vl xsaveopt xsavec xgetbv1 xsaves cqm_llc cqm_occup_llc cqm_mbm_total cqm_mbm_local split_lock_detect user_shstk avx_vnni avx512_bf16 wbnoinvd dtherm ida arat pln pts vnmi avx512vbmi umip pku ospke waitpkg avx512_vbmi2 gfni vaes vpclmulqdq avx512_vnni avx512_bitalg avx512_vpopcntdq la57 rdpid bus_lock_detect cldemote movdiri movdir64b enqcmd fsrm md_clear serialize tsxldtrk pconfig arch_lbr ibt amx_bf16 avx512_fp16 amx_tile amx_int8 flush_l1d arch_capabilities
vmx flags	: vnmi preemption_timer posted_intr invvpid ept_x_only ept_ad ept_1gb ept_5level flexpriority apicv tsc_offset vtpr mtf vapic ept vpid unrestricted_guest vapic_reg vid ple shadow_vmcs pml ept_violation_ve ept_mode_based_exec tsc_scaling usr_wait_pause notify_vm_exiting ipi_virt
bugs		: spectre_v1 spectre_v2 spec_store_bypass swapgs eibrs_pbrsb bhi spectre_v2_user old_microcode vmscape
bogomips	: 4000.00
clflush size	: 64
cache_alignment	: 64
address sizes	: 46 bits physical, 57 bits virtual
power management:

processor	: 95
vendor_id	: GenuineIntel
cpu family	: 6
model		: 143
model name	: Intel(R) Xeon(R) Platinum 8480+
stepping	: 8
microcode	: 0x2b000639
cpu MHz		: 3800.000
cache size	: 107520 KB
physical id	: 1
siblings	: 56
core id		: 52
cpu cores	: 56
apicid		: 232
initial apicid	: 232
fpu		: yes
fpu_exception	: yes
cpuid level	: 32
wp		: yes
flags		: fpu vme de pse tsc msr pae mce cx8 apic sep mtrr pge mca cmov pat pse36 clflush dts acpi mmx fxsr sse sse2 ss ht tm pbe syscall nx pdpe1gb rdtscp lm constant_tsc art arch_perfmon pebs bts rep_good nopl xtopology nonstop_tsc cpuid aperfmperf tsc_known_freq pni pclmulqdq dtes64 monitor ds_cpl vmx smx est tm2 ssse3 sdbg fma cx16 xtpr pdcm pcid dca sse4_1 sse4_2 x2apic movbe popcnt tsc_deadline_timer aes xsave avx f16c rdrand lahf_lm abm 3dnowprefetch cpuid_fault epb cat_l3 cat_l2 cdp_l3 cdp_l2 ssbd mba ibrs ibpb stibp ibrs_enhanced tpr_shadow flexpriority ept vpid ept_ad fsgsbase tsc_adjust bmi1 avx2 smep bmi2 erms invpcid cqm rdt_a avx512f avx512dq rdseed adx smap avx512ifma clflushopt clwb intel_pt avx512cd sha_ni avx512bw avx512vl xsaveopt xsavec xgetbv1 xsaves cqm_llc cqm_occup_llc cqm_mbm_total cqm_mbm_local split_lock_detect user_shstk avx_vnni avx512_bf16 wbnoinvd dtherm ida arat pln pts vnmi avx512vbmi umip pku ospke waitpkg avx512_vbmi2 gfni vaes vpclmulqdq avx512_vnni avx512_bitalg avx512_vpopcntdq la57 rdpid bus_lock_detect cldemote movdiri movdir64b enqcmd fsrm md_clear serialize tsxldtrk pconfig arch_lbr ibt amx_bf16 avx512_fp16 amx_tile amx_int8 flush_l1d arch_capabilities
vmx flags	: vnmi preemption_timer posted_intr invvpid ept_x_only ept_ad ept_1gb ept_5level flexpriority apicv tsc_offset vtpr mtf vapic ept vpid unrestricted_guest vapic_reg vid ple shadow_vmcs pml ept_violation_ve ept_mode_based_exec tsc_scaling usr_wait_pause notify_vm_exiting ipi_virt
bugs		: spectre_v1 spectre_v2 spec_store_bypass swapgs eibrs_pbrsb bhi spectre_v2_user old_microcode vmscape
bogomips	: 4000.00
clflush size	: 64
cache_alignment	: 64
address sizes	: 46 bits physical, 57 bits virtual
power management:

processor	: 96
vendor_id	: GenuineIntel
cpu family	: 6
model		: 143
model name	: Intel(R) Xeon(R) Platinum 8480+
stepping	: 8
microcode	: 0x2b000639
cpu MHz		: 3800.000
cache size	: 107520 KB
physical id	: 0
siblings	: 56
core id		: 12
cpu cores	: 56
apicid		: 24
initial apicid	: 24
fpu		: yes
fpu_exception	: yes
cpuid level	: 32
wp		: yes
flags		: fpu vme de pse tsc msr pae mce cx8 apic sep mtrr pge mca cmov pat pse36 clflush dts acpi mmx fxsr sse sse2 ss ht tm pbe syscall nx pdpe1gb rdtscp lm constant_tsc art arch_perfmon pebs bts rep_good nopl xtopology nonstop_tsc cpuid aperfmperf tsc_known_freq pni pclmulqdq dtes64 monitor ds_cpl vmx smx est tm2 ssse3 sdbg fma cx16 xtpr pdcm pcid dca sse4_1 sse4_2 x2apic movbe popcnt tsc_deadline_timer aes xsave avx f16c rdrand lahf_lm abm 3dnowprefetch cpuid_fault epb cat_l3 cat_l2 cdp_l3 cdp_l2 ssbd mba ibrs ibpb stibp ibrs_enhanced tpr_shadow flexpriority ept vpid ept_ad fsgsbase tsc_adjust bmi1 avx2 smep bmi2 erms invpcid cqm rdt_a avx512f avx512dq rdseed adx smap avx512ifma clflushopt clwb intel_pt avx512cd sha_ni avx512bw avx512vl xsaveopt xsavec xgetbv1 xsaves cqm_llc cqm_occup_llc cqm_mbm_total cqm_mbm_local split_lock_detect user_shstk avx_vnni avx512_bf16 wbnoinvd dtherm ida arat pln pts vnmi avx512vbmi umip pku ospke waitpkg avx512_vbmi2 gfni vaes vpclmulqdq avx512_vnni avx512_bitalg avx512_vpopcntdq la57 rdpid bus_lock_detect cldemote movdiri movdir64b enqcmd fsrm md_clear serialize tsxldtrk pconfig arch_lbr ibt amx_bf16 avx512_fp16 amx_tile amx_int8 flush_l1d arch_capabilities
vmx flags	: vnmi preemption_timer posted_intr invvpid ept_x_only ept_ad ept_1gb ept_5level flexpriority apicv tsc_offset vtpr mtf vapic ept vpid unrestricted_guest vapic_reg vid ple shadow_vmcs pml ept_violation_ve ept_mode_based_exec tsc_scaling usr_wait_pause notify_vm_exiting ipi_virt
bugs		: spectre_v1 spectre_v2 spec_store_bypass swapgs eibrs_pbrsb bhi spectre_v2_user old_microcode vmscape
bogomips	: 4000.00
clflush size	: 64
cache_alignment	: 64
address sizes	: 46 bits physical, 57 bits virtual
power management:

processor	: 97
vendor_id	: GenuineIntel
cpu family	: 6
model		: 143
model name	: Intel(R) Xeon(R) Platinum 8480+
stepping	: 8
microcode	: 0x2b000639
cpu MHz		: 3800.000
cache size	: 107520 KB
physical id	: 1
siblings	: 56
core id		: 10
cpu cores	: 56
apicid		: 148
initial apicid	: 148
fpu		: yes
fpu_exception	: yes
cpuid level	: 32
wp		: yes
flags		: fpu vme de pse tsc msr pae mce cx8 apic sep mtrr pge mca cmov pat pse36 clflush dts acpi mmx fxsr sse sse2 ss ht tm pbe syscall nx pdpe1gb rdtscp lm constant_tsc art arch_perfmon pebs bts rep_good nopl xtopology nonstop_tsc cpuid aperfmperf tsc_known_freq pni pclmulqdq dtes64 monitor ds_cpl vmx smx est tm2 ssse3 sdbg fma cx16 xtpr pdcm pcid dca sse4_1 sse4_2 x2apic movbe popcnt tsc_deadline_timer aes xsave avx f16c rdrand lahf_lm abm 3dnowprefetch cpuid_fault epb cat_l3 cat_l2 cdp_l3 cdp_l2 ssbd mba ibrs ibpb stibp ibrs_enhanced tpr_shadow flexpriority ept vpid ept_ad fsgsbase tsc_adjust bmi1 avx2 smep bmi2 erms invpcid cqm rdt_a avx512f avx512dq rdseed adx smap avx512ifma clflushopt clwb intel_pt avx512cd sha_ni avx512bw avx512vl xsaveopt xsavec xgetbv1 xsaves cqm_llc cqm_occup_llc cqm_mbm_total cqm_mbm_local split_lock_detect user_shstk avx_vnni avx512_bf16 wbnoinvd dtherm ida arat pln pts vnmi avx512vbmi umip pku ospke waitpkg avx512_vbmi2 gfni vaes vpclmulqdq avx512_vnni avx512_bitalg avx512_vpopcntdq la57 rdpid bus_lock_detect cldemote movdiri movdir64b enqcmd fsrm md_clear serialize tsxldtrk pconfig arch_lbr ibt amx_bf16 avx512_fp16 amx_tile amx_int8 flush_l1d arch_capabilities
vmx flags	: vnmi preemption_timer posted_intr invvpid ept_x_only ept_ad ept_1gb ept_5level flexpriority apicv tsc_offset vtpr mtf vapic ept vpid unrestricted_guest vapic_reg vid ple shadow_vmcs pml ept_violation_ve ept_mode_based_exec tsc_scaling usr_wait_pause notify_vm_exiting ipi_virt
bugs		: spectre_v1 spectre_v2 spec_store_bypass swapgs eibrs_pbrsb bhi spectre_v2_user old_microcode vmscape
bogomips	: 4000.00
clflush size	: 64
cache_alignment	: 64
address sizes	: 46 bits physical, 57 bits virtual
power management:

processor	: 98
vendor_id	: GenuineIntel
cpu family	: 6
model		: 143
model name	: Intel(R) Xeon(R) Platinum 8480+
stepping	: 8
microcode	: 0x2b000639
cpu MHz		: 3800.000
cache size	: 107520 KB
physical id	: 0
siblings	: 56
core id		: 39
cpu cores	: 56
apicid		: 78
initial apicid	: 78
fpu		: yes
fpu_exception	: yes
cpuid level	: 32
wp		: yes
flags		: fpu vme de pse tsc msr pae mce cx8 apic sep mtrr pge mca cmov pat pse36 clflush dts acpi mmx fxsr sse sse2 ss ht tm pbe syscall nx pdpe1gb rdtscp lm constant_tsc art arch_perfmon pebs bts rep_good nopl xtopology nonstop_tsc cpuid aperfmperf tsc_known_freq pni pclmulqdq dtes64 monitor ds_cpl vmx smx est tm2 ssse3 sdbg fma cx16 xtpr pdcm pcid dca sse4_1 sse4_2 x2apic movbe popcnt tsc_deadline_timer aes xsave avx f16c rdrand lahf_lm abm 3dnowprefetch cpuid_fault epb cat_l3 cat_l2 cdp_l3 cdp_l2 ssbd mba ibrs ibpb stibp ibrs_enhanced tpr_shadow flexpriority ept vpid ept_ad fsgsbase tsc_adjust bmi1 avx2 smep bmi2 erms invpcid cqm rdt_a avx512f avx512dq rdseed adx smap avx512ifma clflushopt clwb intel_pt avx512cd sha_ni avx512bw avx512vl xsaveopt xsavec xgetbv1 xsaves cqm_llc cqm_occup_llc cqm_mbm_total cqm_mbm_local split_lock_detect user_shstk avx_vnni avx512_bf16 wbnoinvd dtherm ida arat pln pts vnmi avx512vbmi umip pku ospke waitpkg avx512_vbmi2 gfni vaes vpclmulqdq avx512_vnni avx512_bitalg avx512_vpopcntdq la57 rdpid bus_lock_detect cldemote movdiri movdir64b enqcmd fsrm md_clear serialize tsxldtrk pconfig arch_lbr ibt amx_bf16 avx512_fp16 amx_tile amx_int8 flush_l1d arch_capabilities
vmx flags	: vnmi preemption_timer posted_intr invvpid ept_x_only ept_ad ept_1gb ept_5level flexpriority apicv tsc_offset vtpr mtf vapic ept vpid unrestricted_guest vapic_reg vid ple shadow_vmcs pml ept_violation_ve ept_mode_based_exec tsc_scaling usr_wait_pause notify_vm_exiting ipi_virt
bugs		: spectre_v1 spectre_v2 spec_store_bypass swapgs eibrs_pbrsb bhi spectre_v2_user old_microcode vmscape
bogomips	: 4000.00
clflush size	: 64
cache_alignment	: 64
address sizes	: 46 bits physical, 57 bits virtual
power management:

processor	: 99
vendor_id	: GenuineIntel
cpu family	: 6
model		: 143
model name	: Intel(R) Xeon(R) Platinum 8480+
stepping	: 8
microcode	: 0x2b000639
cpu MHz		: 3800.000
cache size	: 107520 KB
physical id	: 1
siblings	: 56
core id		: 39
cpu cores	: 56
apicid		: 206
initial apicid	: 206
fpu		: yes
fpu_exception	: yes
cpuid level	: 32
wp		: yes
flags		: fpu vme de pse tsc msr pae mce cx8 apic sep mtrr pge mca cmov pat pse36 clflush dts acpi mmx fxsr sse sse2 ss ht tm pbe syscall nx pdpe1gb rdtscp lm constant_tsc art arch_perfmon pebs bts rep_good nopl xtopology nonstop_tsc cpuid aperfmperf tsc_known_freq pni pclmulqdq dtes64 monitor ds_cpl vmx smx est tm2 ssse3 sdbg fma cx16 xtpr pdcm pcid dca sse4_1 sse4_2 x2apic movbe popcnt tsc_deadline_timer aes xsave avx f16c rdrand lahf_lm abm 3dnowprefetch cpuid_fault epb cat_l3 cat_l2 cdp_l3 cdp_l2 ssbd mba ibrs ibpb stibp ibrs_enhanced tpr_shadow flexpriority ept vpid ept_ad fsgsbase tsc_adjust bmi1 avx2 smep bmi2 erms invpcid cqm rdt_a avx512f avx512dq rdseed adx smap avx512ifma clflushopt clwb intel_pt avx512cd sha_ni avx512bw avx512vl xsaveopt xsavec xgetbv1 xsaves cqm_llc cqm_occup_llc cqm_mbm_total cqm_mbm_local split_lock_detect user_shstk avx_vnni avx512_bf16 wbnoinvd dtherm ida arat pln pts vnmi avx512vbmi umip pku ospke waitpkg avx512_vbmi2 gfni vaes vpclmulqdq avx512_vnni avx512_bitalg avx512_vpopcntdq la57 rdpid bus_lock_detect cldemote movdiri movdir64b enqcmd fsrm md_clear serialize tsxldtrk pconfig arch_lbr ibt amx_bf16 avx512_fp16 amx_tile amx_int8 flush_l1d arch_capabilities
vmx flags	: vnmi preemption_timer posted_intr invvpid ept_x_only ept_ad ept_1gb ept_5level flexpriority apicv tsc_offset vtpr mtf vapic ept vpid unrestricted_guest vapic_reg vid ple shadow_vmcs pml ept_violation_ve ept_mode_based_exec tsc_scaling usr_wait_pause notify_vm_exiting ipi_virt
bugs		: spectre_v1 spectre_v2 spec_store_bypass swapgs eibrs_pbrsb bhi spectre_v2_user old_microcode vmscape
bogomips	: 4000.00
clflush size	: 64
cache_alignment	: 64
address sizes	: 46 bits physical, 57 bits virtual
power management:

processor	: 100
vendor_id	: GenuineIntel
cpu family	: 6
model		: 143
model name	: Intel(R) Xeon(R) Platinum 8480+
stepping	: 8
microcode	: 0x2b000639
cpu MHz		: 3800.000
cache size	: 107520 KB
physical id	: 0
siblings	: 56
core id		: 15
cpu cores	: 56
apicid		: 30
initial apicid	: 30
fpu		: yes
fpu_exception	: yes
cpuid level	: 32
wp		: yes
flags		: fpu vme de pse tsc msr pae mce cx8 apic sep mtrr pge mca cmov pat pse36 clflush dts acpi mmx fxsr sse sse2 ss ht tm pbe syscall nx pdpe1gb rdtscp lm constant_tsc art arch_perfmon pebs bts rep_good nopl xtopology nonstop_tsc cpuid aperfmperf tsc_known_freq pni pclmulqdq dtes64 monitor ds_cpl vmx smx est tm2 ssse3 sdbg fma cx16 xtpr pdcm pcid dca sse4_1 sse4_2 x2apic movbe popcnt tsc_deadline_timer aes xsave avx f16c rdrand lahf_lm abm 3dnowprefetch cpuid_fault epb cat_l3 cat_l2 cdp_l3 cdp_l2 ssbd mba ibrs ibpb stibp ibrs_enhanced tpr_shadow flexpriority ept vpid ept_ad fsgsbase tsc_adjust bmi1 avx2 smep bmi2 erms invpcid cqm rdt_a avx512f avx512dq rdseed adx smap avx512ifma clflushopt clwb intel_pt avx512cd sha_ni avx512bw avx512vl xsaveopt xsavec xgetbv1 xsaves cqm_llc cqm_occup_llc cqm_mbm_total cqm_mbm_local split_lock_detect user_shstk avx_vnni avx512_bf16 wbnoinvd dtherm ida arat pln pts vnmi avx512vbmi umip pku ospke waitpkg avx512_vbmi2 gfni vaes vpclmulqdq avx512_vnni avx512_bitalg avx512_vpopcntdq la57 rdpid bus_lock_detect cldemote movdiri movdir64b enqcmd fsrm md_clear serialize tsxldtrk pconfig arch_lbr ibt amx_bf16 avx512_fp16 amx_tile amx_int8 flush_l1d arch_capabilities
vmx flags	: vnmi preemption_timer posted_intr invvpid ept_x_only ept_ad ept_1gb ept_5level flexpriority apicv tsc_offset vtpr mtf vapic ept vpid unrestricted_guest vapic_reg vid ple shadow_vmcs pml ept_violation_ve ept_mode_based_exec tsc_scaling usr_wait_pause notify_vm_exiting ipi_virt
bugs		: spectre_v1 spectre_v2 spec_store_bypass swapgs eibrs_pbrsb bhi spectre_v2_user old_microcode vmscape
bogomips	: 4000.00
clflush size	: 64
cache_alignment	: 64
address sizes	: 46 bits physical, 57 bits virtual
power management:

processor	: 101
vendor_id	: GenuineIntel
cpu family	: 6
model		: 143
model name	: Intel(R) Xeon(R) Platinum 8480+
stepping	: 8
microcode	: 0x2b000639
cpu MHz		: 3800.000
cache size	: 107520 KB
physical id	: 1
siblings	: 56
core id		: 15
cpu cores	: 56
apicid		: 158
initial apicid	: 158
fpu		: yes
fpu_exception	: yes
cpuid level	: 32
wp		: yes
flags		: fpu vme de pse tsc msr pae mce cx8 apic sep mtrr pge mca cmov pat pse36 clflush dts acpi mmx fxsr sse sse2 ss ht tm pbe syscall nx pdpe1gb rdtscp lm constant_tsc art arch_perfmon pebs bts rep_good nopl xtopology nonstop_tsc cpuid aperfmperf tsc_known_freq pni pclmulqdq dtes64 monitor ds_cpl vmx smx est tm2 ssse3 sdbg fma cx16 xtpr pdcm pcid dca sse4_1 sse4_2 x2apic movbe popcnt tsc_deadline_timer aes xsave avx f16c rdrand lahf_lm abm 3dnowprefetch cpuid_fault epb cat_l3 cat_l2 cdp_l3 cdp_l2 ssbd mba ibrs ibpb stibp ibrs_enhanced tpr_shadow flexpriority ept vpid ept_ad fsgsbase tsc_adjust bmi1 avx2 smep bmi2 erms invpcid cqm rdt_a avx512f avx512dq rdseed adx smap avx512ifma clflushopt clwb intel_pt avx512cd sha_ni avx512bw avx512vl xsaveopt xsavec xgetbv1 xsaves cqm_llc cqm_occup_llc cqm_mbm_total cqm_mbm_local split_lock_detect user_shstk avx_vnni avx512_bf16 wbnoinvd dtherm ida arat pln pts vnmi avx512vbmi umip pku ospke waitpkg avx512_vbmi2 gfni vaes vpclmulqdq avx512_vnni avx512_bitalg avx512_vpopcntdq la57 rdpid bus_lock_detect cldemote movdiri movdir64b enqcmd fsrm md_clear serialize tsxldtrk pconfig arch_lbr ibt amx_bf16 avx512_fp16 amx_tile amx_int8 flush_l1d arch_capabilities
vmx flags	: vnmi preemption_timer posted_intr invvpid ept_x_only ept_ad ept_1gb ept_5level flexpriority apicv tsc_offset vtpr mtf vapic ept vpid unrestricted_guest vapic_reg vid ple shadow_vmcs pml ept_violation_ve ept_mode_based_exec tsc_scaling usr_wait_pause notify_vm_exiting ipi_virt
bugs		: spectre_v1 spectre_v2 spec_store_bypass swapgs eibrs_pbrsb bhi spectre_v2_user old_microcode vmscape
bogomips	: 4000.00
clflush size	: 64
cache_alignment	: 64
address sizes	: 46 bits physical, 57 bits virtual
power management:

processor	: 102
vendor_id	: GenuineIntel
cpu family	: 6
model		: 143
model name	: Intel(R) Xeon(R) Platinum 8480+
stepping	: 8
microcode	: 0x2b000639
cpu MHz		: 3800.000
cache size	: 107520 KB
physical id	: 0
siblings	: 56
core id		: 43
cpu cores	: 56
apicid		: 86
initial apicid	: 86
fpu		: yes
fpu_exception	: yes
cpuid level	: 32
wp		: yes
flags		: fpu vme de pse tsc msr pae mce cx8 apic sep mtrr pge mca cmov pat pse36 clflush dts acpi mmx fxsr sse sse2 ss ht tm pbe syscall nx pdpe1gb rdtscp lm constant_tsc art arch_perfmon pebs bts rep_good nopl xtopology nonstop_tsc cpuid aperfmperf tsc_known_freq pni pclmulqdq dtes64 monitor ds_cpl vmx smx est tm2 ssse3 sdbg fma cx16 xtpr pdcm pcid dca sse4_1 sse4_2 x2apic movbe popcnt tsc_deadline_timer aes xsave avx f16c rdrand lahf_lm abm 3dnowprefetch cpuid_fault epb cat_l3 cat_l2 cdp_l3 cdp_l2 ssbd mba ibrs ibpb stibp ibrs_enhanced tpr_shadow flexpriority ept vpid ept_ad fsgsbase tsc_adjust bmi1 avx2 smep bmi2 erms invpcid cqm rdt_a avx512f avx512dq rdseed adx smap avx512ifma clflushopt clwb intel_pt avx512cd sha_ni avx512bw avx512vl xsaveopt xsavec xgetbv1 xsaves cqm_llc cqm_occup_llc cqm_mbm_total cqm_mbm_local split_lock_detect user_shstk avx_vnni avx512_bf16 wbnoinvd dtherm ida arat pln pts vnmi avx512vbmi umip pku ospke waitpkg avx512_vbmi2 gfni vaes vpclmulqdq avx512_vnni avx512_bitalg avx512_vpopcntdq la57 rdpid bus_lock_detect cldemote movdiri movdir64b enqcmd fsrm md_clear serialize tsxldtrk pconfig arch_lbr ibt amx_bf16 avx512_fp16 amx_tile amx_int8 flush_l1d arch_capabilities
vmx flags	: vnmi preemption_timer posted_intr invvpid ept_x_only ept_ad ept_1gb ept_5level flexpriority apicv tsc_offset vtpr mtf vapic ept vpid unrestricted_guest vapic_reg vid ple shadow_vmcs pml ept_violation_ve ept_mode_based_exec tsc_scaling usr_wait_pause notify_vm_exiting ipi_virt
bugs		: spectre_v1 spectre_v2 spec_store_bypass swapgs eibrs_pbrsb bhi spectre_v2_user old_microcode vmscape
bogomips	: 4000.00
clflush size	: 64
cache_alignment	: 64
address sizes	: 46 bits physical, 57 bits virtual
power management:

processor	: 103
vendor_id	: GenuineIntel
cpu family	: 6
model		: 143
model name	: Intel(R) Xeon(R) Platinum 8480+
stepping	: 8
microcode	: 0x2b000639
cpu MHz		: 2521.356
cache size	: 107520 KB
physical id	: 1
siblings	: 56
core id		: 43
cpu cores	: 56
apicid		: 214
initial apicid	: 214
fpu		: yes
fpu_exception	: yes
cpuid level	: 32
wp		: yes
flags		: fpu vme de pse tsc msr pae mce cx8 apic sep mtrr pge mca cmov pat pse36 clflush dts acpi mmx fxsr sse sse2 ss ht tm pbe syscall nx pdpe1gb rdtscp lm constant_tsc art arch_perfmon pebs bts rep_good nopl xtopology nonstop_tsc cpuid aperfmperf tsc_known_freq pni pclmulqdq dtes64 monitor ds_cpl vmx smx est tm2 ssse3 sdbg fma cx16 xtpr pdcm pcid dca sse4_1 sse4_2 x2apic movbe popcnt tsc_deadline_timer aes xsave avx f16c rdrand lahf_lm abm 3dnowprefetch cpuid_fault epb cat_l3 cat_l2 cdp_l3 cdp_l2 ssbd mba ibrs ibpb stibp ibrs_enhanced tpr_shadow flexpriority ept vpid ept_ad fsgsbase tsc_adjust bmi1 avx2 smep bmi2 erms invpcid cqm rdt_a avx512f avx512dq rdseed adx smap avx512ifma clflushopt clwb intel_pt avx512cd sha_ni avx512bw avx512vl xsaveopt xsavec xgetbv1 xsaves cqm_llc cqm_occup_llc cqm_mbm_total cqm_mbm_local split_lock_detect user_shstk avx_vnni avx512_bf16 wbnoinvd dtherm ida arat pln pts vnmi avx512vbmi umip pku ospke waitpkg avx512_vbmi2 gfni vaes vpclmulqdq avx512_vnni avx512_bitalg avx512_vpopcntdq la57 rdpid bus_lock_detect cldemote movdiri movdir64b enqcmd fsrm md_clear serialize tsxldtrk pconfig arch_lbr ibt amx_bf16 avx512_fp16 amx_tile amx_int8 flush_l1d arch_capabilities
vmx flags	: vnmi preemption_timer posted_intr invvpid ept_x_only ept_ad ept_1gb ept_5level flexpriority apicv tsc_offset vtpr mtf vapic ept vpid unrestricted_guest vapic_reg vid ple shadow_vmcs pml ept_violation_ve ept_mode_based_exec tsc_scaling usr_wait_pause notify_vm_exiting ipi_virt
bugs		: spectre_v1 spectre_v2 spec_store_bypass swapgs eibrs_pbrsb bhi spectre_v2_user old_microcode vmscape
bogomips	: 4000.00
clflush size	: 64
cache_alignment	: 64
address sizes	: 46 bits physical, 57 bits virtual
power management:

processor	: 104
vendor_id	: GenuineIntel
cpu family	: 6
model		: 143
model name	: Intel(R) Xeon(R) Platinum 8480+
stepping	: 8
microcode	: 0x2b000639
cpu MHz		: 3800.000
cache size	: 107520 KB
physical id	: 0
siblings	: 56
core id		: 13
cpu cores	: 56
apicid		: 26
initial apicid	: 26
fpu		: yes
fpu_exception	: yes
cpuid level	: 32
wp		: yes
flags		: fpu vme de pse tsc msr pae mce cx8 apic sep mtrr pge mca cmov pat pse36 clflush dts acpi mmx fxsr sse sse2 ss ht tm pbe syscall nx pdpe1gb rdtscp lm constant_tsc art arch_perfmon pebs bts rep_good nopl xtopology nonstop_tsc cpuid aperfmperf tsc_known_freq pni pclmulqdq dtes64 monitor ds_cpl vmx smx est tm2 ssse3 sdbg fma cx16 xtpr pdcm pcid dca sse4_1 sse4_2 x2apic movbe popcnt tsc_deadline_timer aes xsave avx f16c rdrand lahf_lm abm 3dnowprefetch cpuid_fault epb cat_l3 cat_l2 cdp_l3 cdp_l2 ssbd mba ibrs ibpb stibp ibrs_enhanced tpr_shadow flexpriority ept vpid ept_ad fsgsbase tsc_adjust bmi1 avx2 smep bmi2 erms invpcid cqm rdt_a avx512f avx512dq rdseed adx smap avx512ifma clflushopt clwb intel_pt avx512cd sha_ni avx512bw avx512vl xsaveopt xsavec xgetbv1 xsaves cqm_llc cqm_occup_llc cqm_mbm_total cqm_mbm_local split_lock_detect user_shstk avx_vnni avx512_bf16 wbnoinvd dtherm ida arat pln pts vnmi avx512vbmi umip pku ospke waitpkg avx512_vbmi2 gfni vaes vpclmulqdq avx512_vnni avx512_bitalg avx512_vpopcntdq la57 rdpid bus_lock_detect cldemote movdiri movdir64b enqcmd fsrm md_clear serialize tsxldtrk pconfig arch_lbr ibt amx_bf16 avx512_fp16 amx_tile amx_int8 flush_l1d arch_capabilities
vmx flags	: vnmi preemption_timer posted_intr invvpid ept_x_only ept_ad ept_1gb ept_5level flexpriority apicv tsc_offset vtpr mtf vapic ept vpid unrestricted_guest vapic_reg vid ple shadow_vmcs pml ept_violation_ve ept_mode_based_exec tsc_scaling usr_wait_pause notify_vm_exiting ipi_virt
bugs		: spectre_v1 spectre_v2 spec_store_bypass swapgs eibrs_pbrsb bhi spectre_v2_user old_microcode vmscape
bogomips	: 4000.00
clflush size	: 64
cache_alignment	: 64
address sizes	: 46 bits physical, 57 bits virtual
power management:

processor	: 105
vendor_id	: GenuineIntel
cpu family	: 6
model		: 143
model name	: Intel(R) Xeon(R) Platinum 8480+
stepping	: 8
microcode	: 0x2b000639
cpu MHz		: 2540.380
cache size	: 107520 KB
physical id	: 1
siblings	: 56
core id		: 13
cpu cores	: 56
apicid		: 154
initial apicid	: 154
fpu		: yes
fpu_exception	: yes
cpuid level	: 32
wp		: yes
flags		: fpu vme de pse tsc msr pae mce cx8 apic sep mtrr pge mca cmov pat pse36 clflush dts acpi mmx fxsr sse sse2 ss ht tm pbe syscall nx pdpe1gb rdtscp lm constant_tsc art arch_perfmon pebs bts rep_good nopl xtopology nonstop_tsc cpuid aperfmperf tsc_known_freq pni pclmulqdq dtes64 monitor ds_cpl vmx smx est tm2 ssse3 sdbg fma cx16 xtpr pdcm pcid dca sse4_1 sse4_2 x2apic movbe popcnt tsc_deadline_timer aes xsave avx f16c rdrand lahf_lm abm 3dnowprefetch cpuid_fault epb cat_l3 cat_l2 cdp_l3 cdp_l2 ssbd mba ibrs ibpb stibp ibrs_enhanced tpr_shadow flexpriority ept vpid ept_ad fsgsbase tsc_adjust bmi1 avx2 smep bmi2 erms invpcid cqm rdt_a avx512f avx512dq rdseed adx smap avx512ifma clflushopt clwb intel_pt avx512cd sha_ni avx512bw avx512vl xsaveopt xsavec xgetbv1 xsaves cqm_llc cqm_occup_llc cqm_mbm_total cqm_mbm_local split_lock_detect user_shstk avx_vnni avx512_bf16 wbnoinvd dtherm ida arat pln pts vnmi avx512vbmi umip pku ospke waitpkg avx512_vbmi2 gfni vaes vpclmulqdq avx512_vnni avx512_bitalg avx512_vpopcntdq la57 rdpid bus_lock_detect cldemote movdiri movdir64b enqcmd fsrm md_clear serialize tsxldtrk pconfig arch_lbr ibt amx_bf16 avx512_fp16 amx_tile amx_int8 flush_l1d arch_capabilities
vmx flags	: vnmi preemption_timer posted_intr invvpid ept_x_only ept_ad ept_1gb ept_5level flexpriority apicv tsc_offset vtpr mtf vapic ept vpid unrestricted_guest vapic_reg vid ple shadow_vmcs pml ept_violation_ve ept_mode_based_exec tsc_scaling usr_wait_pause notify_vm_exiting ipi_virt
bugs		: spectre_v1 spectre_v2 spec_store_bypass swapgs eibrs_pbrsb bhi spectre_v2_user old_microcode vmscape
bogomips	: 4000.00
clflush size	: 64
cache_alignment	: 64
address sizes	: 46 bits physical, 57 bits virtual
power management:

processor	: 106
vendor_id	: GenuineIntel
cpu family	: 6
model		: 143
model name	: Intel(R) Xeon(R) Platinum 8480+
stepping	: 8
microcode	: 0x2b000639
cpu MHz		: 3800.000
cache size	: 107520 KB
physical id	: 0
siblings	: 56
core id		: 38
cpu cores	: 56
apicid		: 76
initial apicid	: 76
fpu		: yes
fpu_exception	: yes
cpuid level	: 32
wp		: yes
flags		: fpu vme de pse tsc msr pae mce cx8 apic sep mtrr pge mca cmov pat pse36 clflush dts acpi mmx fxsr sse sse2 ss ht tm pbe syscall nx pdpe1gb rdtscp lm constant_tsc art arch_perfmon pebs bts rep_good nopl xtopology nonstop_tsc cpuid aperfmperf tsc_known_freq pni pclmulqdq dtes64 monitor ds_cpl vmx smx est tm2 ssse3 sdbg fma cx16 xtpr pdcm pcid dca sse4_1 sse4_2 x2apic movbe popcnt tsc_deadline_timer aes xsave avx f16c rdrand lahf_lm abm 3dnowprefetch cpuid_fault epb cat_l3 cat_l2 cdp_l3 cdp_l2 ssbd mba ibrs ibpb stibp ibrs_enhanced tpr_shadow flexpriority ept vpid ept_ad fsgsbase tsc_adjust bmi1 avx2 smep bmi2 erms invpcid cqm rdt_a avx512f avx512dq rdseed adx smap avx512ifma clflushopt clwb intel_pt avx512cd sha_ni avx512bw avx512vl xsaveopt xsavec xgetbv1 xsaves cqm_llc cqm_occup_llc cqm_mbm_total cqm_mbm_local split_lock_detect user_shstk avx_vnni avx512_bf16 wbnoinvd dtherm ida arat pln pts vnmi avx512vbmi umip pku ospke waitpkg avx512_vbmi2 gfni vaes vpclmulqdq avx512_vnni avx512_bitalg avx512_vpopcntdq la57 rdpid bus_lock_detect cldemote movdiri movdir64b enqcmd fsrm md_clear serialize tsxldtrk pconfig arch_lbr ibt amx_bf16 avx512_fp16 amx_tile amx_int8 flush_l1d arch_capabilities
vmx flags	: vnmi preemption_timer posted_intr invvpid ept_x_only ept_ad ept_1gb ept_5level flexpriority apicv tsc_offset vtpr mtf vapic ept vpid unrestricted_guest vapic_reg vid ple shadow_vmcs pml ept_violation_ve ept_mode_based_exec tsc_scaling usr_wait_pause notify_vm_exiting ipi_virt
bugs		: spectre_v1 spectre_v2 spec_store_bypass swapgs eibrs_pbrsb bhi spectre_v2_user old_microcode vmscape
bogomips	: 4000.00
clflush size	: 64
cache_alignment	: 64
address sizes	: 46 bits physical, 57 bits virtual
power management:

processor	: 107
vendor_id	: GenuineIntel
cpu family	: 6
model		: 143
model name	: Intel(R) Xeon(R) Platinum 8480+
stepping	: 8
microcode	: 0x2b000639
cpu MHz		: 3800.000
cache size	: 107520 KB
physical id	: 1
siblings	: 56
core id		: 38
cpu cores	: 56
apicid		: 204
initial apicid	: 204
fpu		: yes
fpu_exception	: yes
cpuid level	: 32
wp		: yes
flags		: fpu vme de pse tsc msr pae mce cx8 apic sep mtrr pge mca cmov pat pse36 clflush dts acpi mmx fxsr sse sse2 ss ht tm pbe syscall nx pdpe1gb rdtscp lm constant_tsc art arch_perfmon pebs bts rep_good nopl xtopology nonstop_tsc cpuid aperfmperf tsc_known_freq pni pclmulqdq dtes64 monitor ds_cpl vmx smx est tm2 ssse3 sdbg fma cx16 xtpr pdcm pcid dca sse4_1 sse4_2 x2apic movbe popcnt tsc_deadline_timer aes xsave avx f16c rdrand lahf_lm abm 3dnowprefetch cpuid_fault epb cat_l3 cat_l2 cdp_l3 cdp_l2 ssbd mba ibrs ibpb stibp ibrs_enhanced tpr_shadow flexpriority ept vpid ept_ad fsgsbase tsc_adjust bmi1 avx2 smep bmi2 erms invpcid cqm rdt_a avx512f avx512dq rdseed adx smap avx512ifma clflushopt clwb intel_pt avx512cd sha_ni avx512bw avx512vl xsaveopt xsavec xgetbv1 xsaves cqm_llc cqm_occup_llc cqm_mbm_total cqm_mbm_local split_lock_detect user_shstk avx_vnni avx512_bf16 wbnoinvd dtherm ida arat pln pts vnmi avx512vbmi umip pku ospke waitpkg avx512_vbmi2 gfni vaes vpclmulqdq avx512_vnni avx512_bitalg avx512_vpopcntdq la57 rdpid bus_lock_detect cldemote movdiri movdir64b enqcmd fsrm md_clear serialize tsxldtrk pconfig arch_lbr ibt amx_bf16 avx512_fp16 amx_tile amx_int8 flush_l1d arch_capabilities
vmx flags	: vnmi preemption_timer posted_intr invvpid ept_x_only ept_ad ept_1gb ept_5level flexpriority apicv tsc_offset vtpr mtf vapic ept vpid unrestricted_guest vapic_reg vid ple shadow_vmcs pml ept_violation_ve ept_mode_based_exec tsc_scaling usr_wait_pause notify_vm_exiting ipi_virt
bugs		: spectre_v1 spectre_v2 spec_store_bypass swapgs eibrs_pbrsb bhi spectre_v2_user old_microcode vmscape
bogomips	: 4000.00
clflush size	: 64
cache_alignment	: 64
address sizes	: 46 bits physical, 57 bits virtual
power management:

processor	: 108
vendor_id	: GenuineIntel
cpu family	: 6
model		: 143
model name	: Intel(R) Xeon(R) Platinum 8480+
stepping	: 8
microcode	: 0x2b000639
cpu MHz		: 3800.000
cache size	: 107520 KB
physical id	: 0
siblings	: 56
core id		: 16
cpu cores	: 56
apicid		: 32
initial apicid	: 32
fpu		: yes
fpu_exception	: yes
cpuid level	: 32
wp		: yes
flags		: fpu vme de pse tsc msr pae mce cx8 apic sep mtrr pge mca cmov pat pse36 clflush dts acpi mmx fxsr sse sse2 ss ht tm pbe syscall nx pdpe1gb rdtscp lm constant_tsc art arch_perfmon pebs bts rep_good nopl xtopology nonstop_tsc cpuid aperfmperf tsc_known_freq pni pclmulqdq dtes64 monitor ds_cpl vmx smx est tm2 ssse3 sdbg fma cx16 xtpr pdcm pcid dca sse4_1 sse4_2 x2apic movbe popcnt tsc_deadline_timer aes xsave avx f16c rdrand lahf_lm abm 3dnowprefetch cpuid_fault epb cat_l3 cat_l2 cdp_l3 cdp_l2 ssbd mba ibrs ibpb stibp ibrs_enhanced tpr_shadow flexpriority ept vpid ept_ad fsgsbase tsc_adjust bmi1 avx2 smep bmi2 erms invpcid cqm rdt_a avx512f avx512dq rdseed adx smap avx512ifma clflushopt clwb intel_pt avx512cd sha_ni avx512bw avx512vl xsaveopt xsavec xgetbv1 xsaves cqm_llc cqm_occup_llc cqm_mbm_total cqm_mbm_local split_lock_detect user_shstk avx_vnni avx512_bf16 wbnoinvd dtherm ida arat pln pts vnmi avx512vbmi umip pku ospke waitpkg avx512_vbmi2 gfni vaes vpclmulqdq avx512_vnni avx512_bitalg avx512_vpopcntdq la57 rdpid bus_lock_detect cldemote movdiri movdir64b enqcmd fsrm md_clear serialize tsxldtrk pconfig arch_lbr ibt amx_bf16 avx512_fp16 amx_tile amx_int8 flush_l1d arch_capabilities
vmx flags	: vnmi preemption_timer posted_intr invvpid ept_x_only ept_ad ept_1gb ept_5level flexpriority apicv tsc_offset vtpr mtf vapic ept vpid unrestricted_guest vapic_reg vid ple shadow_vmcs pml ept_violation_ve ept_mode_based_exec tsc_scaling usr_wait_pause notify_vm_exiting ipi_virt
bugs		: spectre_v1 spectre_v2 spec_store_bypass swapgs eibrs_pbrsb bhi spectre_v2_user old_microcode vmscape
bogomips	: 4000.00
clflush size	: 64
cache_alignment	: 64
address sizes	: 46 bits physical, 57 bits virtual
power management:

processor	: 109
vendor_id	: GenuineIntel
cpu family	: 6
model		: 143
model name	: Intel(R) Xeon(R) Platinum 8480+
stepping	: 8
microcode	: 0x2b000639
cpu MHz		: 3800.000
cache size	: 107520 KB
physical id	: 1
siblings	: 56
core id		: 16
cpu cores	: 56
apicid		: 160
initial apicid	: 160
fpu		: yes
fpu_exception	: yes
cpuid level	: 32
wp		: yes
flags		: fpu vme de pse tsc msr pae mce cx8 apic sep mtrr pge mca cmov pat pse36 clflush dts acpi mmx fxsr sse sse2 ss ht tm pbe syscall nx pdpe1gb rdtscp lm constant_tsc art arch_perfmon pebs bts rep_good nopl xtopology nonstop_tsc cpuid aperfmperf tsc_known_freq pni pclmulqdq dtes64 monitor ds_cpl vmx smx est tm2 ssse3 sdbg fma cx16 xtpr pdcm pcid dca sse4_1 sse4_2 x2apic movbe popcnt tsc_deadline_timer aes xsave avx f16c rdrand lahf_lm abm 3dnowprefetch cpuid_fault epb cat_l3 cat_l2 cdp_l3 cdp_l2 ssbd mba ibrs ibpb stibp ibrs_enhanced tpr_shadow flexpriority ept vpid ept_ad fsgsbase tsc_adjust bmi1 avx2 smep bmi2 erms invpcid cqm rdt_a avx512f avx512dq rdseed adx smap avx512ifma clflushopt clwb intel_pt avx512cd sha_ni avx512bw avx512vl xsaveopt xsavec xgetbv1 xsaves cqm_llc cqm_occup_llc cqm_mbm_total cqm_mbm_local split_lock_detect user_shstk avx_vnni avx512_bf16 wbnoinvd dtherm ida arat pln pts vnmi avx512vbmi umip pku ospke waitpkg avx512_vbmi2 gfni vaes vpclmulqdq avx512_vnni avx512_bitalg avx512_vpopcntdq la57 rdpid bus_lock_detect cldemote movdiri movdir64b enqcmd fsrm md_clear serialize tsxldtrk pconfig arch_lbr ibt amx_bf16 avx512_fp16 amx_tile amx_int8 flush_l1d arch_capabilities
vmx flags	: vnmi preemption_timer posted_intr invvpid ept_x_only ept_ad ept_1gb ept_5level flexpriority apicv tsc_offset vtpr mtf vapic ept vpid unrestricted_guest vapic_reg vid ple shadow_vmcs pml ept_violation_ve ept_mode_based_exec tsc_scaling usr_wait_pause notify_vm_exiting ipi_virt
bugs		: spectre_v1 spectre_v2 spec_store_bypass swapgs eibrs_pbrsb bhi spectre_v2_user old_microcode vmscape
bogomips	: 4000.00
clflush size	: 64
cache_alignment	: 64
address sizes	: 46 bits physical, 57 bits virtual
power management:

processor	: 110
vendor_id	: GenuineIntel
cpu family	: 6
model		: 143
model name	: Intel(R) Xeon(R) Platinum 8480+
stepping	: 8
microcode	: 0x2b000639
cpu MHz		: 3800.000
cache size	: 107520 KB
physical id	: 0
siblings	: 56
core id		: 42
cpu cores	: 56
apicid		: 84
initial apicid	: 84
fpu		: yes
fpu_exception	: yes
cpuid level	: 32
wp		: yes
flags		: fpu vme de pse tsc msr pae mce cx8 apic sep mtrr pge mca cmov pat pse36 clflush dts acpi mmx fxsr sse sse2 ss ht tm pbe syscall nx pdpe1gb rdtscp lm constant_tsc art arch_perfmon pebs bts rep_good nopl xtopology nonstop_tsc cpuid aperfmperf tsc_known_freq pni pclmulqdq dtes64 monitor ds_cpl vmx smx est tm2 ssse3 sdbg fma cx16 xtpr pdcm pcid dca sse4_1 sse4_2 x2apic movbe popcnt tsc_deadline_timer aes xsave avx f16c rdrand lahf_lm abm 3dnowprefetch cpuid_fault epb cat_l3 cat_l2 cdp_l3 cdp_l2 ssbd mba ibrs ibpb stibp ibrs_enhanced tpr_shadow flexpriority ept vpid ept_ad fsgsbase tsc_adjust bmi1 avx2 smep bmi2 erms invpcid cqm rdt_a avx512f avx512dq rdseed adx smap avx512ifma clflushopt clwb intel_pt avx512cd sha_ni avx512bw avx512vl xsaveopt xsavec xgetbv1 xsaves cqm_llc cqm_occup_llc cqm_mbm_total cqm_mbm_local split_lock_detect user_shstk avx_vnni avx512_bf16 wbnoinvd dtherm ida arat pln pts vnmi avx512vbmi umip pku ospke waitpkg avx512_vbmi2 gfni vaes vpclmulqdq avx512_vnni avx512_bitalg avx512_vpopcntdq la57 rdpid bus_lock_detect cldemote movdiri movdir64b enqcmd fsrm md_clear serialize tsxldtrk pconfig arch_lbr ibt amx_bf16 avx512_fp16 amx_tile amx_int8 flush_l1d arch_capabilities
vmx flags	: vnmi preemption_timer posted_intr invvpid ept_x_only ept_ad ept_1gb ept_5level flexpriority apicv tsc_offset vtpr mtf vapic ept vpid unrestricted_guest vapic_reg vid ple shadow_vmcs pml ept_violation_ve ept_mode_based_exec tsc_scaling usr_wait_pause notify_vm_exiting ipi_virt
bugs		: spectre_v1 spectre_v2 spec_store_bypass swapgs eibrs_pbrsb bhi spectre_v2_user old_microcode vmscape
bogomips	: 4000.00
clflush size	: 64
cache_alignment	: 64
address sizes	: 46 bits physical, 57 bits virtual
power management:

processor	: 111
vendor_id	: GenuineIntel
cpu family	: 6
model		: 143
model name	: Intel(R) Xeon(R) Platinum 8480+
stepping	: 8
microcode	: 0x2b000639
cpu MHz		: 3800.000
cache size	: 107520 KB
physical id	: 1
siblings	: 56
core id		: 42
cpu cores	: 56
apicid		: 212
initial apicid	: 212
fpu		: yes
fpu_exception	: yes
cpuid level	: 32
wp		: yes
flags		: fpu vme de pse tsc msr pae mce cx8 apic sep mtrr pge mca cmov pat pse36 clflush dts acpi mmx fxsr sse sse2 ss ht tm pbe syscall nx pdpe1gb rdtscp lm constant_tsc art arch_perfmon pebs bts rep_good nopl xtopology nonstop_tsc cpuid aperfmperf tsc_known_freq pni pclmulqdq dtes64 monitor ds_cpl vmx smx est tm2 ssse3 sdbg fma cx16 xtpr pdcm pcid dca sse4_1 sse4_2 x2apic movbe popcnt tsc_deadline_timer aes xsave avx f16c rdrand lahf_lm abm 3dnowprefetch cpuid_fault epb cat_l3 cat_l2 cdp_l3 cdp_l2 ssbd mba ibrs ibpb stibp ibrs_enhanced tpr_shadow flexpriority ept vpid ept_ad fsgsbase tsc_adjust bmi1 avx2 smep bmi2 erms invpcid cqm rdt_a avx512f avx512dq rdseed adx smap avx512ifma clflushopt clwb intel_pt avx512cd sha_ni avx512bw avx512vl xsaveopt xsavec xgetbv1 xsaves cqm_llc cqm_occup_llc cqm_mbm_total cqm_mbm_local split_lock_detect user_shstk avx_vnni avx512_bf16 wbnoinvd dtherm ida arat pln pts vnmi avx512vbmi umip pku ospke waitpkg avx512_vbmi2 gfni vaes vpclmulqdq avx512_vnni avx512_bitalg avx512_vpopcntdq la57 rdpid bus_lock_detect cldemote movdiri movdir64b enqcmd fsrm md_clear serialize tsxldtrk pconfig arch_lbr ibt amx_bf16 avx512_fp16 amx_tile amx_int8 flush_l1d arch_capabilities
vmx flags	: vnmi preemption_timer posted_intr invvpid ept_x_only ept_ad ept_1gb ept_5level flexpriority apicv tsc_offset vtpr mtf vapic ept vpid unrestricted_guest vapic_reg vid ple shadow_vmcs pml ept_violation_ve ept_mode_based_exec tsc_scaling usr_wait_pause notify_vm_exiting ipi_virt
bugs		: spectre_v1 spectre_v2 spec_store_bypass swapgs eibrs_pbrsb bhi spectre_v2_user old_microcode vmscape
bogomips	: 4000.00
clflush size	: 64
cache_alignment	: 64
address sizes	: 46 bits physical, 57 bits virtual
power management:

Running growth rate 1% for 10 years.
./output/10y/mass_cuda-amz-static-output-10y-1p.edgelist
./output/10y/mass_cuda-amz-static-output-10y-1p.aux
Citation Network ABM – MASS CUDA
=================================

Out-degree bag: 3980408 entries
Recency probs:  356 entries
BFS batches:    25 per year

=== Initializing Citation ABM ===

Inside parseNodelist...
Populating continuous node mappings (334863 nodes)...
parseNodelist done in 275 ms (334863 nodes)

Inside parseEdgelist...
parseEdgelist done in 114 ms (925872 edges)
Seed max year: 2020  → simulation starts at 2021
Max population: 371903
Seed population: 334863 papers
  DeviceGraph: fwd=925872 bwd=925872 edges
Initialization complete


=== Simulation Start ===

--- Year 2021 (pop: 334863) ---
  Adding 3349 new papers
  DeviceGraph: fwd=925872 bwd=925872 edges
  Processing 3349 papers in 25 batches of ~134
  NeighborhoodSlab: 134 threads × 2304 KB = 301 MB
  Batch 0 [0,134) done in 39 ms  h_edges=928361
  NeighborhoodSlab: 134 threads × 2304 KB = 301 MB
  Batch 1 [134,268) done in 37 ms  h_edges=930529
  NeighborhoodSlab: 134 threads × 2304 KB = 301 MB
  Batch 2 [268,402) done in 37 ms  h_edges=932868
  NeighborhoodSlab: 134 threads × 2304 KB = 301 MB
  Batch 3 [402,536) done in 37 ms  h_edges=935203
  NeighborhoodSlab: 134 threads × 2304 KB = 301 MB
  Batch 4 [536,670) done in 37 ms  h_edges=937854
  NeighborhoodSlab: 134 threads × 2304 KB = 301 MB
  Batch 5 [670,804) done in 37 ms  h_edges=940566
  NeighborhoodSlab: 134 threads × 2304 KB = 301 MB
  Batch 6 [804,938) done in 37 ms  h_edges=943187
  NeighborhoodSlab: 134 threads × 2304 KB = 301 MB
  Batch 7 [938,1072) done in 37 ms  h_edges=945157
  NeighborhoodSlab: 134 threads × 2304 KB = 301 MB
  Batch 8 [1072,1206) done in 37 ms  h_edges=947530
  NeighborhoodSlab: 134 threads × 2304 KB = 301 MB
  Batch 9 [1206,1340) done in 37 ms  h_edges=949974
  NeighborhoodSlab: 134 threads × 2304 KB = 301 MB
  Batch 10 [1340,1474) done in 37 ms  h_edges=952068
  NeighborhoodSlab: 134 threads × 2304 KB = 301 MB
  Batch 11 [1474,1608) done in 36 ms  h_edges=954335
  NeighborhoodSlab: 134 threads × 2304 KB = 301 MB
  Batch 12 [1608,1742) done in 36 ms  h_edges=956829
  NeighborhoodSlab: 134 threads × 2304 KB = 301 MB
  Batch 13 [1742,1876) done in 37 ms  h_edges=959415
  NeighborhoodSlab: 134 threads × 2304 KB = 301 MB
  Batch 14 [1876,2010) done in 37 ms  h_edges=961914
  NeighborhoodSlab: 134 threads × 2304 KB = 301 MB
  Batch 15 [2010,2144) done in 37 ms  h_edges=964363
  NeighborhoodSlab: 134 threads × 2304 KB = 301 MB
  Batch 16 [2144,2278) done in 37 ms  h_edges=966994
  NeighborhoodSlab: 134 threads × 2304 KB = 301 MB
  Batch 17 [2278,2412) done in 38 ms  h_edges=969456
  NeighborhoodSlab: 134 threads × 2304 KB = 301 MB
  Batch 18 [2412,2546) done in 38 ms  h_edges=972219
  NeighborhoodSlab: 134 threads × 2304 KB = 301 MB
  Batch 19 [2546,2680) done in 37 ms  h_edges=974587
  NeighborhoodSlab: 134 threads × 2304 KB = 301 MB
  Batch 20 [2680,2814) done in 37 ms  h_edges=977175
  NeighborhoodSlab: 134 threads × 2304 KB = 301 MB
  Batch 21 [2814,2948) done in 37 ms  h_edges=980271
  NeighborhoodSlab: 134 threads × 2304 KB = 301 MB
  Batch 22 [2948,3082) done in 37 ms  h_edges=982470
  NeighborhoodSlab: 134 threads × 2304 KB = 301 MB
  Batch 23 [3082,3216) done in 37 ms  h_edges=985100
  NeighborhoodSlab: 133 threads × 2304 KB = 299 MB
  Batch 24 [3216,3349) done in 37 ms  h_edges=987372
  DeviceGraph: fwd=987372 bwd=987372 edges
  Year 2021 total: 2686 ms  (pop: 338212)

--- Year 2022 (pop: 338212) ---
  Adding 3383 new papers
  DeviceGraph: fwd=987372 bwd=987372 edges
  Processing 3383 papers in 25 batches of ~136
  NeighborhoodSlab: 136 threads × 2304 KB = 306 MB
  Batch 0 [0,136) done in 38 ms  h_edges=990247
  NeighborhoodSlab: 136 threads × 2304 KB = 306 MB
  Batch 1 [136,272) done in 38 ms  h_edges=992836
  NeighborhoodSlab: 136 threads × 2304 KB = 306 MB
  Batch 2 [272,408) done in 37 ms  h_edges=995486
  NeighborhoodSlab: 136 threads × 2304 KB = 306 MB
  Batch 3 [408,544) done in 37 ms  h_edges=998039
  NeighborhoodSlab: 136 threads × 2304 KB = 306 MB
  Batch 4 [544,680) done in 38 ms  h_edges=1000859
  NeighborhoodSlab: 136 threads × 2304 KB = 306 MB
  Batch 5 [680,816) done in 37 ms  h_edges=1003443
  NeighborhoodSlab: 136 threads × 2304 KB = 306 MB
  Batch 6 [816,952) done in 37 ms  h_edges=1006102
  NeighborhoodSlab: 136 threads × 2304 KB = 306 MB
  Batch 7 [952,1088) done in 37 ms  h_edges=1008716
  NeighborhoodSlab: 136 threads × 2304 KB = 306 MB
  Batch 8 [1088,1224) done in 38 ms  h_edges=1011035
  NeighborhoodSlab: 136 threads × 2304 KB = 306 MB
  Batch 9 [1224,1360) done in 38 ms  h_edges=1013637
  NeighborhoodSlab: 136 threads × 2304 KB = 306 MB
  Batch 10 [1360,1496) done in 38 ms  h_edges=1016339
  NeighborhoodSlab: 136 threads × 2304 KB = 306 MB
  Batch 11 [1496,1632) done in 38 ms  h_edges=1018880
  NeighborhoodSlab: 136 threads × 2304 KB = 306 MB
  Batch 12 [1632,1768) done in 37 ms  h_edges=1021471
  NeighborhoodSlab: 136 threads × 2304 KB = 306 MB
  Batch 13 [1768,1904) done in 37 ms  h_edges=1023927
  NeighborhoodSlab: 136 threads × 2304 KB = 306 MB
  Batch 14 [1904,2040) done in 38 ms  h_edges=1026270
  NeighborhoodSlab: 136 threads × 2304 KB = 306 MB
  Batch 15 [2040,2176) done in 37 ms  h_edges=1028858
  NeighborhoodSlab: 136 threads × 2304 KB = 306 MB
  Batch 16 [2176,2312) done in 37 ms  h_edges=1031273
  NeighborhoodSlab: 136 threads × 2304 KB = 306 MB
  Batch 17 [2312,2448) done in 37 ms  h_edges=1033897
  NeighborhoodSlab: 136 threads × 2304 KB = 306 MB
  Batch 18 [2448,2584) done in 37 ms  h_edges=1036237
  NeighborhoodSlab: 136 threads × 2304 KB = 306 MB
  Batch 19 [2584,2720) done in 37 ms  h_edges=1038631
  NeighborhoodSlab: 136 threads × 2304 KB = 306 MB
  Batch 20 [2720,2856) done in 38 ms  h_edges=1041144
  NeighborhoodSlab: 136 threads × 2304 KB = 306 MB
  Batch 21 [2856,2992) done in 37 ms  h_edges=1043982
  NeighborhoodSlab: 136 threads × 2304 KB = 306 MB
  Batch 22 [2992,3128) done in 37 ms  h_edges=1046331
  NeighborhoodSlab: 136 threads × 2304 KB = 306 MB
  Batch 23 [3128,3264) done in 39 ms  h_edges=1049144
  NeighborhoodSlab: 119 threads × 2304 KB = 267 MB
  Batch 24 [3264,3383) done in 33 ms  h_edges=1051754
  DeviceGraph: fwd=1051754 bwd=1051754 edges
  Year 2022 total: 2771 ms  (pop: 341595)

--- Year 2023 (pop: 341595) ---
  Adding 3416 new papers
  DeviceGraph: fwd=1051754 bwd=1051754 edges
  Processing 3416 papers in 25 batches of ~137
  NeighborhoodSlab: 137 threads × 2304 KB = 308 MB
  Batch 0 [0,137) done in 37 ms  h_edges=1054221
  NeighborhoodSlab: 137 threads × 2304 KB = 308 MB
  Batch 1 [137,274) done in 38 ms  h_edges=1057144
  NeighborhoodSlab: 137 threads × 2304 KB = 308 MB
  Batch 2 [274,411) done in 38 ms  h_edges=1060857
  NeighborhoodSlab: 137 threads × 2304 KB = 308 MB
  Batch 3 [411,548) done in 39 ms  h_edges=1063796
  NeighborhoodSlab: 137 threads × 2304 KB = 308 MB
  Batch 4 [548,685) done in 38 ms  h_edges=1066325
  NeighborhoodSlab: 137 threads × 2304 KB = 308 MB
  Batch 5 [685,822) done in 38 ms  h_edges=1068779
  NeighborhoodSlab: 137 threads × 2304 KB = 308 MB
  Batch 6 [822,959) done in 38 ms  h_edges=1070995
  NeighborhoodSlab: 137 threads × 2304 KB = 308 MB
  Batch 7 [959,1096) done in 38 ms  h_edges=1073874
  NeighborhoodSlab: 137 threads × 2304 KB = 308 MB
  Batch 8 [1096,1233) done in 37 ms  h_edges=1076865
  NeighborhoodSlab: 137 threads × 2304 KB = 308 MB
  Batch 9 [1233,1370) done in 38 ms  h_edges=1079153
  NeighborhoodSlab: 137 threads × 2304 KB = 308 MB
  Batch 10 [1370,1507) done in 38 ms  h_edges=1081669
  NeighborhoodSlab: 137 threads × 2304 KB = 308 MB
  Batch 11 [1507,1644) done in 39 ms  h_edges=1084058
  NeighborhoodSlab: 137 threads × 2304 KB = 308 MB
  Batch 12 [1644,1781) done in 38 ms  h_edges=1086570
  NeighborhoodSlab: 137 threads × 2304 KB = 308 MB
  Batch 13 [1781,1918) done in 38 ms  h_edges=1089170
  NeighborhoodSlab: 137 threads × 2304 KB = 308 MB
  Batch 14 [1918,2055) done in 38 ms  h_edges=1092013
  NeighborhoodSlab: 137 threads × 2304 KB = 308 MB
  Batch 15 [2055,2192) done in 38 ms  h_edges=1094515
  NeighborhoodSlab: 137 threads × 2304 KB = 308 MB
  Batch 16 [2192,2329) done in 38 ms  h_edges=1097093
  NeighborhoodSlab: 137 threads × 2304 KB = 308 MB
  Batch 17 [2329,2466) done in 38 ms  h_edges=1099868
  NeighborhoodSlab: 137 threads × 2304 KB = 308 MB
  Batch 18 [2466,2603) done in 38 ms  h_edges=1102509
  NeighborhoodSlab: 137 threads × 2304 KB = 308 MB
  Batch 19 [2603,2740) done in 38 ms  h_edges=1105520
  NeighborhoodSlab: 137 threads × 2304 KB = 308 MB
  Batch 20 [2740,2877) done in 37 ms  h_edges=1107899
  NeighborhoodSlab: 137 threads × 2304 KB = 308 MB
  Batch 21 [2877,3014) done in 39 ms  h_edges=1111127
  NeighborhoodSlab: 137 threads × 2304 KB = 308 MB
  Batch 22 [3014,3151) done in 39 ms  h_edges=1113797
  NeighborhoodSlab: 137 threads × 2304 KB = 308 MB
  Batch 23 [3151,3288) done in 38 ms  h_edges=1116709
  NeighborhoodSlab: 128 threads × 2304 KB = 288 MB
  Batch 24 [3288,3416) done in 36 ms  h_edges=1119141
  DeviceGraph: fwd=1119141 bwd=1119141 edges
  Year 2023 total: 2910 ms  (pop: 345011)

--- Year 2024 (pop: 345011) ---
  Adding 3451 new papers
  DeviceGraph: fwd=1119141 bwd=1119141 edges
  Processing 3451 papers in 25 batches of ~139
  NeighborhoodSlab: 139 threads × 2304 KB = 312 MB
  Batch 0 [0,139) done in 38 ms  h_edges=1121380
  NeighborhoodSlab: 139 threads × 2304 KB = 312 MB
  Batch 1 [139,278) done in 38 ms  h_edges=1124471
  NeighborhoodSlab: 139 threads × 2304 KB = 312 MB
  Batch 2 [278,417) done in 38 ms  h_edges=1127515
  NeighborhoodSlab: 139 threads × 2304 KB = 312 MB
  Batch 3 [417,556) done in 38 ms  h_edges=1130054
  NeighborhoodSlab: 139 threads × 2304 KB = 312 MB
  Batch 4 [556,695) done in 39 ms  h_edges=1132560
  NeighborhoodSlab: 139 threads × 2304 KB = 312 MB
  Batch 5 [695,834) done in 38 ms  h_edges=1135203
  NeighborhoodSlab: 139 threads × 2304 KB = 312 MB
  Batch 6 [834,973) done in 38 ms  h_edges=1138027
  NeighborhoodSlab: 139 threads × 2304 KB = 312 MB
  Batch 7 [973,1112) done in 38 ms  h_edges=1140700
  NeighborhoodSlab: 139 threads × 2304 KB = 312 MB
  Batch 8 [1112,1251) done in 38 ms  h_edges=1143532
  NeighborhoodSlab: 139 threads × 2304 KB = 312 MB
  Batch 9 [1251,1390) done in 38 ms  h_edges=1145979
  NeighborhoodSlab: 139 threads × 2304 KB = 312 MB
  Batch 10 [1390,1529) done in 39 ms  h_edges=1149282
  NeighborhoodSlab: 139 threads × 2304 KB = 312 MB
  Batch 11 [1529,1668) done in 39 ms  h_edges=1152586
  NeighborhoodSlab: 139 threads × 2304 KB = 312 MB
  Batch 12 [1668,1807) done in 38 ms  h_edges=1154951
  NeighborhoodSlab: 139 threads × 2304 KB = 312 MB
  Batch 13 [1807,1946) done in 39 ms  h_edges=1157671
  NeighborhoodSlab: 139 threads × 2304 KB = 312 MB
  Batch 14 [1946,2085) done in 38 ms  h_edges=1160183
  NeighborhoodSlab: 139 threads × 2304 KB = 312 MB
  Batch 15 [2085,2224) done in 38 ms  h_edges=1162723
  NeighborhoodSlab: 139 threads × 2304 KB = 312 MB
  Batch 16 [2224,2363) done in 38 ms  h_edges=1165530
  NeighborhoodSlab: 139 threads × 2304 KB = 312 MB
  Batch 17 [2363,2502) done in 38 ms  h_edges=1168428
  NeighborhoodSlab: 139 threads × 2304 KB = 312 MB
  Batch 18 [2502,2641) done in 39 ms  h_edges=1171252
  NeighborhoodSlab: 139 threads × 2304 KB = 312 MB
  Batch 19 [2641,2780) done in 38 ms  h_edges=1173401
  NeighborhoodSlab: 139 threads × 2304 KB = 312 MB
  Batch 20 [2780,2919) done in 38 ms  h_edges=1175879
  NeighborhoodSlab: 139 threads × 2304 KB = 312 MB
  Batch 21 [2919,3058) done in 39 ms  h_edges=1179494
  NeighborhoodSlab: 139 threads × 2304 KB = 312 MB
  Batch 22 [3058,3197) done in 38 ms  h_edges=1182264
  NeighborhoodSlab: 139 threads × 2304 KB = 312 MB
  Batch 23 [3197,3336) done in 38 ms  h_edges=1184962
  NeighborhoodSlab: 115 threads × 2304 KB = 258 MB
  Batch 24 [3336,3451) done in 34 ms  h_edges=1187353
  DeviceGraph: fwd=1187353 bwd=1187353 edges
  Year 2024 total: 2986 ms  (pop: 348462)

--- Year 2025 (pop: 348462) ---
  Adding 3485 new papers
  DeviceGraph: fwd=1187353 bwd=1187353 edges
  Processing 3485 papers in 25 batches of ~140
  NeighborhoodSlab: 140 threads × 2304 KB = 315 MB
  Batch 0 [0,140) done in 38 ms  h_edges=1189920
  NeighborhoodSlab: 140 threads × 2304 KB = 315 MB
  Batch 1 [140,280) done in 39 ms  h_edges=1192685
  NeighborhoodSlab: 140 threads × 2304 KB = 315 MB
  Batch 2 [280,420) done in 39 ms  h_edges=1195227
  NeighborhoodSlab: 140 threads × 2304 KB = 315 MB
  Batch 3 [420,560) done in 38 ms  h_edges=1197382
  NeighborhoodSlab: 140 threads × 2304 KB = 315 MB
  Batch 4 [560,700) done in 38 ms  h_edges=1199877
  NeighborhoodSlab: 140 threads × 2304 KB = 315 MB
  Batch 5 [700,840) done in 39 ms  h_edges=1202674
  NeighborhoodSlab: 140 threads × 2304 KB = 315 MB
  Batch 6 [840,980) done in 39 ms  h_edges=1205374
  NeighborhoodSlab: 140 threads × 2304 KB = 315 MB
  Batch 7 [980,1120) done in 39 ms  h_edges=1207843
  NeighborhoodSlab: 140 threads × 2304 KB = 315 MB
  Batch 8 [1120,1260) done in 38 ms  h_edges=1210927
  NeighborhoodSlab: 140 threads × 2304 KB = 315 MB
  Batch 9 [1260,1400) done in 38 ms  h_edges=1214016
  NeighborhoodSlab: 140 threads × 2304 KB = 315 MB
  Batch 10 [1400,1540) done in 39 ms  h_edges=1216888
  NeighborhoodSlab: 140 threads × 2304 KB = 315 MB
  Batch 11 [1540,1680) done in 39 ms  h_edges=1220088
  NeighborhoodSlab: 140 threads × 2304 KB = 315 MB
  Batch 12 [1680,1820) done in 38 ms  h_edges=1222522
  NeighborhoodSlab: 140 threads × 2304 KB = 315 MB
  Batch 13 [1820,1960) done in 39 ms  h_edges=1225056
  NeighborhoodSlab: 140 threads × 2304 KB = 315 MB
  Batch 14 [1960,2100) done in 39 ms  h_edges=1227970
  NeighborhoodSlab: 140 threads × 2304 KB = 315 MB
  Batch 15 [2100,2240) done in 38 ms  h_edges=1230360
  NeighborhoodSlab: 140 threads × 2304 KB = 315 MB
  Batch 16 [2240,2380) done in 38 ms  h_edges=1232291
  NeighborhoodSlab: 140 threads × 2304 KB = 315 MB
  Batch 17 [2380,2520) done in 39 ms  h_edges=1235254
  NeighborhoodSlab: 140 threads × 2304 KB = 315 MB
  Batch 18 [2520,2660) done in 38 ms  h_edges=1237792
  NeighborhoodSlab: 140 threads × 2304 KB = 315 MB
  Batch 19 [2660,2800) done in 38 ms  h_edges=1240743
  NeighborhoodSlab: 140 threads × 2304 KB = 315 MB
  Batch 20 [2800,2940) done in 38 ms  h_edges=1243241
  NeighborhoodSlab: 140 threads × 2304 KB = 315 MB
  Batch 21 [2940,3080) done in 38 ms  h_edges=1246198
  NeighborhoodSlab: 140 threads × 2304 KB = 315 MB
  Batch 22 [3080,3220) done in 39 ms  h_edges=1248916
  NeighborhoodSlab: 140 threads × 2304 KB = 315 MB
  Batch 23 [3220,3360) done in 38 ms  h_edges=1251906
  NeighborhoodSlab: 125 threads × 2304 KB = 281 MB
  Batch 24 [3360,3485) done in 36 ms  h_edges=1253869
  DeviceGraph: fwd=1253869 bwd=1253869 edges
  Year 2025 total: 3102 ms  (pop: 351947)

--- Year 2026 (pop: 351947) ---
  Adding 3520 new papers
  DeviceGraph: fwd=1253869 bwd=1253869 edges
  Processing 3520 papers in 25 batches of ~141
  NeighborhoodSlab: 141 threads × 2304 KB = 317 MB
  Batch 0 [0,141) done in 39 ms  h_edges=1256745
  NeighborhoodSlab: 141 threads × 2304 KB = 317 MB
  Batch 1 [141,282) done in 40 ms  h_edges=1259812
  NeighborhoodSlab: 141 threads × 2304 KB = 317 MB
  Batch 2 [282,423) done in 39 ms  h_edges=1262062
  NeighborhoodSlab: 141 threads × 2304 KB = 317 MB
  Batch 3 [423,564) done in 39 ms  h_edges=1264449
  NeighborhoodSlab: 141 threads × 2304 KB = 317 MB
  Batch 4 [564,705) done in 39 ms  h_edges=1266779
  NeighborhoodSlab: 141 threads × 2304 KB = 317 MB
  Batch 5 [705,846) done in 39 ms  h_edges=1269739
  NeighborhoodSlab: 141 threads × 2304 KB = 317 MB
  Batch 6 [846,987) done in 38 ms  h_edges=1272209
  NeighborhoodSlab: 141 threads × 2304 KB = 317 MB
  Batch 7 [987,1128) done in 39 ms  h_edges=1274966
  NeighborhoodSlab: 141 threads × 2304 KB = 317 MB
  Batch 8 [1128,1269) done in 39 ms  h_edges=1276944
  NeighborhoodSlab: 141 threads × 2304 KB = 317 MB
  Batch 9 [1269,1410) done in 39 ms  h_edges=1279662
  NeighborhoodSlab: 141 threads × 2304 KB = 317 MB
  Batch 10 [1410,1551) done in 39 ms  h_edges=1282091
  NeighborhoodSlab: 141 threads × 2304 KB = 317 MB
  Batch 11 [1551,1692) done in 39 ms  h_edges=1284617
  NeighborhoodSlab: 141 threads × 2304 KB = 317 MB
  Batch 12 [1692,1833) done in 39 ms  h_edges=1287237
  NeighborhoodSlab: 141 threads × 2304 KB = 317 MB
  Batch 13 [1833,1974) done in 40 ms  h_edges=1290175
  NeighborhoodSlab: 141 threads × 2304 KB = 317 MB
  Batch 14 [1974,2115) done in 40 ms  h_edges=1293468
  NeighborhoodSlab: 141 threads × 2304 KB = 317 MB
  Batch 15 [2115,2256) done in 39 ms  h_edges=1296414
  NeighborhoodSlab: 141 threads × 2304 KB = 317 MB
  Batch 16 [2256,2397) done in 39 ms  h_edges=1299241
  NeighborhoodSlab: 141 threads × 2304 KB = 317 MB
  Batch 17 [2397,2538) done in 38 ms  h_edges=1302055
  NeighborhoodSlab: 141 threads × 2304 KB = 317 MB
  Batch 18 [2538,2679) done in 40 ms  h_edges=1304799
  NeighborhoodSlab: 141 threads × 2304 KB = 317 MB
  Batch 19 [2679,2820) done in 39 ms  h_edges=1307137
  NeighborhoodSlab: 141 threads × 2304 KB = 317 MB
  Batch 20 [2820,2961) done in 39 ms  h_edges=1309839
  NeighborhoodSlab: 141 threads × 2304 KB = 317 MB
  Batch 21 [2961,3102) done in 39 ms  h_edges=1312623
  NeighborhoodSlab: 141 threads × 2304 KB = 317 MB
  Batch 22 [3102,3243) done in 39 ms  h_edges=1315347
  NeighborhoodSlab: 141 threads × 2304 KB = 317 MB
  Batch 23 [3243,3384) done in 40 ms  h_edges=1318263
  NeighborhoodSlab: 136 threads × 2304 KB = 306 MB
  Batch 24 [3384,3520) done in 39 ms  h_edges=1321278
  DeviceGraph: fwd=1321278 bwd=1321278 edges
  Year 2026 total: 3230 ms  (pop: 355467)

--- Year 2027 (pop: 355467) ---
  Adding 3555 new papers
  DeviceGraph: fwd=1321278 bwd=1321278 edges
  Processing 3555 papers in 25 batches of ~143
  NeighborhoodSlab: 143 threads × 2304 KB = 321 MB
  Batch 0 [0,143) done in 40 ms  h_edges=1324357
  NeighborhoodSlab: 143 threads × 2304 KB = 321 MB
  Batch 1 [143,286) done in 39 ms  h_edges=1326760
  NeighborhoodSlab: 143 threads × 2304 KB = 321 MB
  Batch 2 [286,429) done in 40 ms  h_edges=1329563
  NeighborhoodSlab: 143 threads × 2304 KB = 321 MB
  Batch 3 [429,572) done in 40 ms  h_edges=1332431
  NeighborhoodSlab: 143 threads × 2304 KB = 321 MB
  Batch 4 [572,715) done in 41 ms  h_edges=1335996
  NeighborhoodSlab: 143 threads × 2304 KB = 321 MB
  Batch 5 [715,858) done in 39 ms  h_edges=1338374
  NeighborhoodSlab: 143 threads × 2304 KB = 321 MB
  Batch 6 [858,1001) done in 40 ms  h_edges=1341285
  NeighborhoodSlab: 143 threads × 2304 KB = 321 MB
  Batch 7 [1001,1144) done in 40 ms  h_edges=1343697
  NeighborhoodSlab: 143 threads × 2304 KB = 321 MB
  Batch 8 [1144,1287) done in 41 ms  h_edges=1346989
  NeighborhoodSlab: 143 threads × 2304 KB = 321 MB
  Batch 9 [1287,1430) done in 40 ms  h_edges=1350027
  NeighborhoodSlab: 143 threads × 2304 KB = 321 MB
  Batch 10 [1430,1573) done in 40 ms  h_edges=1352611
  NeighborhoodSlab: 143 threads × 2304 KB = 321 MB
  Batch 11 [1573,1716) done in 41 ms  h_edges=1355295
  NeighborhoodSlab: 143 threads × 2304 KB = 321 MB
  Batch 12 [1716,1859) done in 39 ms  h_edges=1357718
  NeighborhoodSlab: 143 threads × 2304 KB = 321 MB
  Batch 13 [1859,2002) done in 41 ms  h_edges=1360188
  NeighborhoodSlab: 143 threads × 2304 KB = 321 MB
  Batch 14 [2002,2145) done in 39 ms  h_edges=1363087
  NeighborhoodSlab: 143 threads × 2304 KB = 321 MB
  Batch 15 [2145,2288) done in 40 ms  h_edges=1366414
  NeighborhoodSlab: 143 threads × 2304 KB = 321 MB
  Batch 16 [2288,2431) done in 40 ms  h_edges=1369908
  NeighborhoodSlab: 143 threads × 2304 KB = 321 MB
  Batch 17 [2431,2574) done in 39 ms  h_edges=1372663
  NeighborhoodSlab: 143 threads × 2304 KB = 321 MB
  Batch 18 [2574,2717) done in 41 ms  h_edges=1375869
  NeighborhoodSlab: 143 threads × 2304 KB = 321 MB
  Batch 19 [2717,2860) done in 40 ms  h_edges=1378602
  NeighborhoodSlab: 143 threads × 2304 KB = 321 MB
  Batch 20 [2860,3003) done in 40 ms  h_edges=1381681
  NeighborhoodSlab: 143 threads × 2304 KB = 321 MB
  Batch 21 [3003,3146) done in 40 ms  h_edges=1384796
  NeighborhoodSlab: 143 threads × 2304 KB = 321 MB
  Batch 22 [3146,3289) done in 39 ms  h_edges=1387359
  NeighborhoodSlab: 143 threads × 2304 KB = 321 MB
  Batch 23 [3289,3432) done in 40 ms  h_edges=1390368
  NeighborhoodSlab: 123 threads × 2304 KB = 276 MB
  Batch 24 [3432,3555) done in 35 ms  h_edges=1392931
  DeviceGraph: fwd=1392931 bwd=1392931 edges
  Year 2027 total: 3422 ms  (pop: 359022)

--- Year 2028 (pop: 359022) ---
  Adding 3591 new papers
  DeviceGraph: fwd=1392931 bwd=1392931 edges
  Processing 3591 papers in 25 batches of ~144
  NeighborhoodSlab: 144 threads × 2304 KB = 324 MB
  Batch 0 [0,144) done in 40 ms  h_edges=1395731
  NeighborhoodSlab: 144 threads × 2304 KB = 324 MB
  Batch 1 [144,288) done in 41 ms  h_edges=1398459
  NeighborhoodSlab: 144 threads × 2304 KB = 324 MB
  Batch 2 [288,432) done in 41 ms  h_edges=1401496
  NeighborhoodSlab: 144 threads × 2304 KB = 324 MB
  Batch 3 [432,576) done in 39 ms  h_edges=1404095
  NeighborhoodSlab: 144 threads × 2304 KB = 324 MB
  Batch 4 [576,720) done in 40 ms  h_edges=1407067
  NeighborhoodSlab: 144 threads × 2304 KB = 324 MB
  Batch 5 [720,864) done in 40 ms  h_edges=1409837
  NeighborhoodSlab: 144 threads × 2304 KB = 324 MB
  Batch 6 [864,1008) done in 41 ms  h_edges=1412730
  NeighborhoodSlab: 144 threads × 2304 KB = 324 MB
  Batch 7 [1008,1152) done in 42 ms  h_edges=1415453
  NeighborhoodSlab: 144 threads × 2304 KB = 324 MB
  Batch 8 [1152,1296) done in 40 ms  h_edges=1417774
  NeighborhoodSlab: 144 threads × 2304 KB = 324 MB
  Batch 9 [1296,1440) done in 40 ms  h_edges=1420521
  NeighborhoodSlab: 144 threads × 2304 KB = 324 MB
  Batch 10 [1440,1584) done in 40 ms  h_edges=1423538
  NeighborhoodSlab: 144 threads × 2304 KB = 324 MB
  Batch 11 [1584,1728) done in 43 ms  h_edges=1425902
  NeighborhoodSlab: 144 threads × 2304 KB = 324 MB
  Batch 12 [1728,1872) done in 40 ms  h_edges=1428733
  NeighborhoodSlab: 144 threads × 2304 KB = 324 MB
  Batch 13 [1872,2016) done in 40 ms  h_edges=1431932
  NeighborhoodSlab: 144 threads × 2304 KB = 324 MB
  Batch 14 [2016,2160) done in 39 ms  h_edges=1434594
  NeighborhoodSlab: 144 threads × 2304 KB = 324 MB
  Batch 15 [2160,2304) done in 41 ms  h_edges=1437080
  NeighborhoodSlab: 144 threads × 2304 KB = 324 MB
  Batch 16 [2304,2448) done in 40 ms  h_edges=1439687
  NeighborhoodSlab: 144 threads × 2304 KB = 324 MB
  Batch 17 [2448,2592) done in 40 ms  h_edges=1443042
  NeighborhoodSlab: 144 threads × 2304 KB = 324 MB
  Batch 18 [2592,2736) done in 40 ms  h_edges=1445933
  NeighborhoodSlab: 144 threads × 2304 KB = 324 MB
  Batch 19 [2736,2880) done in 40 ms  h_edges=1448652
  NeighborhoodSlab: 144 threads × 2304 KB = 324 MB
  Batch 20 [2880,3024) done in 40 ms  h_edges=1451780
  NeighborhoodSlab: 144 threads × 2304 KB = 324 MB
  Batch 21 [3024,3168) done in 40 ms  h_edges=1455241
  NeighborhoodSlab: 144 threads × 2304 KB = 324 MB
  Batch 22 [3168,3312) done in 40 ms  h_edges=1457956
  NeighborhoodSlab: 144 threads × 2304 KB = 324 MB
  Batch 23 [3312,3456) done in 40 ms  h_edges=1461080
  NeighborhoodSlab: 135 threads × 2304 KB = 303 MB
  Batch 24 [3456,3591) done in 38 ms  h_edges=1463516
  DeviceGraph: fwd=1463516 bwd=1463516 edges
  Year 2028 total: 3508 ms  (pop: 362613)

--- Year 2029 (pop: 362613) ---
  Adding 3627 new papers
  DeviceGraph: fwd=1463516 bwd=1463516 edges
  Processing 3627 papers in 25 batches of ~146
  NeighborhoodSlab: 146 threads × 2304 KB = 328 MB
  Batch 0 [0,146) done in 41 ms  h_edges=1466573
  NeighborhoodSlab: 146 threads × 2304 KB = 328 MB
  Batch 1 [146,292) done in 40 ms  h_edges=1469314
  NeighborhoodSlab: 146 threads × 2304 KB = 328 MB
  Batch 2 [292,438) done in 40 ms  h_edges=1471886
  NeighborhoodSlab: 146 threads × 2304 KB = 328 MB
  Batch 3 [438,584) done in 40 ms  h_edges=1474359
  NeighborhoodSlab: 146 threads × 2304 KB = 328 MB
  Batch 4 [584,730) done in 41 ms  h_edges=1476969
  NeighborhoodSlab: 146 threads × 2304 KB = 328 MB
  Batch 5 [730,876) done in 40 ms  h_edges=1480081
  NeighborhoodSlab: 146 threads × 2304 KB = 328 MB
  Batch 6 [876,1022) done in 41 ms  h_edges=1483340
  NeighborhoodSlab: 146 threads × 2304 KB = 328 MB
  Batch 7 [1022,1168) done in 40 ms  h_edges=1486410
  NeighborhoodSlab: 146 threads × 2304 KB = 328 MB
  Batch 8 [1168,1314) done in 40 ms  h_edges=1488700
  NeighborhoodSlab: 146 threads × 2304 KB = 328 MB
  Batch 9 [1314,1460) done in 40 ms  h_edges=1491632
  NeighborhoodSlab: 146 threads × 2304 KB = 328 MB
  Batch 10 [1460,1606) done in 41 ms  h_edges=1494405
  NeighborhoodSlab: 146 threads × 2304 KB = 328 MB
  Batch 11 [1606,1752) done in 40 ms  h_edges=1496796
  NeighborhoodSlab: 146 threads × 2304 KB = 328 MB
  Batch 12 [1752,1898) done in 41 ms  h_edges=1499772
  NeighborhoodSlab: 146 threads × 2304 KB = 328 MB
  Batch 13 [1898,2044) done in 41 ms  h_edges=1503350
  NeighborhoodSlab: 146 threads × 2304 KB = 328 MB
  Batch 14 [2044,2190) done in 41 ms  h_edges=1506192
  NeighborhoodSlab: 146 threads × 2304 KB = 328 MB
  Batch 15 [2190,2336) done in 41 ms  h_edges=1509152
  NeighborhoodSlab: 146 threads × 2304 KB = 328 MB
  Batch 16 [2336,2482) done in 40 ms  h_edges=1511890
  NeighborhoodSlab: 146 threads × 2304 KB = 328 MB
  Batch 17 [2482,2628) done in 40 ms  h_edges=1514951
  NeighborhoodSlab: 146 threads × 2304 KB = 328 MB
  Batch 18 [2628,2774) done in 40 ms  h_edges=1517518
  NeighborhoodSlab: 146 threads × 2304 KB = 328 MB
  Batch 19 [2774,2920) done in 42 ms  h_edges=1520779
  NeighborhoodSlab: 146 threads × 2304 KB = 328 MB
  Batch 20 [2920,3066) done in 41 ms  h_edges=1523387
  NeighborhoodSlab: 146 threads × 2304 KB = 328 MB
  Batch 21 [3066,3212) done in 40 ms  h_edges=1525872
  NeighborhoodSlab: 146 threads × 2304 KB = 328 MB
  Batch 22 [3212,3358) done in 42 ms  h_edges=1529165
  NeighborhoodSlab: 146 threads × 2304 KB = 328 MB
  Batch 23 [3358,3504) done in 40 ms  h_edges=1531821
  NeighborhoodSlab: 123 threads × 2304 KB = 276 MB
  Batch 24 [3504,3627) done in 37 ms  h_edges=1534321
  DeviceGraph: fwd=1534321 bwd=1534321 edges
  Year 2029 total: 3605 ms  (pop: 366240)

--- Year 2030 (pop: 366240) ---
  Adding 3663 new papers
  DeviceGraph: fwd=1534321 bwd=1534321 edges
  Processing 3663 papers in 25 batches of ~147
  NeighborhoodSlab: 147 threads × 2304 KB = 330 MB
  Batch 0 [0,147) done in 44 ms  h_edges=1537089
  NeighborhoodSlab: 147 threads × 2304 KB = 330 MB
  Batch 1 [147,294) done in 40 ms  h_edges=1539685
  NeighborhoodSlab: 147 threads × 2304 KB = 330 MB
  Batch 2 [294,441) done in 40 ms  h_edges=1542420
  NeighborhoodSlab: 147 threads × 2304 KB = 330 MB
  Batch 3 [441,588) done in 41 ms  h_edges=1545519
  NeighborhoodSlab: 147 threads × 2304 KB = 330 MB
  Batch 4 [588,735) done in 40 ms  h_edges=1548460
  NeighborhoodSlab: 147 threads × 2304 KB = 330 MB
  Batch 5 [735,882) done in 42 ms  h_edges=1551149
  NeighborhoodSlab: 147 threads × 2304 KB = 330 MB
  Batch 6 [882,1029) done in 40 ms  h_edges=1553972
  NeighborhoodSlab: 147 threads × 2304 KB = 330 MB
  Batch 7 [1029,1176) done in 40 ms  h_edges=1556677
  NeighborhoodSlab: 147 threads × 2304 KB = 330 MB
  Batch 8 [1176,1323) done in 41 ms  h_edges=1559829
  NeighborhoodSlab: 147 threads × 2304 KB = 330 MB
  Batch 9 [1323,1470) done in 41 ms  h_edges=1562627
  NeighborhoodSlab: 147 threads × 2304 KB = 330 MB
  Batch 10 [1470,1617) done in 43 ms  h_edges=1565796
  NeighborhoodSlab: 147 threads × 2304 KB = 330 MB
  Batch 11 [1617,1764) done in 40 ms  h_edges=1568274
  NeighborhoodSlab: 147 threads × 2304 KB = 330 MB
  Batch 12 [1764,1911) done in 41 ms  h_edges=1571376
  NeighborhoodSlab: 147 threads × 2304 KB = 330 MB
  Batch 13 [1911,2058) done in 41 ms  h_edges=1574114
  NeighborhoodSlab: 147 threads × 2304 KB = 330 MB
  Batch 14 [2058,2205) done in 41 ms  h_edges=1577644
  NeighborhoodSlab: 147 threads × 2304 KB = 330 MB
  Batch 15 [2205,2352) done in 41 ms  h_edges=1580184
  NeighborhoodSlab: 147 threads × 2304 KB = 330 MB
  Batch 16 [2352,2499) done in 41 ms  h_edges=1583047
  NeighborhoodSlab: 147 threads × 2304 KB = 330 MB
  Batch 17 [2499,2646) done in 41 ms  h_edges=1586114
  NeighborhoodSlab: 147 threads × 2304 KB = 330 MB
  Batch 18 [2646,2793) done in 41 ms  h_edges=1589038
  NeighborhoodSlab: 147 threads × 2304 KB = 330 MB
  Batch 19 [2793,2940) done in 42 ms  h_edges=1591676
  NeighborhoodSlab: 147 threads × 2304 KB = 330 MB
  Batch 20 [2940,3087) done in 42 ms  h_edges=1594669
  NeighborhoodSlab: 147 threads × 2304 KB = 330 MB
  Batch 21 [3087,3234) done in 41 ms  h_edges=1597669
  NeighborhoodSlab: 147 threads × 2304 KB = 330 MB
  Batch 22 [3234,3381) done in 41 ms  h_edges=1600011
  NeighborhoodSlab: 147 threads × 2304 KB = 330 MB
  Batch 23 [3381,3528) done in 40 ms  h_edges=1602859
  NeighborhoodSlab: 135 threads × 2304 KB = 303 MB
  Batch 24 [3528,3663) done in 38 ms  h_edges=1605459
  DeviceGraph: fwd=1605459 bwd=1605459 edges
  Year 2030 total: 3716 ms  (pop: 369903)

=== Simulation Complete ===
Total: 31 s  Final pop: 369903

=== Exporting Results ===
Edges saved: ./output/10y/mass_cuda-amz-static-output-10y-1p.edgelist (1605459)
Attributes saved: ./output/10y/mass_cuda-amz-static-output-10y-1p.aux (369903 rows)

Done.

real	0m36.902s
user	0m35.307s
sys	0m1.181s
Running growth rate 1% for 10 years.
./output/10y/mass_cuda-eu-static-output-10y-1p.edgelist
./output/10y/mass_cuda-eu-static-output-10y-1p.aux
Citation Network ABM – MASS CUDA
=================================

Out-degree bag: 3980408 entries
Recency probs:  356 entries
BFS batches:    25 per year

=== Initializing Citation ABM ===

Inside parseNodelist...
Populating continuous node mappings (265009 nodes)...
parseNodelist done in 214 ms (265009 nodes)

Inside parseEdgelist...
parseEdgelist done in 33 ms (418956 edges)
Seed max year: 2020  → simulation starts at 2021
Max population: 294741
Seed population: 265009 papers
  DeviceGraph: fwd=364481 bwd=364481 edges
Initialization complete


=== Simulation Start ===

--- Year 2021 (pop: 265009) ---
  Adding 2651 new papers
  DeviceGraph: fwd=364481 bwd=364481 edges
  Processing 2651 papers in 25 batches of ~107
  NeighborhoodSlab: 107 threads × 2304 KB = 240 MB
  Batch 0 [0,107) done in 53 ms  h_edges=421024
  NeighborhoodSlab: 107 threads × 2304 KB = 240 MB
  Batch 1 [107,214) done in 45 ms  h_edges=423261
  NeighborhoodSlab: 107 threads × 2304 KB = 240 MB
  Batch 2 [214,321) done in 50 ms  h_edges=425532
  NeighborhoodSlab: 107 threads × 2304 KB = 240 MB
  Batch 3 [321,428) done in 40 ms  h_edges=427181
  NeighborhoodSlab: 107 threads × 2304 KB = 240 MB
  Batch 4 [428,535) done in 46 ms  h_edges=429619
  NeighborhoodSlab: 107 threads × 2304 KB = 240 MB
  Batch 5 [535,642) done in 42 ms  h_edges=432123
  NeighborhoodSlab: 107 threads × 2304 KB = 240 MB
  Batch 6 [642,749) done in 44 ms  h_edges=434527
  NeighborhoodSlab: 107 threads × 2304 KB = 240 MB
  Batch 7 [749,856) done in 43 ms  h_edges=436251
  NeighborhoodSlab: 107 threads × 2304 KB = 240 MB
  Batch 8 [856,963) done in 46 ms  h_edges=438850
  NeighborhoodSlab: 107 threads × 2304 KB = 240 MB
  Batch 9 [963,1070) done in 42 ms  h_edges=440908
  NeighborhoodSlab: 107 threads × 2304 KB = 240 MB
  Batch 10 [1070,1177) done in 44 ms  h_edges=443057
  NeighborhoodSlab: 107 threads × 2304 KB = 240 MB
  Batch 11 [1177,1284) done in 42 ms  h_edges=445584
  NeighborhoodSlab: 107 threads × 2304 KB = 240 MB
  Batch 12 [1284,1391) done in 41 ms  h_edges=447704
  NeighborhoodSlab: 107 threads × 2304 KB = 240 MB
  Batch 13 [1391,1498) done in 41 ms  h_edges=449713
  NeighborhoodSlab: 107 threads × 2304 KB = 240 MB
  Batch 14 [1498,1605) done in 53 ms  h_edges=451582
  NeighborhoodSlab: 107 threads × 2304 KB = 240 MB
  Batch 15 [1605,1712) done in 41 ms  h_edges=453547
  NeighborhoodSlab: 107 threads × 2304 KB = 240 MB
  Batch 16 [1712,1819) done in 41 ms  h_edges=455456
  NeighborhoodSlab: 107 threads × 2304 KB = 240 MB
  Batch 17 [1819,1926) done in 54 ms  h_edges=457304
  NeighborhoodSlab: 107 threads × 2304 KB = 240 MB
  Batch 18 [1926,2033) done in 77 ms  h_edges=459497
  NeighborhoodSlab: 107 threads × 2304 KB = 240 MB
  Batch 19 [2033,2140) done in 47 ms  h_edges=461361
  NeighborhoodSlab: 107 threads × 2304 KB = 240 MB
  Batch 20 [2140,2247) done in 42 ms  h_edges=464236
  NeighborhoodSlab: 107 threads × 2304 KB = 240 MB
  Batch 21 [2247,2354) done in 41 ms  h_edges=465973
  NeighborhoodSlab: 107 threads × 2304 KB = 240 MB
  Batch 22 [2354,2461) done in 43 ms  h_edges=467750
  NeighborhoodSlab: 107 threads × 2304 KB = 240 MB
  Batch 23 [2461,2568) done in 49 ms  h_edges=469893
  NeighborhoodSlab: 83 threads × 2304 KB = 186 MB
  Batch 24 [2568,2651) done in 34 ms  h_edges=471524
  DeviceGraph: fwd=417049 bwd=417049 edges
  Year 2021 total: 1678 ms  (pop: 267660)

--- Year 2022 (pop: 267660) ---
  Adding 2677 new papers
  DeviceGraph: fwd=417049 bwd=417049 edges
  Processing 2677 papers in 25 batches of ~108
  NeighborhoodSlab: 108 threads × 2304 KB = 243 MB
  Batch 0 [0,108) done in 58 ms  h_edges=473449
  NeighborhoodSlab: 108 threads × 2304 KB = 243 MB
  Batch 1 [108,216) done in 65 ms  h_edges=475362
  NeighborhoodSlab: 108 threads × 2304 KB = 243 MB
  Batch 2 [216,324) done in 54 ms  h_edges=477189
  NeighborhoodSlab: 108 threads × 2304 KB = 243 MB
  Batch 3 [324,432) done in 47 ms  h_edges=478980
  NeighborhoodSlab: 108 threads × 2304 KB = 243 MB
  Batch 4 [432,540) done in 63 ms  h_edges=481235
  NeighborhoodSlab: 108 threads × 2304 KB = 243 MB
  Batch 5 [540,648) done in 42 ms  h_edges=483387
  NeighborhoodSlab: 108 threads × 2304 KB = 243 MB
  Batch 6 [648,756) done in 42 ms  h_edges=485558
  NeighborhoodSlab: 108 threads × 2304 KB = 243 MB
  Batch 7 [756,864) done in 44 ms  h_edges=487758
  NeighborhoodSlab: 108 threads × 2304 KB = 243 MB
  Batch 8 [864,972) done in 64 ms  h_edges=489464
  NeighborhoodSlab: 108 threads × 2304 KB = 243 MB
  Batch 9 [972,1080) done in 103 ms  h_edges=491469
  NeighborhoodSlab: 108 threads × 2304 KB = 243 MB
  Batch 10 [1080,1188) done in 49 ms  h_edges=494787
  NeighborhoodSlab: 108 threads × 2304 KB = 243 MB
  Batch 11 [1188,1296) done in 42 ms  h_edges=496554
  NeighborhoodSlab: 108 threads × 2304 KB = 243 MB
  Batch 12 [1296,1404) done in 46 ms  h_edges=499019
  NeighborhoodSlab: 108 threads × 2304 KB = 243 MB
  Batch 13 [1404,1512) done in 77 ms  h_edges=500892
  NeighborhoodSlab: 108 threads × 2304 KB = 243 MB
  Batch 14 [1512,1620) done in 46 ms  h_edges=502982
  NeighborhoodSlab: 108 threads × 2304 KB = 243 MB
  Batch 15 [1620,1728) done in 64 ms  h_edges=505082
  NeighborhoodSlab: 108 threads × 2304 KB = 243 MB
  Batch 16 [1728,1836) done in 63 ms  h_edges=506723
  NeighborhoodSlab: 108 threads × 2304 KB = 243 MB
  Batch 17 [1836,1944) done in 42 ms  h_edges=508739
  NeighborhoodSlab: 108 threads × 2304 KB = 243 MB
  Batch 18 [1944,2052) done in 42 ms  h_edges=510938
  NeighborhoodSlab: 108 threads × 2304 KB = 243 MB
  Batch 19 [2052,2160) done in 87 ms  h_edges=513225
  NeighborhoodSlab: 108 threads × 2304 KB = 243 MB
  Batch 20 [2160,2268) done in 42 ms  h_edges=515226
  NeighborhoodSlab: 108 threads × 2304 KB = 243 MB
  Batch 21 [2268,2376) done in 44 ms  h_edges=517628
  NeighborhoodSlab: 108 threads × 2304 KB = 243 MB
  Batch 22 [2376,2484) done in 54 ms  h_edges=520191
  NeighborhoodSlab: 108 threads × 2304 KB = 243 MB
  Batch 23 [2484,2592) done in 47 ms  h_edges=522229
  NeighborhoodSlab: 85 threads × 2304 KB = 191 MB
  Batch 24 [2592,2677) done in 35 ms  h_edges=523614
  DeviceGraph: fwd=469139 bwd=469139 edges
  Year 2022 total: 1982 ms  (pop: 270337)

--- Year 2023 (pop: 270337) ---
  Adding 2704 new papers
  DeviceGraph: fwd=469139 bwd=469139 edges
  Processing 2704 papers in 25 batches of ~109
  NeighborhoodSlab: 109 threads × 2304 KB = 245 MB
  Batch 0 [0,109) done in 47 ms  h_edges=525765
  NeighborhoodSlab: 109 threads × 2304 KB = 245 MB
  Batch 1 [109,218) done in 49 ms  h_edges=527890
  NeighborhoodSlab: 109 threads × 2304 KB = 245 MB
  Batch 2 [218,327) done in 50 ms  h_edges=529929
  NeighborhoodSlab: 109 threads × 2304 KB = 245 MB
  Batch 3 [327,436) done in 55 ms  h_edges=532233
  NeighborhoodSlab: 109 threads × 2304 KB = 245 MB
  Batch 4 [436,545) done in 46 ms  h_edges=534319
  NeighborhoodSlab: 109 threads × 2304 KB = 245 MB
  Batch 5 [545,654) done in 60 ms  h_edges=536353
  NeighborhoodSlab: 109 threads × 2304 KB = 245 MB
  Batch 6 [654,763) done in 52 ms  h_edges=538820
  NeighborhoodSlab: 109 threads × 2304 KB = 245 MB
  Batch 7 [763,872) done in 42 ms  h_edges=541649
  NeighborhoodSlab: 109 threads × 2304 KB = 245 MB
  Batch 8 [872,981) done in 53 ms  h_edges=543728
  NeighborhoodSlab: 109 threads × 2304 KB = 245 MB
  Batch 9 [981,1090) done in 56 ms  h_edges=545679
  NeighborhoodSlab: 109 threads × 2304 KB = 245 MB
  Batch 10 [1090,1199) done in 47 ms  h_edges=547367
  NeighborhoodSlab: 109 threads × 2304 KB = 245 MB
  Batch 11 [1199,1308) done in 57 ms  h_edges=549467
  NeighborhoodSlab: 109 threads × 2304 KB = 245 MB
  Batch 12 [1308,1417) done in 47 ms  h_edges=552224
  NeighborhoodSlab: 109 threads × 2304 KB = 245 MB
  Batch 13 [1417,1526) done in 46 ms  h_edges=554873
  NeighborhoodSlab: 109 threads × 2304 KB = 245 MB
  Batch 14 [1526,1635) done in 61 ms  h_edges=557764
  NeighborhoodSlab: 109 threads × 2304 KB = 245 MB
  Batch 15 [1635,1744) done in 61 ms  h_edges=560161
  NeighborhoodSlab: 109 threads × 2304 KB = 245 MB
  Batch 16 [1744,1853) done in 50 ms  h_edges=562562
  NeighborhoodSlab: 109 threads × 2304 KB = 245 MB
  Batch 17 [1853,1962) done in 79 ms  h_edges=564291
  NeighborhoodSlab: 109 threads × 2304 KB = 245 MB
  Batch 18 [1962,2071) done in 54 ms  h_edges=566677
  NeighborhoodSlab: 109 threads × 2304 KB = 245 MB
  Batch 19 [2071,2180) done in 70 ms  h_edges=568583
  NeighborhoodSlab: 109 threads × 2304 KB = 245 MB
  Batch 20 [2180,2289) done in 44 ms  h_edges=570709
  NeighborhoodSlab: 109 threads × 2304 KB = 245 MB
  Batch 21 [2289,2398) done in 48 ms  h_edges=572839
  NeighborhoodSlab: 109 threads × 2304 KB = 245 MB
  Batch 22 [2398,2507) done in 57 ms  h_edges=574956
  NeighborhoodSlab: 109 threads × 2304 KB = 245 MB
  Batch 23 [2507,2616) done in 53 ms  h_edges=576596
  NeighborhoodSlab: 88 threads × 2304 KB = 198 MB
  Batch 24 [2616,2704) done in 58 ms  h_edges=578519
  DeviceGraph: fwd=524044 bwd=524044 edges
  Year 2023 total: 1978 ms  (pop: 273041)

--- Year 2024 (pop: 273041) ---
  Adding 2731 new papers
  DeviceGraph: fwd=524044 bwd=524044 edges
  Processing 2731 papers in 25 batches of ~110
  NeighborhoodSlab: 110 threads × 2304 KB = 247 MB
  Batch 0 [0,110) done in 74 ms  h_edges=580590
  NeighborhoodSlab: 110 threads × 2304 KB = 247 MB
  Batch 1 [110,220) done in 53 ms  h_edges=583129
  NeighborhoodSlab: 110 threads × 2304 KB = 247 MB
  Batch 2 [220,330) done in 51 ms  h_edges=585397
  NeighborhoodSlab: 110 threads × 2304 KB = 247 MB
  Batch 3 [330,440) done in 49 ms  h_edges=587496
  NeighborhoodSlab: 110 threads × 2304 KB = 247 MB
  Batch 4 [440,550) done in 50 ms  h_edges=589745
  NeighborhoodSlab: 110 threads × 2304 KB = 247 MB
  Batch 5 [550,660) done in 63 ms  h_edges=591627
  NeighborhoodSlab: 110 threads × 2304 KB = 247 MB
  Batch 6 [660,770) done in 66 ms  h_edges=593731
  NeighborhoodSlab: 110 threads × 2304 KB = 247 MB
  Batch 7 [770,880) done in 149 ms  h_edges=595782
  NeighborhoodSlab: 110 threads × 2304 KB = 247 MB
  Batch 8 [880,990) done in 55 ms  h_edges=598116
  NeighborhoodSlab: 110 threads × 2304 KB = 247 MB
  Batch 9 [990,1100) done in 54 ms  h_edges=600462
  NeighborhoodSlab: 110 threads × 2304 KB = 247 MB
  Batch 10 [1100,1210) done in 58 ms  h_edges=602419
  NeighborhoodSlab: 110 threads × 2304 KB = 247 MB
  Batch 11 [1210,1320) done in 48 ms  h_edges=604548
  NeighborhoodSlab: 110 threads × 2304 KB = 247 MB
  Batch 12 [1320,1430) done in 57 ms  h_edges=606674
  NeighborhoodSlab: 110 threads × 2304 KB = 247 MB
  Batch 13 [1430,1540) done in 72 ms  h_edges=609025
  NeighborhoodSlab: 110 threads × 2304 KB = 247 MB
  Batch 14 [1540,1650) done in 51 ms  h_edges=611546
  NeighborhoodSlab: 110 threads × 2304 KB = 247 MB
  Batch 15 [1650,1760) done in 52 ms  h_edges=613814
  NeighborhoodSlab: 110 threads × 2304 KB = 247 MB
  Batch 16 [1760,1870) done in 53 ms  h_edges=616220
  NeighborhoodSlab: 110 threads × 2304 KB = 247 MB
  Batch 17 [1870,1980) done in 52 ms  h_edges=618358
  NeighborhoodSlab: 110 threads × 2304 KB = 247 MB
  Batch 18 [1980,2090) done in 81 ms  h_edges=620539
  NeighborhoodSlab: 110 threads × 2304 KB = 247 MB
  Batch 19 [2090,2200) done in 71 ms  h_edges=622763
  NeighborhoodSlab: 110 threads × 2304 KB = 247 MB
  Batch 20 [2200,2310) done in 49 ms  h_edges=624694
  NeighborhoodSlab: 110 threads × 2304 KB = 247 MB
  Batch 21 [2310,2420) done in 45 ms  h_edges=626890
  NeighborhoodSlab: 110 threads × 2304 KB = 247 MB
  Batch 22 [2420,2530) done in 43 ms  h_edges=629099
  NeighborhoodSlab: 110 threads × 2304 KB = 247 MB
  Batch 23 [2530,2640) done in 66 ms  h_edges=631130
  NeighborhoodSlab: 91 threads × 2304 KB = 204 MB
  Batch 24 [2640,2731) done in 58 ms  h_edges=633050
  DeviceGraph: fwd=578575 bwd=578575 edges
  Year 2024 total: 2269 ms  (pop: 275772)

--- Year 2025 (pop: 275772) ---
  Adding 2758 new papers
  DeviceGraph: fwd=578575 bwd=578575 edges
  Processing 2758 papers in 25 batches of ~111
  NeighborhoodSlab: 111 threads × 2304 KB = 249 MB
  Batch 0 [0,111) done in 51 ms  h_edges=635544
  NeighborhoodSlab: 111 threads × 2304 KB = 249 MB
  Batch 1 [111,222) done in 83 ms  h_edges=638080
  NeighborhoodSlab: 111 threads × 2304 KB = 249 MB
  Batch 2 [222,333) done in 72 ms  h_edges=640221
  NeighborhoodSlab: 111 threads × 2304 KB = 249 MB
  Batch 3 [333,444) done in 53 ms  h_edges=642085
  NeighborhoodSlab: 111 threads × 2304 KB = 249 MB
  Batch 4 [444,555) done in 49 ms  h_edges=644401
  NeighborhoodSlab: 111 threads × 2304 KB = 249 MB
  Batch 5 [555,666) done in 60 ms  h_edges=646594
  NeighborhoodSlab: 111 threads × 2304 KB = 249 MB
  Batch 6 [666,777) done in 58 ms  h_edges=648960
  NeighborhoodSlab: 111 threads × 2304 KB = 249 MB
  Batch 7 [777,888) done in 51 ms  h_edges=650660
  NeighborhoodSlab: 111 threads × 2304 KB = 249 MB
  Batch 8 [888,999) done in 73 ms  h_edges=652562
  NeighborhoodSlab: 111 threads × 2304 KB = 249 MB
  Batch 9 [999,1110) done in 51 ms  h_edges=655131
  NeighborhoodSlab: 111 threads × 2304 KB = 249 MB
  Batch 10 [1110,1221) done in 54 ms  h_edges=657136
  NeighborhoodSlab: 111 threads × 2304 KB = 249 MB
  Batch 11 [1221,1332) done in 73 ms  h_edges=659131
  NeighborhoodSlab: 111 threads × 2304 KB = 249 MB
  Batch 12 [1332,1443) done in 55 ms  h_edges=661505
  NeighborhoodSlab: 111 threads × 2304 KB = 249 MB
  Batch 13 [1443,1554) done in 53 ms  h_edges=664103
  NeighborhoodSlab: 111 threads × 2304 KB = 249 MB
  Batch 14 [1554,1665) done in 70 ms  h_edges=666200
  NeighborhoodSlab: 111 threads × 2304 KB = 249 MB
  Batch 15 [1665,1776) done in 70 ms  h_edges=669081
  NeighborhoodSlab: 111 threads × 2304 KB = 249 MB
  Batch 16 [1776,1887) done in 75 ms  h_edges=671037
  NeighborhoodSlab: 111 threads × 2304 KB = 249 MB
  Batch 17 [1887,1998) done in 55 ms  h_edges=673174
  NeighborhoodSlab: 111 threads × 2304 KB = 249 MB
  Batch 18 [1998,2109) done in 53 ms  h_edges=675161
  NeighborhoodSlab: 111 threads × 2304 KB = 249 MB
  Batch 19 [2109,2220) done in 56 ms  h_edges=676907
  NeighborhoodSlab: 111 threads × 2304 KB = 249 MB
  Batch 20 [2220,2331) done in 120 ms  h_edges=678872
  NeighborhoodSlab: 111 threads × 2304 KB = 249 MB
  Batch 21 [2331,2442) done in 72 ms  h_edges=681079
  NeighborhoodSlab: 111 threads × 2304 KB = 249 MB
  Batch 22 [2442,2553) done in 58 ms  h_edges=683087
  NeighborhoodSlab: 111 threads × 2304 KB = 249 MB
  Batch 23 [2553,2664) done in 63 ms  h_edges=685676
  NeighborhoodSlab: 94 threads × 2304 KB = 211 MB
  Batch 24 [2664,2758) done in 53 ms  h_edges=687763
  DeviceGraph: fwd=633288 bwd=633288 edges
  Year 2025 total: 2346 ms  (pop: 278530)

--- Year 2026 (pop: 278530) ---
  Adding 2786 new papers
  DeviceGraph: fwd=633288 bwd=633288 edges
  Processing 2786 papers in 25 batches of ~112
  NeighborhoodSlab: 112 threads × 2304 KB = 252 MB
  Batch 0 [0,112) done in 101 ms  h_edges=689771
  NeighborhoodSlab: 112 threads × 2304 KB = 252 MB
  Batch 1 [112,224) done in 83 ms  h_edges=691934
  NeighborhoodSlab: 112 threads × 2304 KB = 252 MB
  Batch 2 [224,336) done in 54 ms  h_edges=694391
  NeighborhoodSlab: 112 threads × 2304 KB = 252 MB
  Batch 3 [336,448) done in 68 ms  h_edges=696628
  NeighborhoodSlab: 112 threads × 2304 KB = 252 MB
  Batch 4 [448,560) done in 59 ms  h_edges=698577
  NeighborhoodSlab: 112 threads × 2304 KB = 252 MB
  Batch 5 [560,672) done in 54 ms  h_edges=700823
  NeighborhoodSlab: 112 threads × 2304 KB = 252 MB
  Batch 6 [672,784) done in 66 ms  h_edges=702823
  NeighborhoodSlab: 112 threads × 2304 KB = 252 MB
  Batch 7 [784,896) done in 66 ms  h_edges=704714
  NeighborhoodSlab: 112 threads × 2304 KB = 252 MB
  Batch 8 [896,1008) done in 77 ms  h_edges=706923
  NeighborhoodSlab: 112 threads × 2304 KB = 252 MB
  Batch 9 [1008,1120) done in 72 ms  h_edges=709629
  NeighborhoodSlab: 112 threads × 2304 KB = 252 MB
  Batch 10 [1120,1232) done in 56 ms  h_edges=711772
  NeighborhoodSlab: 112 threads × 2304 KB = 252 MB
  Batch 11 [1232,1344) done in 66 ms  h_edges=713886
  NeighborhoodSlab: 112 threads × 2304 KB = 252 MB
  Batch 12 [1344,1456) done in 48 ms  h_edges=715838
  NeighborhoodSlab: 112 threads × 2304 KB = 252 MB
  Batch 13 [1456,1568) done in 109 ms  h_edges=718441
  NeighborhoodSlab: 112 threads × 2304 KB = 252 MB
  Batch 14 [1568,1680) done in 66 ms  h_edges=720760
  NeighborhoodSlab: 112 threads × 2304 KB = 252 MB
  Batch 15 [1680,1792) done in 100 ms  h_edges=722880
  NeighborhoodSlab: 112 threads × 2304 KB = 252 MB
  Batch 16 [1792,1904) done in 55 ms  h_edges=725312
  NeighborhoodSlab: 112 threads × 2304 KB = 252 MB
  Batch 17 [1904,2016) done in 79 ms  h_edges=727535
  NeighborhoodSlab: 112 threads × 2304 KB = 252 MB
  Batch 18 [2016,2128) done in 63 ms  h_edges=729331
  NeighborhoodSlab: 112 threads × 2304 KB = 252 MB
  Batch 19 [2128,2240) done in 65 ms  h_edges=731265
  NeighborhoodSlab: 112 threads × 2304 KB = 252 MB
  Batch 20 [2240,2352) done in 67 ms  h_edges=733698
  NeighborhoodSlab: 112 threads × 2304 KB = 252 MB
  Batch 21 [2352,2464) done in 65 ms  h_edges=736089
  NeighborhoodSlab: 112 threads × 2304 KB = 252 MB
  Batch 22 [2464,2576) done in 60 ms  h_edges=738646
  NeighborhoodSlab: 112 threads × 2304 KB = 252 MB
  Batch 23 [2576,2688) done in 69 ms  h_edges=740522
  NeighborhoodSlab: 98 threads × 2304 KB = 220 MB
  Batch 24 [2688,2786) done in 66 ms  h_edges=742631
  DeviceGraph: fwd=688156 bwd=688156 edges
  Year 2026 total: 2554 ms  (pop: 281316)

--- Year 2027 (pop: 281316) ---
  Adding 2814 new papers
  DeviceGraph: fwd=688156 bwd=688156 edges
  Processing 2814 papers in 25 batches of ~113
  NeighborhoodSlab: 113 threads × 2304 KB = 254 MB
  Batch 0 [0,113) done in 72 ms  h_edges=744427
  NeighborhoodSlab: 113 threads × 2304 KB = 254 MB
  Batch 1 [113,226) done in 53 ms  h_edges=746118
  NeighborhoodSlab: 113 threads × 2304 KB = 254 MB
  Batch 2 [226,339) done in 60 ms  h_edges=748423
  NeighborhoodSlab: 113 threads × 2304 KB = 254 MB
  Batch 3 [339,452) done in 84 ms  h_edges=750476
  NeighborhoodSlab: 113 threads × 2304 KB = 254 MB
  Batch 4 [452,565) done in 84 ms  h_edges=752645
  NeighborhoodSlab: 113 threads × 2304 KB = 254 MB
  Batch 5 [565,678) done in 99 ms  h_edges=754628
  NeighborhoodSlab: 113 threads × 2304 KB = 254 MB
  Batch 6 [678,791) done in 58 ms  h_edges=757013
  NeighborhoodSlab: 113 threads × 2304 KB = 254 MB
  Batch 7 [791,904) done in 49 ms  h_edges=759140
  NeighborhoodSlab: 113 threads × 2304 KB = 254 MB
  Batch 8 [904,1017) done in 54 ms  h_edges=760986
  NeighborhoodSlab: 113 threads × 2304 KB = 254 MB
  Batch 9 [1017,1130) done in 85 ms  h_edges=763247
  NeighborhoodSlab: 113 threads × 2304 KB = 254 MB
  Batch 10 [1130,1243) done in 64 ms  h_edges=765557
  NeighborhoodSlab: 113 threads × 2304 KB = 254 MB
  Batch 11 [1243,1356) done in 73 ms  h_edges=767782
  NeighborhoodSlab: 113 threads × 2304 KB = 254 MB
  Batch 12 [1356,1469) done in 54 ms  h_edges=769795
  NeighborhoodSlab: 113 threads × 2304 KB = 254 MB
  Batch 13 [1469,1582) done in 76 ms  h_edges=771861
  NeighborhoodSlab: 113 threads × 2304 KB = 254 MB
  Batch 14 [1582,1695) done in 54 ms  h_edges=773718
  NeighborhoodSlab: 113 threads × 2304 KB = 254 MB
  Batch 15 [1695,1808) done in 78 ms  h_edges=775839
  NeighborhoodSlab: 113 threads × 2304 KB = 254 MB
  Batch 16 [1808,1921) done in 60 ms  h_edges=777454
  NeighborhoodSlab: 113 threads × 2304 KB = 254 MB
  Batch 17 [1921,2034) done in 75 ms  h_edges=779914
  NeighborhoodSlab: 113 threads × 2304 KB = 254 MB
  Batch 18 [2034,2147) done in 70 ms  h_edges=782276
  NeighborhoodSlab: 113 threads × 2304 KB = 254 MB
  Batch 19 [2147,2260) done in 66 ms  h_edges=784951
  NeighborhoodSlab: 113 threads × 2304 KB = 254 MB
  Batch 20 [2260,2373) done in 54 ms  h_edges=787410
  NeighborhoodSlab: 113 threads × 2304 KB = 254 MB
  Batch 21 [2373,2486) done in 75 ms  h_edges=789399
  NeighborhoodSlab: 113 threads × 2304 KB = 254 MB
  Batch 22 [2486,2599) done in 64 ms  h_edges=792179
  NeighborhoodSlab: 113 threads × 2304 KB = 254 MB
  Batch 23 [2599,2712) done in 61 ms  h_edges=794408
  NeighborhoodSlab: 102 threads × 2304 KB = 229 MB
  Batch 24 [2712,2814) done in 58 ms  h_edges=796444
  DeviceGraph: fwd=741969 bwd=741969 edges
  Year 2027 total: 2580 ms  (pop: 284130)

--- Year 2028 (pop: 284130) ---
  Adding 2842 new papers
  DeviceGraph: fwd=741969 bwd=741969 edges
  Processing 2842 papers in 25 batches of ~114
  NeighborhoodSlab: 114 threads × 2304 KB = 256 MB
  Batch 0 [0,114) done in 69 ms  h_edges=798696
  NeighborhoodSlab: 114 threads × 2304 KB = 256 MB
  Batch 1 [114,228) done in 67 ms  h_edges=801002
  NeighborhoodSlab: 114 threads × 2304 KB = 256 MB
  Batch 2 [228,342) done in 86 ms  h_edges=802903
  NeighborhoodSlab: 114 threads × 2304 KB = 256 MB
  Batch 3 [342,456) done in 83 ms  h_edges=805129
  NeighborhoodSlab: 114 threads × 2304 KB = 256 MB
  Batch 4 [456,570) done in 86 ms  h_edges=807087
  NeighborhoodSlab: 114 threads × 2304 KB = 256 MB
  Batch 5 [570,684) done in 71 ms  h_edges=809272
  NeighborhoodSlab: 114 threads × 2304 KB = 256 MB
  Batch 6 [684,798) done in 54 ms  h_edges=811575
  NeighborhoodSlab: 114 threads × 2304 KB = 256 MB
  Batch 7 [798,912) done in 65 ms  h_edges=814024
  NeighborhoodSlab: 114 threads × 2304 KB = 256 MB
  Batch 8 [912,1026) done in 52 ms  h_edges=815730
  NeighborhoodSlab: 114 threads × 2304 KB = 256 MB
  Batch 9 [1026,1140) done in 57 ms  h_edges=817676
  NeighborhoodSlab: 114 threads × 2304 KB = 256 MB
  Batch 10 [1140,1254) done in 108 ms  h_edges=820315
  NeighborhoodSlab: 114 threads × 2304 KB = 256 MB
  Batch 11 [1254,1368) done in 58 ms  h_edges=822251
  NeighborhoodSlab: 114 threads × 2304 KB = 256 MB
  Batch 12 [1368,1482) done in 61 ms  h_edges=824586
  NeighborhoodSlab: 114 threads × 2304 KB = 256 MB
  Batch 13 [1482,1596) done in 68 ms  h_edges=826675
  NeighborhoodSlab: 114 threads × 2304 KB = 256 MB
  Batch 14 [1596,1710) done in 93 ms  h_edges=828723
  NeighborhoodSlab: 114 threads × 2304 KB = 256 MB
  Batch 15 [1710,1824) done in 118 ms  h_edges=830675
  NeighborhoodSlab: 114 threads × 2304 KB = 256 MB
  Batch 16 [1824,1938) done in 74 ms  h_edges=833136
  NeighborhoodSlab: 114 threads × 2304 KB = 256 MB
  Batch 17 [1938,2052) done in 63 ms  h_edges=835372
  NeighborhoodSlab: 114 threads × 2304 KB = 256 MB
  Batch 18 [2052,2166) done in 78 ms  h_edges=837360
  NeighborhoodSlab: 114 threads × 2304 KB = 256 MB
  Batch 19 [2166,2280) done in 63 ms  h_edges=839334
  NeighborhoodSlab: 114 threads × 2304 KB = 256 MB
  Batch 20 [2280,2394) done in 76 ms  h_edges=841378
  NeighborhoodSlab: 114 threads × 2304 KB = 256 MB
  Batch 21 [2394,2508) done in 77 ms  h_edges=843454
  NeighborhoodSlab: 114 threads × 2304 KB = 256 MB
  Batch 22 [2508,2622) done in 61 ms  h_edges=845993
  NeighborhoodSlab: 114 threads × 2304 KB = 256 MB
  Batch 23 [2622,2736) done in 66 ms  h_edges=848992
  NeighborhoodSlab: 106 threads × 2304 KB = 238 MB
  Batch 24 [2736,2842) done in 66 ms  h_edges=851335
  DeviceGraph: fwd=796860 bwd=796860 edges
  Year 2028 total: 2833 ms  (pop: 286972)

--- Year 2029 (pop: 286972) ---
  Adding 2870 new papers
  DeviceGraph: fwd=796860 bwd=796860 edges
  Processing 2870 papers in 25 batches of ~115
  NeighborhoodSlab: 115 threads × 2304 KB = 258 MB
  Batch 0 [0,115) done in 80 ms  h_edges=853461
  NeighborhoodSlab: 115 threads × 2304 KB = 258 MB
  Batch 1 [115,230) done in 74 ms  h_edges=855535
  NeighborhoodSlab: 115 threads × 2304 KB = 258 MB
  Batch 2 [230,345) done in 79 ms  h_edges=857718
  NeighborhoodSlab: 115 threads × 2304 KB = 258 MB
  Batch 3 [345,460) done in 85 ms  h_edges=859681
  NeighborhoodSlab: 115 threads × 2304 KB = 258 MB
  Batch 4 [460,575) done in 75 ms  h_edges=862143
  NeighborhoodSlab: 115 threads × 2304 KB = 258 MB
  Batch 5 [575,690) done in 68 ms  h_edges=864756
  NeighborhoodSlab: 115 threads × 2304 KB = 258 MB
  Batch 6 [690,805) done in 69 ms  h_edges=866939
  NeighborhoodSlab: 115 threads × 2304 KB = 258 MB
  Batch 7 [805,920) done in 69 ms  h_edges=868995
  NeighborhoodSlab: 115 threads × 2304 KB = 258 MB
  Batch 8 [920,1035) done in 99 ms  h_edges=871268
  NeighborhoodSlab: 115 threads × 2304 KB = 258 MB
  Batch 9 [1035,1150) done in 66 ms  h_edges=873678
  NeighborhoodSlab: 115 threads × 2304 KB = 258 MB
  Batch 10 [1150,1265) done in 70 ms  h_edges=875749
  NeighborhoodSlab: 115 threads × 2304 KB = 258 MB
  Batch 11 [1265,1380) done in 78 ms  h_edges=877788
  NeighborhoodSlab: 115 threads × 2304 KB = 258 MB
  Batch 12 [1380,1495) done in 88 ms  h_edges=879640
  NeighborhoodSlab: 115 threads × 2304 KB = 258 MB
  Batch 13 [1495,1610) done in 108 ms  h_edges=881867
  NeighborhoodSlab: 115 threads × 2304 KB = 258 MB
  Batch 14 [1610,1725) done in 76 ms  h_edges=884012
  NeighborhoodSlab: 115 threads × 2304 KB = 258 MB
  Batch 15 [1725,1840) done in 149 ms  h_edges=885730
  NeighborhoodSlab: 115 threads × 2304 KB = 258 MB
  Batch 16 [1840,1955) done in 130 ms  h_edges=888006
  NeighborhoodSlab: 115 threads × 2304 KB = 258 MB
  Batch 17 [1955,2070) done in 95 ms  h_edges=890448
  NeighborhoodSlab: 115 threads × 2304 KB = 258 MB
  Batch 18 [2070,2185) done in 83 ms  h_edges=892426
  NeighborhoodSlab: 115 threads × 2304 KB = 258 MB
  Batch 19 [2185,2300) done in 62 ms  h_edges=894601
  NeighborhoodSlab: 115 threads × 2304 KB = 258 MB
  Batch 20 [2300,2415) done in 70 ms  h_edges=897495
  NeighborhoodSlab: 115 threads × 2304 KB = 258 MB
  Batch 21 [2415,2530) done in 111 ms  h_edges=899843
  NeighborhoodSlab: 115 threads × 2304 KB = 258 MB
  Batch 22 [2530,2645) done in 96 ms  h_edges=902220
  NeighborhoodSlab: 115 threads × 2304 KB = 258 MB
  Batch 23 [2645,2760) done in 93 ms  h_edges=904095
  NeighborhoodSlab: 110 threads × 2304 KB = 247 MB
  Batch 24 [2760,2870) done in 70 ms  h_edges=906502
  DeviceGraph: fwd=852027 bwd=852027 edges
  Year 2029 total: 3171 ms  (pop: 289842)

--- Year 2030 (pop: 289842) ---
  Adding 2899 new papers
  DeviceGraph: fwd=852027 bwd=852027 edges
  Processing 2899 papers in 25 batches of ~116
  NeighborhoodSlab: 116 threads × 2304 KB = 261 MB
  Batch 0 [0,116) done in 90 ms  h_edges=908731
  NeighborhoodSlab: 116 threads × 2304 KB = 261 MB
  Batch 1 [116,232) done in 106 ms  h_edges=911218
  NeighborhoodSlab: 116 threads × 2304 KB = 261 MB
  Batch 2 [232,348) done in 66 ms  h_edges=913598
  NeighborhoodSlab: 116 threads × 2304 KB = 261 MB
  Batch 3 [348,464) done in 82 ms  h_edges=915533
  NeighborhoodSlab: 116 threads × 2304 KB = 261 MB
  Batch 4 [464,580) done in 74 ms  h_edges=917949
  NeighborhoodSlab: 116 threads × 2304 KB = 261 MB
  Batch 5 [580,696) done in 105 ms  h_edges=920550
  NeighborhoodSlab: 116 threads × 2304 KB = 261 MB
  Batch 6 [696,812) done in 115 ms  h_edges=922678
  NeighborhoodSlab: 116 threads × 2304 KB = 261 MB
  Batch 7 [812,928) done in 145 ms  h_edges=924986
  NeighborhoodSlab: 116 threads × 2304 KB = 261 MB
  Batch 8 [928,1044) done in 72 ms  h_edges=927641
  NeighborhoodSlab: 116 threads × 2304 KB = 261 MB
  Batch 9 [1044,1160) done in 69 ms  h_edges=929964
  NeighborhoodSlab: 116 threads × 2304 KB = 261 MB
  Batch 10 [1160,1276) done in 87 ms  h_edges=932140
  NeighborhoodSlab: 116 threads × 2304 KB = 261 MB
  Batch 11 [1276,1392) done in 129 ms  h_edges=934226
  NeighborhoodSlab: 116 threads × 2304 KB = 261 MB
  Batch 12 [1392,1508) done in 62 ms  h_edges=936237
  NeighborhoodSlab: 116 threads × 2304 KB = 261 MB
  Batch 13 [1508,1624) done in 84 ms  h_edges=938185
  NeighborhoodSlab: 116 threads × 2304 KB = 261 MB
  Batch 14 [1624,1740) done in 82 ms  h_edges=940699
  NeighborhoodSlab: 116 threads × 2304 KB = 261 MB
  Batch 15 [1740,1856) done in 83 ms  h_edges=943100
  NeighborhoodSlab: 116 threads × 2304 KB = 261 MB
  Batch 16 [1856,1972) done in 91 ms  h_edges=945420
  NeighborhoodSlab: 116 threads × 2304 KB = 261 MB
  Batch 17 [1972,2088) done in 96 ms  h_edges=947911
  NeighborhoodSlab: 116 threads × 2304 KB = 261 MB
  Batch 18 [2088,2204) done in 82 ms  h_edges=949833
  NeighborhoodSlab: 116 threads × 2304 KB = 261 MB
  Batch 19 [2204,2320) done in 125 ms  h_edges=951762
  NeighborhoodSlab: 116 threads × 2304 KB = 261 MB
  Batch 20 [2320,2436) done in 94 ms  h_edges=953475
  NeighborhoodSlab: 116 threads × 2304 KB = 261 MB
  Batch 21 [2436,2552) done in 92 ms  h_edges=955297
  NeighborhoodSlab: 116 threads × 2304 KB = 261 MB
  Batch 22 [2552,2668) done in 92 ms  h_edges=957231
  NeighborhoodSlab: 116 threads × 2304 KB = 261 MB
  Batch 23 [2668,2784) done in 96 ms  h_edges=959660
  NeighborhoodSlab: 115 threads × 2304 KB = 258 MB
  Batch 24 [2784,2899) done in 78 ms  h_edges=961981
  DeviceGraph: fwd=907506 bwd=907506 edges
  Year 2030 total: 3395 ms  (pop: 292741)

=== Simulation Complete ===
Total: 24 s  Final pop: 292741

=== Exporting Results ===
Edges saved: ./output/10y/mass_cuda-eu-static-output-10y-1p.edgelist (961981)
Attributes saved: ./output/10y/mass_cuda-eu-static-output-10y-1p.aux (292741 rows)

Done.

real	0m27.617s
user	0m26.607s
sys	0m0.920s
Running growth rate 1% for 10 years.
./output/10y/mass_cuda-yutb-static-output-10y-1p.edgelist
./output/10y/mass_cuda-yutb-static-output-10y-1p.aux
Citation Network ABM – MASS CUDA
=================================

Out-degree bag: 3980408 entries
Recency probs:  356 entries
BFS batches:    25 per year

=== Initializing Citation ABM ===

Inside parseNodelist...
Populating continuous node mappings (1134890 nodes)...
parseNodelist done in 1102 ms (1134890 nodes)

Inside parseEdgelist...
parseEdgelist done in 260 ms (2987624 edges)
Seed max year: 2026  → simulation starts at 2027
Max population: 1255630
Seed population: 1134890 papers
  DeviceGraph: fwd=2987624 bwd=2987624 edges
Initialization complete


=== Simulation Start ===

--- Year 2027 (pop: 1134890) ---
  Adding 11349 new papers
  DeviceGraph: fwd=2987624 bwd=2987624 edges
  Processing 11349 papers in 25 batches of ~454
  NeighborhoodSlab: 454 threads × 2304 KB = 1021 MB
  Batch 0 [0,454) done in 146 ms  h_edges=2996840
  NeighborhoodSlab: 454 threads × 2304 KB = 1021 MB
  Batch 1 [454,908) done in 188 ms  h_edges=3005545
  NeighborhoodSlab: 454 threads × 2304 KB = 1021 MB
  Batch 2 [908,1362) done in 140 ms  h_edges=3014428
  NeighborhoodSlab: 454 threads × 2304 KB = 1021 MB
  Batch 3 [1362,1816) done in 129 ms  h_edges=3023483
  NeighborhoodSlab: 454 threads × 2304 KB = 1021 MB
  Batch 4 [1816,2270) done in 143 ms  h_edges=3033853
  NeighborhoodSlab: 454 threads × 2304 KB = 1021 MB
  Batch 5 [2270,2724) done in 162 ms  h_edges=3042820
  NeighborhoodSlab: 454 threads × 2304 KB = 1021 MB
  Batch 6 [2724,3178) done in 165 ms  h_edges=3052531
  NeighborhoodSlab: 454 threads × 2304 KB = 1021 MB
  Batch 7 [3178,3632) done in 137 ms  h_edges=3060870
  NeighborhoodSlab: 454 threads × 2304 KB = 1021 MB
  Batch 8 [3632,4086) done in 167 ms  h_edges=3068900
  NeighborhoodSlab: 454 threads × 2304 KB = 1021 MB
  Batch 9 [4086,4540) done in 136 ms  h_edges=3078041
  NeighborhoodSlab: 454 threads × 2304 KB = 1021 MB
  Batch 10 [4540,4994) done in 149 ms  h_edges=3086720
  NeighborhoodSlab: 454 threads × 2304 KB = 1021 MB
  Batch 11 [4994,5448) done in 174 ms  h_edges=3095968
  NeighborhoodSlab: 454 threads × 2304 KB = 1021 MB
  Batch 12 [5448,5902) done in 207 ms  h_edges=3104398
  NeighborhoodSlab: 454 threads × 2304 KB = 1021 MB
  Batch 13 [5902,6356) done in 149 ms  h_edges=3112569
  NeighborhoodSlab: 454 threads × 2304 KB = 1021 MB
  Batch 14 [6356,6810) done in 149 ms  h_edges=3122274
  NeighborhoodSlab: 454 threads × 2304 KB = 1021 MB
  Batch 15 [6810,7264) done in 142 ms  h_edges=3131457
  NeighborhoodSlab: 454 threads × 2304 KB = 1021 MB
  Batch 16 [7264,7718) done in 150 ms  h_edges=3140412
  NeighborhoodSlab: 454 threads × 2304 KB = 1021 MB
  Batch 17 [7718,8172) done in 153 ms  h_edges=3149033
  NeighborhoodSlab: 454 threads × 2304 KB = 1021 MB
  Batch 18 [8172,8626) done in 135 ms  h_edges=3157983
  NeighborhoodSlab: 454 threads × 2304 KB = 1021 MB
  Batch 19 [8626,9080) done in 180 ms  h_edges=3166715
  NeighborhoodSlab: 454 threads × 2304 KB = 1021 MB
  Batch 20 [9080,9534) done in 146 ms  h_edges=3175745
  NeighborhoodSlab: 454 threads × 2304 KB = 1021 MB
  Batch 21 [9534,9988) done in 144 ms  h_edges=3184262
  NeighborhoodSlab: 454 threads × 2304 KB = 1021 MB
  Batch 22 [9988,10442) done in 135 ms  h_edges=3192464
  NeighborhoodSlab: 454 threads × 2304 KB = 1021 MB
  Batch 23 [10442,10896) done in 169 ms  h_edges=3202115
  NeighborhoodSlab: 453 threads × 2304 KB = 1019 MB
  Batch 24 [10896,11349) done in 166 ms  h_edges=3209980
  DeviceGraph: fwd=3209980 bwd=3209980 edges
  Year 2027 total: 9102 ms  (pop: 1146239)

--- Year 2028 (pop: 1146239) ---
  Adding 11463 new papers
  DeviceGraph: fwd=3209980 bwd=3209980 edges
  Processing 11463 papers in 25 batches of ~459
  NeighborhoodSlab: 459 threads × 2304 KB = 1032 MB
  Batch 0 [0,459) done in 181 ms  h_edges=3217842
  NeighborhoodSlab: 459 threads × 2304 KB = 1032 MB
  Batch 1 [459,918) done in 152 ms  h_edges=3227081
  NeighborhoodSlab: 459 threads × 2304 KB = 1032 MB
  Batch 2 [918,1377) done in 155 ms  h_edges=3236451
  NeighborhoodSlab: 459 threads × 2304 KB = 1032 MB
  Batch 3 [1377,1836) done in 158 ms  h_edges=3246478
  NeighborhoodSlab: 459 threads × 2304 KB = 1032 MB
  Batch 4 [1836,2295) done in 218 ms  h_edges=3256727
  NeighborhoodSlab: 459 threads × 2304 KB = 1032 MB
  Batch 5 [2295,2754) done in 151 ms  h_edges=3265160
  NeighborhoodSlab: 459 threads × 2304 KB = 1032 MB
  Batch 6 [2754,3213) done in 143 ms  h_edges=3275209
  NeighborhoodSlab: 459 threads × 2304 KB = 1032 MB
  Batch 7 [3213,3672) done in 169 ms  h_edges=3283774
  NeighborhoodSlab: 459 threads × 2304 KB = 1032 MB
  Batch 8 [3672,4131) done in 164 ms  h_edges=3292781
  NeighborhoodSlab: 459 threads × 2304 KB = 1032 MB
  Batch 9 [4131,4590) done in 153 ms  h_edges=3302325
  NeighborhoodSlab: 459 threads × 2304 KB = 1032 MB
  Batch 10 [4590,5049) done in 202 ms  h_edges=3311777
  NeighborhoodSlab: 459 threads × 2304 KB = 1032 MB
  Batch 11 [5049,5508) done in 159 ms  h_edges=3319866
  NeighborhoodSlab: 459 threads × 2304 KB = 1032 MB
  Batch 12 [5508,5967) done in 219 ms  h_edges=3329848
  NeighborhoodSlab: 459 threads × 2304 KB = 1032 MB
  Batch 13 [5967,6426) done in 187 ms  h_edges=3338724
  NeighborhoodSlab: 459 threads × 2304 KB = 1032 MB
  Batch 14 [6426,6885) done in 161 ms  h_edges=3348408
  NeighborhoodSlab: 459 threads × 2304 KB = 1032 MB
  Batch 15 [6885,7344) done in 209 ms  h_edges=3357622
  NeighborhoodSlab: 459 threads × 2304 KB = 1032 MB
  Batch 16 [7344,7803) done in 132 ms  h_edges=3366720
  NeighborhoodSlab: 459 threads × 2304 KB = 1032 MB
  Batch 17 [7803,8262) done in 170 ms  h_edges=3375460
  NeighborhoodSlab: 459 threads × 2304 KB = 1032 MB
  Batch 18 [8262,8721) done in 161 ms  h_edges=3384388
  NeighborhoodSlab: 459 threads × 2304 KB = 1032 MB
  Batch 19 [8721,9180) done in 188 ms  h_edges=3392560
  NeighborhoodSlab: 459 threads × 2304 KB = 1032 MB
  Batch 20 [9180,9639) done in 159 ms  h_edges=3400946
  NeighborhoodSlab: 459 threads × 2304 KB = 1032 MB
  Batch 21 [9639,10098) done in 194 ms  h_edges=3408657
  NeighborhoodSlab: 459 threads × 2304 KB = 1032 MB
  Batch 22 [10098,10557) done in 162 ms  h_edges=3417290
  NeighborhoodSlab: 459 threads × 2304 KB = 1032 MB
  Batch 23 [10557,11016) done in 133 ms  h_edges=3426921
  NeighborhoodSlab: 447 threads × 2304 KB = 1005 MB
  Batch 24 [11016,11463) done in 169 ms  h_edges=3436542
  DeviceGraph: fwd=3436542 bwd=3436542 edges
  Year 2028 total: 9788 ms  (pop: 1157702)

--- Year 2029 (pop: 1157702) ---
  Adding 11578 new papers
  DeviceGraph: fwd=3436542 bwd=3436542 edges
  Processing 11578 papers in 25 batches of ~464
  NeighborhoodSlab: 464 threads × 2304 KB = 1044 MB
  Batch 0 [0,464) done in 167 ms  h_edges=3445741
  NeighborhoodSlab: 464 threads × 2304 KB = 1044 MB
  Batch 1 [464,928) done in 145 ms  h_edges=3455337
  NeighborhoodSlab: 464 threads × 2304 KB = 1044 MB
  Batch 2 [928,1392) done in 175 ms  h_edges=3465318
  NeighborhoodSlab: 464 threads × 2304 KB = 1044 MB
  Batch 3 [1392,1856) done in 156 ms  h_edges=3474077
  NeighborhoodSlab: 464 threads × 2304 KB = 1044 MB
  Batch 4 [1856,2320) done in 294 ms  h_edges=3483523
  NeighborhoodSlab: 464 threads × 2304 KB = 1044 MB
  Batch 5 [2320,2784) done in 177 ms  h_edges=3493910
  NeighborhoodSlab: 464 threads × 2304 KB = 1044 MB
  Batch 6 [2784,3248) done in 189 ms  h_edges=3502839
  NeighborhoodSlab: 464 threads × 2304 KB = 1044 MB
  Batch 7 [3248,3712) done in 170 ms  h_edges=3512015
  NeighborhoodSlab: 464 threads × 2304 KB = 1044 MB
  Batch 8 [3712,4176) done in 153 ms  h_edges=3521430
  NeighborhoodSlab: 464 threads × 2304 KB = 1044 MB
  Batch 9 [4176,4640) done in 159 ms  h_edges=3530349
  NeighborhoodSlab: 464 threads × 2304 KB = 1044 MB
  Batch 10 [4640,5104) done in 157 ms  h_edges=3539551
  NeighborhoodSlab: 464 threads × 2304 KB = 1044 MB
  Batch 11 [5104,5568) done in 178 ms  h_edges=3549458
  NeighborhoodSlab: 464 threads × 2304 KB = 1044 MB
  Batch 12 [5568,6032) done in 166 ms  h_edges=3558787
  NeighborhoodSlab: 464 threads × 2304 KB = 1044 MB
  Batch 13 [6032,6496) done in 191 ms  h_edges=3567275
  NeighborhoodSlab: 464 threads × 2304 KB = 1044 MB
  Batch 14 [6496,6960) done in 164 ms  h_edges=3576902
  NeighborhoodSlab: 464 threads × 2304 KB = 1044 MB
  Batch 15 [6960,7424) done in 222 ms  h_edges=3585520
  NeighborhoodSlab: 464 threads × 2304 KB = 1044 MB
  Batch 16 [7424,7888) done in 211 ms  h_edges=3594885
  NeighborhoodSlab: 464 threads × 2304 KB = 1044 MB
  Batch 17 [7888,8352) done in 252 ms  h_edges=3604285
  NeighborhoodSlab: 464 threads × 2304 KB = 1044 MB
  Batch 18 [8352,8816) done in 215 ms  h_edges=3613395
  NeighborhoodSlab: 464 threads × 2304 KB = 1044 MB
  Batch 19 [8816,9280) done in 176 ms  h_edges=3622376
  NeighborhoodSlab: 464 threads × 2304 KB = 1044 MB
  Batch 20 [9280,9744) done in 158 ms  h_edges=3631475
  NeighborhoodSlab: 464 threads × 2304 KB = 1044 MB
  Batch 21 [9744,10208) done in 173 ms  h_edges=3640731
  NeighborhoodSlab: 464 threads × 2304 KB = 1044 MB
  Batch 22 [10208,10672) done in 192 ms  h_edges=3650327
  NeighborhoodSlab: 464 threads × 2304 KB = 1044 MB
  Batch 23 [10672,11136) done in 185 ms  h_edges=3660413
  NeighborhoodSlab: 442 threads × 2304 KB = 994 MB
  Batch 24 [11136,11578) done in 162 ms  h_edges=3668700
  DeviceGraph: fwd=3668700 bwd=3668700 edges
  Year 2029 total: 10414 ms  (pop: 1169280)

--- Year 2030 (pop: 1169280) ---
  Adding 11693 new papers
  DeviceGraph: fwd=3668700 bwd=3668700 edges
  Processing 11693 papers in 25 batches of ~468
  NeighborhoodSlab: 468 threads × 2304 KB = 1053 MB
  Batch 0 [0,468) done in 165 ms  h_edges=3678751
  NeighborhoodSlab: 468 threads × 2304 KB = 1053 MB
  Batch 1 [468,936) done in 178 ms  h_edges=3687818
  NeighborhoodSlab: 468 threads × 2304 KB = 1053 MB
  Batch 2 [936,1404) done in 208 ms  h_edges=3696822
  NeighborhoodSlab: 468 threads × 2304 KB = 1053 MB
  Batch 3 [1404,1872) done in 207 ms  h_edges=3706483
  NeighborhoodSlab: 468 threads × 2304 KB = 1053 MB
  Batch 4 [1872,2340) done in 193 ms  h_edges=3714939
  NeighborhoodSlab: 468 threads × 2304 KB = 1053 MB
  Batch 5 [2340,2808) done in 163 ms  h_edges=3724202
  NeighborhoodSlab: 468 threads × 2304 KB = 1053 MB
  Batch 6 [2808,3276) done in 173 ms  h_edges=3733576
  NeighborhoodSlab: 468 threads × 2304 KB = 1053 MB
  Batch 7 [3276,3744) done in 226 ms  h_edges=3741878
  NeighborhoodSlab: 468 threads × 2304 KB = 1053 MB
  Batch 8 [3744,4212) done in 258 ms  h_edges=3750881
  NeighborhoodSlab: 468 threads × 2304 KB = 1053 MB
  Batch 9 [4212,4680) done in 186 ms  h_edges=3759603
  NeighborhoodSlab: 468 threads × 2304 KB = 1053 MB
  Batch 10 [4680,5148) done in 198 ms  h_edges=3769287
  NeighborhoodSlab: 468 threads × 2304 KB = 1053 MB
  Batch 11 [5148,5616) done in 205 ms  h_edges=3779518
  NeighborhoodSlab: 468 threads × 2304 KB = 1053 MB
  Batch 12 [5616,6084) done in 213 ms  h_edges=3788324
  NeighborhoodSlab: 468 threads × 2304 KB = 1053 MB
  Batch 13 [6084,6552) done in 193 ms  h_edges=3797980
  NeighborhoodSlab: 468 threads × 2304 KB = 1053 MB
  Batch 14 [6552,7020) done in 202 ms  h_edges=3807921
  NeighborhoodSlab: 468 threads × 2304 KB = 1053 MB
  Batch 15 [7020,7488) done in 227 ms  h_edges=3817160
  NeighborhoodSlab: 468 threads × 2304 KB = 1053 MB
  Batch 16 [7488,7956) done in 201 ms  h_edges=3826189
  NeighborhoodSlab: 468 threads × 2304 KB = 1053 MB
  Batch 17 [7956,8424) done in 182 ms  h_edges=3834758
  NeighborhoodSlab: 468 threads × 2304 KB = 1053 MB
  Batch 18 [8424,8892) done in 237 ms  h_edges=3844148
  NeighborhoodSlab: 468 threads × 2304 KB = 1053 MB
  Batch 19 [8892,9360) done in 198 ms  h_edges=3853119
  NeighborhoodSlab: 468 threads × 2304 KB = 1053 MB
  Batch 20 [9360,9828) done in 196 ms  h_edges=3862802
  NeighborhoodSlab: 468 threads × 2304 KB = 1053 MB
  Batch 21 [9828,10296) done in 205 ms  h_edges=3872232
  NeighborhoodSlab: 468 threads × 2304 KB = 1053 MB
  Batch 22 [10296,10764) done in 149 ms  h_edges=3881975
  NeighborhoodSlab: 468 threads × 2304 KB = 1053 MB
  Batch 23 [10764,11232) done in 227 ms  h_edges=3891784
  NeighborhoodSlab: 461 threads × 2304 KB = 1037 MB
  Batch 24 [11232,11693) done in 174 ms  h_edges=3900854
  DeviceGraph: fwd=3900854 bwd=3900854 edges
  Year 2030 total: 11400 ms  (pop: 1180973)

--- Year 2031 (pop: 1180973) ---
  Adding 11810 new papers
  DeviceGraph: fwd=3900854 bwd=3900854 edges
  Processing 11810 papers in 25 batches of ~473
  NeighborhoodSlab: 473 threads × 2304 KB = 1064 MB
  Batch 0 [0,473) done in 206 ms  h_edges=3910586
  NeighborhoodSlab: 473 threads × 2304 KB = 1064 MB
  Batch 1 [473,946) done in 262 ms  h_edges=3920248
  NeighborhoodSlab: 473 threads × 2304 KB = 1064 MB
  Batch 2 [946,1419) done in 257 ms  h_edges=3929927
  NeighborhoodSlab: 473 threads × 2304 KB = 1064 MB
  Batch 3 [1419,1892) done in 332 ms  h_edges=3939755
  NeighborhoodSlab: 473 threads × 2304 KB = 1064 MB
  Batch 4 [1892,2365) done in 229 ms  h_edges=3948388
  NeighborhoodSlab: 473 threads × 2304 KB = 1064 MB
  Batch 5 [2365,2838) done in 272 ms  h_edges=3958127
  NeighborhoodSlab: 473 threads × 2304 KB = 1064 MB
  Batch 6 [2838,3311) done in 239 ms  h_edges=3966731
  NeighborhoodSlab: 473 threads × 2304 KB = 1064 MB
  Batch 7 [3311,3784) done in 271 ms  h_edges=3975385
  NeighborhoodSlab: 473 threads × 2304 KB = 1064 MB
  Batch 8 [3784,4257) done in 220 ms  h_edges=3984046
  NeighborhoodSlab: 473 threads × 2304 KB = 1064 MB
  Batch 9 [4257,4730) done in 284 ms  h_edges=3993181
  NeighborhoodSlab: 473 threads × 2304 KB = 1064 MB
  Batch 10 [4730,5203) done in 216 ms  h_edges=4003060
  NeighborhoodSlab: 473 threads × 2304 KB = 1064 MB
  Batch 11 [5203,5676) done in 255 ms  h_edges=4012183
  NeighborhoodSlab: 473 threads × 2304 KB = 1064 MB
  Batch 12 [5676,6149) done in 212 ms  h_edges=4020315
  NeighborhoodSlab: 473 threads × 2304 KB = 1064 MB
  Batch 13 [6149,6622) done in 214 ms  h_edges=4029716
  NeighborhoodSlab: 473 threads × 2304 KB = 1064 MB
  Batch 14 [6622,7095) done in 208 ms  h_edges=4039819
  NeighborhoodSlab: 473 threads × 2304 KB = 1064 MB
  Batch 15 [7095,7568) done in 203 ms  h_edges=4049416
  NeighborhoodSlab: 473 threads × 2304 KB = 1064 MB
  Batch 16 [7568,8041) done in 223 ms  h_edges=4058119
  NeighborhoodSlab: 473 threads × 2304 KB = 1064 MB
  Batch 17 [8041,8514) done in 217 ms  h_edges=4067175
  NeighborhoodSlab: 473 threads × 2304 KB = 1064 MB
  Batch 18 [8514,8987) done in 241 ms  h_edges=4075552
  NeighborhoodSlab: 473 threads × 2304 KB = 1064 MB
  Batch 19 [8987,9460) done in 257 ms  h_edges=4084256
  NeighborhoodSlab: 473 threads × 2304 KB = 1064 MB
  Batch 20 [9460,9933) done in 204 ms  h_edges=4092998
  NeighborhoodSlab: 473 threads × 2304 KB = 1064 MB
  Batch 21 [9933,10406) done in 248 ms  h_edges=4102620
  NeighborhoodSlab: 473 threads × 2304 KB = 1064 MB
  Batch 22 [10406,10879) done in 211 ms  h_edges=4112533
  NeighborhoodSlab: 473 threads × 2304 KB = 1064 MB
  Batch 23 [10879,11352) done in 222 ms  h_edges=4121638
  NeighborhoodSlab: 458 threads × 2304 KB = 1030 MB
  Batch 24 [11352,11810) done in 262 ms  h_edges=4130125
  DeviceGraph: fwd=4130125 bwd=4130125 edges
  Year 2031 total: 12646 ms  (pop: 1192783)

--- Year 2032 (pop: 1192783) ---
  Adding 11928 new papers
  DeviceGraph: fwd=4130125 bwd=4130125 edges
  Processing 11928 papers in 25 batches of ~478
  NeighborhoodSlab: 478 threads × 2304 KB = 1075 MB
  Batch 0 [0,478) done in 227 ms  h_edges=4139463
  NeighborhoodSlab: 478 threads × 2304 KB = 1075 MB
  Batch 1 [478,956) done in 269 ms  h_edges=4148506
  NeighborhoodSlab: 478 threads × 2304 KB = 1075 MB
  Batch 2 [956,1434) done in 193 ms  h_edges=4157280
  NeighborhoodSlab: 478 threads × 2304 KB = 1075 MB
  Batch 3 [1434,1912) done in 216 ms  h_edges=4166643
  NeighborhoodSlab: 478 threads × 2304 KB = 1075 MB
  Batch 4 [1912,2390) done in 250 ms  h_edges=4175786
  NeighborhoodSlab: 478 threads × 2304 KB = 1075 MB
  Batch 5 [2390,2868) done in 223 ms  h_edges=4185651
  NeighborhoodSlab: 478 threads × 2304 KB = 1075 MB
  Batch 6 [2868,3346) done in 217 ms  h_edges=4194551
  NeighborhoodSlab: 478 threads × 2304 KB = 1075 MB
  Batch 7 [3346,3824) done in 242 ms  h_edges=4202923
  NeighborhoodSlab: 478 threads × 2304 KB = 1075 MB
  Batch 8 [3824,4302) done in 230 ms  h_edges=4212042
  NeighborhoodSlab: 478 threads × 2304 KB = 1075 MB
  Batch 9 [4302,4780) done in 223 ms  h_edges=4220419
  NeighborhoodSlab: 478 threads × 2304 KB = 1075 MB
  Batch 10 [4780,5258) done in 251 ms  h_edges=4229365
  NeighborhoodSlab: 478 threads × 2304 KB = 1075 MB
  Batch 11 [5258,5736) done in 257 ms  h_edges=4238192
  NeighborhoodSlab: 478 threads × 2304 KB = 1075 MB
  Batch 12 [5736,6214) done in 237 ms  h_edges=4247604
  NeighborhoodSlab: 478 threads × 2304 KB = 1075 MB
  Batch 13 [6214,6692) done in 215 ms  h_edges=4256610
  NeighborhoodSlab: 478 threads × 2304 KB = 1075 MB
  Batch 14 [6692,7170) done in 247 ms  h_edges=4266471
  NeighborhoodSlab: 478 threads × 2304 KB = 1075 MB
  Batch 15 [7170,7648) done in 221 ms  h_edges=4276409
  NeighborhoodSlab: 478 threads × 2304 KB = 1075 MB
  Batch 16 [7648,8126) done in 292 ms  h_edges=4285072
  NeighborhoodSlab: 478 threads × 2304 KB = 1075 MB
  Batch 17 [8126,8604) done in 229 ms  h_edges=4294143
  NeighborhoodSlab: 478 threads × 2304 KB = 1075 MB
  Batch 18 [8604,9082) done in 246 ms  h_edges=4303142
  NeighborhoodSlab: 478 threads × 2304 KB = 1075 MB
  Batch 19 [9082,9560) done in 370 ms  h_edges=4312370
  NeighborhoodSlab: 478 threads × 2304 KB = 1075 MB
  Batch 20 [9560,10038) done in 246 ms  h_edges=4322198
  NeighborhoodSlab: 478 threads × 2304 KB = 1075 MB
  Batch 21 [10038,10516) done in 196 ms  h_edges=4331540
  NeighborhoodSlab: 478 threads × 2304 KB = 1075 MB
  Batch 22 [10516,10994) done in 277 ms  h_edges=4340418
  NeighborhoodSlab: 478 threads × 2304 KB = 1075 MB
  Batch 23 [10994,11472) done in 282 ms  h_edges=4349706
  NeighborhoodSlab: 456 threads × 2304 KB = 1026 MB
  Batch 24 [11472,11928) done in 228 ms  h_edges=4358077
  DeviceGraph: fwd=4358077 bwd=4358077 edges
  Year 2032 total: 13223 ms  (pop: 1204711)

--- Year 2033 (pop: 1204711) ---
  Adding 12048 new papers
  DeviceGraph: fwd=4358077 bwd=4358077 edges
  Processing 12048 papers in 25 batches of ~482
  NeighborhoodSlab: 482 threads × 2304 KB = 1084 MB
  Batch 0 [0,482) done in 334 ms  h_edges=4366913
  NeighborhoodSlab: 482 threads × 2304 KB = 1084 MB
  Batch 1 [482,964) done in 304 ms  h_edges=4376379
  NeighborhoodSlab: 482 threads × 2304 KB = 1084 MB
  Batch 2 [964,1446) done in 254 ms  h_edges=4385779
  NeighborhoodSlab: 482 threads × 2304 KB = 1084 MB
  Batch 3 [1446,1928) done in 313 ms  h_edges=4395551
  NeighborhoodSlab: 482 threads × 2304 KB = 1084 MB
  Batch 4 [1928,2410) done in 296 ms  h_edges=4404521
  NeighborhoodSlab: 482 threads × 2304 KB = 1084 MB
  Batch 5 [2410,2892) done in 240 ms  h_edges=4414271
  NeighborhoodSlab: 482 threads × 2304 KB = 1084 MB
  Batch 6 [2892,3374) done in 265 ms  h_edges=4423390
  NeighborhoodSlab: 482 threads × 2304 KB = 1084 MB
  Batch 7 [3374,3856) done in 344 ms  h_edges=4432422
  NeighborhoodSlab: 482 threads × 2304 KB = 1084 MB
  Batch 8 [3856,4338) done in 295 ms  h_edges=4441211
  NeighborhoodSlab: 482 threads × 2304 KB = 1084 MB
  Batch 9 [4338,4820) done in 262 ms  h_edges=4449501
  NeighborhoodSlab: 482 threads × 2304 KB = 1084 MB
  Batch 10 [4820,5302) done in 278 ms  h_edges=4459132
  NeighborhoodSlab: 482 threads × 2304 KB = 1084 MB
  Batch 11 [5302,5784) done in 225 ms  h_edges=4468673
  NeighborhoodSlab: 482 threads × 2304 KB = 1084 MB
  Batch 12 [5784,6266) done in 260 ms  h_edges=4477086
  NeighborhoodSlab: 482 threads × 2304 KB = 1084 MB
  Batch 13 [6266,6748) done in 301 ms  h_edges=4487697
  NeighborhoodSlab: 482 threads × 2304 KB = 1084 MB
  Batch 14 [6748,7230) done in 284 ms  h_edges=4496332
  NeighborhoodSlab: 482 threads × 2304 KB = 1084 MB
  Batch 15 [7230,7712) done in 244 ms  h_edges=4505456
  NeighborhoodSlab: 482 threads × 2304 KB = 1084 MB
  Batch 16 [7712,8194) done in 221 ms  h_edges=4514734
  NeighborhoodSlab: 482 threads × 2304 KB = 1084 MB
  Batch 17 [8194,8676) done in 278 ms  h_edges=4523719
  NeighborhoodSlab: 482 threads × 2304 KB = 1084 MB
  Batch 18 [8676,9158) done in 255 ms  h_edges=4533180
  NeighborhoodSlab: 482 threads × 2304 KB = 1084 MB
  Batch 19 [9158,9640) done in 289 ms  h_edges=4543101
  NeighborhoodSlab: 482 threads × 2304 KB = 1084 MB
  Batch 20 [9640,10122) done in 302 ms  h_edges=4553094
  NeighborhoodSlab: 482 threads × 2304 KB = 1084 MB
  Batch 21 [10122,10604) done in 264 ms  h_edges=4561948
  NeighborhoodSlab: 482 threads × 2304 KB = 1084 MB
  Batch 22 [10604,11086) done in 262 ms  h_edges=4570867
  NeighborhoodSlab: 482 threads × 2304 KB = 1084 MB
  Batch 23 [11086,11568) done in 207 ms  h_edges=4579563
  NeighborhoodSlab: 480 threads × 2304 KB = 1080 MB
  Batch 24 [11568,12048) done in 266 ms  h_edges=4588464
  DeviceGraph: fwd=4588464 bwd=4588464 edges
  Year 2033 total: 14366 ms  (pop: 1216759)

--- Year 2034 (pop: 1216759) ---
  Adding 12168 new papers
  DeviceGraph: fwd=4588464 bwd=4588464 edges
  Processing 12168 papers in 25 batches of ~487
  NeighborhoodSlab: 487 threads × 2304 KB = 1095 MB
  Batch 0 [0,487) done in 236 ms  h_edges=4597499
  NeighborhoodSlab: 487 threads × 2304 KB = 1095 MB
  Batch 1 [487,974) done in 307 ms  h_edges=4607523
  NeighborhoodSlab: 487 threads × 2304 KB = 1095 MB
  Batch 2 [974,1461) done in 286 ms  h_edges=4616897
  NeighborhoodSlab: 487 threads × 2304 KB = 1095 MB
  Batch 3 [1461,1948) done in 282 ms  h_edges=4626850
  NeighborhoodSlab: 487 threads × 2304 KB = 1095 MB
  Batch 4 [1948,2435) done in 248 ms  h_edges=4636653
  NeighborhoodSlab: 487 threads × 2304 KB = 1095 MB
  Batch 5 [2435,2922) done in 279 ms  h_edges=4645039
  NeighborhoodSlab: 487 threads × 2304 KB = 1095 MB
  Batch 6 [2922,3409) done in 276 ms  h_edges=4655172
  NeighborhoodSlab: 487 threads × 2304 KB = 1095 MB
  Batch 7 [3409,3896) done in 281 ms  h_edges=4664343
  NeighborhoodSlab: 487 threads × 2304 KB = 1095 MB
  Batch 8 [3896,4383) done in 316 ms  h_edges=4674203
  NeighborhoodSlab: 487 threads × 2304 KB = 1095 MB
  Batch 9 [4383,4870) done in 296 ms  h_edges=4683527
  NeighborhoodSlab: 487 threads × 2304 KB = 1095 MB
  Batch 10 [4870,5357) done in 323 ms  h_edges=4694299
  NeighborhoodSlab: 487 threads × 2304 KB = 1095 MB
  Batch 11 [5357,5844) done in 343 ms  h_edges=4704603
  NeighborhoodSlab: 487 threads × 2304 KB = 1095 MB
  Batch 12 [5844,6331) done in 267 ms  h_edges=4714659
  NeighborhoodSlab: 487 threads × 2304 KB = 1095 MB
  Batch 13 [6331,6818) done in 298 ms  h_edges=4724161
  NeighborhoodSlab: 487 threads × 2304 KB = 1095 MB
  Batch 14 [6818,7305) done in 261 ms  h_edges=4733192
  NeighborhoodSlab: 487 threads × 2304 KB = 1095 MB
  Batch 15 [7305,7792) done in 297 ms  h_edges=4741816
  NeighborhoodSlab: 487 threads × 2304 KB = 1095 MB
  Batch 16 [7792,8279) done in 362 ms  h_edges=4751368
  NeighborhoodSlab: 487 threads × 2304 KB = 1095 MB
  Batch 17 [8279,8766) done in 286 ms  h_edges=4761158
  NeighborhoodSlab: 487 threads × 2304 KB = 1095 MB
  Batch 18 [8766,9253) done in 319 ms  h_edges=4770475
  NeighborhoodSlab: 487 threads × 2304 KB = 1095 MB
  Batch 19 [9253,9740) done in 267 ms  h_edges=4780695
  NeighborhoodSlab: 487 threads × 2304 KB = 1095 MB
  Batch 20 [9740,10227) done in 291 ms  h_edges=4790341
  NeighborhoodSlab: 487 threads × 2304 KB = 1095 MB
  Batch 21 [10227,10714) done in 278 ms  h_edges=4800197
  NeighborhoodSlab: 487 threads × 2304 KB = 1095 MB
  Batch 22 [10714,11201) done in 289 ms  h_edges=4810038
  NeighborhoodSlab: 487 threads × 2304 KB = 1095 MB
  Batch 23 [11201,11688) done in 246 ms  h_edges=4820170
  NeighborhoodSlab: 480 threads × 2304 KB = 1080 MB
  Batch 24 [11688,12168) done in 301 ms  h_edges=4829364
  DeviceGraph: fwd=4829364 bwd=4829364 edges
  Year 2034 total: 15075 ms  (pop: 1228927)

--- Year 2035 (pop: 1228927) ---
  Adding 12290 new papers
  DeviceGraph: fwd=4829364 bwd=4829364 edges
  Processing 12290 papers in 25 batches of ~492
  NeighborhoodSlab: 492 threads × 2304 KB = 1107 MB
  Batch 0 [0,492) done in 246 ms  h_edges=4838728
  NeighborhoodSlab: 492 threads × 2304 KB = 1107 MB
  Batch 1 [492,984) done in 323 ms  h_edges=4847673
  NeighborhoodSlab: 492 threads × 2304 KB = 1107 MB
  Batch 2 [984,1476) done in 380 ms  h_edges=4857244
  NeighborhoodSlab: 492 threads × 2304 KB = 1107 MB
  Batch 3 [1476,1968) done in 293 ms  h_edges=4867873
  NeighborhoodSlab: 492 threads × 2304 KB = 1107 MB
  Batch 4 [1968,2460) done in 301 ms  h_edges=4877152
  NeighborhoodSlab: 492 threads × 2304 KB = 1107 MB
  Batch 5 [2460,2952) done in 308 ms  h_edges=4886635
  NeighborhoodSlab: 492 threads × 2304 KB = 1107 MB
  Batch 6 [2952,3444) done in 355 ms  h_edges=4896612
  NeighborhoodSlab: 492 threads × 2304 KB = 1107 MB
  Batch 7 [3444,3936) done in 382 ms  h_edges=4905759
  NeighborhoodSlab: 492 threads × 2304 KB = 1107 MB
  Batch 8 [3936,4428) done in 343 ms  h_edges=4916000
  NeighborhoodSlab: 492 threads × 2304 KB = 1107 MB
  Batch 9 [4428,4920) done in 258 ms  h_edges=4925631
  NeighborhoodSlab: 492 threads × 2304 KB = 1107 MB
  Batch 10 [4920,5412) done in 290 ms  h_edges=4936312
  NeighborhoodSlab: 492 threads × 2304 KB = 1107 MB
  Batch 11 [5412,5904) done in 251 ms  h_edges=4945579
  NeighborhoodSlab: 492 threads × 2304 KB = 1107 MB
  Batch 12 [5904,6396) done in 295 ms  h_edges=4954675
  NeighborhoodSlab: 492 threads × 2304 KB = 1107 MB
  Batch 13 [6396,6888) done in 299 ms  h_edges=4963636
  NeighborhoodSlab: 492 threads × 2304 KB = 1107 MB
  Batch 14 [6888,7380) done in 290 ms  h_edges=4974400
  NeighborhoodSlab: 492 threads × 2304 KB = 1107 MB
  Batch 15 [7380,7872) done in 357 ms  h_edges=4984550
  NeighborhoodSlab: 492 threads × 2304 KB = 1107 MB
  Batch 16 [7872,8364) done in 254 ms  h_edges=4993227
  NeighborhoodSlab: 492 threads × 2304 KB = 1107 MB
  Batch 17 [8364,8856) done in 262 ms  h_edges=5002814
  NeighborhoodSlab: 492 threads × 2304 KB = 1107 MB
  Batch 18 [8856,9348) done in 344 ms  h_edges=5012080
  NeighborhoodSlab: 492 threads × 2304 KB = 1107 MB
  Batch 19 [9348,9840) done in 280 ms  h_edges=5022063
  NeighborhoodSlab: 492 threads × 2304 KB = 1107 MB
  Batch 20 [9840,10332) done in 336 ms  h_edges=5031360
  NeighborhoodSlab: 492 threads × 2304 KB = 1107 MB
  Batch 21 [10332,10824) done in 232 ms  h_edges=5040759
  NeighborhoodSlab: 492 threads × 2304 KB = 1107 MB
  Batch 22 [10824,11316) done in 362 ms  h_edges=5050307
  NeighborhoodSlab: 492 threads × 2304 KB = 1107 MB
  Batch 23 [11316,11808) done in 280 ms  h_edges=5060161
  NeighborhoodSlab: 482 threads × 2304 KB = 1084 MB
  Batch 24 [11808,12290) done in 286 ms  h_edges=5069492
  DeviceGraph: fwd=5069492 bwd=5069492 edges
  Year 2035 total: 15842 ms  (pop: 1241217)

--- Year 2036 (pop: 1241217) ---
  Adding 12413 new papers
  DeviceGraph: fwd=5069492 bwd=5069492 edges
  Processing 12413 papers in 25 batches of ~497
  NeighborhoodSlab: 497 threads × 2304 KB = 1118 MB
  Batch 0 [0,497) done in 392 ms  h_edges=5079305
  NeighborhoodSlab: 497 threads × 2304 KB = 1118 MB
  Batch 1 [497,994) done in 309 ms  h_edges=5089665
  NeighborhoodSlab: 497 threads × 2304 KB = 1118 MB
  Batch 2 [994,1491) done in 380 ms  h_edges=5099201
  NeighborhoodSlab: 497 threads × 2304 KB = 1118 MB
  Batch 3 [1491,1988) done in 360 ms  h_edges=5108689
  NeighborhoodSlab: 497 threads × 2304 KB = 1118 MB
  Batch 4 [1988,2485) done in 310 ms  h_edges=5119105
  NeighborhoodSlab: 497 threads × 2304 KB = 1118 MB
  Batch 5 [2485,2982) done in 334 ms  h_edges=5129285
  NeighborhoodSlab: 497 threads × 2304 KB = 1118 MB
  Batch 6 [2982,3479) done in 261 ms  h_edges=5139095
  NeighborhoodSlab: 497 threads × 2304 KB = 1118 MB
  Batch 7 [3479,3976) done in 344 ms  h_edges=5149017
  NeighborhoodSlab: 497 threads × 2304 KB = 1118 MB
  Batch 8 [3976,4473) done in 284 ms  h_edges=5157495
  NeighborhoodSlab: 497 threads × 2304 KB = 1118 MB
  Batch 9 [4473,4970) done in 303 ms  h_edges=5168409
  NeighborhoodSlab: 497 threads × 2304 KB = 1118 MB
  Batch 10 [4970,5467) done in 298 ms  h_edges=5177781
  NeighborhoodSlab: 497 threads × 2304 KB = 1118 MB
  Batch 11 [5467,5964) done in 298 ms  h_edges=5187292
  NeighborhoodSlab: 497 threads × 2304 KB = 1118 MB
  Batch 12 [5964,6461) done in 388 ms  h_edges=5197226
  NeighborhoodSlab: 497 threads × 2304 KB = 1118 MB
  Batch 13 [6461,6958) done in 311 ms  h_edges=5207131
  NeighborhoodSlab: 497 threads × 2304 KB = 1118 MB
  Batch 14 [6958,7455) done in 330 ms  h_edges=5216132
  NeighborhoodSlab: 497 threads × 2304 KB = 1118 MB
  Batch 15 [7455,7952) done in 424 ms  h_edges=5226377
  NeighborhoodSlab: 497 threads × 2304 KB = 1118 MB
  Batch 16 [7952,8449) done in 345 ms  h_edges=5236650
  NeighborhoodSlab: 497 threads × 2304 KB = 1118 MB
  Batch 17 [8449,8946) done in 312 ms  h_edges=5245598
  NeighborhoodSlab: 497 threads × 2304 KB = 1118 MB
  Batch 18 [8946,9443) done in 356 ms  h_edges=5254840
  NeighborhoodSlab: 497 threads × 2304 KB = 1118 MB
  Batch 19 [9443,9940) done in 415 ms  h_edges=5264056
  NeighborhoodSlab: 497 threads × 2304 KB = 1118 MB
  Batch 20 [9940,10437) done in 349 ms  h_edges=5273575
  NeighborhoodSlab: 497 threads × 2304 KB = 1118 MB
  Batch 21 [10437,10934) done in 386 ms  h_edges=5283834
  NeighborhoodSlab: 497 threads × 2304 KB = 1118 MB
  Batch 22 [10934,11431) done in 346 ms  h_edges=5294239
  NeighborhoodSlab: 497 threads × 2304 KB = 1118 MB
  Batch 23 [11431,11928) done in 307 ms  h_edges=5303668
  NeighborhoodSlab: 485 threads × 2304 KB = 1091 MB
  Batch 24 [11928,12413) done in 353 ms  h_edges=5312974
  DeviceGraph: fwd=5312974 bwd=5312974 edges
  Year 2036 total: 17176 ms  (pop: 1253630)

=== Simulation Complete ===
Total: 129 s  Final pop: 1253630

=== Exporting Results ===
Edges saved: ./output/10y/mass_cuda-yutb-static-output-10y-1p.edgelist (5312974)
Attributes saved: ./output/10y/mass_cuda-yutb-static-output-10y-1p.aux (1253630 rows)

Done.

real	2m21.255s
user	2m18.388s
sys	0m2.375s
Running growth rate 1% for 10 years.
./output/10y/mass_cuda-twt-static-output-10y-1p.edgelist
./output/10y/mass_cuda-twt-static-output-10y-1p.aux
Citation Network ABM – MASS CUDA
=================================

Out-degree bag: 3980408 entries
Recency probs:  356 entries
BFS batches:    25 per year

=== Initializing Citation ABM ===

Inside parseNodelist...
Populating continuous node mappings (81306 nodes)...
parseNodelist done in 56 ms (81306 nodes)

Inside parseEdgelist...
parseEdgelist done in 250 ms (2420744 edges)
Seed max year: 2020  → simulation starts at 2021
Max population: 91819
Seed population: 81306 papers
  DeviceGraph: fwd=1342296 bwd=1342296 edges
Initialization complete


=== Simulation Start ===

--- Year 2021 (pop: 81306) ---
  Adding 814 new papers
  DeviceGraph: fwd=1342296 bwd=1342296 edges
  Processing 814 papers in 25 batches of ~33
  NeighborhoodSlab: 33 threads × 2304 KB = 74 MB
  Batch 0 [0,33) done in 47 ms  h_edges=2421565
  NeighborhoodSlab: 33 threads × 2304 KB = 74 MB
  Batch 1 [33,66) done in 51 ms  h_edges=2422226
  NeighborhoodSlab: 33 threads × 2304 KB = 74 MB
  Batch 2 [66,99) done in 29 ms  h_edges=2422895
  NeighborhoodSlab: 33 threads × 2304 KB = 74 MB
  Batch 3 [99,132) done in 28 ms  h_edges=2423473
  NeighborhoodSlab: 33 threads × 2304 KB = 74 MB
  Batch 4 [132,165) done in 46 ms  h_edges=2424015
  NeighborhoodSlab: 33 threads × 2304 KB = 74 MB
  Batch 5 [165,198) done in 55 ms  h_edges=2424735
  NeighborhoodSlab: 33 threads × 2304 KB = 74 MB
  Batch 6 [198,231) done in 52 ms  h_edges=2425236
  NeighborhoodSlab: 33 threads × 2304 KB = 74 MB
  Batch 7 [231,264) done in 34 ms  h_edges=2425826
  NeighborhoodSlab: 33 threads × 2304 KB = 74 MB
  Batch 8 [264,297) done in 37 ms  h_edges=2426498
  NeighborhoodSlab: 33 threads × 2304 KB = 74 MB
  Batch 9 [297,330) done in 82 ms  h_edges=2427131
  NeighborhoodSlab: 33 threads × 2304 KB = 74 MB
  Batch 10 [330,363) done in 41 ms  h_edges=2427745
  NeighborhoodSlab: 33 threads × 2304 KB = 74 MB
  Batch 11 [363,396) done in 25 ms  h_edges=2428461
  NeighborhoodSlab: 33 threads × 2304 KB = 74 MB
  Batch 12 [396,429) done in 39 ms  h_edges=2429169
  NeighborhoodSlab: 33 threads × 2304 KB = 74 MB
  Batch 13 [429,462) done in 66 ms  h_edges=2429931
  NeighborhoodSlab: 33 threads × 2304 KB = 74 MB
  Batch 14 [462,495) done in 38 ms  h_edges=2430621
  NeighborhoodSlab: 33 threads × 2304 KB = 74 MB
  Batch 15 [495,528) done in 37 ms  h_edges=2431225
  NeighborhoodSlab: 33 threads × 2304 KB = 74 MB
  Batch 16 [528,561) done in 32 ms  h_edges=2431796
  NeighborhoodSlab: 33 threads × 2304 KB = 74 MB
  Batch 17 [561,594) done in 40 ms  h_edges=2432348
  NeighborhoodSlab: 33 threads × 2304 KB = 74 MB
  Batch 18 [594,627) done in 89 ms  h_edges=2433222
  NeighborhoodSlab: 33 threads × 2304 KB = 74 MB
  Batch 19 [627,660) done in 25 ms  h_edges=2433868
  NeighborhoodSlab: 33 threads × 2304 KB = 74 MB
  Batch 20 [660,693) done in 68 ms  h_edges=2434514
  NeighborhoodSlab: 33 threads × 2304 KB = 74 MB
  Batch 21 [693,726) done in 66 ms  h_edges=2435406
  NeighborhoodSlab: 33 threads × 2304 KB = 74 MB
  Batch 22 [726,759) done in 34 ms  h_edges=2435853
  NeighborhoodSlab: 33 threads × 2304 KB = 74 MB
  Batch 23 [759,792) done in 41 ms  h_edges=2436491
  NeighborhoodSlab: 22 threads × 2304 KB = 49 MB
  Batch 24 [792,814) done in 28 ms  h_edges=2436904
  DeviceGraph: fwd=1358456 bwd=1358456 edges
  Year 2021 total: 2749 ms  (pop: 82120)

--- Year 2022 (pop: 82120) ---
  Adding 822 new papers
  DeviceGraph: fwd=1358456 bwd=1358456 edges
  Processing 822 papers in 25 batches of ~33
  NeighborhoodSlab: 33 threads × 2304 KB = 74 MB
  Batch 0 [0,33) done in 52 ms  h_edges=2437691
  NeighborhoodSlab: 33 threads × 2304 KB = 74 MB
  Batch 1 [33,66) done in 45 ms  h_edges=2438348
  NeighborhoodSlab: 33 threads × 2304 KB = 74 MB
  Batch 2 [66,99) done in 31 ms  h_edges=2439112
  NeighborhoodSlab: 33 threads × 2304 KB = 74 MB
  Batch 3 [99,132) done in 60 ms  h_edges=2439704
  NeighborhoodSlab: 33 threads × 2304 KB = 74 MB
  Batch 4 [132,165) done in 63 ms  h_edges=2440488
  NeighborhoodSlab: 33 threads × 2304 KB = 74 MB
  Batch 5 [165,198) done in 59 ms  h_edges=2441240
  NeighborhoodSlab: 33 threads × 2304 KB = 74 MB
  Batch 6 [198,231) done in 56 ms  h_edges=2441924
  NeighborhoodSlab: 33 threads × 2304 KB = 74 MB
  Batch 7 [231,264) done in 59 ms  h_edges=2442458
  NeighborhoodSlab: 33 threads × 2304 KB = 74 MB
  Batch 8 [264,297) done in 26 ms  h_edges=2442966
  NeighborhoodSlab: 33 threads × 2304 KB = 74 MB
  Batch 9 [297,330) done in 79 ms  h_edges=2443715
  NeighborhoodSlab: 33 threads × 2304 KB = 74 MB
  Batch 10 [330,363) done in 57 ms  h_edges=2444670
  NeighborhoodSlab: 33 threads × 2304 KB = 74 MB
  Batch 11 [363,396) done in 39 ms  h_edges=2445411
  NeighborhoodSlab: 33 threads × 2304 KB = 74 MB
  Batch 12 [396,429) done in 36 ms  h_edges=2446244
  NeighborhoodSlab: 33 threads × 2304 KB = 74 MB
  Batch 13 [429,462) done in 33 ms  h_edges=2447099
  NeighborhoodSlab: 33 threads × 2304 KB = 74 MB
  Batch 14 [462,495) done in 36 ms  h_edges=2447912
  NeighborhoodSlab: 33 threads × 2304 KB = 74 MB
  Batch 15 [495,528) done in 33 ms  h_edges=2448544
  NeighborhoodSlab: 33 threads × 2304 KB = 74 MB
  Batch 16 [528,561) done in 43 ms  h_edges=2449116
  NeighborhoodSlab: 33 threads × 2304 KB = 74 MB
  Batch 17 [561,594) done in 43 ms  h_edges=2449830
  NeighborhoodSlab: 33 threads × 2304 KB = 74 MB
  Batch 18 [594,627) done in 53 ms  h_edges=2450535
  NeighborhoodSlab: 33 threads × 2304 KB = 74 MB
  Batch 19 [627,660) done in 40 ms  h_edges=2451292
  NeighborhoodSlab: 33 threads × 2304 KB = 74 MB
  Batch 20 [660,693) done in 39 ms  h_edges=2452152
  NeighborhoodSlab: 33 threads × 2304 KB = 74 MB
  Batch 21 [693,726) done in 28 ms  h_edges=2452968
  NeighborhoodSlab: 33 threads × 2304 KB = 74 MB
  Batch 22 [726,759) done in 59 ms  h_edges=2453659
  NeighborhoodSlab: 33 threads × 2304 KB = 74 MB
  Batch 23 [759,792) done in 38 ms  h_edges=2454308
  NeighborhoodSlab: 30 threads × 2304 KB = 67 MB
  Batch 24 [792,822) done in 30 ms  h_edges=2455126
  DeviceGraph: fwd=1376678 bwd=1376678 edges
  Year 2022 total: 2871 ms  (pop: 82942)

--- Year 2023 (pop: 82942) ---
  Adding 830 new papers
  DeviceGraph: fwd=1376678 bwd=1376678 edges
  Processing 830 papers in 25 batches of ~34
  NeighborhoodSlab: 34 threads × 2304 KB = 76 MB
  Batch 0 [0,34) done in 39 ms  h_edges=2455599
  NeighborhoodSlab: 34 threads × 2304 KB = 76 MB
  Batch 1 [34,68) done in 39 ms  h_edges=2456243
  NeighborhoodSlab: 34 threads × 2304 KB = 76 MB
  Batch 2 [68,102) done in 46 ms  h_edges=2456780
  NeighborhoodSlab: 34 threads × 2304 KB = 76 MB
  Batch 3 [102,136) done in 43 ms  h_edges=2457440
  NeighborhoodSlab: 34 threads × 2304 KB = 76 MB
  Batch 4 [136,170) done in 90 ms  h_edges=2458126
  NeighborhoodSlab: 34 threads × 2304 KB = 76 MB
  Batch 5 [170,204) done in 51 ms  h_edges=2459052
  NeighborhoodSlab: 34 threads × 2304 KB = 76 MB
  Batch 6 [204,238) done in 48 ms  h_edges=2459849
  NeighborhoodSlab: 34 threads × 2304 KB = 76 MB
  Batch 7 [238,272) done in 42 ms  h_edges=2460365
  NeighborhoodSlab: 34 threads × 2304 KB = 76 MB
  Batch 8 [272,306) done in 31 ms  h_edges=2461365
  NeighborhoodSlab: 34 threads × 2304 KB = 76 MB
  Batch 9 [306,340) done in 39 ms  h_edges=2461999
  NeighborhoodSlab: 34 threads × 2304 KB = 76 MB
  Batch 10 [340,374) done in 60 ms  h_edges=2462772
  NeighborhoodSlab: 34 threads × 2304 KB = 76 MB
  Batch 11 [374,408) done in 50 ms  h_edges=2463540
  NeighborhoodSlab: 34 threads × 2304 KB = 76 MB
  Batch 12 [408,442) done in 68 ms  h_edges=2464354
  NeighborhoodSlab: 34 threads × 2304 KB = 76 MB
  Batch 13 [442,476) done in 44 ms  h_edges=2465158
  NeighborhoodSlab: 34 threads × 2304 KB = 76 MB
  Batch 14 [476,510) done in 41 ms  h_edges=2466033
  NeighborhoodSlab: 34 threads × 2304 KB = 76 MB
  Batch 15 [510,544) done in 41 ms  h_edges=2466889
  NeighborhoodSlab: 34 threads × 2304 KB = 76 MB
  Batch 16 [544,578) done in 48 ms  h_edges=2467411
  NeighborhoodSlab: 34 threads × 2304 KB = 76 MB
  Batch 17 [578,612) done in 66 ms  h_edges=2468256
  NeighborhoodSlab: 34 threads × 2304 KB = 76 MB
  Batch 18 [612,646) done in 61 ms  h_edges=2468881
  NeighborhoodSlab: 34 threads × 2304 KB = 76 MB
  Batch 19 [646,680) done in 33 ms  h_edges=2469767
  NeighborhoodSlab: 34 threads × 2304 KB = 76 MB
  Batch 20 [680,714) done in 49 ms  h_edges=2470262
  NeighborhoodSlab: 34 threads × 2304 KB = 76 MB
  Batch 21 [714,748) done in 38 ms  h_edges=2470992
  NeighborhoodSlab: 34 threads × 2304 KB = 76 MB
  Batch 22 [748,782) done in 47 ms  h_edges=2471887
  NeighborhoodSlab: 34 threads × 2304 KB = 76 MB
  Batch 23 [782,816) done in 47 ms  h_edges=2472858
  NeighborhoodSlab: 14 threads × 2304 KB = 31 MB
  Batch 24 [816,830) done in 14 ms  h_edges=2473141
  DeviceGraph: fwd=1394693 bwd=1394693 edges
  Year 2023 total: 2904 ms  (pop: 83772)

--- Year 2024 (pop: 83772) ---
  Adding 838 new papers
  DeviceGraph: fwd=1394693 bwd=1394693 edges
  Processing 838 papers in 25 batches of ~34
  NeighborhoodSlab: 34 threads × 2304 KB = 76 MB
  Batch 0 [0,34) done in 118 ms  h_edges=2473596
  NeighborhoodSlab: 34 threads × 2304 KB = 76 MB
  Batch 1 [34,68) done in 64 ms  h_edges=2474244
  NeighborhoodSlab: 34 threads × 2304 KB = 76 MB
  Batch 2 [68,102) done in 35 ms  h_edges=2475020
  NeighborhoodSlab: 34 threads × 2304 KB = 76 MB
  Batch 3 [102,136) done in 48 ms  h_edges=2475811
  NeighborhoodSlab: 34 threads × 2304 KB = 76 MB
  Batch 4 [136,170) done in 42 ms  h_edges=2476384
  NeighborhoodSlab: 34 threads × 2304 KB = 76 MB
  Batch 5 [170,204) done in 55 ms  h_edges=2477278
  NeighborhoodSlab: 34 threads × 2304 KB = 76 MB
  Batch 6 [204,238) done in 59 ms  h_edges=2477940
  NeighborhoodSlab: 34 threads × 2304 KB = 76 MB
  Batch 7 [238,272) done in 65 ms  h_edges=2478500
  NeighborhoodSlab: 34 threads × 2304 KB = 76 MB
  Batch 8 [272,306) done in 35 ms  h_edges=2479032
  NeighborhoodSlab: 34 threads × 2304 KB = 76 MB
  Batch 9 [306,340) done in 42 ms  h_edges=2479592
  NeighborhoodSlab: 34 threads × 2304 KB = 76 MB
  Batch 10 [340,374) done in 49 ms  h_edges=2480211
  NeighborhoodSlab: 34 threads × 2304 KB = 76 MB
  Batch 11 [374,408) done in 63 ms  h_edges=2480764
  NeighborhoodSlab: 34 threads × 2304 KB = 76 MB
  Batch 12 [408,442) done in 54 ms  h_edges=2481405
  NeighborhoodSlab: 34 threads × 2304 KB = 76 MB
  Batch 13 [442,476) done in 47 ms  h_edges=2482211
  NeighborhoodSlab: 34 threads × 2304 KB = 76 MB
  Batch 14 [476,510) done in 45 ms  h_edges=2482832
  NeighborhoodSlab: 34 threads × 2304 KB = 76 MB
  Batch 15 [510,544) done in 45 ms  h_edges=2483374
  NeighborhoodSlab: 34 threads × 2304 KB = 76 MB
  Batch 16 [544,578) done in 58 ms  h_edges=2484005
  NeighborhoodSlab: 34 threads × 2304 KB = 76 MB
  Batch 17 [578,612) done in 63 ms  h_edges=2484542
  NeighborhoodSlab: 34 threads × 2304 KB = 76 MB
  Batch 18 [612,646) done in 44 ms  h_edges=2485243
  NeighborhoodSlab: 34 threads × 2304 KB = 76 MB
  Batch 19 [646,680) done in 48 ms  h_edges=2486081
  NeighborhoodSlab: 34 threads × 2304 KB = 76 MB
  Batch 20 [680,714) done in 46 ms  h_edges=2486727
  NeighborhoodSlab: 34 threads × 2304 KB = 76 MB
  Batch 21 [714,748) done in 46 ms  h_edges=2487347
  NeighborhoodSlab: 34 threads × 2304 KB = 76 MB
  Batch 22 [748,782) done in 60 ms  h_edges=2487984
  NeighborhoodSlab: 34 threads × 2304 KB = 76 MB
  Batch 23 [782,816) done in 46 ms  h_edges=2488563
  NeighborhoodSlab: 22 threads × 2304 KB = 49 MB
  Batch 24 [816,838) done in 40 ms  h_edges=2489079
  DeviceGraph: fwd=1410631 bwd=1410631 edges
  Year 2024 total: 3036 ms  (pop: 84610)

--- Year 2025 (pop: 84610) ---
  Adding 847 new papers
  DeviceGraph: fwd=1410631 bwd=1410631 edges
  Processing 847 papers in 25 batches of ~34
  NeighborhoodSlab: 34 threads × 2304 KB = 76 MB
  Batch 0 [0,34) done in 84 ms  h_edges=2489470
  NeighborhoodSlab: 34 threads × 2304 KB = 76 MB
  Batch 1 [34,68) done in 87 ms  h_edges=2490218
  NeighborhoodSlab: 34 threads × 2304 KB = 76 MB
  Batch 2 [68,102) done in 45 ms  h_edges=2490718
  NeighborhoodSlab: 34 threads × 2304 KB = 76 MB
  Batch 3 [102,136) done in 33 ms  h_edges=2491239
  NeighborhoodSlab: 34 threads × 2304 KB = 76 MB
  Batch 4 [136,170) done in 50 ms  h_edges=2491806
  NeighborhoodSlab: 34 threads × 2304 KB = 76 MB
  Batch 5 [170,204) done in 59 ms  h_edges=2492497
  NeighborhoodSlab: 34 threads × 2304 KB = 76 MB
  Batch 6 [204,238) done in 61 ms  h_edges=2493012
  NeighborhoodSlab: 34 threads × 2304 KB = 76 MB
  Batch 7 [238,272) done in 45 ms  h_edges=2493606
  NeighborhoodSlab: 34 threads × 2304 KB = 76 MB
  Batch 8 [272,306) done in 60 ms  h_edges=2494546
  NeighborhoodSlab: 34 threads × 2304 KB = 76 MB
  Batch 9 [306,340) done in 75 ms  h_edges=2495045
  NeighborhoodSlab: 34 threads × 2304 KB = 76 MB
  Batch 10 [340,374) done in 50 ms  h_edges=2495894
  NeighborhoodSlab: 34 threads × 2304 KB = 76 MB
  Batch 11 [374,408) done in 43 ms  h_edges=2496428
  NeighborhoodSlab: 34 threads × 2304 KB = 76 MB
  Batch 12 [408,442) done in 43 ms  h_edges=2497190
  NeighborhoodSlab: 34 threads × 2304 KB = 76 MB
  Batch 13 [442,476) done in 37 ms  h_edges=2497936
  NeighborhoodSlab: 34 threads × 2304 KB = 76 MB
  Batch 14 [476,510) done in 121 ms  h_edges=2498789
  NeighborhoodSlab: 34 threads × 2304 KB = 76 MB
  Batch 15 [510,544) done in 71 ms  h_edges=2499338
  NeighborhoodSlab: 34 threads × 2304 KB = 76 MB
  Batch 16 [544,578) done in 36 ms  h_edges=2500171
  NeighborhoodSlab: 34 threads × 2304 KB = 76 MB
  Batch 17 [578,612) done in 41 ms  h_edges=2500824
  NeighborhoodSlab: 34 threads × 2304 KB = 76 MB
  Batch 18 [612,646) done in 41 ms  h_edges=2501539
  NeighborhoodSlab: 34 threads × 2304 KB = 76 MB
  Batch 19 [646,680) done in 76 ms  h_edges=2502617
  NeighborhoodSlab: 34 threads × 2304 KB = 76 MB
  Batch 20 [680,714) done in 69 ms  h_edges=2503221
  NeighborhoodSlab: 34 threads × 2304 KB = 76 MB
  Batch 21 [714,748) done in 38 ms  h_edges=2503926
  NeighborhoodSlab: 34 threads × 2304 KB = 76 MB
  Batch 22 [748,782) done in 54 ms  h_edges=2504469
  NeighborhoodSlab: 34 threads × 2304 KB = 76 MB
  Batch 23 [782,816) done in 53 ms  h_edges=2505163
  NeighborhoodSlab: 31 threads × 2304 KB = 69 MB
  Batch 24 [816,847) done in 51 ms  h_edges=2505846
  DeviceGraph: fwd=1427398 bwd=1427398 edges
  Year 2025 total: 3138 ms  (pop: 85457)

--- Year 2026 (pop: 85457) ---
  Adding 855 new papers
  DeviceGraph: fwd=1427398 bwd=1427398 edges
  Processing 855 papers in 25 batches of ~35
  NeighborhoodSlab: 35 threads × 2304 KB = 78 MB
  Batch 0 [0,35) done in 42 ms  h_edges=2506549
  NeighborhoodSlab: 35 threads × 2304 KB = 78 MB
  Batch 1 [35,70) done in 48 ms  h_edges=2507022
  NeighborhoodSlab: 35 threads × 2304 KB = 78 MB
  Batch 2 [70,105) done in 36 ms  h_edges=2507692
  NeighborhoodSlab: 35 threads × 2304 KB = 78 MB
  Batch 3 [105,140) done in 47 ms  h_edges=2508442
  NeighborhoodSlab: 35 threads × 2304 KB = 78 MB
  Batch 4 [140,175) done in 56 ms  h_edges=2509023
  NeighborhoodSlab: 35 threads × 2304 KB = 78 MB
  Batch 5 [175,210) done in 34 ms  h_edges=2509679
  NeighborhoodSlab: 35 threads × 2304 KB = 78 MB
  Batch 6 [210,245) done in 52 ms  h_edges=2510343
  NeighborhoodSlab: 35 threads × 2304 KB = 78 MB
  Batch 7 [245,280) done in 42 ms  h_edges=2511125
  NeighborhoodSlab: 35 threads × 2304 KB = 78 MB
  Batch 8 [280,315) done in 43 ms  h_edges=2511712
  NeighborhoodSlab: 35 threads × 2304 KB = 78 MB
  Batch 9 [315,350) done in 67 ms  h_edges=2512715
  NeighborhoodSlab: 35 threads × 2304 KB = 78 MB
  Batch 10 [350,385) done in 50 ms  h_edges=2513499
  NeighborhoodSlab: 35 threads × 2304 KB = 78 MB
  Batch 11 [385,420) done in 40 ms  h_edges=2514305
  NeighborhoodSlab: 35 threads × 2304 KB = 78 MB
  Batch 12 [420,455) done in 53 ms  h_edges=2514855
  NeighborhoodSlab: 35 threads × 2304 KB = 78 MB
  Batch 13 [455,490) done in 45 ms  h_edges=2515607
  NeighborhoodSlab: 35 threads × 2304 KB = 78 MB
  Batch 14 [490,525) done in 88 ms  h_edges=2516314
  NeighborhoodSlab: 35 threads × 2304 KB = 78 MB
  Batch 15 [525,560) done in 44 ms  h_edges=2516950
  NeighborhoodSlab: 35 threads × 2304 KB = 78 MB
  Batch 16 [560,595) done in 64 ms  h_edges=2517556
  NeighborhoodSlab: 35 threads × 2304 KB = 78 MB
  Batch 17 [595,630) done in 66 ms  h_edges=2518209
  NeighborhoodSlab: 35 threads × 2304 KB = 78 MB
  Batch 18 [630,665) done in 34 ms  h_edges=2518798
  NeighborhoodSlab: 35 threads × 2304 KB = 78 MB
  Batch 19 [665,700) done in 53 ms  h_edges=2519683
  NeighborhoodSlab: 35 threads × 2304 KB = 78 MB
  Batch 20 [700,735) done in 41 ms  h_edges=2520199
  NeighborhoodSlab: 35 threads × 2304 KB = 78 MB
  Batch 21 [735,770) done in 54 ms  h_edges=2521070
  NeighborhoodSlab: 35 threads × 2304 KB = 78 MB
  Batch 22 [770,805) done in 38 ms  h_edges=2521617
  NeighborhoodSlab: 35 threads × 2304 KB = 78 MB
  Batch 23 [805,840) done in 52 ms  h_edges=2522470
  NeighborhoodSlab: 15 threads × 2304 KB = 33 MB
  Batch 24 [840,855) done in 46 ms  h_edges=2522641
  DeviceGraph: fwd=1444193 bwd=1444193 edges
  Year 2026 total: 3045 ms  (pop: 86312)

--- Year 2027 (pop: 86312) ---
  Adding 864 new papers
  DeviceGraph: fwd=1444193 bwd=1444193 edges
  Processing 864 papers in 25 batches of ~35
  NeighborhoodSlab: 35 threads × 2304 KB = 78 MB
  Batch 0 [0,35) done in 84 ms  h_edges=2523492
  NeighborhoodSlab: 35 threads × 2304 KB = 78 MB
  Batch 1 [35,70) done in 47 ms  h_edges=2524147
  NeighborhoodSlab: 35 threads × 2304 KB = 78 MB
  Batch 2 [70,105) done in 53 ms  h_edges=2525101
  NeighborhoodSlab: 35 threads × 2304 KB = 78 MB
  Batch 3 [105,140) done in 55 ms  h_edges=2525660
  NeighborhoodSlab: 35 threads × 2304 KB = 78 MB
  Batch 4 [140,175) done in 82 ms  h_edges=2526342
  NeighborhoodSlab: 35 threads × 2304 KB = 78 MB
  Batch 5 [175,210) done in 83 ms  h_edges=2527001
  NeighborhoodSlab: 35 threads × 2304 KB = 78 MB
  Batch 6 [210,245) done in 92 ms  h_edges=2527967
  NeighborhoodSlab: 35 threads × 2304 KB = 78 MB
  Batch 7 [245,280) done in 79 ms  h_edges=2528826
  NeighborhoodSlab: 35 threads × 2304 KB = 78 MB
  Batch 8 [280,315) done in 46 ms  h_edges=2529530
  NeighborhoodSlab: 35 threads × 2304 KB = 78 MB
  Batch 9 [315,350) done in 36 ms  h_edges=2530155
  NeighborhoodSlab: 35 threads × 2304 KB = 78 MB
  Batch 10 [350,385) done in 62 ms  h_edges=2530943
  NeighborhoodSlab: 35 threads × 2304 KB = 78 MB
  Batch 11 [385,420) done in 44 ms  h_edges=2531686
  NeighborhoodSlab: 35 threads × 2304 KB = 78 MB
  Batch 12 [420,455) done in 49 ms  h_edges=2532281
  NeighborhoodSlab: 35 threads × 2304 KB = 78 MB
  Batch 13 [455,490) done in 57 ms  h_edges=2532811
  NeighborhoodSlab: 35 threads × 2304 KB = 78 MB
  Batch 14 [490,525) done in 37 ms  h_edges=2533390
  NeighborhoodSlab: 35 threads × 2304 KB = 78 MB
  Batch 15 [525,560) done in 47 ms  h_edges=2533924
  NeighborhoodSlab: 35 threads × 2304 KB = 78 MB
  Batch 16 [560,595) done in 52 ms  h_edges=2534483
  NeighborhoodSlab: 35 threads × 2304 KB = 78 MB
  Batch 17 [595,630) done in 57 ms  h_edges=2535410
  NeighborhoodSlab: 35 threads × 2304 KB = 78 MB
  Batch 18 [630,665) done in 63 ms  h_edges=2536136
  NeighborhoodSlab: 35 threads × 2304 KB = 78 MB
  Batch 19 [665,700) done in 99 ms  h_edges=2536791
  NeighborhoodSlab: 35 threads × 2304 KB = 78 MB
  Batch 20 [700,735) done in 43 ms  h_edges=2537387
  NeighborhoodSlab: 35 threads × 2304 KB = 78 MB
  Batch 21 [735,770) done in 66 ms  h_edges=2538062
  NeighborhoodSlab: 35 threads × 2304 KB = 78 MB
  Batch 22 [770,805) done in 57 ms  h_edges=2538598
  NeighborhoodSlab: 35 threads × 2304 KB = 78 MB
  Batch 23 [805,840) done in 61 ms  h_edges=2539244
  NeighborhoodSlab: 24 threads × 2304 KB = 54 MB
  Batch 24 [840,864) done in 29 ms  h_edges=2539717
  DeviceGraph: fwd=1461269 bwd=1461269 edges
  Year 2027 total: 3239 ms  (pop: 87176)

--- Year 2028 (pop: 87176) ---
  Adding 872 new papers
  DeviceGraph: fwd=1461269 bwd=1461269 edges
  Processing 872 papers in 25 batches of ~35
  NeighborhoodSlab: 35 threads × 2304 KB = 78 MB
  Batch 0 [0,35) done in 40 ms  h_edges=2540285
  NeighborhoodSlab: 35 threads × 2304 KB = 78 MB
  Batch 1 [35,70) done in 79 ms  h_edges=2541017
  NeighborhoodSlab: 35 threads × 2304 KB = 78 MB
  Batch 2 [70,105) done in 77 ms  h_edges=2541656
  NeighborhoodSlab: 35 threads × 2304 KB = 78 MB
  Batch 3 [105,140) done in 71 ms  h_edges=2542439
  NeighborhoodSlab: 35 threads × 2304 KB = 78 MB
  Batch 4 [140,175) done in 66 ms  h_edges=2543128
  NeighborhoodSlab: 35 threads × 2304 KB = 78 MB
  Batch 5 [175,210) done in 75 ms  h_edges=2543954
  NeighborhoodSlab: 35 threads × 2304 KB = 78 MB
  Batch 6 [210,245) done in 74 ms  h_edges=2544548
  NeighborhoodSlab: 35 threads × 2304 KB = 78 MB
  Batch 7 [245,280) done in 66 ms  h_edges=2545134
  NeighborhoodSlab: 35 threads × 2304 KB = 78 MB
  Batch 8 [280,315) done in 53 ms  h_edges=2545728
  NeighborhoodSlab: 35 threads × 2304 KB = 78 MB
  Batch 9 [315,350) done in 59 ms  h_edges=2546499
  NeighborhoodSlab: 35 threads × 2304 KB = 78 MB
  Batch 10 [350,385) done in 67 ms  h_edges=2547274
  NeighborhoodSlab: 35 threads × 2304 KB = 78 MB
  Batch 11 [385,420) done in 56 ms  h_edges=2547927
  NeighborhoodSlab: 35 threads × 2304 KB = 78 MB
  Batch 12 [420,455) done in 66 ms  h_edges=2548519
  NeighborhoodSlab: 35 threads × 2304 KB = 78 MB
  Batch 13 [455,490) done in 63 ms  h_edges=2549109
  NeighborhoodSlab: 35 threads × 2304 KB = 78 MB
  Batch 14 [490,525) done in 81 ms  h_edges=2549669
  NeighborhoodSlab: 35 threads × 2304 KB = 78 MB
  Batch 15 [525,560) done in 43 ms  h_edges=2550435
  NeighborhoodSlab: 35 threads × 2304 KB = 78 MB
  Batch 16 [560,595) done in 44 ms  h_edges=2550980
  NeighborhoodSlab: 35 threads × 2304 KB = 78 MB
  Batch 17 [595,630) done in 71 ms  h_edges=2551576
  NeighborhoodSlab: 35 threads × 2304 KB = 78 MB
  Batch 18 [630,665) done in 92 ms  h_edges=2552261
  NeighborhoodSlab: 35 threads × 2304 KB = 78 MB
  Batch 19 [665,700) done in 54 ms  h_edges=2553365
  NeighborhoodSlab: 35 threads × 2304 KB = 78 MB
  Batch 20 [700,735) done in 85 ms  h_edges=2554117
  NeighborhoodSlab: 35 threads × 2304 KB = 78 MB
  Batch 21 [735,770) done in 73 ms  h_edges=2555149
  NeighborhoodSlab: 35 threads × 2304 KB = 78 MB
  Batch 22 [770,805) done in 53 ms  h_edges=2555946
  NeighborhoodSlab: 35 threads × 2304 KB = 78 MB
  Batch 23 [805,840) done in 26 ms  h_edges=2556580
  NeighborhoodSlab: 32 threads × 2304 KB = 72 MB
  Batch 24 [840,872) done in 93 ms  h_edges=2557048
  DeviceGraph: fwd=1478600 bwd=1478600 edges
  Year 2028 total: 3398 ms  (pop: 88048)

--- Year 2029 (pop: 88048) ---
  Adding 881 new papers
  DeviceGraph: fwd=1478600 bwd=1478600 edges
  Processing 881 papers in 25 batches of ~36
  NeighborhoodSlab: 36 threads × 2304 KB = 81 MB
  Batch 0 [0,36) done in 48 ms  h_edges=2557760
  NeighborhoodSlab: 36 threads × 2304 KB = 81 MB
  Batch 1 [36,72) done in 61 ms  h_edges=2558431
  NeighborhoodSlab: 36 threads × 2304 KB = 81 MB
  Batch 2 [72,108) done in 90 ms  h_edges=2559126
  NeighborhoodSlab: 36 threads × 2304 KB = 81 MB
  Batch 3 [108,144) done in 140 ms  h_edges=2559576
  NeighborhoodSlab: 36 threads × 2304 KB = 81 MB
  Batch 4 [144,180) done in 42 ms  h_edges=2560715
  NeighborhoodSlab: 36 threads × 2304 KB = 81 MB
  Batch 5 [180,216) done in 35 ms  h_edges=2561433
  NeighborhoodSlab: 36 threads × 2304 KB = 81 MB
  Batch 6 [216,252) done in 41 ms  h_edges=2562332
  NeighborhoodSlab: 36 threads × 2304 KB = 81 MB
  Batch 7 [252,288) done in 55 ms  h_edges=2563176
  NeighborhoodSlab: 36 threads × 2304 KB = 81 MB
  Batch 8 [288,324) done in 68 ms  h_edges=2563798
  NeighborhoodSlab: 36 threads × 2304 KB = 81 MB
  Batch 9 [324,360) done in 84 ms  h_edges=2564666
  NeighborhoodSlab: 36 threads × 2304 KB = 81 MB
  Batch 10 [360,396) done in 65 ms  h_edges=2565602
  NeighborhoodSlab: 36 threads × 2304 KB = 81 MB
  Batch 11 [396,432) done in 62 ms  h_edges=2566132
  NeighborhoodSlab: 36 threads × 2304 KB = 81 MB
  Batch 12 [432,468) done in 76 ms  h_edges=2566757
  NeighborhoodSlab: 36 threads × 2304 KB = 81 MB
  Batch 13 [468,504) done in 52 ms  h_edges=2567398
  NeighborhoodSlab: 36 threads × 2304 KB = 81 MB
  Batch 14 [504,540) done in 64 ms  h_edges=2567945
  NeighborhoodSlab: 36 threads × 2304 KB = 81 MB
  Batch 15 [540,576) done in 59 ms  h_edges=2568729
  NeighborhoodSlab: 36 threads × 2304 KB = 81 MB
  Batch 16 [576,612) done in 90 ms  h_edges=2569547
  NeighborhoodSlab: 36 threads × 2304 KB = 81 MB
  Batch 17 [612,648) done in 68 ms  h_edges=2570215
  NeighborhoodSlab: 36 threads × 2304 KB = 81 MB
  Batch 18 [648,684) done in 72 ms  h_edges=2570958
  NeighborhoodSlab: 36 threads × 2304 KB = 81 MB
  Batch 19 [684,720) done in 50 ms  h_edges=2571458
  NeighborhoodSlab: 36 threads × 2304 KB = 81 MB
  Batch 20 [720,756) done in 55 ms  h_edges=2572318
  NeighborhoodSlab: 36 threads × 2304 KB = 81 MB
  Batch 21 [756,792) done in 73 ms  h_edges=2573027
  NeighborhoodSlab: 36 threads × 2304 KB = 81 MB
  Batch 22 [792,828) done in 50 ms  h_edges=2573752
  NeighborhoodSlab: 36 threads × 2304 KB = 81 MB
  Batch 23 [828,864) done in 48 ms  h_edges=2574771
  NeighborhoodSlab: 17 threads × 2304 KB = 38 MB
  Batch 24 [864,881) done in 34 ms  h_edges=2575142
  DeviceGraph: fwd=1496694 bwd=1496694 edges
  Year 2029 total: 3411 ms  (pop: 88929)

--- Year 2030 (pop: 88929) ---
  Adding 890 new papers
  DeviceGraph: fwd=1496694 bwd=1496694 edges
  Processing 890 papers in 25 batches of ~36
  NeighborhoodSlab: 36 threads × 2304 KB = 81 MB
  Batch 0 [0,36) done in 63 ms  h_edges=2576236
  NeighborhoodSlab: 36 threads × 2304 KB = 81 MB
  Batch 1 [36,72) done in 51 ms  h_edges=2576949
  NeighborhoodSlab: 36 threads × 2304 KB = 81 MB
  Batch 2 [72,108) done in 78 ms  h_edges=2577761
  NeighborhoodSlab: 36 threads × 2304 KB = 81 MB
  Batch 3 [108,144) done in 49 ms  h_edges=2578256
  NeighborhoodSlab: 36 threads × 2304 KB = 81 MB
  Batch 4 [144,180) done in 88 ms  h_edges=2578934
  NeighborhoodSlab: 36 threads × 2304 KB = 81 MB
  Batch 5 [180,216) done in 76 ms  h_edges=2579562
  NeighborhoodSlab: 36 threads × 2304 KB = 81 MB
  Batch 6 [216,252) done in 118 ms  h_edges=2580334
  NeighborhoodSlab: 36 threads × 2304 KB = 81 MB
  Batch 7 [252,288) done in 56 ms  h_edges=2581004
  NeighborhoodSlab: 36 threads × 2304 KB = 81 MB
  Batch 8 [288,324) done in 55 ms  h_edges=2581753
  NeighborhoodSlab: 36 threads × 2304 KB = 81 MB
  Batch 9 [324,360) done in 59 ms  h_edges=2582277
  NeighborhoodSlab: 36 threads × 2304 KB = 81 MB
  Batch 10 [360,396) done in 56 ms  h_edges=2583062
  NeighborhoodSlab: 36 threads × 2304 KB = 81 MB
  Batch 11 [396,432) done in 65 ms  h_edges=2583794
  NeighborhoodSlab: 36 threads × 2304 KB = 81 MB
  Batch 12 [432,468) done in 40 ms  h_edges=2584444
  NeighborhoodSlab: 36 threads × 2304 KB = 81 MB
  Batch 13 [468,504) done in 60 ms  h_edges=2585219
  NeighborhoodSlab: 36 threads × 2304 KB = 81 MB
  Batch 14 [504,540) done in 70 ms  h_edges=2585958
  NeighborhoodSlab: 36 threads × 2304 KB = 81 MB
  Batch 15 [540,576) done in 42 ms  h_edges=2586776
  NeighborhoodSlab: 36 threads × 2304 KB = 81 MB
  Batch 16 [576,612) done in 82 ms  h_edges=2587692
  NeighborhoodSlab: 36 threads × 2304 KB = 81 MB
  Batch 17 [612,648) done in 52 ms  h_edges=2588298
  NeighborhoodSlab: 36 threads × 2304 KB = 81 MB
  Batch 18 [648,684) done in 58 ms  h_edges=2589079
  NeighborhoodSlab: 36 threads × 2304 KB = 81 MB
  Batch 19 [684,720) done in 55 ms  h_edges=2590027
  NeighborhoodSlab: 36 threads × 2304 KB = 81 MB
  Batch 20 [720,756) done in 44 ms  h_edges=2591275
  NeighborhoodSlab: 36 threads × 2304 KB = 81 MB
  Batch 21 [756,792) done in 81 ms  h_edges=2591862
  NeighborhoodSlab: 36 threads × 2304 KB = 81 MB
  Batch 22 [792,828) done in 72 ms  h_edges=2592569
  NeighborhoodSlab: 36 threads × 2304 KB = 81 MB
  Batch 23 [828,864) done in 26 ms  h_edges=2593464
  NeighborhoodSlab: 26 threads × 2304 KB = 58 MB
  Batch 24 [864,890) done in 30 ms  h_edges=2593871
  DeviceGraph: fwd=1515423 bwd=1515423 edges
  Year 2030 total: 3370 ms  (pop: 89819)

=== Simulation Complete ===
Total: 31 s  Final pop: 89819

=== Exporting Results ===
Edges saved: ./output/10y/mass_cuda-twt-static-output-10y-1p.edgelist (2593871)
Attributes saved: ./output/10y/mass_cuda-twt-static-output-10y-1p.aux (89819 rows)

Done.

real	0m35.026s
user	0m33.952s
sys	0m0.931s
Running growth rate 3% for 10 years.
./output/10y/mass_cuda-amz-static-output-10y-3p.edgelist
./output/10y/mass_cuda-amz-static-output-10y-3p.aux
Citation Network ABM – MASS CUDA
=================================

Out-degree bag: 3980408 entries
Recency probs:  356 entries
BFS batches:    25 per year

=== Initializing Citation ABM ===

Inside parseNodelist...
Populating continuous node mappings (334863 nodes)...
parseNodelist done in 291 ms (334863 nodes)

Inside parseEdgelist...
parseEdgelist done in 97 ms (925872 edges)
Seed max year: 2020  → simulation starts at 2021
Max population: 452032
Seed population: 334863 papers
  DeviceGraph: fwd=925872 bwd=925872 edges
Initialization complete


=== Simulation Start ===

--- Year 2021 (pop: 334863) ---
  Adding 10046 new papers
  DeviceGraph: fwd=925872 bwd=925872 edges
  Processing 10046 papers in 25 batches of ~402
  NeighborhoodSlab: 402 threads × 2304 KB = 904 MB
  Batch 0 [0,402) done in 73 ms  h_edges=933559
  NeighborhoodSlab: 402 threads × 2304 KB = 904 MB
  Batch 1 [402,804) done in 72 ms  h_edges=941507
  NeighborhoodSlab: 402 threads × 2304 KB = 904 MB
  Batch 2 [804,1206) done in 72 ms  h_edges=950356
  NeighborhoodSlab: 402 threads × 2304 KB = 904 MB
  Batch 3 [1206,1608) done in 72 ms  h_edges=958429
  NeighborhoodSlab: 402 threads × 2304 KB = 904 MB
  Batch 4 [1608,2010) done in 71 ms  h_edges=965772
  NeighborhoodSlab: 402 threads × 2304 KB = 904 MB
  Batch 5 [2010,2412) done in 72 ms  h_edges=973272
  NeighborhoodSlab: 402 threads × 2304 KB = 904 MB
  Batch 6 [2412,2814) done in 72 ms  h_edges=979954
  NeighborhoodSlab: 402 threads × 2304 KB = 904 MB
  Batch 7 [2814,3216) done in 72 ms  h_edges=987970
  NeighborhoodSlab: 402 threads × 2304 KB = 904 MB
  Batch 8 [3216,3618) done in 72 ms  h_edges=996083
  NeighborhoodSlab: 402 threads × 2304 KB = 904 MB
  Batch 9 [3618,4020) done in 72 ms  h_edges=1003176
  NeighborhoodSlab: 402 threads × 2304 KB = 904 MB
  Batch 10 [4020,4422) done in 72 ms  h_edges=1011870
  NeighborhoodSlab: 402 threads × 2304 KB = 904 MB
  Batch 11 [4422,4824) done in 72 ms  h_edges=1019730
  NeighborhoodSlab: 402 threads × 2304 KB = 904 MB
  Batch 12 [4824,5226) done in 72 ms  h_edges=1028504
  NeighborhoodSlab: 402 threads × 2304 KB = 904 MB
  Batch 13 [5226,5628) done in 72 ms  h_edges=1036308
  NeighborhoodSlab: 402 threads × 2304 KB = 904 MB
  Batch 14 [5628,6030) done in 72 ms  h_edges=1045143
  NeighborhoodSlab: 402 threads × 2304 KB = 904 MB
  Batch 15 [6030,6432) done in 73 ms  h_edges=1052732
  NeighborhoodSlab: 402 threads × 2304 KB = 904 MB
  Batch 16 [6432,6834) done in 71 ms  h_edges=1059990
  NeighborhoodSlab: 402 threads × 2304 KB = 904 MB
  Batch 17 [6834,7236) done in 72 ms  h_edges=1068164
  NeighborhoodSlab: 402 threads × 2304 KB = 904 MB
  Batch 18 [7236,7638) done in 72 ms  h_edges=1076230
  NeighborhoodSlab: 402 threads × 2304 KB = 904 MB
  Batch 19 [7638,8040) done in 72 ms  h_edges=1084868
  NeighborhoodSlab: 402 threads × 2304 KB = 904 MB
  Batch 20 [8040,8442) done in 72 ms  h_edges=1092422
  NeighborhoodSlab: 402 threads × 2304 KB = 904 MB
  Batch 21 [8442,8844) done in 72 ms  h_edges=1100153
  NeighborhoodSlab: 402 threads × 2304 KB = 904 MB
  Batch 22 [8844,9246) done in 72 ms  h_edges=1107441
  NeighborhoodSlab: 402 threads × 2304 KB = 904 MB
  Batch 23 [9246,9648) done in 73 ms  h_edges=1115858
  NeighborhoodSlab: 398 threads × 2304 KB = 895 MB
  Batch 24 [9648,10046) done in 71 ms  h_edges=1123003
  DeviceGraph: fwd=1123003 bwd=1123003 edges
  Year 2021 total: 3606 ms  (pop: 344909)

--- Year 2022 (pop: 344909) ---
  Adding 10348 new papers
  DeviceGraph: fwd=1123003 bwd=1123003 edges
  Processing 10348 papers in 25 batches of ~414
  NeighborhoodSlab: 414 threads × 2304 KB = 931 MB
  Batch 0 [0,414) done in 72 ms  h_edges=1131073
  NeighborhoodSlab: 414 threads × 2304 KB = 931 MB
  Batch 1 [414,828) done in 72 ms  h_edges=1139207
  NeighborhoodSlab: 414 threads × 2304 KB = 931 MB
  Batch 2 [828,1242) done in 72 ms  h_edges=1146742
  NeighborhoodSlab: 414 threads × 2304 KB = 931 MB
  Batch 3 [1242,1656) done in 72 ms  h_edges=1154666
  NeighborhoodSlab: 414 threads × 2304 KB = 931 MB
  Batch 4 [1656,2070) done in 73 ms  h_edges=1163242
  NeighborhoodSlab: 414 threads × 2304 KB = 931 MB
  Batch 5 [2070,2484) done in 73 ms  h_edges=1172130
  NeighborhoodSlab: 414 threads × 2304 KB = 931 MB
  Batch 6 [2484,2898) done in 72 ms  h_edges=1179683
  NeighborhoodSlab: 414 threads × 2304 KB = 931 MB
  Batch 7 [2898,3312) done in 72 ms  h_edges=1188060
  NeighborhoodSlab: 414 threads × 2304 KB = 931 MB
  Batch 8 [3312,3726) done in 72 ms  h_edges=1195927
  NeighborhoodSlab: 414 threads × 2304 KB = 931 MB
  Batch 9 [3726,4140) done in 73 ms  h_edges=1204461
  NeighborhoodSlab: 414 threads × 2304 KB = 931 MB
  Batch 10 [4140,4554) done in 72 ms  h_edges=1212081
  NeighborhoodSlab: 414 threads × 2304 KB = 931 MB
  Batch 11 [4554,4968) done in 72 ms  h_edges=1219597
  NeighborhoodSlab: 414 threads × 2304 KB = 931 MB
  Batch 12 [4968,5382) done in 72 ms  h_edges=1227924
  NeighborhoodSlab: 414 threads × 2304 KB = 931 MB
  Batch 13 [5382,5796) done in 72 ms  h_edges=1235827
  NeighborhoodSlab: 414 threads × 2304 KB = 931 MB
  Batch 14 [5796,6210) done in 73 ms  h_edges=1244711
  NeighborhoodSlab: 414 threads × 2304 KB = 931 MB
  Batch 15 [6210,6624) done in 73 ms  h_edges=1252555
  NeighborhoodSlab: 414 threads × 2304 KB = 931 MB
  Batch 16 [6624,7038) done in 75 ms  h_edges=1260855
  NeighborhoodSlab: 414 threads × 2304 KB = 931 MB
  Batch 17 [7038,7452) done in 74 ms  h_edges=1268006
  NeighborhoodSlab: 414 threads × 2304 KB = 931 MB
  Batch 18 [7452,7866) done in 73 ms  h_edges=1276830
  NeighborhoodSlab: 414 threads × 2304 KB = 931 MB
  Batch 19 [7866,8280) done in 72 ms  h_edges=1284507
  NeighborhoodSlab: 414 threads × 2304 KB = 931 MB
  Batch 20 [8280,8694) done in 73 ms  h_edges=1293065
  NeighborhoodSlab: 414 threads × 2304 KB = 931 MB
  Batch 21 [8694,9108) done in 73 ms  h_edges=1301266
  NeighborhoodSlab: 414 threads × 2304 KB = 931 MB
  Batch 22 [9108,9522) done in 72 ms  h_edges=1309226
  NeighborhoodSlab: 414 threads × 2304 KB = 931 MB
  Batch 23 [9522,9936) done in 73 ms  h_edges=1316612
  NeighborhoodSlab: 412 threads × 2304 KB = 927 MB
  Batch 24 [9936,10348) done in 73 ms  h_edges=1324374
  DeviceGraph: fwd=1324374 bwd=1324374 edges
  Year 2022 total: 4045 ms  (pop: 355257)

--- Year 2023 (pop: 355257) ---
  Adding 10658 new papers
  DeviceGraph: fwd=1324374 bwd=1324374 edges
  Processing 10658 papers in 25 batches of ~427
  NeighborhoodSlab: 427 threads × 2304 KB = 960 MB
  Batch 0 [0,427) done in 72 ms  h_edges=1333044
  NeighborhoodSlab: 427 threads × 2304 KB = 960 MB
  Batch 1 [427,854) done in 73 ms  h_edges=1341128
  NeighborhoodSlab: 427 threads × 2304 KB = 960 MB
  Batch 2 [854,1281) done in 73 ms  h_edges=1349229
  NeighborhoodSlab: 427 threads × 2304 KB = 960 MB
  Batch 3 [1281,1708) done in 73 ms  h_edges=1357616
  NeighborhoodSlab: 427 threads × 2304 KB = 960 MB
  Batch 4 [1708,2135) done in 137 ms  h_edges=1366150
  NeighborhoodSlab: 427 threads × 2304 KB = 960 MB
  Batch 5 [2135,2562) done in 104 ms  h_edges=1374774
  NeighborhoodSlab: 427 threads × 2304 KB = 960 MB
  Batch 6 [2562,2989) done in 247 ms  h_edges=1383308
  NeighborhoodSlab: 427 threads × 2304 KB = 960 MB
  Batch 7 [2989,3416) done in 73 ms  h_edges=1391148
  NeighborhoodSlab: 427 threads × 2304 KB = 960 MB
  Batch 8 [3416,3843) done in 73 ms  h_edges=1399255
  NeighborhoodSlab: 427 threads × 2304 KB = 960 MB
  Batch 9 [3843,4270) done in 73 ms  h_edges=1407062
  NeighborhoodSlab: 427 threads × 2304 KB = 960 MB
  Batch 10 [4270,4697) done in 73 ms  h_edges=1415248
  NeighborhoodSlab: 427 threads × 2304 KB = 960 MB
  Batch 11 [4697,5124) done in 73 ms  h_edges=1423212
  NeighborhoodSlab: 427 threads × 2304 KB = 960 MB
  Batch 12 [5124,5551) done in 74 ms  h_edges=1431811
  NeighborhoodSlab: 427 threads × 2304 KB = 960 MB
  Batch 13 [5551,5978) done in 73 ms  h_edges=1440123
  NeighborhoodSlab: 427 threads × 2304 KB = 960 MB
  Batch 14 [5978,6405) done in 74 ms  h_edges=1449539
  NeighborhoodSlab: 427 threads × 2304 KB = 960 MB
  Batch 15 [6405,6832) done in 73 ms  h_edges=1457621
  NeighborhoodSlab: 427 threads × 2304 KB = 960 MB
  Batch 16 [6832,7259) done in 72 ms  h_edges=1465563
  NeighborhoodSlab: 427 threads × 2304 KB = 960 MB
  Batch 17 [7259,7686) done in 74 ms  h_edges=1473576
  NeighborhoodSlab: 427 threads × 2304 KB = 960 MB
  Batch 18 [7686,8113) done in 73 ms  h_edges=1482046
  NeighborhoodSlab: 427 threads × 2304 KB = 960 MB
  Batch 19 [8113,8540) done in 73 ms  h_edges=1490372
  NeighborhoodSlab: 427 threads × 2304 KB = 960 MB
  Batch 20 [8540,8967) done in 74 ms  h_edges=1499100
  NeighborhoodSlab: 427 threads × 2304 KB = 960 MB
  Batch 21 [8967,9394) done in 74 ms  h_edges=1507716
  NeighborhoodSlab: 427 threads × 2304 KB = 960 MB
  Batch 22 [9394,9821) done in 1214 ms  h_edges=1516483
  NeighborhoodSlab: 427 threads × 2304 KB = 960 MB
  Batch 23 [9821,10248) done in 198 ms  h_edges=1524984
  NeighborhoodSlab: 410 threads × 2304 KB = 922 MB
  Batch 24 [10248,10658) done in 128 ms  h_edges=1532717
  DeviceGraph: fwd=1532717 bwd=1532717 edges
  Year 2023 total: 5843 ms  (pop: 365915)

--- Year 2024 (pop: 365915) ---
  Adding 10978 new papers
  DeviceGraph: fwd=1532717 bwd=1532717 edges
  Processing 10978 papers in 25 batches of ~440
  NeighborhoodSlab: 440 threads × 2304 KB = 990 MB
  Batch 0 [0,440) done in 74 ms  h_edges=1541488
  NeighborhoodSlab: 440 threads × 2304 KB = 990 MB
  Batch 1 [440,880) done in 74 ms  h_edges=1550573
  NeighborhoodSlab: 440 threads × 2304 KB = 990 MB
  Batch 2 [880,1320) done in 74 ms  h_edges=1559476
  NeighborhoodSlab: 440 threads × 2304 KB = 990 MB
  Batch 3 [1320,1760) done in 74 ms  h_edges=1566857
  NeighborhoodSlab: 440 threads × 2304 KB = 990 MB
  Batch 4 [1760,2200) done in 73 ms  h_edges=1575086
  NeighborhoodSlab: 440 threads × 2304 KB = 990 MB
  Batch 5 [2200,2640) done in 75 ms  h_edges=1583162
  NeighborhoodSlab: 440 threads × 2304 KB = 990 MB
  Batch 6 [2640,3080) done in 75 ms  h_edges=1591476
  NeighborhoodSlab: 440 threads × 2304 KB = 990 MB
  Batch 7 [3080,3520) done in 75 ms  h_edges=1600902
  NeighborhoodSlab: 440 threads × 2304 KB = 990 MB
  Batch 8 [3520,3960) done in 75 ms  h_edges=1609546
  NeighborhoodSlab: 440 threads × 2304 KB = 990 MB
  Batch 9 [3960,4400) done in 77 ms  h_edges=1618803
  NeighborhoodSlab: 440 threads × 2304 KB = 990 MB
  Batch 10 [4400,4840) done in 74 ms  h_edges=1626806
  NeighborhoodSlab: 440 threads × 2304 KB = 990 MB
  Batch 11 [4840,5280) done in 74 ms  h_edges=1634676
  NeighborhoodSlab: 440 threads × 2304 KB = 990 MB
  Batch 12 [5280,5720) done in 75 ms  h_edges=1643150
  NeighborhoodSlab: 440 threads × 2304 KB = 990 MB
  Batch 13 [5720,6160) done in 75 ms  h_edges=1652723
  NeighborhoodSlab: 440 threads × 2304 KB = 990 MB
  Batch 14 [6160,6600) done in 74 ms  h_edges=1661490
  NeighborhoodSlab: 440 threads × 2304 KB = 990 MB
  Batch 15 [6600,7040) done in 74 ms  h_edges=1670298
  NeighborhoodSlab: 440 threads × 2304 KB = 990 MB
  Batch 16 [7040,7480) done in 73 ms  h_edges=1678705
  NeighborhoodSlab: 440 threads × 2304 KB = 990 MB
  Batch 17 [7480,7920) done in 74 ms  h_edges=1687093
  NeighborhoodSlab: 440 threads × 2304 KB = 990 MB
  Batch 18 [7920,8360) done in 74 ms  h_edges=1695773
  NeighborhoodSlab: 440 threads × 2304 KB = 990 MB
  Batch 19 [8360,8800) done in 73 ms  h_edges=1704210
  NeighborhoodSlab: 440 threads × 2304 KB = 990 MB
  Batch 20 [8800,9240) done in 73 ms  h_edges=1711903
  NeighborhoodSlab: 440 threads × 2304 KB = 990 MB
  Batch 21 [9240,9680) done in 74 ms  h_edges=1721144
  NeighborhoodSlab: 440 threads × 2304 KB = 990 MB
  Batch 22 [9680,10120) done in 73 ms  h_edges=1730037
  NeighborhoodSlab: 440 threads × 2304 KB = 990 MB
  Batch 23 [10120,10560) done in 73 ms  h_edges=1737574
  NeighborhoodSlab: 418 threads × 2304 KB = 940 MB
  Batch 24 [10560,10978) done in 73 ms  h_edges=1745552
  DeviceGraph: fwd=1745552 bwd=1745552 edges
  Year 2024 total: 4774 ms  (pop: 376893)

--- Year 2025 (pop: 376893) ---
  Adding 11307 new papers
  DeviceGraph: fwd=1745552 bwd=1745552 edges
  Processing 11307 papers in 25 batches of ~453
  NeighborhoodSlab: 453 threads × 2304 KB = 1019 MB
  Batch 0 [0,453) done in 74 ms  h_edges=1754689
  NeighborhoodSlab: 453 threads × 2304 KB = 1019 MB
  Batch 1 [453,906) done in 75 ms  h_edges=1763501
  NeighborhoodSlab: 453 threads × 2304 KB = 1019 MB
  Batch 2 [906,1359) done in 76 ms  h_edges=1772410
  NeighborhoodSlab: 453 threads × 2304 KB = 1019 MB
  Batch 3 [1359,1812) done in 75 ms  h_edges=1781010
  NeighborhoodSlab: 453 threads × 2304 KB = 1019 MB
  Batch 4 [1812,2265) done in 74 ms  h_edges=1789651
  NeighborhoodSlab: 453 threads × 2304 KB = 1019 MB
  Batch 5 [2265,2718) done in 75 ms  h_edges=1797914
  NeighborhoodSlab: 453 threads × 2304 KB = 1019 MB
  Batch 6 [2718,3171) done in 75 ms  h_edges=1807240
  NeighborhoodSlab: 453 threads × 2304 KB = 1019 MB
  Batch 7 [3171,3624) done in 75 ms  h_edges=1815741
  NeighborhoodSlab: 453 threads × 2304 KB = 1019 MB
  Batch 8 [3624,4077) done in 75 ms  h_edges=1825874
  NeighborhoodSlab: 453 threads × 2304 KB = 1019 MB
  Batch 9 [4077,4530) done in 75 ms  h_edges=1834803
  NeighborhoodSlab: 453 threads × 2304 KB = 1019 MB
  Batch 10 [4530,4983) done in 74 ms  h_edges=1843288
  NeighborhoodSlab: 453 threads × 2304 KB = 1019 MB
  Batch 11 [4983,5436) done in 76 ms  h_edges=1852102
  NeighborhoodSlab: 453 threads × 2304 KB = 1019 MB
  Batch 12 [5436,5889) done in 75 ms  h_edges=1861991
  NeighborhoodSlab: 453 threads × 2304 KB = 1019 MB
  Batch 13 [5889,6342) done in 75 ms  h_edges=1870069
  NeighborhoodSlab: 453 threads × 2304 KB = 1019 MB
  Batch 14 [6342,6795) done in 74 ms  h_edges=1878634
  NeighborhoodSlab: 453 threads × 2304 KB = 1019 MB
  Batch 15 [6795,7248) done in 75 ms  h_edges=1887279
  NeighborhoodSlab: 453 threads × 2304 KB = 1019 MB
  Batch 16 [7248,7701) done in 74 ms  h_edges=1896373
  NeighborhoodSlab: 453 threads × 2304 KB = 1019 MB
  Batch 17 [7701,8154) done in 75 ms  h_edges=1904997
  NeighborhoodSlab: 453 threads × 2304 KB = 1019 MB
  Batch 18 [8154,8607) done in 74 ms  h_edges=1914266
  NeighborhoodSlab: 453 threads × 2304 KB = 1019 MB
  Batch 19 [8607,9060) done in 75 ms  h_edges=1922080
  NeighborhoodSlab: 453 threads × 2304 KB = 1019 MB
  Batch 20 [9060,9513) done in 76 ms  h_edges=1930702
  NeighborhoodSlab: 453 threads × 2304 KB = 1019 MB
  Batch 21 [9513,9966) done in 74 ms  h_edges=1939027
  NeighborhoodSlab: 453 threads × 2304 KB = 1019 MB
  Batch 22 [9966,10419) done in 77 ms  h_edges=1947781
  NeighborhoodSlab: 453 threads × 2304 KB = 1019 MB
  Batch 23 [10419,10872) done in 75 ms  h_edges=1957031
  NeighborhoodSlab: 435 threads × 2304 KB = 978 MB
  Batch 24 [10872,11307) done in 75 ms  h_edges=1965319
  DeviceGraph: fwd=1965319 bwd=1965319 edges
  Year 2025 total: 5119 ms  (pop: 388200)

--- Year 2026 (pop: 388200) ---
  Adding 11646 new papers
  DeviceGraph: fwd=1965319 bwd=1965319 edges
  Processing 11646 papers in 25 batches of ~466
  NeighborhoodSlab: 466 threads × 2304 KB = 1048 MB
  Batch 0 [0,466) done in 77 ms  h_edges=1973469
  NeighborhoodSlab: 466 threads × 2304 KB = 1048 MB
  Batch 1 [466,932) done in 76 ms  h_edges=1983251
  NeighborhoodSlab: 466 threads × 2304 KB = 1048 MB
  Batch 2 [932,1398) done in 76 ms  h_edges=1992651
  NeighborhoodSlab: 466 threads × 2304 KB = 1048 MB
  Batch 3 [1398,1864) done in 74 ms  h_edges=2001313
  NeighborhoodSlab: 466 threads × 2304 KB = 1048 MB
  Batch 4 [1864,2330) done in 75 ms  h_edges=2011307
  NeighborhoodSlab: 466 threads × 2304 KB = 1048 MB
  Batch 5 [2330,2796) done in 75 ms  h_edges=2020964
  NeighborhoodSlab: 466 threads × 2304 KB = 1048 MB
  Batch 6 [2796,3262) done in 78 ms  h_edges=2030416
  NeighborhoodSlab: 466 threads × 2304 KB = 1048 MB
  Batch 7 [3262,3728) done in 74 ms  h_edges=2040244
  NeighborhoodSlab: 466 threads × 2304 KB = 1048 MB
  Batch 8 [3728,4194) done in 76 ms  h_edges=2049055
  NeighborhoodSlab: 466 threads × 2304 KB = 1048 MB
  Batch 9 [4194,4660) done in 76 ms  h_edges=2058796
  NeighborhoodSlab: 466 threads × 2304 KB = 1048 MB
  Batch 10 [4660,5126) done in 75 ms  h_edges=2068339
  NeighborhoodSlab: 466 threads × 2304 KB = 1048 MB
  Batch 11 [5126,5592) done in 78 ms  h_edges=2077423
  NeighborhoodSlab: 466 threads × 2304 KB = 1048 MB
  Batch 12 [5592,6058) done in 75 ms  h_edges=2086316
  NeighborhoodSlab: 466 threads × 2304 KB = 1048 MB
  Batch 13 [6058,6524) done in 75 ms  h_edges=2095003
  NeighborhoodSlab: 466 threads × 2304 KB = 1048 MB
  Batch 14 [6524,6990) done in 81 ms  h_edges=2103947
  NeighborhoodSlab: 466 threads × 2304 KB = 1048 MB
  Batch 15 [6990,7456) done in 77 ms  h_edges=2113228
  NeighborhoodSlab: 466 threads × 2304 KB = 1048 MB
  Batch 16 [7456,7922) done in 76 ms  h_edges=2122345
  NeighborhoodSlab: 466 threads × 2304 KB = 1048 MB
  Batch 17 [7922,8388) done in 78 ms  h_edges=2131192
  NeighborhoodSlab: 466 threads × 2304 KB = 1048 MB
  Batch 18 [8388,8854) done in 75 ms  h_edges=2140964
  NeighborhoodSlab: 466 threads × 2304 KB = 1048 MB
  Batch 19 [8854,9320) done in 79 ms  h_edges=2150853
  NeighborhoodSlab: 466 threads × 2304 KB = 1048 MB
  Batch 20 [9320,9786) done in 75 ms  h_edges=2160153
  NeighborhoodSlab: 466 threads × 2304 KB = 1048 MB
  Batch 21 [9786,10252) done in 75 ms  h_edges=2170040
  NeighborhoodSlab: 466 threads × 2304 KB = 1048 MB
  Batch 22 [10252,10718) done in 79 ms  h_edges=2179654
  NeighborhoodSlab: 466 threads × 2304 KB = 1048 MB
  Batch 23 [10718,11184) done in 76 ms  h_edges=2187871
  NeighborhoodSlab: 462 threads × 2304 KB = 1039 MB
  Batch 24 [11184,11646) done in 75 ms  h_edges=2197363
  DeviceGraph: fwd=2197363 bwd=2197363 edges
  Year 2026 total: 5571 ms  (pop: 399846)

--- Year 2027 (pop: 399846) ---
  Adding 11996 new papers
  DeviceGraph: fwd=2197363 bwd=2197363 edges
  Processing 11996 papers in 25 batches of ~480
  NeighborhoodSlab: 480 threads × 2304 KB = 1080 MB
  Batch 0 [0,480) done in 78 ms  h_edges=2205759
  NeighborhoodSlab: 480 threads × 2304 KB = 1080 MB
  Batch 1 [480,960) done in 78 ms  h_edges=2215375
  NeighborhoodSlab: 480 threads × 2304 KB = 1080 MB
  Batch 2 [960,1440) done in 75 ms  h_edges=2225145
  NeighborhoodSlab: 480 threads × 2304 KB = 1080 MB
  Batch 3 [1440,1920) done in 76 ms  h_edges=2235227
  NeighborhoodSlab: 480 threads × 2304 KB = 1080 MB
  Batch 4 [1920,2400) done in 81 ms  h_edges=2245113
  NeighborhoodSlab: 480 threads × 2304 KB = 1080 MB
  Batch 5 [2400,2880) done in 76 ms  h_edges=2253848
  NeighborhoodSlab: 480 threads × 2304 KB = 1080 MB
  Batch 6 [2880,3360) done in 77 ms  h_edges=2263225
  NeighborhoodSlab: 480 threads × 2304 KB = 1080 MB
  Batch 7 [3360,3840) done in 77 ms  h_edges=2272609
  NeighborhoodSlab: 480 threads × 2304 KB = 1080 MB
  Batch 8 [3840,4320) done in 78 ms  h_edges=2281740
  NeighborhoodSlab: 480 threads × 2304 KB = 1080 MB
  Batch 9 [4320,4800) done in 80 ms  h_edges=2291477
  NeighborhoodSlab: 480 threads × 2304 KB = 1080 MB
  Batch 10 [4800,5280) done in 75 ms  h_edges=2300711
  NeighborhoodSlab: 480 threads × 2304 KB = 1080 MB
  Batch 11 [5280,5760) done in 79 ms  h_edges=2310454
  NeighborhoodSlab: 480 threads × 2304 KB = 1080 MB
  Batch 12 [5760,6240) done in 76 ms  h_edges=2319833
  NeighborhoodSlab: 480 threads × 2304 KB = 1080 MB
  Batch 13 [6240,6720) done in 77 ms  h_edges=2329959
  NeighborhoodSlab: 480 threads × 2304 KB = 1080 MB
  Batch 14 [6720,7200) done in 78 ms  h_edges=2338948
  NeighborhoodSlab: 480 threads × 2304 KB = 1080 MB
  Batch 15 [7200,7680) done in 80 ms  h_edges=2348595
  NeighborhoodSlab: 480 threads × 2304 KB = 1080 MB
  Batch 16 [7680,8160) done in 77 ms  h_edges=2358717
  NeighborhoodSlab: 480 threads × 2304 KB = 1080 MB
  Batch 17 [8160,8640) done in 78 ms  h_edges=2368340
  NeighborhoodSlab: 480 threads × 2304 KB = 1080 MB
  Batch 18 [8640,9120) done in 78 ms  h_edges=2376891
  NeighborhoodSlab: 480 threads × 2304 KB = 1080 MB
  Batch 19 [9120,9600) done in 76 ms  h_edges=2385694
  NeighborhoodSlab: 480 threads × 2304 KB = 1080 MB
  Batch 20 [9600,10080) done in 76 ms  h_edges=2395449
  NeighborhoodSlab: 480 threads × 2304 KB = 1080 MB
  Batch 21 [10080,10560) done in 77 ms  h_edges=2405440
  NeighborhoodSlab: 480 threads × 2304 KB = 1080 MB
  Batch 22 [10560,11040) done in 78 ms  h_edges=2414868
  NeighborhoodSlab: 480 threads × 2304 KB = 1080 MB
  Batch 23 [11040,11520) done in 77 ms  h_edges=2423410
  NeighborhoodSlab: 476 threads × 2304 KB = 1071 MB
  Batch 24 [11520,11996) done in 76 ms  h_edges=2432296
  DeviceGraph: fwd=2432296 bwd=2432296 edges
  Year 2027 total: 6040 ms  (pop: 411842)

--- Year 2028 (pop: 411842) ---
  Adding 12356 new papers
  DeviceGraph: fwd=2432296 bwd=2432296 edges
  Processing 12356 papers in 25 batches of ~495
  NeighborhoodSlab: 495 threads × 2304 KB = 1113 MB
  Batch 0 [0,495) done in 79 ms  h_edges=2441401
  NeighborhoodSlab: 495 threads × 2304 KB = 1113 MB
  Batch 1 [495,990) done in 79 ms  h_edges=2450954
  NeighborhoodSlab: 495 threads × 2304 KB = 1113 MB
  Batch 2 [990,1485) done in 78 ms  h_edges=2461064
  NeighborhoodSlab: 495 threads × 2304 KB = 1113 MB
  Batch 3 [1485,1980) done in 80 ms  h_edges=2470840
  NeighborhoodSlab: 495 threads × 2304 KB = 1113 MB
  Batch 4 [1980,2475) done in 79 ms  h_edges=2481524
  NeighborhoodSlab: 495 threads × 2304 KB = 1113 MB
  Batch 5 [2475,2970) done in 77 ms  h_edges=2491485
  NeighborhoodSlab: 495 threads × 2304 KB = 1113 MB
  Batch 6 [2970,3465) done in 82 ms  h_edges=2501230
  NeighborhoodSlab: 495 threads × 2304 KB = 1113 MB
  Batch 7 [3465,3960) done in 78 ms  h_edges=2511086
  NeighborhoodSlab: 495 threads × 2304 KB = 1113 MB
  Batch 8 [3960,4455) done in 79 ms  h_edges=2520108
  NeighborhoodSlab: 495 threads × 2304 KB = 1113 MB
  Batch 9 [4455,4950) done in 77 ms  h_edges=2530568
  NeighborhoodSlab: 495 threads × 2304 KB = 1113 MB
  Batch 10 [4950,5445) done in 81 ms  h_edges=2541148
  NeighborhoodSlab: 495 threads × 2304 KB = 1113 MB
  Batch 11 [5445,5940) done in 78 ms  h_edges=2551160
  NeighborhoodSlab: 495 threads × 2304 KB = 1113 MB
  Batch 12 [5940,6435) done in 77 ms  h_edges=2560804
  NeighborhoodSlab: 495 threads × 2304 KB = 1113 MB
  Batch 13 [6435,6930) done in 80 ms  h_edges=2570699
  NeighborhoodSlab: 495 threads × 2304 KB = 1113 MB
  Batch 14 [6930,7425) done in 78 ms  h_edges=2581043
  NeighborhoodSlab: 495 threads × 2304 KB = 1113 MB
  Batch 15 [7425,7920) done in 79 ms  h_edges=2590871
  NeighborhoodSlab: 495 threads × 2304 KB = 1113 MB
  Batch 16 [7920,8415) done in 78 ms  h_edges=2599475
  NeighborhoodSlab: 495 threads × 2304 KB = 1113 MB
  Batch 17 [8415,8910) done in 80 ms  h_edges=2609343
  NeighborhoodSlab: 495 threads × 2304 KB = 1113 MB
  Batch 18 [8910,9405) done in 79 ms  h_edges=2618864
  NeighborhoodSlab: 495 threads × 2304 KB = 1113 MB
  Batch 19 [9405,9900) done in 79 ms  h_edges=2629247
  NeighborhoodSlab: 495 threads × 2304 KB = 1113 MB
  Batch 20 [9900,10395) done in 81 ms  h_edges=2639174
  NeighborhoodSlab: 495 threads × 2304 KB = 1113 MB
  Batch 21 [10395,10890) done in 77 ms  h_edges=2648449
  NeighborhoodSlab: 495 threads × 2304 KB = 1113 MB
  Batch 22 [10890,11385) done in 78 ms  h_edges=2659109
  NeighborhoodSlab: 495 threads × 2304 KB = 1113 MB
  Batch 23 [11385,11880) done in 80 ms  h_edges=2668364
  NeighborhoodSlab: 476 threads × 2304 KB = 1071 MB
  Batch 24 [11880,12356) done in 80 ms  h_edges=2678176
  DeviceGraph: fwd=2678176 bwd=2678176 edges
  Year 2028 total: 6223 ms  (pop: 424198)

--- Year 2029 (pop: 424198) ---
  Adding 12726 new papers
  DeviceGraph: fwd=2678176 bwd=2678176 edges
  Processing 12726 papers in 25 batches of ~510
  NeighborhoodSlab: 510 threads × 2304 KB = 1147 MB
  Batch 0 [0,510) done in 86 ms  h_edges=2687766
  NeighborhoodSlab: 510 threads × 2304 KB = 1147 MB
  Batch 1 [510,1020) done in 84 ms  h_edges=2698067
  NeighborhoodSlab: 510 threads × 2304 KB = 1147 MB
  Batch 2 [1020,1530) done in 79 ms  h_edges=2708536
  NeighborhoodSlab: 510 threads × 2304 KB = 1147 MB
  Batch 3 [1530,2040) done in 81 ms  h_edges=2718466
  NeighborhoodSlab: 510 threads × 2304 KB = 1147 MB
  Batch 4 [2040,2550) done in 82 ms  h_edges=2728721
  NeighborhoodSlab: 510 threads × 2304 KB = 1147 MB
  Batch 5 [2550,3060) done in 91 ms  h_edges=2738593
  NeighborhoodSlab: 510 threads × 2304 KB = 1147 MB
  Batch 6 [3060,3570) done in 80 ms  h_edges=2748858
  NeighborhoodSlab: 510 threads × 2304 KB = 1147 MB
  Batch 7 [3570,4080) done in 92 ms  h_edges=2758554
  NeighborhoodSlab: 510 threads × 2304 KB = 1147 MB
  Batch 8 [4080,4590) done in 92 ms  h_edges=2768414
  NeighborhoodSlab: 510 threads × 2304 KB = 1147 MB
  Batch 9 [4590,5100) done in 80 ms  h_edges=2776834
  NeighborhoodSlab: 510 threads × 2304 KB = 1147 MB
  Batch 10 [5100,5610) done in 87 ms  h_edges=2787667
  NeighborhoodSlab: 510 threads × 2304 KB = 1147 MB
  Batch 11 [5610,6120) done in 82 ms  h_edges=2797762
  NeighborhoodSlab: 510 threads × 2304 KB = 1147 MB
  Batch 12 [6120,6630) done in 79 ms  h_edges=2806900
  NeighborhoodSlab: 510 threads × 2304 KB = 1147 MB
  Batch 13 [6630,7140) done in 84 ms  h_edges=2817123
  NeighborhoodSlab: 510 threads × 2304 KB = 1147 MB
  Batch 14 [7140,7650) done in 86 ms  h_edges=2826655
  NeighborhoodSlab: 510 threads × 2304 KB = 1147 MB
  Batch 15 [7650,8160) done in 84 ms  h_edges=2835925
  NeighborhoodSlab: 510 threads × 2304 KB = 1147 MB
  Batch 16 [8160,8670) done in 85 ms  h_edges=2845653
  NeighborhoodSlab: 510 threads × 2304 KB = 1147 MB
  Batch 17 [8670,9180) done in 80 ms  h_edges=2855809
  NeighborhoodSlab: 510 threads × 2304 KB = 1147 MB
  Batch 18 [9180,9690) done in 80 ms  h_edges=2865742
  NeighborhoodSlab: 510 threads × 2304 KB = 1147 MB
  Batch 19 [9690,10200) done in 81 ms  h_edges=2875031
  NeighborhoodSlab: 510 threads × 2304 KB = 1147 MB
  Batch 20 [10200,10710) done in 84 ms  h_edges=2884960
  NeighborhoodSlab: 510 threads × 2304 KB = 1147 MB
  Batch 21 [10710,11220) done in 81 ms  h_edges=2893829
  NeighborhoodSlab: 510 threads × 2304 KB = 1147 MB
  Batch 22 [11220,11730) done in 83 ms  h_edges=2903439
  NeighborhoodSlab: 510 threads × 2304 KB = 1147 MB
  Batch 23 [11730,12240) done in 85 ms  h_edges=2913132
  NeighborhoodSlab: 486 threads × 2304 KB = 1093 MB
  Batch 24 [12240,12726) done in 80 ms  h_edges=2923727
  DeviceGraph: fwd=2923727 bwd=2923727 edges
  Year 2029 total: 6996 ms  (pop: 436924)

--- Year 2030 (pop: 436924) ---
  Adding 13108 new papers
  DeviceGraph: fwd=2923727 bwd=2923727 edges
  Processing 13108 papers in 25 batches of ~525
  NeighborhoodSlab: 525 threads × 2304 KB = 1181 MB
  Batch 0 [0,525) done in 101 ms  h_edges=2934443
  NeighborhoodSlab: 525 threads × 2304 KB = 1181 MB
  Batch 1 [525,1050) done in 87 ms  h_edges=2943442
  NeighborhoodSlab: 525 threads × 2304 KB = 1181 MB
  Batch 2 [1050,1575) done in 86 ms  h_edges=2953772
  NeighborhoodSlab: 525 threads × 2304 KB = 1181 MB
  Batch 3 [1575,2100) done in 83 ms  h_edges=2962983
  NeighborhoodSlab: 525 threads × 2304 KB = 1181 MB
  Batch 4 [2100,2625) done in 85 ms  h_edges=2973285
  NeighborhoodSlab: 525 threads × 2304 KB = 1181 MB
  Batch 5 [2625,3150) done in 84 ms  h_edges=2982761
  NeighborhoodSlab: 525 threads × 2304 KB = 1181 MB
  Batch 6 [3150,3675) done in 90 ms  h_edges=2992923
  NeighborhoodSlab: 525 threads × 2304 KB = 1181 MB
  Batch 7 [3675,4200) done in 88 ms  h_edges=3003627
  NeighborhoodSlab: 525 threads × 2304 KB = 1181 MB
  Batch 8 [4200,4725) done in 85 ms  h_edges=3014868
  NeighborhoodSlab: 525 threads × 2304 KB = 1181 MB
  Batch 9 [4725,5250) done in 82 ms  h_edges=3024984
  NeighborhoodSlab: 525 threads × 2304 KB = 1181 MB
  Batch 10 [5250,5775) done in 84 ms  h_edges=3035074
  NeighborhoodSlab: 525 threads × 2304 KB = 1181 MB
  Batch 11 [5775,6300) done in 83 ms  h_edges=3045000
  NeighborhoodSlab: 525 threads × 2304 KB = 1181 MB
  Batch 12 [6300,6825) done in 91 ms  h_edges=3056151
  NeighborhoodSlab: 525 threads × 2304 KB = 1181 MB
  Batch 13 [6825,7350) done in 84 ms  h_edges=3065794
  NeighborhoodSlab: 525 threads × 2304 KB = 1181 MB
  Batch 14 [7350,7875) done in 86 ms  h_edges=3076353
  NeighborhoodSlab: 525 threads × 2304 KB = 1181 MB
  Batch 15 [7875,8400) done in 87 ms  h_edges=3086133
  NeighborhoodSlab: 525 threads × 2304 KB = 1181 MB
  Batch 16 [8400,8925) done in 81 ms  h_edges=3095951
  NeighborhoodSlab: 525 threads × 2304 KB = 1181 MB
  Batch 17 [8925,9450) done in 86 ms  h_edges=3105723
  NeighborhoodSlab: 525 threads × 2304 KB = 1181 MB
  Batch 18 [9450,9975) done in 85 ms  h_edges=3117242
  NeighborhoodSlab: 525 threads × 2304 KB = 1181 MB
  Batch 19 [9975,10500) done in 88 ms  h_edges=3126982
  NeighborhoodSlab: 525 threads × 2304 KB = 1181 MB
  Batch 20 [10500,11025) done in 84 ms  h_edges=3136799
  NeighborhoodSlab: 525 threads × 2304 KB = 1181 MB
  Batch 21 [11025,11550) done in 85 ms  h_edges=3147290
  NeighborhoodSlab: 525 threads × 2304 KB = 1181 MB
  Batch 22 [11550,12075) done in 88 ms  h_edges=3156886
  NeighborhoodSlab: 525 threads × 2304 KB = 1181 MB
  Batch 23 [12075,12600) done in 83 ms  h_edges=3167214
  NeighborhoodSlab: 508 threads × 2304 KB = 1143 MB
  Batch 24 [12600,13108) done in 89 ms  h_edges=3176689
  DeviceGraph: fwd=3176689 bwd=3176689 edges
  Year 2030 total: 7458 ms  (pop: 450032)

=== Simulation Complete ===
Total: 55 s  Final pop: 450032

=== Exporting Results ===
Edges saved: ./output/10y/mass_cuda-amz-static-output-10y-3p.edgelist (3176689)
Attributes saved: ./output/10y/mass_cuda-amz-static-output-10y-3p.aux (450032 rows)

Done.

real	1m1.170s
user	0m57.703s
sys	0m1.566s
Running growth rate 3% for 10 years.
./output/10y/mass_cuda-eu-static-output-10y-3p.edgelist
./output/10y/mass_cuda-eu-static-output-10y-3p.aux
Citation Network ABM – MASS CUDA
=================================

Out-degree bag: 3980408 entries
Recency probs:  356 entries
BFS batches:    25 per year

=== Initializing Citation ABM ===

Inside parseNodelist...
Populating continuous node mappings (265009 nodes)...
parseNodelist done in 212 ms (265009 nodes)

Inside parseEdgelist...
parseEdgelist done in 42 ms (418956 edges)
Seed max year: 2020  → simulation starts at 2021
Max population: 358156
Seed population: 265009 papers
  DeviceGraph: fwd=364481 bwd=364481 edges
Initialization complete


=== Simulation Start ===

--- Year 2021 (pop: 265009) ---
  Adding 7951 new papers
  DeviceGraph: fwd=364481 bwd=364481 edges
  Processing 7951 papers in 25 batches of ~319
  NeighborhoodSlab: 319 threads × 2304 KB = 717 MB
  Batch 0 [0,319) done in 130 ms  h_edges=424725
  NeighborhoodSlab: 319 threads × 2304 KB = 717 MB
  Batch 1 [319,638) done in 103 ms  h_edges=431454
  NeighborhoodSlab: 319 threads × 2304 KB = 717 MB
  Batch 2 [638,957) done in 93 ms  h_edges=437602
  NeighborhoodSlab: 319 threads × 2304 KB = 717 MB
  Batch 3 [957,1276) done in 94 ms  h_edges=443524
  NeighborhoodSlab: 319 threads × 2304 KB = 717 MB
  Batch 4 [1276,1595) done in 84 ms  h_edges=450808
  NeighborhoodSlab: 319 threads × 2304 KB = 717 MB
  Batch 5 [1595,1914) done in 89 ms  h_edges=457619
  NeighborhoodSlab: 319 threads × 2304 KB = 717 MB
  Batch 6 [1914,2233) done in 90 ms  h_edges=463914
  NeighborhoodSlab: 319 threads × 2304 KB = 717 MB
  Batch 7 [2233,2552) done in 108 ms  h_edges=470003
  NeighborhoodSlab: 319 threads × 2304 KB = 717 MB
  Batch 8 [2552,2871) done in 147 ms  h_edges=475993
  NeighborhoodSlab: 319 threads × 2304 KB = 717 MB
  Batch 9 [2871,3190) done in 91 ms  h_edges=482121
  NeighborhoodSlab: 319 threads × 2304 KB = 717 MB
  Batch 10 [3190,3509) done in 97 ms  h_edges=488429
  NeighborhoodSlab: 319 threads × 2304 KB = 717 MB
  Batch 11 [3509,3828) done in 85 ms  h_edges=494906
  NeighborhoodSlab: 319 threads × 2304 KB = 717 MB
  Batch 12 [3828,4147) done in 91 ms  h_edges=501905
  NeighborhoodSlab: 319 threads × 2304 KB = 717 MB
  Batch 13 [4147,4466) done in 88 ms  h_edges=508411
  NeighborhoodSlab: 319 threads × 2304 KB = 717 MB
  Batch 14 [4466,4785) done in 85 ms  h_edges=513981
  NeighborhoodSlab: 319 threads × 2304 KB = 717 MB
  Batch 15 [4785,5104) done in 100 ms  h_edges=520403
  NeighborhoodSlab: 319 threads × 2304 KB = 717 MB
  Batch 16 [5104,5423) done in 171 ms  h_edges=527793
  NeighborhoodSlab: 319 threads × 2304 KB = 717 MB
  Batch 17 [5423,5742) done in 83 ms  h_edges=534364
  NeighborhoodSlab: 319 threads × 2304 KB = 717 MB
  Batch 18 [5742,6061) done in 113 ms  h_edges=540093
  NeighborhoodSlab: 319 threads × 2304 KB = 717 MB
  Batch 19 [6061,6380) done in 87 ms  h_edges=546174
  NeighborhoodSlab: 319 threads × 2304 KB = 717 MB
  Batch 20 [6380,6699) done in 135 ms  h_edges=553396
  NeighborhoodSlab: 319 threads × 2304 KB = 717 MB
  Batch 21 [6699,7018) done in 88 ms  h_edges=559680
  NeighborhoodSlab: 319 threads × 2304 KB = 717 MB
  Batch 22 [7018,7337) done in 87 ms  h_edges=565689
  NeighborhoodSlab: 319 threads × 2304 KB = 717 MB
  Batch 23 [7337,7656) done in 91 ms  h_edges=571651
  NeighborhoodSlab: 295 threads × 2304 KB = 663 MB
  Batch 24 [7656,7951) done in 86 ms  h_edges=577238
  DeviceGraph: fwd=522763 bwd=522763 edges
  Year 2021 total: 3143 ms  (pop: 272960)

--- Year 2022 (pop: 272960) ---
  Adding 8189 new papers
  DeviceGraph: fwd=522763 bwd=522763 edges
  Processing 8189 papers in 25 batches of ~328
  NeighborhoodSlab: 328 threads × 2304 KB = 738 MB
  Batch 0 [0,328) done in 107 ms  h_edges=583891
  NeighborhoodSlab: 328 threads × 2304 KB = 738 MB
  Batch 1 [328,656) done in 94 ms  h_edges=589643
  NeighborhoodSlab: 328 threads × 2304 KB = 738 MB
  Batch 2 [656,984) done in 100 ms  h_edges=596266
  NeighborhoodSlab: 328 threads × 2304 KB = 738 MB
  Batch 3 [984,1312) done in 108 ms  h_edges=602544
  NeighborhoodSlab: 328 threads × 2304 KB = 738 MB
  Batch 4 [1312,1640) done in 92 ms  h_edges=608518
  NeighborhoodSlab: 328 threads × 2304 KB = 738 MB
  Batch 5 [1640,1968) done in 87 ms  h_edges=613950
  NeighborhoodSlab: 328 threads × 2304 KB = 738 MB
  Batch 6 [1968,2296) done in 398 ms  h_edges=619900
  NeighborhoodSlab: 328 threads × 2304 KB = 738 MB
  Batch 7 [2296,2624) done in 104 ms  h_edges=625973
  NeighborhoodSlab: 328 threads × 2304 KB = 738 MB
  Batch 8 [2624,2952) done in 145 ms  h_edges=632907
  NeighborhoodSlab: 328 threads × 2304 KB = 738 MB
  Batch 9 [2952,3280) done in 95 ms  h_edges=639795
  NeighborhoodSlab: 328 threads × 2304 KB = 738 MB
  Batch 10 [3280,3608) done in 100 ms  h_edges=645777
  NeighborhoodSlab: 328 threads × 2304 KB = 738 MB
  Batch 11 [3608,3936) done in 92 ms  h_edges=652331
  NeighborhoodSlab: 328 threads × 2304 KB = 738 MB
  Batch 12 [3936,4264) done in 106 ms  h_edges=658911
  NeighborhoodSlab: 328 threads × 2304 KB = 738 MB
  Batch 13 [4264,4592) done in 100 ms  h_edges=665560
  NeighborhoodSlab: 328 threads × 2304 KB = 738 MB
  Batch 14 [4592,4920) done in 103 ms  h_edges=672754
  NeighborhoodSlab: 328 threads × 2304 KB = 738 MB
  Batch 15 [4920,5248) done in 89 ms  h_edges=678899
  NeighborhoodSlab: 328 threads × 2304 KB = 738 MB
  Batch 16 [5248,5576) done in 109 ms  h_edges=686313
  NeighborhoodSlab: 328 threads × 2304 KB = 738 MB
  Batch 17 [5576,5904) done in 113 ms  h_edges=692909
  NeighborhoodSlab: 328 threads × 2304 KB = 738 MB
  Batch 18 [5904,6232) done in 96 ms  h_edges=700444
  NeighborhoodSlab: 328 threads × 2304 KB = 738 MB
  Batch 19 [6232,6560) done in 98 ms  h_edges=707101
  NeighborhoodSlab: 328 threads × 2304 KB = 738 MB
  Batch 20 [6560,6888) done in 98 ms  h_edges=712406
  NeighborhoodSlab: 328 threads × 2304 KB = 738 MB
  Batch 21 [6888,7216) done in 149 ms  h_edges=718076
  NeighborhoodSlab: 328 threads × 2304 KB = 738 MB
  Batch 22 [7216,7544) done in 125 ms  h_edges=723505
  NeighborhoodSlab: 328 threads × 2304 KB = 738 MB
  Batch 23 [7544,7872) done in 113 ms  h_edges=729966
  NeighborhoodSlab: 317 threads × 2304 KB = 713 MB
  Batch 24 [7872,8189) done in 91 ms  h_edges=735651
  DeviceGraph: fwd=681176 bwd=681176 edges
  Year 2022 total: 3828 ms  (pop: 281149)

--- Year 2023 (pop: 281149) ---
  Adding 8435 new papers
  DeviceGraph: fwd=681176 bwd=681176 edges
  Processing 8435 papers in 25 batches of ~338
  NeighborhoodSlab: 338 threads × 2304 KB = 760 MB
  Batch 0 [0,338) done in 124 ms  h_edges=741929
  NeighborhoodSlab: 338 threads × 2304 KB = 760 MB
  Batch 1 [338,676) done in 124 ms  h_edges=749938
  NeighborhoodSlab: 338 threads × 2304 KB = 760 MB
  Batch 2 [676,1014) done in 108 ms  h_edges=756305
  NeighborhoodSlab: 338 threads × 2304 KB = 760 MB
  Batch 3 [1014,1352) done in 121 ms  h_edges=762650
  NeighborhoodSlab: 338 threads × 2304 KB = 760 MB
  Batch 4 [1352,1690) done in 104 ms  h_edges=768567
  NeighborhoodSlab: 338 threads × 2304 KB = 760 MB
  Batch 5 [1690,2028) done in 104 ms  h_edges=775360
  NeighborhoodSlab: 338 threads × 2304 KB = 760 MB
  Batch 6 [2028,2366) done in 145 ms  h_edges=782253
  NeighborhoodSlab: 338 threads × 2304 KB = 760 MB
  Batch 7 [2366,2704) done in 106 ms  h_edges=788751
  NeighborhoodSlab: 338 threads × 2304 KB = 760 MB
  Batch 8 [2704,3042) done in 104 ms  h_edges=796228
  NeighborhoodSlab: 338 threads × 2304 KB = 760 MB
  Batch 9 [3042,3380) done in 112 ms  h_edges=802900
  NeighborhoodSlab: 338 threads × 2304 KB = 760 MB
  Batch 10 [3380,3718) done in 133 ms  h_edges=809895
  NeighborhoodSlab: 338 threads × 2304 KB = 760 MB
  Batch 11 [3718,4056) done in 111 ms  h_edges=816757
  NeighborhoodSlab: 338 threads × 2304 KB = 760 MB
  Batch 12 [4056,4394) done in 143 ms  h_edges=823341
  NeighborhoodSlab: 338 threads × 2304 KB = 760 MB
  Batch 13 [4394,4732) done in 122 ms  h_edges=829870
  NeighborhoodSlab: 338 threads × 2304 KB = 760 MB
  Batch 14 [4732,5070) done in 125 ms  h_edges=837038
  NeighborhoodSlab: 338 threads × 2304 KB = 760 MB
  Batch 15 [5070,5408) done in 114 ms  h_edges=843710
  NeighborhoodSlab: 338 threads × 2304 KB = 760 MB
  Batch 16 [5408,5746) done in 130 ms  h_edges=850636
  NeighborhoodSlab: 338 threads × 2304 KB = 760 MB
  Batch 17 [5746,6084) done in 122 ms  h_edges=856752
  NeighborhoodSlab: 338 threads × 2304 KB = 760 MB
  Batch 18 [6084,6422) done in 135 ms  h_edges=863195
  NeighborhoodSlab: 338 threads × 2304 KB = 760 MB
  Batch 19 [6422,6760) done in 106 ms  h_edges=869798
  NeighborhoodSlab: 338 threads × 2304 KB = 760 MB
  Batch 20 [6760,7098) done in 116 ms  h_edges=876427
  NeighborhoodSlab: 338 threads × 2304 KB = 760 MB
  Batch 21 [7098,7436) done in 135 ms  h_edges=883652
  NeighborhoodSlab: 338 threads × 2304 KB = 760 MB
  Batch 22 [7436,7774) done in 109 ms  h_edges=889870
  NeighborhoodSlab: 338 threads × 2304 KB = 760 MB
  Batch 23 [7774,8112) done in 130 ms  h_edges=896584
  NeighborhoodSlab: 323 threads × 2304 KB = 726 MB
  Batch 24 [8112,8435) done in 105 ms  h_edges=903046
  DeviceGraph: fwd=848571 bwd=848571 edges
  Year 2023 total: 4130 ms  (pop: 289584)

--- Year 2024 (pop: 289584) ---
  Adding 8688 new papers
  DeviceGraph: fwd=848571 bwd=848571 edges
  Processing 8688 papers in 25 batches of ~348
  NeighborhoodSlab: 348 threads × 2304 KB = 783 MB
  Batch 0 [0,348) done in 110 ms  h_edges=909903
  NeighborhoodSlab: 348 threads × 2304 KB = 783 MB
  Batch 1 [348,696) done in 124 ms  h_edges=916787
  NeighborhoodSlab: 348 threads × 2304 KB = 783 MB
  Batch 2 [696,1044) done in 146 ms  h_edges=923636
  NeighborhoodSlab: 348 threads × 2304 KB = 783 MB
  Batch 3 [1044,1392) done in 138 ms  h_edges=930122
  NeighborhoodSlab: 348 threads × 2304 KB = 783 MB
  Batch 4 [1392,1740) done in 133 ms  h_edges=937249
  NeighborhoodSlab: 348 threads × 2304 KB = 783 MB
  Batch 5 [1740,2088) done in 131 ms  h_edges=943872
  NeighborhoodSlab: 348 threads × 2304 KB = 783 MB
  Batch 6 [2088,2436) done in 152 ms  h_edges=950887
  NeighborhoodSlab: 348 threads × 2304 KB = 783 MB
  Batch 7 [2436,2784) done in 144 ms  h_edges=958055
  NeighborhoodSlab: 348 threads × 2304 KB = 783 MB
  Batch 8 [2784,3132) done in 150 ms  h_edges=964994
  NeighborhoodSlab: 348 threads × 2304 KB = 783 MB
  Batch 9 [3132,3480) done in 139 ms  h_edges=971810
  NeighborhoodSlab: 348 threads × 2304 KB = 783 MB
  Batch 10 [3480,3828) done in 141 ms  h_edges=978314
  NeighborhoodSlab: 348 threads × 2304 KB = 783 MB
  Batch 11 [3828,4176) done in 139 ms  h_edges=985971
  NeighborhoodSlab: 348 threads × 2304 KB = 783 MB
  Batch 12 [4176,4524) done in 166 ms  h_edges=992937
  NeighborhoodSlab: 348 threads × 2304 KB = 783 MB
  Batch 13 [4524,4872) done in 153 ms  h_edges=998937
  NeighborhoodSlab: 348 threads × 2304 KB = 783 MB
  Batch 14 [4872,5220) done in 114 ms  h_edges=1005767
  NeighborhoodSlab: 348 threads × 2304 KB = 783 MB
  Batch 15 [5220,5568) done in 119 ms  h_edges=1012089
  NeighborhoodSlab: 348 threads × 2304 KB = 783 MB
  Batch 16 [5568,5916) done in 182 ms  h_edges=1019027
  NeighborhoodSlab: 348 threads × 2304 KB = 783 MB
  Batch 17 [5916,6264) done in 147 ms  h_edges=1026594
  NeighborhoodSlab: 348 threads × 2304 KB = 783 MB
  Batch 18 [6264,6612) done in 129 ms  h_edges=1032797
  NeighborhoodSlab: 348 threads × 2304 KB = 783 MB
  Batch 19 [6612,6960) done in 110 ms  h_edges=1040209
  NeighborhoodSlab: 348 threads × 2304 KB = 783 MB
  Batch 20 [6960,7308) done in 135 ms  h_edges=1046461
  NeighborhoodSlab: 348 threads × 2304 KB = 783 MB
  Batch 21 [7308,7656) done in 152 ms  h_edges=1053068
  NeighborhoodSlab: 348 threads × 2304 KB = 783 MB
  Batch 22 [7656,8004) done in 151 ms  h_edges=1060749
  NeighborhoodSlab: 348 threads × 2304 KB = 783 MB
  Batch 23 [8004,8352) done in 141 ms  h_edges=1067216
  NeighborhoodSlab: 336 threads × 2304 KB = 756 MB
  Batch 24 [8352,8688) done in 127 ms  h_edges=1073745
  DeviceGraph: fwd=1019270 bwd=1019270 edges
  Year 2024 total: 4735 ms  (pop: 298272)

--- Year 2025 (pop: 298272) ---
  Adding 8949 new papers
  DeviceGraph: fwd=1019270 bwd=1019270 edges
  Processing 8949 papers in 25 batches of ~358
  NeighborhoodSlab: 358 threads × 2304 KB = 805 MB
  Batch 0 [0,358) done in 245 ms  h_edges=1080508
  NeighborhoodSlab: 358 threads × 2304 KB = 805 MB
  Batch 1 [358,716) done in 124 ms  h_edges=1087127
  NeighborhoodSlab: 358 threads × 2304 KB = 805 MB
  Batch 2 [716,1074) done in 167 ms  h_edges=1093749
  NeighborhoodSlab: 358 threads × 2304 KB = 805 MB
  Batch 3 [1074,1432) done in 164 ms  h_edges=1100714
  NeighborhoodSlab: 358 threads × 2304 KB = 805 MB
  Batch 4 [1432,1790) done in 165 ms  h_edges=1107877
  NeighborhoodSlab: 358 threads × 2304 KB = 805 MB
  Batch 5 [1790,2148) done in 171 ms  h_edges=1115265
  NeighborhoodSlab: 358 threads × 2304 KB = 805 MB
  Batch 6 [2148,2506) done in 142 ms  h_edges=1122358
  NeighborhoodSlab: 358 threads × 2304 KB = 805 MB
  Batch 7 [2506,2864) done in 150 ms  h_edges=1129656
  NeighborhoodSlab: 358 threads × 2304 KB = 805 MB
  Batch 8 [2864,3222) done in 151 ms  h_edges=1136076
  NeighborhoodSlab: 358 threads × 2304 KB = 805 MB
  Batch 9 [3222,3580) done in 250 ms  h_edges=1143584
  NeighborhoodSlab: 358 threads × 2304 KB = 805 MB
  Batch 10 [3580,3938) done in 177 ms  h_edges=1150918
  NeighborhoodSlab: 358 threads × 2304 KB = 805 MB
  Batch 11 [3938,4296) done in 135 ms  h_edges=1157533
  NeighborhoodSlab: 358 threads × 2304 KB = 805 MB
  Batch 12 [4296,4654) done in 166 ms  h_edges=1164743
  NeighborhoodSlab: 358 threads × 2304 KB = 805 MB
  Batch 13 [4654,5012) done in 147 ms  h_edges=1172331
  NeighborhoodSlab: 358 threads × 2304 KB = 805 MB
  Batch 14 [5012,5370) done in 166 ms  h_edges=1179384
  NeighborhoodSlab: 358 threads × 2304 KB = 805 MB
  Batch 15 [5370,5728) done in 162 ms  h_edges=1186012
  NeighborhoodSlab: 358 threads × 2304 KB = 805 MB
  Batch 16 [5728,6086) done in 151 ms  h_edges=1193158
  NeighborhoodSlab: 358 threads × 2304 KB = 805 MB
  Batch 17 [6086,6444) done in 175 ms  h_edges=1200126
  NeighborhoodSlab: 358 threads × 2304 KB = 805 MB
  Batch 18 [6444,6802) done in 154 ms  h_edges=1207545
  NeighborhoodSlab: 358 threads × 2304 KB = 805 MB
  Batch 19 [6802,7160) done in 135 ms  h_edges=1214000
  NeighborhoodSlab: 358 threads × 2304 KB = 805 MB
  Batch 20 [7160,7518) done in 130 ms  h_edges=1220692
  NeighborhoodSlab: 358 threads × 2304 KB = 805 MB
  Batch 21 [7518,7876) done in 150 ms  h_edges=1227341
  NeighborhoodSlab: 358 threads × 2304 KB = 805 MB
  Batch 22 [7876,8234) done in 175 ms  h_edges=1233888
  NeighborhoodSlab: 358 threads × 2304 KB = 805 MB
  Batch 23 [8234,8592) done in 207 ms  h_edges=1241629
  NeighborhoodSlab: 357 threads × 2304 KB = 803 MB
  Batch 24 [8592,8949) done in 156 ms  h_edges=1248605
  DeviceGraph: fwd=1194130 bwd=1194130 edges
  Year 2025 total: 5646 ms  (pop: 307221)

--- Year 2026 (pop: 307221) ---
  Adding 9217 new papers
  DeviceGraph: fwd=1194130 bwd=1194130 edges
  Processing 9217 papers in 25 batches of ~369
  NeighborhoodSlab: 369 threads × 2304 KB = 830 MB
  Batch 0 [0,369) done in 150 ms  h_edges=1255866
  NeighborhoodSlab: 369 threads × 2304 KB = 830 MB
  Batch 1 [369,738) done in 202 ms  h_edges=1263608
  NeighborhoodSlab: 369 threads × 2304 KB = 830 MB
  Batch 2 [738,1107) done in 185 ms  h_edges=1270913
  NeighborhoodSlab: 369 threads × 2304 KB = 830 MB
  Batch 3 [1107,1476) done in 206 ms  h_edges=1277532
  NeighborhoodSlab: 369 threads × 2304 KB = 830 MB
  Batch 4 [1476,1845) done in 175 ms  h_edges=1285796
  NeighborhoodSlab: 369 threads × 2304 KB = 830 MB
  Batch 5 [1845,2214) done in 187 ms  h_edges=1292256
  NeighborhoodSlab: 369 threads × 2304 KB = 830 MB
  Batch 6 [2214,2583) done in 191 ms  h_edges=1299859
  NeighborhoodSlab: 369 threads × 2304 KB = 830 MB
  Batch 7 [2583,2952) done in 223 ms  h_edges=1308029
  NeighborhoodSlab: 369 threads × 2304 KB = 830 MB
  Batch 8 [2952,3321) done in 170 ms  h_edges=1315396
  NeighborhoodSlab: 369 threads × 2304 KB = 830 MB
  Batch 9 [3321,3690) done in 189 ms  h_edges=1322435
  NeighborhoodSlab: 369 threads × 2304 KB = 830 MB
  Batch 10 [3690,4059) done in 154 ms  h_edges=1329040
  NeighborhoodSlab: 369 threads × 2304 KB = 830 MB
  Batch 11 [4059,4428) done in 175 ms  h_edges=1336363
  NeighborhoodSlab: 369 threads × 2304 KB = 830 MB
  Batch 12 [4428,4797) done in 212 ms  h_edges=1343174
  NeighborhoodSlab: 369 threads × 2304 KB = 830 MB
  Batch 13 [4797,5166) done in 167 ms  h_edges=1351142
  NeighborhoodSlab: 369 threads × 2304 KB = 830 MB
  Batch 14 [5166,5535) done in 205 ms  h_edges=1359088
  NeighborhoodSlab: 369 threads × 2304 KB = 830 MB
  Batch 15 [5535,5904) done in 181 ms  h_edges=1366183
  NeighborhoodSlab: 369 threads × 2304 KB = 830 MB
  Batch 16 [5904,6273) done in 217 ms  h_edges=1373326
  NeighborhoodSlab: 369 threads × 2304 KB = 830 MB
  Batch 17 [6273,6642) done in 215 ms  h_edges=1381155
  NeighborhoodSlab: 369 threads × 2304 KB = 830 MB
  Batch 18 [6642,7011) done in 204 ms  h_edges=1388193
  NeighborhoodSlab: 369 threads × 2304 KB = 830 MB
  Batch 19 [7011,7380) done in 209 ms  h_edges=1395090
  NeighborhoodSlab: 369 threads × 2304 KB = 830 MB
  Batch 20 [7380,7749) done in 179 ms  h_edges=1403598
  NeighborhoodSlab: 369 threads × 2304 KB = 830 MB
  Batch 21 [7749,8118) done in 155 ms  h_edges=1410030
  NeighborhoodSlab: 369 threads × 2304 KB = 830 MB
  Batch 22 [8118,8487) done in 215 ms  h_edges=1417239
  NeighborhoodSlab: 369 threads × 2304 KB = 830 MB
  Batch 23 [8487,8856) done in 166 ms  h_edges=1423406
  NeighborhoodSlab: 361 threads × 2304 KB = 812 MB
  Batch 24 [8856,9217) done in 221 ms  h_edges=1430039
  DeviceGraph: fwd=1375564 bwd=1375564 edges
  Year 2026 total: 6629 ms  (pop: 316438)

--- Year 2027 (pop: 316438) ---
  Adding 9494 new papers
  DeviceGraph: fwd=1375564 bwd=1375564 edges
  Processing 9494 papers in 25 batches of ~380
  NeighborhoodSlab: 380 threads × 2304 KB = 855 MB
  Batch 0 [0,380) done in 270 ms  h_edges=1437494
  NeighborhoodSlab: 380 threads × 2304 KB = 855 MB
  Batch 1 [380,760) done in 173 ms  h_edges=1444135
  NeighborhoodSlab: 380 threads × 2304 KB = 855 MB
  Batch 2 [760,1140) done in 217 ms  h_edges=1451377
  NeighborhoodSlab: 380 threads × 2304 KB = 855 MB
  Batch 3 [1140,1520) done in 188 ms  h_edges=1458572
  NeighborhoodSlab: 380 threads × 2304 KB = 855 MB
  Batch 4 [1520,1900) done in 227 ms  h_edges=1465759
  NeighborhoodSlab: 380 threads × 2304 KB = 855 MB
  Batch 5 [1900,2280) done in 206 ms  h_edges=1473411
  NeighborhoodSlab: 380 threads × 2304 KB = 855 MB
  Batch 6 [2280,2660) done in 262 ms  h_edges=1480743
  NeighborhoodSlab: 380 threads × 2304 KB = 855 MB
  Batch 7 [2660,3040) done in 248 ms  h_edges=1487485
  NeighborhoodSlab: 380 threads × 2304 KB = 855 MB
  Batch 8 [3040,3420) done in 215 ms  h_edges=1494448
  NeighborhoodSlab: 380 threads × 2304 KB = 855 MB
  Batch 9 [3420,3800) done in 221 ms  h_edges=1502221
  NeighborhoodSlab: 380 threads × 2304 KB = 855 MB
  Batch 10 [3800,4180) done in 189 ms  h_edges=1509274
  NeighborhoodSlab: 380 threads × 2304 KB = 855 MB
  Batch 11 [4180,4560) done in 266 ms  h_edges=1516423
  NeighborhoodSlab: 380 threads × 2304 KB = 855 MB
  Batch 12 [4560,4940) done in 224 ms  h_edges=1522914
  NeighborhoodSlab: 380 threads × 2304 KB = 855 MB
  Batch 13 [4940,5320) done in 256 ms  h_edges=1530698
  NeighborhoodSlab: 380 threads × 2304 KB = 855 MB
  Batch 14 [5320,5700) done in 261 ms  h_edges=1537638
  NeighborhoodSlab: 380 threads × 2304 KB = 855 MB
  Batch 15 [5700,6080) done in 214 ms  h_edges=1545685
  NeighborhoodSlab: 380 threads × 2304 KB = 855 MB
  Batch 16 [6080,6460) done in 224 ms  h_edges=1553471
  NeighborhoodSlab: 380 threads × 2304 KB = 855 MB
  Batch 17 [6460,6840) done in 209 ms  h_edges=1561789
  NeighborhoodSlab: 380 threads × 2304 KB = 855 MB
  Batch 18 [6840,7220) done in 178 ms  h_edges=1569548
  NeighborhoodSlab: 380 threads × 2304 KB = 855 MB
  Batch 19 [7220,7600) done in 247 ms  h_edges=1577311
  NeighborhoodSlab: 380 threads × 2304 KB = 855 MB
  Batch 20 [7600,7980) done in 299 ms  h_edges=1585393
  NeighborhoodSlab: 380 threads × 2304 KB = 855 MB
  Batch 21 [7980,8360) done in 212 ms  h_edges=1592785
  NeighborhoodSlab: 380 threads × 2304 KB = 855 MB
  Batch 22 [8360,8740) done in 253 ms  h_edges=1599547
  NeighborhoodSlab: 380 threads × 2304 KB = 855 MB
  Batch 23 [8740,9120) done in 233 ms  h_edges=1607156
  NeighborhoodSlab: 374 threads × 2304 KB = 841 MB
  Batch 24 [9120,9494) done in 247 ms  h_edges=1614797
  DeviceGraph: fwd=1560322 bwd=1560322 edges
  Year 2027 total: 7940 ms  (pop: 325932)

--- Year 2028 (pop: 325932) ---
  Adding 9778 new papers
  DeviceGraph: fwd=1560322 bwd=1560322 edges
  Processing 9778 papers in 25 batches of ~392
  NeighborhoodSlab: 392 threads × 2304 KB = 882 MB
  Batch 0 [0,392) done in 269 ms  h_edges=1622568
  NeighborhoodSlab: 392 threads × 2304 KB = 882 MB
  Batch 1 [392,784) done in 271 ms  h_edges=1629264
  NeighborhoodSlab: 392 threads × 2304 KB = 882 MB
  Batch 2 [784,1176) done in 263 ms  h_edges=1636265
  NeighborhoodSlab: 392 threads × 2304 KB = 882 MB
  Batch 3 [1176,1568) done in 239 ms  h_edges=1643097
  NeighborhoodSlab: 392 threads × 2304 KB = 882 MB
  Batch 4 [1568,1960) done in 228 ms  h_edges=1651170
  NeighborhoodSlab: 392 threads × 2304 KB = 882 MB
  Batch 5 [1960,2352) done in 258 ms  h_edges=1658939
  NeighborhoodSlab: 392 threads × 2304 KB = 882 MB
  Batch 6 [2352,2744) done in 332 ms  h_edges=1666231
  NeighborhoodSlab: 392 threads × 2304 KB = 882 MB
  Batch 7 [2744,3136) done in 248 ms  h_edges=1674325
  NeighborhoodSlab: 392 threads × 2304 KB = 882 MB
  Batch 8 [3136,3528) done in 235 ms  h_edges=1681618
  NeighborhoodSlab: 392 threads × 2304 KB = 882 MB
  Batch 9 [3528,3920) done in 280 ms  h_edges=1689067
  NeighborhoodSlab: 392 threads × 2304 KB = 882 MB
  Batch 10 [3920,4312) done in 231 ms  h_edges=1696693
  NeighborhoodSlab: 392 threads × 2304 KB = 882 MB
  Batch 11 [4312,4704) done in 284 ms  h_edges=1703350
  NeighborhoodSlab: 392 threads × 2304 KB = 882 MB
  Batch 12 [4704,5096) done in 298 ms  h_edges=1711781
  NeighborhoodSlab: 392 threads × 2304 KB = 882 MB
  Batch 13 [5096,5488) done in 211 ms  h_edges=1719478
  NeighborhoodSlab: 392 threads × 2304 KB = 882 MB
  Batch 14 [5488,5880) done in 254 ms  h_edges=1726176
  NeighborhoodSlab: 392 threads × 2304 KB = 882 MB
  Batch 15 [5880,6272) done in 275 ms  h_edges=1733293
  NeighborhoodSlab: 392 threads × 2304 KB = 882 MB
  Batch 16 [6272,6664) done in 289 ms  h_edges=1740592
  NeighborhoodSlab: 392 threads × 2304 KB = 882 MB
  Batch 17 [6664,7056) done in 259 ms  h_edges=1748214
  NeighborhoodSlab: 392 threads × 2304 KB = 882 MB
  Batch 18 [7056,7448) done in 274 ms  h_edges=1756022
  NeighborhoodSlab: 392 threads × 2304 KB = 882 MB
  Batch 19 [7448,7840) done in 254 ms  h_edges=1763625
  NeighborhoodSlab: 392 threads × 2304 KB = 882 MB
  Batch 20 [7840,8232) done in 291 ms  h_edges=1771273
  NeighborhoodSlab: 392 threads × 2304 KB = 882 MB
  Batch 21 [8232,8624) done in 247 ms  h_edges=1779211
  NeighborhoodSlab: 392 threads × 2304 KB = 882 MB
  Batch 22 [8624,9016) done in 215 ms  h_edges=1786193
  NeighborhoodSlab: 392 threads × 2304 KB = 882 MB
  Batch 23 [9016,9408) done in 232 ms  h_edges=1794198
  NeighborhoodSlab: 370 threads × 2304 KB = 832 MB
  Batch 24 [9408,9778) done in 309 ms  h_edges=1801718
  DeviceGraph: fwd=1747243 bwd=1747243 edges
  Year 2028 total: 8955 ms  (pop: 335710)

--- Year 2029 (pop: 335710) ---
  Adding 10072 new papers
  DeviceGraph: fwd=1747243 bwd=1747243 edges
  Processing 10072 papers in 25 batches of ~403
  NeighborhoodSlab: 403 threads × 2304 KB = 906 MB
  Batch 0 [0,403) done in 383 ms  h_edges=1810476
  NeighborhoodSlab: 403 threads × 2304 KB = 906 MB
  Batch 1 [403,806) done in 387 ms  h_edges=1819121
  NeighborhoodSlab: 403 threads × 2304 KB = 906 MB
  Batch 2 [806,1209) done in 354 ms  h_edges=1826087
  NeighborhoodSlab: 403 threads × 2304 KB = 906 MB
  Batch 3 [1209,1612) done in 280 ms  h_edges=1834654
  NeighborhoodSlab: 403 threads × 2304 KB = 906 MB
  Batch 4 [1612,2015) done in 343 ms  h_edges=1841889
  NeighborhoodSlab: 403 threads × 2304 KB = 906 MB
  Batch 5 [2015,2418) done in 314 ms  h_edges=1849956
  NeighborhoodSlab: 403 threads × 2304 KB = 906 MB
  Batch 6 [2418,2821) done in 319 ms  h_edges=1857989
  NeighborhoodSlab: 403 threads × 2304 KB = 906 MB
  Batch 7 [2821,3224) done in 333 ms  h_edges=1866114
  NeighborhoodSlab: 403 threads × 2304 KB = 906 MB
  Batch 8 [3224,3627) done in 301 ms  h_edges=1874306
  NeighborhoodSlab: 403 threads × 2304 KB = 906 MB
  Batch 9 [3627,4030) done in 286 ms  h_edges=1883183
  NeighborhoodSlab: 403 threads × 2304 KB = 906 MB
  Batch 10 [4030,4433) done in 307 ms  h_edges=1890572
  NeighborhoodSlab: 403 threads × 2304 KB = 906 MB
  Batch 11 [4433,4836) done in 342 ms  h_edges=1898628
  NeighborhoodSlab: 403 threads × 2304 KB = 906 MB
  Batch 12 [4836,5239) done in 322 ms  h_edges=1906568
  NeighborhoodSlab: 403 threads × 2304 KB = 906 MB
  Batch 13 [5239,5642) done in 308 ms  h_edges=1914187
  NeighborhoodSlab: 403 threads × 2304 KB = 906 MB
  Batch 14 [5642,6045) done in 345 ms  h_edges=1921609
  NeighborhoodSlab: 403 threads × 2304 KB = 906 MB
  Batch 15 [6045,6448) done in 277 ms  h_edges=1929625
  NeighborhoodSlab: 403 threads × 2304 KB = 906 MB
  Batch 16 [6448,6851) done in 282 ms  h_edges=1937887
  NeighborhoodSlab: 403 threads × 2304 KB = 906 MB
  Batch 17 [6851,7254) done in 338 ms  h_edges=1945470
  NeighborhoodSlab: 403 threads × 2304 KB = 906 MB
  Batch 18 [7254,7657) done in 316 ms  h_edges=1953662
  NeighborhoodSlab: 403 threads × 2304 KB = 906 MB
  Batch 19 [7657,8060) done in 296 ms  h_edges=1962438
  NeighborhoodSlab: 403 threads × 2304 KB = 906 MB
  Batch 20 [8060,8463) done in 291 ms  h_edges=1971248
  NeighborhoodSlab: 403 threads × 2304 KB = 906 MB
  Batch 21 [8463,8866) done in 338 ms  h_edges=1979778
  NeighborhoodSlab: 403 threads × 2304 KB = 906 MB
  Batch 22 [8866,9269) done in 302 ms  h_edges=1987563
  NeighborhoodSlab: 403 threads × 2304 KB = 906 MB
  Batch 23 [9269,9672) done in 342 ms  h_edges=1995768
  NeighborhoodSlab: 400 threads × 2304 KB = 900 MB
  Batch 24 [9672,10072) done in 320 ms  h_edges=2004084
  DeviceGraph: fwd=1949609 bwd=1949609 edges
  Year 2029 total: 10570 ms  (pop: 345782)

--- Year 2030 (pop: 345782) ---
  Adding 10374 new papers
  DeviceGraph: fwd=1949609 bwd=1949609 edges
  Processing 10374 papers in 25 batches of ~415
  NeighborhoodSlab: 415 threads × 2304 KB = 933 MB
  Batch 0 [0,415) done in 319 ms  h_edges=2012360
  NeighborhoodSlab: 415 threads × 2304 KB = 933 MB
  Batch 1 [415,830) done in 416 ms  h_edges=2019759
  NeighborhoodSlab: 415 threads × 2304 KB = 933 MB
  Batch 2 [830,1245) done in 369 ms  h_edges=2028040
  NeighborhoodSlab: 415 threads × 2304 KB = 933 MB
  Batch 3 [1245,1660) done in 413 ms  h_edges=2036257
  NeighborhoodSlab: 415 threads × 2304 KB = 933 MB
  Batch 4 [1660,2075) done in 354 ms  h_edges=2045714
  NeighborhoodSlab: 415 threads × 2304 KB = 933 MB
  Batch 5 [2075,2490) done in 463 ms  h_edges=2053996
  NeighborhoodSlab: 415 threads × 2304 KB = 933 MB
  Batch 6 [2490,2905) done in 397 ms  h_edges=2062937
  NeighborhoodSlab: 415 threads × 2304 KB = 933 MB
  Batch 7 [2905,3320) done in 404 ms  h_edges=2071138
  NeighborhoodSlab: 415 threads × 2304 KB = 933 MB
  Batch 8 [3320,3735) done in 320 ms  h_edges=2079098
  NeighborhoodSlab: 415 threads × 2304 KB = 933 MB
  Batch 9 [3735,4150) done in 343 ms  h_edges=2085849
  NeighborhoodSlab: 415 threads × 2304 KB = 933 MB
  Batch 10 [4150,4565) done in 385 ms  h_edges=2093645
  NeighborhoodSlab: 415 threads × 2304 KB = 933 MB
  Batch 11 [4565,4980) done in 347 ms  h_edges=2102214
  NeighborhoodSlab: 415 threads × 2304 KB = 933 MB
  Batch 12 [4980,5395) done in 391 ms  h_edges=2109756
  NeighborhoodSlab: 415 threads × 2304 KB = 933 MB
  Batch 13 [5395,5810) done in 394 ms  h_edges=2117008
  NeighborhoodSlab: 415 threads × 2304 KB = 933 MB
  Batch 14 [5810,6225) done in 371 ms  h_edges=2124987
  NeighborhoodSlab: 415 threads × 2304 KB = 933 MB
  Batch 15 [6225,6640) done in 361 ms  h_edges=2133155
  NeighborhoodSlab: 415 threads × 2304 KB = 933 MB
  Batch 16 [6640,7055) done in 559 ms  h_edges=2141868
  NeighborhoodSlab: 415 threads × 2304 KB = 933 MB
  Batch 17 [7055,7470) done in 413 ms  h_edges=2149842
  NeighborhoodSlab: 415 threads × 2304 KB = 933 MB
  Batch 18 [7470,7885) done in 316 ms  h_edges=2158257
  NeighborhoodSlab: 415 threads × 2304 KB = 933 MB
  Batch 19 [7885,8300) done in 332 ms  h_edges=2166722
  NeighborhoodSlab: 415 threads × 2304 KB = 933 MB
  Batch 20 [8300,8715) done in 319 ms  h_edges=2174643
  NeighborhoodSlab: 415 threads × 2304 KB = 933 MB
  Batch 21 [8715,9130) done in 362 ms  h_edges=2182998
  NeighborhoodSlab: 415 threads × 2304 KB = 933 MB
  Batch 22 [9130,9545) done in 358 ms  h_edges=2191742
  NeighborhoodSlab: 415 threads × 2304 KB = 933 MB
  Batch 23 [9545,9960) done in 490 ms  h_edges=2199389
  NeighborhoodSlab: 414 threads × 2304 KB = 931 MB
  Batch 24 [9960,10374) done in 370 ms  h_edges=2207968
  DeviceGraph: fwd=2153493 bwd=2153493 edges
  Year 2030 total: 12421 ms  (pop: 356156)

=== Simulation Complete ===
Total: 68 s  Final pop: 356156

=== Exporting Results ===
Edges saved: ./output/10y/mass_cuda-eu-static-output-10y-3p.edgelist (2207968)
Attributes saved: ./output/10y/mass_cuda-eu-static-output-10y-3p.aux (356156 rows)

Done.

real	1m11.648s
user	1m9.861s
sys	0m1.323s
Running growth rate 3% for 10 years.
./output/10y/mass_cuda-yutb-static-output-10y-3p.edgelist
./output/10y/mass_cuda-yutb-static-output-10y-3p.aux
Citation Network ABM – MASS CUDA
=================================

Out-degree bag: 3980408 entries
Recency probs:  356 entries
BFS batches:    25 per year

=== Initializing Citation ABM ===

Inside parseNodelist...
Populating continuous node mappings (1134890 nodes)...
parseNodelist done in 1069 ms (1134890 nodes)

Inside parseEdgelist...
parseEdgelist done in 226 ms (2987624 edges)
Seed max year: 2026  → simulation starts at 2027
Max population: 1527203
Seed population: 1134890 papers
  DeviceGraph: fwd=2987624 bwd=2987624 edges
Initialization complete


=== Simulation Start ===

--- Year 2027 (pop: 1134890) ---
  Adding 34047 new papers
  DeviceGraph: fwd=2987624 bwd=2987624 edges
  Processing 34047 papers in 25 batches of ~1362
  NeighborhoodSlab: 1362 threads × 2304 KB = 3064 MB
  Batch 0 [0,1362) done in 174 ms  h_edges=3012587
  NeighborhoodSlab: 1362 threads × 2304 KB = 3064 MB
  Batch 1 [1362,2724) done in 177 ms  h_edges=3038241
  NeighborhoodSlab: 1362 threads × 2304 KB = 3064 MB
  Batch 2 [2724,4086) done in 236 ms  h_edges=3065631
  NeighborhoodSlab: 1362 threads × 2304 KB = 3064 MB
  Batch 3 [4086,5448) done in 176 ms  h_edges=3091471
  NeighborhoodSlab: 1362 threads × 2304 KB = 3064 MB
  Batch 4 [5448,6810) done in 170 ms  h_edges=3119068
  NeighborhoodSlab: 1362 threads × 2304 KB = 3064 MB
  Batch 5 [6810,8172) done in 202 ms  h_edges=3146409
  NeighborhoodSlab: 1362 threads × 2304 KB = 3064 MB
  Batch 6 [8172,9534) done in 183 ms  h_edges=3173249
  NeighborhoodSlab: 1362 threads × 2304 KB = 3064 MB
  Batch 7 [9534,10896) done in 164 ms  h_edges=3199711
  NeighborhoodSlab: 1362 threads × 2304 KB = 3064 MB
  Batch 8 [10896,12258) done in 168 ms  h_edges=3226358
  NeighborhoodSlab: 1362 threads × 2304 KB = 3064 MB
  Batch 9 [12258,13620) done in 175 ms  h_edges=3252195
  NeighborhoodSlab: 1362 threads × 2304 KB = 3064 MB
  Batch 10 [13620,14982) done in 182 ms  h_edges=3280558
  NeighborhoodSlab: 1362 threads × 2304 KB = 3064 MB
  Batch 11 [14982,16344) done in 212 ms  h_edges=3306759
  NeighborhoodSlab: 1362 threads × 2304 KB = 3064 MB
  Batch 12 [16344,17706) done in 211 ms  h_edges=3334270
  NeighborhoodSlab: 1362 threads × 2304 KB = 3064 MB
  Batch 13 [17706,19068) done in 254 ms  h_edges=3360924
  NeighborhoodSlab: 1362 threads × 2304 KB = 3064 MB
  Batch 14 [19068,20430) done in 182 ms  h_edges=3387944
  NeighborhoodSlab: 1362 threads × 2304 KB = 3064 MB
  Batch 15 [20430,21792) done in 178 ms  h_edges=3413078
  NeighborhoodSlab: 1362 threads × 2304 KB = 3064 MB
  Batch 16 [21792,23154) done in 162 ms  h_edges=3440852
  NeighborhoodSlab: 1362 threads × 2304 KB = 3064 MB
  Batch 17 [23154,24516) done in 217 ms  h_edges=3468807
  NeighborhoodSlab: 1362 threads × 2304 KB = 3064 MB
  Batch 18 [24516,25878) done in 246 ms  h_edges=3494042
  NeighborhoodSlab: 1362 threads × 2304 KB = 3064 MB
  Batch 19 [25878,27240) done in 225 ms  h_edges=3520612
  NeighborhoodSlab: 1362 threads × 2304 KB = 3064 MB
  Batch 20 [27240,28602) done in 178 ms  h_edges=3546378
  NeighborhoodSlab: 1362 threads × 2304 KB = 3064 MB
  Batch 21 [28602,29964) done in 191 ms  h_edges=3573424
  NeighborhoodSlab: 1362 threads × 2304 KB = 3064 MB
  Batch 22 [29964,31326) done in 161 ms  h_edges=3599302
  NeighborhoodSlab: 1362 threads × 2304 KB = 3064 MB
  Batch 23 [31326,32688) done in 157 ms  h_edges=3626112
  NeighborhoodSlab: 1359 threads × 2304 KB = 3057 MB
  Batch 24 [32688,34047) done in 206 ms  h_edges=3653361
  DeviceGraph: fwd=3653361 bwd=3653361 edges
  Year 2027 total: 10430 ms  (pop: 1168937)

--- Year 2028 (pop: 1168937) ---
  Adding 35069 new papers
  DeviceGraph: fwd=3653361 bwd=3653361 edges
  Processing 35069 papers in 25 batches of ~1403
  NeighborhoodSlab: 1403 threads × 2304 KB = 3156 MB
  Batch 0 [0,1403) done in 243 ms  h_edges=3679565
  NeighborhoodSlab: 1403 threads × 2304 KB = 3156 MB
  Batch 1 [1403,2806) done in 223 ms  h_edges=3705712
  NeighborhoodSlab: 1403 threads × 2304 KB = 3156 MB
  Batch 2 [2806,4209) done in 237 ms  h_edges=3733888
  NeighborhoodSlab: 1403 threads × 2304 KB = 3156 MB
  Batch 3 [4209,5612) done in 267 ms  h_edges=3762396
  NeighborhoodSlab: 1403 threads × 2304 KB = 3156 MB
  Batch 4 [5612,7015) done in 223 ms  h_edges=3787216
  NeighborhoodSlab: 1403 threads × 2304 KB = 3156 MB
  Batch 5 [7015,8418) done in 200 ms  h_edges=3815362
  NeighborhoodSlab: 1403 threads × 2304 KB = 3156 MB
  Batch 6 [8418,9821) done in 247 ms  h_edges=3841982
  NeighborhoodSlab: 1403 threads × 2304 KB = 3156 MB
  Batch 7 [9821,11224) done in 227 ms  h_edges=3870281
  NeighborhoodSlab: 1403 threads × 2304 KB = 3156 MB
  Batch 8 [11224,12627) done in 220 ms  h_edges=3897542
  NeighborhoodSlab: 1403 threads × 2304 KB = 3156 MB
  Batch 9 [12627,14030) done in 225 ms  h_edges=3924530
  NeighborhoodSlab: 1403 threads × 2304 KB = 3156 MB
  Batch 10 [14030,15433) done in 256 ms  h_edges=3950098
  NeighborhoodSlab: 1403 threads × 2304 KB = 3156 MB
  Batch 11 [15433,16836) done in 235 ms  h_edges=3976905
  NeighborhoodSlab: 1403 threads × 2304 KB = 3156 MB
  Batch 12 [16836,18239) done in 279 ms  h_edges=4006440
  NeighborhoodSlab: 1403 threads × 2304 KB = 3156 MB
  Batch 13 [18239,19642) done in 271 ms  h_edges=4034050
  NeighborhoodSlab: 1403 threads × 2304 KB = 3156 MB
  Batch 14 [19642,21045) done in 201 ms  h_edges=4060740
  NeighborhoodSlab: 1403 threads × 2304 KB = 3156 MB
  Batch 15 [21045,22448) done in 224 ms  h_edges=4088891
  NeighborhoodSlab: 1403 threads × 2304 KB = 3156 MB
  Batch 16 [22448,23851) done in 213 ms  h_edges=4117105
  NeighborhoodSlab: 1403 threads × 2304 KB = 3156 MB
  Batch 17 [23851,25254) done in 215 ms  h_edges=4144250
  NeighborhoodSlab: 1403 threads × 2304 KB = 3156 MB
  Batch 18 [25254,26657) done in 235 ms  h_edges=4173201
  NeighborhoodSlab: 1403 threads × 2304 KB = 3156 MB
  Batch 19 [26657,28060) done in 286 ms  h_edges=4200424
  NeighborhoodSlab: 1403 threads × 2304 KB = 3156 MB
  Batch 20 [28060,29463) done in 225 ms  h_edges=4229651
  NeighborhoodSlab: 1403 threads × 2304 KB = 3156 MB
  Batch 21 [29463,30866) done in 259 ms  h_edges=4258432
  NeighborhoodSlab: 1403 threads × 2304 KB = 3156 MB
  Batch 22 [30866,32269) done in 221 ms  h_edges=4286841
  NeighborhoodSlab: 1403 threads × 2304 KB = 3156 MB
  Batch 23 [32269,33672) done in 219 ms  h_edges=4313676
  NeighborhoodSlab: 1397 threads × 2304 KB = 3143 MB
  Batch 24 [33672,35069) done in 228 ms  h_edges=4341884
  DeviceGraph: fwd=4341884 bwd=4341884 edges
  Year 2028 total: 12619 ms  (pop: 1204006)

--- Year 2029 (pop: 1204006) ---
  Adding 36121 new papers
  DeviceGraph: fwd=4341884 bwd=4341884 edges
  Processing 36121 papers in 25 batches of ~1445
  NeighborhoodSlab: 1445 threads × 2304 KB = 3251 MB
  Batch 0 [0,1445) done in 320 ms  h_edges=4370485
  NeighborhoodSlab: 1445 threads × 2304 KB = 3251 MB
  Batch 1 [1445,2890) done in 318 ms  h_edges=4399923
  NeighborhoodSlab: 1445 threads × 2304 KB = 3251 MB
  Batch 2 [2890,4335) done in 320 ms  h_edges=4427537
  NeighborhoodSlab: 1445 threads × 2304 KB = 3251 MB
  Batch 3 [4335,5780) done in 306 ms  h_edges=4455174
  NeighborhoodSlab: 1445 threads × 2304 KB = 3251 MB
  Batch 4 [5780,7225) done in 311 ms  h_edges=4483086
  NeighborhoodSlab: 1445 threads × 2304 KB = 3251 MB
  Batch 5 [7225,8670) done in 361 ms  h_edges=4511259
  NeighborhoodSlab: 1445 threads × 2304 KB = 3251 MB
  Batch 6 [8670,10115) done in 345 ms  h_edges=4539132
  NeighborhoodSlab: 1445 threads × 2304 KB = 3251 MB
  Batch 7 [10115,11560) done in 280 ms  h_edges=4567742
  NeighborhoodSlab: 1445 threads × 2304 KB = 3251 MB
  Batch 8 [11560,13005) done in 321 ms  h_edges=4595186
  NeighborhoodSlab: 1445 threads × 2304 KB = 3251 MB
  Batch 9 [13005,14450) done in 295 ms  h_edges=4622897
  NeighborhoodSlab: 1445 threads × 2304 KB = 3251 MB
  Batch 10 [14450,15895) done in 314 ms  h_edges=4650147
  NeighborhoodSlab: 1445 threads × 2304 KB = 3251 MB
  Batch 11 [15895,17340) done in 295 ms  h_edges=4678024
  NeighborhoodSlab: 1445 threads × 2304 KB = 3251 MB
  Batch 12 [17340,18785) done in 328 ms  h_edges=4705779
  NeighborhoodSlab: 1445 threads × 2304 KB = 3251 MB
  Batch 13 [18785,20230) done in 302 ms  h_edges=4736660
  NeighborhoodSlab: 1445 threads × 2304 KB = 3251 MB
  Batch 14 [20230,21675) done in 392 ms  h_edges=4765648
  NeighborhoodSlab: 1445 threads × 2304 KB = 3251 MB
  Batch 15 [21675,23120) done in 365 ms  h_edges=4795112
  NeighborhoodSlab: 1445 threads × 2304 KB = 3251 MB
  Batch 16 [23120,24565) done in 355 ms  h_edges=4822215
  NeighborhoodSlab: 1445 threads × 2304 KB = 3251 MB
  Batch 17 [24565,26010) done in 391 ms  h_edges=4850075
  NeighborhoodSlab: 1445 threads × 2304 KB = 3251 MB
  Batch 18 [26010,27455) done in 365 ms  h_edges=4877224
  NeighborhoodSlab: 1445 threads × 2304 KB = 3251 MB
  Batch 19 [27455,28900) done in 299 ms  h_edges=4906018
  NeighborhoodSlab: 1445 threads × 2304 KB = 3251 MB
  Batch 20 [28900,30345) done in 288 ms  h_edges=4934263
  NeighborhoodSlab: 1445 threads × 2304 KB = 3251 MB
  Batch 21 [30345,31790) done in 273 ms  h_edges=4962726
  NeighborhoodSlab: 1445 threads × 2304 KB = 3251 MB
  Batch 22 [31790,33235) done in 304 ms  h_edges=4990052
  NeighborhoodSlab: 1445 threads × 2304 KB = 3251 MB
  Batch 23 [33235,34680) done in 290 ms  h_edges=5018616
  NeighborhoodSlab: 1441 threads × 2304 KB = 3242 MB
  Batch 24 [34680,36121) done in 300 ms  h_edges=5048999
  DeviceGraph: fwd=5048999 bwd=5048999 edges
  Year 2029 total: 16043 ms  (pop: 1240127)

--- Year 2030 (pop: 1240127) ---
  Adding 37204 new papers
  DeviceGraph: fwd=5048999 bwd=5048999 edges
  Processing 37204 papers in 25 batches of ~1489
  NeighborhoodSlab: 1489 threads × 2304 KB = 3350 MB
  Batch 0 [0,1489) done in 350 ms  h_edges=5077347
  NeighborhoodSlab: 1489 threads × 2304 KB = 3350 MB
  Batch 1 [1489,2978) done in 421 ms  h_edges=5107472
  NeighborhoodSlab: 1489 threads × 2304 KB = 3350 MB
  Batch 2 [2978,4467) done in 360 ms  h_edges=5136162
  NeighborhoodSlab: 1489 threads × 2304 KB = 3350 MB
  Batch 3 [4467,5956) done in 347 ms  h_edges=5165759
  NeighborhoodSlab: 1489 threads × 2304 KB = 3350 MB
  Batch 4 [5956,7445) done in 379 ms  h_edges=5196479
  NeighborhoodSlab: 1489 threads × 2304 KB = 3350 MB
  Batch 5 [7445,8934) done in 385 ms  h_edges=5224964
  NeighborhoodSlab: 1489 threads × 2304 KB = 3350 MB
  Batch 6 [8934,10423) done in 351 ms  h_edges=5254574
  NeighborhoodSlab: 1489 threads × 2304 KB = 3350 MB
  Batch 7 [10423,11912) done in 393 ms  h_edges=5283695
  NeighborhoodSlab: 1489 threads × 2304 KB = 3350 MB
  Batch 8 [11912,13401) done in 389 ms  h_edges=5312841
  NeighborhoodSlab: 1489 threads × 2304 KB = 3350 MB
  Batch 9 [13401,14890) done in 400 ms  h_edges=5341909
  NeighborhoodSlab: 1489 threads × 2304 KB = 3350 MB
  Batch 10 [14890,16379) done in 400 ms  h_edges=5370296
  NeighborhoodSlab: 1489 threads × 2304 KB = 3350 MB
  Batch 11 [16379,17868) done in 377 ms  h_edges=5398933
  NeighborhoodSlab: 1489 threads × 2304 KB = 3350 MB
  Batch 12 [17868,19357) done in 358 ms  h_edges=5428829
  NeighborhoodSlab: 1489 threads × 2304 KB = 3350 MB
  Batch 13 [19357,20846) done in 418 ms  h_edges=5459512
  NeighborhoodSlab: 1489 threads × 2304 KB = 3350 MB
  Batch 14 [20846,22335) done in 461 ms  h_edges=5488102
  NeighborhoodSlab: 1489 threads × 2304 KB = 3350 MB
  Batch 15 [22335,23824) done in 380 ms  h_edges=5515363
  NeighborhoodSlab: 1489 threads × 2304 KB = 3350 MB
  Batch 16 [23824,25313) done in 459 ms  h_edges=5546263
  NeighborhoodSlab: 1489 threads × 2304 KB = 3350 MB
  Batch 17 [25313,26802) done in 324 ms  h_edges=5574313
  NeighborhoodSlab: 1489 threads × 2304 KB = 3350 MB
  Batch 18 [26802,28291) done in 432 ms  h_edges=5604083
  NeighborhoodSlab: 1489 threads × 2304 KB = 3350 MB
  Batch 19 [28291,29780) done in 417 ms  h_edges=5633542
  NeighborhoodSlab: 1489 threads × 2304 KB = 3350 MB
  Batch 20 [29780,31269) done in 414 ms  h_edges=5661989
  NeighborhoodSlab: 1489 threads × 2304 KB = 3350 MB
  Batch 21 [31269,32758) done in 400 ms  h_edges=5691203
  NeighborhoodSlab: 1489 threads × 2304 KB = 3350 MB
  Batch 22 [32758,34247) done in 376 ms  h_edges=5721129
  NeighborhoodSlab: 1489 threads × 2304 KB = 3350 MB
  Batch 23 [34247,35736) done in 456 ms  h_edges=5749712
  NeighborhoodSlab: 1468 threads × 2304 KB = 3303 MB
  Batch 24 [35736,37204) done in 438 ms  h_edges=5777887
  DeviceGraph: fwd=5777887 bwd=5777887 edges
  Year 2030 total: 19149 ms  (pop: 1277331)

--- Year 2031 (pop: 1277331) ---
  Adding 38320 new papers
  DeviceGraph: fwd=5777887 bwd=5777887 edges
  Processing 38320 papers in 25 batches of ~1533
  NeighborhoodSlab: 1533 threads × 2304 KB = 3449 MB
  Batch 0 [0,1533) done in 403 ms  h_edges=5806720
  NeighborhoodSlab: 1533 threads × 2304 KB = 3449 MB
  Batch 1 [1533,3066) done in 483 ms  h_edges=5836224
  NeighborhoodSlab: 1533 threads × 2304 KB = 3449 MB
  Batch 2 [3066,4599) done in 455 ms  h_edges=5866056
  NeighborhoodSlab: 1533 threads × 2304 KB = 3449 MB
  Batch 3 [4599,6132) done in 475 ms  h_edges=5895442
  NeighborhoodSlab: 1533 threads × 2304 KB = 3449 MB
  Batch 4 [6132,7665) done in 396 ms  h_edges=5927313
  NeighborhoodSlab: 1533 threads × 2304 KB = 3449 MB
  Batch 5 [7665,9198) done in 526 ms  h_edges=5957229
  NeighborhoodSlab: 1533 threads × 2304 KB = 3449 MB
  Batch 6 [9198,10731) done in 512 ms  h_edges=5986512
  NeighborhoodSlab: 1533 threads × 2304 KB = 3449 MB
  Batch 7 [10731,12264) done in 432 ms  h_edges=6017373
  NeighborhoodSlab: 1533 threads × 2304 KB = 3449 MB
  Batch 8 [12264,13797) done in 439 ms  h_edges=6048189
  NeighborhoodSlab: 1533 threads × 2304 KB = 3449 MB
  Batch 9 [13797,15330) done in 467 ms  h_edges=6077484
  NeighborhoodSlab: 1533 threads × 2304 KB = 3449 MB
  Batch 10 [15330,16863) done in 545 ms  h_edges=6107999
  NeighborhoodSlab: 1533 threads × 2304 KB = 3449 MB
  Batch 11 [16863,18396) done in 467 ms  h_edges=6137533
  NeighborhoodSlab: 1533 threads × 2304 KB = 3449 MB
  Batch 12 [18396,19929) done in 436 ms  h_edges=6167552
  NeighborhoodSlab: 1533 threads × 2304 KB = 3449 MB
  Batch 13 [19929,21462) done in 429 ms  h_edges=6197525
  NeighborhoodSlab: 1533 threads × 2304 KB = 3449 MB
  Batch 14 [21462,22995) done in 469 ms  h_edges=6226128
  NeighborhoodSlab: 1533 threads × 2304 KB = 3449 MB
  Batch 15 [22995,24528) done in 413 ms  h_edges=6257091
  NeighborhoodSlab: 1533 threads × 2304 KB = 3449 MB
  Batch 16 [24528,26061) done in 411 ms  h_edges=6286364
  NeighborhoodSlab: 1533 threads × 2304 KB = 3449 MB
  Batch 17 [26061,27594) done in 456 ms  h_edges=6317470
  NeighborhoodSlab: 1533 threads × 2304 KB = 3449 MB
  Batch 18 [27594,29127) done in 499 ms  h_edges=6350426
  NeighborhoodSlab: 1533 threads × 2304 KB = 3449 MB
  Batch 19 [29127,30660) done in 552 ms  h_edges=6380134
  NeighborhoodSlab: 1533 threads × 2304 KB = 3449 MB
  Batch 20 [30660,32193) done in 463 ms  h_edges=6411638
  NeighborhoodSlab: 1533 threads × 2304 KB = 3449 MB
  Batch 21 [32193,33726) done in 505 ms  h_edges=6441567
  NeighborhoodSlab: 1533 threads × 2304 KB = 3449 MB
  Batch 22 [33726,35259) done in 474 ms  h_edges=6471467
  NeighborhoodSlab: 1533 threads × 2304 KB = 3449 MB
  Batch 23 [35259,36792) done in 421 ms  h_edges=6501922
  NeighborhoodSlab: 1528 threads × 2304 KB = 3438 MB
  Batch 24 [36792,38320) done in 429 ms  h_edges=6531250
  DeviceGraph: fwd=6531250 bwd=6531250 edges
  Year 2031 total: 22254 ms  (pop: 1315651)

--- Year 2032 (pop: 1315651) ---
  Adding 39470 new papers
  DeviceGraph: fwd=6531250 bwd=6531250 edges
  Processing 39470 papers in 25 batches of ~1579
  NeighborhoodSlab: 1579 threads × 2304 KB = 3552 MB
  Batch 0 [0,1579) done in 534 ms  h_edges=6561124
  NeighborhoodSlab: 1579 threads × 2304 KB = 3552 MB
  Batch 1 [1579,3158) done in 533 ms  h_edges=6591718
  NeighborhoodSlab: 1579 threads × 2304 KB = 3552 MB
  Batch 2 [3158,4737) done in 492 ms  h_edges=6620721
  NeighborhoodSlab: 1579 threads × 2304 KB = 3552 MB
  Batch 3 [4737,6316) done in 472 ms  h_edges=6652012
  NeighborhoodSlab: 1579 threads × 2304 KB = 3552 MB
  Batch 4 [6316,7895) done in 532 ms  h_edges=6684558
  NeighborhoodSlab: 1579 threads × 2304 KB = 3552 MB
  Batch 5 [7895,9474) done in 499 ms  h_edges=6715162
  NeighborhoodSlab: 1579 threads × 2304 KB = 3552 MB
  Batch 6 [9474,11053) done in 578 ms  h_edges=6745691
  NeighborhoodSlab: 1579 threads × 2304 KB = 3552 MB
  Batch 7 [11053,12632) done in 502 ms  h_edges=6776188
  NeighborhoodSlab: 1579 threads × 2304 KB = 3552 MB
  Batch 8 [12632,14211) done in 522 ms  h_edges=6808128
  NeighborhoodSlab: 1579 threads × 2304 KB = 3552 MB
  Batch 9 [14211,15790) done in 567 ms  h_edges=6838699
  NeighborhoodSlab: 1579 threads × 2304 KB = 3552 MB
  Batch 10 [15790,17369) done in 578 ms  h_edges=6867846
  NeighborhoodSlab: 1579 threads × 2304 KB = 3552 MB
  Batch 11 [17369,18948) done in 541 ms  h_edges=6899253
  NeighborhoodSlab: 1579 threads × 2304 KB = 3552 MB
  Batch 12 [18948,20527) done in 520 ms  h_edges=6929068
  NeighborhoodSlab: 1579 threads × 2304 KB = 3552 MB
  Batch 13 [20527,22106) done in 538 ms  h_edges=6959580
  NeighborhoodSlab: 1579 threads × 2304 KB = 3552 MB
  Batch 14 [22106,23685) done in 533 ms  h_edges=6989348
  NeighborhoodSlab: 1579 threads × 2304 KB = 3552 MB
  Batch 15 [23685,25264) done in 544 ms  h_edges=7018596
  NeighborhoodSlab: 1579 threads × 2304 KB = 3552 MB
  Batch 16 [25264,26843) done in 617 ms  h_edges=7050114
  NeighborhoodSlab: 1579 threads × 2304 KB = 3552 MB
  Batch 17 [26843,28422) done in 500 ms  h_edges=7081553
  NeighborhoodSlab: 1579 threads × 2304 KB = 3552 MB
  Batch 18 [28422,30001) done in 527 ms  h_edges=7111106
  NeighborhoodSlab: 1579 threads × 2304 KB = 3552 MB
  Batch 19 [30001,31580) done in 477 ms  h_edges=7142133
  NeighborhoodSlab: 1579 threads × 2304 KB = 3552 MB
  Batch 20 [31580,33159) done in 524 ms  h_edges=7173596
  NeighborhoodSlab: 1579 threads × 2304 KB = 3552 MB
  Batch 21 [33159,34738) done in 610 ms  h_edges=7204019
  NeighborhoodSlab: 1579 threads × 2304 KB = 3552 MB
  Batch 22 [34738,36317) done in 492 ms  h_edges=7234427
  NeighborhoodSlab: 1579 threads × 2304 KB = 3552 MB
  Batch 23 [36317,37896) done in 569 ms  h_edges=7264584
  NeighborhoodSlab: 1574 threads × 2304 KB = 3541 MB
  Batch 24 [37896,39470) done in 601 ms  h_edges=7295216
  DeviceGraph: fwd=7295216 bwd=7295216 edges
  Year 2032 total: 25587 ms  (pop: 1355121)

--- Year 2033 (pop: 1355121) ---
  Adding 40654 new papers
  DeviceGraph: fwd=7295216 bwd=7295216 edges
  Processing 40654 papers in 25 batches of ~1627
  NeighborhoodSlab: 1627 threads × 2304 KB = 3660 MB
  Batch 0 [0,1627) done in 539 ms  h_edges=7325231
  NeighborhoodSlab: 1627 threads × 2304 KB = 3660 MB
  Batch 1 [1627,3254) done in 563 ms  h_edges=7358710
  NeighborhoodSlab: 1627 threads × 2304 KB = 3660 MB
  Batch 2 [3254,4881) done in 546 ms  h_edges=7391764
  NeighborhoodSlab: 1627 threads × 2304 KB = 3660 MB
  Batch 3 [4881,6508) done in 677 ms  h_edges=7426427
  NeighborhoodSlab: 1627 threads × 2304 KB = 3660 MB
  Batch 4 [6508,8135) done in 613 ms  h_edges=7455296
  NeighborhoodSlab: 1627 threads × 2304 KB = 3660 MB
  Batch 5 [8135,9762) done in 574 ms  h_edges=7487044
  NeighborhoodSlab: 1627 threads × 2304 KB = 3660 MB
  Batch 6 [9762,11389) done in 593 ms  h_edges=7519126
  NeighborhoodSlab: 1627 threads × 2304 KB = 3660 MB
  Batch 7 [11389,13016) done in 615 ms  h_edges=7548115
  NeighborhoodSlab: 1627 threads × 2304 KB = 3660 MB
  Batch 8 [13016,14643) done in 574 ms  h_edges=7581308
  NeighborhoodSlab: 1627 threads × 2304 KB = 3660 MB
  Batch 9 [14643,16270) done in 612 ms  h_edges=7612921
  NeighborhoodSlab: 1627 threads × 2304 KB = 3660 MB
  Batch 10 [16270,17897) done in 641 ms  h_edges=7643905
  NeighborhoodSlab: 1627 threads × 2304 KB = 3660 MB
  Batch 11 [17897,19524) done in 587 ms  h_edges=7675319
  NeighborhoodSlab: 1627 threads × 2304 KB = 3660 MB
  Batch 12 [19524,21151) done in 525 ms  h_edges=7707363
  NeighborhoodSlab: 1627 threads × 2304 KB = 3660 MB
  Batch 13 [21151,22778) done in 611 ms  h_edges=7740612
  NeighborhoodSlab: 1627 threads × 2304 KB = 3660 MB
  Batch 14 [22778,24405) done in 668 ms  h_edges=7772357
  NeighborhoodSlab: 1627 threads × 2304 KB = 3660 MB
  Batch 15 [24405,26032) done in 629 ms  h_edges=7804629
  NeighborhoodSlab: 1627 threads × 2304 KB = 3660 MB
  Batch 16 [26032,27659) done in 605 ms  h_edges=7834904
  NeighborhoodSlab: 1627 threads × 2304 KB = 3660 MB
  Batch 17 [27659,29286) done in 548 ms  h_edges=7869026
  NeighborhoodSlab: 1627 threads × 2304 KB = 3660 MB
  Batch 18 [29286,30913) done in 577 ms  h_edges=7901010
  NeighborhoodSlab: 1627 threads × 2304 KB = 3660 MB
  Batch 19 [30913,32540) done in 641 ms  h_edges=7932235
  NeighborhoodSlab: 1627 threads × 2304 KB = 3660 MB
  Batch 20 [32540,34167) done in 509 ms  h_edges=7963123
  NeighborhoodSlab: 1627 threads × 2304 KB = 3660 MB
  Batch 21 [34167,35794) done in 648 ms  h_edges=7995253
  NeighborhoodSlab: 1627 threads × 2304 KB = 3660 MB
  Batch 22 [35794,37421) done in 656 ms  h_edges=8027657
  NeighborhoodSlab: 1627 threads × 2304 KB = 3660 MB
  Batch 23 [37421,39048) done in 551 ms  h_edges=8059726
  NeighborhoodSlab: 1606 threads × 2304 KB = 3613 MB
  Batch 24 [39048,40654) done in 542 ms  h_edges=8090137
  DeviceGraph: fwd=8090137 bwd=8090137 edges
  Year 2033 total: 28587 ms  (pop: 1395775)

--- Year 2034 (pop: 1395775) ---
  Adding 41874 new papers
  DeviceGraph: fwd=8090137 bwd=8090137 edges
  Processing 41874 papers in 25 batches of ~1675
  NeighborhoodSlab: 1675 threads × 2304 KB = 3768 MB
  Batch 0 [0,1675) done in 823 ms  h_edges=8122022
  NeighborhoodSlab: 1675 threads × 2304 KB = 3768 MB
  Batch 1 [1675,3350) done in 620 ms  h_edges=8156328
  NeighborhoodSlab: 1675 threads × 2304 KB = 3768 MB
  Batch 2 [3350,5025) done in 617 ms  h_edges=8188935
  NeighborhoodSlab: 1675 threads × 2304 KB = 3768 MB
  Batch 3 [5025,6700) done in 668 ms  h_edges=8222527
  NeighborhoodSlab: 1675 threads × 2304 KB = 3768 MB
  Batch 4 [6700,8375) done in 707 ms  h_edges=8253776
  NeighborhoodSlab: 1675 threads × 2304 KB = 3768 MB
  Batch 5 [8375,10050) done in 689 ms  h_edges=8287616
  NeighborhoodSlab: 1675 threads × 2304 KB = 3768 MB
  Batch 6 [10050,11725) done in 588 ms  h_edges=8319788
  NeighborhoodSlab: 1675 threads × 2304 KB = 3768 MB
  Batch 7 [11725,13400) done in 653 ms  h_edges=8352569
  NeighborhoodSlab: 1675 threads × 2304 KB = 3768 MB
  Batch 8 [13400,15075) done in 681 ms  h_edges=8384838
  NeighborhoodSlab: 1675 threads × 2304 KB = 3768 MB
  Batch 9 [15075,16750) done in 706 ms  h_edges=8416425
  NeighborhoodSlab: 1675 threads × 2304 KB = 3768 MB
  Batch 10 [16750,18425) done in 635 ms  h_edges=8449333
  NeighborhoodSlab: 1675 threads × 2304 KB = 3768 MB
  Batch 11 [18425,20100) done in 691 ms  h_edges=8481544
  NeighborhoodSlab: 1675 threads × 2304 KB = 3768 MB
  Batch 12 [20100,21775) done in 712 ms  h_edges=8513791
  NeighborhoodSlab: 1675 threads × 2304 KB = 3768 MB
  Batch 13 [21775,23450) done in 674 ms  h_edges=8544468
  NeighborhoodSlab: 1675 threads × 2304 KB = 3768 MB
  Batch 14 [23450,25125) done in 674 ms  h_edges=8576861
  NeighborhoodSlab: 1675 threads × 2304 KB = 3768 MB
  Batch 15 [25125,26800) done in 614 ms  h_edges=8608182
  NeighborhoodSlab: 1675 threads × 2304 KB = 3768 MB
  Batch 16 [26800,28475) done in 631 ms  h_edges=8639936
  NeighborhoodSlab: 1675 threads × 2304 KB = 3768 MB
  Batch 17 [28475,30150) done in 703 ms  h_edges=8672189
  NeighborhoodSlab: 1675 threads × 2304 KB = 3768 MB
  Batch 18 [30150,31825) done in 829 ms  h_edges=8704894
  NeighborhoodSlab: 1675 threads × 2304 KB = 3768 MB
  Batch 19 [31825,33500) done in 604 ms  h_edges=8734638
  NeighborhoodSlab: 1675 threads × 2304 KB = 3768 MB
  Batch 20 [33500,35175) done in 641 ms  h_edges=8767797
  NeighborhoodSlab: 1675 threads × 2304 KB = 3768 MB
  Batch 21 [35175,36850) done in 622 ms  h_edges=8800192
  NeighborhoodSlab: 1675 threads × 2304 KB = 3768 MB
  Batch 22 [36850,38525) done in 667 ms  h_edges=8832095
  NeighborhoodSlab: 1675 threads × 2304 KB = 3768 MB
  Batch 23 [38525,40200) done in 681 ms  h_edges=8863788
  NeighborhoodSlab: 1674 threads × 2304 KB = 3766 MB
  Batch 24 [40200,41874) done in 613 ms  h_edges=8896417
  DeviceGraph: fwd=8896417 bwd=8896417 edges
  Year 2034 total: 32075 ms  (pop: 1437649)

--- Year 2035 (pop: 1437649) ---
  Adding 43130 new papers
  DeviceGraph: fwd=8896417 bwd=8896417 edges
  Processing 43130 papers in 25 batches of ~1726
  NeighborhoodSlab: 1726 threads × 2304 KB = 3883 MB
  Batch 0 [0,1726) done in 775 ms  h_edges=8929699
  NeighborhoodSlab: 1726 threads × 2304 KB = 3883 MB
  Batch 1 [1726,3452) done in 670 ms  h_edges=8963457
  NeighborhoodSlab: 1726 threads × 2304 KB = 3883 MB
  Batch 2 [3452,5178) done in 754 ms  h_edges=8999203
  NeighborhoodSlab: 1726 threads × 2304 KB = 3883 MB
  Batch 3 [5178,6904) done in 758 ms  h_edges=9033419
  NeighborhoodSlab: 1726 threads × 2304 KB = 3883 MB
  Batch 4 [6904,8630) done in 699 ms  h_edges=9067526
  NeighborhoodSlab: 1726 threads × 2304 KB = 3883 MB
  Batch 5 [8630,10356) done in 673 ms  h_edges=9101477
  NeighborhoodSlab: 1726 threads × 2304 KB = 3883 MB
  Batch 6 [10356,12082) done in 782 ms  h_edges=9135427
  NeighborhoodSlab: 1726 threads × 2304 KB = 3883 MB
  Batch 7 [12082,13808) done in 736 ms  h_edges=9169637
  NeighborhoodSlab: 1726 threads × 2304 KB = 3883 MB
  Batch 8 [13808,15534) done in 713 ms  h_edges=9202728
  NeighborhoodSlab: 1726 threads × 2304 KB = 3883 MB
  Batch 9 [15534,17260) done in 821 ms  h_edges=9237292
  NeighborhoodSlab: 1726 threads × 2304 KB = 3883 MB
  Batch 10 [17260,18986) done in 745 ms  h_edges=9271654
  NeighborhoodSlab: 1726 threads × 2304 KB = 3883 MB
  Batch 11 [18986,20712) done in 771 ms  h_edges=9304551
  NeighborhoodSlab: 1726 threads × 2304 KB = 3883 MB
  Batch 12 [20712,22438) done in 774 ms  h_edges=9337968
  NeighborhoodSlab: 1726 threads × 2304 KB = 3883 MB
  Batch 13 [22438,24164) done in 785 ms  h_edges=9372497
  NeighborhoodSlab: 1726 threads × 2304 KB = 3883 MB
  Batch 14 [24164,25890) done in 734 ms  h_edges=9408064
  NeighborhoodSlab: 1726 threads × 2304 KB = 3883 MB
  Batch 15 [25890,27616) done in 805 ms  h_edges=9440434
  NeighborhoodSlab: 1726 threads × 2304 KB = 3883 MB
  Batch 16 [27616,29342) done in 738 ms  h_edges=9474160
  NeighborhoodSlab: 1726 threads × 2304 KB = 3883 MB
  Batch 17 [29342,31068) done in 726 ms  h_edges=9510720
  NeighborhoodSlab: 1726 threads × 2304 KB = 3883 MB
  Batch 18 [31068,32794) done in 663 ms  h_edges=9544339
  NeighborhoodSlab: 1726 threads × 2304 KB = 3883 MB
  Batch 19 [32794,34520) done in 779 ms  h_edges=9578358
  NeighborhoodSlab: 1726 threads × 2304 KB = 3883 MB
  Batch 20 [34520,36246) done in 812 ms  h_edges=9612010
  NeighborhoodSlab: 1726 threads × 2304 KB = 3883 MB
  Batch 21 [36246,37972) done in 672 ms  h_edges=9645029
  NeighborhoodSlab: 1726 threads × 2304 KB = 3883 MB
  Batch 22 [37972,39698) done in 688 ms  h_edges=9678103
  NeighborhoodSlab: 1726 threads × 2304 KB = 3883 MB
  Batch 23 [39698,41424) done in 797 ms  h_edges=9712007
  NeighborhoodSlab: 1706 threads × 2304 KB = 3838 MB
  Batch 24 [41424,43130) done in 779 ms  h_edges=9743958
  DeviceGraph: fwd=9743958 bwd=9743958 edges
  Year 2035 total: 35877 ms  (pop: 1480779)

--- Year 2036 (pop: 1480779) ---
  Adding 44424 new papers
  DeviceGraph: fwd=9743958 bwd=9743958 edges
  Processing 44424 papers in 25 batches of ~1777
  NeighborhoodSlab: 1777 threads × 2304 KB = 3998 MB
  Batch 0 [0,1777) done in 772 ms  h_edges=9778953
  NeighborhoodSlab: 1777 threads × 2304 KB = 3998 MB
  Batch 1 [1777,3554) done in 814 ms  h_edges=9814247
  NeighborhoodSlab: 1777 threads × 2304 KB = 3998 MB
  Batch 2 [3554,5331) done in 869 ms  h_edges=9849723
  NeighborhoodSlab: 1777 threads × 2304 KB = 3998 MB
  Batch 3 [5331,7108) done in 845 ms  h_edges=9884367
  NeighborhoodSlab: 1777 threads × 2304 KB = 3998 MB
  Batch 4 [7108,8885) done in 835 ms  h_edges=9920237
  NeighborhoodSlab: 1777 threads × 2304 KB = 3998 MB
  Batch 5 [8885,10662) done in 835 ms  h_edges=9955600
  NeighborhoodSlab: 1777 threads × 2304 KB = 3998 MB
  Batch 6 [10662,12439) done in 814 ms  h_edges=9990227
  NeighborhoodSlab: 1777 threads × 2304 KB = 3998 MB
  Batch 7 [12439,14216) done in 847 ms  h_edges=10024358
  NeighborhoodSlab: 1777 threads × 2304 KB = 3998 MB
  Batch 8 [14216,15993) done in 790 ms  h_edges=10059650
  NeighborhoodSlab: 1777 threads × 2304 KB = 3998 MB
  Batch 9 [15993,17770) done in 798 ms  h_edges=10091518
  NeighborhoodSlab: 1777 threads × 2304 KB = 3998 MB
  Batch 10 [17770,19547) done in 820 ms  h_edges=10124645
  NeighborhoodSlab: 1777 threads × 2304 KB = 3998 MB
  Batch 11 [19547,21324) done in 818 ms  h_edges=10161382
  NeighborhoodSlab: 1777 threads × 2304 KB = 3998 MB
  Batch 12 [21324,23101) done in 860 ms  h_edges=10195522
  NeighborhoodSlab: 1777 threads × 2304 KB = 3998 MB
  Batch 13 [23101,24878) done in 887 ms  h_edges=10230705
  NeighborhoodSlab: 1777 threads × 2304 KB = 3998 MB
  Batch 14 [24878,26655) done in 880 ms  h_edges=10267251
  NeighborhoodSlab: 1777 threads × 2304 KB = 3998 MB
  Batch 15 [26655,28432) done in 793 ms  h_edges=10300477
  NeighborhoodSlab: 1777 threads × 2304 KB = 3998 MB
  Batch 16 [28432,30209) done in 774 ms  h_edges=10335542
  NeighborhoodSlab: 1777 threads × 2304 KB = 3998 MB
  Batch 17 [30209,31986) done in 910 ms  h_edges=10371527
  NeighborhoodSlab: 1777 threads × 2304 KB = 3998 MB
  Batch 18 [31986,33763) done in 902 ms  h_edges=10405302
  NeighborhoodSlab: 1777 threads × 2304 KB = 3998 MB
  Batch 19 [33763,35540) done in 764 ms  h_edges=10440444
  NeighborhoodSlab: 1777 threads × 2304 KB = 3998 MB
  Batch 20 [35540,37317) done in 912 ms  h_edges=10473379
  NeighborhoodSlab: 1777 threads × 2304 KB = 3998 MB
  Batch 21 [37317,39094) done in 947 ms  h_edges=10507138
  NeighborhoodSlab: 1777 threads × 2304 KB = 3998 MB
  Batch 22 [39094,40871) done in 784 ms  h_edges=10541994
  NeighborhoodSlab: 1777 threads × 2304 KB = 3998 MB
  Batch 23 [40871,42648) done in 845 ms  h_edges=10576503
  NeighborhoodSlab: 1776 threads × 2304 KB = 3996 MB
  Batch 24 [42648,44424) done in 882 ms  h_edges=10611278
  DeviceGraph: fwd=10611278 bwd=10611278 edges
  Year 2036 total: 40207 ms  (pop: 1525203)

=== Simulation Complete ===
Total: 242 s  Final pop: 1525203

=== Exporting Results ===
Edges saved: ./output/10y/mass_cuda-yutb-static-output-10y-3p.edgelist (10611278)
Attributes saved: ./output/10y/mass_cuda-yutb-static-output-10y-3p.aux (1525203 rows)

Done.

real	4m19.629s
user	4m14.693s
sys	0m4.035s
Running growth rate 3% for 10 years.
./output/10y/mass_cuda-twt-static-output-10y-3p.edgelist
./output/10y/mass_cuda-twt-static-output-10y-3p.aux
Citation Network ABM – MASS CUDA
=================================

Out-degree bag: 3980408 entries
Recency probs:  356 entries
BFS batches:    25 per year

=== Initializing Citation ABM ===

Inside parseNodelist...
Populating continuous node mappings (81306 nodes)...
parseNodelist done in 54 ms (81306 nodes)

Inside parseEdgelist...
parseEdgelist done in 186 ms (2420744 edges)
Seed max year: 2020  → simulation starts at 2021
Max population: 111273
Seed population: 81306 papers
  DeviceGraph: fwd=1342296 bwd=1342296 edges
Initialization complete


=== Simulation Start ===

--- Year 2021 (pop: 81306) ---
  Adding 2440 new papers
  DeviceGraph: fwd=1342296 bwd=1342296 edges
  Processing 2440 papers in 25 batches of ~98
  NeighborhoodSlab: 98 threads × 2304 KB = 220 MB
  Batch 0 [0,98) done in 115 ms  h_edges=2423144
  NeighborhoodSlab: 98 threads × 2304 KB = 220 MB
  Batch 1 [98,196) done in 61 ms  h_edges=2425068
  NeighborhoodSlab: 98 threads × 2304 KB = 220 MB
  Batch 2 [196,294) done in 76 ms  h_edges=2427380
  NeighborhoodSlab: 98 threads × 2304 KB = 220 MB
  Batch 3 [294,392) done in 102 ms  h_edges=2429298
  NeighborhoodSlab: 98 threads × 2304 KB = 220 MB
  Batch 4 [392,490) done in 79 ms  h_edges=2431212
  NeighborhoodSlab: 98 threads × 2304 KB = 220 MB
  Batch 5 [490,588) done in 70 ms  h_edges=2433073
  NeighborhoodSlab: 98 threads × 2304 KB = 220 MB
  Batch 6 [588,686) done in 85 ms  h_edges=2435194
  NeighborhoodSlab: 98 threads × 2304 KB = 220 MB
  Batch 7 [686,784) done in 56 ms  h_edges=2437613
  NeighborhoodSlab: 98 threads × 2304 KB = 220 MB
  Batch 8 [784,882) done in 61 ms  h_edges=2439095
  NeighborhoodSlab: 98 threads × 2304 KB = 220 MB
  Batch 9 [882,980) done in 71 ms  h_edges=2441191
  NeighborhoodSlab: 98 threads × 2304 KB = 220 MB
  Batch 10 [980,1078) done in 106 ms  h_edges=2442763
  NeighborhoodSlab: 98 threads × 2304 KB = 220 MB
  Batch 11 [1078,1176) done in 64 ms  h_edges=2445169
  NeighborhoodSlab: 98 threads × 2304 KB = 220 MB
  Batch 12 [1176,1274) done in 73 ms  h_edges=2447195
  NeighborhoodSlab: 98 threads × 2304 KB = 220 MB
  Batch 13 [1274,1372) done in 84 ms  h_edges=2448742
  NeighborhoodSlab: 98 threads × 2304 KB = 220 MB
  Batch 14 [1372,1470) done in 88 ms  h_edges=2450621
  NeighborhoodSlab: 98 threads × 2304 KB = 220 MB
  Batch 15 [1470,1568) done in 82 ms  h_edges=2452830
  NeighborhoodSlab: 98 threads × 2304 KB = 220 MB
  Batch 16 [1568,1666) done in 75 ms  h_edges=2454672
  NeighborhoodSlab: 98 threads × 2304 KB = 220 MB
  Batch 17 [1666,1764) done in 112 ms  h_edges=2456788
  NeighborhoodSlab: 98 threads × 2304 KB = 220 MB
  Batch 18 [1764,1862) done in 68 ms  h_edges=2458960
  NeighborhoodSlab: 98 threads × 2304 KB = 220 MB
  Batch 19 [1862,1960) done in 96 ms  h_edges=2461078
  NeighborhoodSlab: 98 threads × 2304 KB = 220 MB
  Batch 20 [1960,2058) done in 60 ms  h_edges=2462999
  NeighborhoodSlab: 98 threads × 2304 KB = 220 MB
  Batch 21 [2058,2156) done in 89 ms  h_edges=2465325
  NeighborhoodSlab: 98 threads × 2304 KB = 220 MB
  Batch 22 [2156,2254) done in 85 ms  h_edges=2467293
  NeighborhoodSlab: 98 threads × 2304 KB = 220 MB
  Batch 23 [2254,2352) done in 85 ms  h_edges=2469334
  NeighborhoodSlab: 88 threads × 2304 KB = 198 MB
  Batch 24 [2352,2440) done in 63 ms  h_edges=2470532
  DeviceGraph: fwd=1392084 bwd=1392084 edges
  Year 2021 total: 3985 ms  (pop: 83746)

--- Year 2022 (pop: 83746) ---
  Adding 2513 new papers
  DeviceGraph: fwd=1392084 bwd=1392084 edges
  Processing 2513 papers in 25 batches of ~101
  NeighborhoodSlab: 101 threads × 2304 KB = 227 MB
  Batch 0 [0,101) done in 89 ms  h_edges=2472786
  NeighborhoodSlab: 101 threads × 2304 KB = 227 MB
  Batch 1 [101,202) done in 76 ms  h_edges=2474930
  NeighborhoodSlab: 101 threads × 2304 KB = 227 MB
  Batch 2 [202,303) done in 100 ms  h_edges=2476770
  NeighborhoodSlab: 101 threads × 2304 KB = 227 MB
  Batch 3 [303,404) done in 84 ms  h_edges=2478556
  NeighborhoodSlab: 101 threads × 2304 KB = 227 MB
  Batch 4 [404,505) done in 83 ms  h_edges=2480274
  NeighborhoodSlab: 101 threads × 2304 KB = 227 MB
  Batch 5 [505,606) done in 66 ms  h_edges=2482137
  NeighborhoodSlab: 101 threads × 2304 KB = 227 MB
  Batch 6 [606,707) done in 60 ms  h_edges=2484086
  NeighborhoodSlab: 101 threads × 2304 KB = 227 MB
  Batch 7 [707,808) done in 94 ms  h_edges=2486074
  NeighborhoodSlab: 101 threads × 2304 KB = 227 MB
  Batch 8 [808,909) done in 103 ms  h_edges=2488612
  NeighborhoodSlab: 101 threads × 2304 KB = 227 MB
  Batch 9 [909,1010) done in 82 ms  h_edges=2490901
  NeighborhoodSlab: 101 threads × 2304 KB = 227 MB
  Batch 10 [1010,1111) done in 88 ms  h_edges=2492533
  NeighborhoodSlab: 101 threads × 2304 KB = 227 MB
  Batch 11 [1111,1212) done in 88 ms  h_edges=2494330
  NeighborhoodSlab: 101 threads × 2304 KB = 227 MB
  Batch 12 [1212,1313) done in 77 ms  h_edges=2496187
  NeighborhoodSlab: 101 threads × 2304 KB = 227 MB
  Batch 13 [1313,1414) done in 106 ms  h_edges=2498439
  NeighborhoodSlab: 101 threads × 2304 KB = 227 MB
  Batch 14 [1414,1515) done in 78 ms  h_edges=2499918
  NeighborhoodSlab: 101 threads × 2304 KB = 227 MB
  Batch 15 [1515,1616) done in 78 ms  h_edges=2501514
  NeighborhoodSlab: 101 threads × 2304 KB = 227 MB
  Batch 16 [1616,1717) done in 98 ms  h_edges=2504150
  NeighborhoodSlab: 101 threads × 2304 KB = 227 MB
  Batch 17 [1717,1818) done in 78 ms  h_edges=2506449
  NeighborhoodSlab: 101 threads × 2304 KB = 227 MB
  Batch 18 [1818,1919) done in 89 ms  h_edges=2508476
  NeighborhoodSlab: 101 threads × 2304 KB = 227 MB
  Batch 19 [1919,2020) done in 100 ms  h_edges=2510621
  NeighborhoodSlab: 101 threads × 2304 KB = 227 MB
  Batch 20 [2020,2121) done in 129 ms  h_edges=2512628
  NeighborhoodSlab: 101 threads × 2304 KB = 227 MB
  Batch 21 [2121,2222) done in 96 ms  h_edges=2514492
  NeighborhoodSlab: 101 threads × 2304 KB = 227 MB
  Batch 22 [2222,2323) done in 77 ms  h_edges=2515844
  NeighborhoodSlab: 101 threads × 2304 KB = 227 MB
  Batch 23 [2323,2424) done in 100 ms  h_edges=2518083
  NeighborhoodSlab: 89 threads × 2304 KB = 200 MB
  Batch 24 [2424,2513) done in 60 ms  h_edges=2519502
  DeviceGraph: fwd=1441054 bwd=1441054 edges
  Year 2022 total: 4262 ms  (pop: 86259)

--- Year 2023 (pop: 86259) ---
  Adding 2588 new papers
  DeviceGraph: fwd=1441054 bwd=1441054 edges
  Processing 2588 papers in 25 batches of ~104
  NeighborhoodSlab: 104 threads × 2304 KB = 234 MB
  Batch 0 [0,104) done in 84 ms  h_edges=2521143
  NeighborhoodSlab: 104 threads × 2304 KB = 234 MB
  Batch 1 [104,208) done in 96 ms  h_edges=2523158
  NeighborhoodSlab: 104 threads × 2304 KB = 234 MB
  Batch 2 [208,312) done in 91 ms  h_edges=2524991
  NeighborhoodSlab: 104 threads × 2304 KB = 234 MB
  Batch 3 [312,416) done in 79 ms  h_edges=2526533
  NeighborhoodSlab: 104 threads × 2304 KB = 234 MB
  Batch 4 [416,520) done in 88 ms  h_edges=2528470
  NeighborhoodSlab: 104 threads × 2304 KB = 234 MB
  Batch 5 [520,624) done in 106 ms  h_edges=2530374
  NeighborhoodSlab: 104 threads × 2304 KB = 234 MB
  Batch 6 [624,728) done in 85 ms  h_edges=2532224
  NeighborhoodSlab: 104 threads × 2304 KB = 234 MB
  Batch 7 [728,832) done in 86 ms  h_edges=2535104
  NeighborhoodSlab: 104 threads × 2304 KB = 234 MB
  Batch 8 [832,936) done in 93 ms  h_edges=2537197
  NeighborhoodSlab: 104 threads × 2304 KB = 234 MB
  Batch 9 [936,1040) done in 103 ms  h_edges=2539235
  NeighborhoodSlab: 104 threads × 2304 KB = 234 MB
  Batch 10 [1040,1144) done in 76 ms  h_edges=2541208
  NeighborhoodSlab: 104 threads × 2304 KB = 234 MB
  Batch 11 [1144,1248) done in 111 ms  h_edges=2543601
  NeighborhoodSlab: 104 threads × 2304 KB = 234 MB
  Batch 12 [1248,1352) done in 88 ms  h_edges=2545565
  NeighborhoodSlab: 104 threads × 2304 KB = 234 MB
  Batch 13 [1352,1456) done in 95 ms  h_edges=2547856
  NeighborhoodSlab: 104 threads × 2304 KB = 234 MB
  Batch 14 [1456,1560) done in 109 ms  h_edges=2549645
  NeighborhoodSlab: 104 threads × 2304 KB = 234 MB
  Batch 15 [1560,1664) done in 95 ms  h_edges=2551742
  NeighborhoodSlab: 104 threads × 2304 KB = 234 MB
  Batch 16 [1664,1768) done in 118 ms  h_edges=2553765
  NeighborhoodSlab: 104 threads × 2304 KB = 234 MB
  Batch 17 [1768,1872) done in 93 ms  h_edges=2555567
  NeighborhoodSlab: 104 threads × 2304 KB = 234 MB
  Batch 18 [1872,1976) done in 97 ms  h_edges=2557492
  NeighborhoodSlab: 104 threads × 2304 KB = 234 MB
  Batch 19 [1976,2080) done in 84 ms  h_edges=2559891
  NeighborhoodSlab: 104 threads × 2304 KB = 234 MB
  Batch 20 [2080,2184) done in 81 ms  h_edges=2561472
  NeighborhoodSlab: 104 threads × 2304 KB = 234 MB
  Batch 21 [2184,2288) done in 95 ms  h_edges=2563880
  NeighborhoodSlab: 104 threads × 2304 KB = 234 MB
  Batch 22 [2288,2392) done in 121 ms  h_edges=2565917
  NeighborhoodSlab: 104 threads × 2304 KB = 234 MB
  Batch 23 [2392,2496) done in 96 ms  h_edges=2568145
  NeighborhoodSlab: 92 threads × 2304 KB = 207 MB
  Batch 24 [2496,2588) done in 116 ms  h_edges=2569983
  DeviceGraph: fwd=1491535 bwd=1491535 edges
  Year 2023 total: 4490 ms  (pop: 88847)

--- Year 2024 (pop: 88847) ---
  Adding 2666 new papers
  DeviceGraph: fwd=1491535 bwd=1491535 edges
  Processing 2666 papers in 25 batches of ~107
  NeighborhoodSlab: 107 threads × 2304 KB = 240 MB
  Batch 0 [0,107) done in 102 ms  h_edges=2572010
  NeighborhoodSlab: 107 threads × 2304 KB = 240 MB
  Batch 1 [107,214) done in 82 ms  h_edges=2573804
  NeighborhoodSlab: 107 threads × 2304 KB = 240 MB
  Batch 2 [214,321) done in 130 ms  h_edges=2575696
  NeighborhoodSlab: 107 threads × 2304 KB = 240 MB
  Batch 3 [321,428) done in 129 ms  h_edges=2578082
  NeighborhoodSlab: 107 threads × 2304 KB = 240 MB
  Batch 4 [428,535) done in 97 ms  h_edges=2580161
  NeighborhoodSlab: 107 threads × 2304 KB = 240 MB
  Batch 5 [535,642) done in 119 ms  h_edges=2582462
  NeighborhoodSlab: 107 threads × 2304 KB = 240 MB
  Batch 6 [642,749) done in 108 ms  h_edges=2584855
  NeighborhoodSlab: 107 threads × 2304 KB = 240 MB
  Batch 7 [749,856) done in 96 ms  h_edges=2587612
  NeighborhoodSlab: 107 threads × 2304 KB = 240 MB
  Batch 8 [856,963) done in 100 ms  h_edges=2589760
  NeighborhoodSlab: 107 threads × 2304 KB = 240 MB
  Batch 9 [963,1070) done in 110 ms  h_edges=2591840
  NeighborhoodSlab: 107 threads × 2304 KB = 240 MB
  Batch 10 [1070,1177) done in 103 ms  h_edges=2593684
  NeighborhoodSlab: 107 threads × 2304 KB = 240 MB
  Batch 11 [1177,1284) done in 109 ms  h_edges=2595567
  NeighborhoodSlab: 107 threads × 2304 KB = 240 MB
  Batch 12 [1284,1391) done in 78 ms  h_edges=2597623
  NeighborhoodSlab: 107 threads × 2304 KB = 240 MB
  Batch 13 [1391,1498) done in 118 ms  h_edges=2599692
  NeighborhoodSlab: 107 threads × 2304 KB = 240 MB
  Batch 14 [1498,1605) done in 98 ms  h_edges=2601888
  NeighborhoodSlab: 107 threads × 2304 KB = 240 MB
  Batch 15 [1605,1712) done in 111 ms  h_edges=2603968
  NeighborhoodSlab: 107 threads × 2304 KB = 240 MB
  Batch 16 [1712,1819) done in 135 ms  h_edges=2606092
  NeighborhoodSlab: 107 threads × 2304 KB = 240 MB
  Batch 17 [1819,1926) done in 94 ms  h_edges=2608197
  NeighborhoodSlab: 107 threads × 2304 KB = 240 MB
  Batch 18 [1926,2033) done in 90 ms  h_edges=2610755
  NeighborhoodSlab: 107 threads × 2304 KB = 240 MB
  Batch 19 [2033,2140) done in 90 ms  h_edges=2612544
  NeighborhoodSlab: 107 threads × 2304 KB = 240 MB
  Batch 20 [2140,2247) done in 74 ms  h_edges=2614617
  NeighborhoodSlab: 107 threads × 2304 KB = 240 MB
  Batch 21 [2247,2354) done in 129 ms  h_edges=2616923
  NeighborhoodSlab: 107 threads × 2304 KB = 240 MB
  Batch 22 [2354,2461) done in 96 ms  h_edges=2618911
  NeighborhoodSlab: 107 threads × 2304 KB = 240 MB
  Batch 23 [2461,2568) done in 100 ms  h_edges=2620824
  NeighborhoodSlab: 98 threads × 2304 KB = 220 MB
  Batch 24 [2568,2666) done in 100 ms  h_edges=2622605
  DeviceGraph: fwd=1544157 bwd=1544157 edges
  Year 2024 total: 4646 ms  (pop: 91513)

--- Year 2025 (pop: 91513) ---
  Adding 2746 new papers
  DeviceGraph: fwd=1544157 bwd=1544157 edges
  Processing 2746 papers in 25 batches of ~110
  NeighborhoodSlab: 110 threads × 2304 KB = 247 MB
  Batch 0 [0,110) done in 112 ms  h_edges=2625336
  NeighborhoodSlab: 110 threads × 2304 KB = 247 MB
  Batch 1 [110,220) done in 133 ms  h_edges=2627404
  NeighborhoodSlab: 110 threads × 2304 KB = 247 MB
  Batch 2 [220,330) done in 157 ms  h_edges=2629899
  NeighborhoodSlab: 110 threads × 2304 KB = 247 MB
  Batch 3 [330,440) done in 106 ms  h_edges=2632099
  NeighborhoodSlab: 110 threads × 2304 KB = 247 MB
  Batch 4 [440,550) done in 110 ms  h_edges=2634282
  NeighborhoodSlab: 110 threads × 2304 KB = 247 MB
  Batch 5 [550,660) done in 127 ms  h_edges=2636566
  NeighborhoodSlab: 110 threads × 2304 KB = 247 MB
  Batch 6 [660,770) done in 141 ms  h_edges=2638628
  NeighborhoodSlab: 110 threads × 2304 KB = 247 MB
  Batch 7 [770,880) done in 91 ms  h_edges=2640313
  NeighborhoodSlab: 110 threads × 2304 KB = 247 MB
  Batch 8 [880,990) done in 119 ms  h_edges=2642075
  NeighborhoodSlab: 110 threads × 2304 KB = 247 MB
  Batch 9 [990,1100) done in 116 ms  h_edges=2643920
  NeighborhoodSlab: 110 threads × 2304 KB = 247 MB
  Batch 10 [1100,1210) done in 126 ms  h_edges=2646031
  NeighborhoodSlab: 110 threads × 2304 KB = 247 MB
  Batch 11 [1210,1320) done in 111 ms  h_edges=2648010
  NeighborhoodSlab: 110 threads × 2304 KB = 247 MB
  Batch 12 [1320,1430) done in 91 ms  h_edges=2650557
  NeighborhoodSlab: 110 threads × 2304 KB = 247 MB
  Batch 13 [1430,1540) done in 123 ms  h_edges=2652978
  NeighborhoodSlab: 110 threads × 2304 KB = 247 MB
  Batch 14 [1540,1650) done in 124 ms  h_edges=2654964
  NeighborhoodSlab: 110 threads × 2304 KB = 247 MB
  Batch 15 [1650,1760) done in 124 ms  h_edges=2656866
  NeighborhoodSlab: 110 threads × 2304 KB = 247 MB
  Batch 16 [1760,1870) done in 138 ms  h_edges=2658771
  NeighborhoodSlab: 110 threads × 2304 KB = 247 MB
  Batch 17 [1870,1980) done in 119 ms  h_edges=2660844
  NeighborhoodSlab: 110 threads × 2304 KB = 247 MB
  Batch 18 [1980,2090) done in 119 ms  h_edges=2662776
  NeighborhoodSlab: 110 threads × 2304 KB = 247 MB
  Batch 19 [2090,2200) done in 104 ms  h_edges=2665611
  NeighborhoodSlab: 110 threads × 2304 KB = 247 MB
  Batch 20 [2200,2310) done in 104 ms  h_edges=2668060
  NeighborhoodSlab: 110 threads × 2304 KB = 247 MB
  Batch 21 [2310,2420) done in 117 ms  h_edges=2670340
  NeighborhoodSlab: 110 threads × 2304 KB = 247 MB
  Batch 22 [2420,2530) done in 109 ms  h_edges=2671855
  NeighborhoodSlab: 110 threads × 2304 KB = 247 MB
  Batch 23 [2530,2640) done in 87 ms  h_edges=2674104
  NeighborhoodSlab: 106 threads × 2304 KB = 238 MB
  Batch 24 [2640,2746) done in 108 ms  h_edges=2676205
  DeviceGraph: fwd=1597757 bwd=1597757 edges
  Year 2025 total: 4887 ms  (pop: 94259)

--- Year 2026 (pop: 94259) ---
  Adding 2828 new papers
  DeviceGraph: fwd=1597757 bwd=1597757 edges
  Processing 2828 papers in 25 batches of ~114
  NeighborhoodSlab: 114 threads × 2304 KB = 256 MB
  Batch 0 [0,114) done in 126 ms  h_edges=2678171
  NeighborhoodSlab: 114 threads × 2304 KB = 256 MB
  Batch 1 [114,228) done in 133 ms  h_edges=2680086
  NeighborhoodSlab: 114 threads × 2304 KB = 256 MB
  Batch 2 [228,342) done in 114 ms  h_edges=2682284
  NeighborhoodSlab: 114 threads × 2304 KB = 256 MB
  Batch 3 [342,456) done in 134 ms  h_edges=2684503
  NeighborhoodSlab: 114 threads × 2304 KB = 256 MB
  Batch 4 [456,570) done in 125 ms  h_edges=2686580
  NeighborhoodSlab: 114 threads × 2304 KB = 256 MB
  Batch 5 [570,684) done in 140 ms  h_edges=2688619
  NeighborhoodSlab: 114 threads × 2304 KB = 256 MB
  Batch 6 [684,798) done in 197 ms  h_edges=2690445
  NeighborhoodSlab: 114 threads × 2304 KB = 256 MB
  Batch 7 [798,912) done in 155 ms  h_edges=2692188
  NeighborhoodSlab: 114 threads × 2304 KB = 256 MB
  Batch 8 [912,1026) done in 104 ms  h_edges=2694446
  NeighborhoodSlab: 114 threads × 2304 KB = 256 MB
  Batch 9 [1026,1140) done in 115 ms  h_edges=2696414
  NeighborhoodSlab: 114 threads × 2304 KB = 256 MB
  Batch 10 [1140,1254) done in 121 ms  h_edges=2698432
  NeighborhoodSlab: 114 threads × 2304 KB = 256 MB
  Batch 11 [1254,1368) done in 130 ms  h_edges=2700703
  NeighborhoodSlab: 114 threads × 2304 KB = 256 MB
  Batch 12 [1368,1482) done in 123 ms  h_edges=2703164
  NeighborhoodSlab: 114 threads × 2304 KB = 256 MB
  Batch 13 [1482,1596) done in 117 ms  h_edges=2705187
  NeighborhoodSlab: 114 threads × 2304 KB = 256 MB
  Batch 14 [1596,1710) done in 145 ms  h_edges=2707279
  NeighborhoodSlab: 114 threads × 2304 KB = 256 MB
  Batch 15 [1710,1824) done in 124 ms  h_edges=2710143
  NeighborhoodSlab: 114 threads × 2304 KB = 256 MB
  Batch 16 [1824,1938) done in 150 ms  h_edges=2712306
  NeighborhoodSlab: 114 threads × 2304 KB = 256 MB
  Batch 17 [1938,2052) done in 123 ms  h_edges=2714796
  NeighborhoodSlab: 114 threads × 2304 KB = 256 MB
  Batch 18 [2052,2166) done in 140 ms  h_edges=2717062
  NeighborhoodSlab: 114 threads × 2304 KB = 256 MB
  Batch 19 [2166,2280) done in 143 ms  h_edges=2719067
  NeighborhoodSlab: 114 threads × 2304 KB = 256 MB
  Batch 20 [2280,2394) done in 188 ms  h_edges=2721657
  NeighborhoodSlab: 114 threads × 2304 KB = 256 MB
  Batch 21 [2394,2508) done in 131 ms  h_edges=2724608
  NeighborhoodSlab: 114 threads × 2304 KB = 256 MB
  Batch 22 [2508,2622) done in 134 ms  h_edges=2726642
  NeighborhoodSlab: 114 threads × 2304 KB = 256 MB
  Batch 23 [2622,2736) done in 191 ms  h_edges=2728835
  NeighborhoodSlab: 92 threads × 2304 KB = 207 MB
  Batch 24 [2736,2828) done in 143 ms  h_edges=2730868
  DeviceGraph: fwd=1652420 bwd=1652420 edges
  Year 2026 total: 5659 ms  (pop: 97087)

--- Year 2027 (pop: 97087) ---
  Adding 2913 new papers
  DeviceGraph: fwd=1652420 bwd=1652420 edges
  Processing 2913 papers in 25 batches of ~117
  NeighborhoodSlab: 117 threads × 2304 KB = 263 MB
  Batch 0 [0,117) done in 134 ms  h_edges=2732917
  NeighborhoodSlab: 117 threads × 2304 KB = 263 MB
  Batch 1 [117,234) done in 129 ms  h_edges=2735706
  NeighborhoodSlab: 117 threads × 2304 KB = 263 MB
  Batch 2 [234,351) done in 136 ms  h_edges=2737881
  NeighborhoodSlab: 117 threads × 2304 KB = 263 MB
  Batch 3 [351,468) done in 136 ms  h_edges=2739935
  NeighborhoodSlab: 117 threads × 2304 KB = 263 MB
  Batch 4 [468,585) done in 140 ms  h_edges=2742206
  NeighborhoodSlab: 117 threads × 2304 KB = 263 MB
  Batch 5 [585,702) done in 138 ms  h_edges=2744384
  NeighborhoodSlab: 117 threads × 2304 KB = 263 MB
  Batch 6 [702,819) done in 167 ms  h_edges=2746442
  NeighborhoodSlab: 117 threads × 2304 KB = 263 MB
  Batch 7 [819,936) done in 127 ms  h_edges=2748985
  NeighborhoodSlab: 117 threads × 2304 KB = 263 MB
  Batch 8 [936,1053) done in 131 ms  h_edges=2751217
  NeighborhoodSlab: 117 threads × 2304 KB = 263 MB
  Batch 9 [1053,1170) done in 166 ms  h_edges=2753356
  NeighborhoodSlab: 117 threads × 2304 KB = 263 MB
  Batch 10 [1170,1287) done in 171 ms  h_edges=2755629
  NeighborhoodSlab: 117 threads × 2304 KB = 263 MB
  Batch 11 [1287,1404) done in 158 ms  h_edges=2757754
  NeighborhoodSlab: 117 threads × 2304 KB = 263 MB
  Batch 12 [1404,1521) done in 165 ms  h_edges=2760410
  NeighborhoodSlab: 117 threads × 2304 KB = 263 MB
  Batch 13 [1521,1638) done in 120 ms  h_edges=2762790
  NeighborhoodSlab: 117 threads × 2304 KB = 263 MB
  Batch 14 [1638,1755) done in 125 ms  h_edges=2765337
  NeighborhoodSlab: 117 threads × 2304 KB = 263 MB
  Batch 15 [1755,1872) done in 130 ms  h_edges=2767734
  NeighborhoodSlab: 117 threads × 2304 KB = 263 MB
  Batch 16 [1872,1989) done in 240 ms  h_edges=2770037
  NeighborhoodSlab: 117 threads × 2304 KB = 263 MB
  Batch 17 [1989,2106) done in 105 ms  h_edges=2772334
  NeighborhoodSlab: 117 threads × 2304 KB = 263 MB
  Batch 18 [2106,2223) done in 115 ms  h_edges=2775356
  NeighborhoodSlab: 117 threads × 2304 KB = 263 MB
  Batch 19 [2223,2340) done in 169 ms  h_edges=2777569
  NeighborhoodSlab: 117 threads × 2304 KB = 263 MB
  Batch 20 [2340,2457) done in 126 ms  h_edges=2779451
  NeighborhoodSlab: 117 threads × 2304 KB = 263 MB
  Batch 21 [2457,2574) done in 108 ms  h_edges=2781398
  NeighborhoodSlab: 117 threads × 2304 KB = 263 MB
  Batch 22 [2574,2691) done in 142 ms  h_edges=2783478
  NeighborhoodSlab: 117 threads × 2304 KB = 263 MB
  Batch 23 [2691,2808) done in 144 ms  h_edges=2785778
  NeighborhoodSlab: 105 threads × 2304 KB = 236 MB
  Batch 24 [2808,2913) done in 127 ms  h_edges=2787853
  DeviceGraph: fwd=1709405 bwd=1709405 edges
  Year 2027 total: 5965 ms  (pop: 100000)

--- Year 2028 (pop: 100000) ---
  Adding 3000 new papers
  DeviceGraph: fwd=1709405 bwd=1709405 edges
  Processing 3000 papers in 25 batches of ~120
  NeighborhoodSlab: 120 threads × 2304 KB = 270 MB
  Batch 0 [0,120) done in 165 ms  h_edges=2790782
  NeighborhoodSlab: 120 threads × 2304 KB = 270 MB
  Batch 1 [120,240) done in 160 ms  h_edges=2792924
  NeighborhoodSlab: 120 threads × 2304 KB = 270 MB
  Batch 2 [240,360) done in 166 ms  h_edges=2795502
  NeighborhoodSlab: 120 threads × 2304 KB = 270 MB
  Batch 3 [360,480) done in 144 ms  h_edges=2797758
  NeighborhoodSlab: 120 threads × 2304 KB = 270 MB
  Batch 4 [480,600) done in 138 ms  h_edges=2800573
  NeighborhoodSlab: 120 threads × 2304 KB = 270 MB
  Batch 5 [600,720) done in 194 ms  h_edges=2802981
  NeighborhoodSlab: 120 threads × 2304 KB = 270 MB
  Batch 6 [720,840) done in 174 ms  h_edges=2805371
  NeighborhoodSlab: 120 threads × 2304 KB = 270 MB
  Batch 7 [840,960) done in 147 ms  h_edges=2807936
  NeighborhoodSlab: 120 threads × 2304 KB = 270 MB
  Batch 8 [960,1080) done in 133 ms  h_edges=2810621
  NeighborhoodSlab: 120 threads × 2304 KB = 270 MB
  Batch 9 [1080,1200) done in 162 ms  h_edges=2812772
  NeighborhoodSlab: 120 threads × 2304 KB = 270 MB
  Batch 10 [1200,1320) done in 164 ms  h_edges=2814708
  NeighborhoodSlab: 120 threads × 2304 KB = 270 MB
  Batch 11 [1320,1440) done in 160 ms  h_edges=2817194
  NeighborhoodSlab: 120 threads × 2304 KB = 270 MB
  Batch 12 [1440,1560) done in 152 ms  h_edges=2819089
  NeighborhoodSlab: 120 threads × 2304 KB = 270 MB
  Batch 13 [1560,1680) done in 166 ms  h_edges=2821477
  NeighborhoodSlab: 120 threads × 2304 KB = 270 MB
  Batch 14 [1680,1800) done in 141 ms  h_edges=2823851
  NeighborhoodSlab: 120 threads × 2304 KB = 270 MB
  Batch 15 [1800,1920) done in 149 ms  h_edges=2825757
  NeighborhoodSlab: 120 threads × 2304 KB = 270 MB
  Batch 16 [1920,2040) done in 137 ms  h_edges=2827919
  NeighborhoodSlab: 120 threads × 2304 KB = 270 MB
  Batch 17 [2040,2160) done in 172 ms  h_edges=2830326
  NeighborhoodSlab: 120 threads × 2304 KB = 270 MB
  Batch 18 [2160,2280) done in 128 ms  h_edges=2832813
  NeighborhoodSlab: 120 threads × 2304 KB = 270 MB
  Batch 19 [2280,2400) done in 127 ms  h_edges=2834712
  NeighborhoodSlab: 120 threads × 2304 KB = 270 MB
  Batch 20 [2400,2520) done in 235 ms  h_edges=2837057
  NeighborhoodSlab: 120 threads × 2304 KB = 270 MB
  Batch 21 [2520,2640) done in 157 ms  h_edges=2839010
  NeighborhoodSlab: 120 threads × 2304 KB = 270 MB
  Batch 22 [2640,2760) done in 164 ms  h_edges=2841574
  NeighborhoodSlab: 120 threads × 2304 KB = 270 MB
  Batch 23 [2760,2880) done in 169 ms  h_edges=2843941
  NeighborhoodSlab: 120 threads × 2304 KB = 270 MB
  Batch 24 [2880,3000) done in 139 ms  h_edges=2846134
  DeviceGraph: fwd=1767686 bwd=1767686 edges
  Year 2028 total: 6579 ms  (pop: 103000)

--- Year 2029 (pop: 103000) ---
  Adding 3090 new papers
  DeviceGraph: fwd=1767686 bwd=1767686 edges
  Processing 3090 papers in 25 batches of ~124
  NeighborhoodSlab: 124 threads × 2304 KB = 279 MB
  Batch 0 [0,124) done in 166 ms  h_edges=2848743
  NeighborhoodSlab: 124 threads × 2304 KB = 279 MB
  Batch 1 [124,248) done in 182 ms  h_edges=2851211
  NeighborhoodSlab: 124 threads × 2304 KB = 279 MB
  Batch 2 [248,372) done in 169 ms  h_edges=2853345
  NeighborhoodSlab: 124 threads × 2304 KB = 279 MB
  Batch 3 [372,496) done in 205 ms  h_edges=2855416
  NeighborhoodSlab: 124 threads × 2304 KB = 279 MB
  Batch 4 [496,620) done in 153 ms  h_edges=2857940
  NeighborhoodSlab: 124 threads × 2304 KB = 279 MB
  Batch 5 [620,744) done in 156 ms  h_edges=2860870
  NeighborhoodSlab: 124 threads × 2304 KB = 279 MB
  Batch 6 [744,868) done in 137 ms  h_edges=2863252
  NeighborhoodSlab: 124 threads × 2304 KB = 279 MB
  Batch 7 [868,992) done in 141 ms  h_edges=2865546
  NeighborhoodSlab: 124 threads × 2304 KB = 279 MB
  Batch 8 [992,1116) done in 170 ms  h_edges=2868413
  NeighborhoodSlab: 124 threads × 2304 KB = 279 MB
  Batch 9 [1116,1240) done in 145 ms  h_edges=2870871
  NeighborhoodSlab: 124 threads × 2304 KB = 279 MB
  Batch 10 [1240,1364) done in 169 ms  h_edges=2873386
  NeighborhoodSlab: 124 threads × 2304 KB = 279 MB
  Batch 11 [1364,1488) done in 170 ms  h_edges=2876452
  NeighborhoodSlab: 124 threads × 2304 KB = 279 MB
  Batch 12 [1488,1612) done in 169 ms  h_edges=2878274
  NeighborhoodSlab: 124 threads × 2304 KB = 279 MB
  Batch 13 [1612,1736) done in 176 ms  h_edges=2881142
  NeighborhoodSlab: 124 threads × 2304 KB = 279 MB
  Batch 14 [1736,1860) done in 137 ms  h_edges=2883218
  NeighborhoodSlab: 124 threads × 2304 KB = 279 MB
  Batch 15 [1860,1984) done in 226 ms  h_edges=2885344
  NeighborhoodSlab: 124 threads × 2304 KB = 279 MB
  Batch 16 [1984,2108) done in 140 ms  h_edges=2887565
  NeighborhoodSlab: 124 threads × 2304 KB = 279 MB
  Batch 17 [2108,2232) done in 131 ms  h_edges=2890026
  NeighborhoodSlab: 124 threads × 2304 KB = 279 MB
  Batch 18 [2232,2356) done in 184 ms  h_edges=2892987
  NeighborhoodSlab: 124 threads × 2304 KB = 279 MB
  Batch 19 [2356,2480) done in 184 ms  h_edges=2895545
  NeighborhoodSlab: 124 threads × 2304 KB = 279 MB
  Batch 20 [2480,2604) done in 234 ms  h_edges=2898078
  NeighborhoodSlab: 124 threads × 2304 KB = 279 MB
  Batch 21 [2604,2728) done in 136 ms  h_edges=2900835
  NeighborhoodSlab: 124 threads × 2304 KB = 279 MB
  Batch 22 [2728,2852) done in 194 ms  h_edges=2903684
  NeighborhoodSlab: 124 threads × 2304 KB = 279 MB
  Batch 23 [2852,2976) done in 179 ms  h_edges=2906343
  NeighborhoodSlab: 114 threads × 2304 KB = 256 MB
  Batch 24 [2976,3090) done in 215 ms  h_edges=2908261
  DeviceGraph: fwd=1829813 bwd=1829813 edges
  Year 2029 total: 6539 ms  (pop: 106090)

--- Year 2030 (pop: 106090) ---
  Adding 3183 new papers
  DeviceGraph: fwd=1829813 bwd=1829813 edges
  Processing 3183 papers in 25 batches of ~128
  NeighborhoodSlab: 128 threads × 2304 KB = 288 MB
  Batch 0 [0,128) done in 180 ms  h_edges=2910524
  NeighborhoodSlab: 128 threads × 2304 KB = 288 MB
  Batch 1 [128,256) done in 206 ms  h_edges=2913589
  NeighborhoodSlab: 128 threads × 2304 KB = 288 MB
  Batch 2 [256,384) done in 219 ms  h_edges=2916694
  NeighborhoodSlab: 128 threads × 2304 KB = 288 MB
  Batch 3 [384,512) done in 193 ms  h_edges=2919217
  NeighborhoodSlab: 128 threads × 2304 KB = 288 MB
  Batch 4 [512,640) done in 241 ms  h_edges=2921310
  NeighborhoodSlab: 128 threads × 2304 KB = 288 MB
  Batch 5 [640,768) done in 248 ms  h_edges=2923606
  NeighborhoodSlab: 128 threads × 2304 KB = 288 MB
  Batch 6 [768,896) done in 212 ms  h_edges=2926420
  NeighborhoodSlab: 128 threads × 2304 KB = 288 MB
  Batch 7 [896,1024) done in 191 ms  h_edges=2928763
  NeighborhoodSlab: 128 threads × 2304 KB = 288 MB
  Batch 8 [1024,1152) done in 181 ms  h_edges=2931534
  NeighborhoodSlab: 128 threads × 2304 KB = 288 MB
  Batch 9 [1152,1280) done in 202 ms  h_edges=2934118
  NeighborhoodSlab: 128 threads × 2304 KB = 288 MB
  Batch 10 [1280,1408) done in 193 ms  h_edges=2936441
  NeighborhoodSlab: 128 threads × 2304 KB = 288 MB
  Batch 11 [1408,1536) done in 193 ms  h_edges=2938867
  NeighborhoodSlab: 128 threads × 2304 KB = 288 MB
  Batch 12 [1536,1664) done in 177 ms  h_edges=2941457
  NeighborhoodSlab: 128 threads × 2304 KB = 288 MB
  Batch 13 [1664,1792) done in 219 ms  h_edges=2944072
  NeighborhoodSlab: 128 threads × 2304 KB = 288 MB
  Batch 14 [1792,1920) done in 189 ms  h_edges=2946355
  NeighborhoodSlab: 128 threads × 2304 KB = 288 MB
  Batch 15 [1920,2048) done in 196 ms  h_edges=2948915
  NeighborhoodSlab: 128 threads × 2304 KB = 288 MB
  Batch 16 [2048,2176) done in 202 ms  h_edges=2951175
  NeighborhoodSlab: 128 threads × 2304 KB = 288 MB
  Batch 17 [2176,2304) done in 166 ms  h_edges=2954373
  NeighborhoodSlab: 128 threads × 2304 KB = 288 MB
  Batch 18 [2304,2432) done in 182 ms  h_edges=2956801
  NeighborhoodSlab: 128 threads × 2304 KB = 288 MB
  Batch 19 [2432,2560) done in 202 ms  h_edges=2959324
  NeighborhoodSlab: 128 threads × 2304 KB = 288 MB
  Batch 20 [2560,2688) done in 182 ms  h_edges=2962619
  NeighborhoodSlab: 128 threads × 2304 KB = 288 MB
  Batch 21 [2688,2816) done in 218 ms  h_edges=2965899
  NeighborhoodSlab: 128 threads × 2304 KB = 288 MB
  Batch 22 [2816,2944) done in 190 ms  h_edges=2968355
  NeighborhoodSlab: 128 threads × 2304 KB = 288 MB
  Batch 23 [2944,3072) done in 192 ms  h_edges=2970870
  NeighborhoodSlab: 111 threads × 2304 KB = 249 MB
  Batch 24 [3072,3183) done in 187 ms  h_edges=2973759
  DeviceGraph: fwd=1895311 bwd=1895311 edges
  Year 2030 total: 7333 ms  (pop: 109273)

=== Simulation Complete ===
Total: 54 s  Final pop: 109273

=== Exporting Results ===
Edges saved: ./output/10y/mass_cuda-twt-static-output-10y-3p.edgelist (2973759)
Attributes saved: ./output/10y/mass_cuda-twt-static-output-10y-3p.aux (109273 rows)

Done.

real	0m58.567s
user	0m57.291s
sys	0m1.132s
For GROWTH_PERCENT = 6 %, BFS_BATCH_SIZE = 60.
Running growth rate 6% for 10 years.
./output/10y/mass_cuda-amz-static-output-10y-6p.edgelist
./output/10y/mass_cuda-amz-static-output-10y-6p.aux
Citation Network ABM – MASS CUDA
=================================

Out-degree bag: 3980408 entries
Recency probs:  356 entries
BFS batches:    60 per year

=== Initializing Citation ABM ===

Inside parseNodelist...
Populating continuous node mappings (334863 nodes)...
parseNodelist done in 274 ms (334863 nodes)

Inside parseEdgelist...
parseEdgelist done in 96 ms (925872 edges)
Seed max year: 2020  → simulation starts at 2021
Max population: 601694
Seed population: 334863 papers
  DeviceGraph: fwd=925872 bwd=925872 edges
Initialization complete


=== Simulation Start ===

--- Year 2021 (pop: 334863) ---
  Adding 20092 new papers
  DeviceGraph: fwd=925872 bwd=925872 edges
  Processing 20092 papers in 60 batches of ~335
  NeighborhoodSlab: 335 threads × 2304 KB = 753 MB
  Batch 0 [0,335) done in 73 ms  h_edges=932804
  NeighborhoodSlab: 335 threads × 2304 KB = 753 MB
  Batch 1 [335,670) done in 72 ms  h_edges=939321
  NeighborhoodSlab: 335 threads × 2304 KB = 753 MB
  Batch 2 [670,1005) done in 71 ms  h_edges=945207
  NeighborhoodSlab: 335 threads × 2304 KB = 753 MB
  Batch 3 [1005,1340) done in 72 ms  h_edges=951568
  NeighborhoodSlab: 335 threads × 2304 KB = 753 MB
  Batch 4 [1340,1675) done in 72 ms  h_edges=959001
  NeighborhoodSlab: 335 threads × 2304 KB = 753 MB
  Batch 5 [1675,2010) done in 71 ms  h_edges=964664
  NeighborhoodSlab: 335 threads × 2304 KB = 753 MB
  Batch 6 [2010,2345) done in 71 ms  h_edges=970621
  NeighborhoodSlab: 335 threads × 2304 KB = 753 MB
  Batch 7 [2345,2680) done in 71 ms  h_edges=976989
  NeighborhoodSlab: 335 threads × 2304 KB = 753 MB
  Batch 8 [2680,3015) done in 72 ms  h_edges=982636
  NeighborhoodSlab: 335 threads × 2304 KB = 753 MB
  Batch 9 [3015,3350) done in 72 ms  h_edges=989596
  NeighborhoodSlab: 335 threads × 2304 KB = 753 MB
  Batch 10 [3350,3685) done in 71 ms  h_edges=996504
  NeighborhoodSlab: 335 threads × 2304 KB = 753 MB
  Batch 11 [3685,4020) done in 72 ms  h_edges=1003397
  NeighborhoodSlab: 335 threads × 2304 KB = 753 MB
  Batch 12 [4020,4355) done in 71 ms  h_edges=1009970
  NeighborhoodSlab: 335 threads × 2304 KB = 753 MB
  Batch 13 [4355,4690) done in 71 ms  h_edges=1017043
  NeighborhoodSlab: 335 threads × 2304 KB = 753 MB
  Batch 14 [4690,5025) done in 72 ms  h_edges=1023848
  NeighborhoodSlab: 335 threads × 2304 KB = 753 MB
  Batch 15 [5025,5360) done in 72 ms  h_edges=1031150
  NeighborhoodSlab: 335 threads × 2304 KB = 753 MB
  Batch 16 [5360,5695) done in 71 ms  h_edges=1037318
  NeighborhoodSlab: 335 threads × 2304 KB = 753 MB
  Batch 17 [5695,6030) done in 71 ms  h_edges=1043343
  NeighborhoodSlab: 335 threads × 2304 KB = 753 MB
  Batch 18 [6030,6365) done in 72 ms  h_edges=1049810
  NeighborhoodSlab: 335 threads × 2304 KB = 753 MB
  Batch 19 [6365,6700) done in 71 ms  h_edges=1055965
  NeighborhoodSlab: 335 threads × 2304 KB = 753 MB
  Batch 20 [6700,7035) done in 71 ms  h_edges=1062484
  NeighborhoodSlab: 335 threads × 2304 KB = 753 MB
  Batch 21 [7035,7370) done in 71 ms  h_edges=1068666
  NeighborhoodSlab: 335 threads × 2304 KB = 753 MB
  Batch 22 [7370,7705) done in 71 ms  h_edges=1075807
  NeighborhoodSlab: 335 threads × 2304 KB = 753 MB
  Batch 23 [7705,8040) done in 71 ms  h_edges=1082212
  NeighborhoodSlab: 335 threads × 2304 KB = 753 MB
  Batch 24 [8040,8375) done in 71 ms  h_edges=1088829
  NeighborhoodSlab: 335 threads × 2304 KB = 753 MB
  Batch 25 [8375,8710) done in 72 ms  h_edges=1095349
  NeighborhoodSlab: 335 threads × 2304 KB = 753 MB
  Batch 26 [8710,9045) done in 72 ms  h_edges=1102901
  NeighborhoodSlab: 335 threads × 2304 KB = 753 MB
  Batch 27 [9045,9380) done in 71 ms  h_edges=1109044
  NeighborhoodSlab: 335 threads × 2304 KB = 753 MB
  Batch 28 [9380,9715) done in 72 ms  h_edges=1115294
  NeighborhoodSlab: 335 threads × 2304 KB = 753 MB
  Batch 29 [9715,10050) done in 72 ms  h_edges=1121789
  NeighborhoodSlab: 335 threads × 2304 KB = 753 MB
  Batch 30 [10050,10385) done in 72 ms  h_edges=1128498
  NeighborhoodSlab: 335 threads × 2304 KB = 753 MB
  Batch 31 [10385,10720) done in 72 ms  h_edges=1135141
  NeighborhoodSlab: 335 threads × 2304 KB = 753 MB
  Batch 32 [10720,11055) done in 71 ms  h_edges=1141894
  NeighborhoodSlab: 335 threads × 2304 KB = 753 MB
  Batch 33 [11055,11390) done in 71 ms  h_edges=1148045
  NeighborhoodSlab: 335 threads × 2304 KB = 753 MB
  Batch 34 [11390,11725) done in 72 ms  h_edges=1155835
  NeighborhoodSlab: 335 threads × 2304 KB = 753 MB
  Batch 35 [11725,12060) done in 71 ms  h_edges=1161551
  NeighborhoodSlab: 335 threads × 2304 KB = 753 MB
  Batch 36 [12060,12395) done in 72 ms  h_edges=1168057
  NeighborhoodSlab: 335 threads × 2304 KB = 753 MB
  Batch 37 [12395,12730) done in 71 ms  h_edges=1173741
  NeighborhoodSlab: 335 threads × 2304 KB = 753 MB
  Batch 38 [12730,13065) done in 72 ms  h_edges=1180427
  NeighborhoodSlab: 335 threads × 2304 KB = 753 MB
  Batch 39 [13065,13400) done in 72 ms  h_edges=1187293
  NeighborhoodSlab: 335 threads × 2304 KB = 753 MB
  Batch 40 [13400,13735) done in 72 ms  h_edges=1194272
  NeighborhoodSlab: 335 threads × 2304 KB = 753 MB
  Batch 41 [13735,14070) done in 71 ms  h_edges=1200701
  NeighborhoodSlab: 335 threads × 2304 KB = 753 MB
  Batch 42 [14070,14405) done in 71 ms  h_edges=1206934
  NeighborhoodSlab: 335 threads × 2304 KB = 753 MB
  Batch 43 [14405,14740) done in 72 ms  h_edges=1213619
  NeighborhoodSlab: 335 threads × 2304 KB = 753 MB
  Batch 44 [14740,15075) done in 71 ms  h_edges=1220270
  NeighborhoodSlab: 335 threads × 2304 KB = 753 MB
  Batch 45 [15075,15410) done in 72 ms  h_edges=1227339
  NeighborhoodSlab: 335 threads × 2304 KB = 753 MB
  Batch 46 [15410,15745) done in 72 ms  h_edges=1234463
  NeighborhoodSlab: 335 threads × 2304 KB = 753 MB
  Batch 47 [15745,16080) done in 72 ms  h_edges=1241386
  NeighborhoodSlab: 335 threads × 2304 KB = 753 MB
  Batch 48 [16080,16415) done in 72 ms  h_edges=1248318
  NeighborhoodSlab: 335 threads × 2304 KB = 753 MB
  Batch 49 [16415,16750) done in 72 ms  h_edges=1255088
  NeighborhoodSlab: 335 threads × 2304 KB = 753 MB
  Batch 50 [16750,17085) done in 71 ms  h_edges=1261590
  NeighborhoodSlab: 335 threads × 2304 KB = 753 MB
  Batch 51 [17085,17420) done in 71 ms  h_edges=1267662
  NeighborhoodSlab: 335 threads × 2304 KB = 753 MB
  Batch 52 [17420,17755) done in 71 ms  h_edges=1273523
  NeighborhoodSlab: 335 threads × 2304 KB = 753 MB
  Batch 53 [17755,18090) done in 71 ms  h_edges=1279670
  NeighborhoodSlab: 335 threads × 2304 KB = 753 MB
  Batch 54 [18090,18425) done in 71 ms  h_edges=1286532
  NeighborhoodSlab: 335 threads × 2304 KB = 753 MB
  Batch 55 [18425,18760) done in 71 ms  h_edges=1293901
  NeighborhoodSlab: 335 threads × 2304 KB = 753 MB
  Batch 56 [18760,19095) done in 72 ms  h_edges=1301154
  NeighborhoodSlab: 335 threads × 2304 KB = 753 MB
  Batch 57 [19095,19430) done in 72 ms  h_edges=1308756
  NeighborhoodSlab: 335 threads × 2304 KB = 753 MB
  Batch 58 [19430,19765) done in 71 ms  h_edges=1315254
  NeighborhoodSlab: 327 threads × 2304 KB = 735 MB
  Batch 59 [19765,20092) done in 72 ms  h_edges=1321564
  DeviceGraph: fwd=1321564 bwd=1321564 edges
  Year 2021 total: 6098 ms  (pop: 354955)

--- Year 2022 (pop: 354955) ---
  Adding 21298 new papers
  DeviceGraph: fwd=1321564 bwd=1321564 edges
  Processing 21298 papers in 60 batches of ~355
  NeighborhoodSlab: 355 threads × 2304 KB = 798 MB
  Batch 0 [0,355) done in 72 ms  h_edges=1328286
  NeighborhoodSlab: 355 threads × 2304 KB = 798 MB
  Batch 1 [355,710) done in 72 ms  h_edges=1334831
  NeighborhoodSlab: 355 threads × 2304 KB = 798 MB
  Batch 2 [710,1065) done in 72 ms  h_edges=1341290
  NeighborhoodSlab: 355 threads × 2304 KB = 798 MB
  Batch 3 [1065,1420) done in 73 ms  h_edges=1347751
  NeighborhoodSlab: 355 threads × 2304 KB = 798 MB
  Batch 4 [1420,1775) done in 73 ms  h_edges=1354241
  NeighborhoodSlab: 355 threads × 2304 KB = 798 MB
  Batch 5 [1775,2130) done in 74 ms  h_edges=1361801
  NeighborhoodSlab: 355 threads × 2304 KB = 798 MB
  Batch 6 [2130,2485) done in 73 ms  h_edges=1368770
  NeighborhoodSlab: 355 threads × 2304 KB = 798 MB
  Batch 7 [2485,2840) done in 73 ms  h_edges=1377195
  NeighborhoodSlab: 355 threads × 2304 KB = 798 MB
  Batch 8 [2840,3195) done in 72 ms  h_edges=1384342
  NeighborhoodSlab: 355 threads × 2304 KB = 798 MB
  Batch 9 [3195,3550) done in 73 ms  h_edges=1391106
  NeighborhoodSlab: 355 threads × 2304 KB = 798 MB
  Batch 10 [3550,3905) done in 73 ms  h_edges=1397893
  NeighborhoodSlab: 355 threads × 2304 KB = 798 MB
  Batch 11 [3905,4260) done in 72 ms  h_edges=1404452
  NeighborhoodSlab: 355 threads × 2304 KB = 798 MB
  Batch 12 [4260,4615) done in 73 ms  h_edges=1411508
  NeighborhoodSlab: 355 threads × 2304 KB = 798 MB
  Batch 13 [4615,4970) done in 73 ms  h_edges=1418621
  NeighborhoodSlab: 355 threads × 2304 KB = 798 MB
  Batch 14 [4970,5325) done in 72 ms  h_edges=1425615
  NeighborhoodSlab: 355 threads × 2304 KB = 798 MB
  Batch 15 [5325,5680) done in 74 ms  h_edges=1432814
  NeighborhoodSlab: 355 threads × 2304 KB = 798 MB
  Batch 16 [5680,6035) done in 73 ms  h_edges=1439413
  NeighborhoodSlab: 355 threads × 2304 KB = 798 MB
  Batch 17 [6035,6390) done in 73 ms  h_edges=1446508
  NeighborhoodSlab: 355 threads × 2304 KB = 798 MB
  Batch 18 [6390,6745) done in 73 ms  h_edges=1453463
  NeighborhoodSlab: 355 threads × 2304 KB = 798 MB
  Batch 19 [6745,7100) done in 73 ms  h_edges=1460475
  NeighborhoodSlab: 355 threads × 2304 KB = 798 MB
  Batch 20 [7100,7455) done in 73 ms  h_edges=1467855
  NeighborhoodSlab: 355 threads × 2304 KB = 798 MB
  Batch 21 [7455,7810) done in 72 ms  h_edges=1475170
  NeighborhoodSlab: 355 threads × 2304 KB = 798 MB
  Batch 22 [7810,8165) done in 74 ms  h_edges=1482171
  NeighborhoodSlab: 355 threads × 2304 KB = 798 MB
  Batch 23 [8165,8520) done in 72 ms  h_edges=1489516
  NeighborhoodSlab: 355 threads × 2304 KB = 798 MB
  Batch 24 [8520,8875) done in 73 ms  h_edges=1497439
  NeighborhoodSlab: 355 threads × 2304 KB = 798 MB
  Batch 25 [8875,9230) done in 73 ms  h_edges=1505569
  NeighborhoodSlab: 355 threads × 2304 KB = 798 MB
  Batch 26 [9230,9585) done in 72 ms  h_edges=1511742
  NeighborhoodSlab: 355 threads × 2304 KB = 798 MB
  Batch 27 [9585,9940) done in 73 ms  h_edges=1518749
  NeighborhoodSlab: 355 threads × 2304 KB = 798 MB
  Batch 28 [9940,10295) done in 73 ms  h_edges=1525696
  NeighborhoodSlab: 355 threads × 2304 KB = 798 MB
  Batch 29 [10295,10650) done in 73 ms  h_edges=1532895
  NeighborhoodSlab: 355 threads × 2304 KB = 798 MB
  Batch 30 [10650,11005) done in 72 ms  h_edges=1538996
  NeighborhoodSlab: 355 threads × 2304 KB = 798 MB
  Batch 31 [11005,11360) done in 73 ms  h_edges=1546636
  NeighborhoodSlab: 355 threads × 2304 KB = 798 MB
  Batch 32 [11360,11715) done in 72 ms  h_edges=1554520
  NeighborhoodSlab: 355 threads × 2304 KB = 798 MB
  Batch 33 [11715,12070) done in 72 ms  h_edges=1561463
  NeighborhoodSlab: 355 threads × 2304 KB = 798 MB
  Batch 34 [12070,12425) done in 73 ms  h_edges=1568859
  NeighborhoodSlab: 355 threads × 2304 KB = 798 MB
  Batch 35 [12425,12780) done in 72 ms  h_edges=1575900
  NeighborhoodSlab: 355 threads × 2304 KB = 798 MB
  Batch 36 [12780,13135) done in 73 ms  h_edges=1583345
  NeighborhoodSlab: 355 threads × 2304 KB = 798 MB
  Batch 37 [13135,13490) done in 73 ms  h_edges=1589975
  NeighborhoodSlab: 355 threads × 2304 KB = 798 MB
  Batch 38 [13490,13845) done in 73 ms  h_edges=1597490
  NeighborhoodSlab: 355 threads × 2304 KB = 798 MB
  Batch 39 [13845,14200) done in 73 ms  h_edges=1605215
  NeighborhoodSlab: 355 threads × 2304 KB = 798 MB
  Batch 40 [14200,14555) done in 73 ms  h_edges=1611939
  NeighborhoodSlab: 355 threads × 2304 KB = 798 MB
  Batch 41 [14555,14910) done in 72 ms  h_edges=1619250
  NeighborhoodSlab: 355 threads × 2304 KB = 798 MB
  Batch 42 [14910,15265) done in 72 ms  h_edges=1625743
  NeighborhoodSlab: 355 threads × 2304 KB = 798 MB
  Batch 43 [15265,15620) done in 73 ms  h_edges=1633222
  NeighborhoodSlab: 355 threads × 2304 KB = 798 MB
  Batch 44 [15620,15975) done in 73 ms  h_edges=1640437
  NeighborhoodSlab: 355 threads × 2304 KB = 798 MB
  Batch 45 [15975,16330) done in 72 ms  h_edges=1646299
  NeighborhoodSlab: 355 threads × 2304 KB = 798 MB
  Batch 46 [16330,16685) done in 74 ms  h_edges=1654039
  NeighborhoodSlab: 355 threads × 2304 KB = 798 MB
  Batch 47 [16685,17040) done in 72 ms  h_edges=1660480
  NeighborhoodSlab: 355 threads × 2304 KB = 798 MB
  Batch 48 [17040,17395) done in 73 ms  h_edges=1667667
  NeighborhoodSlab: 355 threads × 2304 KB = 798 MB
  Batch 49 [17395,17750) done in 72 ms  h_edges=1675283
  NeighborhoodSlab: 355 threads × 2304 KB = 798 MB
  Batch 50 [17750,18105) done in 73 ms  h_edges=1682654
  NeighborhoodSlab: 355 threads × 2304 KB = 798 MB
  Batch 51 [18105,18460) done in 73 ms  h_edges=1689352
  NeighborhoodSlab: 355 threads × 2304 KB = 798 MB
  Batch 52 [18460,18815) done in 74 ms  h_edges=1696063
  NeighborhoodSlab: 355 threads × 2304 KB = 798 MB
  Batch 53 [18815,19170) done in 73 ms  h_edges=1704651
  NeighborhoodSlab: 355 threads × 2304 KB = 798 MB
  Batch 54 [19170,19525) done in 72 ms  h_edges=1710451
  NeighborhoodSlab: 355 threads × 2304 KB = 798 MB
  Batch 55 [19525,19880) done in 74 ms  h_edges=1717278
  NeighborhoodSlab: 355 threads × 2304 KB = 798 MB
  Batch 56 [19880,20235) done in 72 ms  h_edges=1723868
  NeighborhoodSlab: 355 threads × 2304 KB = 798 MB
  Batch 57 [20235,20590) done in 75 ms  h_edges=1730464
  NeighborhoodSlab: 355 threads × 2304 KB = 798 MB
  Batch 58 [20590,20945) done in 72 ms  h_edges=1736443
  NeighborhoodSlab: 353 threads × 2304 KB = 794 MB
  Batch 59 [20945,21298) done in 73 ms  h_edges=1743206
  DeviceGraph: fwd=1743206 bwd=1743206 edges
  Year 2022 total: 6825 ms  (pop: 376253)

--- Year 2023 (pop: 376253) ---
  Adding 22576 new papers
  DeviceGraph: fwd=1743206 bwd=1743206 edges
  Processing 22576 papers in 60 batches of ~377
  NeighborhoodSlab: 377 threads × 2304 KB = 848 MB
  Batch 0 [0,377) done in 74 ms  h_edges=1750210
  NeighborhoodSlab: 377 threads × 2304 KB = 848 MB
  Batch 1 [377,754) done in 75 ms  h_edges=1757739
  NeighborhoodSlab: 377 threads × 2304 KB = 848 MB
  Batch 2 [754,1131) done in 74 ms  h_edges=1765128
  NeighborhoodSlab: 377 threads × 2304 KB = 848 MB
  Batch 3 [1131,1508) done in 74 ms  h_edges=1772972
  NeighborhoodSlab: 377 threads × 2304 KB = 848 MB
  Batch 4 [1508,1885) done in 75 ms  h_edges=1781490
  NeighborhoodSlab: 377 threads × 2304 KB = 848 MB
  Batch 5 [1885,2262) done in 73 ms  h_edges=1788939
  NeighborhoodSlab: 377 threads × 2304 KB = 848 MB
  Batch 6 [2262,2639) done in 74 ms  h_edges=1797002
  NeighborhoodSlab: 377 threads × 2304 KB = 848 MB
  Batch 7 [2639,3016) done in 75 ms  h_edges=1805117
  NeighborhoodSlab: 377 threads × 2304 KB = 848 MB
  Batch 8 [3016,3393) done in 75 ms  h_edges=1813046
  NeighborhoodSlab: 377 threads × 2304 KB = 848 MB
  Batch 9 [3393,3770) done in 73 ms  h_edges=1820914
  NeighborhoodSlab: 377 threads × 2304 KB = 848 MB
  Batch 10 [3770,4147) done in 75 ms  h_edges=1829136
  NeighborhoodSlab: 377 threads × 2304 KB = 848 MB
  Batch 11 [4147,4524) done in 73 ms  h_edges=1835926
  NeighborhoodSlab: 377 threads × 2304 KB = 848 MB
  Batch 12 [4524,4901) done in 76 ms  h_edges=1843908
  NeighborhoodSlab: 377 threads × 2304 KB = 848 MB
  Batch 13 [4901,5278) done in 74 ms  h_edges=1851722
  NeighborhoodSlab: 377 threads × 2304 KB = 848 MB
  Batch 14 [5278,5655) done in 75 ms  h_edges=1859995
  NeighborhoodSlab: 377 threads × 2304 KB = 848 MB
  Batch 15 [5655,6032) done in 74 ms  h_edges=1867104
  NeighborhoodSlab: 377 threads × 2304 KB = 848 MB
  Batch 16 [6032,6409) done in 75 ms  h_edges=1874134
  NeighborhoodSlab: 377 threads × 2304 KB = 848 MB
  Batch 17 [6409,6786) done in 75 ms  h_edges=1882092
  NeighborhoodSlab: 377 threads × 2304 KB = 848 MB
  Batch 18 [6786,7163) done in 74 ms  h_edges=1889001
  NeighborhoodSlab: 377 threads × 2304 KB = 848 MB
  Batch 19 [7163,7540) done in 76 ms  h_edges=1895690
  NeighborhoodSlab: 377 threads × 2304 KB = 848 MB
  Batch 20 [7540,7917) done in 73 ms  h_edges=1902290
  NeighborhoodSlab: 377 threads × 2304 KB = 848 MB
  Batch 21 [7917,8294) done in 74 ms  h_edges=1909842
  NeighborhoodSlab: 377 threads × 2304 KB = 848 MB
  Batch 22 [8294,8671) done in 74 ms  h_edges=1917129
  NeighborhoodSlab: 377 threads × 2304 KB = 848 MB
  Batch 23 [8671,9048) done in 73 ms  h_edges=1924194
  NeighborhoodSlab: 377 threads × 2304 KB = 848 MB
  Batch 24 [9048,9425) done in 74 ms  h_edges=1932139
  NeighborhoodSlab: 377 threads × 2304 KB = 848 MB
  Batch 25 [9425,9802) done in 75 ms  h_edges=1940522
  NeighborhoodSlab: 377 threads × 2304 KB = 848 MB
  Batch 26 [9802,10179) done in 73 ms  h_edges=1947406
  NeighborhoodSlab: 377 threads × 2304 KB = 848 MB
  Batch 27 [10179,10556) done in 73 ms  h_edges=1954841
  NeighborhoodSlab: 377 threads × 2304 KB = 848 MB
  Batch 28 [10556,10933) done in 74 ms  h_edges=1961722
  NeighborhoodSlab: 377 threads × 2304 KB = 848 MB
  Batch 29 [10933,11310) done in 74 ms  h_edges=1968578
  NeighborhoodSlab: 377 threads × 2304 KB = 848 MB
  Batch 30 [11310,11687) done in 74 ms  h_edges=1975314
  NeighborhoodSlab: 377 threads × 2304 KB = 848 MB
  Batch 31 [11687,12064) done in 75 ms  h_edges=1983435
  NeighborhoodSlab: 377 threads × 2304 KB = 848 MB
  Batch 32 [12064,12441) done in 74 ms  h_edges=1990999
  NeighborhoodSlab: 377 threads × 2304 KB = 848 MB
  Batch 33 [12441,12818) done in 76 ms  h_edges=1998883
  NeighborhoodSlab: 377 threads × 2304 KB = 848 MB
  Batch 34 [12818,13195) done in 74 ms  h_edges=2005473
  NeighborhoodSlab: 377 threads × 2304 KB = 848 MB
  Batch 35 [13195,13572) done in 73 ms  h_edges=2013247
  NeighborhoodSlab: 377 threads × 2304 KB = 848 MB
  Batch 36 [13572,13949) done in 74 ms  h_edges=2020449
  NeighborhoodSlab: 377 threads × 2304 KB = 848 MB
  Batch 37 [13949,14326) done in 76 ms  h_edges=2027832
  NeighborhoodSlab: 377 threads × 2304 KB = 848 MB
  Batch 38 [14326,14703) done in 73 ms  h_edges=2035933
  NeighborhoodSlab: 377 threads × 2304 KB = 848 MB
  Batch 39 [14703,15080) done in 74 ms  h_edges=2043040
  NeighborhoodSlab: 377 threads × 2304 KB = 848 MB
  Batch 40 [15080,15457) done in 76 ms  h_edges=2051322
  NeighborhoodSlab: 377 threads × 2304 KB = 848 MB
  Batch 41 [15457,15834) done in 73 ms  h_edges=2058731
  NeighborhoodSlab: 377 threads × 2304 KB = 848 MB
  Batch 42 [15834,16211) done in 74 ms  h_edges=2065697
  NeighborhoodSlab: 377 threads × 2304 KB = 848 MB
  Batch 43 [16211,16588) done in 74 ms  h_edges=2073585
  NeighborhoodSlab: 377 threads × 2304 KB = 848 MB
  Batch 44 [16588,16965) done in 73 ms  h_edges=2080472
  NeighborhoodSlab: 377 threads × 2304 KB = 848 MB
  Batch 45 [16965,17342) done in 74 ms  h_edges=2088810
  NeighborhoodSlab: 377 threads × 2304 KB = 848 MB
  Batch 46 [17342,17719) done in 73 ms  h_edges=2095852
  NeighborhoodSlab: 377 threads × 2304 KB = 848 MB
  Batch 47 [17719,18096) done in 79 ms  h_edges=2103259
  NeighborhoodSlab: 377 threads × 2304 KB = 848 MB
  Batch 48 [18096,18473) done in 73 ms  h_edges=2109934
  NeighborhoodSlab: 377 threads × 2304 KB = 848 MB
  Batch 49 [18473,18850) done in 75 ms  h_edges=2117150
  NeighborhoodSlab: 377 threads × 2304 KB = 848 MB
  Batch 50 [18850,19227) done in 74 ms  h_edges=2124298
  NeighborhoodSlab: 377 threads × 2304 KB = 848 MB
  Batch 51 [19227,19604) done in 75 ms  h_edges=2132232
  NeighborhoodSlab: 377 threads × 2304 KB = 848 MB
  Batch 52 [19604,19981) done in 74 ms  h_edges=2139376
  NeighborhoodSlab: 377 threads × 2304 KB = 848 MB
  Batch 53 [19981,20358) done in 74 ms  h_edges=2145837
  NeighborhoodSlab: 377 threads × 2304 KB = 848 MB
  Batch 54 [20358,20735) done in 74 ms  h_edges=2153822
  NeighborhoodSlab: 377 threads × 2304 KB = 848 MB
  Batch 55 [20735,21112) done in 73 ms  h_edges=2161137
  NeighborhoodSlab: 377 threads × 2304 KB = 848 MB
  Batch 56 [21112,21489) done in 74 ms  h_edges=2169170
  NeighborhoodSlab: 377 threads × 2304 KB = 848 MB
  Batch 57 [21489,21866) done in 74 ms  h_edges=2177332
  NeighborhoodSlab: 377 threads × 2304 KB = 848 MB
  Batch 58 [21866,22243) done in 73 ms  h_edges=2185593
  NeighborhoodSlab: 333 threads × 2304 KB = 749 MB
  Batch 59 [22243,22576) done in 74 ms  h_edges=2192040
  DeviceGraph: fwd=2192040 bwd=2192040 edges
  Year 2023 total: 7526 ms  (pop: 398829)

--- Year 2024 (pop: 398829) ---
  Adding 23930 new papers
  DeviceGraph: fwd=2192040 bwd=2192040 edges
  Processing 23930 papers in 60 batches of ~399
  NeighborhoodSlab: 399 threads × 2304 KB = 897 MB
  Batch 0 [0,399) done in 76 ms  h_edges=2200113
  NeighborhoodSlab: 399 threads × 2304 KB = 897 MB
  Batch 1 [399,798) done in 75 ms  h_edges=2207764
  NeighborhoodSlab: 399 threads × 2304 KB = 897 MB
  Batch 2 [798,1197) done in 74 ms  h_edges=2214860
  NeighborhoodSlab: 399 threads × 2304 KB = 897 MB
  Batch 3 [1197,1596) done in 74 ms  h_edges=2222185
  NeighborhoodSlab: 399 threads × 2304 KB = 897 MB
  Batch 4 [1596,1995) done in 77 ms  h_edges=2229433
  NeighborhoodSlab: 399 threads × 2304 KB = 897 MB
  Batch 5 [1995,2394) done in 76 ms  h_edges=2238042
  NeighborhoodSlab: 399 threads × 2304 KB = 897 MB
  Batch 6 [2394,2793) done in 75 ms  h_edges=2245301
  NeighborhoodSlab: 399 threads × 2304 KB = 897 MB
  Batch 7 [2793,3192) done in 77 ms  h_edges=2253496
  NeighborhoodSlab: 399 threads × 2304 KB = 897 MB
  Batch 8 [3192,3591) done in 75 ms  h_edges=2262726
  NeighborhoodSlab: 399 threads × 2304 KB = 897 MB
  Batch 9 [3591,3990) done in 75 ms  h_edges=2270879
  NeighborhoodSlab: 399 threads × 2304 KB = 897 MB
  Batch 10 [3990,4389) done in 76 ms  h_edges=2279581
  NeighborhoodSlab: 399 threads × 2304 KB = 897 MB
  Batch 11 [4389,4788) done in 76 ms  h_edges=2287621
  NeighborhoodSlab: 399 threads × 2304 KB = 897 MB
  Batch 12 [4788,5187) done in 75 ms  h_edges=2295714
  NeighborhoodSlab: 399 threads × 2304 KB = 897 MB
  Batch 13 [5187,5586) done in 76 ms  h_edges=2304622
  NeighborhoodSlab: 399 threads × 2304 KB = 897 MB
  Batch 14 [5586,5985) done in 75 ms  h_edges=2312247
  NeighborhoodSlab: 399 threads × 2304 KB = 897 MB
  Batch 15 [5985,6384) done in 75 ms  h_edges=2319803
  NeighborhoodSlab: 399 threads × 2304 KB = 897 MB
  Batch 16 [6384,6783) done in 75 ms  h_edges=2327624
  NeighborhoodSlab: 399 threads × 2304 KB = 897 MB
  Batch 17 [6783,7182) done in 77 ms  h_edges=2335270
  NeighborhoodSlab: 399 threads × 2304 KB = 897 MB
  Batch 18 [7182,7581) done in 75 ms  h_edges=2343691
  NeighborhoodSlab: 399 threads × 2304 KB = 897 MB
  Batch 19 [7581,7980) done in 76 ms  h_edges=2351043
  NeighborhoodSlab: 399 threads × 2304 KB = 897 MB
  Batch 20 [7980,8379) done in 75 ms  h_edges=2358496
  NeighborhoodSlab: 399 threads × 2304 KB = 897 MB
  Batch 21 [8379,8778) done in 76 ms  h_edges=2365910
  NeighborhoodSlab: 399 threads × 2304 KB = 897 MB
  Batch 22 [8778,9177) done in 74 ms  h_edges=2373292
  NeighborhoodSlab: 399 threads × 2304 KB = 897 MB
  Batch 23 [9177,9576) done in 76 ms  h_edges=2381210
  NeighborhoodSlab: 399 threads × 2304 KB = 897 MB
  Batch 24 [9576,9975) done in 75 ms  h_edges=2389801
  NeighborhoodSlab: 399 threads × 2304 KB = 897 MB
  Batch 25 [9975,10374) done in 76 ms  h_edges=2397864
  NeighborhoodSlab: 399 threads × 2304 KB = 897 MB
  Batch 26 [10374,10773) done in 77 ms  h_edges=2405614
  NeighborhoodSlab: 399 threads × 2304 KB = 897 MB
  Batch 27 [10773,11172) done in 76 ms  h_edges=2413250
  NeighborhoodSlab: 399 threads × 2304 KB = 897 MB
  Batch 28 [11172,11571) done in 75 ms  h_edges=2421077
  NeighborhoodSlab: 399 threads × 2304 KB = 897 MB
  Batch 29 [11571,11970) done in 77 ms  h_edges=2428742
  NeighborhoodSlab: 399 threads × 2304 KB = 897 MB
  Batch 30 [11970,12369) done in 75 ms  h_edges=2436145
  NeighborhoodSlab: 399 threads × 2304 KB = 897 MB
  Batch 31 [12369,12768) done in 75 ms  h_edges=2443384
  NeighborhoodSlab: 399 threads × 2304 KB = 897 MB
  Batch 32 [12768,13167) done in 77 ms  h_edges=2451308
  NeighborhoodSlab: 399 threads × 2304 KB = 897 MB
  Batch 33 [13167,13566) done in 75 ms  h_edges=2459257
  NeighborhoodSlab: 399 threads × 2304 KB = 897 MB
  Batch 34 [13566,13965) done in 75 ms  h_edges=2467328
  NeighborhoodSlab: 399 threads × 2304 KB = 897 MB
  Batch 35 [13965,14364) done in 75 ms  h_edges=2474922
  NeighborhoodSlab: 399 threads × 2304 KB = 897 MB
  Batch 36 [14364,14763) done in 76 ms  h_edges=2483316
  NeighborhoodSlab: 399 threads × 2304 KB = 897 MB
  Batch 37 [14763,15162) done in 76 ms  h_edges=2491822
  NeighborhoodSlab: 399 threads × 2304 KB = 897 MB
  Batch 38 [15162,15561) done in 75 ms  h_edges=2499202
  NeighborhoodSlab: 399 threads × 2304 KB = 897 MB
  Batch 39 [15561,15960) done in 77 ms  h_edges=2507722
  NeighborhoodSlab: 399 threads × 2304 KB = 897 MB
  Batch 40 [15960,16359) done in 75 ms  h_edges=2516083
  NeighborhoodSlab: 399 threads × 2304 KB = 897 MB
  Batch 41 [16359,16758) done in 76 ms  h_edges=2524302
  NeighborhoodSlab: 399 threads × 2304 KB = 897 MB
  Batch 42 [16758,17157) done in 74 ms  h_edges=2532021
  NeighborhoodSlab: 399 threads × 2304 KB = 897 MB
  Batch 43 [17157,17556) done in 74 ms  h_edges=2539033
  NeighborhoodSlab: 399 threads × 2304 KB = 897 MB
  Batch 44 [17556,17955) done in 77 ms  h_edges=2547488
  NeighborhoodSlab: 399 threads × 2304 KB = 897 MB
  Batch 45 [17955,18354) done in 75 ms  h_edges=2554193
  NeighborhoodSlab: 399 threads × 2304 KB = 897 MB
  Batch 46 [18354,18753) done in 77 ms  h_edges=2561908
  NeighborhoodSlab: 399 threads × 2304 KB = 897 MB
  Batch 47 [18753,19152) done in 76 ms  h_edges=2569444
  NeighborhoodSlab: 399 threads × 2304 KB = 897 MB
  Batch 48 [19152,19551) done in 74 ms  h_edges=2577575
  NeighborhoodSlab: 399 threads × 2304 KB = 897 MB
  Batch 49 [19551,19950) done in 75 ms  h_edges=2585191
  NeighborhoodSlab: 399 threads × 2304 KB = 897 MB
  Batch 50 [19950,20349) done in 76 ms  h_edges=2593264
  NeighborhoodSlab: 399 threads × 2304 KB = 897 MB
  Batch 51 [20349,20748) done in 76 ms  h_edges=2601083
  NeighborhoodSlab: 399 threads × 2304 KB = 897 MB
  Batch 52 [20748,21147) done in 78 ms  h_edges=2608805
  NeighborhoodSlab: 399 threads × 2304 KB = 897 MB
  Batch 53 [21147,21546) done in 75 ms  h_edges=2616373
  NeighborhoodSlab: 399 threads × 2304 KB = 897 MB
  Batch 54 [21546,21945) done in 76 ms  h_edges=2623242
  NeighborhoodSlab: 399 threads × 2304 KB = 897 MB
  Batch 55 [21945,22344) done in 75 ms  h_edges=2630320
  NeighborhoodSlab: 399 threads × 2304 KB = 897 MB
  Batch 56 [22344,22743) done in 75 ms  h_edges=2637888
  NeighborhoodSlab: 399 threads × 2304 KB = 897 MB
  Batch 57 [22743,23142) done in 78 ms  h_edges=2645794
  NeighborhoodSlab: 399 threads × 2304 KB = 897 MB
  Batch 58 [23142,23541) done in 75 ms  h_edges=2653112
  NeighborhoodSlab: 389 threads × 2304 KB = 875 MB
  Batch 59 [23541,23930) done in 75 ms  h_edges=2659979
  DeviceGraph: fwd=2659979 bwd=2659979 edges
  Year 2024 total: 8462 ms  (pop: 422759)

--- Year 2025 (pop: 422759) ---
  Adding 25366 new papers
  DeviceGraph: fwd=2659979 bwd=2659979 edges
  Processing 25366 papers in 60 batches of ~423
  NeighborhoodSlab: 423 threads × 2304 KB = 951 MB
  Batch 0 [0,423) done in 79 ms  h_edges=2668663
  NeighborhoodSlab: 423 threads × 2304 KB = 951 MB
  Batch 1 [423,846) done in 76 ms  h_edges=2676934
  NeighborhoodSlab: 423 threads × 2304 KB = 951 MB
  Batch 2 [846,1269) done in 78 ms  h_edges=2684846
  NeighborhoodSlab: 423 threads × 2304 KB = 951 MB
  Batch 3 [1269,1692) done in 77 ms  h_edges=2692491
  NeighborhoodSlab: 423 threads × 2304 KB = 951 MB
  Batch 4 [1692,2115) done in 78 ms  h_edges=2701972
  NeighborhoodSlab: 423 threads × 2304 KB = 951 MB
  Batch 5 [2115,2538) done in 79 ms  h_edges=2711101
  NeighborhoodSlab: 423 threads × 2304 KB = 951 MB
  Batch 6 [2538,2961) done in 75 ms  h_edges=2718135
  NeighborhoodSlab: 423 threads × 2304 KB = 951 MB
  Batch 7 [2961,3384) done in 78 ms  h_edges=2725944
  NeighborhoodSlab: 423 threads × 2304 KB = 951 MB
  Batch 8 [3384,3807) done in 78 ms  h_edges=2733993
  NeighborhoodSlab: 423 threads × 2304 KB = 951 MB
  Batch 9 [3807,4230) done in 77 ms  h_edges=2742820
  NeighborhoodSlab: 423 threads × 2304 KB = 951 MB
  Batch 10 [4230,4653) done in 77 ms  h_edges=2751522
  NeighborhoodSlab: 423 threads × 2304 KB = 951 MB
  Batch 11 [4653,5076) done in 77 ms  h_edges=2760361
  NeighborhoodSlab: 423 threads × 2304 KB = 951 MB
  Batch 12 [5076,5499) done in 79 ms  h_edges=2768091
  NeighborhoodSlab: 423 threads × 2304 KB = 951 MB
  Batch 13 [5499,5922) done in 78 ms  h_edges=2776347
  NeighborhoodSlab: 423 threads × 2304 KB = 951 MB
  Batch 14 [5922,6345) done in 78 ms  h_edges=2785949
  NeighborhoodSlab: 423 threads × 2304 KB = 951 MB
  Batch 15 [6345,6768) done in 76 ms  h_edges=2794173
  NeighborhoodSlab: 423 threads × 2304 KB = 951 MB
  Batch 16 [6768,7191) done in 79 ms  h_edges=2802780
  NeighborhoodSlab: 423 threads × 2304 KB = 951 MB
  Batch 17 [7191,7614) done in 79 ms  h_edges=2811547
  NeighborhoodSlab: 423 threads × 2304 KB = 951 MB
  Batch 18 [7614,8037) done in 78 ms  h_edges=2820742
  NeighborhoodSlab: 423 threads × 2304 KB = 951 MB
  Batch 19 [8037,8460) done in 77 ms  h_edges=2828087
  NeighborhoodSlab: 423 threads × 2304 KB = 951 MB
  Batch 20 [8460,8883) done in 78 ms  h_edges=2836052
  NeighborhoodSlab: 423 threads × 2304 KB = 951 MB
  Batch 21 [8883,9306) done in 76 ms  h_edges=2843774
  NeighborhoodSlab: 423 threads × 2304 KB = 951 MB
  Batch 22 [9306,9729) done in 77 ms  h_edges=2852169
  NeighborhoodSlab: 423 threads × 2304 KB = 951 MB
  Batch 23 [9729,10152) done in 78 ms  h_edges=2860473
  NeighborhoodSlab: 423 threads × 2304 KB = 951 MB
  Batch 24 [10152,10575) done in 77 ms  h_edges=2868603
  NeighborhoodSlab: 423 threads × 2304 KB = 951 MB
  Batch 25 [10575,10998) done in 79 ms  h_edges=2876556
  NeighborhoodSlab: 423 threads × 2304 KB = 951 MB
  Batch 26 [10998,11421) done in 79 ms  h_edges=2885071
  NeighborhoodSlab: 423 threads × 2304 KB = 951 MB
  Batch 27 [11421,11844) done in 79 ms  h_edges=2893206
  NeighborhoodSlab: 423 threads × 2304 KB = 951 MB
  Batch 28 [11844,12267) done in 77 ms  h_edges=2901381
  NeighborhoodSlab: 423 threads × 2304 KB = 951 MB
  Batch 29 [12267,12690) done in 77 ms  h_edges=2909847
  NeighborhoodSlab: 423 threads × 2304 KB = 951 MB
  Batch 30 [12690,13113) done in 77 ms  h_edges=2918728
  NeighborhoodSlab: 423 threads × 2304 KB = 951 MB
  Batch 31 [13113,13536) done in 79 ms  h_edges=2926490
  NeighborhoodSlab: 423 threads × 2304 KB = 951 MB
  Batch 32 [13536,13959) done in 79 ms  h_edges=2934722
  NeighborhoodSlab: 423 threads × 2304 KB = 951 MB
  Batch 33 [13959,14382) done in 78 ms  h_edges=2942815
  NeighborhoodSlab: 423 threads × 2304 KB = 951 MB
  Batch 34 [14382,14805) done in 79 ms  h_edges=2951027
  NeighborhoodSlab: 423 threads × 2304 KB = 951 MB
  Batch 35 [14805,15228) done in 79 ms  h_edges=2959596
  NeighborhoodSlab: 423 threads × 2304 KB = 951 MB
  Batch 36 [15228,15651) done in 76 ms  h_edges=2967885
  NeighborhoodSlab: 423 threads × 2304 KB = 951 MB
  Batch 37 [15651,16074) done in 78 ms  h_edges=2976634
  NeighborhoodSlab: 423 threads × 2304 KB = 951 MB
  Batch 38 [16074,16497) done in 77 ms  h_edges=2985555
  NeighborhoodSlab: 423 threads × 2304 KB = 951 MB
  Batch 39 [16497,16920) done in 80 ms  h_edges=2993709
  NeighborhoodSlab: 423 threads × 2304 KB = 951 MB
  Batch 40 [16920,17343) done in 77 ms  h_edges=3001953
  NeighborhoodSlab: 423 threads × 2304 KB = 951 MB
  Batch 41 [17343,17766) done in 79 ms  h_edges=3009378
  NeighborhoodSlab: 423 threads × 2304 KB = 951 MB
  Batch 42 [17766,18189) done in 82 ms  h_edges=3017957
  NeighborhoodSlab: 423 threads × 2304 KB = 951 MB
  Batch 43 [18189,18612) done in 80 ms  h_edges=3025856
  NeighborhoodSlab: 423 threads × 2304 KB = 951 MB
  Batch 44 [18612,19035) done in 79 ms  h_edges=3034843
  NeighborhoodSlab: 423 threads × 2304 KB = 951 MB
  Batch 45 [19035,19458) done in 76 ms  h_edges=3042812
  NeighborhoodSlab: 423 threads × 2304 KB = 951 MB
  Batch 46 [19458,19881) done in 78 ms  h_edges=3050440
  NeighborhoodSlab: 423 threads × 2304 KB = 951 MB
  Batch 47 [19881,20304) done in 77 ms  h_edges=3058763
  NeighborhoodSlab: 423 threads × 2304 KB = 951 MB
  Batch 48 [20304,20727) done in 77 ms  h_edges=3067458
  NeighborhoodSlab: 423 threads × 2304 KB = 951 MB
  Batch 49 [20727,21150) done in 77 ms  h_edges=3076432
  NeighborhoodSlab: 423 threads × 2304 KB = 951 MB
  Batch 50 [21150,21573) done in 76 ms  h_edges=3085209
  NeighborhoodSlab: 423 threads × 2304 KB = 951 MB
  Batch 51 [21573,21996) done in 82 ms  h_edges=3093176
  NeighborhoodSlab: 423 threads × 2304 KB = 951 MB
  Batch 52 [21996,22419) done in 81 ms  h_edges=3101537
  NeighborhoodSlab: 423 threads × 2304 KB = 951 MB
  Batch 53 [22419,22842) done in 79 ms  h_edges=3110204
  NeighborhoodSlab: 423 threads × 2304 KB = 951 MB
  Batch 54 [22842,23265) done in 78 ms  h_edges=3118809
  NeighborhoodSlab: 423 threads × 2304 KB = 951 MB
  Batch 55 [23265,23688) done in 78 ms  h_edges=3126894
  NeighborhoodSlab: 423 threads × 2304 KB = 951 MB
  Batch 56 [23688,24111) done in 78 ms  h_edges=3135769
  NeighborhoodSlab: 423 threads × 2304 KB = 951 MB
  Batch 57 [24111,24534) done in 75 ms  h_edges=3144332
  NeighborhoodSlab: 423 threads × 2304 KB = 951 MB
  Batch 58 [24534,24957) done in 81 ms  h_edges=3153873
  NeighborhoodSlab: 409 threads × 2304 KB = 920 MB
  Batch 59 [24957,25366) done in 80 ms  h_edges=3162291
  DeviceGraph: fwd=3162291 bwd=3162291 edges
  Year 2025 total: 9394 ms  (pop: 448125)

--- Year 2026 (pop: 448125) ---
  Adding 26888 new papers
  DeviceGraph: fwd=3162291 bwd=3162291 edges
  Processing 26888 papers in 60 batches of ~449
  NeighborhoodSlab: 449 threads × 2304 KB = 1010 MB
  Batch 0 [0,449) done in 81 ms  h_edges=3171831
  NeighborhoodSlab: 449 threads × 2304 KB = 1010 MB
  Batch 1 [449,898) done in 80 ms  h_edges=3182173
  NeighborhoodSlab: 449 threads × 2304 KB = 1010 MB
  Batch 2 [898,1347) done in 82 ms  h_edges=3191338
  NeighborhoodSlab: 449 threads × 2304 KB = 1010 MB
  Batch 3 [1347,1796) done in 81 ms  h_edges=3200005
  NeighborhoodSlab: 449 threads × 2304 KB = 1010 MB
  Batch 4 [1796,2245) done in 81 ms  h_edges=3208052
  NeighborhoodSlab: 449 threads × 2304 KB = 1010 MB
  Batch 5 [2245,2694) done in 81 ms  h_edges=3216186
  NeighborhoodSlab: 449 threads × 2304 KB = 1010 MB
  Batch 6 [2694,3143) done in 80 ms  h_edges=3225667
  NeighborhoodSlab: 449 threads × 2304 KB = 1010 MB
  Batch 7 [3143,3592) done in 82 ms  h_edges=3234151
  NeighborhoodSlab: 449 threads × 2304 KB = 1010 MB
  Batch 8 [3592,4041) done in 80 ms  h_edges=3242606
  NeighborhoodSlab: 449 threads × 2304 KB = 1010 MB
  Batch 9 [4041,4490) done in 80 ms  h_edges=3252139
  NeighborhoodSlab: 449 threads × 2304 KB = 1010 MB
  Batch 10 [4490,4939) done in 83 ms  h_edges=3262169
  NeighborhoodSlab: 449 threads × 2304 KB = 1010 MB
  Batch 11 [4939,5388) done in 81 ms  h_edges=3270757
  NeighborhoodSlab: 449 threads × 2304 KB = 1010 MB
  Batch 12 [5388,5837) done in 79 ms  h_edges=3278906
  NeighborhoodSlab: 449 threads × 2304 KB = 1010 MB
  Batch 13 [5837,6286) done in 83 ms  h_edges=3287616
  NeighborhoodSlab: 449 threads × 2304 KB = 1010 MB
  Batch 14 [6286,6735) done in 80 ms  h_edges=3295448
  NeighborhoodSlab: 449 threads × 2304 KB = 1010 MB
  Batch 15 [6735,7184) done in 85 ms  h_edges=3304102
  NeighborhoodSlab: 449 threads × 2304 KB = 1010 MB
  Batch 16 [7184,7633) done in 81 ms  h_edges=3312485
  NeighborhoodSlab: 449 threads × 2304 KB = 1010 MB
  Batch 17 [7633,8082) done in 85 ms  h_edges=3321389
  NeighborhoodSlab: 449 threads × 2304 KB = 1010 MB
  Batch 18 [8082,8531) done in 85 ms  h_edges=3330495
  NeighborhoodSlab: 449 threads × 2304 KB = 1010 MB
  Batch 19 [8531,8980) done in 85 ms  h_edges=3339143
  NeighborhoodSlab: 449 threads × 2304 KB = 1010 MB
  Batch 20 [8980,9429) done in 80 ms  h_edges=3347685
  NeighborhoodSlab: 449 threads × 2304 KB = 1010 MB
  Batch 21 [9429,9878) done in 83 ms  h_edges=3356684
  NeighborhoodSlab: 449 threads × 2304 KB = 1010 MB
  Batch 22 [9878,10327) done in 83 ms  h_edges=3365084
  NeighborhoodSlab: 449 threads × 2304 KB = 1010 MB
  Batch 23 [10327,10776) done in 82 ms  h_edges=3374105
  NeighborhoodSlab: 449 threads × 2304 KB = 1010 MB
  Batch 24 [10776,11225) done in 83 ms  h_edges=3382528
  NeighborhoodSlab: 449 threads × 2304 KB = 1010 MB
  Batch 25 [11225,11674) done in 84 ms  h_edges=3391922
  NeighborhoodSlab: 449 threads × 2304 KB = 1010 MB
  Batch 26 [11674,12123) done in 79 ms  h_edges=3400720
  NeighborhoodSlab: 449 threads × 2304 KB = 1010 MB
  Batch 27 [12123,12572) done in 82 ms  h_edges=3409463
  NeighborhoodSlab: 449 threads × 2304 KB = 1010 MB
  Batch 28 [12572,13021) done in 80 ms  h_edges=3419413
  NeighborhoodSlab: 449 threads × 2304 KB = 1010 MB
  Batch 29 [13021,13470) done in 81 ms  h_edges=3428248
  NeighborhoodSlab: 449 threads × 2304 KB = 1010 MB
  Batch 30 [13470,13919) done in 81 ms  h_edges=3437993
  NeighborhoodSlab: 449 threads × 2304 KB = 1010 MB
  Batch 31 [13919,14368) done in 79 ms  h_edges=3447363
  NeighborhoodSlab: 449 threads × 2304 KB = 1010 MB
  Batch 32 [14368,14817) done in 80 ms  h_edges=3454682
  NeighborhoodSlab: 449 threads × 2304 KB = 1010 MB
  Batch 33 [14817,15266) done in 86 ms  h_edges=3462928
  NeighborhoodSlab: 449 threads × 2304 KB = 1010 MB
  Batch 34 [15266,15715) done in 82 ms  h_edges=3472077
  NeighborhoodSlab: 449 threads × 2304 KB = 1010 MB
  Batch 35 [15715,16164) done in 87 ms  h_edges=3480962
  NeighborhoodSlab: 449 threads × 2304 KB = 1010 MB
  Batch 36 [16164,16613) done in 82 ms  h_edges=3490705
  NeighborhoodSlab: 449 threads × 2304 KB = 1010 MB
  Batch 37 [16613,17062) done in 83 ms  h_edges=3499258
  NeighborhoodSlab: 449 threads × 2304 KB = 1010 MB
  Batch 38 [17062,17511) done in 80 ms  h_edges=3507666
  NeighborhoodSlab: 449 threads × 2304 KB = 1010 MB
  Batch 39 [17511,17960) done in 79 ms  h_edges=3515291
  NeighborhoodSlab: 449 threads × 2304 KB = 1010 MB
  Batch 40 [17960,18409) done in 85 ms  h_edges=3524152
  NeighborhoodSlab: 449 threads × 2304 KB = 1010 MB
  Batch 41 [18409,18858) done in 83 ms  h_edges=3532531
  NeighborhoodSlab: 449 threads × 2304 KB = 1010 MB
  Batch 42 [18858,19307) done in 83 ms  h_edges=3541790
  NeighborhoodSlab: 449 threads × 2304 KB = 1010 MB
  Batch 43 [19307,19756) done in 82 ms  h_edges=3550413
  NeighborhoodSlab: 449 threads × 2304 KB = 1010 MB
  Batch 44 [19756,20205) done in 81 ms  h_edges=3559208
  NeighborhoodSlab: 449 threads × 2304 KB = 1010 MB
  Batch 45 [20205,20654) done in 80 ms  h_edges=3567037
  NeighborhoodSlab: 449 threads × 2304 KB = 1010 MB
  Batch 46 [20654,21103) done in 84 ms  h_edges=3576454
  NeighborhoodSlab: 449 threads × 2304 KB = 1010 MB
  Batch 47 [21103,21552) done in 86 ms  h_edges=3585838
  NeighborhoodSlab: 449 threads × 2304 KB = 1010 MB
  Batch 48 [21552,22001) done in 87 ms  h_edges=3594915
  NeighborhoodSlab: 449 threads × 2304 KB = 1010 MB
  Batch 49 [22001,22450) done in 86 ms  h_edges=3603585
  NeighborhoodSlab: 449 threads × 2304 KB = 1010 MB
  Batch 50 [22450,22899) done in 81 ms  h_edges=3611795
  NeighborhoodSlab: 449 threads × 2304 KB = 1010 MB
  Batch 51 [22899,23348) done in 82 ms  h_edges=3621310
  NeighborhoodSlab: 449 threads × 2304 KB = 1010 MB
  Batch 52 [23348,23797) done in 83 ms  h_edges=3629602
  NeighborhoodSlab: 449 threads × 2304 KB = 1010 MB
  Batch 53 [23797,24246) done in 81 ms  h_edges=3638556
  NeighborhoodSlab: 449 threads × 2304 KB = 1010 MB
  Batch 54 [24246,24695) done in 91 ms  h_edges=3647630
  NeighborhoodSlab: 449 threads × 2304 KB = 1010 MB
  Batch 55 [24695,25144) done in 79 ms  h_edges=3656434
  NeighborhoodSlab: 449 threads × 2304 KB = 1010 MB
  Batch 56 [25144,25593) done in 81 ms  h_edges=3665657
  NeighborhoodSlab: 449 threads × 2304 KB = 1010 MB
  Batch 57 [25593,26042) done in 86 ms  h_edges=3674898
  NeighborhoodSlab: 449 threads × 2304 KB = 1010 MB
  Batch 58 [26042,26491) done in 80 ms  h_edges=3684666
  NeighborhoodSlab: 397 threads × 2304 KB = 893 MB
  Batch 59 [26491,26888) done in 87 ms  h_edges=3692589
  DeviceGraph: fwd=3692589 bwd=3692589 edges
  Year 2026 total: 10612 ms  (pop: 475013)

--- Year 2027 (pop: 475013) ---
  Adding 28501 new papers
  DeviceGraph: fwd=3692589 bwd=3692589 edges
  Processing 28501 papers in 60 batches of ~476
  NeighborhoodSlab: 476 threads × 2304 KB = 1071 MB
  Batch 0 [0,476) done in 87 ms  h_edges=3702646
  NeighborhoodSlab: 476 threads × 2304 KB = 1071 MB
  Batch 1 [476,952) done in 89 ms  h_edges=3711002
  NeighborhoodSlab: 476 threads × 2304 KB = 1071 MB
  Batch 2 [952,1428) done in 86 ms  h_edges=3720658
  NeighborhoodSlab: 476 threads × 2304 KB = 1071 MB
  Batch 3 [1428,1904) done in 87 ms  h_edges=3730148
  NeighborhoodSlab: 476 threads × 2304 KB = 1071 MB
  Batch 4 [1904,2380) done in 94 ms  h_edges=3738877
  NeighborhoodSlab: 476 threads × 2304 KB = 1071 MB
  Batch 5 [2380,2856) done in 89 ms  h_edges=3747486
  NeighborhoodSlab: 476 threads × 2304 KB = 1071 MB
  Batch 6 [2856,3332) done in 90 ms  h_edges=3756678
  NeighborhoodSlab: 476 threads × 2304 KB = 1071 MB
  Batch 7 [3332,3808) done in 93 ms  h_edges=3765501
  NeighborhoodSlab: 476 threads × 2304 KB = 1071 MB
  Batch 8 [3808,4284) done in 97 ms  h_edges=3774969
  NeighborhoodSlab: 476 threads × 2304 KB = 1071 MB
  Batch 9 [4284,4760) done in 88 ms  h_edges=3784525
  NeighborhoodSlab: 476 threads × 2304 KB = 1071 MB
  Batch 10 [4760,5236) done in 87 ms  h_edges=3794251
  NeighborhoodSlab: 476 threads × 2304 KB = 1071 MB
  Batch 11 [5236,5712) done in 94 ms  h_edges=3804159
  NeighborhoodSlab: 476 threads × 2304 KB = 1071 MB
  Batch 12 [5712,6188) done in 91 ms  h_edges=3814189
  NeighborhoodSlab: 476 threads × 2304 KB = 1071 MB
  Batch 13 [6188,6664) done in 92 ms  h_edges=3823247
  NeighborhoodSlab: 476 threads × 2304 KB = 1071 MB
  Batch 14 [6664,7140) done in 85 ms  h_edges=3832539
  NeighborhoodSlab: 476 threads × 2304 KB = 1071 MB
  Batch 15 [7140,7616) done in 87 ms  h_edges=3841200
  NeighborhoodSlab: 476 threads × 2304 KB = 1071 MB
  Batch 16 [7616,8092) done in 88 ms  h_edges=3851536
  NeighborhoodSlab: 476 threads × 2304 KB = 1071 MB
  Batch 17 [8092,8568) done in 88 ms  h_edges=3860459
  NeighborhoodSlab: 476 threads × 2304 KB = 1071 MB
  Batch 18 [8568,9044) done in 86 ms  h_edges=3870379
  NeighborhoodSlab: 476 threads × 2304 KB = 1071 MB
  Batch 19 [9044,9520) done in 98 ms  h_edges=3879697
  NeighborhoodSlab: 476 threads × 2304 KB = 1071 MB
  Batch 20 [9520,9996) done in 97 ms  h_edges=3888996
  NeighborhoodSlab: 476 threads × 2304 KB = 1071 MB
  Batch 21 [9996,10472) done in 87 ms  h_edges=3897408
  NeighborhoodSlab: 476 threads × 2304 KB = 1071 MB
  Batch 22 [10472,10948) done in 94 ms  h_edges=3907462
  NeighborhoodSlab: 476 threads × 2304 KB = 1071 MB
  Batch 23 [10948,11424) done in 88 ms  h_edges=3916139
  NeighborhoodSlab: 476 threads × 2304 KB = 1071 MB
  Batch 24 [11424,11900) done in 95 ms  h_edges=3925234
  NeighborhoodSlab: 476 threads × 2304 KB = 1071 MB
  Batch 25 [11900,12376) done in 88 ms  h_edges=3934282
  NeighborhoodSlab: 476 threads × 2304 KB = 1071 MB
  Batch 26 [12376,12852) done in 89 ms  h_edges=3943296
  NeighborhoodSlab: 476 threads × 2304 KB = 1071 MB
  Batch 27 [12852,13328) done in 102 ms  h_edges=3952488
  NeighborhoodSlab: 476 threads × 2304 KB = 1071 MB
  Batch 28 [13328,13804) done in 92 ms  h_edges=3962010
  NeighborhoodSlab: 476 threads × 2304 KB = 1071 MB
  Batch 29 [13804,14280) done in 92 ms  h_edges=3970311
  NeighborhoodSlab: 476 threads × 2304 KB = 1071 MB
  Batch 30 [14280,14756) done in 91 ms  h_edges=3980082
  NeighborhoodSlab: 476 threads × 2304 KB = 1071 MB
  Batch 31 [14756,15232) done in 88 ms  h_edges=3988926
  NeighborhoodSlab: 476 threads × 2304 KB = 1071 MB
  Batch 32 [15232,15708) done in 89 ms  h_edges=3997269
  NeighborhoodSlab: 476 threads × 2304 KB = 1071 MB
  Batch 33 [15708,16184) done in 85 ms  h_edges=4005616
  NeighborhoodSlab: 476 threads × 2304 KB = 1071 MB
  Batch 34 [16184,16660) done in 87 ms  h_edges=4015891
  NeighborhoodSlab: 476 threads × 2304 KB = 1071 MB
  Batch 35 [16660,17136) done in 90 ms  h_edges=4026357
  NeighborhoodSlab: 476 threads × 2304 KB = 1071 MB
  Batch 36 [17136,17612) done in 92 ms  h_edges=4036208
  NeighborhoodSlab: 476 threads × 2304 KB = 1071 MB
  Batch 37 [17612,18088) done in 94 ms  h_edges=4046105
  NeighborhoodSlab: 476 threads × 2304 KB = 1071 MB
  Batch 38 [18088,18564) done in 90 ms  h_edges=4054604
  NeighborhoodSlab: 476 threads × 2304 KB = 1071 MB
  Batch 39 [18564,19040) done in 87 ms  h_edges=4064048
  NeighborhoodSlab: 476 threads × 2304 KB = 1071 MB
  Batch 40 [19040,19516) done in 91 ms  h_edges=4072860
  NeighborhoodSlab: 476 threads × 2304 KB = 1071 MB
  Batch 41 [19516,19992) done in 97 ms  h_edges=4082744
  NeighborhoodSlab: 476 threads × 2304 KB = 1071 MB
  Batch 42 [19992,20468) done in 87 ms  h_edges=4091292
  NeighborhoodSlab: 476 threads × 2304 KB = 1071 MB
  Batch 43 [20468,20944) done in 88 ms  h_edges=4100300
  NeighborhoodSlab: 476 threads × 2304 KB = 1071 MB
  Batch 44 [20944,21420) done in 93 ms  h_edges=4109899
  NeighborhoodSlab: 476 threads × 2304 KB = 1071 MB
  Batch 45 [21420,21896) done in 94 ms  h_edges=4119443
  NeighborhoodSlab: 476 threads × 2304 KB = 1071 MB
  Batch 46 [21896,22372) done in 90 ms  h_edges=4128132
  NeighborhoodSlab: 476 threads × 2304 KB = 1071 MB
  Batch 47 [22372,22848) done in 94 ms  h_edges=4137547
  NeighborhoodSlab: 476 threads × 2304 KB = 1071 MB
  Batch 48 [22848,23324) done in 87 ms  h_edges=4146534
  NeighborhoodSlab: 476 threads × 2304 KB = 1071 MB
  Batch 49 [23324,23800) done in 92 ms  h_edges=4155104
  NeighborhoodSlab: 476 threads × 2304 KB = 1071 MB
  Batch 50 [23800,24276) done in 88 ms  h_edges=4164551
  NeighborhoodSlab: 476 threads × 2304 KB = 1071 MB
  Batch 51 [24276,24752) done in 88 ms  h_edges=4174396
  NeighborhoodSlab: 476 threads × 2304 KB = 1071 MB
  Batch 52 [24752,25228) done in 86 ms  h_edges=4183083
  NeighborhoodSlab: 476 threads × 2304 KB = 1071 MB
  Batch 53 [25228,25704) done in 93 ms  h_edges=4192984
  NeighborhoodSlab: 476 threads × 2304 KB = 1071 MB
  Batch 54 [25704,26180) done in 92 ms  h_edges=4201977
  NeighborhoodSlab: 476 threads × 2304 KB = 1071 MB
  Batch 55 [26180,26656) done in 91 ms  h_edges=4211276
  NeighborhoodSlab: 476 threads × 2304 KB = 1071 MB
  Batch 56 [26656,27132) done in 104 ms  h_edges=4220671
  NeighborhoodSlab: 476 threads × 2304 KB = 1071 MB
  Batch 57 [27132,27608) done in 90 ms  h_edges=4229725
  NeighborhoodSlab: 476 threads × 2304 KB = 1071 MB
  Batch 58 [27608,28084) done in 86 ms  h_edges=4239293
  NeighborhoodSlab: 417 threads × 2304 KB = 938 MB
  Batch 59 [28084,28501) done in 85 ms  h_edges=4246797
  DeviceGraph: fwd=4246797 bwd=4246797 edges
  Year 2027 total: 12060 ms  (pop: 503514)

--- Year 2028 (pop: 503514) ---
  Adding 30211 new papers
  DeviceGraph: fwd=4246797 bwd=4246797 edges
  Processing 30211 papers in 60 batches of ~504
  NeighborhoodSlab: 504 threads × 2304 KB = 1134 MB
  Batch 0 [0,504) done in 103 ms  h_edges=4256946
  NeighborhoodSlab: 504 threads × 2304 KB = 1134 MB
  Batch 1 [504,1008) done in 96 ms  h_edges=4266335
  NeighborhoodSlab: 504 threads × 2304 KB = 1134 MB
  Batch 2 [1008,1512) done in 100 ms  h_edges=4276386
  NeighborhoodSlab: 504 threads × 2304 KB = 1134 MB
  Batch 3 [1512,2016) done in 101 ms  h_edges=4286694
  NeighborhoodSlab: 504 threads × 2304 KB = 1134 MB
  Batch 4 [2016,2520) done in 94 ms  h_edges=4295927
  NeighborhoodSlab: 504 threads × 2304 KB = 1134 MB
  Batch 5 [2520,3024) done in 98 ms  h_edges=4305501
  NeighborhoodSlab: 504 threads × 2304 KB = 1134 MB
  Batch 6 [3024,3528) done in 98 ms  h_edges=4315731
  NeighborhoodSlab: 504 threads × 2304 KB = 1134 MB
  Batch 7 [3528,4032) done in 122 ms  h_edges=4325297
  NeighborhoodSlab: 504 threads × 2304 KB = 1134 MB
  Batch 8 [4032,4536) done in 104 ms  h_edges=4335418
  NeighborhoodSlab: 504 threads × 2304 KB = 1134 MB
  Batch 9 [4536,5040) done in 101 ms  h_edges=4345194
  NeighborhoodSlab: 504 threads × 2304 KB = 1134 MB
  Batch 10 [5040,5544) done in 97 ms  h_edges=4356038
  NeighborhoodSlab: 504 threads × 2304 KB = 1134 MB
  Batch 11 [5544,6048) done in 102 ms  h_edges=4365586
  NeighborhoodSlab: 504 threads × 2304 KB = 1134 MB
  Batch 12 [6048,6552) done in 100 ms  h_edges=4375923
  NeighborhoodSlab: 504 threads × 2304 KB = 1134 MB
  Batch 13 [6552,7056) done in 97 ms  h_edges=4385899
  NeighborhoodSlab: 504 threads × 2304 KB = 1134 MB
  Batch 14 [7056,7560) done in 94 ms  h_edges=4395309
  NeighborhoodSlab: 504 threads × 2304 KB = 1134 MB
  Batch 15 [7560,8064) done in 99 ms  h_edges=4404921
  NeighborhoodSlab: 504 threads × 2304 KB = 1134 MB
  Batch 16 [8064,8568) done in 110 ms  h_edges=4414400
  NeighborhoodSlab: 504 threads × 2304 KB = 1134 MB
  Batch 17 [8568,9072) done in 96 ms  h_edges=4423887
  NeighborhoodSlab: 504 threads × 2304 KB = 1134 MB
  Batch 18 [9072,9576) done in 98 ms  h_edges=4433719
  NeighborhoodSlab: 504 threads × 2304 KB = 1134 MB
  Batch 19 [9576,10080) done in 108 ms  h_edges=4443752
  NeighborhoodSlab: 504 threads × 2304 KB = 1134 MB
  Batch 20 [10080,10584) done in 97 ms  h_edges=4453012
  NeighborhoodSlab: 504 threads × 2304 KB = 1134 MB
  Batch 21 [10584,11088) done in 100 ms  h_edges=4462589
  NeighborhoodSlab: 504 threads × 2304 KB = 1134 MB
  Batch 22 [11088,11592) done in 101 ms  h_edges=4471871
  NeighborhoodSlab: 504 threads × 2304 KB = 1134 MB
  Batch 23 [11592,12096) done in 100 ms  h_edges=4481063
  NeighborhoodSlab: 504 threads × 2304 KB = 1134 MB
  Batch 24 [12096,12600) done in 98 ms  h_edges=4491703
  NeighborhoodSlab: 504 threads × 2304 KB = 1134 MB
  Batch 25 [12600,13104) done in 98 ms  h_edges=4501404
  NeighborhoodSlab: 504 threads × 2304 KB = 1134 MB
  Batch 26 [13104,13608) done in 107 ms  h_edges=4510906
  NeighborhoodSlab: 504 threads × 2304 KB = 1134 MB
  Batch 27 [13608,14112) done in 92 ms  h_edges=4520852
  NeighborhoodSlab: 504 threads × 2304 KB = 1134 MB
  Batch 28 [14112,14616) done in 103 ms  h_edges=4530561
  NeighborhoodSlab: 504 threads × 2304 KB = 1134 MB
  Batch 29 [14616,15120) done in 127 ms  h_edges=4539507
  NeighborhoodSlab: 504 threads × 2304 KB = 1134 MB
  Batch 30 [15120,15624) done in 94 ms  h_edges=4550368
  NeighborhoodSlab: 504 threads × 2304 KB = 1134 MB
  Batch 31 [15624,16128) done in 101 ms  h_edges=4559087
  NeighborhoodSlab: 504 threads × 2304 KB = 1134 MB
  Batch 32 [16128,16632) done in 96 ms  h_edges=4568918
  NeighborhoodSlab: 504 threads × 2304 KB = 1134 MB
  Batch 33 [16632,17136) done in 109 ms  h_edges=4579917
  NeighborhoodSlab: 504 threads × 2304 KB = 1134 MB
  Batch 34 [17136,17640) done in 97 ms  h_edges=4589678
  NeighborhoodSlab: 504 threads × 2304 KB = 1134 MB
  Batch 35 [17640,18144) done in 100 ms  h_edges=4599434
  NeighborhoodSlab: 504 threads × 2304 KB = 1134 MB
  Batch 36 [18144,18648) done in 104 ms  h_edges=4608867
  NeighborhoodSlab: 504 threads × 2304 KB = 1134 MB
  Batch 37 [18648,19152) done in 97 ms  h_edges=4618888
  NeighborhoodSlab: 504 threads × 2304 KB = 1134 MB
  Batch 38 [19152,19656) done in 100 ms  h_edges=4630106
  NeighborhoodSlab: 504 threads × 2304 KB = 1134 MB
  Batch 39 [19656,20160) done in 122 ms  h_edges=4640974
  NeighborhoodSlab: 504 threads × 2304 KB = 1134 MB
  Batch 40 [20160,20664) done in 104 ms  h_edges=4651277
  NeighborhoodSlab: 504 threads × 2304 KB = 1134 MB
  Batch 41 [20664,21168) done in 94 ms  h_edges=4660647
  NeighborhoodSlab: 504 threads × 2304 KB = 1134 MB
  Batch 42 [21168,21672) done in 106 ms  h_edges=4670666
  NeighborhoodSlab: 504 threads × 2304 KB = 1134 MB
  Batch 43 [21672,22176) done in 95 ms  h_edges=4681280
  NeighborhoodSlab: 504 threads × 2304 KB = 1134 MB
  Batch 44 [22176,22680) done in 92 ms  h_edges=4691514
  NeighborhoodSlab: 504 threads × 2304 KB = 1134 MB
  Batch 45 [22680,23184) done in 97 ms  h_edges=4701582
  NeighborhoodSlab: 504 threads × 2304 KB = 1134 MB
  Batch 46 [23184,23688) done in 104 ms  h_edges=4711088
  NeighborhoodSlab: 504 threads × 2304 KB = 1134 MB
  Batch 47 [23688,24192) done in 106 ms  h_edges=4719783
  NeighborhoodSlab: 504 threads × 2304 KB = 1134 MB
  Batch 48 [24192,24696) done in 94 ms  h_edges=4728742
  NeighborhoodSlab: 504 threads × 2304 KB = 1134 MB
  Batch 49 [24696,25200) done in 101 ms  h_edges=4737921
  NeighborhoodSlab: 504 threads × 2304 KB = 1134 MB
  Batch 50 [25200,25704) done in 92 ms  h_edges=4749060
  NeighborhoodSlab: 504 threads × 2304 KB = 1134 MB
  Batch 51 [25704,26208) done in 108 ms  h_edges=4758998
  NeighborhoodSlab: 504 threads × 2304 KB = 1134 MB
  Batch 52 [26208,26712) done in 92 ms  h_edges=4769080
  NeighborhoodSlab: 504 threads × 2304 KB = 1134 MB
  Batch 53 [26712,27216) done in 95 ms  h_edges=4778806
  NeighborhoodSlab: 504 threads × 2304 KB = 1134 MB
  Batch 54 [27216,27720) done in 114 ms  h_edges=4788969
  NeighborhoodSlab: 504 threads × 2304 KB = 1134 MB
  Batch 55 [27720,28224) done in 110 ms  h_edges=4798941
  NeighborhoodSlab: 504 threads × 2304 KB = 1134 MB
  Batch 56 [28224,28728) done in 104 ms  h_edges=4808523
  NeighborhoodSlab: 504 threads × 2304 KB = 1134 MB
  Batch 57 [28728,29232) done in 99 ms  h_edges=4819576
  NeighborhoodSlab: 504 threads × 2304 KB = 1134 MB
  Batch 58 [29232,29736) done in 95 ms  h_edges=4829592
  NeighborhoodSlab: 475 threads × 2304 KB = 1068 MB
  Batch 59 [29736,30211) done in 97 ms  h_edges=4838745
  DeviceGraph: fwd=4838745 bwd=4838745 edges
  Year 2028 total: 13701 ms  (pop: 533725)

--- Year 2029 (pop: 533725) ---
  Adding 32024 new papers
  DeviceGraph: fwd=4838745 bwd=4838745 edges
  Processing 32024 papers in 60 batches of ~534
  NeighborhoodSlab: 534 threads × 2304 KB = 1201 MB
  Batch 0 [0,534) done in 114 ms  h_edges=4849651
  NeighborhoodSlab: 534 threads × 2304 KB = 1201 MB
  Batch 1 [534,1068) done in 109 ms  h_edges=4860452
  NeighborhoodSlab: 534 threads × 2304 KB = 1201 MB
  Batch 2 [1068,1602) done in 124 ms  h_edges=4870419
  NeighborhoodSlab: 534 threads × 2304 KB = 1201 MB
  Batch 3 [1602,2136) done in 106 ms  h_edges=4881303
  NeighborhoodSlab: 534 threads × 2304 KB = 1201 MB
  Batch 4 [2136,2670) done in 135 ms  h_edges=4891944
  NeighborhoodSlab: 534 threads × 2304 KB = 1201 MB
  Batch 5 [2670,3204) done in 145 ms  h_edges=4901827
  NeighborhoodSlab: 534 threads × 2304 KB = 1201 MB
  Batch 6 [3204,3738) done in 116 ms  h_edges=4912373
  NeighborhoodSlab: 534 threads × 2304 KB = 1201 MB
  Batch 7 [3738,4272) done in 137 ms  h_edges=4922171
  NeighborhoodSlab: 534 threads × 2304 KB = 1201 MB
  Batch 8 [4272,4806) done in 109 ms  h_edges=4932451
  NeighborhoodSlab: 534 threads × 2304 KB = 1201 MB
  Batch 9 [4806,5340) done in 109 ms  h_edges=4942380
  NeighborhoodSlab: 534 threads × 2304 KB = 1201 MB
  Batch 10 [5340,5874) done in 144 ms  h_edges=4953587
  NeighborhoodSlab: 534 threads × 2304 KB = 1201 MB
  Batch 11 [5874,6408) done in 112 ms  h_edges=4964297
  NeighborhoodSlab: 534 threads × 2304 KB = 1201 MB
  Batch 12 [6408,6942) done in 126 ms  h_edges=4976290
  NeighborhoodSlab: 534 threads × 2304 KB = 1201 MB
  Batch 13 [6942,7476) done in 142 ms  h_edges=4986976
  NeighborhoodSlab: 534 threads × 2304 KB = 1201 MB
  Batch 14 [7476,8010) done in 136 ms  h_edges=4996746
  NeighborhoodSlab: 534 threads × 2304 KB = 1201 MB
  Batch 15 [8010,8544) done in 113 ms  h_edges=5007827
  NeighborhoodSlab: 534 threads × 2304 KB = 1201 MB
  Batch 16 [8544,9078) done in 116 ms  h_edges=5019133
  NeighborhoodSlab: 534 threads × 2304 KB = 1201 MB
  Batch 17 [9078,9612) done in 119 ms  h_edges=5029736
  NeighborhoodSlab: 534 threads × 2304 KB = 1201 MB
  Batch 18 [9612,10146) done in 111 ms  h_edges=5040225
  NeighborhoodSlab: 534 threads × 2304 KB = 1201 MB
  Batch 19 [10146,10680) done in 123 ms  h_edges=5050518
  NeighborhoodSlab: 534 threads × 2304 KB = 1201 MB
  Batch 20 [10680,11214) done in 112 ms  h_edges=5061329
  NeighborhoodSlab: 534 threads × 2304 KB = 1201 MB
  Batch 21 [11214,11748) done in 126 ms  h_edges=5072309
  NeighborhoodSlab: 534 threads × 2304 KB = 1201 MB
  Batch 22 [11748,12282) done in 114 ms  h_edges=5082635
  NeighborhoodSlab: 534 threads × 2304 KB = 1201 MB
  Batch 23 [12282,12816) done in 115 ms  h_edges=5093125
  NeighborhoodSlab: 534 threads × 2304 KB = 1201 MB
  Batch 24 [12816,13350) done in 122 ms  h_edges=5103275
  NeighborhoodSlab: 534 threads × 2304 KB = 1201 MB
  Batch 25 [13350,13884) done in 130 ms  h_edges=5113093
  NeighborhoodSlab: 534 threads × 2304 KB = 1201 MB
  Batch 26 [13884,14418) done in 120 ms  h_edges=5123739
  NeighborhoodSlab: 534 threads × 2304 KB = 1201 MB
  Batch 27 [14418,14952) done in 112 ms  h_edges=5134991
  NeighborhoodSlab: 534 threads × 2304 KB = 1201 MB
  Batch 28 [14952,15486) done in 139 ms  h_edges=5144233
  NeighborhoodSlab: 534 threads × 2304 KB = 1201 MB
  Batch 29 [15486,16020) done in 128 ms  h_edges=5154194
  NeighborhoodSlab: 534 threads × 2304 KB = 1201 MB
  Batch 30 [16020,16554) done in 123 ms  h_edges=5165505
  NeighborhoodSlab: 534 threads × 2304 KB = 1201 MB
  Batch 31 [16554,17088) done in 116 ms  h_edges=5176202
  NeighborhoodSlab: 534 threads × 2304 KB = 1201 MB
  Batch 32 [17088,17622) done in 117 ms  h_edges=5186596
  NeighborhoodSlab: 534 threads × 2304 KB = 1201 MB
  Batch 33 [17622,18156) done in 114 ms  h_edges=5198081
  NeighborhoodSlab: 534 threads × 2304 KB = 1201 MB
  Batch 34 [18156,18690) done in 133 ms  h_edges=5208299
  NeighborhoodSlab: 534 threads × 2304 KB = 1201 MB
  Batch 35 [18690,19224) done in 140 ms  h_edges=5218412
  NeighborhoodSlab: 534 threads × 2304 KB = 1201 MB
  Batch 36 [19224,19758) done in 118 ms  h_edges=5229485
  NeighborhoodSlab: 534 threads × 2304 KB = 1201 MB
  Batch 37 [19758,20292) done in 119 ms  h_edges=5240280
  NeighborhoodSlab: 534 threads × 2304 KB = 1201 MB
  Batch 38 [20292,20826) done in 140 ms  h_edges=5251170
  NeighborhoodSlab: 534 threads × 2304 KB = 1201 MB
  Batch 39 [20826,21360) done in 128 ms  h_edges=5261119
  NeighborhoodSlab: 534 threads × 2304 KB = 1201 MB
  Batch 40 [21360,21894) done in 152 ms  h_edges=5272202
  NeighborhoodSlab: 534 threads × 2304 KB = 1201 MB
  Batch 41 [21894,22428) done in 130 ms  h_edges=5282448
  NeighborhoodSlab: 534 threads × 2304 KB = 1201 MB
  Batch 42 [22428,22962) done in 122 ms  h_edges=5292753
  NeighborhoodSlab: 534 threads × 2304 KB = 1201 MB
  Batch 43 [22962,23496) done in 117 ms  h_edges=5303269
  NeighborhoodSlab: 534 threads × 2304 KB = 1201 MB
  Batch 44 [23496,24030) done in 108 ms  h_edges=5313766
  NeighborhoodSlab: 534 threads × 2304 KB = 1201 MB
  Batch 45 [24030,24564) done in 115 ms  h_edges=5325098
  NeighborhoodSlab: 534 threads × 2304 KB = 1201 MB
  Batch 46 [24564,25098) done in 137 ms  h_edges=5335430
  NeighborhoodSlab: 534 threads × 2304 KB = 1201 MB
  Batch 47 [25098,25632) done in 141 ms  h_edges=5345554
  NeighborhoodSlab: 534 threads × 2304 KB = 1201 MB
  Batch 48 [25632,26166) done in 110 ms  h_edges=5356242
  NeighborhoodSlab: 534 threads × 2304 KB = 1201 MB
  Batch 49 [26166,26700) done in 132 ms  h_edges=5365344
  NeighborhoodSlab: 534 threads × 2304 KB = 1201 MB
  Batch 50 [26700,27234) done in 122 ms  h_edges=5375006
  NeighborhoodSlab: 534 threads × 2304 KB = 1201 MB
  Batch 51 [27234,27768) done in 123 ms  h_edges=5384595
  NeighborhoodSlab: 534 threads × 2304 KB = 1201 MB
  Batch 52 [27768,28302) done in 118 ms  h_edges=5395147
  NeighborhoodSlab: 534 threads × 2304 KB = 1201 MB
  Batch 53 [28302,28836) done in 118 ms  h_edges=5405307
  NeighborhoodSlab: 534 threads × 2304 KB = 1201 MB
  Batch 54 [28836,29370) done in 123 ms  h_edges=5415881
  NeighborhoodSlab: 534 threads × 2304 KB = 1201 MB
  Batch 55 [29370,29904) done in 118 ms  h_edges=5426782
  NeighborhoodSlab: 534 threads × 2304 KB = 1201 MB
  Batch 56 [29904,30438) done in 130 ms  h_edges=5437906
  NeighborhoodSlab: 534 threads × 2304 KB = 1201 MB
  Batch 57 [30438,30972) done in 123 ms  h_edges=5448424
  NeighborhoodSlab: 534 threads × 2304 KB = 1201 MB
  Batch 58 [30972,31506) done in 120 ms  h_edges=5458856
  NeighborhoodSlab: 518 threads × 2304 KB = 1165 MB
  Batch 59 [31506,32024) done in 124 ms  h_edges=5469208
  DeviceGraph: fwd=5469208 bwd=5469208 edges
  Year 2029 total: 16059 ms  (pop: 565749)

--- Year 2030 (pop: 565749) ---
  Adding 33945 new papers
  DeviceGraph: fwd=5469208 bwd=5469208 edges
  Processing 33945 papers in 60 batches of ~566
  NeighborhoodSlab: 566 threads × 2304 KB = 1273 MB
  Batch 0 [0,566) done in 147 ms  h_edges=5480328
  NeighborhoodSlab: 566 threads × 2304 KB = 1273 MB
  Batch 1 [566,1132) done in 162 ms  h_edges=5491279
  NeighborhoodSlab: 566 threads × 2304 KB = 1273 MB
  Batch 2 [1132,1698) done in 196 ms  h_edges=5502740
  NeighborhoodSlab: 566 threads × 2304 KB = 1273 MB
  Batch 3 [1698,2264) done in 136 ms  h_edges=5513665
  NeighborhoodSlab: 566 threads × 2304 KB = 1273 MB
  Batch 4 [2264,2830) done in 188 ms  h_edges=5526107
  NeighborhoodSlab: 566 threads × 2304 KB = 1273 MB
  Batch 5 [2830,3396) done in 150 ms  h_edges=5536601
  NeighborhoodSlab: 566 threads × 2304 KB = 1273 MB
  Batch 6 [3396,3962) done in 161 ms  h_edges=5547478
  NeighborhoodSlab: 566 threads × 2304 KB = 1273 MB
  Batch 7 [3962,4528) done in 142 ms  h_edges=5557939
  NeighborhoodSlab: 566 threads × 2304 KB = 1273 MB
  Batch 8 [4528,5094) done in 142 ms  h_edges=5567756
  NeighborhoodSlab: 566 threads × 2304 KB = 1273 MB
  Batch 9 [5094,5660) done in 152 ms  h_edges=5579647
  NeighborhoodSlab: 566 threads × 2304 KB = 1273 MB
  Batch 10 [5660,6226) done in 144 ms  h_edges=5590396
  NeighborhoodSlab: 566 threads × 2304 KB = 1273 MB
  Batch 11 [6226,6792) done in 161 ms  h_edges=5600761
  NeighborhoodSlab: 566 threads × 2304 KB = 1273 MB
  Batch 12 [6792,7358) done in 145 ms  h_edges=5611991
  NeighborhoodSlab: 566 threads × 2304 KB = 1273 MB
  Batch 13 [7358,7924) done in 148 ms  h_edges=5622606
  NeighborhoodSlab: 566 threads × 2304 KB = 1273 MB
  Batch 14 [7924,8490) done in 180 ms  h_edges=5634287
  NeighborhoodSlab: 566 threads × 2304 KB = 1273 MB
  Batch 15 [8490,9056) done in 137 ms  h_edges=5645059
  NeighborhoodSlab: 566 threads × 2304 KB = 1273 MB
  Batch 16 [9056,9622) done in 130 ms  h_edges=5655384
  NeighborhoodSlab: 566 threads × 2304 KB = 1273 MB
  Batch 17 [9622,10188) done in 158 ms  h_edges=5666921
  NeighborhoodSlab: 566 threads × 2304 KB = 1273 MB
  Batch 18 [10188,10754) done in 151 ms  h_edges=5678091
  NeighborhoodSlab: 566 threads × 2304 KB = 1273 MB
  Batch 19 [10754,11320) done in 130 ms  h_edges=5688757
  NeighborhoodSlab: 566 threads × 2304 KB = 1273 MB
  Batch 20 [11320,11886) done in 175 ms  h_edges=5699692
  NeighborhoodSlab: 566 threads × 2304 KB = 1273 MB
  Batch 21 [11886,12452) done in 148 ms  h_edges=5710633
  NeighborhoodSlab: 566 threads × 2304 KB = 1273 MB
  Batch 22 [12452,13018) done in 163 ms  h_edges=5721815
  NeighborhoodSlab: 566 threads × 2304 KB = 1273 MB
  Batch 23 [13018,13584) done in 128 ms  h_edges=5732491
  NeighborhoodSlab: 566 threads × 2304 KB = 1273 MB
  Batch 24 [13584,14150) done in 192 ms  h_edges=5744065
  NeighborhoodSlab: 566 threads × 2304 KB = 1273 MB
  Batch 25 [14150,14716) done in 151 ms  h_edges=5755524
  NeighborhoodSlab: 566 threads × 2304 KB = 1273 MB
  Batch 26 [14716,15282) done in 151 ms  h_edges=5766929
  NeighborhoodSlab: 566 threads × 2304 KB = 1273 MB
  Batch 27 [15282,15848) done in 129 ms  h_edges=5777399
  NeighborhoodSlab: 566 threads × 2304 KB = 1273 MB
  Batch 28 [15848,16414) done in 137 ms  h_edges=5787743
  NeighborhoodSlab: 566 threads × 2304 KB = 1273 MB
  Batch 29 [16414,16980) done in 185 ms  h_edges=5797878
  NeighborhoodSlab: 566 threads × 2304 KB = 1273 MB
  Batch 30 [16980,17546) done in 150 ms  h_edges=5808925
  NeighborhoodSlab: 566 threads × 2304 KB = 1273 MB
  Batch 31 [17546,18112) done in 142 ms  h_edges=5819636
  NeighborhoodSlab: 566 threads × 2304 KB = 1273 MB
  Batch 32 [18112,18678) done in 161 ms  h_edges=5830956
  NeighborhoodSlab: 566 threads × 2304 KB = 1273 MB
  Batch 33 [18678,19244) done in 186 ms  h_edges=5842658
  NeighborhoodSlab: 566 threads × 2304 KB = 1273 MB
  Batch 34 [19244,19810) done in 179 ms  h_edges=5853427
  NeighborhoodSlab: 566 threads × 2304 KB = 1273 MB
  Batch 35 [19810,20376) done in 143 ms  h_edges=5864750
  NeighborhoodSlab: 566 threads × 2304 KB = 1273 MB
  Batch 36 [20376,20942) done in 179 ms  h_edges=5877637
  NeighborhoodSlab: 566 threads × 2304 KB = 1273 MB
  Batch 37 [20942,21508) done in 163 ms  h_edges=5888250
  NeighborhoodSlab: 566 threads × 2304 KB = 1273 MB
  Batch 38 [21508,22074) done in 145 ms  h_edges=5899609
  NeighborhoodSlab: 566 threads × 2304 KB = 1273 MB
  Batch 39 [22074,22640) done in 158 ms  h_edges=5910409
  NeighborhoodSlab: 566 threads × 2304 KB = 1273 MB
  Batch 40 [22640,23206) done in 136 ms  h_edges=5920753
  NeighborhoodSlab: 566 threads × 2304 KB = 1273 MB
  Batch 41 [23206,23772) done in 154 ms  h_edges=5930804
  NeighborhoodSlab: 566 threads × 2304 KB = 1273 MB
  Batch 42 [23772,24338) done in 135 ms  h_edges=5940564
  NeighborhoodSlab: 566 threads × 2304 KB = 1273 MB
  Batch 43 [24338,24904) done in 178 ms  h_edges=5950553
  NeighborhoodSlab: 566 threads × 2304 KB = 1273 MB
  Batch 44 [24904,25470) done in 168 ms  h_edges=5961199
  NeighborhoodSlab: 566 threads × 2304 KB = 1273 MB
  Batch 45 [25470,26036) done in 141 ms  h_edges=5972482
  NeighborhoodSlab: 566 threads × 2304 KB = 1273 MB
  Batch 46 [26036,26602) done in 169 ms  h_edges=5983933
  NeighborhoodSlab: 566 threads × 2304 KB = 1273 MB
  Batch 47 [26602,27168) done in 154 ms  h_edges=5994742
  NeighborhoodSlab: 566 threads × 2304 KB = 1273 MB
  Batch 48 [27168,27734) done in 167 ms  h_edges=6004519
  NeighborhoodSlab: 566 threads × 2304 KB = 1273 MB
  Batch 49 [27734,28300) done in 141 ms  h_edges=6016696
  NeighborhoodSlab: 566 threads × 2304 KB = 1273 MB
  Batch 50 [28300,28866) done in 247 ms  h_edges=6027856
  NeighborhoodSlab: 566 threads × 2304 KB = 1273 MB
  Batch 51 [28866,29432) done in 151 ms  h_edges=6038984
  NeighborhoodSlab: 566 threads × 2304 KB = 1273 MB
  Batch 52 [29432,29998) done in 135 ms  h_edges=6050578
  NeighborhoodSlab: 566 threads × 2304 KB = 1273 MB
  Batch 53 [29998,30564) done in 127 ms  h_edges=6061681
  NeighborhoodSlab: 566 threads × 2304 KB = 1273 MB
  Batch 54 [30564,31130) done in 141 ms  h_edges=6072245
  NeighborhoodSlab: 566 threads × 2304 KB = 1273 MB
  Batch 55 [31130,31696) done in 145 ms  h_edges=6082546
  NeighborhoodSlab: 566 threads × 2304 KB = 1273 MB
  Batch 56 [31696,32262) done in 172 ms  h_edges=6094430
  NeighborhoodSlab: 566 threads × 2304 KB = 1273 MB
  Batch 57 [32262,32828) done in 152 ms  h_edges=6107450
  NeighborhoodSlab: 566 threads × 2304 KB = 1273 MB
  Batch 58 [32828,33394) done in 158 ms  h_edges=6119616
  NeighborhoodSlab: 551 threads × 2304 KB = 1239 MB
  Batch 59 [33394,33945) done in 171 ms  h_edges=6129953
  DeviceGraph: fwd=6129953 bwd=6129953 edges
  Year 2030 total: 19256 ms  (pop: 599694)

=== Simulation Complete ===
Total: 109 s  Final pop: 599694

=== Exporting Results ===
Edges saved: ./output/10y/mass_cuda-amz-static-output-10y-6p.edgelist (6129953)
Attributes saved: ./output/10y/mass_cuda-amz-static-output-10y-6p.aux (599694 rows)

Done.

real	1m57.352s
user	1m54.791s
sys	0m2.243s
For GROWTH_PERCENT = 6 %, BFS_BATCH_SIZE = 60.
Running growth rate 6% for 10 years.
./output/10y/mass_cuda-eu-static-output-10y-6p.edgelist
./output/10y/mass_cuda-eu-static-output-10y-6p.aux
Citation Network ABM – MASS CUDA
=================================

Out-degree bag: 3980408 entries
Recency probs:  356 entries
BFS batches:    60 per year

=== Initializing Citation ABM ===

Inside parseNodelist...
Populating continuous node mappings (265009 nodes)...
parseNodelist done in 209 ms (265009 nodes)

Inside parseEdgelist...
parseEdgelist done in 28 ms (418956 edges)
Seed max year: 2020  → simulation starts at 2021
Max population: 476596
Seed population: 265009 papers
  DeviceGraph: fwd=364481 bwd=364481 edges
Initialization complete


=== Simulation Start ===

--- Year 2021 (pop: 265009) ---
  Adding 15901 new papers
  DeviceGraph: fwd=364481 bwd=364481 edges
  Processing 15901 papers in 60 batches of ~266
  NeighborhoodSlab: 266 threads × 2304 KB = 598 MB
  Batch 0 [0,266) done in 85 ms  h_edges=424520
  NeighborhoodSlab: 266 threads × 2304 KB = 598 MB
  Batch 1 [266,532) done in 87 ms  h_edges=430077
  NeighborhoodSlab: 266 threads × 2304 KB = 598 MB
  Batch 2 [532,798) done in 101 ms  h_edges=435151
  NeighborhoodSlab: 266 threads × 2304 KB = 598 MB
  Batch 3 [798,1064) done in 91 ms  h_edges=440516
  NeighborhoodSlab: 266 threads × 2304 KB = 598 MB
  Batch 4 [1064,1330) done in 84 ms  h_edges=446136
  NeighborhoodSlab: 266 threads × 2304 KB = 598 MB
  Batch 5 [1330,1596) done in 96 ms  h_edges=452053
  NeighborhoodSlab: 266 threads × 2304 KB = 598 MB
  Batch 6 [1596,1862) done in 94 ms  h_edges=457365
  NeighborhoodSlab: 266 threads × 2304 KB = 598 MB
  Batch 7 [1862,2128) done in 94 ms  h_edges=462710
  NeighborhoodSlab: 266 threads × 2304 KB = 598 MB
  Batch 8 [2128,2394) done in 84 ms  h_edges=468268
  NeighborhoodSlab: 266 threads × 2304 KB = 598 MB
  Batch 9 [2394,2660) done in 85 ms  h_edges=473500
  NeighborhoodSlab: 266 threads × 2304 KB = 598 MB
  Batch 10 [2660,2926) done in 100 ms  h_edges=478697
  NeighborhoodSlab: 266 threads × 2304 KB = 598 MB
  Batch 11 [2926,3192) done in 87 ms  h_edges=484257
  NeighborhoodSlab: 266 threads × 2304 KB = 598 MB
  Batch 12 [3192,3458) done in 122 ms  h_edges=488967
  NeighborhoodSlab: 266 threads × 2304 KB = 598 MB
  Batch 13 [3458,3724) done in 94 ms  h_edges=494093
  NeighborhoodSlab: 266 threads × 2304 KB = 598 MB
  Batch 14 [3724,3990) done in 113 ms  h_edges=499290
  NeighborhoodSlab: 266 threads × 2304 KB = 598 MB
  Batch 15 [3990,4256) done in 85 ms  h_edges=504846
  NeighborhoodSlab: 266 threads × 2304 KB = 598 MB
  Batch 16 [4256,4522) done in 84 ms  h_edges=510985
  NeighborhoodSlab: 266 threads × 2304 KB = 598 MB
  Batch 17 [4522,4788) done in 92 ms  h_edges=516759
  NeighborhoodSlab: 266 threads × 2304 KB = 598 MB
  Batch 18 [4788,5054) done in 91 ms  h_edges=522470
  NeighborhoodSlab: 266 threads × 2304 KB = 598 MB
  Batch 19 [5054,5320) done in 86 ms  h_edges=528659
  NeighborhoodSlab: 266 threads × 2304 KB = 598 MB
  Batch 20 [5320,5586) done in 84 ms  h_edges=533604
  NeighborhoodSlab: 266 threads × 2304 KB = 598 MB
  Batch 21 [5586,5852) done in 98 ms  h_edges=539003
  NeighborhoodSlab: 266 threads × 2304 KB = 598 MB
  Batch 22 [5852,6118) done in 93 ms  h_edges=543953
  NeighborhoodSlab: 266 threads × 2304 KB = 598 MB
  Batch 23 [6118,6384) done in 94 ms  h_edges=549134
  NeighborhoodSlab: 266 threads × 2304 KB = 598 MB
  Batch 24 [6384,6650) done in 100 ms  h_edges=553575
  NeighborhoodSlab: 266 threads × 2304 KB = 598 MB
  Batch 25 [6650,6916) done in 85 ms  h_edges=558553
  NeighborhoodSlab: 266 threads × 2304 KB = 598 MB
  Batch 26 [6916,7182) done in 95 ms  h_edges=563897
  NeighborhoodSlab: 266 threads × 2304 KB = 598 MB
  Batch 27 [7182,7448) done in 100 ms  h_edges=568282
  NeighborhoodSlab: 266 threads × 2304 KB = 598 MB
  Batch 28 [7448,7714) done in 179 ms  h_edges=573939
  NeighborhoodSlab: 266 threads × 2304 KB = 598 MB
  Batch 29 [7714,7980) done in 115 ms  h_edges=579978
  NeighborhoodSlab: 266 threads × 2304 KB = 598 MB
  Batch 30 [7980,8246) done in 85 ms  h_edges=584488
  NeighborhoodSlab: 266 threads × 2304 KB = 598 MB
  Batch 31 [8246,8512) done in 98 ms  h_edges=589049
  NeighborhoodSlab: 266 threads × 2304 KB = 598 MB
  Batch 32 [8512,8778) done in 100 ms  h_edges=594444
  NeighborhoodSlab: 266 threads × 2304 KB = 598 MB
  Batch 33 [8778,9044) done in 87 ms  h_edges=600134
  NeighborhoodSlab: 266 threads × 2304 KB = 598 MB
  Batch 34 [9044,9310) done in 88 ms  h_edges=605631
  NeighborhoodSlab: 266 threads × 2304 KB = 598 MB
  Batch 35 [9310,9576) done in 116 ms  h_edges=610712
  NeighborhoodSlab: 266 threads × 2304 KB = 598 MB
  Batch 36 [9576,9842) done in 88 ms  h_edges=615628
  NeighborhoodSlab: 266 threads × 2304 KB = 598 MB
  Batch 37 [9842,10108) done in 87 ms  h_edges=620242
  NeighborhoodSlab: 266 threads × 2304 KB = 598 MB
  Batch 38 [10108,10374) done in 103 ms  h_edges=625257
  NeighborhoodSlab: 266 threads × 2304 KB = 598 MB
  Batch 39 [10374,10640) done in 87 ms  h_edges=630633
  NeighborhoodSlab: 266 threads × 2304 KB = 598 MB
  Batch 40 [10640,10906) done in 87 ms  h_edges=636074
  NeighborhoodSlab: 266 threads × 2304 KB = 598 MB
  Batch 41 [10906,11172) done in 140 ms  h_edges=641663
  NeighborhoodSlab: 266 threads × 2304 KB = 598 MB
  Batch 42 [11172,11438) done in 94 ms  h_edges=646681
  NeighborhoodSlab: 266 threads × 2304 KB = 598 MB
  Batch 43 [11438,11704) done in 88 ms  h_edges=651885
  NeighborhoodSlab: 266 threads × 2304 KB = 598 MB
  Batch 44 [11704,11970) done in 105 ms  h_edges=657426
  NeighborhoodSlab: 266 threads × 2304 KB = 598 MB
  Batch 45 [11970,12236) done in 90 ms  h_edges=661635
  NeighborhoodSlab: 266 threads × 2304 KB = 598 MB
  Batch 46 [12236,12502) done in 103 ms  h_edges=667300
  NeighborhoodSlab: 266 threads × 2304 KB = 598 MB
  Batch 47 [12502,12768) done in 118 ms  h_edges=672205
  NeighborhoodSlab: 266 threads × 2304 KB = 598 MB
  Batch 48 [12768,13034) done in 94 ms  h_edges=677387
  NeighborhoodSlab: 266 threads × 2304 KB = 598 MB
  Batch 49 [13034,13300) done in 147 ms  h_edges=682842
  NeighborhoodSlab: 266 threads × 2304 KB = 598 MB
  Batch 50 [13300,13566) done in 86 ms  h_edges=688591
  NeighborhoodSlab: 266 threads × 2304 KB = 598 MB
  Batch 51 [13566,13832) done in 92 ms  h_edges=693630
  NeighborhoodSlab: 266 threads × 2304 KB = 598 MB
  Batch 52 [13832,14098) done in 95 ms  h_edges=698329
  NeighborhoodSlab: 266 threads × 2304 KB = 598 MB
  Batch 53 [14098,14364) done in 134 ms  h_edges=703509
  NeighborhoodSlab: 266 threads × 2304 KB = 598 MB
  Batch 54 [14364,14630) done in 86 ms  h_edges=709291
  NeighborhoodSlab: 266 threads × 2304 KB = 598 MB
  Batch 55 [14630,14896) done in 142 ms  h_edges=715170
  NeighborhoodSlab: 266 threads × 2304 KB = 598 MB
  Batch 56 [14896,15162) done in 86 ms  h_edges=720921
  NeighborhoodSlab: 266 threads × 2304 KB = 598 MB
  Batch 57 [15162,15428) done in 86 ms  h_edges=725764
  NeighborhoodSlab: 266 threads × 2304 KB = 598 MB
  Batch 58 [15428,15694) done in 85 ms  h_edges=730538
  NeighborhoodSlab: 207 threads × 2304 KB = 465 MB
  Batch 59 [15694,15901) done in 69 ms  h_edges=734048
  DeviceGraph: fwd=679573 bwd=679573 edges
  Year 2021 total: 6601 ms  (pop: 280910)

--- Year 2022 (pop: 280910) ---
  Adding 16855 new papers
  DeviceGraph: fwd=679573 bwd=679573 edges
  Processing 16855 papers in 60 batches of ~281
  NeighborhoodSlab: 281 threads × 2304 KB = 632 MB
  Batch 0 [0,281) done in 115 ms  h_edges=739403
  NeighborhoodSlab: 281 threads × 2304 KB = 632 MB
  Batch 1 [281,562) done in 112 ms  h_edges=744691
  NeighborhoodSlab: 281 threads × 2304 KB = 632 MB
  Batch 2 [562,843) done in 126 ms  h_edges=751324
  NeighborhoodSlab: 281 threads × 2304 KB = 632 MB
  Batch 3 [843,1124) done in 140 ms  h_edges=756719
  NeighborhoodSlab: 281 threads × 2304 KB = 632 MB
  Batch 4 [1124,1405) done in 110 ms  h_edges=761511
  NeighborhoodSlab: 281 threads × 2304 KB = 632 MB
  Batch 5 [1405,1686) done in 101 ms  h_edges=767107
  NeighborhoodSlab: 281 threads × 2304 KB = 632 MB
  Batch 6 [1686,1967) done in 132 ms  h_edges=772672
  NeighborhoodSlab: 281 threads × 2304 KB = 632 MB
  Batch 7 [1967,2248) done in 114 ms  h_edges=778679
  NeighborhoodSlab: 281 threads × 2304 KB = 632 MB
  Batch 8 [2248,2529) done in 118 ms  h_edges=783734
  NeighborhoodSlab: 281 threads × 2304 KB = 632 MB
  Batch 9 [2529,2810) done in 100 ms  h_edges=789091
  NeighborhoodSlab: 281 threads × 2304 KB = 632 MB
  Batch 10 [2810,3091) done in 99 ms  h_edges=795478
  NeighborhoodSlab: 281 threads × 2304 KB = 632 MB
  Batch 11 [3091,3372) done in 146 ms  h_edges=800157
  NeighborhoodSlab: 281 threads × 2304 KB = 632 MB
  Batch 12 [3372,3653) done in 140 ms  h_edges=805786
  NeighborhoodSlab: 281 threads × 2304 KB = 632 MB
  Batch 13 [3653,3934) done in 97 ms  h_edges=811778
  NeighborhoodSlab: 281 threads × 2304 KB = 632 MB
  Batch 14 [3934,4215) done in 131 ms  h_edges=816851
  NeighborhoodSlab: 281 threads × 2304 KB = 632 MB
  Batch 15 [4215,4496) done in 154 ms  h_edges=821992
  NeighborhoodSlab: 281 threads × 2304 KB = 632 MB
  Batch 16 [4496,4777) done in 154 ms  h_edges=827371
  NeighborhoodSlab: 281 threads × 2304 KB = 632 MB
  Batch 17 [4777,5058) done in 105 ms  h_edges=833286
  NeighborhoodSlab: 281 threads × 2304 KB = 632 MB
  Batch 18 [5058,5339) done in 117 ms  h_edges=838274
  NeighborhoodSlab: 281 threads × 2304 KB = 632 MB
  Batch 19 [5339,5620) done in 124 ms  h_edges=844229
  NeighborhoodSlab: 281 threads × 2304 KB = 632 MB
  Batch 20 [5620,5901) done in 117 ms  h_edges=849332
  NeighborhoodSlab: 281 threads × 2304 KB = 632 MB
  Batch 21 [5901,6182) done in 113 ms  h_edges=854706
  NeighborhoodSlab: 281 threads × 2304 KB = 632 MB
  Batch 22 [6182,6463) done in 108 ms  h_edges=860606
  NeighborhoodSlab: 281 threads × 2304 KB = 632 MB
  Batch 23 [6463,6744) done in 177 ms  h_edges=865774
  NeighborhoodSlab: 281 threads × 2304 KB = 632 MB
  Batch 24 [6744,7025) done in 132 ms  h_edges=871570
  NeighborhoodSlab: 281 threads × 2304 KB = 632 MB
  Batch 25 [7025,7306) done in 116 ms  h_edges=877326
  NeighborhoodSlab: 281 threads × 2304 KB = 632 MB
  Batch 26 [7306,7587) done in 100 ms  h_edges=882095
  NeighborhoodSlab: 281 threads × 2304 KB = 632 MB
  Batch 27 [7587,7868) done in 107 ms  h_edges=887858
  NeighborhoodSlab: 281 threads × 2304 KB = 632 MB
  Batch 28 [7868,8149) done in 98 ms  h_edges=893062
  NeighborhoodSlab: 281 threads × 2304 KB = 632 MB
  Batch 29 [8149,8430) done in 126 ms  h_edges=898389
  NeighborhoodSlab: 281 threads × 2304 KB = 632 MB
  Batch 30 [8430,8711) done in 122 ms  h_edges=903986
  NeighborhoodSlab: 281 threads × 2304 KB = 632 MB
  Batch 31 [8711,8992) done in 167 ms  h_edges=909168
  NeighborhoodSlab: 281 threads × 2304 KB = 632 MB
  Batch 32 [8992,9273) done in 134 ms  h_edges=913987
  NeighborhoodSlab: 281 threads × 2304 KB = 632 MB
  Batch 33 [9273,9554) done in 112 ms  h_edges=919123
  NeighborhoodSlab: 281 threads × 2304 KB = 632 MB
  Batch 34 [9554,9835) done in 115 ms  h_edges=924849
  NeighborhoodSlab: 281 threads × 2304 KB = 632 MB
  Batch 35 [9835,10116) done in 117 ms  h_edges=929887
  NeighborhoodSlab: 281 threads × 2304 KB = 632 MB
  Batch 36 [10116,10397) done in 116 ms  h_edges=934818
  NeighborhoodSlab: 281 threads × 2304 KB = 632 MB
  Batch 37 [10397,10678) done in 124 ms  h_edges=940553
  NeighborhoodSlab: 281 threads × 2304 KB = 632 MB
  Batch 38 [10678,10959) done in 105 ms  h_edges=945545
  NeighborhoodSlab: 281 threads × 2304 KB = 632 MB
  Batch 39 [10959,11240) done in 123 ms  h_edges=951098
  NeighborhoodSlab: 281 threads × 2304 KB = 632 MB
  Batch 40 [11240,11521) done in 140 ms  h_edges=955926
  NeighborhoodSlab: 281 threads × 2304 KB = 632 MB
  Batch 41 [11521,11802) done in 110 ms  h_edges=961002
  NeighborhoodSlab: 281 threads × 2304 KB = 632 MB
  Batch 42 [11802,12083) done in 131 ms  h_edges=967393
  NeighborhoodSlab: 281 threads × 2304 KB = 632 MB
  Batch 43 [12083,12364) done in 120 ms  h_edges=973462
  NeighborhoodSlab: 281 threads × 2304 KB = 632 MB
  Batch 44 [12364,12645) done in 122 ms  h_edges=978926
  NeighborhoodSlab: 281 threads × 2304 KB = 632 MB
  Batch 45 [12645,12926) done in 129 ms  h_edges=984429
  NeighborhoodSlab: 281 threads × 2304 KB = 632 MB
  Batch 46 [12926,13207) done in 189 ms  h_edges=990005
  NeighborhoodSlab: 281 threads × 2304 KB = 632 MB
  Batch 47 [13207,13488) done in 112 ms  h_edges=995453
  NeighborhoodSlab: 281 threads × 2304 KB = 632 MB
  Batch 48 [13488,13769) done in 132 ms  h_edges=1001007
  NeighborhoodSlab: 281 threads × 2304 KB = 632 MB
  Batch 49 [13769,14050) done in 123 ms  h_edges=1006020
  NeighborhoodSlab: 281 threads × 2304 KB = 632 MB
  Batch 50 [14050,14331) done in 112 ms  h_edges=1011794
  NeighborhoodSlab: 281 threads × 2304 KB = 632 MB
  Batch 51 [14331,14612) done in 116 ms  h_edges=1017083
  NeighborhoodSlab: 281 threads × 2304 KB = 632 MB
  Batch 52 [14612,14893) done in 127 ms  h_edges=1022700
  NeighborhoodSlab: 281 threads × 2304 KB = 632 MB
  Batch 53 [14893,15174) done in 127 ms  h_edges=1028414
  NeighborhoodSlab: 281 threads × 2304 KB = 632 MB
  Batch 54 [15174,15455) done in 118 ms  h_edges=1034171
  NeighborhoodSlab: 281 threads × 2304 KB = 632 MB
  Batch 55 [15455,15736) done in 96 ms  h_edges=1039751
  NeighborhoodSlab: 281 threads × 2304 KB = 632 MB
  Batch 56 [15736,16017) done in 113 ms  h_edges=1044884
  NeighborhoodSlab: 281 threads × 2304 KB = 632 MB
  Batch 57 [16017,16298) done in 108 ms  h_edges=1050287
  NeighborhoodSlab: 281 threads × 2304 KB = 632 MB
  Batch 58 [16298,16579) done in 98 ms  h_edges=1055875
  NeighborhoodSlab: 276 threads × 2304 KB = 621 MB
  Batch 59 [16579,16855) done in 107 ms  h_edges=1060720
  DeviceGraph: fwd=1006245 bwd=1006245 edges
  Year 2022 total: 8371 ms  (pop: 297765)

--- Year 2023 (pop: 297765) ---
  Adding 17866 new papers
  DeviceGraph: fwd=1006245 bwd=1006245 edges
  Processing 17866 papers in 60 batches of ~298
  NeighborhoodSlab: 298 threads × 2304 KB = 670 MB
  Batch 0 [0,298) done in 155 ms  h_edges=1066372
  NeighborhoodSlab: 298 threads × 2304 KB = 670 MB
  Batch 1 [298,596) done in 136 ms  h_edges=1071850
  NeighborhoodSlab: 298 threads × 2304 KB = 670 MB
  Batch 2 [596,894) done in 192 ms  h_edges=1077971
  NeighborhoodSlab: 298 threads × 2304 KB = 670 MB
  Batch 3 [894,1192) done in 169 ms  h_edges=1084092
  NeighborhoodSlab: 298 threads × 2304 KB = 670 MB
  Batch 4 [1192,1490) done in 131 ms  h_edges=1090017
  NeighborhoodSlab: 298 threads × 2304 KB = 670 MB
  Batch 5 [1490,1788) done in 146 ms  h_edges=1096828
  NeighborhoodSlab: 298 threads × 2304 KB = 670 MB
  Batch 6 [1788,2086) done in 143 ms  h_edges=1102655
  NeighborhoodSlab: 298 threads × 2304 KB = 670 MB
  Batch 7 [2086,2384) done in 144 ms  h_edges=1108625
  NeighborhoodSlab: 298 threads × 2304 KB = 670 MB
  Batch 8 [2384,2682) done in 170 ms  h_edges=1114700
  NeighborhoodSlab: 298 threads × 2304 KB = 670 MB
  Batch 9 [2682,2980) done in 168 ms  h_edges=1119954
  NeighborhoodSlab: 298 threads × 2304 KB = 670 MB
  Batch 10 [2980,3278) done in 125 ms  h_edges=1125689
  NeighborhoodSlab: 298 threads × 2304 KB = 670 MB
  Batch 11 [3278,3576) done in 138 ms  h_edges=1131499
  NeighborhoodSlab: 298 threads × 2304 KB = 670 MB
  Batch 12 [3576,3874) done in 147 ms  h_edges=1137764
  NeighborhoodSlab: 298 threads × 2304 KB = 670 MB
  Batch 13 [3874,4172) done in 147 ms  h_edges=1143109
  NeighborhoodSlab: 298 threads × 2304 KB = 670 MB
  Batch 14 [4172,4470) done in 171 ms  h_edges=1148773
  NeighborhoodSlab: 298 threads × 2304 KB = 670 MB
  Batch 15 [4470,4768) done in 137 ms  h_edges=1154360
  NeighborhoodSlab: 298 threads × 2304 KB = 670 MB
  Batch 16 [4768,5066) done in 187 ms  h_edges=1159810
  NeighborhoodSlab: 298 threads × 2304 KB = 670 MB
  Batch 17 [5066,5364) done in 155 ms  h_edges=1166033
  NeighborhoodSlab: 298 threads × 2304 KB = 670 MB
  Batch 18 [5364,5662) done in 181 ms  h_edges=1171604
  NeighborhoodSlab: 298 threads × 2304 KB = 670 MB
  Batch 19 [5662,5960) done in 158 ms  h_edges=1176604
  NeighborhoodSlab: 298 threads × 2304 KB = 670 MB
  Batch 20 [5960,6258) done in 170 ms  h_edges=1182434
  NeighborhoodSlab: 298 threads × 2304 KB = 670 MB
  Batch 21 [6258,6556) done in 174 ms  h_edges=1188201
  NeighborhoodSlab: 298 threads × 2304 KB = 670 MB
  Batch 22 [6556,6854) done in 137 ms  h_edges=1193870
  NeighborhoodSlab: 298 threads × 2304 KB = 670 MB
  Batch 23 [6854,7152) done in 125 ms  h_edges=1199433
  NeighborhoodSlab: 298 threads × 2304 KB = 670 MB
  Batch 24 [7152,7450) done in 165 ms  h_edges=1204812
  NeighborhoodSlab: 298 threads × 2304 KB = 670 MB
  Batch 25 [7450,7748) done in 148 ms  h_edges=1210481
  NeighborhoodSlab: 298 threads × 2304 KB = 670 MB
  Batch 26 [7748,8046) done in 143 ms  h_edges=1216860
  NeighborhoodSlab: 298 threads × 2304 KB = 670 MB
  Batch 27 [8046,8344) done in 158 ms  h_edges=1222862
  NeighborhoodSlab: 298 threads × 2304 KB = 670 MB
  Batch 28 [8344,8642) done in 121 ms  h_edges=1229008
  NeighborhoodSlab: 298 threads × 2304 KB = 670 MB
  Batch 29 [8642,8940) done in 153 ms  h_edges=1234994
  NeighborhoodSlab: 298 threads × 2304 KB = 670 MB
  Batch 30 [8940,9238) done in 138 ms  h_edges=1241052
  NeighborhoodSlab: 298 threads × 2304 KB = 670 MB
  Batch 31 [9238,9536) done in 144 ms  h_edges=1246148
  NeighborhoodSlab: 298 threads × 2304 KB = 670 MB
  Batch 32 [9536,9834) done in 165 ms  h_edges=1251526
  NeighborhoodSlab: 298 threads × 2304 KB = 670 MB
  Batch 33 [9834,10132) done in 146 ms  h_edges=1257309
  NeighborhoodSlab: 298 threads × 2304 KB = 670 MB
  Batch 34 [10132,10430) done in 135 ms  h_edges=1262714
  NeighborhoodSlab: 298 threads × 2304 KB = 670 MB
  Batch 35 [10430,10728) done in 136 ms  h_edges=1268498
  NeighborhoodSlab: 298 threads × 2304 KB = 670 MB
  Batch 36 [10728,11026) done in 155 ms  h_edges=1274748
  NeighborhoodSlab: 298 threads × 2304 KB = 670 MB
  Batch 37 [11026,11324) done in 149 ms  h_edges=1281180
  NeighborhoodSlab: 298 threads × 2304 KB = 670 MB
  Batch 38 [11324,11622) done in 140 ms  h_edges=1287007
  NeighborhoodSlab: 298 threads × 2304 KB = 670 MB
  Batch 39 [11622,11920) done in 149 ms  h_edges=1292807
  NeighborhoodSlab: 298 threads × 2304 KB = 670 MB
  Batch 40 [11920,12218) done in 128 ms  h_edges=1298810
  NeighborhoodSlab: 298 threads × 2304 KB = 670 MB
  Batch 41 [12218,12516) done in 199 ms  h_edges=1305159
  NeighborhoodSlab: 298 threads × 2304 KB = 670 MB
  Batch 42 [12516,12814) done in 142 ms  h_edges=1311549
  NeighborhoodSlab: 298 threads × 2304 KB = 670 MB
  Batch 43 [12814,13112) done in 160 ms  h_edges=1317444
  NeighborhoodSlab: 298 threads × 2304 KB = 670 MB
  Batch 44 [13112,13410) done in 155 ms  h_edges=1323109
  NeighborhoodSlab: 298 threads × 2304 KB = 670 MB
  Batch 45 [13410,13708) done in 132 ms  h_edges=1328682
  NeighborhoodSlab: 298 threads × 2304 KB = 670 MB
  Batch 46 [13708,14006) done in 146 ms  h_edges=1334434
  NeighborhoodSlab: 298 threads × 2304 KB = 670 MB
  Batch 47 [14006,14304) done in 149 ms  h_edges=1340125
  NeighborhoodSlab: 298 threads × 2304 KB = 670 MB
  Batch 48 [14304,14602) done in 166 ms  h_edges=1345837
  NeighborhoodSlab: 298 threads × 2304 KB = 670 MB
  Batch 49 [14602,14900) done in 128 ms  h_edges=1351494
  NeighborhoodSlab: 298 threads × 2304 KB = 670 MB
  Batch 50 [14900,15198) done in 152 ms  h_edges=1357404
  NeighborhoodSlab: 298 threads × 2304 KB = 670 MB
  Batch 51 [15198,15496) done in 141 ms  h_edges=1363431
  NeighborhoodSlab: 298 threads × 2304 KB = 670 MB
  Batch 52 [15496,15794) done in 135 ms  h_edges=1369266
  NeighborhoodSlab: 298 threads × 2304 KB = 670 MB
  Batch 53 [15794,16092) done in 145 ms  h_edges=1374751
  NeighborhoodSlab: 298 threads × 2304 KB = 670 MB
  Batch 54 [16092,16390) done in 178 ms  h_edges=1380462
  NeighborhoodSlab: 298 threads × 2304 KB = 670 MB
  Batch 55 [16390,16688) done in 127 ms  h_edges=1385746
  NeighborhoodSlab: 298 threads × 2304 KB = 670 MB
  Batch 56 [16688,16986) done in 129 ms  h_edges=1390857
  NeighborhoodSlab: 298 threads × 2304 KB = 670 MB
  Batch 57 [16986,17284) done in 139 ms  h_edges=1396906
  NeighborhoodSlab: 298 threads × 2304 KB = 670 MB
  Batch 58 [17284,17582) done in 201 ms  h_edges=1402346
  NeighborhoodSlab: 284 threads × 2304 KB = 639 MB
  Batch 59 [17582,17866) done in 184 ms  h_edges=1407530
  DeviceGraph: fwd=1353055 bwd=1353055 edges
  Year 2023 total: 10662 ms  (pop: 315631)

--- Year 2024 (pop: 315631) ---
  Adding 18938 new papers
  DeviceGraph: fwd=1353055 bwd=1353055 edges
  Processing 18938 papers in 60 batches of ~316
  NeighborhoodSlab: 316 threads × 2304 KB = 711 MB
  Batch 0 [0,316) done in 229 ms  h_edges=1414207
  NeighborhoodSlab: 316 threads × 2304 KB = 711 MB
  Batch 1 [316,632) done in 189 ms  h_edges=1420255
  NeighborhoodSlab: 316 threads × 2304 KB = 711 MB
  Batch 2 [632,948) done in 205 ms  h_edges=1426245
  NeighborhoodSlab: 316 threads × 2304 KB = 711 MB
  Batch 3 [948,1264) done in 219 ms  h_edges=1431633
  NeighborhoodSlab: 316 threads × 2304 KB = 711 MB
  Batch 4 [1264,1580) done in 174 ms  h_edges=1437871
  NeighborhoodSlab: 316 threads × 2304 KB = 711 MB
  Batch 5 [1580,1896) done in 241 ms  h_edges=1443797
  NeighborhoodSlab: 316 threads × 2304 KB = 711 MB
  Batch 6 [1896,2212) done in 165 ms  h_edges=1449922
  NeighborhoodSlab: 316 threads × 2304 KB = 711 MB
  Batch 7 [2212,2528) done in 167 ms  h_edges=1455679
  NeighborhoodSlab: 316 threads × 2304 KB = 711 MB
  Batch 8 [2528,2844) done in 198 ms  h_edges=1462125
  NeighborhoodSlab: 316 threads × 2304 KB = 711 MB
  Batch 9 [2844,3160) done in 226 ms  h_edges=1467884
  NeighborhoodSlab: 316 threads × 2304 KB = 711 MB
  Batch 10 [3160,3476) done in 184 ms  h_edges=1474363
  NeighborhoodSlab: 316 threads × 2304 KB = 711 MB
  Batch 11 [3476,3792) done in 215 ms  h_edges=1480467
  NeighborhoodSlab: 316 threads × 2304 KB = 711 MB
  Batch 12 [3792,4108) done in 180 ms  h_edges=1486684
  NeighborhoodSlab: 316 threads × 2304 KB = 711 MB
  Batch 13 [4108,4424) done in 239 ms  h_edges=1493068
  NeighborhoodSlab: 316 threads × 2304 KB = 711 MB
  Batch 14 [4424,4740) done in 200 ms  h_edges=1499190
  NeighborhoodSlab: 316 threads × 2304 KB = 711 MB
  Batch 15 [4740,5056) done in 202 ms  h_edges=1505545
  NeighborhoodSlab: 316 threads × 2304 KB = 711 MB
  Batch 16 [5056,5372) done in 196 ms  h_edges=1511806
  NeighborhoodSlab: 316 threads × 2304 KB = 711 MB
  Batch 17 [5372,5688) done in 190 ms  h_edges=1517440
  NeighborhoodSlab: 316 threads × 2304 KB = 711 MB
  Batch 18 [5688,6004) done in 164 ms  h_edges=1524259
  NeighborhoodSlab: 316 threads × 2304 KB = 711 MB
  Batch 19 [6004,6320) done in 253 ms  h_edges=1530845
  NeighborhoodSlab: 316 threads × 2304 KB = 711 MB
  Batch 20 [6320,6636) done in 178 ms  h_edges=1535974
  NeighborhoodSlab: 316 threads × 2304 KB = 711 MB
  Batch 21 [6636,6952) done in 201 ms  h_edges=1542268
  NeighborhoodSlab: 316 threads × 2304 KB = 711 MB
  Batch 22 [6952,7268) done in 204 ms  h_edges=1548072
  NeighborhoodSlab: 316 threads × 2304 KB = 711 MB
  Batch 23 [7268,7584) done in 221 ms  h_edges=1554010
  NeighborhoodSlab: 316 threads × 2304 KB = 711 MB
  Batch 24 [7584,7900) done in 204 ms  h_edges=1560039
  NeighborhoodSlab: 316 threads × 2304 KB = 711 MB
  Batch 25 [7900,8216) done in 208 ms  h_edges=1566261
  NeighborhoodSlab: 316 threads × 2304 KB = 711 MB
  Batch 26 [8216,8532) done in 155 ms  h_edges=1572742
  NeighborhoodSlab: 316 threads × 2304 KB = 711 MB
  Batch 27 [8532,8848) done in 272 ms  h_edges=1579453
  NeighborhoodSlab: 316 threads × 2304 KB = 711 MB
  Batch 28 [8848,9164) done in 187 ms  h_edges=1585213
  NeighborhoodSlab: 316 threads × 2304 KB = 711 MB
  Batch 29 [9164,9480) done in 200 ms  h_edges=1591374
  NeighborhoodSlab: 316 threads × 2304 KB = 711 MB
  Batch 30 [9480,9796) done in 151 ms  h_edges=1597201
  NeighborhoodSlab: 316 threads × 2304 KB = 711 MB
  Batch 31 [9796,10112) done in 197 ms  h_edges=1603603
  NeighborhoodSlab: 316 threads × 2304 KB = 711 MB
  Batch 32 [10112,10428) done in 184 ms  h_edges=1609207
  NeighborhoodSlab: 316 threads × 2304 KB = 711 MB
  Batch 33 [10428,10744) done in 223 ms  h_edges=1614660
  NeighborhoodSlab: 316 threads × 2304 KB = 711 MB
  Batch 34 [10744,11060) done in 191 ms  h_edges=1620927
  NeighborhoodSlab: 316 threads × 2304 KB = 711 MB
  Batch 35 [11060,11376) done in 181 ms  h_edges=1626866
  NeighborhoodSlab: 316 threads × 2304 KB = 711 MB
  Batch 36 [11376,11692) done in 205 ms  h_edges=1633360
  NeighborhoodSlab: 316 threads × 2304 KB = 711 MB
  Batch 37 [11692,12008) done in 229 ms  h_edges=1639150
  NeighborhoodSlab: 316 threads × 2304 KB = 711 MB
  Batch 38 [12008,12324) done in 213 ms  h_edges=1644511
  NeighborhoodSlab: 316 threads × 2304 KB = 711 MB
  Batch 39 [12324,12640) done in 282 ms  h_edges=1650653
  NeighborhoodSlab: 316 threads × 2304 KB = 711 MB
  Batch 40 [12640,12956) done in 205 ms  h_edges=1656155
  NeighborhoodSlab: 316 threads × 2304 KB = 711 MB
  Batch 41 [12956,13272) done in 208 ms  h_edges=1661949
  NeighborhoodSlab: 316 threads × 2304 KB = 711 MB
  Batch 42 [13272,13588) done in 334 ms  h_edges=1667644
  NeighborhoodSlab: 316 threads × 2304 KB = 711 MB
  Batch 43 [13588,13904) done in 232 ms  h_edges=1673317
  NeighborhoodSlab: 316 threads × 2304 KB = 711 MB
  Batch 44 [13904,14220) done in 201 ms  h_edges=1679948
  NeighborhoodSlab: 316 threads × 2304 KB = 711 MB
  Batch 45 [14220,14536) done in 198 ms  h_edges=1685362
  NeighborhoodSlab: 316 threads × 2304 KB = 711 MB
  Batch 46 [14536,14852) done in 279 ms  h_edges=1691082
  NeighborhoodSlab: 316 threads × 2304 KB = 711 MB
  Batch 47 [14852,15168) done in 278 ms  h_edges=1696594
  NeighborhoodSlab: 316 threads × 2304 KB = 711 MB
  Batch 48 [15168,15484) done in 202 ms  h_edges=1702631
  NeighborhoodSlab: 316 threads × 2304 KB = 711 MB
  Batch 49 [15484,15800) done in 163 ms  h_edges=1709372
  NeighborhoodSlab: 316 threads × 2304 KB = 711 MB
  Batch 50 [15800,16116) done in 194 ms  h_edges=1715096
  NeighborhoodSlab: 316 threads × 2304 KB = 711 MB
  Batch 51 [16116,16432) done in 222 ms  h_edges=1721124
  NeighborhoodSlab: 316 threads × 2304 KB = 711 MB
  Batch 52 [16432,16748) done in 184 ms  h_edges=1727617
  NeighborhoodSlab: 316 threads × 2304 KB = 711 MB
  Batch 53 [16748,17064) done in 218 ms  h_edges=1732978
  NeighborhoodSlab: 316 threads × 2304 KB = 711 MB
  Batch 54 [17064,17380) done in 239 ms  h_edges=1738430
  NeighborhoodSlab: 316 threads × 2304 KB = 711 MB
  Batch 55 [17380,17696) done in 292 ms  h_edges=1745011
  NeighborhoodSlab: 316 threads × 2304 KB = 711 MB
  Batch 56 [17696,18012) done in 196 ms  h_edges=1751062
  NeighborhoodSlab: 316 threads × 2304 KB = 711 MB
  Batch 57 [18012,18328) done in 223 ms  h_edges=1758122
  NeighborhoodSlab: 316 threads × 2304 KB = 711 MB
  Batch 58 [18328,18644) done in 329 ms  h_edges=1764273
  NeighborhoodSlab: 294 threads × 2304 KB = 661 MB
  Batch 59 [18644,18938) done in 157 ms  h_edges=1770042
  DeviceGraph: fwd=1715567 bwd=1715567 edges
  Year 2024 total: 14743 ms  (pop: 334569)

--- Year 2025 (pop: 334569) ---
  Adding 20075 new papers
  DeviceGraph: fwd=1715567 bwd=1715567 edges
  Processing 20075 papers in 60 batches of ~335
  NeighborhoodSlab: 335 threads × 2304 KB = 753 MB
  Batch 0 [0,335) done in 308 ms  h_edges=1777446
  NeighborhoodSlab: 335 threads × 2304 KB = 753 MB
  Batch 1 [335,670) done in 294 ms  h_edges=1783978
  NeighborhoodSlab: 335 threads × 2304 KB = 753 MB
  Batch 2 [670,1005) done in 244 ms  h_edges=1790618
  NeighborhoodSlab: 335 threads × 2304 KB = 753 MB
  Batch 3 [1005,1340) done in 340 ms  h_edges=1796474
  NeighborhoodSlab: 335 threads × 2304 KB = 753 MB
  Batch 4 [1340,1675) done in 368 ms  h_edges=1803147
  NeighborhoodSlab: 335 threads × 2304 KB = 753 MB
  Batch 5 [1675,2010) done in 335 ms  h_edges=1809895
  NeighborhoodSlab: 335 threads × 2304 KB = 753 MB
  Batch 6 [2010,2345) done in 329 ms  h_edges=1816287
  NeighborhoodSlab: 335 threads × 2304 KB = 753 MB
  Batch 7 [2345,2680) done in 263 ms  h_edges=1822926
  NeighborhoodSlab: 335 threads × 2304 KB = 753 MB
  Batch 8 [2680,3015) done in 266 ms  h_edges=1829353
  NeighborhoodSlab: 335 threads × 2304 KB = 753 MB
  Batch 9 [3015,3350) done in 227 ms  h_edges=1835700
  NeighborhoodSlab: 335 threads × 2304 KB = 753 MB
  Batch 10 [3350,3685) done in 264 ms  h_edges=1841895
  NeighborhoodSlab: 335 threads × 2304 KB = 753 MB
  Batch 11 [3685,4020) done in 296 ms  h_edges=1847697
  NeighborhoodSlab: 335 threads × 2304 KB = 753 MB
  Batch 12 [4020,4355) done in 272 ms  h_edges=1853665
  NeighborhoodSlab: 335 threads × 2304 KB = 753 MB
  Batch 13 [4355,4690) done in 347 ms  h_edges=1860232
  NeighborhoodSlab: 335 threads × 2304 KB = 753 MB
  Batch 14 [4690,5025) done in 302 ms  h_edges=1866683
  NeighborhoodSlab: 335 threads × 2304 KB = 753 MB
  Batch 15 [5025,5360) done in 262 ms  h_edges=1872812
  NeighborhoodSlab: 335 threads × 2304 KB = 753 MB
  Batch 16 [5360,5695) done in 298 ms  h_edges=1878888
  NeighborhoodSlab: 335 threads × 2304 KB = 753 MB
  Batch 17 [5695,6030) done in 252 ms  h_edges=1885233
  NeighborhoodSlab: 335 threads × 2304 KB = 753 MB
  Batch 18 [6030,6365) done in 276 ms  h_edges=1891125
  NeighborhoodSlab: 335 threads × 2304 KB = 753 MB
  Batch 19 [6365,6700) done in 240 ms  h_edges=1897000
  NeighborhoodSlab: 335 threads × 2304 KB = 753 MB
  Batch 20 [6700,7035) done in 242 ms  h_edges=1904167
  NeighborhoodSlab: 335 threads × 2304 KB = 753 MB
  Batch 21 [7035,7370) done in 275 ms  h_edges=1911623
  NeighborhoodSlab: 335 threads × 2304 KB = 753 MB
  Batch 22 [7370,7705) done in 342 ms  h_edges=1917557
  NeighborhoodSlab: 335 threads × 2304 KB = 753 MB
  Batch 23 [7705,8040) done in 272 ms  h_edges=1924567
  NeighborhoodSlab: 335 threads × 2304 KB = 753 MB
  Batch 24 [8040,8375) done in 325 ms  h_edges=1931025
  NeighborhoodSlab: 335 threads × 2304 KB = 753 MB
  Batch 25 [8375,8710) done in 290 ms  h_edges=1936867
  NeighborhoodSlab: 335 threads × 2304 KB = 753 MB
  Batch 26 [8710,9045) done in 309 ms  h_edges=1943642
  NeighborhoodSlab: 335 threads × 2304 KB = 753 MB
  Batch 27 [9045,9380) done in 240 ms  h_edges=1950546
  NeighborhoodSlab: 335 threads × 2304 KB = 753 MB
  Batch 28 [9380,9715) done in 229 ms  h_edges=1957672
  NeighborhoodSlab: 335 threads × 2304 KB = 753 MB
  Batch 29 [9715,10050) done in 243 ms  h_edges=1964244
  NeighborhoodSlab: 335 threads × 2304 KB = 753 MB
  Batch 30 [10050,10385) done in 265 ms  h_edges=1970961
  NeighborhoodSlab: 335 threads × 2304 KB = 753 MB
  Batch 31 [10385,10720) done in 266 ms  h_edges=1977266
  NeighborhoodSlab: 335 threads × 2304 KB = 753 MB
  Batch 32 [10720,11055) done in 306 ms  h_edges=1983329
  NeighborhoodSlab: 335 threads × 2304 KB = 753 MB
  Batch 33 [11055,11390) done in 245 ms  h_edges=1990022
  NeighborhoodSlab: 335 threads × 2304 KB = 753 MB
  Batch 34 [11390,11725) done in 291 ms  h_edges=1996251
  NeighborhoodSlab: 335 threads × 2304 KB = 753 MB
  Batch 35 [11725,12060) done in 321 ms  h_edges=2002312
  NeighborhoodSlab: 335 threads × 2304 KB = 753 MB
  Batch 36 [12060,12395) done in 298 ms  h_edges=2008493
  NeighborhoodSlab: 335 threads × 2304 KB = 753 MB
  Batch 37 [12395,12730) done in 236 ms  h_edges=2014984
  NeighborhoodSlab: 335 threads × 2304 KB = 753 MB
  Batch 38 [12730,13065) done in 329 ms  h_edges=2021651
  NeighborhoodSlab: 335 threads × 2304 KB = 753 MB
  Batch 39 [13065,13400) done in 269 ms  h_edges=2028286
  NeighborhoodSlab: 335 threads × 2304 KB = 753 MB
  Batch 40 [13400,13735) done in 234 ms  h_edges=2035187
  NeighborhoodSlab: 335 threads × 2304 KB = 753 MB
  Batch 41 [13735,14070) done in 272 ms  h_edges=2041363
  NeighborhoodSlab: 335 threads × 2304 KB = 753 MB
  Batch 42 [14070,14405) done in 381 ms  h_edges=2048046
  NeighborhoodSlab: 335 threads × 2304 KB = 753 MB
  Batch 43 [14405,14740) done in 274 ms  h_edges=2054242
  NeighborhoodSlab: 335 threads × 2304 KB = 753 MB
  Batch 44 [14740,15075) done in 275 ms  h_edges=2060436
  NeighborhoodSlab: 335 threads × 2304 KB = 753 MB
  Batch 45 [15075,15410) done in 272 ms  h_edges=2067439
  NeighborhoodSlab: 335 threads × 2304 KB = 753 MB
  Batch 46 [15410,15745) done in 328 ms  h_edges=2074027
  NeighborhoodSlab: 335 threads × 2304 KB = 753 MB
  Batch 47 [15745,16080) done in 331 ms  h_edges=2080207
  NeighborhoodSlab: 335 threads × 2304 KB = 753 MB
  Batch 48 [16080,16415) done in 263 ms  h_edges=2086050
  NeighborhoodSlab: 335 threads × 2304 KB = 753 MB
  Batch 49 [16415,16750) done in 384 ms  h_edges=2092700
  NeighborhoodSlab: 335 threads × 2304 KB = 753 MB
  Batch 50 [16750,17085) done in 288 ms  h_edges=2098816
  NeighborhoodSlab: 335 threads × 2304 KB = 753 MB
  Batch 51 [17085,17420) done in 256 ms  h_edges=2105307
  NeighborhoodSlab: 335 threads × 2304 KB = 753 MB
  Batch 52 [17420,17755) done in 260 ms  h_edges=2111567
  NeighborhoodSlab: 335 threads × 2304 KB = 753 MB
  Batch 53 [17755,18090) done in 317 ms  h_edges=2118037
  NeighborhoodSlab: 335 threads × 2304 KB = 753 MB
  Batch 54 [18090,18425) done in 241 ms  h_edges=2124429
  NeighborhoodSlab: 335 threads × 2304 KB = 753 MB
  Batch 55 [18425,18760) done in 294 ms  h_edges=2130690
  NeighborhoodSlab: 335 threads × 2304 KB = 753 MB
  Batch 56 [18760,19095) done in 294 ms  h_edges=2137059
  NeighborhoodSlab: 335 threads × 2304 KB = 753 MB
  Batch 57 [19095,19430) done in 378 ms  h_edges=2143296
  NeighborhoodSlab: 335 threads × 2304 KB = 753 MB
  Batch 58 [19430,19765) done in 299 ms  h_edges=2150180
  NeighborhoodSlab: 310 threads × 2304 KB = 697 MB
  Batch 59 [19765,20075) done in 303 ms  h_edges=2156415
  DeviceGraph: fwd=2101940 bwd=2101940 edges
  Year 2025 total: 19944 ms  (pop: 354644)

--- Year 2026 (pop: 354644) ---
  Adding 21279 new papers
  DeviceGraph: fwd=2101940 bwd=2101940 edges
  Processing 21279 papers in 60 batches of ~355
  NeighborhoodSlab: 355 threads × 2304 KB = 798 MB
  Batch 0 [0,355) done in 332 ms  h_edges=2163573
  NeighborhoodSlab: 355 threads × 2304 KB = 798 MB
  Batch 1 [355,710) done in 293 ms  h_edges=2169777
  NeighborhoodSlab: 355 threads × 2304 KB = 798 MB
  Batch 2 [710,1065) done in 408 ms  h_edges=2176571
  NeighborhoodSlab: 355 threads × 2304 KB = 798 MB
  Batch 3 [1065,1420) done in 321 ms  h_edges=2183696
  NeighborhoodSlab: 355 threads × 2304 KB = 798 MB
  Batch 4 [1420,1775) done in 313 ms  h_edges=2191812
  NeighborhoodSlab: 355 threads × 2304 KB = 798 MB
  Batch 5 [1775,2130) done in 312 ms  h_edges=2198733
  NeighborhoodSlab: 355 threads × 2304 KB = 798 MB
  Batch 6 [2130,2485) done in 357 ms  h_edges=2206255
  NeighborhoodSlab: 355 threads × 2304 KB = 798 MB
  Batch 7 [2485,2840) done in 359 ms  h_edges=2212371
  NeighborhoodSlab: 355 threads × 2304 KB = 798 MB
  Batch 8 [2840,3195) done in 367 ms  h_edges=2219363
  NeighborhoodSlab: 355 threads × 2304 KB = 798 MB
  Batch 9 [3195,3550) done in 362 ms  h_edges=2225046
  NeighborhoodSlab: 355 threads × 2304 KB = 798 MB
  Batch 10 [3550,3905) done in 376 ms  h_edges=2231536
  NeighborhoodSlab: 355 threads × 2304 KB = 798 MB
  Batch 11 [3905,4260) done in 392 ms  h_edges=2238140
  NeighborhoodSlab: 355 threads × 2304 KB = 798 MB
  Batch 12 [4260,4615) done in 366 ms  h_edges=2244404
  NeighborhoodSlab: 355 threads × 2304 KB = 798 MB
  Batch 13 [4615,4970) done in 328 ms  h_edges=2251126
  NeighborhoodSlab: 355 threads × 2304 KB = 798 MB
  Batch 14 [4970,5325) done in 468 ms  h_edges=2258066
  NeighborhoodSlab: 355 threads × 2304 KB = 798 MB
  Batch 15 [5325,5680) done in 389 ms  h_edges=2264743
  NeighborhoodSlab: 355 threads × 2304 KB = 798 MB
  Batch 16 [5680,6035) done in 334 ms  h_edges=2270800
  NeighborhoodSlab: 355 threads × 2304 KB = 798 MB
  Batch 17 [6035,6390) done in 372 ms  h_edges=2277778
  NeighborhoodSlab: 355 threads × 2304 KB = 798 MB
  Batch 18 [6390,6745) done in 343 ms  h_edges=2284177
  NeighborhoodSlab: 355 threads × 2304 KB = 798 MB
  Batch 19 [6745,7100) done in 429 ms  h_edges=2291937
  NeighborhoodSlab: 355 threads × 2304 KB = 798 MB
  Batch 20 [7100,7455) done in 339 ms  h_edges=2298869
  NeighborhoodSlab: 355 threads × 2304 KB = 798 MB
  Batch 21 [7455,7810) done in 402 ms  h_edges=2305923
  NeighborhoodSlab: 355 threads × 2304 KB = 798 MB
  Batch 22 [7810,8165) done in 363 ms  h_edges=2312121
  NeighborhoodSlab: 355 threads × 2304 KB = 798 MB
  Batch 23 [8165,8520) done in 359 ms  h_edges=2318957
  NeighborhoodSlab: 355 threads × 2304 KB = 798 MB
  Batch 24 [8520,8875) done in 363 ms  h_edges=2325140
  NeighborhoodSlab: 355 threads × 2304 KB = 798 MB
  Batch 25 [8875,9230) done in 406 ms  h_edges=2332912
  NeighborhoodSlab: 355 threads × 2304 KB = 798 MB
  Batch 26 [9230,9585) done in 326 ms  h_edges=2339818
  NeighborhoodSlab: 355 threads × 2304 KB = 798 MB
  Batch 27 [9585,9940) done in 364 ms  h_edges=2347071
  NeighborhoodSlab: 355 threads × 2304 KB = 798 MB
  Batch 28 [9940,10295) done in 338 ms  h_edges=2354581
  NeighborhoodSlab: 355 threads × 2304 KB = 798 MB
  Batch 29 [10295,10650) done in 358 ms  h_edges=2360962
  NeighborhoodSlab: 355 threads × 2304 KB = 798 MB
  Batch 30 [10650,11005) done in 526 ms  h_edges=2367874
  NeighborhoodSlab: 355 threads × 2304 KB = 798 MB
  Batch 31 [11005,11360) done in 338 ms  h_edges=2374649
  NeighborhoodSlab: 355 threads × 2304 KB = 798 MB
  Batch 32 [11360,11715) done in 319 ms  h_edges=2380867
  NeighborhoodSlab: 355 threads × 2304 KB = 798 MB
  Batch 33 [11715,12070) done in 335 ms  h_edges=2386731
  NeighborhoodSlab: 355 threads × 2304 KB = 798 MB
  Batch 34 [12070,12425) done in 366 ms  h_edges=2393557
  NeighborhoodSlab: 355 threads × 2304 KB = 798 MB
  Batch 35 [12425,12780) done in 410 ms  h_edges=2401312
  NeighborhoodSlab: 355 threads × 2304 KB = 798 MB
  Batch 36 [12780,13135) done in 509 ms  h_edges=2407502
  NeighborhoodSlab: 355 threads × 2304 KB = 798 MB
  Batch 37 [13135,13490) done in 343 ms  h_edges=2415092
  NeighborhoodSlab: 355 threads × 2304 KB = 798 MB
  Batch 38 [13490,13845) done in 325 ms  h_edges=2422334
  NeighborhoodSlab: 355 threads × 2304 KB = 798 MB
  Batch 39 [13845,14200) done in 453 ms  h_edges=2428534
  NeighborhoodSlab: 355 threads × 2304 KB = 798 MB
  Batch 40 [14200,14555) done in 358 ms  h_edges=2435132
  NeighborhoodSlab: 355 threads × 2304 KB = 798 MB
  Batch 41 [14555,14910) done in 369 ms  h_edges=2441649
  NeighborhoodSlab: 355 threads × 2304 KB = 798 MB
  Batch 42 [14910,15265) done in 334 ms  h_edges=2448081
  NeighborhoodSlab: 355 threads × 2304 KB = 798 MB
  Batch 43 [15265,15620) done in 354 ms  h_edges=2454825
  NeighborhoodSlab: 355 threads × 2304 KB = 798 MB
  Batch 44 [15620,15975) done in 344 ms  h_edges=2461615
  NeighborhoodSlab: 355 threads × 2304 KB = 798 MB
  Batch 45 [15975,16330) done in 445 ms  h_edges=2468762
  NeighborhoodSlab: 355 threads × 2304 KB = 798 MB
  Batch 46 [16330,16685) done in 352 ms  h_edges=2475444
  NeighborhoodSlab: 355 threads × 2304 KB = 798 MB
  Batch 47 [16685,17040) done in 336 ms  h_edges=2482309
  NeighborhoodSlab: 355 threads × 2304 KB = 798 MB
  Batch 48 [17040,17395) done in 375 ms  h_edges=2489176
  NeighborhoodSlab: 355 threads × 2304 KB = 798 MB
  Batch 49 [17395,17750) done in 395 ms  h_edges=2495994
  NeighborhoodSlab: 355 threads × 2304 KB = 798 MB
  Batch 50 [17750,18105) done in 310 ms  h_edges=2503067
  NeighborhoodSlab: 355 threads × 2304 KB = 798 MB
  Batch 51 [18105,18460) done in 335 ms  h_edges=2510565
  NeighborhoodSlab: 355 threads × 2304 KB = 798 MB
  Batch 52 [18460,18815) done in 314 ms  h_edges=2516793
  NeighborhoodSlab: 355 threads × 2304 KB = 798 MB
  Batch 53 [18815,19170) done in 414 ms  h_edges=2523465
  NeighborhoodSlab: 355 threads × 2304 KB = 798 MB
  Batch 54 [19170,19525) done in 410 ms  h_edges=2530272
  NeighborhoodSlab: 355 threads × 2304 KB = 798 MB
  Batch 55 [19525,19880) done in 333 ms  h_edges=2536860
  NeighborhoodSlab: 355 threads × 2304 KB = 798 MB
  Batch 56 [19880,20235) done in 399 ms  h_edges=2544169
  NeighborhoodSlab: 355 threads × 2304 KB = 798 MB
  Batch 57 [20235,20590) done in 351 ms  h_edges=2551312
  NeighborhoodSlab: 355 threads × 2304 KB = 798 MB
  Batch 58 [20590,20945) done in 528 ms  h_edges=2558636
  NeighborhoodSlab: 334 threads × 2304 KB = 751 MB
  Batch 59 [20945,21279) done in 332 ms  h_edges=2565234
  DeviceGraph: fwd=2510759 bwd=2510759 edges
  Year 2026 total: 25417 ms  (pop: 375923)

--- Year 2027 (pop: 375923) ---
  Adding 22556 new papers
  DeviceGraph: fwd=2510759 bwd=2510759 edges
  Processing 22556 papers in 60 batches of ~376
  NeighborhoodSlab: 376 threads × 2304 KB = 846 MB
  Batch 0 [0,376) done in 496 ms  h_edges=2572889
  NeighborhoodSlab: 376 threads × 2304 KB = 846 MB
  Batch 1 [376,752) done in 533 ms  h_edges=2580301
  NeighborhoodSlab: 376 threads × 2304 KB = 846 MB
  Batch 2 [752,1128) done in 426 ms  h_edges=2587136
  NeighborhoodSlab: 376 threads × 2304 KB = 846 MB
  Batch 3 [1128,1504) done in 601 ms  h_edges=2594082
  NeighborhoodSlab: 376 threads × 2304 KB = 846 MB
  Batch 4 [1504,1880) done in 518 ms  h_edges=2601033
  NeighborhoodSlab: 376 threads × 2304 KB = 846 MB
  Batch 5 [1880,2256) done in 459 ms  h_edges=2608418
  NeighborhoodSlab: 376 threads × 2304 KB = 846 MB
  Batch 6 [2256,2632) done in 496 ms  h_edges=2615593
  NeighborhoodSlab: 376 threads × 2304 KB = 846 MB
  Batch 7 [2632,3008) done in 529 ms  h_edges=2622475
  NeighborhoodSlab: 376 threads × 2304 KB = 846 MB
  Batch 8 [3008,3384) done in 516 ms  h_edges=2629613
  NeighborhoodSlab: 376 threads × 2304 KB = 846 MB
  Batch 9 [3384,3760) done in 504 ms  h_edges=2636743
  NeighborhoodSlab: 376 threads × 2304 KB = 846 MB
  Batch 10 [3760,4136) done in 473 ms  h_edges=2644865
  NeighborhoodSlab: 376 threads × 2304 KB = 846 MB
  Batch 11 [4136,4512) done in 427 ms  h_edges=2651914
  NeighborhoodSlab: 376 threads × 2304 KB = 846 MB
  Batch 12 [4512,4888) done in 412 ms  h_edges=2659322
  NeighborhoodSlab: 376 threads × 2304 KB = 846 MB
  Batch 13 [4888,5264) done in 507 ms  h_edges=2666669
  NeighborhoodSlab: 376 threads × 2304 KB = 846 MB
  Batch 14 [5264,5640) done in 503 ms  h_edges=2674422
  NeighborhoodSlab: 376 threads × 2304 KB = 846 MB
  Batch 15 [5640,6016) done in 491 ms  h_edges=2682009
  NeighborhoodSlab: 376 threads × 2304 KB = 846 MB
  Batch 16 [6016,6392) done in 448 ms  h_edges=2688891
  NeighborhoodSlab: 376 threads × 2304 KB = 846 MB
  Batch 17 [6392,6768) done in 519 ms  h_edges=2696836
  NeighborhoodSlab: 376 threads × 2304 KB = 846 MB
  Batch 18 [6768,7144) done in 528 ms  h_edges=2704074
  NeighborhoodSlab: 376 threads × 2304 KB = 846 MB
  Batch 19 [7144,7520) done in 495 ms  h_edges=2710904
  NeighborhoodSlab: 376 threads × 2304 KB = 846 MB
  Batch 20 [7520,7896) done in 554 ms  h_edges=2717847
  NeighborhoodSlab: 376 threads × 2304 KB = 846 MB
  Batch 21 [7896,8272) done in 435 ms  h_edges=2725474
  NeighborhoodSlab: 376 threads × 2304 KB = 846 MB
  Batch 22 [8272,8648) done in 483 ms  h_edges=2732580
  NeighborhoodSlab: 376 threads × 2304 KB = 846 MB
  Batch 23 [8648,9024) done in 501 ms  h_edges=2739533
  NeighborhoodSlab: 376 threads × 2304 KB = 846 MB
  Batch 24 [9024,9400) done in 580 ms  h_edges=2747092
  NeighborhoodSlab: 376 threads × 2304 KB = 846 MB
  Batch 25 [9400,9776) done in 399 ms  h_edges=2755882
  NeighborhoodSlab: 376 threads × 2304 KB = 846 MB
  Batch 26 [9776,10152) done in 426 ms  h_edges=2763616
  NeighborhoodSlab: 376 threads × 2304 KB = 846 MB
  Batch 27 [10152,10528) done in 544 ms  h_edges=2771159
  NeighborhoodSlab: 376 threads × 2304 KB = 846 MB
  Batch 28 [10528,10904) done in 437 ms  h_edges=2779701
  NeighborhoodSlab: 376 threads × 2304 KB = 846 MB
  Batch 29 [10904,11280) done in 482 ms  h_edges=2787383
  NeighborhoodSlab: 376 threads × 2304 KB = 846 MB
  Batch 30 [11280,11656) done in 483 ms  h_edges=2795618
  NeighborhoodSlab: 376 threads × 2304 KB = 846 MB
  Batch 31 [11656,12032) done in 505 ms  h_edges=2802900
  NeighborhoodSlab: 376 threads × 2304 KB = 846 MB
  Batch 32 [12032,12408) done in 448 ms  h_edges=2809441
  NeighborhoodSlab: 376 threads × 2304 KB = 846 MB
  Batch 33 [12408,12784) done in 453 ms  h_edges=2816444
  NeighborhoodSlab: 376 threads × 2304 KB = 846 MB
  Batch 34 [12784,13160) done in 459 ms  h_edges=2823427
  NeighborhoodSlab: 376 threads × 2304 KB = 846 MB
  Batch 35 [13160,13536) done in 564 ms  h_edges=2830782
  NeighborhoodSlab: 376 threads × 2304 KB = 846 MB
  Batch 36 [13536,13912) done in 431 ms  h_edges=2838638
  NeighborhoodSlab: 376 threads × 2304 KB = 846 MB
  Batch 37 [13912,14288) done in 453 ms  h_edges=2845840
  NeighborhoodSlab: 376 threads × 2304 KB = 846 MB
  Batch 38 [14288,14664) done in 397 ms  h_edges=2853551
  NeighborhoodSlab: 376 threads × 2304 KB = 846 MB
  Batch 39 [14664,15040) done in 493 ms  h_edges=2860082
  NeighborhoodSlab: 376 threads × 2304 KB = 846 MB
  Batch 40 [15040,15416) done in 414 ms  h_edges=2867738
  NeighborhoodSlab: 376 threads × 2304 KB = 846 MB
  Batch 41 [15416,15792) done in 479 ms  h_edges=2874542
  NeighborhoodSlab: 376 threads × 2304 KB = 846 MB
  Batch 42 [15792,16168) done in 423 ms  h_edges=2882478
  NeighborhoodSlab: 376 threads × 2304 KB = 846 MB
  Batch 43 [16168,16544) done in 435 ms  h_edges=2890856
  NeighborhoodSlab: 376 threads × 2304 KB = 846 MB
  Batch 44 [16544,16920) done in 534 ms  h_edges=2897501
  NeighborhoodSlab: 376 threads × 2304 KB = 846 MB
  Batch 45 [16920,17296) done in 476 ms  h_edges=2904533
  NeighborhoodSlab: 376 threads × 2304 KB = 846 MB
  Batch 46 [17296,17672) done in 551 ms  h_edges=2911848
  NeighborhoodSlab: 376 threads × 2304 KB = 846 MB
  Batch 47 [17672,18048) done in 436 ms  h_edges=2918702
  NeighborhoodSlab: 376 threads × 2304 KB = 846 MB
  Batch 48 [18048,18424) done in 673 ms  h_edges=2925977
  NeighborhoodSlab: 376 threads × 2304 KB = 846 MB
  Batch 49 [18424,18800) done in 532 ms  h_edges=2933959
  NeighborhoodSlab: 376 threads × 2304 KB = 846 MB
  Batch 50 [18800,19176) done in 403 ms  h_edges=2940949
  NeighborhoodSlab: 376 threads × 2304 KB = 846 MB
  Batch 51 [19176,19552) done in 440 ms  h_edges=2948214
  NeighborhoodSlab: 376 threads × 2304 KB = 846 MB
  Batch 52 [19552,19928) done in 555 ms  h_edges=2955879
  NeighborhoodSlab: 376 threads × 2304 KB = 846 MB
  Batch 53 [19928,20304) done in 470 ms  h_edges=2963499
  NeighborhoodSlab: 376 threads × 2304 KB = 846 MB
  Batch 54 [20304,20680) done in 462 ms  h_edges=2971058
  NeighborhoodSlab: 376 threads × 2304 KB = 846 MB
  Batch 55 [20680,21056) done in 490 ms  h_edges=2978446
  NeighborhoodSlab: 376 threads × 2304 KB = 846 MB
  Batch 56 [21056,21432) done in 483 ms  h_edges=2986255
  NeighborhoodSlab: 376 threads × 2304 KB = 846 MB
  Batch 57 [21432,21808) done in 434 ms  h_edges=2993653
  NeighborhoodSlab: 376 threads × 2304 KB = 846 MB
  Batch 58 [21808,22184) done in 497 ms  h_edges=3000722
  NeighborhoodSlab: 372 threads × 2304 KB = 837 MB
  Batch 59 [22184,22556) done in 460 ms  h_edges=3008448
  DeviceGraph: fwd=2953973 bwd=2953973 edges
  Year 2027 total: 32972 ms  (pop: 398479)

--- Year 2028 (pop: 398479) ---
  Adding 23909 new papers
  DeviceGraph: fwd=2953973 bwd=2953973 edges
  Processing 23909 papers in 60 batches of ~399
  NeighborhoodSlab: 399 threads × 2304 KB = 897 MB
  Batch 0 [0,399) done in 548 ms  h_edges=3015860
  NeighborhoodSlab: 399 threads × 2304 KB = 897 MB
  Batch 1 [399,798) done in 537 ms  h_edges=3023629
  NeighborhoodSlab: 399 threads × 2304 KB = 897 MB
  Batch 2 [798,1197) done in 633 ms  h_edges=3031270
  NeighborhoodSlab: 399 threads × 2304 KB = 897 MB
  Batch 3 [1197,1596) done in 622 ms  h_edges=3038619
  NeighborhoodSlab: 399 threads × 2304 KB = 897 MB
  Batch 4 [1596,1995) done in 565 ms  h_edges=3046233
  NeighborhoodSlab: 399 threads × 2304 KB = 897 MB
  Batch 5 [1995,2394) done in 620 ms  h_edges=3053968
  NeighborhoodSlab: 399 threads × 2304 KB = 897 MB
  Batch 6 [2394,2793) done in 547 ms  h_edges=3061518
  NeighborhoodSlab: 399 threads × 2304 KB = 897 MB
  Batch 7 [2793,3192) done in 584 ms  h_edges=3069225
  NeighborhoodSlab: 399 threads × 2304 KB = 897 MB
  Batch 8 [3192,3591) done in 583 ms  h_edges=3077180
  NeighborhoodSlab: 399 threads × 2304 KB = 897 MB
  Batch 9 [3591,3990) done in 581 ms  h_edges=3084961
  NeighborhoodSlab: 399 threads × 2304 KB = 897 MB
  Batch 10 [3990,4389) done in 490 ms  h_edges=3093827
  NeighborhoodSlab: 399 threads × 2304 KB = 897 MB
  Batch 11 [4389,4788) done in 591 ms  h_edges=3101974
  NeighborhoodSlab: 399 threads × 2304 KB = 897 MB
  Batch 12 [4788,5187) done in 527 ms  h_edges=3109517
  NeighborhoodSlab: 399 threads × 2304 KB = 897 MB
  Batch 13 [5187,5586) done in 774 ms  h_edges=3118013
  NeighborhoodSlab: 399 threads × 2304 KB = 897 MB
  Batch 14 [5586,5985) done in 565 ms  h_edges=3125724
  NeighborhoodSlab: 399 threads × 2304 KB = 897 MB
  Batch 15 [5985,6384) done in 573 ms  h_edges=3133182
  NeighborhoodSlab: 399 threads × 2304 KB = 897 MB
  Batch 16 [6384,6783) done in 583 ms  h_edges=3141247
  NeighborhoodSlab: 399 threads × 2304 KB = 897 MB
  Batch 17 [6783,7182) done in 587 ms  h_edges=3148882
  NeighborhoodSlab: 399 threads × 2304 KB = 897 MB
  Batch 18 [7182,7581) done in 571 ms  h_edges=3156903
  NeighborhoodSlab: 399 threads × 2304 KB = 897 MB
  Batch 19 [7581,7980) done in 746 ms  h_edges=3164426
  NeighborhoodSlab: 399 threads × 2304 KB = 897 MB
  Batch 20 [7980,8379) done in 553 ms  h_edges=3172343
  NeighborhoodSlab: 399 threads × 2304 KB = 897 MB
  Batch 21 [8379,8778) done in 585 ms  h_edges=3179701
  NeighborhoodSlab: 399 threads × 2304 KB = 897 MB
  Batch 22 [8778,9177) done in 588 ms  h_edges=3187452
  NeighborhoodSlab: 399 threads × 2304 KB = 897 MB
  Batch 23 [9177,9576) done in 591 ms  h_edges=3195263
  NeighborhoodSlab: 399 threads × 2304 KB = 897 MB
  Batch 24 [9576,9975) done in 680 ms  h_edges=3202089
  NeighborhoodSlab: 399 threads × 2304 KB = 897 MB
  Batch 25 [9975,10374) done in 566 ms  h_edges=3209969
  NeighborhoodSlab: 399 threads × 2304 KB = 897 MB
  Batch 26 [10374,10773) done in 616 ms  h_edges=3217445
  NeighborhoodSlab: 399 threads × 2304 KB = 897 MB
  Batch 27 [10773,11172) done in 558 ms  h_edges=3225414
  NeighborhoodSlab: 399 threads × 2304 KB = 897 MB
  Batch 28 [11172,11571) done in 492 ms  h_edges=3233078
  NeighborhoodSlab: 399 threads × 2304 KB = 897 MB
  Batch 29 [11571,11970) done in 551 ms  h_edges=3240216
  NeighborhoodSlab: 399 threads × 2304 KB = 897 MB
  Batch 30 [11970,12369) done in 553 ms  h_edges=3248062
  NeighborhoodSlab: 399 threads × 2304 KB = 897 MB
  Batch 31 [12369,12768) done in 502 ms  h_edges=3256225
  NeighborhoodSlab: 399 threads × 2304 KB = 897 MB
  Batch 32 [12768,13167) done in 476 ms  h_edges=3264851
  NeighborhoodSlab: 399 threads × 2304 KB = 897 MB
  Batch 33 [13167,13566) done in 605 ms  h_edges=3273241
  NeighborhoodSlab: 399 threads × 2304 KB = 897 MB
  Batch 34 [13566,13965) done in 503 ms  h_edges=3282325
  NeighborhoodSlab: 399 threads × 2304 KB = 897 MB
  Batch 35 [13965,14364) done in 540 ms  h_edges=3290714
  NeighborhoodSlab: 399 threads × 2304 KB = 897 MB
  Batch 36 [14364,14763) done in 628 ms  h_edges=3297934
  NeighborhoodSlab: 399 threads × 2304 KB = 897 MB
  Batch 37 [14763,15162) done in 521 ms  h_edges=3306426
  NeighborhoodSlab: 399 threads × 2304 KB = 897 MB
  Batch 38 [15162,15561) done in 622 ms  h_edges=3313942
  NeighborhoodSlab: 399 threads × 2304 KB = 897 MB
  Batch 39 [15561,15960) done in 542 ms  h_edges=3322325
  NeighborhoodSlab: 399 threads × 2304 KB = 897 MB
  Batch 40 [15960,16359) done in 571 ms  h_edges=3329909
  NeighborhoodSlab: 399 threads × 2304 KB = 897 MB
  Batch 41 [16359,16758) done in 659 ms  h_edges=3338220
  NeighborhoodSlab: 399 threads × 2304 KB = 897 MB
  Batch 42 [16758,17157) done in 594 ms  h_edges=3345800
  NeighborhoodSlab: 399 threads × 2304 KB = 897 MB
  Batch 43 [17157,17556) done in 664 ms  h_edges=3353267
  NeighborhoodSlab: 399 threads × 2304 KB = 897 MB
  Batch 44 [17556,17955) done in 555 ms  h_edges=3360541
  NeighborhoodSlab: 399 threads × 2304 KB = 897 MB
  Batch 45 [17955,18354) done in 522 ms  h_edges=3367845
  NeighborhoodSlab: 399 threads × 2304 KB = 897 MB
  Batch 46 [18354,18753) done in 737 ms  h_edges=3374867
  NeighborhoodSlab: 399 threads × 2304 KB = 897 MB
  Batch 47 [18753,19152) done in 519 ms  h_edges=3382785
  NeighborhoodSlab: 399 threads × 2304 KB = 897 MB
  Batch 48 [19152,19551) done in 625 ms  h_edges=3390732
  NeighborhoodSlab: 399 threads × 2304 KB = 897 MB
  Batch 49 [19551,19950) done in 591 ms  h_edges=3398612
  NeighborhoodSlab: 399 threads × 2304 KB = 897 MB
  Batch 50 [19950,20349) done in 620 ms  h_edges=3407602
  NeighborhoodSlab: 399 threads × 2304 KB = 897 MB
  Batch 51 [20349,20748) done in 564 ms  h_edges=3414348
  NeighborhoodSlab: 399 threads × 2304 KB = 897 MB
  Batch 52 [20748,21147) done in 646 ms  h_edges=3422481
  NeighborhoodSlab: 399 threads × 2304 KB = 897 MB
  Batch 53 [21147,21546) done in 538 ms  h_edges=3430476
  NeighborhoodSlab: 399 threads × 2304 KB = 897 MB
  Batch 54 [21546,21945) done in 528 ms  h_edges=3437597
  NeighborhoodSlab: 399 threads × 2304 KB = 897 MB
  Batch 55 [21945,22344) done in 621 ms  h_edges=3446122
  NeighborhoodSlab: 399 threads × 2304 KB = 897 MB
  Batch 56 [22344,22743) done in 485 ms  h_edges=3453938
  NeighborhoodSlab: 399 threads × 2304 KB = 897 MB
  Batch 57 [22743,23142) done in 595 ms  h_edges=3461676
  NeighborhoodSlab: 399 threads × 2304 KB = 897 MB
  Batch 58 [23142,23541) done in 592 ms  h_edges=3469721
  NeighborhoodSlab: 368 threads × 2304 KB = 828 MB
  Batch 59 [23541,23909) done in 552 ms  h_edges=3476625
  DeviceGraph: fwd=3422150 bwd=3422150 edges
  Year 2028 total: 39603 ms  (pop: 422388)

--- Year 2029 (pop: 422388) ---
  Adding 25344 new papers
  DeviceGraph: fwd=3422150 bwd=3422150 edges
  Processing 25344 papers in 60 batches of ~423
  NeighborhoodSlab: 423 threads × 2304 KB = 951 MB
  Batch 0 [0,423) done in 572 ms  h_edges=3484696
  NeighborhoodSlab: 423 threads × 2304 KB = 951 MB
  Batch 1 [423,846) done in 678 ms  h_edges=3492759
  NeighborhoodSlab: 423 threads × 2304 KB = 951 MB
  Batch 2 [846,1269) done in 607 ms  h_edges=3500162
  NeighborhoodSlab: 423 threads × 2304 KB = 951 MB
  Batch 3 [1269,1692) done in 635 ms  h_edges=3508959
  NeighborhoodSlab: 423 threads × 2304 KB = 951 MB
  Batch 4 [1692,2115) done in 675 ms  h_edges=3518240
  NeighborhoodSlab: 423 threads × 2304 KB = 951 MB
  Batch 5 [2115,2538) done in 617 ms  h_edges=3527308
  NeighborhoodSlab: 423 threads × 2304 KB = 951 MB
  Batch 6 [2538,2961) done in 706 ms  h_edges=3536783
  NeighborhoodSlab: 423 threads × 2304 KB = 951 MB
  Batch 7 [2961,3384) done in 786 ms  h_edges=3544271
  NeighborhoodSlab: 423 threads × 2304 KB = 951 MB
  Batch 8 [3384,3807) done in 806 ms  h_edges=3552265
  NeighborhoodSlab: 423 threads × 2304 KB = 951 MB
  Batch 9 [3807,4230) done in 635 ms  h_edges=3559333
  NeighborhoodSlab: 423 threads × 2304 KB = 951 MB
  Batch 10 [4230,4653) done in 699 ms  h_edges=3567432
  NeighborhoodSlab: 423 threads × 2304 KB = 951 MB
  Batch 11 [4653,5076) done in 691 ms  h_edges=3575754
  NeighborhoodSlab: 423 threads × 2304 KB = 951 MB
  Batch 12 [5076,5499) done in 686 ms  h_edges=3584294
  NeighborhoodSlab: 423 threads × 2304 KB = 951 MB
  Batch 13 [5499,5922) done in 652 ms  h_edges=3591791
  NeighborhoodSlab: 423 threads × 2304 KB = 951 MB
  Batch 14 [5922,6345) done in 645 ms  h_edges=3599971
  NeighborhoodSlab: 423 threads × 2304 KB = 951 MB
  Batch 15 [6345,6768) done in 712 ms  h_edges=3607804
  NeighborhoodSlab: 423 threads × 2304 KB = 951 MB
  Batch 16 [6768,7191) done in 699 ms  h_edges=3615476
  NeighborhoodSlab: 423 threads × 2304 KB = 951 MB
  Batch 17 [7191,7614) done in 678 ms  h_edges=3624488
  NeighborhoodSlab: 423 threads × 2304 KB = 951 MB
  Batch 18 [7614,8037) done in 677 ms  h_edges=3633114
  NeighborhoodSlab: 423 threads × 2304 KB = 951 MB
  Batch 19 [8037,8460) done in 606 ms  h_edges=3642120
  NeighborhoodSlab: 423 threads × 2304 KB = 951 MB
  Batch 20 [8460,8883) done in 707 ms  h_edges=3651054
  NeighborhoodSlab: 423 threads × 2304 KB = 951 MB
  Batch 21 [8883,9306) done in 618 ms  h_edges=3659089
  NeighborhoodSlab: 423 threads × 2304 KB = 951 MB
  Batch 22 [9306,9729) done in 634 ms  h_edges=3666652
  NeighborhoodSlab: 423 threads × 2304 KB = 951 MB
  Batch 23 [9729,10152) done in 723 ms  h_edges=3674850
  NeighborhoodSlab: 423 threads × 2304 KB = 951 MB
  Batch 24 [10152,10575) done in 661 ms  h_edges=3682753
  NeighborhoodSlab: 423 threads × 2304 KB = 951 MB
  Batch 25 [10575,10998) done in 696 ms  h_edges=3690773
  NeighborhoodSlab: 423 threads × 2304 KB = 951 MB
  Batch 26 [10998,11421) done in 635 ms  h_edges=3698397
  NeighborhoodSlab: 423 threads × 2304 KB = 951 MB
  Batch 27 [11421,11844) done in 722 ms  h_edges=3706353
  NeighborhoodSlab: 423 threads × 2304 KB = 951 MB
  Batch 28 [11844,12267) done in 718 ms  h_edges=3714897
  NeighborhoodSlab: 423 threads × 2304 KB = 951 MB
  Batch 29 [12267,12690) done in 723 ms  h_edges=3723436
  NeighborhoodSlab: 423 threads × 2304 KB = 951 MB
  Batch 30 [12690,13113) done in 629 ms  h_edges=3731246
  NeighborhoodSlab: 423 threads × 2304 KB = 951 MB
  Batch 31 [13113,13536) done in 710 ms  h_edges=3739930
  NeighborhoodSlab: 423 threads × 2304 KB = 951 MB
  Batch 32 [13536,13959) done in 717 ms  h_edges=3748097
  NeighborhoodSlab: 423 threads × 2304 KB = 951 MB
  Batch 33 [13959,14382) done in 715 ms  h_edges=3756522
  NeighborhoodSlab: 423 threads × 2304 KB = 951 MB
  Batch 34 [14382,14805) done in 764 ms  h_edges=3764684
  NeighborhoodSlab: 423 threads × 2304 KB = 951 MB
  Batch 35 [14805,15228) done in 676 ms  h_edges=3771918
  NeighborhoodSlab: 423 threads × 2304 KB = 951 MB
  Batch 36 [15228,15651) done in 638 ms  h_edges=3780146
  NeighborhoodSlab: 423 threads × 2304 KB = 951 MB
  Batch 37 [15651,16074) done in 663 ms  h_edges=3788015
  NeighborhoodSlab: 423 threads × 2304 KB = 951 MB
  Batch 38 [16074,16497) done in 722 ms  h_edges=3795647
  NeighborhoodSlab: 423 threads × 2304 KB = 951 MB
  Batch 39 [16497,16920) done in 714 ms  h_edges=3803684
  NeighborhoodSlab: 423 threads × 2304 KB = 951 MB
  Batch 40 [16920,17343) done in 749 ms  h_edges=3812032
  NeighborhoodSlab: 423 threads × 2304 KB = 951 MB
  Batch 41 [17343,17766) done in 722 ms  h_edges=3820322
  NeighborhoodSlab: 423 threads × 2304 KB = 951 MB
  Batch 42 [17766,18189) done in 653 ms  h_edges=3829715
  NeighborhoodSlab: 423 threads × 2304 KB = 951 MB
  Batch 43 [18189,18612) done in 571 ms  h_edges=3837283
  NeighborhoodSlab: 423 threads × 2304 KB = 951 MB
  Batch 44 [18612,19035) done in 664 ms  h_edges=3845796
  NeighborhoodSlab: 423 threads × 2304 KB = 951 MB
  Batch 45 [19035,19458) done in 773 ms  h_edges=3853944
  NeighborhoodSlab: 423 threads × 2304 KB = 951 MB
  Batch 46 [19458,19881) done in 698 ms  h_edges=3861772
  NeighborhoodSlab: 423 threads × 2304 KB = 951 MB
  Batch 47 [19881,20304) done in 735 ms  h_edges=3869261
  NeighborhoodSlab: 423 threads × 2304 KB = 951 MB
  Batch 48 [20304,20727) done in 786 ms  h_edges=3877226
  NeighborhoodSlab: 423 threads × 2304 KB = 951 MB
  Batch 49 [20727,21150) done in 751 ms  h_edges=3885828
  NeighborhoodSlab: 423 threads × 2304 KB = 951 MB
  Batch 50 [21150,21573) done in 755 ms  h_edges=3893385
  NeighborhoodSlab: 423 threads × 2304 KB = 951 MB
  Batch 51 [21573,21996) done in 619 ms  h_edges=3901530
  NeighborhoodSlab: 423 threads × 2304 KB = 951 MB
  Batch 52 [21996,22419) done in 630 ms  h_edges=3909629
  NeighborhoodSlab: 423 threads × 2304 KB = 951 MB
  Batch 53 [22419,22842) done in 613 ms  h_edges=3918149
  NeighborhoodSlab: 423 threads × 2304 KB = 951 MB
  Batch 54 [22842,23265) done in 674 ms  h_edges=3926426
  NeighborhoodSlab: 423 threads × 2304 KB = 951 MB
  Batch 55 [23265,23688) done in 659 ms  h_edges=3934366
  NeighborhoodSlab: 423 threads × 2304 KB = 951 MB
  Batch 56 [23688,24111) done in 642 ms  h_edges=3944478
  NeighborhoodSlab: 423 threads × 2304 KB = 951 MB
  Batch 57 [24111,24534) done in 683 ms  h_edges=3952557
  NeighborhoodSlab: 423 threads × 2304 KB = 951 MB
  Batch 58 [24534,24957) done in 748 ms  h_edges=3960944
  NeighborhoodSlab: 387 threads × 2304 KB = 870 MB
  Batch 59 [24957,25344) done in 638 ms  h_edges=3969359
  DeviceGraph: fwd=3914884 bwd=3914884 edges
  Year 2029 total: 46543 ms  (pop: 447732)

--- Year 2030 (pop: 447732) ---
  Adding 26864 new papers
  DeviceGraph: fwd=3914884 bwd=3914884 edges
  Processing 26864 papers in 60 batches of ~448
  NeighborhoodSlab: 448 threads × 2304 KB = 1008 MB
  Batch 0 [0,448) done in 742 ms  h_edges=3978018
  NeighborhoodSlab: 448 threads × 2304 KB = 1008 MB
  Batch 1 [448,896) done in 771 ms  h_edges=3985836
  NeighborhoodSlab: 448 threads × 2304 KB = 1008 MB
  Batch 2 [896,1344) done in 747 ms  h_edges=3994881
  NeighborhoodSlab: 448 threads × 2304 KB = 1008 MB
  Batch 3 [1344,1792) done in 715 ms  h_edges=4004184
  NeighborhoodSlab: 448 threads × 2304 KB = 1008 MB
  Batch 4 [1792,2240) done in 771 ms  h_edges=4012222
  NeighborhoodSlab: 448 threads × 2304 KB = 1008 MB
  Batch 5 [2240,2688) done in 715 ms  h_edges=4020607
  NeighborhoodSlab: 448 threads × 2304 KB = 1008 MB
  Batch 6 [2688,3136) done in 831 ms  h_edges=4030383
  NeighborhoodSlab: 448 threads × 2304 KB = 1008 MB
  Batch 7 [3136,3584) done in 794 ms  h_edges=4038897
  NeighborhoodSlab: 448 threads × 2304 KB = 1008 MB
  Batch 8 [3584,4032) done in 847 ms  h_edges=4048144
  NeighborhoodSlab: 448 threads × 2304 KB = 1008 MB
  Batch 9 [4032,4480) done in 727 ms  h_edges=4056028
  NeighborhoodSlab: 448 threads × 2304 KB = 1008 MB
  Batch 10 [4480,4928) done in 906 ms  h_edges=4064694
  NeighborhoodSlab: 448 threads × 2304 KB = 1008 MB
  Batch 11 [4928,5376) done in 719 ms  h_edges=4073714
  NeighborhoodSlab: 448 threads × 2304 KB = 1008 MB
  Batch 12 [5376,5824) done in 824 ms  h_edges=4082394
  NeighborhoodSlab: 448 threads × 2304 KB = 1008 MB
  Batch 13 [5824,6272) done in 790 ms  h_edges=4092071
  NeighborhoodSlab: 448 threads × 2304 KB = 1008 MB
  Batch 14 [6272,6720) done in 709 ms  h_edges=4099709
  NeighborhoodSlab: 448 threads × 2304 KB = 1008 MB
  Batch 15 [6720,7168) done in 758 ms  h_edges=4108359
  NeighborhoodSlab: 448 threads × 2304 KB = 1008 MB
  Batch 16 [7168,7616) done in 710 ms  h_edges=4116753
  NeighborhoodSlab: 448 threads × 2304 KB = 1008 MB
  Batch 17 [7616,8064) done in 813 ms  h_edges=4126232
  NeighborhoodSlab: 448 threads × 2304 KB = 1008 MB
  Batch 18 [8064,8512) done in 817 ms  h_edges=4135188
  NeighborhoodSlab: 448 threads × 2304 KB = 1008 MB
  Batch 19 [8512,8960) done in 837 ms  h_edges=4144219
  NeighborhoodSlab: 448 threads × 2304 KB = 1008 MB
  Batch 20 [8960,9408) done in 806 ms  h_edges=4153953
  NeighborhoodSlab: 448 threads × 2304 KB = 1008 MB
  Batch 21 [9408,9856) done in 770 ms  h_edges=4163040
  NeighborhoodSlab: 448 threads × 2304 KB = 1008 MB
  Batch 22 [9856,10304) done in 692 ms  h_edges=4171707
  NeighborhoodSlab: 448 threads × 2304 KB = 1008 MB
  Batch 23 [10304,10752) done in 863 ms  h_edges=4180399
  NeighborhoodSlab: 448 threads × 2304 KB = 1008 MB
  Batch 24 [10752,11200) done in 748 ms  h_edges=4189539
  NeighborhoodSlab: 448 threads × 2304 KB = 1008 MB
  Batch 25 [11200,11648) done in 836 ms  h_edges=4197969
  NeighborhoodSlab: 448 threads × 2304 KB = 1008 MB
  Batch 26 [11648,12096) done in 760 ms  h_edges=4207006
  NeighborhoodSlab: 448 threads × 2304 KB = 1008 MB
  Batch 27 [12096,12544) done in 885 ms  h_edges=4215645
  NeighborhoodSlab: 448 threads × 2304 KB = 1008 MB
  Batch 28 [12544,12992) done in 850 ms  h_edges=4223960
  NeighborhoodSlab: 448 threads × 2304 KB = 1008 MB
  Batch 29 [12992,13440) done in 809 ms  h_edges=4231724
  NeighborhoodSlab: 448 threads × 2304 KB = 1008 MB
  Batch 30 [13440,13888) done in 857 ms  h_edges=4240070
  NeighborhoodSlab: 448 threads × 2304 KB = 1008 MB
  Batch 31 [13888,14336) done in 828 ms  h_edges=4248673
  NeighborhoodSlab: 448 threads × 2304 KB = 1008 MB
  Batch 32 [14336,14784) done in 909 ms  h_edges=4256720
  NeighborhoodSlab: 448 threads × 2304 KB = 1008 MB
  Batch 33 [14784,15232) done in 776 ms  h_edges=4265094
  NeighborhoodSlab: 448 threads × 2304 KB = 1008 MB
  Batch 34 [15232,15680) done in 869 ms  h_edges=4273827
  NeighborhoodSlab: 448 threads × 2304 KB = 1008 MB
  Batch 35 [15680,16128) done in 758 ms  h_edges=4283070
  NeighborhoodSlab: 448 threads × 2304 KB = 1008 MB
  Batch 36 [16128,16576) done in 797 ms  h_edges=4292836
  NeighborhoodSlab: 448 threads × 2304 KB = 1008 MB
  Batch 37 [16576,17024) done in 781 ms  h_edges=4301714
  NeighborhoodSlab: 448 threads × 2304 KB = 1008 MB
  Batch 38 [17024,17472) done in 814 ms  h_edges=4310141
  NeighborhoodSlab: 448 threads × 2304 KB = 1008 MB
  Batch 39 [17472,17920) done in 750 ms  h_edges=4318243
  NeighborhoodSlab: 448 threads × 2304 KB = 1008 MB
  Batch 40 [17920,18368) done in 723 ms  h_edges=4327743
  NeighborhoodSlab: 448 threads × 2304 KB = 1008 MB
  Batch 41 [18368,18816) done in 754 ms  h_edges=4335896
  NeighborhoodSlab: 448 threads × 2304 KB = 1008 MB
  Batch 42 [18816,19264) done in 885 ms  h_edges=4344190
  NeighborhoodSlab: 448 threads × 2304 KB = 1008 MB
  Batch 43 [19264,19712) done in 869 ms  h_edges=4352755
  NeighborhoodSlab: 448 threads × 2304 KB = 1008 MB
  Batch 44 [19712,20160) done in 707 ms  h_edges=4361548
  NeighborhoodSlab: 448 threads × 2304 KB = 1008 MB
  Batch 45 [20160,20608) done in 888 ms  h_edges=4369303
  NeighborhoodSlab: 448 threads × 2304 KB = 1008 MB
  Batch 46 [20608,21056) done in 785 ms  h_edges=4378172
  NeighborhoodSlab: 448 threads × 2304 KB = 1008 MB
  Batch 47 [21056,21504) done in 755 ms  h_edges=4387302
  NeighborhoodSlab: 448 threads × 2304 KB = 1008 MB
  Batch 48 [21504,21952) done in 776 ms  h_edges=4395288
  NeighborhoodSlab: 448 threads × 2304 KB = 1008 MB
  Batch 49 [21952,22400) done in 921 ms  h_edges=4404949
  NeighborhoodSlab: 448 threads × 2304 KB = 1008 MB
  Batch 50 [22400,22848) done in 755 ms  h_edges=4413695
  NeighborhoodSlab: 448 threads × 2304 KB = 1008 MB
  Batch 51 [22848,23296) done in 754 ms  h_edges=4422895
  NeighborhoodSlab: 448 threads × 2304 KB = 1008 MB
  Batch 52 [23296,23744) done in 800 ms  h_edges=4431579
  NeighborhoodSlab: 448 threads × 2304 KB = 1008 MB
  Batch 53 [23744,24192) done in 978 ms  h_edges=4440145
  NeighborhoodSlab: 448 threads × 2304 KB = 1008 MB
  Batch 54 [24192,24640) done in 829 ms  h_edges=4449108
  NeighborhoodSlab: 448 threads × 2304 KB = 1008 MB
  Batch 55 [24640,25088) done in 717 ms  h_edges=4458562
  NeighborhoodSlab: 448 threads × 2304 KB = 1008 MB
  Batch 56 [25088,25536) done in 824 ms  h_edges=4466719
  NeighborhoodSlab: 448 threads × 2304 KB = 1008 MB
  Batch 57 [25536,25984) done in 723 ms  h_edges=4476299
  NeighborhoodSlab: 448 threads × 2304 KB = 1008 MB
  Batch 58 [25984,26432) done in 937 ms  h_edges=4484714
  NeighborhoodSlab: 432 threads × 2304 KB = 972 MB
  Batch 59 [26432,26864) done in 752 ms  h_edges=4493430
  DeviceGraph: fwd=4438955 bwd=4438955 edges
  Year 2030 total: 54303 ms  (pop: 474596)

=== Simulation Complete ===
Total: 259 s  Final pop: 474596

=== Exporting Results ===
Edges saved: ./output/10y/mass_cuda-eu-static-output-10y-6p.edgelist (4493430)
Attributes saved: ./output/10y/mass_cuda-eu-static-output-10y-6p.aux (474596 rows)

Done.

real	4m24.035s
user	4m21.193s
sys	0m2.140s
For GROWTH_PERCENT = 6 %, BFS_BATCH_SIZE = 60.
Running growth rate 6% for 10 years.
./output/10y/mass_cuda-yutb-static-output-10y-6p.edgelist
./output/10y/mass_cuda-yutb-static-output-10y-6p.aux
Citation Network ABM – MASS CUDA
=================================

Out-degree bag: 3980408 entries
Recency probs:  356 entries
BFS batches:    60 per year

=== Initializing Citation ABM ===

Inside parseNodelist...
Populating continuous node mappings (1134890 nodes)...
parseNodelist done in 1095 ms (1134890 nodes)

Inside parseEdgelist...
parseEdgelist done in 233 ms (2987624 edges)
Seed max year: 2026  → simulation starts at 2027
Max population: 2034422
Seed population: 1134890 papers
  DeviceGraph: fwd=2987624 bwd=2987624 edges
Initialization complete


=== Simulation Start ===

--- Year 2027 (pop: 1134890) ---
  Adding 68094 new papers
  DeviceGraph: fwd=2987624 bwd=2987624 edges
  Processing 68094 papers in 60 batches of ~1135
  NeighborhoodSlab: 1135 threads × 2304 KB = 2553 MB
  Batch 0 [0,1135) done in 147 ms  h_edges=3010657
  NeighborhoodSlab: 1135 threads × 2304 KB = 2553 MB
  Batch 1 [1135,2270) done in 193 ms  h_edges=3031753
  NeighborhoodSlab: 1135 threads × 2304 KB = 2553 MB
  Batch 2 [2270,3405) done in 170 ms  h_edges=3053995
  NeighborhoodSlab: 1135 threads × 2304 KB = 2553 MB
  Batch 3 [3405,4540) done in 185 ms  h_edges=3075137
  NeighborhoodSlab: 1135 threads × 2304 KB = 2553 MB
  Batch 4 [4540,5675) done in 200 ms  h_edges=3096817
  NeighborhoodSlab: 1135 threads × 2304 KB = 2553 MB
  Batch 5 [5675,6810) done in 173 ms  h_edges=3119565
  NeighborhoodSlab: 1135 threads × 2304 KB = 2553 MB
  Batch 6 [6810,7945) done in 156 ms  h_edges=3142322
  NeighborhoodSlab: 1135 threads × 2304 KB = 2553 MB
  Batch 7 [7945,9080) done in 170 ms  h_edges=3164131
  NeighborhoodSlab: 1135 threads × 2304 KB = 2553 MB
  Batch 8 [9080,10215) done in 180 ms  h_edges=3186648
  NeighborhoodSlab: 1135 threads × 2304 KB = 2553 MB
  Batch 9 [10215,11350) done in 180 ms  h_edges=3210896
  NeighborhoodSlab: 1135 threads × 2304 KB = 2553 MB
  Batch 10 [11350,12485) done in 150 ms  h_edges=3231345
  NeighborhoodSlab: 1135 threads × 2304 KB = 2553 MB
  Batch 11 [12485,13620) done in 215 ms  h_edges=3254254
  NeighborhoodSlab: 1135 threads × 2304 KB = 2553 MB
  Batch 12 [13620,14755) done in 181 ms  h_edges=3275584
  NeighborhoodSlab: 1135 threads × 2304 KB = 2553 MB
  Batch 13 [14755,15890) done in 190 ms  h_edges=3297017
  NeighborhoodSlab: 1135 threads × 2304 KB = 2553 MB
  Batch 14 [15890,17025) done in 170 ms  h_edges=3320103
  NeighborhoodSlab: 1135 threads × 2304 KB = 2553 MB
  Batch 15 [17025,18160) done in 261 ms  h_edges=3343129
  NeighborhoodSlab: 1135 threads × 2304 KB = 2553 MB
  Batch 16 [18160,19295) done in 171 ms  h_edges=3366508
  NeighborhoodSlab: 1135 threads × 2304 KB = 2553 MB
  Batch 17 [19295,20430) done in 199 ms  h_edges=3388101
  NeighborhoodSlab: 1135 threads × 2304 KB = 2553 MB
  Batch 18 [20430,21565) done in 172 ms  h_edges=3409241
  NeighborhoodSlab: 1135 threads × 2304 KB = 2553 MB
  Batch 19 [21565,22700) done in 187 ms  h_edges=3430342
  NeighborhoodSlab: 1135 threads × 2304 KB = 2553 MB
  Batch 20 [22700,23835) done in 197 ms  h_edges=3451438
  NeighborhoodSlab: 1135 threads × 2304 KB = 2553 MB
  Batch 21 [23835,24970) done in 185 ms  h_edges=3473787
  NeighborhoodSlab: 1135 threads × 2304 KB = 2553 MB
  Batch 22 [24970,26105) done in 230 ms  h_edges=3496103
  NeighborhoodSlab: 1135 threads × 2304 KB = 2553 MB
  Batch 23 [26105,27240) done in 166 ms  h_edges=3517315
  NeighborhoodSlab: 1135 threads × 2304 KB = 2553 MB
  Batch 24 [27240,28375) done in 167 ms  h_edges=3541008
  NeighborhoodSlab: 1135 threads × 2304 KB = 2553 MB
  Batch 25 [28375,29510) done in 157 ms  h_edges=3564486
  NeighborhoodSlab: 1135 threads × 2304 KB = 2553 MB
  Batch 26 [29510,30645) done in 174 ms  h_edges=3588997
  NeighborhoodSlab: 1135 threads × 2304 KB = 2553 MB
  Batch 27 [30645,31780) done in 172 ms  h_edges=3610566
  NeighborhoodSlab: 1135 threads × 2304 KB = 2553 MB
  Batch 28 [31780,32915) done in 172 ms  h_edges=3632838
  NeighborhoodSlab: 1135 threads × 2304 KB = 2553 MB
  Batch 29 [32915,34050) done in 180 ms  h_edges=3655401
  NeighborhoodSlab: 1135 threads × 2304 KB = 2553 MB
  Batch 30 [34050,35185) done in 175 ms  h_edges=3677078
  NeighborhoodSlab: 1135 threads × 2304 KB = 2553 MB
  Batch 31 [35185,36320) done in 152 ms  h_edges=3698921
  NeighborhoodSlab: 1135 threads × 2304 KB = 2553 MB
  Batch 32 [36320,37455) done in 179 ms  h_edges=3720356
  NeighborhoodSlab: 1135 threads × 2304 KB = 2553 MB
  Batch 33 [37455,38590) done in 197 ms  h_edges=3743488
  NeighborhoodSlab: 1135 threads × 2304 KB = 2553 MB
  Batch 34 [38590,39725) done in 195 ms  h_edges=3765767
  NeighborhoodSlab: 1135 threads × 2304 KB = 2553 MB
  Batch 35 [39725,40860) done in 152 ms  h_edges=3787277
  NeighborhoodSlab: 1135 threads × 2304 KB = 2553 MB
  Batch 36 [40860,41995) done in 214 ms  h_edges=3809920
  NeighborhoodSlab: 1135 threads × 2304 KB = 2553 MB
  Batch 37 [41995,43130) done in 172 ms  h_edges=3833014
  NeighborhoodSlab: 1135 threads × 2304 KB = 2553 MB
  Batch 38 [43130,44265) done in 151 ms  h_edges=3853759
  NeighborhoodSlab: 1135 threads × 2304 KB = 2553 MB
  Batch 39 [44265,45400) done in 187 ms  h_edges=3877508
  NeighborhoodSlab: 1135 threads × 2304 KB = 2553 MB
  Batch 40 [45400,46535) done in 176 ms  h_edges=3902023
  NeighborhoodSlab: 1135 threads × 2304 KB = 2553 MB
  Batch 41 [46535,47670) done in 159 ms  h_edges=3924447
  NeighborhoodSlab: 1135 threads × 2304 KB = 2553 MB
  Batch 42 [47670,48805) done in 236 ms  h_edges=3946009
  NeighborhoodSlab: 1135 threads × 2304 KB = 2553 MB
  Batch 43 [48805,49940) done in 176 ms  h_edges=3967723
  NeighborhoodSlab: 1135 threads × 2304 KB = 2553 MB
  Batch 44 [49940,51075) done in 193 ms  h_edges=3989080
  NeighborhoodSlab: 1135 threads × 2304 KB = 2553 MB
  Batch 45 [51075,52210) done in 169 ms  h_edges=4010092
  NeighborhoodSlab: 1135 threads × 2304 KB = 2553 MB
  Batch 46 [52210,53345) done in 148 ms  h_edges=4031328
  NeighborhoodSlab: 1135 threads × 2304 KB = 2553 MB
  Batch 47 [53345,54480) done in 168 ms  h_edges=4054480
  NeighborhoodSlab: 1135 threads × 2304 KB = 2553 MB
  Batch 48 [54480,55615) done in 148 ms  h_edges=4077073
  NeighborhoodSlab: 1135 threads × 2304 KB = 2553 MB
  Batch 49 [55615,56750) done in 179 ms  h_edges=4100638
  NeighborhoodSlab: 1135 threads × 2304 KB = 2553 MB
  Batch 50 [56750,57885) done in 190 ms  h_edges=4123291
  NeighborhoodSlab: 1135 threads × 2304 KB = 2553 MB
  Batch 51 [57885,59020) done in 164 ms  h_edges=4145819
  NeighborhoodSlab: 1135 threads × 2304 KB = 2553 MB
  Batch 52 [59020,60155) done in 187 ms  h_edges=4169185
  NeighborhoodSlab: 1135 threads × 2304 KB = 2553 MB
  Batch 53 [60155,61290) done in 171 ms  h_edges=4190252
  NeighborhoodSlab: 1135 threads × 2304 KB = 2553 MB
  Batch 54 [61290,62425) done in 181 ms  h_edges=4212658
  NeighborhoodSlab: 1135 threads × 2304 KB = 2553 MB
  Batch 55 [62425,63560) done in 150 ms  h_edges=4235642
  NeighborhoodSlab: 1135 threads × 2304 KB = 2553 MB
  Batch 56 [63560,64695) done in 156 ms  h_edges=4257952
  NeighborhoodSlab: 1135 threads × 2304 KB = 2553 MB
  Batch 57 [64695,65830) done in 164 ms  h_edges=4279673
  NeighborhoodSlab: 1135 threads × 2304 KB = 2553 MB
  Batch 58 [65830,66965) done in 166 ms  h_edges=4301736
  NeighborhoodSlab: 1129 threads × 2304 KB = 2540 MB
  Batch 59 [66965,68094) done in 160 ms  h_edges=4324097
  DeviceGraph: fwd=4324097 bwd=4324097 edges
  Year 2027 total: 17392 ms  (pop: 1202984)

--- Year 2028 (pop: 1202984) ---
  Adding 72180 new papers
  DeviceGraph: fwd=4324097 bwd=4324097 edges
  Processing 72180 papers in 60 batches of ~1203
  NeighborhoodSlab: 1203 threads × 2304 KB = 2706 MB
  Batch 0 [0,1203) done in 338 ms  h_edges=4348138
  NeighborhoodSlab: 1203 threads × 2304 KB = 2706 MB
  Batch 1 [1203,2406) done in 341 ms  h_edges=4372046
  NeighborhoodSlab: 1203 threads × 2304 KB = 2706 MB
  Batch 2 [2406,3609) done in 278 ms  h_edges=4395171
  NeighborhoodSlab: 1203 threads × 2304 KB = 2706 MB
  Batch 3 [3609,4812) done in 278 ms  h_edges=4419239
  NeighborhoodSlab: 1203 threads × 2304 KB = 2706 MB
  Batch 4 [4812,6015) done in 253 ms  h_edges=4442064
  NeighborhoodSlab: 1203 threads × 2304 KB = 2706 MB
  Batch 5 [6015,7218) done in 269 ms  h_edges=4466833
  NeighborhoodSlab: 1203 threads × 2304 KB = 2706 MB
  Batch 6 [7218,8421) done in 295 ms  h_edges=4489035
  NeighborhoodSlab: 1203 threads × 2304 KB = 2706 MB
  Batch 7 [8421,9624) done in 330 ms  h_edges=4511746
  NeighborhoodSlab: 1203 threads × 2304 KB = 2706 MB
  Batch 8 [9624,10827) done in 318 ms  h_edges=4535194
  NeighborhoodSlab: 1203 threads × 2304 KB = 2706 MB
  Batch 9 [10827,12030) done in 299 ms  h_edges=4558837
  NeighborhoodSlab: 1203 threads × 2304 KB = 2706 MB
  Batch 10 [12030,13233) done in 285 ms  h_edges=4582796
  NeighborhoodSlab: 1203 threads × 2304 KB = 2706 MB
  Batch 11 [13233,14436) done in 344 ms  h_edges=4607146
  NeighborhoodSlab: 1203 threads × 2304 KB = 2706 MB
  Batch 12 [14436,15639) done in 319 ms  h_edges=4631435
  NeighborhoodSlab: 1203 threads × 2304 KB = 2706 MB
  Batch 13 [15639,16842) done in 265 ms  h_edges=4654459
  NeighborhoodSlab: 1203 threads × 2304 KB = 2706 MB
  Batch 14 [16842,18045) done in 307 ms  h_edges=4677647
  NeighborhoodSlab: 1203 threads × 2304 KB = 2706 MB
  Batch 15 [18045,19248) done in 264 ms  h_edges=4701601
  NeighborhoodSlab: 1203 threads × 2304 KB = 2706 MB
  Batch 16 [19248,20451) done in 280 ms  h_edges=4727024
  NeighborhoodSlab: 1203 threads × 2304 KB = 2706 MB
  Batch 17 [20451,21654) done in 301 ms  h_edges=4751548
  NeighborhoodSlab: 1203 threads × 2304 KB = 2706 MB
  Batch 18 [21654,22857) done in 275 ms  h_edges=4775039
  NeighborhoodSlab: 1203 threads × 2304 KB = 2706 MB
  Batch 19 [22857,24060) done in 279 ms  h_edges=4799155
  NeighborhoodSlab: 1203 threads × 2304 KB = 2706 MB
  Batch 20 [24060,25263) done in 358 ms  h_edges=4822301
  NeighborhoodSlab: 1203 threads × 2304 KB = 2706 MB
  Batch 21 [25263,26466) done in 276 ms  h_edges=4845843
  NeighborhoodSlab: 1203 threads × 2304 KB = 2706 MB
  Batch 22 [26466,27669) done in 283 ms  h_edges=4870761
  NeighborhoodSlab: 1203 threads × 2304 KB = 2706 MB
  Batch 23 [27669,28872) done in 336 ms  h_edges=4893891
  NeighborhoodSlab: 1203 threads × 2304 KB = 2706 MB
  Batch 24 [28872,30075) done in 279 ms  h_edges=4916963
  NeighborhoodSlab: 1203 threads × 2304 KB = 2706 MB
  Batch 25 [30075,31278) done in 268 ms  h_edges=4939537
  NeighborhoodSlab: 1203 threads × 2304 KB = 2706 MB
  Batch 26 [31278,32481) done in 307 ms  h_edges=4962969
  NeighborhoodSlab: 1203 threads × 2304 KB = 2706 MB
  Batch 27 [32481,33684) done in 289 ms  h_edges=4987253
  NeighborhoodSlab: 1203 threads × 2304 KB = 2706 MB
  Batch 28 [33684,34887) done in 260 ms  h_edges=5009320
  NeighborhoodSlab: 1203 threads × 2304 KB = 2706 MB
  Batch 29 [34887,36090) done in 285 ms  h_edges=5034719
  NeighborhoodSlab: 1203 threads × 2304 KB = 2706 MB
  Batch 30 [36090,37293) done in 341 ms  h_edges=5057174
  NeighborhoodSlab: 1203 threads × 2304 KB = 2706 MB
  Batch 31 [37293,38496) done in 274 ms  h_edges=5081919
  NeighborhoodSlab: 1203 threads × 2304 KB = 2706 MB
  Batch 32 [38496,39699) done in 284 ms  h_edges=5106417
  NeighborhoodSlab: 1203 threads × 2304 KB = 2706 MB
  Batch 33 [39699,40902) done in 265 ms  h_edges=5130211
  NeighborhoodSlab: 1203 threads × 2304 KB = 2706 MB
  Batch 34 [40902,42105) done in 322 ms  h_edges=5153451
  NeighborhoodSlab: 1203 threads × 2304 KB = 2706 MB
  Batch 35 [42105,43308) done in 311 ms  h_edges=5177304
  NeighborhoodSlab: 1203 threads × 2304 KB = 2706 MB
  Batch 36 [43308,44511) done in 289 ms  h_edges=5202429
  NeighborhoodSlab: 1203 threads × 2304 KB = 2706 MB
  Batch 37 [44511,45714) done in 303 ms  h_edges=5224342
  NeighborhoodSlab: 1203 threads × 2304 KB = 2706 MB
  Batch 38 [45714,46917) done in 275 ms  h_edges=5247683
  NeighborhoodSlab: 1203 threads × 2304 KB = 2706 MB
  Batch 39 [46917,48120) done in 313 ms  h_edges=5272143
  NeighborhoodSlab: 1203 threads × 2304 KB = 2706 MB
  Batch 40 [48120,49323) done in 280 ms  h_edges=5296303
  NeighborhoodSlab: 1203 threads × 2304 KB = 2706 MB
  Batch 41 [49323,50526) done in 279 ms  h_edges=5319927
  NeighborhoodSlab: 1203 threads × 2304 KB = 2706 MB
  Batch 42 [50526,51729) done in 308 ms  h_edges=5344627
  NeighborhoodSlab: 1203 threads × 2304 KB = 2706 MB
  Batch 43 [51729,52932) done in 262 ms  h_edges=5368386
  NeighborhoodSlab: 1203 threads × 2304 KB = 2706 MB
  Batch 44 [52932,54135) done in 298 ms  h_edges=5393246
  NeighborhoodSlab: 1203 threads × 2304 KB = 2706 MB
  Batch 45 [54135,55338) done in 355 ms  h_edges=5415502
  NeighborhoodSlab: 1203 threads × 2304 KB = 2706 MB
  Batch 46 [55338,56541) done in 291 ms  h_edges=5439111
  NeighborhoodSlab: 1203 threads × 2304 KB = 2706 MB
  Batch 47 [56541,57744) done in 276 ms  h_edges=5462726
  NeighborhoodSlab: 1203 threads × 2304 KB = 2706 MB
  Batch 48 [57744,58947) done in 259 ms  h_edges=5486944
  NeighborhoodSlab: 1203 threads × 2304 KB = 2706 MB
  Batch 49 [58947,60150) done in 274 ms  h_edges=5510737
  NeighborhoodSlab: 1203 threads × 2304 KB = 2706 MB
  Batch 50 [60150,61353) done in 298 ms  h_edges=5533212
  NeighborhoodSlab: 1203 threads × 2304 KB = 2706 MB
  Batch 51 [61353,62556) done in 319 ms  h_edges=5555731
  NeighborhoodSlab: 1203 threads × 2304 KB = 2706 MB
  Batch 52 [62556,63759) done in 250 ms  h_edges=5578156
  NeighborhoodSlab: 1203 threads × 2304 KB = 2706 MB
  Batch 53 [63759,64962) done in 239 ms  h_edges=5603539
  NeighborhoodSlab: 1203 threads × 2304 KB = 2706 MB
  Batch 54 [64962,66165) done in 371 ms  h_edges=5627110
  NeighborhoodSlab: 1203 threads × 2304 KB = 2706 MB
  Batch 55 [66165,67368) done in 395 ms  h_edges=5651111
  NeighborhoodSlab: 1203 threads × 2304 KB = 2706 MB
  Batch 56 [67368,68571) done in 279 ms  h_edges=5673444
  NeighborhoodSlab: 1203 threads × 2304 KB = 2706 MB
  Batch 57 [68571,69774) done in 277 ms  h_edges=5697955
  NeighborhoodSlab: 1203 threads × 2304 KB = 2706 MB
  Batch 58 [69774,70977) done in 326 ms  h_edges=5719832
  NeighborhoodSlab: 1203 threads × 2304 KB = 2706 MB
  Batch 59 [70977,72180) done in 305 ms  h_edges=5743535
  DeviceGraph: fwd=5743535 bwd=5743535 edges
  Year 2028 total: 27031 ms  (pop: 1275164)

--- Year 2029 (pop: 1275164) ---
  Adding 76510 new papers
  DeviceGraph: fwd=5743535 bwd=5743535 edges
  Processing 76510 papers in 60 batches of ~1276
  NeighborhoodSlab: 1276 threads × 2304 KB = 2871 MB
  Batch 0 [0,1276) done in 412 ms  h_edges=5767612
  NeighborhoodSlab: 1276 threads × 2304 KB = 2871 MB
  Batch 1 [1276,2552) done in 378 ms  h_edges=5793032
  NeighborhoodSlab: 1276 threads × 2304 KB = 2871 MB
  Batch 2 [2552,3828) done in 403 ms  h_edges=5817482
  NeighborhoodSlab: 1276 threads × 2304 KB = 2871 MB
  Batch 3 [3828,5104) done in 442 ms  h_edges=5841791
  NeighborhoodSlab: 1276 threads × 2304 KB = 2871 MB
  Batch 4 [5104,6380) done in 399 ms  h_edges=5866954
  NeighborhoodSlab: 1276 threads × 2304 KB = 2871 MB
  Batch 5 [6380,7656) done in 426 ms  h_edges=5892970
  NeighborhoodSlab: 1276 threads × 2304 KB = 2871 MB
  Batch 6 [7656,8932) done in 429 ms  h_edges=5918795
  NeighborhoodSlab: 1276 threads × 2304 KB = 2871 MB
  Batch 7 [8932,10208) done in 370 ms  h_edges=5943586
  NeighborhoodSlab: 1276 threads × 2304 KB = 2871 MB
  Batch 8 [10208,11484) done in 428 ms  h_edges=5968355
  NeighborhoodSlab: 1276 threads × 2304 KB = 2871 MB
  Batch 9 [11484,12760) done in 392 ms  h_edges=5993909
  NeighborhoodSlab: 1276 threads × 2304 KB = 2871 MB
  Batch 10 [12760,14036) done in 477 ms  h_edges=6019069
  NeighborhoodSlab: 1276 threads × 2304 KB = 2871 MB
  Batch 11 [14036,15312) done in 431 ms  h_edges=6042656
  NeighborhoodSlab: 1276 threads × 2304 KB = 2871 MB
  Batch 12 [15312,16588) done in 483 ms  h_edges=6069154
  NeighborhoodSlab: 1276 threads × 2304 KB = 2871 MB
  Batch 13 [16588,17864) done in 467 ms  h_edges=6095759
  NeighborhoodSlab: 1276 threads × 2304 KB = 2871 MB
  Batch 14 [17864,19140) done in 434 ms  h_edges=6120490
  NeighborhoodSlab: 1276 threads × 2304 KB = 2871 MB
  Batch 15 [19140,20416) done in 448 ms  h_edges=6145981
  NeighborhoodSlab: 1276 threads × 2304 KB = 2871 MB
  Batch 16 [20416,21692) done in 387 ms  h_edges=6169664
  NeighborhoodSlab: 1276 threads × 2304 KB = 2871 MB
  Batch 17 [21692,22968) done in 443 ms  h_edges=6193864
  NeighborhoodSlab: 1276 threads × 2304 KB = 2871 MB
  Batch 18 [22968,24244) done in 429 ms  h_edges=6220082
  NeighborhoodSlab: 1276 threads × 2304 KB = 2871 MB
  Batch 19 [24244,25520) done in 487 ms  h_edges=6244861
  NeighborhoodSlab: 1276 threads × 2304 KB = 2871 MB
  Batch 20 [25520,26796) done in 423 ms  h_edges=6267593
  NeighborhoodSlab: 1276 threads × 2304 KB = 2871 MB
  Batch 21 [26796,28072) done in 390 ms  h_edges=6293595
  NeighborhoodSlab: 1276 threads × 2304 KB = 2871 MB
  Batch 22 [28072,29348) done in 441 ms  h_edges=6317860
  NeighborhoodSlab: 1276 threads × 2304 KB = 2871 MB
  Batch 23 [29348,30624) done in 446 ms  h_edges=6341701
  NeighborhoodSlab: 1276 threads × 2304 KB = 2871 MB
  Batch 24 [30624,31900) done in 407 ms  h_edges=6367525
  NeighborhoodSlab: 1276 threads × 2304 KB = 2871 MB
  Batch 25 [31900,33176) done in 515 ms  h_edges=6393442
  NeighborhoodSlab: 1276 threads × 2304 KB = 2871 MB
  Batch 26 [33176,34452) done in 404 ms  h_edges=6420267
  NeighborhoodSlab: 1276 threads × 2304 KB = 2871 MB
  Batch 27 [34452,35728) done in 490 ms  h_edges=6447060
  NeighborhoodSlab: 1276 threads × 2304 KB = 2871 MB
  Batch 28 [35728,37004) done in 438 ms  h_edges=6473141
  NeighborhoodSlab: 1276 threads × 2304 KB = 2871 MB
  Batch 29 [37004,38280) done in 419 ms  h_edges=6498694
  NeighborhoodSlab: 1276 threads × 2304 KB = 2871 MB
  Batch 30 [38280,39556) done in 438 ms  h_edges=6522505
  NeighborhoodSlab: 1276 threads × 2304 KB = 2871 MB
  Batch 31 [39556,40832) done in 417 ms  h_edges=6545879
  NeighborhoodSlab: 1276 threads × 2304 KB = 2871 MB
  Batch 32 [40832,42108) done in 384 ms  h_edges=6569715
  NeighborhoodSlab: 1276 threads × 2304 KB = 2871 MB
  Batch 33 [42108,43384) done in 383 ms  h_edges=6594789
  NeighborhoodSlab: 1276 threads × 2304 KB = 2871 MB
  Batch 34 [43384,44660) done in 418 ms  h_edges=6621072
  NeighborhoodSlab: 1276 threads × 2304 KB = 2871 MB
  Batch 35 [44660,45936) done in 490 ms  h_edges=6645514
  NeighborhoodSlab: 1276 threads × 2304 KB = 2871 MB
  Batch 36 [45936,47212) done in 416 ms  h_edges=6669771
  NeighborhoodSlab: 1276 threads × 2304 KB = 2871 MB
  Batch 37 [47212,48488) done in 476 ms  h_edges=6696373
  NeighborhoodSlab: 1276 threads × 2304 KB = 2871 MB
  Batch 38 [48488,49764) done in 496 ms  h_edges=6720073
  NeighborhoodSlab: 1276 threads × 2304 KB = 2871 MB
  Batch 39 [49764,51040) done in 382 ms  h_edges=6745419
  NeighborhoodSlab: 1276 threads × 2304 KB = 2871 MB
  Batch 40 [51040,52316) done in 395 ms  h_edges=6769413
  NeighborhoodSlab: 1276 threads × 2304 KB = 2871 MB
  Batch 41 [52316,53592) done in 399 ms  h_edges=6793506
  NeighborhoodSlab: 1276 threads × 2304 KB = 2871 MB
  Batch 42 [53592,54868) done in 474 ms  h_edges=6819266
  NeighborhoodSlab: 1276 threads × 2304 KB = 2871 MB
  Batch 43 [54868,56144) done in 419 ms  h_edges=6842362
  NeighborhoodSlab: 1276 threads × 2304 KB = 2871 MB
  Batch 44 [56144,57420) done in 511 ms  h_edges=6868091
  NeighborhoodSlab: 1276 threads × 2304 KB = 2871 MB
  Batch 45 [57420,58696) done in 369 ms  h_edges=6893969
  NeighborhoodSlab: 1276 threads × 2304 KB = 2871 MB
  Batch 46 [58696,59972) done in 396 ms  h_edges=6919194
  NeighborhoodSlab: 1276 threads × 2304 KB = 2871 MB
  Batch 47 [59972,61248) done in 430 ms  h_edges=6944382
  NeighborhoodSlab: 1276 threads × 2304 KB = 2871 MB
  Batch 48 [61248,62524) done in 405 ms  h_edges=6970350
  NeighborhoodSlab: 1276 threads × 2304 KB = 2871 MB
  Batch 49 [62524,63800) done in 445 ms  h_edges=6994206
  NeighborhoodSlab: 1276 threads × 2304 KB = 2871 MB
  Batch 50 [63800,65076) done in 381 ms  h_edges=7019096
  NeighborhoodSlab: 1276 threads × 2304 KB = 2871 MB
  Batch 51 [65076,66352) done in 413 ms  h_edges=7044801
  NeighborhoodSlab: 1276 threads × 2304 KB = 2871 MB
  Batch 52 [66352,67628) done in 395 ms  h_edges=7069587
  NeighborhoodSlab: 1276 threads × 2304 KB = 2871 MB
  Batch 53 [67628,68904) done in 371 ms  h_edges=7092952
  NeighborhoodSlab: 1276 threads × 2304 KB = 2871 MB
  Batch 54 [68904,70180) done in 344 ms  h_edges=7117513
  NeighborhoodSlab: 1276 threads × 2304 KB = 2871 MB
  Batch 55 [70180,71456) done in 513 ms  h_edges=7144002
  NeighborhoodSlab: 1276 threads × 2304 KB = 2871 MB
  Batch 56 [71456,72732) done in 369 ms  h_edges=7168925
  NeighborhoodSlab: 1276 threads × 2304 KB = 2871 MB
  Batch 57 [72732,74008) done in 388 ms  h_edges=7194715
  NeighborhoodSlab: 1276 threads × 2304 KB = 2871 MB
  Batch 58 [74008,75284) done in 404 ms  h_edges=7218862
  NeighborhoodSlab: 1226 threads × 2304 KB = 2758 MB
  Batch 59 [75284,76510) done in 443 ms  h_edges=7242250
  DeviceGraph: fwd=7242250 bwd=7242250 edges
  Year 2029 total: 37229 ms  (pop: 1351674)

--- Year 2030 (pop: 1351674) ---
  Adding 81101 new papers
  DeviceGraph: fwd=7242250 bwd=7242250 edges
  Processing 81101 papers in 60 batches of ~1352
  NeighborhoodSlab: 1352 threads × 2304 KB = 3042 MB
  Batch 0 [0,1352) done in 557 ms  h_edges=7269487
  NeighborhoodSlab: 1352 threads × 2304 KB = 3042 MB
  Batch 1 [1352,2704) done in 495 ms  h_edges=7297911
  NeighborhoodSlab: 1352 threads × 2304 KB = 3042 MB
  Batch 2 [2704,4056) done in 469 ms  h_edges=7324180
  NeighborhoodSlab: 1352 threads × 2304 KB = 3042 MB
  Batch 3 [4056,5408) done in 486 ms  h_edges=7350948
  NeighborhoodSlab: 1352 threads × 2304 KB = 3042 MB
  Batch 4 [5408,6760) done in 529 ms  h_edges=7377104
  NeighborhoodSlab: 1352 threads × 2304 KB = 3042 MB
  Batch 5 [6760,8112) done in 530 ms  h_edges=7403585
  NeighborhoodSlab: 1352 threads × 2304 KB = 3042 MB
  Batch 6 [8112,9464) done in 471 ms  h_edges=7429852
  NeighborhoodSlab: 1352 threads × 2304 KB = 3042 MB
  Batch 7 [9464,10816) done in 632 ms  h_edges=7457810
  NeighborhoodSlab: 1352 threads × 2304 KB = 3042 MB
  Batch 8 [10816,12168) done in 582 ms  h_edges=7483441
  NeighborhoodSlab: 1352 threads × 2304 KB = 3042 MB
  Batch 9 [12168,13520) done in 618 ms  h_edges=7509417
  NeighborhoodSlab: 1352 threads × 2304 KB = 3042 MB
  Batch 10 [13520,14872) done in 547 ms  h_edges=7535420
  NeighborhoodSlab: 1352 threads × 2304 KB = 3042 MB
  Batch 11 [14872,16224) done in 639 ms  h_edges=7562723
  NeighborhoodSlab: 1352 threads × 2304 KB = 3042 MB
  Batch 12 [16224,17576) done in 591 ms  h_edges=7589834
  NeighborhoodSlab: 1352 threads × 2304 KB = 3042 MB
  Batch 13 [17576,18928) done in 548 ms  h_edges=7617905
  NeighborhoodSlab: 1352 threads × 2304 KB = 3042 MB
  Batch 14 [18928,20280) done in 637 ms  h_edges=7645962
  NeighborhoodSlab: 1352 threads × 2304 KB = 3042 MB
  Batch 15 [20280,21632) done in 593 ms  h_edges=7672580
  NeighborhoodSlab: 1352 threads × 2304 KB = 3042 MB
  Batch 16 [21632,22984) done in 502 ms  h_edges=7698640
  NeighborhoodSlab: 1352 threads × 2304 KB = 3042 MB
  Batch 17 [22984,24336) done in 527 ms  h_edges=7724600
  NeighborhoodSlab: 1352 threads × 2304 KB = 3042 MB
  Batch 18 [24336,25688) done in 605 ms  h_edges=7749522
  NeighborhoodSlab: 1352 threads × 2304 KB = 3042 MB
  Batch 19 [25688,27040) done in 586 ms  h_edges=7776036
  NeighborhoodSlab: 1352 threads × 2304 KB = 3042 MB
  Batch 20 [27040,28392) done in 581 ms  h_edges=7802713
  NeighborhoodSlab: 1352 threads × 2304 KB = 3042 MB
  Batch 21 [28392,29744) done in 568 ms  h_edges=7828503
  NeighborhoodSlab: 1352 threads × 2304 KB = 3042 MB
  Batch 22 [29744,31096) done in 588 ms  h_edges=7853885
  NeighborhoodSlab: 1352 threads × 2304 KB = 3042 MB
  Batch 23 [31096,32448) done in 612 ms  h_edges=7879680
  NeighborhoodSlab: 1352 threads × 2304 KB = 3042 MB
  Batch 24 [32448,33800) done in 523 ms  h_edges=7904308
  NeighborhoodSlab: 1352 threads × 2304 KB = 3042 MB
  Batch 25 [33800,35152) done in 540 ms  h_edges=7930861
  NeighborhoodSlab: 1352 threads × 2304 KB = 3042 MB
  Batch 26 [35152,36504) done in 542 ms  h_edges=7956054
  NeighborhoodSlab: 1352 threads × 2304 KB = 3042 MB
  Batch 27 [36504,37856) done in 540 ms  h_edges=7983527
  NeighborhoodSlab: 1352 threads × 2304 KB = 3042 MB
  Batch 28 [37856,39208) done in 572 ms  h_edges=8009449
  NeighborhoodSlab: 1352 threads × 2304 KB = 3042 MB
  Batch 29 [39208,40560) done in 535 ms  h_edges=8037372
  NeighborhoodSlab: 1352 threads × 2304 KB = 3042 MB
  Batch 30 [40560,41912) done in 596 ms  h_edges=8064751
  NeighborhoodSlab: 1352 threads × 2304 KB = 3042 MB
  Batch 31 [41912,43264) done in 602 ms  h_edges=8090772
  NeighborhoodSlab: 1352 threads × 2304 KB = 3042 MB
  Batch 32 [43264,44616) done in 564 ms  h_edges=8117136
  NeighborhoodSlab: 1352 threads × 2304 KB = 3042 MB
  Batch 33 [44616,45968) done in 501 ms  h_edges=8142941
  NeighborhoodSlab: 1352 threads × 2304 KB = 3042 MB
  Batch 34 [45968,47320) done in 509 ms  h_edges=8168613
  NeighborhoodSlab: 1352 threads × 2304 KB = 3042 MB
  Batch 35 [47320,48672) done in 566 ms  h_edges=8195483
  NeighborhoodSlab: 1352 threads × 2304 KB = 3042 MB
  Batch 36 [48672,50024) done in 568 ms  h_edges=8222331
  NeighborhoodSlab: 1352 threads × 2304 KB = 3042 MB
  Batch 37 [50024,51376) done in 638 ms  h_edges=8248711
  NeighborhoodSlab: 1352 threads × 2304 KB = 3042 MB
  Batch 38 [51376,52728) done in 563 ms  h_edges=8274882
  NeighborhoodSlab: 1352 threads × 2304 KB = 3042 MB
  Batch 39 [52728,54080) done in 565 ms  h_edges=8301923
  NeighborhoodSlab: 1352 threads × 2304 KB = 3042 MB
  Batch 40 [54080,55432) done in 543 ms  h_edges=8327545
  NeighborhoodSlab: 1352 threads × 2304 KB = 3042 MB
  Batch 41 [55432,56784) done in 579 ms  h_edges=8353170
  NeighborhoodSlab: 1352 threads × 2304 KB = 3042 MB
  Batch 42 [56784,58136) done in 524 ms  h_edges=8379607
  NeighborhoodSlab: 1352 threads × 2304 KB = 3042 MB
  Batch 43 [58136,59488) done in 516 ms  h_edges=8405014
  NeighborhoodSlab: 1352 threads × 2304 KB = 3042 MB
  Batch 44 [59488,60840) done in 545 ms  h_edges=8432902
  NeighborhoodSlab: 1352 threads × 2304 KB = 3042 MB
  Batch 45 [60840,62192) done in 546 ms  h_edges=8458610
  NeighborhoodSlab: 1352 threads × 2304 KB = 3042 MB
  Batch 46 [62192,63544) done in 705 ms  h_edges=8485892
  NeighborhoodSlab: 1352 threads × 2304 KB = 3042 MB
  Batch 47 [63544,64896) done in 614 ms  h_edges=8511038
  NeighborhoodSlab: 1352 threads × 2304 KB = 3042 MB
  Batch 48 [64896,66248) done in 474 ms  h_edges=8537147
  NeighborhoodSlab: 1352 threads × 2304 KB = 3042 MB
  Batch 49 [66248,67600) done in 506 ms  h_edges=8563935
  NeighborhoodSlab: 1352 threads × 2304 KB = 3042 MB
  Batch 50 [67600,68952) done in 572 ms  h_edges=8589151
  NeighborhoodSlab: 1352 threads × 2304 KB = 3042 MB
  Batch 51 [68952,70304) done in 562 ms  h_edges=8617551
  NeighborhoodSlab: 1352 threads × 2304 KB = 3042 MB
  Batch 52 [70304,71656) done in 570 ms  h_edges=8643506
  NeighborhoodSlab: 1352 threads × 2304 KB = 3042 MB
  Batch 53 [71656,73008) done in 521 ms  h_edges=8670276
  NeighborhoodSlab: 1352 threads × 2304 KB = 3042 MB
  Batch 54 [73008,74360) done in 581 ms  h_edges=8696229
  NeighborhoodSlab: 1352 threads × 2304 KB = 3042 MB
  Batch 55 [74360,75712) done in 542 ms  h_edges=8723541
  NeighborhoodSlab: 1352 threads × 2304 KB = 3042 MB
  Batch 56 [75712,77064) done in 574 ms  h_edges=8748204
  NeighborhoodSlab: 1352 threads × 2304 KB = 3042 MB
  Batch 57 [77064,78416) done in 505 ms  h_edges=8774930
  NeighborhoodSlab: 1352 threads × 2304 KB = 3042 MB
  Batch 58 [78416,79768) done in 648 ms  h_edges=8801649
  NeighborhoodSlab: 1333 threads × 2304 KB = 2999 MB
  Batch 59 [79768,81101) done in 551 ms  h_edges=8828745
  DeviceGraph: fwd=8828745 bwd=8828745 edges
  Year 2030 total: 48213 ms  (pop: 1432775)

--- Year 2031 (pop: 1432775) ---
  Adding 85967 new papers
  DeviceGraph: fwd=8828745 bwd=8828745 edges
  Processing 85967 papers in 60 batches of ~1433
  NeighborhoodSlab: 1433 threads × 2304 KB = 3224 MB
  Batch 0 [0,1433) done in 673 ms  h_edges=8858519
  NeighborhoodSlab: 1433 threads × 2304 KB = 3224 MB
  Batch 1 [1433,2866) done in 716 ms  h_edges=8885181
  NeighborhoodSlab: 1433 threads × 2304 KB = 3224 MB
  Batch 2 [2866,4299) done in 651 ms  h_edges=8913869
  NeighborhoodSlab: 1433 threads × 2304 KB = 3224 MB
  Batch 3 [4299,5732) done in 784 ms  h_edges=8942236
  NeighborhoodSlab: 1433 threads × 2304 KB = 3224 MB
  Batch 4 [5732,7165) done in 704 ms  h_edges=8969296
  NeighborhoodSlab: 1433 threads × 2304 KB = 3224 MB
  Batch 5 [7165,8598) done in 674 ms  h_edges=8998489
  NeighborhoodSlab: 1433 threads × 2304 KB = 3224 MB
  Batch 6 [8598,10031) done in 668 ms  h_edges=9026518
  NeighborhoodSlab: 1433 threads × 2304 KB = 3224 MB
  Batch 7 [10031,11464) done in 722 ms  h_edges=9054639
  NeighborhoodSlab: 1433 threads × 2304 KB = 3224 MB
  Batch 8 [11464,12897) done in 738 ms  h_edges=9084786
  NeighborhoodSlab: 1433 threads × 2304 KB = 3224 MB
  Batch 9 [12897,14330) done in 666 ms  h_edges=9113341
  NeighborhoodSlab: 1433 threads × 2304 KB = 3224 MB
  Batch 10 [14330,15763) done in 695 ms  h_edges=9139720
  NeighborhoodSlab: 1433 threads × 2304 KB = 3224 MB
  Batch 11 [15763,17196) done in 760 ms  h_edges=9168938
  NeighborhoodSlab: 1433 threads × 2304 KB = 3224 MB
  Batch 12 [17196,18629) done in 699 ms  h_edges=9196358
  NeighborhoodSlab: 1433 threads × 2304 KB = 3224 MB
  Batch 13 [18629,20062) done in 756 ms  h_edges=9223534
  NeighborhoodSlab: 1433 threads × 2304 KB = 3224 MB
  Batch 14 [20062,21495) done in 715 ms  h_edges=9250765
  NeighborhoodSlab: 1433 threads × 2304 KB = 3224 MB
  Batch 15 [21495,22928) done in 700 ms  h_edges=9277296
  NeighborhoodSlab: 1433 threads × 2304 KB = 3224 MB
  Batch 16 [22928,24361) done in 672 ms  h_edges=9307738
  NeighborhoodSlab: 1433 threads × 2304 KB = 3224 MB
  Batch 17 [24361,25794) done in 804 ms  h_edges=9337078
  NeighborhoodSlab: 1433 threads × 2304 KB = 3224 MB
  Batch 18 [25794,27227) done in 713 ms  h_edges=9365776
  NeighborhoodSlab: 1433 threads × 2304 KB = 3224 MB
  Batch 19 [27227,28660) done in 687 ms  h_edges=9393764
  NeighborhoodSlab: 1433 threads × 2304 KB = 3224 MB
  Batch 20 [28660,30093) done in 711 ms  h_edges=9420814
  NeighborhoodSlab: 1433 threads × 2304 KB = 3224 MB
  Batch 21 [30093,31526) done in 704 ms  h_edges=9448921
  NeighborhoodSlab: 1433 threads × 2304 KB = 3224 MB
  Batch 22 [31526,32959) done in 714 ms  h_edges=9476537
  NeighborhoodSlab: 1433 threads × 2304 KB = 3224 MB
  Batch 23 [32959,34392) done in 724 ms  h_edges=9504103
  NeighborhoodSlab: 1433 threads × 2304 KB = 3224 MB
  Batch 24 [34392,35825) done in 723 ms  h_edges=9532757
  NeighborhoodSlab: 1433 threads × 2304 KB = 3224 MB
  Batch 25 [35825,37258) done in 712 ms  h_edges=9560053
  NeighborhoodSlab: 1433 threads × 2304 KB = 3224 MB
  Batch 26 [37258,38691) done in 648 ms  h_edges=9588166
  NeighborhoodSlab: 1433 threads × 2304 KB = 3224 MB
  Batch 27 [38691,40124) done in 706 ms  h_edges=9618431
  NeighborhoodSlab: 1433 threads × 2304 KB = 3224 MB
  Batch 28 [40124,41557) done in 633 ms  h_edges=9647011
  NeighborhoodSlab: 1433 threads × 2304 KB = 3224 MB
  Batch 29 [41557,42990) done in 634 ms  h_edges=9674976
  NeighborhoodSlab: 1433 threads × 2304 KB = 3224 MB
  Batch 30 [42990,44423) done in 665 ms  h_edges=9703368
  NeighborhoodSlab: 1433 threads × 2304 KB = 3224 MB
  Batch 31 [44423,45856) done in 779 ms  h_edges=9732212
  NeighborhoodSlab: 1433 threads × 2304 KB = 3224 MB
  Batch 32 [45856,47289) done in 630 ms  h_edges=9760075
  NeighborhoodSlab: 1433 threads × 2304 KB = 3224 MB
  Batch 33 [47289,48722) done in 752 ms  h_edges=9787880
  NeighborhoodSlab: 1433 threads × 2304 KB = 3224 MB
  Batch 34 [48722,50155) done in 703 ms  h_edges=9816375
  NeighborhoodSlab: 1433 threads × 2304 KB = 3224 MB
  Batch 35 [50155,51588) done in 738 ms  h_edges=9844577
  NeighborhoodSlab: 1433 threads × 2304 KB = 3224 MB
  Batch 36 [51588,53021) done in 669 ms  h_edges=9872594
  NeighborhoodSlab: 1433 threads × 2304 KB = 3224 MB
  Batch 37 [53021,54454) done in 722 ms  h_edges=9900461
  NeighborhoodSlab: 1433 threads × 2304 KB = 3224 MB
  Batch 38 [54454,55887) done in 584 ms  h_edges=9928658
  NeighborhoodSlab: 1433 threads × 2304 KB = 3224 MB
  Batch 39 [55887,57320) done in 656 ms  h_edges=9956562
  NeighborhoodSlab: 1433 threads × 2304 KB = 3224 MB
  Batch 40 [57320,58753) done in 699 ms  h_edges=9983287
  NeighborhoodSlab: 1433 threads × 2304 KB = 3224 MB
  Batch 41 [58753,60186) done in 681 ms  h_edges=10010617
  NeighborhoodSlab: 1433 threads × 2304 KB = 3224 MB
  Batch 42 [60186,61619) done in 668 ms  h_edges=10037963
  NeighborhoodSlab: 1433 threads × 2304 KB = 3224 MB
  Batch 43 [61619,63052) done in 747 ms  h_edges=10065756
  NeighborhoodSlab: 1433 threads × 2304 KB = 3224 MB
  Batch 44 [63052,64485) done in 689 ms  h_edges=10092734
  NeighborhoodSlab: 1433 threads × 2304 KB = 3224 MB
  Batch 45 [64485,65918) done in 646 ms  h_edges=10119365
  NeighborhoodSlab: 1433 threads × 2304 KB = 3224 MB
  Batch 46 [65918,67351) done in 723 ms  h_edges=10146673
  NeighborhoodSlab: 1433 threads × 2304 KB = 3224 MB
  Batch 47 [67351,68784) done in 688 ms  h_edges=10174255
  NeighborhoodSlab: 1433 threads × 2304 KB = 3224 MB
  Batch 48 [68784,70217) done in 667 ms  h_edges=10201753
  NeighborhoodSlab: 1433 threads × 2304 KB = 3224 MB
  Batch 49 [70217,71650) done in 720 ms  h_edges=10230165
  NeighborhoodSlab: 1433 threads × 2304 KB = 3224 MB
  Batch 50 [71650,73083) done in 775 ms  h_edges=10259788
  NeighborhoodSlab: 1433 threads × 2304 KB = 3224 MB
  Batch 51 [73083,74516) done in 817 ms  h_edges=10288284
  NeighborhoodSlab: 1433 threads × 2304 KB = 3224 MB
  Batch 52 [74516,75949) done in 642 ms  h_edges=10316838
  NeighborhoodSlab: 1433 threads × 2304 KB = 3224 MB
  Batch 53 [75949,77382) done in 868 ms  h_edges=10343377
  NeighborhoodSlab: 1433 threads × 2304 KB = 3224 MB
  Batch 54 [77382,78815) done in 735 ms  h_edges=10371376
  NeighborhoodSlab: 1433 threads × 2304 KB = 3224 MB
  Batch 55 [78815,80248) done in 736 ms  h_edges=10399355
  NeighborhoodSlab: 1433 threads × 2304 KB = 3224 MB
  Batch 56 [80248,81681) done in 682 ms  h_edges=10426723
  NeighborhoodSlab: 1433 threads × 2304 KB = 3224 MB
  Batch 57 [81681,83114) done in 644 ms  h_edges=10455655
  NeighborhoodSlab: 1433 threads × 2304 KB = 3224 MB
  Batch 58 [83114,84547) done in 682 ms  h_edges=10483193
  NeighborhoodSlab: 1420 threads × 2304 KB = 3195 MB
  Batch 59 [84547,85967) done in 681 ms  h_edges=10511319
  DeviceGraph: fwd=10511319 bwd=10511319 edges
  Year 2031 total: 60646 ms  (pop: 1518742)

--- Year 2032 (pop: 1518742) ---
  Adding 91125 new papers
  DeviceGraph: fwd=10511319 bwd=10511319 edges
  Processing 91125 papers in 60 batches of ~1519
  NeighborhoodSlab: 1519 threads × 2304 KB = 3417 MB
  Batch 0 [0,1519) done in 946 ms  h_edges=10538271
  NeighborhoodSlab: 1519 threads × 2304 KB = 3417 MB
  Batch 1 [1519,3038) done in 856 ms  h_edges=10566623
  NeighborhoodSlab: 1519 threads × 2304 KB = 3417 MB
  Batch 2 [3038,4557) done in 875 ms  h_edges=10596368
  NeighborhoodSlab: 1519 threads × 2304 KB = 3417 MB
  Batch 3 [4557,6076) done in 781 ms  h_edges=10624328
  NeighborhoodSlab: 1519 threads × 2304 KB = 3417 MB
  Batch 4 [6076,7595) done in 769 ms  h_edges=10654422
  NeighborhoodSlab: 1519 threads × 2304 KB = 3417 MB
  Batch 5 [7595,9114) done in 1005 ms  h_edges=10684173
  NeighborhoodSlab: 1519 threads × 2304 KB = 3417 MB
  Batch 6 [9114,10633) done in 858 ms  h_edges=10715214
  NeighborhoodSlab: 1519 threads × 2304 KB = 3417 MB
  Batch 7 [10633,12152) done in 881 ms  h_edges=10743440
  NeighborhoodSlab: 1519 threads × 2304 KB = 3417 MB
  Batch 8 [12152,13671) done in 787 ms  h_edges=10772398
  NeighborhoodSlab: 1519 threads × 2304 KB = 3417 MB
  Batch 9 [13671,15190) done in 931 ms  h_edges=10800454
  NeighborhoodSlab: 1519 threads × 2304 KB = 3417 MB
  Batch 10 [15190,16709) done in 911 ms  h_edges=10829002
  NeighborhoodSlab: 1519 threads × 2304 KB = 3417 MB
  Batch 11 [16709,18228) done in 852 ms  h_edges=10857342
  NeighborhoodSlab: 1519 threads × 2304 KB = 3417 MB
  Batch 12 [18228,19747) done in 875 ms  h_edges=10888233
  NeighborhoodSlab: 1519 threads × 2304 KB = 3417 MB
  Batch 13 [19747,21266) done in 914 ms  h_edges=10919218
  NeighborhoodSlab: 1519 threads × 2304 KB = 3417 MB
  Batch 14 [21266,22785) done in 862 ms  h_edges=10948716
  NeighborhoodSlab: 1519 threads × 2304 KB = 3417 MB
  Batch 15 [22785,24304) done in 817 ms  h_edges=10977671
  NeighborhoodSlab: 1519 threads × 2304 KB = 3417 MB
  Batch 16 [24304,25823) done in 853 ms  h_edges=11007072
  NeighborhoodSlab: 1519 threads × 2304 KB = 3417 MB
  Batch 17 [25823,27342) done in 896 ms  h_edges=11036576
  NeighborhoodSlab: 1519 threads × 2304 KB = 3417 MB
  Batch 18 [27342,28861) done in 846 ms  h_edges=11067658
  NeighborhoodSlab: 1519 threads × 2304 KB = 3417 MB
  Batch 19 [28861,30380) done in 818 ms  h_edges=11097894
  NeighborhoodSlab: 1519 threads × 2304 KB = 3417 MB
  Batch 20 [30380,31899) done in 911 ms  h_edges=11129289
  NeighborhoodSlab: 1519 threads × 2304 KB = 3417 MB
  Batch 21 [31899,33418) done in 890 ms  h_edges=11158671
  NeighborhoodSlab: 1519 threads × 2304 KB = 3417 MB
  Batch 22 [33418,34937) done in 910 ms  h_edges=11188485
  NeighborhoodSlab: 1519 threads × 2304 KB = 3417 MB
  Batch 23 [34937,36456) done in 979 ms  h_edges=11218089
  NeighborhoodSlab: 1519 threads × 2304 KB = 3417 MB
  Batch 24 [36456,37975) done in 902 ms  h_edges=11247700
  NeighborhoodSlab: 1519 threads × 2304 KB = 3417 MB
  Batch 25 [37975,39494) done in 813 ms  h_edges=11276619
  NeighborhoodSlab: 1519 threads × 2304 KB = 3417 MB
  Batch 26 [39494,41013) done in 865 ms  h_edges=11306368
  NeighborhoodSlab: 1519 threads × 2304 KB = 3417 MB
  Batch 27 [41013,42532) done in 883 ms  h_edges=11337485
  NeighborhoodSlab: 1519 threads × 2304 KB = 3417 MB
  Batch 28 [42532,44051) done in 903 ms  h_edges=11367976
  NeighborhoodSlab: 1519 threads × 2304 KB = 3417 MB
  Batch 29 [44051,45570) done in 926 ms  h_edges=11398569
  NeighborhoodSlab: 1519 threads × 2304 KB = 3417 MB
  Batch 30 [45570,47089) done in 817 ms  h_edges=11428430
  NeighborhoodSlab: 1519 threads × 2304 KB = 3417 MB
  Batch 31 [47089,48608) done in 813 ms  h_edges=11457767
  NeighborhoodSlab: 1519 threads × 2304 KB = 3417 MB
  Batch 32 [48608,50127) done in 820 ms  h_edges=11489184
  NeighborhoodSlab: 1519 threads × 2304 KB = 3417 MB
  Batch 33 [50127,51646) done in 816 ms  h_edges=11516759
  NeighborhoodSlab: 1519 threads × 2304 KB = 3417 MB
  Batch 34 [51646,53165) done in 1016 ms  h_edges=11547404
  NeighborhoodSlab: 1519 threads × 2304 KB = 3417 MB
  Batch 35 [53165,54684) done in 961 ms  h_edges=11576982
  NeighborhoodSlab: 1519 threads × 2304 KB = 3417 MB
  Batch 36 [54684,56203) done in 887 ms  h_edges=11605274
  NeighborhoodSlab: 1519 threads × 2304 KB = 3417 MB
  Batch 37 [56203,57722) done in 1031 ms  h_edges=11634738
  NeighborhoodSlab: 1519 threads × 2304 KB = 3417 MB
  Batch 38 [57722,59241) done in 830 ms  h_edges=11664459
  NeighborhoodSlab: 1519 threads × 2304 KB = 3417 MB
  Batch 39 [59241,60760) done in 937 ms  h_edges=11693607
  NeighborhoodSlab: 1519 threads × 2304 KB = 3417 MB
  Batch 40 [60760,62279) done in 925 ms  h_edges=11723161
  NeighborhoodSlab: 1519 threads × 2304 KB = 3417 MB
  Batch 41 [62279,63798) done in 797 ms  h_edges=11753524
  NeighborhoodSlab: 1519 threads × 2304 KB = 3417 MB
  Batch 42 [63798,65317) done in 963 ms  h_edges=11782443
  NeighborhoodSlab: 1519 threads × 2304 KB = 3417 MB
  Batch 43 [65317,66836) done in 780 ms  h_edges=11814258
  NeighborhoodSlab: 1519 threads × 2304 KB = 3417 MB
  Batch 44 [66836,68355) done in 988 ms  h_edges=11843696
  NeighborhoodSlab: 1519 threads × 2304 KB = 3417 MB
  Batch 45 [68355,69874) done in 880 ms  h_edges=11872691
  NeighborhoodSlab: 1519 threads × 2304 KB = 3417 MB
  Batch 46 [69874,71393) done in 977 ms  h_edges=11902739
  NeighborhoodSlab: 1519 threads × 2304 KB = 3417 MB
  Batch 47 [71393,72912) done in 936 ms  h_edges=11930869
  NeighborhoodSlab: 1519 threads × 2304 KB = 3417 MB
  Batch 48 [72912,74431) done in 788 ms  h_edges=11961452
  NeighborhoodSlab: 1519 threads × 2304 KB = 3417 MB
  Batch 49 [74431,75950) done in 923 ms  h_edges=11991050
  NeighborhoodSlab: 1519 threads × 2304 KB = 3417 MB
  Batch 50 [75950,77469) done in 892 ms  h_edges=12022042
  NeighborhoodSlab: 1519 threads × 2304 KB = 3417 MB
  Batch 51 [77469,78988) done in 1126 ms  h_edges=12051215
  NeighborhoodSlab: 1519 threads × 2304 KB = 3417 MB
  Batch 52 [78988,80507) done in 829 ms  h_edges=12079955
  NeighborhoodSlab: 1519 threads × 2304 KB = 3417 MB
  Batch 53 [80507,82026) done in 905 ms  h_edges=12109914
  NeighborhoodSlab: 1519 threads × 2304 KB = 3417 MB
  Batch 54 [82026,83545) done in 856 ms  h_edges=12140207
  NeighborhoodSlab: 1519 threads × 2304 KB = 3417 MB
  Batch 55 [83545,85064) done in 880 ms  h_edges=12168113
  NeighborhoodSlab: 1519 threads × 2304 KB = 3417 MB
  Batch 56 [85064,86583) done in 804 ms  h_edges=12196531
  NeighborhoodSlab: 1519 threads × 2304 KB = 3417 MB
  Batch 57 [86583,88102) done in 864 ms  h_edges=12227476
  NeighborhoodSlab: 1519 threads × 2304 KB = 3417 MB
  Batch 58 [88102,89621) done in 863 ms  h_edges=12258663
  NeighborhoodSlab: 1504 threads × 2304 KB = 3384 MB
  Batch 59 [89621,91125) done in 1020 ms  h_edges=12291328
  DeviceGraph: fwd=12291328 bwd=12291328 edges
  Year 2032 total: 75405 ms  (pop: 1609867)

--- Year 2033 (pop: 1609867) ---
  Adding 96593 new papers
  DeviceGraph: fwd=12291328 bwd=12291328 edges
  Processing 96593 papers in 60 batches of ~1610
  NeighborhoodSlab: 1610 threads × 2304 KB = 3622 MB
  Batch 0 [0,1610) done in 1128 ms  h_edges=12324348
  NeighborhoodSlab: 1610 threads × 2304 KB = 3622 MB
  Batch 1 [1610,3220) done in 1076 ms  h_edges=12355797
  NeighborhoodSlab: 1610 threads × 2304 KB = 3622 MB
  Batch 2 [3220,4830) done in 1111 ms  h_edges=12384789
  NeighborhoodSlab: 1610 threads × 2304 KB = 3622 MB
  Batch 3 [4830,6440) done in 1043 ms  h_edges=12415992
  NeighborhoodSlab: 1610 threads × 2304 KB = 3622 MB
  Batch 4 [6440,8050) done in 1051 ms  h_edges=12448910
  NeighborhoodSlab: 1610 threads × 2304 KB = 3622 MB
  Batch 5 [8050,9660) done in 980 ms  h_edges=12481346
  NeighborhoodSlab: 1610 threads × 2304 KB = 3622 MB
  Batch 6 [9660,11270) done in 1003 ms  h_edges=12511987
  NeighborhoodSlab: 1610 threads × 2304 KB = 3622 MB
  Batch 7 [11270,12880) done in 1092 ms  h_edges=12544694
  NeighborhoodSlab: 1610 threads × 2304 KB = 3622 MB
  Batch 8 [12880,14490) done in 1024 ms  h_edges=12576071
  NeighborhoodSlab: 1610 threads × 2304 KB = 3622 MB
  Batch 9 [14490,16100) done in 1327 ms  h_edges=12607579
  NeighborhoodSlab: 1610 threads × 2304 KB = 3622 MB
  Batch 10 [16100,17710) done in 1048 ms  h_edges=12637232
  NeighborhoodSlab: 1610 threads × 2304 KB = 3622 MB
  Batch 11 [17710,19320) done in 1146 ms  h_edges=12669714
  NeighborhoodSlab: 1610 threads × 2304 KB = 3622 MB
  Batch 12 [19320,20930) done in 1101 ms  h_edges=12701469
  NeighborhoodSlab: 1610 threads × 2304 KB = 3622 MB
  Batch 13 [20930,22540) done in 1097 ms  h_edges=12733369
  NeighborhoodSlab: 1610 threads × 2304 KB = 3622 MB
  Batch 14 [22540,24150) done in 1121 ms  h_edges=12764759
  NeighborhoodSlab: 1610 threads × 2304 KB = 3622 MB
  Batch 15 [24150,25760) done in 1094 ms  h_edges=12797350
  NeighborhoodSlab: 1610 threads × 2304 KB = 3622 MB
  Batch 16 [25760,27370) done in 1141 ms  h_edges=12827605
  NeighborhoodSlab: 1610 threads × 2304 KB = 3622 MB
  Batch 17 [27370,28980) done in 1113 ms  h_edges=12861981
  NeighborhoodSlab: 1610 threads × 2304 KB = 3622 MB
  Batch 18 [28980,30590) done in 1041 ms  h_edges=12893185
  NeighborhoodSlab: 1610 threads × 2304 KB = 3622 MB
  Batch 19 [30590,32200) done in 1099 ms  h_edges=12924227
  NeighborhoodSlab: 1610 threads × 2304 KB = 3622 MB
  Batch 20 [32200,33810) done in 1254 ms  h_edges=12955502
  NeighborhoodSlab: 1610 threads × 2304 KB = 3622 MB
  Batch 21 [33810,35420) done in 1129 ms  h_edges=12986654
  NeighborhoodSlab: 1610 threads × 2304 KB = 3622 MB
  Batch 22 [35420,37030) done in 983 ms  h_edges=13017808
  NeighborhoodSlab: 1610 threads × 2304 KB = 3622 MB
  Batch 23 [37030,38640) done in 1200 ms  h_edges=13049741
  NeighborhoodSlab: 1610 threads × 2304 KB = 3622 MB
  Batch 24 [38640,40250) done in 1158 ms  h_edges=13083106
  NeighborhoodSlab: 1610 threads × 2304 KB = 3622 MB
  Batch 25 [40250,41860) done in 1144 ms  h_edges=13114487
  NeighborhoodSlab: 1610 threads × 2304 KB = 3622 MB
  Batch 26 [41860,43470) done in 1073 ms  h_edges=13146334
  NeighborhoodSlab: 1610 threads × 2304 KB = 3622 MB
  Batch 27 [43470,45080) done in 1038 ms  h_edges=13177810
  NeighborhoodSlab: 1610 threads × 2304 KB = 3622 MB
  Batch 28 [45080,46690) done in 1004 ms  h_edges=13209903
  NeighborhoodSlab: 1610 threads × 2304 KB = 3622 MB
  Batch 29 [46690,48300) done in 983 ms  h_edges=13240644
  NeighborhoodSlab: 1610 threads × 2304 KB = 3622 MB
  Batch 30 [48300,49910) done in 1123 ms  h_edges=13271416
  NeighborhoodSlab: 1610 threads × 2304 KB = 3622 MB
  Batch 31 [49910,51520) done in 1034 ms  h_edges=13305648
  NeighborhoodSlab: 1610 threads × 2304 KB = 3622 MB
  Batch 32 [51520,53130) done in 1094 ms  h_edges=13336707
  NeighborhoodSlab: 1610 threads × 2304 KB = 3622 MB
  Batch 33 [53130,54740) done in 1066 ms  h_edges=13367813
  NeighborhoodSlab: 1610 threads × 2304 KB = 3622 MB
  Batch 34 [54740,56350) done in 1167 ms  h_edges=13400157
  NeighborhoodSlab: 1610 threads × 2304 KB = 3622 MB
  Batch 35 [56350,57960) done in 1189 ms  h_edges=13431613
  NeighborhoodSlab: 1610 threads × 2304 KB = 3622 MB
  Batch 36 [57960,59570) done in 1095 ms  h_edges=13464339
  NeighborhoodSlab: 1610 threads × 2304 KB = 3622 MB
  Batch 37 [59570,61180) done in 1078 ms  h_edges=13495778
  NeighborhoodSlab: 1610 threads × 2304 KB = 3622 MB
  Batch 38 [61180,62790) done in 1190 ms  h_edges=13528575
  NeighborhoodSlab: 1610 threads × 2304 KB = 3622 MB
  Batch 39 [62790,64400) done in 1099 ms  h_edges=13560594
  NeighborhoodSlab: 1610 threads × 2304 KB = 3622 MB
  Batch 40 [64400,66010) done in 952 ms  h_edges=13593817
  NeighborhoodSlab: 1610 threads × 2304 KB = 3622 MB
  Batch 41 [66010,67620) done in 1198 ms  h_edges=13625227
  NeighborhoodSlab: 1610 threads × 2304 KB = 3622 MB
  Batch 42 [67620,69230) done in 1020 ms  h_edges=13657689
  NeighborhoodSlab: 1610 threads × 2304 KB = 3622 MB
  Batch 43 [69230,70840) done in 1160 ms  h_edges=13689239
  NeighborhoodSlab: 1610 threads × 2304 KB = 3622 MB
  Batch 44 [70840,72450) done in 968 ms  h_edges=13719533
  NeighborhoodSlab: 1610 threads × 2304 KB = 3622 MB
  Batch 45 [72450,74060) done in 1103 ms  h_edges=13752261
  NeighborhoodSlab: 1610 threads × 2304 KB = 3622 MB
  Batch 46 [74060,75670) done in 1114 ms  h_edges=13782769
  NeighborhoodSlab: 1610 threads × 2304 KB = 3622 MB
  Batch 47 [75670,77280) done in 1105 ms  h_edges=13814946
  NeighborhoodSlab: 1610 threads × 2304 KB = 3622 MB
  Batch 48 [77280,78890) done in 1076 ms  h_edges=13847331
  NeighborhoodSlab: 1610 threads × 2304 KB = 3622 MB
  Batch 49 [78890,80500) done in 1233 ms  h_edges=13878626
  NeighborhoodSlab: 1610 threads × 2304 KB = 3622 MB
  Batch 50 [80500,82110) done in 1113 ms  h_edges=13911414
  NeighborhoodSlab: 1610 threads × 2304 KB = 3622 MB
  Batch 51 [82110,83720) done in 1119 ms  h_edges=13945957
  NeighborhoodSlab: 1610 threads × 2304 KB = 3622 MB
  Batch 52 [83720,85330) done in 1038 ms  h_edges=13977216
  NeighborhoodSlab: 1610 threads × 2304 KB = 3622 MB
  Batch 53 [85330,86940) done in 1035 ms  h_edges=14008111
  NeighborhoodSlab: 1610 threads × 2304 KB = 3622 MB
  Batch 54 [86940,88550) done in 1258 ms  h_edges=14041237
  NeighborhoodSlab: 1610 threads × 2304 KB = 3622 MB
  Batch 55 [88550,90160) done in 1108 ms  h_edges=14074104
  NeighborhoodSlab: 1610 threads × 2304 KB = 3622 MB
  Batch 56 [90160,91770) done in 1140 ms  h_edges=14106203
  NeighborhoodSlab: 1610 threads × 2304 KB = 3622 MB
  Batch 57 [91770,93380) done in 1061 ms  h_edges=14137563
  NeighborhoodSlab: 1610 threads × 2304 KB = 3622 MB
  Batch 58 [93380,94990) done in 1043 ms  h_edges=14170867
  NeighborhoodSlab: 1603 threads × 2304 KB = 3606 MB
  Batch 59 [94990,96593) done in 1016 ms  h_edges=14202697
  DeviceGraph: fwd=14202697 bwd=14202697 edges
  Year 2033 total: 91693 ms  (pop: 1706460)

--- Year 2034 (pop: 1706460) ---
  Adding 102388 new papers
  DeviceGraph: fwd=14202697 bwd=14202697 edges
  Processing 102388 papers in 60 batches of ~1707
  NeighborhoodSlab: 1707 threads × 2304 KB = 3840 MB
  Batch 0 [0,1707) done in 1086 ms  h_edges=14237989
  NeighborhoodSlab: 1707 threads × 2304 KB = 3840 MB
  Batch 1 [1707,3414) done in 1056 ms  h_edges=14270909
  NeighborhoodSlab: 1707 threads × 2304 KB = 3840 MB
  Batch 2 [3414,5121) done in 1143 ms  h_edges=14305814
  NeighborhoodSlab: 1707 threads × 2304 KB = 3840 MB
  Batch 3 [5121,6828) done in 1180 ms  h_edges=14338965
  NeighborhoodSlab: 1707 threads × 2304 KB = 3840 MB
  Batch 4 [6828,8535) done in 1098 ms  h_edges=14372576
  NeighborhoodSlab: 1707 threads × 2304 KB = 3840 MB
  Batch 5 [8535,10242) done in 1202 ms  h_edges=14404273
  NeighborhoodSlab: 1707 threads × 2304 KB = 3840 MB
  Batch 6 [10242,11949) done in 1151 ms  h_edges=14438461
  NeighborhoodSlab: 1707 threads × 2304 KB = 3840 MB
  Batch 7 [11949,13656) done in 1174 ms  h_edges=14472408
  NeighborhoodSlab: 1707 threads × 2304 KB = 3840 MB
  Batch 8 [13656,15363) done in 1154 ms  h_edges=14505237
  NeighborhoodSlab: 1707 threads × 2304 KB = 3840 MB
  Batch 9 [15363,17070) done in 1502 ms  h_edges=14537837
  NeighborhoodSlab: 1707 threads × 2304 KB = 3840 MB
  Batch 10 [17070,18777) done in 1101 ms  h_edges=14572604
  NeighborhoodSlab: 1707 threads × 2304 KB = 3840 MB
  Batch 11 [18777,20484) done in 1164 ms  h_edges=14606840
  NeighborhoodSlab: 1707 threads × 2304 KB = 3840 MB
  Batch 12 [20484,22191) done in 1067 ms  h_edges=14638123
  NeighborhoodSlab: 1707 threads × 2304 KB = 3840 MB
  Batch 13 [22191,23898) done in 1069 ms  h_edges=14671306
  NeighborhoodSlab: 1707 threads × 2304 KB = 3840 MB
  Batch 14 [23898,25605) done in 1166 ms  h_edges=14704278
  NeighborhoodSlab: 1707 threads × 2304 KB = 3840 MB
  Batch 15 [25605,27312) done in 1223 ms  h_edges=14737677
  NeighborhoodSlab: 1707 threads × 2304 KB = 3840 MB
  Batch 16 [27312,29019) done in 1140 ms  h_edges=14772194
  NeighborhoodSlab: 1707 threads × 2304 KB = 3840 MB
  Batch 17 [29019,30726) done in 1160 ms  h_edges=14806653
  NeighborhoodSlab: 1707 threads × 2304 KB = 3840 MB
  Batch 18 [30726,32433) done in 1188 ms  h_edges=14839384
  NeighborhoodSlab: 1707 threads × 2304 KB = 3840 MB
  Batch 19 [32433,34140) done in 1117 ms  h_edges=14872586
  NeighborhoodSlab: 1707 threads × 2304 KB = 3840 MB
  Batch 20 [34140,35847) done in 1171 ms  h_edges=14907479
  NeighborhoodSlab: 1707 threads × 2304 KB = 3840 MB
  Batch 21 [35847,37554) done in 1033 ms  h_edges=14938663
  NeighborhoodSlab: 1707 threads × 2304 KB = 3840 MB
  Batch 22 [37554,39261) done in 1231 ms  h_edges=14972273
  NeighborhoodSlab: 1707 threads × 2304 KB = 3840 MB
  Batch 23 [39261,40968) done in 1134 ms  h_edges=15005813
  NeighborhoodSlab: 1707 threads × 2304 KB = 3840 MB
  Batch 24 [40968,42675) done in 1050 ms  h_edges=15038957
  NeighborhoodSlab: 1707 threads × 2304 KB = 3840 MB
  Batch 25 [42675,44382) done in 1050 ms  h_edges=15069645
  NeighborhoodSlab: 1707 threads × 2304 KB = 3840 MB
  Batch 26 [44382,46089) done in 1234 ms  h_edges=15105718
  NeighborhoodSlab: 1707 threads × 2304 KB = 3840 MB
  Batch 27 [46089,47796) done in 1056 ms  h_edges=15139409
  NeighborhoodSlab: 1707 threads × 2304 KB = 3840 MB
  Batch 28 [47796,49503) done in 1155 ms  h_edges=15172643
  NeighborhoodSlab: 1707 threads × 2304 KB = 3840 MB
  Batch 29 [49503,51210) done in 1139 ms  h_edges=15207306
  NeighborhoodSlab: 1707 threads × 2304 KB = 3840 MB
  Batch 30 [51210,52917) done in 1125 ms  h_edges=15238929
  NeighborhoodSlab: 1707 threads × 2304 KB = 3840 MB
  Batch 31 [52917,54624) done in 1152 ms  h_edges=15270547
  NeighborhoodSlab: 1707 threads × 2304 KB = 3840 MB
  Batch 32 [54624,56331) done in 1084 ms  h_edges=15303839
  NeighborhoodSlab: 1707 threads × 2304 KB = 3840 MB
  Batch 33 [56331,58038) done in 1174 ms  h_edges=15335933
  NeighborhoodSlab: 1707 threads × 2304 KB = 3840 MB
  Batch 34 [58038,59745) done in 1166 ms  h_edges=15370002
  NeighborhoodSlab: 1707 threads × 2304 KB = 3840 MB
  Batch 35 [59745,61452) done in 1279 ms  h_edges=15404155
  NeighborhoodSlab: 1707 threads × 2304 KB = 3840 MB
  Batch 36 [61452,63159) done in 1113 ms  h_edges=15436110
  NeighborhoodSlab: 1707 threads × 2304 KB = 3840 MB
  Batch 37 [63159,64866) done in 1105 ms  h_edges=15472331
  NeighborhoodSlab: 1707 threads × 2304 KB = 3840 MB
  Batch 38 [64866,66573) done in 1096 ms  h_edges=15506564
  NeighborhoodSlab: 1707 threads × 2304 KB = 3840 MB
  Batch 39 [66573,68280) done in 1240 ms  h_edges=15540157
  NeighborhoodSlab: 1707 threads × 2304 KB = 3840 MB
  Batch 40 [68280,69987) done in 1296 ms  h_edges=15572467
  NeighborhoodSlab: 1707 threads × 2304 KB = 3840 MB
  Batch 41 [69987,71694) done in 1067 ms  h_edges=15606829
  NeighborhoodSlab: 1707 threads × 2304 KB = 3840 MB
  Batch 42 [71694,73401) done in 1080 ms  h_edges=15640925
  NeighborhoodSlab: 1707 threads × 2304 KB = 3840 MB
  Batch 43 [73401,75108) done in 1099 ms  h_edges=15674480
  NeighborhoodSlab: 1707 threads × 2304 KB = 3840 MB
  Batch 44 [75108,76815) done in 1053 ms  h_edges=15708256
  NeighborhoodSlab: 1707 threads × 2304 KB = 3840 MB
  Batch 45 [76815,78522) done in 1178 ms  h_edges=15741217
  NeighborhoodSlab: 1707 threads × 2304 KB = 3840 MB
  Batch 46 [78522,80229) done in 1141 ms  h_edges=15773051
  NeighborhoodSlab: 1707 threads × 2304 KB = 3840 MB
  Batch 47 [80229,81936) done in 1266 ms  h_edges=15806788
  NeighborhoodSlab: 1707 threads × 2304 KB = 3840 MB
  Batch 48 [81936,83643) done in 1224 ms  h_edges=15839526
  NeighborhoodSlab: 1707 threads × 2304 KB = 3840 MB
  Batch 49 [83643,85350) done in 1206 ms  h_edges=15873392
  NeighborhoodSlab: 1707 threads × 2304 KB = 3840 MB
  Batch 50 [85350,87057) done in 1049 ms  h_edges=15905600
  NeighborhoodSlab: 1707 threads × 2304 KB = 3840 MB
  Batch 51 [87057,88764) done in 1132 ms  h_edges=15938953
  NeighborhoodSlab: 1707 threads × 2304 KB = 3840 MB
  Batch 52 [88764,90471) done in 1170 ms  h_edges=15972270
  NeighborhoodSlab: 1707 threads × 2304 KB = 3840 MB
  Batch 53 [90471,92178) done in 1124 ms  h_edges=16005624
  NeighborhoodSlab: 1707 threads × 2304 KB = 3840 MB
  Batch 54 [92178,93885) done in 1139 ms  h_edges=16038410
  NeighborhoodSlab: 1707 threads × 2304 KB = 3840 MB
  Batch 55 [93885,95592) done in 1139 ms  h_edges=16072028
  NeighborhoodSlab: 1707 threads × 2304 KB = 3840 MB
  Batch 56 [95592,97299) done in 1080 ms  h_edges=16105383
  NeighborhoodSlab: 1707 threads × 2304 KB = 3840 MB
  Batch 57 [97299,99006) done in 1214 ms  h_edges=16138527
  NeighborhoodSlab: 1707 threads × 2304 KB = 3840 MB
  Batch 58 [99006,100713) done in 1106 ms  h_edges=16171847
  NeighborhoodSlab: 1675 threads × 2304 KB = 3768 MB
  Batch 59 [100713,102388) done in 1129 ms  h_edges=16203550
  DeviceGraph: fwd=16203550 bwd=16203550 edges
  Year 2034 total: 99595 ms  (pop: 1808848)

--- Year 2035 (pop: 1808848) ---
  Adding 108531 new papers
  DeviceGraph: fwd=16203550 bwd=16203550 edges
  Processing 108531 papers in 60 batches of ~1809
  NeighborhoodSlab: 1809 threads × 2304 KB = 4070 MB
  Batch 0 [0,1809) done in 1590 ms  h_edges=16239802
  NeighborhoodSlab: 1809 threads × 2304 KB = 4070 MB
  Batch 1 [1809,3618) done in 1195 ms  h_edges=16277470
  NeighborhoodSlab: 1809 threads × 2304 KB = 4070 MB
  Batch 2 [3618,5427) done in 1325 ms  h_edges=16311671
  NeighborhoodSlab: 1809 threads × 2304 KB = 4070 MB
  Batch 3 [5427,7236) done in 1314 ms  h_edges=16346757
  NeighborhoodSlab: 1809 threads × 2304 KB = 4070 MB
  Batch 4 [7236,9045) done in 1367 ms  h_edges=16383217
  NeighborhoodSlab: 1809 threads × 2304 KB = 4070 MB
  Batch 5 [9045,10854) done in 1360 ms  h_edges=16417176
  NeighborhoodSlab: 1809 threads × 2304 KB = 4070 MB
  Batch 6 [10854,12663) done in 1379 ms  h_edges=16453685
  NeighborhoodSlab: 1809 threads × 2304 KB = 4070 MB
  Batch 7 [12663,14472) done in 1470 ms  h_edges=16488327
  NeighborhoodSlab: 1809 threads × 2304 KB = 4070 MB
  Batch 8 [14472,16281) done in 1355 ms  h_edges=16523926
  NeighborhoodSlab: 1809 threads × 2304 KB = 4070 MB
  Batch 9 [16281,18090) done in 1331 ms  h_edges=16560981
  NeighborhoodSlab: 1809 threads × 2304 KB = 4070 MB
  Batch 10 [18090,19899) done in 1297 ms  h_edges=16596770
  NeighborhoodSlab: 1809 threads × 2304 KB = 4070 MB
  Batch 11 [19899,21708) done in 1330 ms  h_edges=16630860
  NeighborhoodSlab: 1809 threads × 2304 KB = 4070 MB
  Batch 12 [21708,23517) done in 1340 ms  h_edges=16665838
  NeighborhoodSlab: 1809 threads × 2304 KB = 4070 MB
  Batch 13 [23517,25326) done in 1290 ms  h_edges=16699630
  NeighborhoodSlab: 1809 threads × 2304 KB = 4070 MB
  Batch 14 [25326,27135) done in 1243 ms  h_edges=16735820
  NeighborhoodSlab: 1809 threads × 2304 KB = 4070 MB
  Batch 15 [27135,28944) done in 1519 ms  h_edges=16771042
  NeighborhoodSlab: 1809 threads × 2304 KB = 4070 MB
  Batch 16 [28944,30753) done in 1341 ms  h_edges=16805987
  NeighborhoodSlab: 1809 threads × 2304 KB = 4070 MB
  Batch 17 [30753,32562) done in 1272 ms  h_edges=16841080
  NeighborhoodSlab: 1809 threads × 2304 KB = 4070 MB
  Batch 18 [32562,34371) done in 1284 ms  h_edges=16878023
  NeighborhoodSlab: 1809 threads × 2304 KB = 4070 MB
  Batch 19 [34371,36180) done in 1408 ms  h_edges=16914284
  NeighborhoodSlab: 1809 threads × 2304 KB = 4070 MB
  Batch 20 [36180,37989) done in 1291 ms  h_edges=16950166
  NeighborhoodSlab: 1809 threads × 2304 KB = 4070 MB
  Batch 21 [37989,39798) done in 1268 ms  h_edges=16985375
  NeighborhoodSlab: 1809 threads × 2304 KB = 4070 MB
  Batch 22 [39798,41607) done in 1587 ms  h_edges=17020126
  NeighborhoodSlab: 1809 threads × 2304 KB = 4070 MB
  Batch 23 [41607,43416) done in 1252 ms  h_edges=17056914
  NeighborhoodSlab: 1809 threads × 2304 KB = 4070 MB
  Batch 24 [43416,45225) done in 1322 ms  h_edges=17094004
  NeighborhoodSlab: 1809 threads × 2304 KB = 4070 MB
  Batch 25 [45225,47034) done in 1273 ms  h_edges=17127280
  NeighborhoodSlab: 1809 threads × 2304 KB = 4070 MB
  Batch 26 [47034,48843) done in 1368 ms  h_edges=17161980
  NeighborhoodSlab: 1809 threads × 2304 KB = 4070 MB
  Batch 27 [48843,50652) done in 1426 ms  h_edges=17195840
  NeighborhoodSlab: 1809 threads × 2304 KB = 4070 MB
  Batch 28 [50652,52461) done in 1409 ms  h_edges=17230804
  NeighborhoodSlab: 1809 threads × 2304 KB = 4070 MB
  Batch 29 [52461,54270) done in 1384 ms  h_edges=17265529
  NeighborhoodSlab: 1809 threads × 2304 KB = 4070 MB
  Batch 30 [54270,56079) done in 1419 ms  h_edges=17300582
  NeighborhoodSlab: 1809 threads × 2304 KB = 4070 MB
  Batch 31 [56079,57888) done in 1373 ms  h_edges=17335630
  NeighborhoodSlab: 1809 threads × 2304 KB = 4070 MB
  Batch 32 [57888,59697) done in 1264 ms  h_edges=17370183
  NeighborhoodSlab: 1809 threads × 2304 KB = 4070 MB
  Batch 33 [59697,61506) done in 1652 ms  h_edges=17405803
  NeighborhoodSlab: 1809 threads × 2304 KB = 4070 MB
  Batch 34 [61506,63315) done in 1411 ms  h_edges=17441570
  NeighborhoodSlab: 1809 threads × 2304 KB = 4070 MB
  Batch 35 [63315,65124) done in 1322 ms  h_edges=17477453
  NeighborhoodSlab: 1809 threads × 2304 KB = 4070 MB
  Batch 36 [65124,66933) done in 1322 ms  h_edges=17511382
  NeighborhoodSlab: 1809 threads × 2304 KB = 4070 MB
  Batch 37 [66933,68742) done in 1360 ms  h_edges=17546224
  NeighborhoodSlab: 1809 threads × 2304 KB = 4070 MB
  Batch 38 [68742,70551) done in 1358 ms  h_edges=17583005
  NeighborhoodSlab: 1809 threads × 2304 KB = 4070 MB
  Batch 39 [70551,72360) done in 1151 ms  h_edges=17618796
  NeighborhoodSlab: 1809 threads × 2304 KB = 4070 MB
  Batch 40 [72360,74169) done in 1508 ms  h_edges=17653788
  NeighborhoodSlab: 1809 threads × 2304 KB = 4070 MB
  Batch 41 [74169,75978) done in 1335 ms  h_edges=17688553
  NeighborhoodSlab: 1809 threads × 2304 KB = 4070 MB
  Batch 42 [75978,77787) done in 1488 ms  h_edges=17721749
  NeighborhoodSlab: 1809 threads × 2304 KB = 4070 MB
  Batch 43 [77787,79596) done in 1327 ms  h_edges=17756412
  NeighborhoodSlab: 1809 threads × 2304 KB = 4070 MB
  Batch 44 [79596,81405) done in 1316 ms  h_edges=17791107
  NeighborhoodSlab: 1809 threads × 2304 KB = 4070 MB
  Batch 45 [81405,83214) done in 1607 ms  h_edges=17825874
  NeighborhoodSlab: 1809 threads × 2304 KB = 4070 MB
  Batch 46 [83214,85023) done in 1337 ms  h_edges=17861982
  NeighborhoodSlab: 1809 threads × 2304 KB = 4070 MB
  Batch 47 [85023,86832) done in 1508 ms  h_edges=17897382
  NeighborhoodSlab: 1809 threads × 2304 KB = 4070 MB
  Batch 48 [86832,88641) done in 1334 ms  h_edges=17933140
  NeighborhoodSlab: 1809 threads × 2304 KB = 4070 MB
  Batch 49 [88641,90450) done in 1231 ms  h_edges=17969242
  NeighborhoodSlab: 1809 threads × 2304 KB = 4070 MB
  Batch 50 [90450,92259) done in 1375 ms  h_edges=18005361
  NeighborhoodSlab: 1809 threads × 2304 KB = 4070 MB
  Batch 51 [92259,94068) done in 1297 ms  h_edges=18041342
  NeighborhoodSlab: 1809 threads × 2304 KB = 4070 MB
  Batch 52 [94068,95877) done in 1326 ms  h_edges=18076407
  NeighborhoodSlab: 1809 threads × 2304 KB = 4070 MB
  Batch 53 [95877,97686) done in 1503 ms  h_edges=18112515
  NeighborhoodSlab: 1809 threads × 2304 KB = 4070 MB
  Batch 54 [97686,99495) done in 1228 ms  h_edges=18145740
  NeighborhoodSlab: 1809 threads × 2304 KB = 4070 MB
  Batch 55 [99495,101304) done in 1387 ms  h_edges=18180567
  NeighborhoodSlab: 1809 threads × 2304 KB = 4070 MB
  Batch 56 [101304,103113) done in 1372 ms  h_edges=18216690
  NeighborhoodSlab: 1809 threads × 2304 KB = 4070 MB
  Batch 57 [103113,104922) done in 1251 ms  h_edges=18253415
  NeighborhoodSlab: 1809 threads × 2304 KB = 4070 MB
  Batch 58 [104922,106731) done in 1389 ms  h_edges=18288477
  NeighborhoodSlab: 1800 threads × 2304 KB = 4050 MB
  Batch 59 [106731,108531) done in 1439 ms  h_edges=18322262
  DeviceGraph: fwd=18322262 bwd=18322262 edges
  Year 2035 total: 117659 ms  (pop: 1917379)

--- Year 2036 (pop: 1917379) ---
  Adding 115043 new papers
  DeviceGraph: fwd=18322262 bwd=18322262 edges
  Processing 115043 papers in 60 batches of ~1918
  NeighborhoodSlab: 1918 threads × 2304 KB = 4315 MB
  Batch 0 [0,1918) done in 1495 ms  h_edges=18359408
  NeighborhoodSlab: 1918 threads × 2304 KB = 4315 MB
  Batch 1 [1918,3836) done in 1399 ms  h_edges=18396371
  NeighborhoodSlab: 1918 threads × 2304 KB = 4315 MB
  Batch 2 [3836,5754) done in 1395 ms  h_edges=18436735
  NeighborhoodSlab: 1918 threads × 2304 KB = 4315 MB
  Batch 3 [5754,7672) done in 1395 ms  h_edges=18474599
  NeighborhoodSlab: 1918 threads × 2304 KB = 4315 MB
  Batch 4 [7672,9590) done in 1588 ms  h_edges=18513257
  NeighborhoodSlab: 1918 threads × 2304 KB = 4315 MB
  Batch 5 [9590,11508) done in 1718 ms  h_edges=18551349
  NeighborhoodSlab: 1918 threads × 2304 KB = 4315 MB
  Batch 6 [11508,13426) done in 1461 ms  h_edges=18590747
  NeighborhoodSlab: 1918 threads × 2304 KB = 4315 MB
  Batch 7 [13426,15344) done in 1565 ms  h_edges=18629564
  NeighborhoodSlab: 1918 threads × 2304 KB = 4315 MB
  Batch 8 [15344,17262) done in 1476 ms  h_edges=18665955
  NeighborhoodSlab: 1918 threads × 2304 KB = 4315 MB
  Batch 9 [17262,19180) done in 1416 ms  h_edges=18704117
  NeighborhoodSlab: 1918 threads × 2304 KB = 4315 MB
  Batch 10 [19180,21098) done in 1257 ms  h_edges=18739376
  NeighborhoodSlab: 1918 threads × 2304 KB = 4315 MB
  Batch 11 [21098,23016) done in 1407 ms  h_edges=18776427
  NeighborhoodSlab: 1918 threads × 2304 KB = 4315 MB
  Batch 12 [23016,24934) done in 1482 ms  h_edges=18815407
  NeighborhoodSlab: 1918 threads × 2304 KB = 4315 MB
  Batch 13 [24934,26852) done in 1816 ms  h_edges=18853020
  NeighborhoodSlab: 1918 threads × 2304 KB = 4315 MB
  Batch 14 [26852,28770) done in 1506 ms  h_edges=18888014
  NeighborhoodSlab: 1918 threads × 2304 KB = 4315 MB
  Batch 15 [28770,30688) done in 1854 ms  h_edges=18925699
  NeighborhoodSlab: 1918 threads × 2304 KB = 4315 MB
  Batch 16 [30688,32606) done in 1477 ms  h_edges=18962396
  NeighborhoodSlab: 1918 threads × 2304 KB = 4315 MB
  Batch 17 [32606,34524) done in 1536 ms  h_edges=19000501
  NeighborhoodSlab: 1918 threads × 2304 KB = 4315 MB
  Batch 18 [34524,36442) done in 1396 ms  h_edges=19039016
  NeighborhoodSlab: 1918 threads × 2304 KB = 4315 MB
  Batch 19 [36442,38360) done in 1466 ms  h_edges=19076479
  NeighborhoodSlab: 1918 threads × 2304 KB = 4315 MB
  Batch 20 [38360,40278) done in 1518 ms  h_edges=19113800
  NeighborhoodSlab: 1918 threads × 2304 KB = 4315 MB
  Batch 21 [40278,42196) done in 1496 ms  h_edges=19151371
  NeighborhoodSlab: 1918 threads × 2304 KB = 4315 MB
  Batch 22 [42196,44114) done in 1421 ms  h_edges=19188684
  NeighborhoodSlab: 1918 threads × 2304 KB = 4315 MB
  Batch 23 [44114,46032) done in 1393 ms  h_edges=19227250
  NeighborhoodSlab: 1918 threads × 2304 KB = 4315 MB
  Batch 24 [46032,47950) done in 1760 ms  h_edges=19264451
  NeighborhoodSlab: 1918 threads × 2304 KB = 4315 MB
  Batch 25 [47950,49868) done in 1380 ms  h_edges=19301795
  NeighborhoodSlab: 1918 threads × 2304 KB = 4315 MB
  Batch 26 [49868,51786) done in 1352 ms  h_edges=19339619
  NeighborhoodSlab: 1918 threads × 2304 KB = 4315 MB
  Batch 27 [51786,53704) done in 1597 ms  h_edges=19378112
  NeighborhoodSlab: 1918 threads × 2304 KB = 4315 MB
  Batch 28 [53704,55622) done in 1408 ms  h_edges=19414744
  NeighborhoodSlab: 1918 threads × 2304 KB = 4315 MB
  Batch 29 [55622,57540) done in 1440 ms  h_edges=19453819
  NeighborhoodSlab: 1918 threads × 2304 KB = 4315 MB
  Batch 30 [57540,59458) done in 1639 ms  h_edges=19490828
  NeighborhoodSlab: 1918 threads × 2304 KB = 4315 MB
  Batch 31 [59458,61376) done in 1418 ms  h_edges=19529116
  NeighborhoodSlab: 1918 threads × 2304 KB = 4315 MB
  Batch 32 [61376,63294) done in 1449 ms  h_edges=19566386
  NeighborhoodSlab: 1918 threads × 2304 KB = 4315 MB
  Batch 33 [63294,65212) done in 1539 ms  h_edges=19607732
  NeighborhoodSlab: 1918 threads × 2304 KB = 4315 MB
  Batch 34 [65212,67130) done in 1567 ms  h_edges=19646709
  NeighborhoodSlab: 1918 threads × 2304 KB = 4315 MB
  Batch 35 [67130,69048) done in 1753 ms  h_edges=19683471
  NeighborhoodSlab: 1918 threads × 2304 KB = 4315 MB
  Batch 36 [69048,70966) done in 1510 ms  h_edges=19721232
  NeighborhoodSlab: 1918 threads × 2304 KB = 4315 MB
  Batch 37 [70966,72884) done in 1515 ms  h_edges=19756760
  NeighborhoodSlab: 1918 threads × 2304 KB = 4315 MB
  Batch 38 [72884,74802) done in 1392 ms  h_edges=19795600
  NeighborhoodSlab: 1918 threads × 2304 KB = 4315 MB
  Batch 39 [74802,76720) done in 1618 ms  h_edges=19832731
  NeighborhoodSlab: 1918 threads × 2304 KB = 4315 MB
  Batch 40 [76720,78638) done in 1664 ms  h_edges=19870749
  NeighborhoodSlab: 1918 threads × 2304 KB = 4315 MB
  Batch 41 [78638,80556) done in 1989 ms  h_edges=19907794
  NeighborhoodSlab: 1918 threads × 2304 KB = 4315 MB
  Batch 42 [80556,82474) done in 1671 ms  h_edges=19945389
  NeighborhoodSlab: 1918 threads × 2304 KB = 4315 MB
  Batch 43 [82474,84392) done in 1535 ms  h_edges=19983357
  NeighborhoodSlab: 1918 threads × 2304 KB = 4315 MB
  Batch 44 [84392,86310) done in 1522 ms  h_edges=20021264
  NeighborhoodSlab: 1918 threads × 2304 KB = 4315 MB
  Batch 45 [86310,88228) done in 1480 ms  h_edges=20058057
  NeighborhoodSlab: 1918 threads × 2304 KB = 4315 MB
  Batch 46 [88228,90146) done in 1412 ms  h_edges=20095922
  NeighborhoodSlab: 1918 threads × 2304 KB = 4315 MB
  Batch 47 [90146,92064) done in 1489 ms  h_edges=20134502
  NeighborhoodSlab: 1918 threads × 2304 KB = 4315 MB
  Batch 48 [92064,93982) done in 1463 ms  h_edges=20171369
  NeighborhoodSlab: 1918 threads × 2304 KB = 4315 MB
  Batch 49 [93982,95900) done in 1439 ms  h_edges=20207858
  NeighborhoodSlab: 1918 threads × 2304 KB = 4315 MB
  Batch 50 [95900,97818) done in 1418 ms  h_edges=20244744
  NeighborhoodSlab: 1918 threads × 2304 KB = 4315 MB
  Batch 51 [97818,99736) done in 1366 ms  h_edges=20281417
  NeighborhoodSlab: 1918 threads × 2304 KB = 4315 MB
  Batch 52 [99736,101654) done in 1603 ms  h_edges=20318064
  NeighborhoodSlab: 1918 threads × 2304 KB = 4315 MB
  Batch 53 [101654,103572) done in 1431 ms  h_edges=20354228
  NeighborhoodSlab: 1918 threads × 2304 KB = 4315 MB
  Batch 54 [103572,105490) done in 1552 ms  h_edges=20392452
  NeighborhoodSlab: 1918 threads × 2304 KB = 4315 MB
  Batch 55 [105490,107408) done in 1524 ms  h_edges=20428958
  NeighborhoodSlab: 1918 threads × 2304 KB = 4315 MB
  Batch 56 [107408,109326) done in 1407 ms  h_edges=20466693
  NeighborhoodSlab: 1918 threads × 2304 KB = 4315 MB
  Batch 57 [109326,111244) done in 1395 ms  h_edges=20503245
  NeighborhoodSlab: 1918 threads × 2304 KB = 4315 MB
  Batch 58 [111244,113162) done in 1577 ms  h_edges=20538283
  NeighborhoodSlab: 1881 threads × 2304 KB = 4232 MB
  Batch 59 [113162,115043) done in 1324 ms  h_edges=20575467
  DeviceGraph: fwd=20575467 bwd=20575467 edges
  Year 2036 total: 131150 ms  (pop: 2032422)

=== Simulation Complete ===
Total: 706 s  Final pop: 2032422

=== Exporting Results ===
Edges saved: ./output/10y/mass_cuda-yutb-static-output-10y-6p.edgelist (20575467)
Attributes saved: ./output/10y/mass_cuda-yutb-static-output-10y-6p.aux (2032422 rows)

Done.

real	12m10.985s
user	11m59.431s
sys	0m9.160s
For GROWTH_PERCENT = 6 %, BFS_BATCH_SIZE = 60.
Running growth rate 6% for 10 years.
./output/10y/mass_cuda-twt-static-output-10y-6p.edgelist
./output/10y/mass_cuda-twt-static-output-10y-6p.aux
Citation Network ABM – MASS CUDA
=================================

Out-degree bag: 3980408 entries
Recency probs:  356 entries
BFS batches:    60 per year

=== Initializing Citation ABM ===

Inside parseNodelist...
Populating continuous node mappings (81306 nodes)...
parseNodelist done in 55 ms (81306 nodes)

Inside parseEdgelist...
parseEdgelist done in 183 ms (2420744 edges)
Seed max year: 2020  → simulation starts at 2021
Max population: 147614
Seed population: 81306 papers
  DeviceGraph: fwd=1342296 bwd=1342296 edges
Initialization complete


=== Simulation Start ===

--- Year 2021 (pop: 81306) ---
  Adding 4879 new papers
  DeviceGraph: fwd=1342296 bwd=1342296 edges
  Processing 4879 papers in 60 batches of ~82
  NeighborhoodSlab: 82 threads × 2304 KB = 184 MB
  Batch 0 [0,82) done in 93 ms  h_edges=2422455
  NeighborhoodSlab: 82 threads × 2304 KB = 184 MB
  Batch 1 [82,164) done in 64 ms  h_edges=2424112
  NeighborhoodSlab: 82 threads × 2304 KB = 184 MB
  Batch 2 [164,246) done in 65 ms  h_edges=2425841
  NeighborhoodSlab: 82 threads × 2304 KB = 184 MB
  Batch 3 [246,328) done in 56 ms  h_edges=2427524
  NeighborhoodSlab: 82 threads × 2304 KB = 184 MB
  Batch 4 [328,410) done in 74 ms  h_edges=2429295
  NeighborhoodSlab: 82 threads × 2304 KB = 184 MB
  Batch 5 [410,492) done in 74 ms  h_edges=2430951
  NeighborhoodSlab: 82 threads × 2304 KB = 184 MB
  Batch 6 [492,574) done in 79 ms  h_edges=2432897
  NeighborhoodSlab: 82 threads × 2304 KB = 184 MB
  Batch 7 [574,656) done in 124 ms  h_edges=2434235
  NeighborhoodSlab: 82 threads × 2304 KB = 184 MB
  Batch 8 [656,738) done in 62 ms  h_edges=2435894
  NeighborhoodSlab: 82 threads × 2304 KB = 184 MB
  Batch 9 [738,820) done in 75 ms  h_edges=2437796
  NeighborhoodSlab: 82 threads × 2304 KB = 184 MB
  Batch 10 [820,902) done in 78 ms  h_edges=2439657
  NeighborhoodSlab: 82 threads × 2304 KB = 184 MB
  Batch 11 [902,984) done in 50 ms  h_edges=2441143
  NeighborhoodSlab: 82 threads × 2304 KB = 184 MB
  Batch 12 [984,1066) done in 103 ms  h_edges=2442767
  NeighborhoodSlab: 82 threads × 2304 KB = 184 MB
  Batch 13 [1066,1148) done in 60 ms  h_edges=2444135
  NeighborhoodSlab: 82 threads × 2304 KB = 184 MB
  Batch 14 [1148,1230) done in 53 ms  h_edges=2445640
  NeighborhoodSlab: 82 threads × 2304 KB = 184 MB
  Batch 15 [1230,1312) done in 66 ms  h_edges=2447172
  NeighborhoodSlab: 82 threads × 2304 KB = 184 MB
  Batch 16 [1312,1394) done in 67 ms  h_edges=2448678
  NeighborhoodSlab: 82 threads × 2304 KB = 184 MB
  Batch 17 [1394,1476) done in 72 ms  h_edges=2449941
  NeighborhoodSlab: 82 threads × 2304 KB = 184 MB
  Batch 18 [1476,1558) done in 71 ms  h_edges=2451819
  NeighborhoodSlab: 82 threads × 2304 KB = 184 MB
  Batch 19 [1558,1640) done in 68 ms  h_edges=2453660
  NeighborhoodSlab: 82 threads × 2304 KB = 184 MB
  Batch 20 [1640,1722) done in 70 ms  h_edges=2455019
  NeighborhoodSlab: 82 threads × 2304 KB = 184 MB
  Batch 21 [1722,1804) done in 85 ms  h_edges=2456928
  NeighborhoodSlab: 82 threads × 2304 KB = 184 MB
  Batch 22 [1804,1886) done in 85 ms  h_edges=2458446
  NeighborhoodSlab: 82 threads × 2304 KB = 184 MB
  Batch 23 [1886,1968) done in 82 ms  h_edges=2460191
  NeighborhoodSlab: 82 threads × 2304 KB = 184 MB
  Batch 24 [1968,2050) done in 78 ms  h_edges=2461516
  NeighborhoodSlab: 82 threads × 2304 KB = 184 MB
  Batch 25 [2050,2132) done in 76 ms  h_edges=2462669
  NeighborhoodSlab: 82 threads × 2304 KB = 184 MB
  Batch 26 [2132,2214) done in 76 ms  h_edges=2463842
  NeighborhoodSlab: 82 threads × 2304 KB = 184 MB
  Batch 27 [2214,2296) done in 74 ms  h_edges=2465804
  NeighborhoodSlab: 82 threads × 2304 KB = 184 MB
  Batch 28 [2296,2378) done in 132 ms  h_edges=2467333
  NeighborhoodSlab: 82 threads × 2304 KB = 184 MB
  Batch 29 [2378,2460) done in 96 ms  h_edges=2469026
  NeighborhoodSlab: 82 threads × 2304 KB = 184 MB
  Batch 30 [2460,2542) done in 65 ms  h_edges=2470233
  NeighborhoodSlab: 82 threads × 2304 KB = 184 MB
  Batch 31 [2542,2624) done in 56 ms  h_edges=2471948
  NeighborhoodSlab: 82 threads × 2304 KB = 184 MB
  Batch 32 [2624,2706) done in 74 ms  h_edges=2474154
  NeighborhoodSlab: 82 threads × 2304 KB = 184 MB
  Batch 33 [2706,2788) done in 69 ms  h_edges=2475889
  NeighborhoodSlab: 82 threads × 2304 KB = 184 MB
  Batch 34 [2788,2870) done in 57 ms  h_edges=2477823
  NeighborhoodSlab: 82 threads × 2304 KB = 184 MB
  Batch 35 [2870,2952) done in 65 ms  h_edges=2479395
  NeighborhoodSlab: 82 threads × 2304 KB = 184 MB
  Batch 36 [2952,3034) done in 69 ms  h_edges=2480763
  NeighborhoodSlab: 82 threads × 2304 KB = 184 MB
  Batch 37 [3034,3116) done in 62 ms  h_edges=2482423
  NeighborhoodSlab: 82 threads × 2304 KB = 184 MB
  Batch 38 [3116,3198) done in 67 ms  h_edges=2483981
  NeighborhoodSlab: 82 threads × 2304 KB = 184 MB
  Batch 39 [3198,3280) done in 73 ms  h_edges=2485512
  NeighborhoodSlab: 82 threads × 2304 KB = 184 MB
  Batch 40 [3280,3362) done in 68 ms  h_edges=2487482
  NeighborhoodSlab: 82 threads × 2304 KB = 184 MB
  Batch 41 [3362,3444) done in 97 ms  h_edges=2489152
  NeighborhoodSlab: 82 threads × 2304 KB = 184 MB
  Batch 42 [3444,3526) done in 75 ms  h_edges=2490819
  NeighborhoodSlab: 82 threads × 2304 KB = 184 MB
  Batch 43 [3526,3608) done in 58 ms  h_edges=2492168
  NeighborhoodSlab: 82 threads × 2304 KB = 184 MB
  Batch 44 [3608,3690) done in 87 ms  h_edges=2494037
  NeighborhoodSlab: 82 threads × 2304 KB = 184 MB
  Batch 45 [3690,3772) done in 71 ms  h_edges=2495844
  NeighborhoodSlab: 82 threads × 2304 KB = 184 MB
  Batch 46 [3772,3854) done in 76 ms  h_edges=2497615
  NeighborhoodSlab: 82 threads × 2304 KB = 184 MB
  Batch 47 [3854,3936) done in 54 ms  h_edges=2499143
  NeighborhoodSlab: 82 threads × 2304 KB = 184 MB
  Batch 48 [3936,4018) done in 115 ms  h_edges=2500942
  NeighborhoodSlab: 82 threads × 2304 KB = 184 MB
  Batch 49 [4018,4100) done in 57 ms  h_edges=2502689
  NeighborhoodSlab: 82 threads × 2304 KB = 184 MB
  Batch 50 [4100,4182) done in 76 ms  h_edges=2504265
  NeighborhoodSlab: 82 threads × 2304 KB = 184 MB
  Batch 51 [4182,4264) done in 76 ms  h_edges=2505583
  NeighborhoodSlab: 82 threads × 2304 KB = 184 MB
  Batch 52 [4264,4346) done in 69 ms  h_edges=2507249
  NeighborhoodSlab: 82 threads × 2304 KB = 184 MB
  Batch 53 [4346,4428) done in 71 ms  h_edges=2508813
  NeighborhoodSlab: 82 threads × 2304 KB = 184 MB
  Batch 54 [4428,4510) done in 47 ms  h_edges=2509994
  NeighborhoodSlab: 82 threads × 2304 KB = 184 MB
  Batch 55 [4510,4592) done in 68 ms  h_edges=2511735
  NeighborhoodSlab: 82 threads × 2304 KB = 184 MB
  Batch 56 [4592,4674) done in 64 ms  h_edges=2513485
  NeighborhoodSlab: 82 threads × 2304 KB = 184 MB
  Batch 57 [4674,4756) done in 106 ms  h_edges=2515118
  NeighborhoodSlab: 82 threads × 2304 KB = 184 MB
  Batch 58 [4756,4838) done in 58 ms  h_edges=2516765
  NeighborhoodSlab: 41 threads × 2304 KB = 92 MB
  Batch 59 [4838,4879) done in 43 ms  h_edges=2517521
  DeviceGraph: fwd=1439073 bwd=1439073 edges
  Year 2021 total: 6238 ms  (pop: 86185)

--- Year 2022 (pop: 86185) ---
  Adding 5172 new papers
  DeviceGraph: fwd=1439073 bwd=1439073 edges
  Processing 5172 papers in 60 batches of ~87
  NeighborhoodSlab: 87 threads × 2304 KB = 195 MB
  Batch 0 [0,87) done in 88 ms  h_edges=2519461
  NeighborhoodSlab: 87 threads × 2304 KB = 195 MB
  Batch 1 [87,174) done in 74 ms  h_edges=2521093
  NeighborhoodSlab: 87 threads × 2304 KB = 195 MB
  Batch 2 [174,261) done in 137 ms  h_edges=2522538
  NeighborhoodSlab: 87 threads × 2304 KB = 195 MB
  Batch 3 [261,348) done in 90 ms  h_edges=2524154
  NeighborhoodSlab: 87 threads × 2304 KB = 195 MB
  Batch 4 [348,435) done in 97 ms  h_edges=2525738
  NeighborhoodSlab: 87 threads × 2304 KB = 195 MB
  Batch 5 [435,522) done in 81 ms  h_edges=2527672
  NeighborhoodSlab: 87 threads × 2304 KB = 195 MB
  Batch 6 [522,609) done in 129 ms  h_edges=2529442
  NeighborhoodSlab: 87 threads × 2304 KB = 195 MB
  Batch 7 [609,696) done in 97 ms  h_edges=2531027
  NeighborhoodSlab: 87 threads × 2304 KB = 195 MB
  Batch 8 [696,783) done in 65 ms  h_edges=2532815
  NeighborhoodSlab: 87 threads × 2304 KB = 195 MB
  Batch 9 [783,870) done in 90 ms  h_edges=2534518
  NeighborhoodSlab: 87 threads × 2304 KB = 195 MB
  Batch 10 [870,957) done in 92 ms  h_edges=2536682
  NeighborhoodSlab: 87 threads × 2304 KB = 195 MB
  Batch 11 [957,1044) done in 89 ms  h_edges=2538353
  NeighborhoodSlab: 87 threads × 2304 KB = 195 MB
  Batch 12 [1044,1131) done in 87 ms  h_edges=2539586
  NeighborhoodSlab: 87 threads × 2304 KB = 195 MB
  Batch 13 [1131,1218) done in 163 ms  h_edges=2541589
  NeighborhoodSlab: 87 threads × 2304 KB = 195 MB
  Batch 14 [1218,1305) done in 89 ms  h_edges=2543327
  NeighborhoodSlab: 87 threads × 2304 KB = 195 MB
  Batch 15 [1305,1392) done in 107 ms  h_edges=2544923
  NeighborhoodSlab: 87 threads × 2304 KB = 195 MB
  Batch 16 [1392,1479) done in 73 ms  h_edges=2546485
  NeighborhoodSlab: 87 threads × 2304 KB = 195 MB
  Batch 17 [1479,1566) done in 79 ms  h_edges=2548337
  NeighborhoodSlab: 87 threads × 2304 KB = 195 MB
  Batch 18 [1566,1653) done in 218 ms  h_edges=2550321
  NeighborhoodSlab: 87 threads × 2304 KB = 195 MB
  Batch 19 [1653,1740) done in 80 ms  h_edges=2552029
  NeighborhoodSlab: 87 threads × 2304 KB = 195 MB
  Batch 20 [1740,1827) done in 60 ms  h_edges=2553734
  NeighborhoodSlab: 87 threads × 2304 KB = 195 MB
  Batch 21 [1827,1914) done in 106 ms  h_edges=2555409
  NeighborhoodSlab: 87 threads × 2304 KB = 195 MB
  Batch 22 [1914,2001) done in 82 ms  h_edges=2557083
  NeighborhoodSlab: 87 threads × 2304 KB = 195 MB
  Batch 23 [2001,2088) done in 90 ms  h_edges=2558649
  NeighborhoodSlab: 87 threads × 2304 KB = 195 MB
  Batch 24 [2088,2175) done in 74 ms  h_edges=2560294
  NeighborhoodSlab: 87 threads × 2304 KB = 195 MB
  Batch 25 [2175,2262) done in 102 ms  h_edges=2561973
  NeighborhoodSlab: 87 threads × 2304 KB = 195 MB
  Batch 26 [2262,2349) done in 85 ms  h_edges=2563637
  NeighborhoodSlab: 87 threads × 2304 KB = 195 MB
  Batch 27 [2349,2436) done in 89 ms  h_edges=2565751
  NeighborhoodSlab: 87 threads × 2304 KB = 195 MB
  Batch 28 [2436,2523) done in 98 ms  h_edges=2567245
  NeighborhoodSlab: 87 threads × 2304 KB = 195 MB
  Batch 29 [2523,2610) done in 77 ms  h_edges=2568705
  NeighborhoodSlab: 87 threads × 2304 KB = 195 MB
  Batch 30 [2610,2697) done in 93 ms  h_edges=2570302
  NeighborhoodSlab: 87 threads × 2304 KB = 195 MB
  Batch 31 [2697,2784) done in 68 ms  h_edges=2571945
  NeighborhoodSlab: 87 threads × 2304 KB = 195 MB
  Batch 32 [2784,2871) done in 75 ms  h_edges=2573828
  NeighborhoodSlab: 87 threads × 2304 KB = 195 MB
  Batch 33 [2871,2958) done in 72 ms  h_edges=2575830
  NeighborhoodSlab: 87 threads × 2304 KB = 195 MB
  Batch 34 [2958,3045) done in 92 ms  h_edges=2577652
  NeighborhoodSlab: 87 threads × 2304 KB = 195 MB
  Batch 35 [3045,3132) done in 79 ms  h_edges=2579831
  NeighborhoodSlab: 87 threads × 2304 KB = 195 MB
  Batch 36 [3132,3219) done in 84 ms  h_edges=2581528
  NeighborhoodSlab: 87 threads × 2304 KB = 195 MB
  Batch 37 [3219,3306) done in 105 ms  h_edges=2583544
  NeighborhoodSlab: 87 threads × 2304 KB = 195 MB
  Batch 38 [3306,3393) done in 90 ms  h_edges=2585482
  NeighborhoodSlab: 87 threads × 2304 KB = 195 MB
  Batch 39 [3393,3480) done in 77 ms  h_edges=2587352
  NeighborhoodSlab: 87 threads × 2304 KB = 195 MB
  Batch 40 [3480,3567) done in 81 ms  h_edges=2588929
  NeighborhoodSlab: 87 threads × 2304 KB = 195 MB
  Batch 41 [3567,3654) done in 70 ms  h_edges=2590229
  NeighborhoodSlab: 87 threads × 2304 KB = 195 MB
  Batch 42 [3654,3741) done in 109 ms  h_edges=2591643
  NeighborhoodSlab: 87 threads × 2304 KB = 195 MB
  Batch 43 [3741,3828) done in 73 ms  h_edges=2593250
  NeighborhoodSlab: 87 threads × 2304 KB = 195 MB
  Batch 44 [3828,3915) done in 86 ms  h_edges=2594958
  NeighborhoodSlab: 87 threads × 2304 KB = 195 MB
  Batch 45 [3915,4002) done in 91 ms  h_edges=2596418
  NeighborhoodSlab: 87 threads × 2304 KB = 195 MB
  Batch 46 [4002,4089) done in 115 ms  h_edges=2598210
  NeighborhoodSlab: 87 threads × 2304 KB = 195 MB
  Batch 47 [4089,4176) done in 59 ms  h_edges=2599784
  NeighborhoodSlab: 87 threads × 2304 KB = 195 MB
  Batch 48 [4176,4263) done in 74 ms  h_edges=2601182
  NeighborhoodSlab: 87 threads × 2304 KB = 195 MB
  Batch 49 [4263,4350) done in 66 ms  h_edges=2603339
  NeighborhoodSlab: 87 threads × 2304 KB = 195 MB
  Batch 50 [4350,4437) done in 107 ms  h_edges=2604743
  NeighborhoodSlab: 87 threads × 2304 KB = 195 MB
  Batch 51 [4437,4524) done in 97 ms  h_edges=2606520
  NeighborhoodSlab: 87 threads × 2304 KB = 195 MB
  Batch 52 [4524,4611) done in 117 ms  h_edges=2608186
  NeighborhoodSlab: 87 threads × 2304 KB = 195 MB
  Batch 53 [4611,4698) done in 103 ms  h_edges=2609557
  NeighborhoodSlab: 87 threads × 2304 KB = 195 MB
  Batch 54 [4698,4785) done in 73 ms  h_edges=2611580
  NeighborhoodSlab: 87 threads × 2304 KB = 195 MB
  Batch 55 [4785,4872) done in 123 ms  h_edges=2612685
  NeighborhoodSlab: 87 threads × 2304 KB = 195 MB
  Batch 56 [4872,4959) done in 83 ms  h_edges=2614298
  NeighborhoodSlab: 87 threads × 2304 KB = 195 MB
  Batch 57 [4959,5046) done in 66 ms  h_edges=2616221
  NeighborhoodSlab: 87 threads × 2304 KB = 195 MB
  Batch 58 [5046,5133) done in 82 ms  h_edges=2618314
  NeighborhoodSlab: 39 threads × 2304 KB = 87 MB
  Batch 59 [5133,5172) done in 81 ms  h_edges=2618982
  DeviceGraph: fwd=1540534 bwd=1540534 edges
  Year 2022 total: 7571 ms  (pop: 91357)

--- Year 2023 (pop: 91357) ---
  Adding 5482 new papers
  DeviceGraph: fwd=1540534 bwd=1540534 edges
  Processing 5482 papers in 60 batches of ~92
  NeighborhoodSlab: 92 threads × 2304 KB = 207 MB
  Batch 0 [0,92) done in 103 ms  h_edges=2621167
  NeighborhoodSlab: 92 threads × 2304 KB = 207 MB
  Batch 1 [92,184) done in 125 ms  h_edges=2623338
  NeighborhoodSlab: 92 threads × 2304 KB = 207 MB
  Batch 2 [184,276) done in 104 ms  h_edges=2624962
  NeighborhoodSlab: 92 threads × 2304 KB = 207 MB
  Batch 3 [276,368) done in 87 ms  h_edges=2627126
  NeighborhoodSlab: 92 threads × 2304 KB = 207 MB
  Batch 4 [368,460) done in 100 ms  h_edges=2628823
  NeighborhoodSlab: 92 threads × 2304 KB = 207 MB
  Batch 5 [460,552) done in 184 ms  h_edges=2630911
  NeighborhoodSlab: 92 threads × 2304 KB = 207 MB
  Batch 6 [552,644) done in 122 ms  h_edges=2632352
  NeighborhoodSlab: 92 threads × 2304 KB = 207 MB
  Batch 7 [644,736) done in 108 ms  h_edges=2633918
  NeighborhoodSlab: 92 threads × 2304 KB = 207 MB
  Batch 8 [736,828) done in 126 ms  h_edges=2635807
  NeighborhoodSlab: 92 threads × 2304 KB = 207 MB
  Batch 9 [828,920) done in 93 ms  h_edges=2637572
  NeighborhoodSlab: 92 threads × 2304 KB = 207 MB
  Batch 10 [920,1012) done in 139 ms  h_edges=2639827
  NeighborhoodSlab: 92 threads × 2304 KB = 207 MB
  Batch 11 [1012,1104) done in 83 ms  h_edges=2641772
  NeighborhoodSlab: 92 threads × 2304 KB = 207 MB
  Batch 12 [1104,1196) done in 115 ms  h_edges=2643619
  NeighborhoodSlab: 92 threads × 2304 KB = 207 MB
  Batch 13 [1196,1288) done in 66 ms  h_edges=2645449
  NeighborhoodSlab: 92 threads × 2304 KB = 207 MB
  Batch 14 [1288,1380) done in 85 ms  h_edges=2647542
  NeighborhoodSlab: 92 threads × 2304 KB = 207 MB
  Batch 15 [1380,1472) done in 93 ms  h_edges=2649231
  NeighborhoodSlab: 92 threads × 2304 KB = 207 MB
  Batch 16 [1472,1564) done in 83 ms  h_edges=2651364
  NeighborhoodSlab: 92 threads × 2304 KB = 207 MB
  Batch 17 [1564,1656) done in 133 ms  h_edges=2652963
  NeighborhoodSlab: 92 threads × 2304 KB = 207 MB
  Batch 18 [1656,1748) done in 84 ms  h_edges=2654793
  NeighborhoodSlab: 92 threads × 2304 KB = 207 MB
  Batch 19 [1748,1840) done in 79 ms  h_edges=2656815
  NeighborhoodSlab: 92 threads × 2304 KB = 207 MB
  Batch 20 [1840,1932) done in 71 ms  h_edges=2658663
  NeighborhoodSlab: 92 threads × 2304 KB = 207 MB
  Batch 21 [1932,2024) done in 117 ms  h_edges=2659973
  NeighborhoodSlab: 92 threads × 2304 KB = 207 MB
  Batch 22 [2024,2116) done in 92 ms  h_edges=2661571
  NeighborhoodSlab: 92 threads × 2304 KB = 207 MB
  Batch 23 [2116,2208) done in 80 ms  h_edges=2663216
  NeighborhoodSlab: 92 threads × 2304 KB = 207 MB
  Batch 24 [2208,2300) done in 94 ms  h_edges=2665218
  NeighborhoodSlab: 92 threads × 2304 KB = 207 MB
  Batch 25 [2300,2392) done in 106 ms  h_edges=2667043
  NeighborhoodSlab: 92 threads × 2304 KB = 207 MB
  Batch 26 [2392,2484) done in 111 ms  h_edges=2668845
  NeighborhoodSlab: 92 threads × 2304 KB = 207 MB
  Batch 27 [2484,2576) done in 72 ms  h_edges=2670428
  NeighborhoodSlab: 92 threads × 2304 KB = 207 MB
  Batch 28 [2576,2668) done in 94 ms  h_edges=2672309
  NeighborhoodSlab: 92 threads × 2304 KB = 207 MB
  Batch 29 [2668,2760) done in 90 ms  h_edges=2673939
  NeighborhoodSlab: 92 threads × 2304 KB = 207 MB
  Batch 30 [2760,2852) done in 91 ms  h_edges=2676092
  NeighborhoodSlab: 92 threads × 2304 KB = 207 MB
  Batch 31 [2852,2944) done in 92 ms  h_edges=2677956
  NeighborhoodSlab: 92 threads × 2304 KB = 207 MB
  Batch 32 [2944,3036) done in 92 ms  h_edges=2679751
  NeighborhoodSlab: 92 threads × 2304 KB = 207 MB
  Batch 33 [3036,3128) done in 92 ms  h_edges=2681383
  NeighborhoodSlab: 92 threads × 2304 KB = 207 MB
  Batch 34 [3128,3220) done in 77 ms  h_edges=2683100
  NeighborhoodSlab: 92 threads × 2304 KB = 207 MB
  Batch 35 [3220,3312) done in 97 ms  h_edges=2685252
  NeighborhoodSlab: 92 threads × 2304 KB = 207 MB
  Batch 36 [3312,3404) done in 96 ms  h_edges=2686925
  NeighborhoodSlab: 92 threads × 2304 KB = 207 MB
  Batch 37 [3404,3496) done in 182 ms  h_edges=2688382
  NeighborhoodSlab: 92 threads × 2304 KB = 207 MB
  Batch 38 [3496,3588) done in 100 ms  h_edges=2690123
  NeighborhoodSlab: 92 threads × 2304 KB = 207 MB
  Batch 39 [3588,3680) done in 118 ms  h_edges=2691822
  NeighborhoodSlab: 92 threads × 2304 KB = 207 MB
  Batch 40 [3680,3772) done in 79 ms  h_edges=2693349
  NeighborhoodSlab: 92 threads × 2304 KB = 207 MB
  Batch 41 [3772,3864) done in 107 ms  h_edges=2695338
  NeighborhoodSlab: 92 threads × 2304 KB = 207 MB
  Batch 42 [3864,3956) done in 112 ms  h_edges=2697269
  NeighborhoodSlab: 92 threads × 2304 KB = 207 MB
  Batch 43 [3956,4048) done in 91 ms  h_edges=2698843
  NeighborhoodSlab: 92 threads × 2304 KB = 207 MB
  Batch 44 [4048,4140) done in 95 ms  h_edges=2700403
  NeighborhoodSlab: 92 threads × 2304 KB = 207 MB
  Batch 45 [4140,4232) done in 84 ms  h_edges=2702059
  NeighborhoodSlab: 92 threads × 2304 KB = 207 MB
  Batch 46 [4232,4324) done in 89 ms  h_edges=2703957
  NeighborhoodSlab: 92 threads × 2304 KB = 207 MB
  Batch 47 [4324,4416) done in 123 ms  h_edges=2705516
  NeighborhoodSlab: 92 threads × 2304 KB = 207 MB
  Batch 48 [4416,4508) done in 79 ms  h_edges=2707276
  NeighborhoodSlab: 92 threads × 2304 KB = 207 MB
  Batch 49 [4508,4600) done in 86 ms  h_edges=2709339
  NeighborhoodSlab: 92 threads × 2304 KB = 207 MB
  Batch 50 [4600,4692) done in 112 ms  h_edges=2710983
  NeighborhoodSlab: 92 threads × 2304 KB = 207 MB
  Batch 51 [4692,4784) done in 87 ms  h_edges=2712595
  NeighborhoodSlab: 92 threads × 2304 KB = 207 MB
  Batch 52 [4784,4876) done in 103 ms  h_edges=2714873
  NeighborhoodSlab: 92 threads × 2304 KB = 207 MB
  Batch 53 [4876,4968) done in 165 ms  h_edges=2716768
  NeighborhoodSlab: 92 threads × 2304 KB = 207 MB
  Batch 54 [4968,5060) done in 69 ms  h_edges=2718430
  NeighborhoodSlab: 92 threads × 2304 KB = 207 MB
  Batch 55 [5060,5152) done in 123 ms  h_edges=2720606
  NeighborhoodSlab: 92 threads × 2304 KB = 207 MB
  Batch 56 [5152,5244) done in 155 ms  h_edges=2722319
  NeighborhoodSlab: 92 threads × 2304 KB = 207 MB
  Batch 57 [5244,5336) done in 82 ms  h_edges=2724381
  NeighborhoodSlab: 92 threads × 2304 KB = 207 MB
  Batch 58 [5336,5428) done in 82 ms  h_edges=2726372
  NeighborhoodSlab: 54 threads × 2304 KB = 121 MB
  Batch 59 [5428,5482) done in 89 ms  h_edges=2727513
  DeviceGraph: fwd=1649065 bwd=1649065 edges
  Year 2023 total: 8105 ms  (pop: 96839)

--- Year 2024 (pop: 96839) ---
  Adding 5811 new papers
  DeviceGraph: fwd=1649065 bwd=1649065 edges
  Processing 5811 papers in 60 batches of ~97
  NeighborhoodSlab: 97 threads × 2304 KB = 218 MB
  Batch 0 [0,97) done in 138 ms  h_edges=2729476
  NeighborhoodSlab: 97 threads × 2304 KB = 218 MB
  Batch 1 [97,194) done in 141 ms  h_edges=2731305
  NeighborhoodSlab: 97 threads × 2304 KB = 218 MB
  Batch 2 [194,291) done in 183 ms  h_edges=2733437
  NeighborhoodSlab: 97 threads × 2304 KB = 218 MB
  Batch 3 [291,388) done in 130 ms  h_edges=2735199
  NeighborhoodSlab: 97 threads × 2304 KB = 218 MB
  Batch 4 [388,485) done in 128 ms  h_edges=2736633
  NeighborhoodSlab: 97 threads × 2304 KB = 218 MB
  Batch 5 [485,582) done in 132 ms  h_edges=2737788
  NeighborhoodSlab: 97 threads × 2304 KB = 218 MB
  Batch 6 [582,679) done in 131 ms  h_edges=2739781
  NeighborhoodSlab: 97 threads × 2304 KB = 218 MB
  Batch 7 [679,776) done in 190 ms  h_edges=2741678
  NeighborhoodSlab: 97 threads × 2304 KB = 218 MB
  Batch 8 [776,873) done in 119 ms  h_edges=2743355
  NeighborhoodSlab: 97 threads × 2304 KB = 218 MB
  Batch 9 [873,970) done in 117 ms  h_edges=2745289
  NeighborhoodSlab: 97 threads × 2304 KB = 218 MB
  Batch 10 [970,1067) done in 133 ms  h_edges=2747405
  NeighborhoodSlab: 97 threads × 2304 KB = 218 MB
  Batch 11 [1067,1164) done in 174 ms  h_edges=2749236
  NeighborhoodSlab: 97 threads × 2304 KB = 218 MB
  Batch 12 [1164,1261) done in 115 ms  h_edges=2751135
  NeighborhoodSlab: 97 threads × 2304 KB = 218 MB
  Batch 13 [1261,1358) done in 132 ms  h_edges=2752878
  NeighborhoodSlab: 97 threads × 2304 KB = 218 MB
  Batch 14 [1358,1455) done in 124 ms  h_edges=2754737
  NeighborhoodSlab: 97 threads × 2304 KB = 218 MB
  Batch 15 [1455,1552) done in 137 ms  h_edges=2756608
  NeighborhoodSlab: 97 threads × 2304 KB = 218 MB
  Batch 16 [1552,1649) done in 195 ms  h_edges=2758289
  NeighborhoodSlab: 97 threads × 2304 KB = 218 MB
  Batch 17 [1649,1746) done in 123 ms  h_edges=2760227
  NeighborhoodSlab: 97 threads × 2304 KB = 218 MB
  Batch 18 [1746,1843) done in 90 ms  h_edges=2761995
  NeighborhoodSlab: 97 threads × 2304 KB = 218 MB
  Batch 19 [1843,1940) done in 165 ms  h_edges=2764097
  NeighborhoodSlab: 97 threads × 2304 KB = 218 MB
  Batch 20 [1940,2037) done in 145 ms  h_edges=2766023
  NeighborhoodSlab: 97 threads × 2304 KB = 218 MB
  Batch 21 [2037,2134) done in 110 ms  h_edges=2768080
  NeighborhoodSlab: 97 threads × 2304 KB = 218 MB
  Batch 22 [2134,2231) done in 115 ms  h_edges=2769842
  NeighborhoodSlab: 97 threads × 2304 KB = 218 MB
  Batch 23 [2231,2328) done in 106 ms  h_edges=2771943
  NeighborhoodSlab: 97 threads × 2304 KB = 218 MB
  Batch 24 [2328,2425) done in 107 ms  h_edges=2774465
  NeighborhoodSlab: 97 threads × 2304 KB = 218 MB
  Batch 25 [2425,2522) done in 121 ms  h_edges=2776250
  NeighborhoodSlab: 97 threads × 2304 KB = 218 MB
  Batch 26 [2522,2619) done in 108 ms  h_edges=2778480
  NeighborhoodSlab: 97 threads × 2304 KB = 218 MB
  Batch 27 [2619,2716) done in 150 ms  h_edges=2780566
  NeighborhoodSlab: 97 threads × 2304 KB = 218 MB
  Batch 28 [2716,2813) done in 127 ms  h_edges=2782403
  NeighborhoodSlab: 97 threads × 2304 KB = 218 MB
  Batch 29 [2813,2910) done in 127 ms  h_edges=2784065
  NeighborhoodSlab: 97 threads × 2304 KB = 218 MB
  Batch 30 [2910,3007) done in 102 ms  h_edges=2785830
  NeighborhoodSlab: 97 threads × 2304 KB = 218 MB
  Batch 31 [3007,3104) done in 143 ms  h_edges=2787982
  NeighborhoodSlab: 97 threads × 2304 KB = 218 MB
  Batch 32 [3104,3201) done in 109 ms  h_edges=2789845
  NeighborhoodSlab: 97 threads × 2304 KB = 218 MB
  Batch 33 [3201,3298) done in 139 ms  h_edges=2791593
  NeighborhoodSlab: 97 threads × 2304 KB = 218 MB
  Batch 34 [3298,3395) done in 137 ms  h_edges=2793382
  NeighborhoodSlab: 97 threads × 2304 KB = 218 MB
  Batch 35 [3395,3492) done in 150 ms  h_edges=2795260
  NeighborhoodSlab: 97 threads × 2304 KB = 218 MB
  Batch 36 [3492,3589) done in 132 ms  h_edges=2797363
  NeighborhoodSlab: 97 threads × 2304 KB = 218 MB
  Batch 37 [3589,3686) done in 147 ms  h_edges=2799182
  NeighborhoodSlab: 97 threads × 2304 KB = 218 MB
  Batch 38 [3686,3783) done in 153 ms  h_edges=2800991
  NeighborhoodSlab: 97 threads × 2304 KB = 218 MB
  Batch 39 [3783,3880) done in 158 ms  h_edges=2803118
  NeighborhoodSlab: 97 threads × 2304 KB = 218 MB
  Batch 40 [3880,3977) done in 139 ms  h_edges=2805083
  NeighborhoodSlab: 97 threads × 2304 KB = 218 MB
  Batch 41 [3977,4074) done in 125 ms  h_edges=2806965
  NeighborhoodSlab: 97 threads × 2304 KB = 218 MB
  Batch 42 [4074,4171) done in 147 ms  h_edges=2808676
  NeighborhoodSlab: 97 threads × 2304 KB = 218 MB
  Batch 43 [4171,4268) done in 182 ms  h_edges=2810931
  NeighborhoodSlab: 97 threads × 2304 KB = 218 MB
  Batch 44 [4268,4365) done in 155 ms  h_edges=2813038
  NeighborhoodSlab: 97 threads × 2304 KB = 218 MB
  Batch 45 [4365,4462) done in 102 ms  h_edges=2815169
  NeighborhoodSlab: 97 threads × 2304 KB = 218 MB
  Batch 46 [4462,4559) done in 98 ms  h_edges=2817355
  NeighborhoodSlab: 97 threads × 2304 KB = 218 MB
  Batch 47 [4559,4656) done in 171 ms  h_edges=2819205
  NeighborhoodSlab: 97 threads × 2304 KB = 218 MB
  Batch 48 [4656,4753) done in 144 ms  h_edges=2820848
  NeighborhoodSlab: 97 threads × 2304 KB = 218 MB
  Batch 49 [4753,4850) done in 103 ms  h_edges=2822582
  NeighborhoodSlab: 97 threads × 2304 KB = 218 MB
  Batch 50 [4850,4947) done in 91 ms  h_edges=2824670
  NeighborhoodSlab: 97 threads × 2304 KB = 218 MB
  Batch 51 [4947,5044) done in 172 ms  h_edges=2826793
  NeighborhoodSlab: 97 threads × 2304 KB = 218 MB
  Batch 52 [5044,5141) done in 114 ms  h_edges=2828456
  NeighborhoodSlab: 97 threads × 2304 KB = 218 MB
  Batch 53 [5141,5238) done in 100 ms  h_edges=2830366
  NeighborhoodSlab: 97 threads × 2304 KB = 218 MB
  Batch 54 [5238,5335) done in 109 ms  h_edges=2832369
  NeighborhoodSlab: 97 threads × 2304 KB = 218 MB
  Batch 55 [5335,5432) done in 102 ms  h_edges=2835211
  NeighborhoodSlab: 97 threads × 2304 KB = 218 MB
  Batch 56 [5432,5529) done in 156 ms  h_edges=2836759
  NeighborhoodSlab: 97 threads × 2304 KB = 218 MB
  Batch 57 [5529,5626) done in 151 ms  h_edges=2838703
  NeighborhoodSlab: 97 threads × 2304 KB = 218 MB
  Batch 58 [5626,5723) done in 134 ms  h_edges=2840527
  NeighborhoodSlab: 88 threads × 2304 KB = 198 MB
  Batch 59 [5723,5811) done in 159 ms  h_edges=2842094
  DeviceGraph: fwd=1763646 bwd=1763646 edges
  Year 2024 total: 10289 ms  (pop: 102650)

--- Year 2025 (pop: 102650) ---
  Adding 6159 new papers
  DeviceGraph: fwd=1763646 bwd=1763646 edges
  Processing 6159 papers in 60 batches of ~103
  NeighborhoodSlab: 103 threads × 2304 KB = 231 MB
  Batch 0 [0,103) done in 167 ms  h_edges=2844053
  NeighborhoodSlab: 103 threads × 2304 KB = 231 MB
  Batch 1 [103,206) done in 160 ms  h_edges=2846366
  NeighborhoodSlab: 103 threads × 2304 KB = 231 MB
  Batch 2 [206,309) done in 136 ms  h_edges=2848427
  NeighborhoodSlab: 103 threads × 2304 KB = 231 MB
  Batch 3 [309,412) done in 189 ms  h_edges=2850102
  NeighborhoodSlab: 103 threads × 2304 KB = 231 MB
  Batch 4 [412,515) done in 146 ms  h_edges=2852496
  NeighborhoodSlab: 103 threads × 2304 KB = 231 MB
  Batch 5 [515,618) done in 140 ms  h_edges=2854670
  NeighborhoodSlab: 103 threads × 2304 KB = 231 MB
  Batch 6 [618,721) done in 142 ms  h_edges=2856856
  NeighborhoodSlab: 103 threads × 2304 KB = 231 MB
  Batch 7 [721,824) done in 181 ms  h_edges=2858863
  NeighborhoodSlab: 103 threads × 2304 KB = 231 MB
  Batch 8 [824,927) done in 152 ms  h_edges=2860689
  NeighborhoodSlab: 103 threads × 2304 KB = 231 MB
  Batch 9 [927,1030) done in 187 ms  h_edges=2862641
  NeighborhoodSlab: 103 threads × 2304 KB = 231 MB
  Batch 10 [1030,1133) done in 154 ms  h_edges=2864501
  NeighborhoodSlab: 103 threads × 2304 KB = 231 MB
  Batch 11 [1133,1236) done in 215 ms  h_edges=2866217
  NeighborhoodSlab: 103 threads × 2304 KB = 231 MB
  Batch 12 [1236,1339) done in 162 ms  h_edges=2868556
  NeighborhoodSlab: 103 threads × 2304 KB = 231 MB
  Batch 13 [1339,1442) done in 156 ms  h_edges=2870126
  NeighborhoodSlab: 103 threads × 2304 KB = 231 MB
  Batch 14 [1442,1545) done in 152 ms  h_edges=2872057
  NeighborhoodSlab: 103 threads × 2304 KB = 231 MB
  Batch 15 [1545,1648) done in 200 ms  h_edges=2873941
  NeighborhoodSlab: 103 threads × 2304 KB = 231 MB
  Batch 16 [1648,1751) done in 136 ms  h_edges=2876005
  NeighborhoodSlab: 103 threads × 2304 KB = 231 MB
  Batch 17 [1751,1854) done in 117 ms  h_edges=2878306
  NeighborhoodSlab: 103 threads × 2304 KB = 231 MB
  Batch 18 [1854,1957) done in 164 ms  h_edges=2880374
  NeighborhoodSlab: 103 threads × 2304 KB = 231 MB
  Batch 19 [1957,2060) done in 194 ms  h_edges=2882401
  NeighborhoodSlab: 103 threads × 2304 KB = 231 MB
  Batch 20 [2060,2163) done in 192 ms  h_edges=2884866
  NeighborhoodSlab: 103 threads × 2304 KB = 231 MB
  Batch 21 [2163,2266) done in 154 ms  h_edges=2886705
  NeighborhoodSlab: 103 threads × 2304 KB = 231 MB
  Batch 22 [2266,2369) done in 145 ms  h_edges=2888502
  NeighborhoodSlab: 103 threads × 2304 KB = 231 MB
  Batch 23 [2369,2472) done in 136 ms  h_edges=2890284
  NeighborhoodSlab: 103 threads × 2304 KB = 231 MB
  Batch 24 [2472,2575) done in 154 ms  h_edges=2891976
  NeighborhoodSlab: 103 threads × 2304 KB = 231 MB
  Batch 25 [2575,2678) done in 115 ms  h_edges=2893913
  NeighborhoodSlab: 103 threads × 2304 KB = 231 MB
  Batch 26 [2678,2781) done in 127 ms  h_edges=2896017
  NeighborhoodSlab: 103 threads × 2304 KB = 231 MB
  Batch 27 [2781,2884) done in 142 ms  h_edges=2898480
  NeighborhoodSlab: 103 threads × 2304 KB = 231 MB
  Batch 28 [2884,2987) done in 167 ms  h_edges=2900177
  NeighborhoodSlab: 103 threads × 2304 KB = 231 MB
  Batch 29 [2987,3090) done in 158 ms  h_edges=2902509
  NeighborhoodSlab: 103 threads × 2304 KB = 231 MB
  Batch 30 [3090,3193) done in 147 ms  h_edges=2904918
  NeighborhoodSlab: 103 threads × 2304 KB = 231 MB
  Batch 31 [3193,3296) done in 155 ms  h_edges=2907143
  NeighborhoodSlab: 103 threads × 2304 KB = 231 MB
  Batch 32 [3296,3399) done in 151 ms  h_edges=2909165
  NeighborhoodSlab: 103 threads × 2304 KB = 231 MB
  Batch 33 [3399,3502) done in 173 ms  h_edges=2911184
  NeighborhoodSlab: 103 threads × 2304 KB = 231 MB
  Batch 34 [3502,3605) done in 199 ms  h_edges=2913190
  NeighborhoodSlab: 103 threads × 2304 KB = 231 MB
  Batch 35 [3605,3708) done in 153 ms  h_edges=2914998
  NeighborhoodSlab: 103 threads × 2304 KB = 231 MB
  Batch 36 [3708,3811) done in 169 ms  h_edges=2916689
  NeighborhoodSlab: 103 threads × 2304 KB = 231 MB
  Batch 37 [3811,3914) done in 188 ms  h_edges=2918731
  NeighborhoodSlab: 103 threads × 2304 KB = 231 MB
  Batch 38 [3914,4017) done in 155 ms  h_edges=2920413
  NeighborhoodSlab: 103 threads × 2304 KB = 231 MB
  Batch 39 [4017,4120) done in 162 ms  h_edges=2922666
  NeighborhoodSlab: 103 threads × 2304 KB = 231 MB
  Batch 40 [4120,4223) done in 187 ms  h_edges=2924306
  NeighborhoodSlab: 103 threads × 2304 KB = 231 MB
  Batch 41 [4223,4326) done in 126 ms  h_edges=2926761
  NeighborhoodSlab: 103 threads × 2304 KB = 231 MB
  Batch 42 [4326,4429) done in 160 ms  h_edges=2928384
  NeighborhoodSlab: 103 threads × 2304 KB = 231 MB
  Batch 43 [4429,4532) done in 181 ms  h_edges=2930542
  NeighborhoodSlab: 103 threads × 2304 KB = 231 MB
  Batch 44 [4532,4635) done in 110 ms  h_edges=2932590
  NeighborhoodSlab: 103 threads × 2304 KB = 231 MB
  Batch 45 [4635,4738) done in 158 ms  h_edges=2934862
  NeighborhoodSlab: 103 threads × 2304 KB = 231 MB
  Batch 46 [4738,4841) done in 128 ms  h_edges=2936630
  NeighborhoodSlab: 103 threads × 2304 KB = 231 MB
  Batch 47 [4841,4944) done in 143 ms  h_edges=2938297
  NeighborhoodSlab: 103 threads × 2304 KB = 231 MB
  Batch 48 [4944,5047) done in 131 ms  h_edges=2940258
  NeighborhoodSlab: 103 threads × 2304 KB = 231 MB
  Batch 49 [5047,5150) done in 141 ms  h_edges=2942165
  NeighborhoodSlab: 103 threads × 2304 KB = 231 MB
  Batch 50 [5150,5253) done in 236 ms  h_edges=2943895
  NeighborhoodSlab: 103 threads × 2304 KB = 231 MB
  Batch 51 [5253,5356) done in 211 ms  h_edges=2945720
  NeighborhoodSlab: 103 threads × 2304 KB = 231 MB
  Batch 52 [5356,5459) done in 149 ms  h_edges=2948378
  NeighborhoodSlab: 103 threads × 2304 KB = 231 MB
  Batch 53 [5459,5562) done in 185 ms  h_edges=2950658
  NeighborhoodSlab: 103 threads × 2304 KB = 231 MB
  Batch 54 [5562,5665) done in 136 ms  h_edges=2952359
  NeighborhoodSlab: 103 threads × 2304 KB = 231 MB
  Batch 55 [5665,5768) done in 135 ms  h_edges=2954728
  NeighborhoodSlab: 103 threads × 2304 KB = 231 MB
  Batch 56 [5768,5871) done in 227 ms  h_edges=2956643
  NeighborhoodSlab: 103 threads × 2304 KB = 231 MB
  Batch 57 [5871,5974) done in 163 ms  h_edges=2958260
  NeighborhoodSlab: 103 threads × 2304 KB = 231 MB
  Batch 58 [5974,6077) done in 162 ms  h_edges=2960172
  NeighborhoodSlab: 82 threads × 2304 KB = 184 MB
  Batch 59 [6077,6159) done in 148 ms  h_edges=2961645
  DeviceGraph: fwd=1883197 bwd=1883197 edges
  Year 2025 total: 11979 ms  (pop: 108809)

--- Year 2026 (pop: 108809) ---
  Adding 6529 new papers
  DeviceGraph: fwd=1883197 bwd=1883197 edges
  Processing 6529 papers in 60 batches of ~109
  NeighborhoodSlab: 109 threads × 2304 KB = 245 MB
  Batch 0 [0,109) done in 149 ms  h_edges=2963532
  NeighborhoodSlab: 109 threads × 2304 KB = 245 MB
  Batch 1 [109,218) done in 172 ms  h_edges=2965751
  NeighborhoodSlab: 109 threads × 2304 KB = 245 MB
  Batch 2 [218,327) done in 232 ms  h_edges=2968016
  NeighborhoodSlab: 109 threads × 2304 KB = 245 MB
  Batch 3 [327,436) done in 169 ms  h_edges=2970185
  NeighborhoodSlab: 109 threads × 2304 KB = 245 MB
  Batch 4 [436,545) done in 162 ms  h_edges=2972093
  NeighborhoodSlab: 109 threads × 2304 KB = 245 MB
  Batch 5 [545,654) done in 160 ms  h_edges=2973941
  NeighborhoodSlab: 109 threads × 2304 KB = 245 MB
  Batch 6 [654,763) done in 183 ms  h_edges=2976465
  NeighborhoodSlab: 109 threads × 2304 KB = 245 MB
  Batch 7 [763,872) done in 200 ms  h_edges=2978563
  NeighborhoodSlab: 109 threads × 2304 KB = 245 MB
  Batch 8 [872,981) done in 190 ms  h_edges=2980403
  NeighborhoodSlab: 109 threads × 2304 KB = 245 MB
  Batch 9 [981,1090) done in 214 ms  h_edges=2982870
  NeighborhoodSlab: 109 threads × 2304 KB = 245 MB
  Batch 10 [1090,1199) done in 144 ms  h_edges=2984852
  NeighborhoodSlab: 109 threads × 2304 KB = 245 MB
  Batch 11 [1199,1308) done in 155 ms  h_edges=2986919
  NeighborhoodSlab: 109 threads × 2304 KB = 245 MB
  Batch 12 [1308,1417) done in 177 ms  h_edges=2988648
  NeighborhoodSlab: 109 threads × 2304 KB = 245 MB
  Batch 13 [1417,1526) done in 147 ms  h_edges=2990430
  NeighborhoodSlab: 109 threads × 2304 KB = 245 MB
  Batch 14 [1526,1635) done in 152 ms  h_edges=2992695
  NeighborhoodSlab: 109 threads × 2304 KB = 245 MB
  Batch 15 [1635,1744) done in 182 ms  h_edges=2994706
  NeighborhoodSlab: 109 threads × 2304 KB = 245 MB
  Batch 16 [1744,1853) done in 138 ms  h_edges=2996531
  NeighborhoodSlab: 109 threads × 2304 KB = 245 MB
  Batch 17 [1853,1962) done in 200 ms  h_edges=2998425
  NeighborhoodSlab: 109 threads × 2304 KB = 245 MB
  Batch 18 [1962,2071) done in 190 ms  h_edges=3000261
  NeighborhoodSlab: 109 threads × 2304 KB = 245 MB
  Batch 19 [2071,2180) done in 152 ms  h_edges=3002292
  NeighborhoodSlab: 109 threads × 2304 KB = 245 MB
  Batch 20 [2180,2289) done in 183 ms  h_edges=3004645
  NeighborhoodSlab: 109 threads × 2304 KB = 245 MB
  Batch 21 [2289,2398) done in 226 ms  h_edges=3006845
  NeighborhoodSlab: 109 threads × 2304 KB = 245 MB
  Batch 22 [2398,2507) done in 166 ms  h_edges=3009390
  NeighborhoodSlab: 109 threads × 2304 KB = 245 MB
  Batch 23 [2507,2616) done in 195 ms  h_edges=3011581
  NeighborhoodSlab: 109 threads × 2304 KB = 245 MB
  Batch 24 [2616,2725) done in 143 ms  h_edges=3013885
  NeighborhoodSlab: 109 threads × 2304 KB = 245 MB
  Batch 25 [2725,2834) done in 197 ms  h_edges=3016298
  NeighborhoodSlab: 109 threads × 2304 KB = 245 MB
  Batch 26 [2834,2943) done in 192 ms  h_edges=3018217
  NeighborhoodSlab: 109 threads × 2304 KB = 245 MB
  Batch 27 [2943,3052) done in 187 ms  h_edges=3020280
  NeighborhoodSlab: 109 threads × 2304 KB = 245 MB
  Batch 28 [3052,3161) done in 236 ms  h_edges=3021745
  NeighborhoodSlab: 109 threads × 2304 KB = 245 MB
  Batch 29 [3161,3270) done in 201 ms  h_edges=3023446
  NeighborhoodSlab: 109 threads × 2304 KB = 245 MB
  Batch 30 [3270,3379) done in 256 ms  h_edges=3025512
  NeighborhoodSlab: 109 threads × 2304 KB = 245 MB
  Batch 31 [3379,3488) done in 171 ms  h_edges=3027452
  NeighborhoodSlab: 109 threads × 2304 KB = 245 MB
  Batch 32 [3488,3597) done in 168 ms  h_edges=3030058
  NeighborhoodSlab: 109 threads × 2304 KB = 245 MB
  Batch 33 [3597,3706) done in 167 ms  h_edges=3032270
  NeighborhoodSlab: 109 threads × 2304 KB = 245 MB
  Batch 34 [3706,3815) done in 182 ms  h_edges=3034067
  NeighborhoodSlab: 109 threads × 2304 KB = 245 MB
  Batch 35 [3815,3924) done in 221 ms  h_edges=3036427
  NeighborhoodSlab: 109 threads × 2304 KB = 245 MB
  Batch 36 [3924,4033) done in 220 ms  h_edges=3038679
  NeighborhoodSlab: 109 threads × 2304 KB = 245 MB
  Batch 37 [4033,4142) done in 246 ms  h_edges=3040738
  NeighborhoodSlab: 109 threads × 2304 KB = 245 MB
  Batch 38 [4142,4251) done in 171 ms  h_edges=3042825
  NeighborhoodSlab: 109 threads × 2304 KB = 245 MB
  Batch 39 [4251,4360) done in 179 ms  h_edges=3044953
  NeighborhoodSlab: 109 threads × 2304 KB = 245 MB
  Batch 40 [4360,4469) done in 189 ms  h_edges=3047423
  NeighborhoodSlab: 109 threads × 2304 KB = 245 MB
  Batch 41 [4469,4578) done in 184 ms  h_edges=3050019
  NeighborhoodSlab: 109 threads × 2304 KB = 245 MB
  Batch 42 [4578,4687) done in 186 ms  h_edges=3052494
  NeighborhoodSlab: 109 threads × 2304 KB = 245 MB
  Batch 43 [4687,4796) done in 170 ms  h_edges=3054622
  NeighborhoodSlab: 109 threads × 2304 KB = 245 MB
  Batch 44 [4796,4905) done in 164 ms  h_edges=3057246
  NeighborhoodSlab: 109 threads × 2304 KB = 245 MB
  Batch 45 [4905,5014) done in 155 ms  h_edges=3059642
  NeighborhoodSlab: 109 threads × 2304 KB = 245 MB
  Batch 46 [5014,5123) done in 206 ms  h_edges=3061960
  NeighborhoodSlab: 109 threads × 2304 KB = 245 MB
  Batch 47 [5123,5232) done in 193 ms  h_edges=3064497
  NeighborhoodSlab: 109 threads × 2304 KB = 245 MB
  Batch 48 [5232,5341) done in 169 ms  h_edges=3066570
  NeighborhoodSlab: 109 threads × 2304 KB = 245 MB
  Batch 49 [5341,5450) done in 179 ms  h_edges=3068897
  NeighborhoodSlab: 109 threads × 2304 KB = 245 MB
  Batch 50 [5450,5559) done in 167 ms  h_edges=3070828
  NeighborhoodSlab: 109 threads × 2304 KB = 245 MB
  Batch 51 [5559,5668) done in 155 ms  h_edges=3072789
  NeighborhoodSlab: 109 threads × 2304 KB = 245 MB
  Batch 52 [5668,5777) done in 193 ms  h_edges=3074697
  NeighborhoodSlab: 109 threads × 2304 KB = 245 MB
  Batch 53 [5777,5886) done in 200 ms  h_edges=3076566
  NeighborhoodSlab: 109 threads × 2304 KB = 245 MB
  Batch 54 [5886,5995) done in 158 ms  h_edges=3078268
  NeighborhoodSlab: 109 threads × 2304 KB = 245 MB
  Batch 55 [5995,6104) done in 253 ms  h_edges=3080867
  NeighborhoodSlab: 109 threads × 2304 KB = 245 MB
  Batch 56 [6104,6213) done in 263 ms  h_edges=3082907
  NeighborhoodSlab: 109 threads × 2304 KB = 245 MB
  Batch 57 [6213,6322) done in 168 ms  h_edges=3085615
  NeighborhoodSlab: 109 threads × 2304 KB = 245 MB
  Batch 58 [6322,6431) done in 153 ms  h_edges=3087505
  NeighborhoodSlab: 98 threads × 2304 KB = 220 MB
  Batch 59 [6431,6529) done in 192 ms  h_edges=3089350
  DeviceGraph: fwd=2010902 bwd=2010902 edges
  Year 2026 total: 13489 ms  (pop: 115338)

--- Year 2027 (pop: 115338) ---
  Adding 6921 new papers
  DeviceGraph: fwd=2010902 bwd=2010902 edges
  Processing 6921 papers in 60 batches of ~116
  NeighborhoodSlab: 116 threads × 2304 KB = 261 MB
  Batch 0 [0,116) done in 216 ms  h_edges=3091697
  NeighborhoodSlab: 116 threads × 2304 KB = 261 MB
  Batch 1 [116,232) done in 300 ms  h_edges=3094232
  NeighborhoodSlab: 116 threads × 2304 KB = 261 MB
  Batch 2 [232,348) done in 304 ms  h_edges=3096114
  NeighborhoodSlab: 116 threads × 2304 KB = 261 MB
  Batch 3 [348,464) done in 218 ms  h_edges=3098189
  NeighborhoodSlab: 116 threads × 2304 KB = 261 MB
  Batch 4 [464,580) done in 263 ms  h_edges=3100335
  NeighborhoodSlab: 116 threads × 2304 KB = 261 MB
  Batch 5 [580,696) done in 192 ms  h_edges=3102752
  NeighborhoodSlab: 116 threads × 2304 KB = 261 MB
  Batch 6 [696,812) done in 245 ms  h_edges=3104907
  NeighborhoodSlab: 116 threads × 2304 KB = 261 MB
  Batch 7 [812,928) done in 216 ms  h_edges=3107276
  NeighborhoodSlab: 116 threads × 2304 KB = 261 MB
  Batch 8 [928,1044) done in 247 ms  h_edges=3109354
  NeighborhoodSlab: 116 threads × 2304 KB = 261 MB
  Batch 9 [1044,1160) done in 232 ms  h_edges=3111553
  NeighborhoodSlab: 116 threads × 2304 KB = 261 MB
  Batch 10 [1160,1276) done in 266 ms  h_edges=3113547
  NeighborhoodSlab: 116 threads × 2304 KB = 261 MB
  Batch 11 [1276,1392) done in 261 ms  h_edges=3115730
  NeighborhoodSlab: 116 threads × 2304 KB = 261 MB
  Batch 12 [1392,1508) done in 161 ms  h_edges=3118507
  NeighborhoodSlab: 116 threads × 2304 KB = 261 MB
  Batch 13 [1508,1624) done in 211 ms  h_edges=3120811
  NeighborhoodSlab: 116 threads × 2304 KB = 261 MB
  Batch 14 [1624,1740) done in 310 ms  h_edges=3123126
  NeighborhoodSlab: 116 threads × 2304 KB = 261 MB
  Batch 15 [1740,1856) done in 234 ms  h_edges=3124925
  NeighborhoodSlab: 116 threads × 2304 KB = 261 MB
  Batch 16 [1856,1972) done in 216 ms  h_edges=3127342
  NeighborhoodSlab: 116 threads × 2304 KB = 261 MB
  Batch 17 [1972,2088) done in 254 ms  h_edges=3129380
  NeighborhoodSlab: 116 threads × 2304 KB = 261 MB
  Batch 18 [2088,2204) done in 221 ms  h_edges=3131312
  NeighborhoodSlab: 116 threads × 2304 KB = 261 MB
  Batch 19 [2204,2320) done in 225 ms  h_edges=3133789
  NeighborhoodSlab: 116 threads × 2304 KB = 261 MB
  Batch 20 [2320,2436) done in 240 ms  h_edges=3135574
  NeighborhoodSlab: 116 threads × 2304 KB = 261 MB
  Batch 21 [2436,2552) done in 246 ms  h_edges=3137745
  NeighborhoodSlab: 116 threads × 2304 KB = 261 MB
  Batch 22 [2552,2668) done in 228 ms  h_edges=3139793
  NeighborhoodSlab: 116 threads × 2304 KB = 261 MB
  Batch 23 [2668,2784) done in 252 ms  h_edges=3142383
  NeighborhoodSlab: 116 threads × 2304 KB = 261 MB
  Batch 24 [2784,2900) done in 256 ms  h_edges=3144270
  NeighborhoodSlab: 116 threads × 2304 KB = 261 MB
  Batch 25 [2900,3016) done in 182 ms  h_edges=3146787
  NeighborhoodSlab: 116 threads × 2304 KB = 261 MB
  Batch 26 [3016,3132) done in 223 ms  h_edges=3149150
  NeighborhoodSlab: 116 threads × 2304 KB = 261 MB
  Batch 27 [3132,3248) done in 272 ms  h_edges=3151510
  NeighborhoodSlab: 116 threads × 2304 KB = 261 MB
  Batch 28 [3248,3364) done in 235 ms  h_edges=3153685
  NeighborhoodSlab: 116 threads × 2304 KB = 261 MB
  Batch 29 [3364,3480) done in 215 ms  h_edges=3155979
  NeighborhoodSlab: 116 threads × 2304 KB = 261 MB
  Batch 30 [3480,3596) done in 161 ms  h_edges=3158700
  NeighborhoodSlab: 116 threads × 2304 KB = 261 MB
  Batch 31 [3596,3712) done in 331 ms  h_edges=3161562
  NeighborhoodSlab: 116 threads × 2304 KB = 261 MB
  Batch 32 [3712,3828) done in 199 ms  h_edges=3163478
  NeighborhoodSlab: 116 threads × 2304 KB = 261 MB
  Batch 33 [3828,3944) done in 210 ms  h_edges=3165440
  NeighborhoodSlab: 116 threads × 2304 KB = 261 MB
  Batch 34 [3944,4060) done in 262 ms  h_edges=3167714
  NeighborhoodSlab: 116 threads × 2304 KB = 261 MB
  Batch 35 [4060,4176) done in 233 ms  h_edges=3170019
  NeighborhoodSlab: 116 threads × 2304 KB = 261 MB
  Batch 36 [4176,4292) done in 274 ms  h_edges=3172001
  NeighborhoodSlab: 116 threads × 2304 KB = 261 MB
  Batch 37 [4292,4408) done in 177 ms  h_edges=3173984
  NeighborhoodSlab: 116 threads × 2304 KB = 261 MB
  Batch 38 [4408,4524) done in 174 ms  h_edges=3176454
  NeighborhoodSlab: 116 threads × 2304 KB = 261 MB
  Batch 39 [4524,4640) done in 197 ms  h_edges=3178995
  NeighborhoodSlab: 116 threads × 2304 KB = 261 MB
  Batch 40 [4640,4756) done in 211 ms  h_edges=3180758
  NeighborhoodSlab: 116 threads × 2304 KB = 261 MB
  Batch 41 [4756,4872) done in 278 ms  h_edges=3182879
  NeighborhoodSlab: 116 threads × 2304 KB = 261 MB
  Batch 42 [4872,4988) done in 262 ms  h_edges=3184957
  NeighborhoodSlab: 116 threads × 2304 KB = 261 MB
  Batch 43 [4988,5104) done in 203 ms  h_edges=3187047
  NeighborhoodSlab: 116 threads × 2304 KB = 261 MB
  Batch 44 [5104,5220) done in 206 ms  h_edges=3189333
  NeighborhoodSlab: 116 threads × 2304 KB = 261 MB
  Batch 45 [5220,5336) done in 253 ms  h_edges=3192136
  NeighborhoodSlab: 116 threads × 2304 KB = 261 MB
  Batch 46 [5336,5452) done in 209 ms  h_edges=3194234
  NeighborhoodSlab: 116 threads × 2304 KB = 261 MB
  Batch 47 [5452,5568) done in 236 ms  h_edges=3196321
  NeighborhoodSlab: 116 threads × 2304 KB = 261 MB
  Batch 48 [5568,5684) done in 206 ms  h_edges=3198095
  NeighborhoodSlab: 116 threads × 2304 KB = 261 MB
  Batch 49 [5684,5800) done in 225 ms  h_edges=3200466
  NeighborhoodSlab: 116 threads × 2304 KB = 261 MB
  Batch 50 [5800,5916) done in 232 ms  h_edges=3202800
  NeighborhoodSlab: 116 threads × 2304 KB = 261 MB
  Batch 51 [5916,6032) done in 218 ms  h_edges=3204522
  NeighborhoodSlab: 116 threads × 2304 KB = 261 MB
  Batch 52 [6032,6148) done in 234 ms  h_edges=3206686
  NeighborhoodSlab: 116 threads × 2304 KB = 261 MB
  Batch 53 [6148,6264) done in 249 ms  h_edges=3208690
  NeighborhoodSlab: 116 threads × 2304 KB = 261 MB
  Batch 54 [6264,6380) done in 172 ms  h_edges=3210576
  NeighborhoodSlab: 116 threads × 2304 KB = 261 MB
  Batch 55 [6380,6496) done in 202 ms  h_edges=3212922
  NeighborhoodSlab: 116 threads × 2304 KB = 261 MB
  Batch 56 [6496,6612) done in 243 ms  h_edges=3215345
  NeighborhoodSlab: 116 threads × 2304 KB = 261 MB
  Batch 57 [6612,6728) done in 262 ms  h_edges=3217301
  NeighborhoodSlab: 116 threads × 2304 KB = 261 MB
  Batch 58 [6728,6844) done in 229 ms  h_edges=3219672
  NeighborhoodSlab: 77 threads × 2304 KB = 173 MB
  Batch 59 [6844,6921) done in 164 ms  h_edges=3221613
  DeviceGraph: fwd=2143165 bwd=2143165 edges
  Year 2027 total: 16466 ms  (pop: 122259)

--- Year 2028 (pop: 122259) ---
  Adding 7336 new papers
  DeviceGraph: fwd=2143165 bwd=2143165 edges
  Processing 7336 papers in 60 batches of ~123
  NeighborhoodSlab: 123 threads × 2304 KB = 276 MB
  Batch 0 [0,123) done in 451 ms  h_edges=3224057
  NeighborhoodSlab: 123 threads × 2304 KB = 276 MB
  Batch 1 [123,246) done in 301 ms  h_edges=3226136
  NeighborhoodSlab: 123 threads × 2304 KB = 276 MB
  Batch 2 [246,369) done in 288 ms  h_edges=3228850
  NeighborhoodSlab: 123 threads × 2304 KB = 276 MB
  Batch 3 [369,492) done in 215 ms  h_edges=3231344
  NeighborhoodSlab: 123 threads × 2304 KB = 276 MB
  Batch 4 [492,615) done in 353 ms  h_edges=3233719
  NeighborhoodSlab: 123 threads × 2304 KB = 276 MB
  Batch 5 [615,738) done in 254 ms  h_edges=3236205
  NeighborhoodSlab: 123 threads × 2304 KB = 276 MB
  Batch 6 [738,861) done in 206 ms  h_edges=3238267
  NeighborhoodSlab: 123 threads × 2304 KB = 276 MB
  Batch 7 [861,984) done in 255 ms  h_edges=3240514
  NeighborhoodSlab: 123 threads × 2304 KB = 276 MB
  Batch 8 [984,1107) done in 292 ms  h_edges=3242674
  NeighborhoodSlab: 123 threads × 2304 KB = 276 MB
  Batch 9 [1107,1230) done in 322 ms  h_edges=3245589
  NeighborhoodSlab: 123 threads × 2304 KB = 276 MB
  Batch 10 [1230,1353) done in 316 ms  h_edges=3247705
  NeighborhoodSlab: 123 threads × 2304 KB = 276 MB
  Batch 11 [1353,1476) done in 332 ms  h_edges=3250058
  NeighborhoodSlab: 123 threads × 2304 KB = 276 MB
  Batch 12 [1476,1599) done in 305 ms  h_edges=3252996
  NeighborhoodSlab: 123 threads × 2304 KB = 276 MB
  Batch 13 [1599,1722) done in 261 ms  h_edges=3255064
  NeighborhoodSlab: 123 threads × 2304 KB = 276 MB
  Batch 14 [1722,1845) done in 325 ms  h_edges=3257832
  NeighborhoodSlab: 123 threads × 2304 KB = 276 MB
  Batch 15 [1845,1968) done in 335 ms  h_edges=3260558
  NeighborhoodSlab: 123 threads × 2304 KB = 276 MB
  Batch 16 [1968,2091) done in 238 ms  h_edges=3263340
  NeighborhoodSlab: 123 threads × 2304 KB = 276 MB
  Batch 17 [2091,2214) done in 262 ms  h_edges=3265743
  NeighborhoodSlab: 123 threads × 2304 KB = 276 MB
  Batch 18 [2214,2337) done in 284 ms  h_edges=3268024
  NeighborhoodSlab: 123 threads × 2304 KB = 276 MB
  Batch 19 [2337,2460) done in 298 ms  h_edges=3270395
  NeighborhoodSlab: 123 threads × 2304 KB = 276 MB
  Batch 20 [2460,2583) done in 260 ms  h_edges=3272412
  NeighborhoodSlab: 123 threads × 2304 KB = 276 MB
  Batch 21 [2583,2706) done in 303 ms  h_edges=3274771
  NeighborhoodSlab: 123 threads × 2304 KB = 276 MB
  Batch 22 [2706,2829) done in 303 ms  h_edges=3277668
  NeighborhoodSlab: 123 threads × 2304 KB = 276 MB
  Batch 23 [2829,2952) done in 288 ms  h_edges=3279737
  NeighborhoodSlab: 123 threads × 2304 KB = 276 MB
  Batch 24 [2952,3075) done in 277 ms  h_edges=3282129
  NeighborhoodSlab: 123 threads × 2304 KB = 276 MB
  Batch 25 [3075,3198) done in 395 ms  h_edges=3284082
  NeighborhoodSlab: 123 threads × 2304 KB = 276 MB
  Batch 26 [3198,3321) done in 218 ms  h_edges=3286224
  NeighborhoodSlab: 123 threads × 2304 KB = 276 MB
  Batch 27 [3321,3444) done in 306 ms  h_edges=3288572
  NeighborhoodSlab: 123 threads × 2304 KB = 276 MB
  Batch 28 [3444,3567) done in 235 ms  h_edges=3291062
  NeighborhoodSlab: 123 threads × 2304 KB = 276 MB
  Batch 29 [3567,3690) done in 371 ms  h_edges=3293095
  NeighborhoodSlab: 123 threads × 2304 KB = 276 MB
  Batch 30 [3690,3813) done in 281 ms  h_edges=3295842
  NeighborhoodSlab: 123 threads × 2304 KB = 276 MB
  Batch 31 [3813,3936) done in 238 ms  h_edges=3298200
  NeighborhoodSlab: 123 threads × 2304 KB = 276 MB
  Batch 32 [3936,4059) done in 253 ms  h_edges=3300665
  NeighborhoodSlab: 123 threads × 2304 KB = 276 MB
  Batch 33 [4059,4182) done in 377 ms  h_edges=3302753
  NeighborhoodSlab: 123 threads × 2304 KB = 276 MB
  Batch 34 [4182,4305) done in 241 ms  h_edges=3304757
  NeighborhoodSlab: 123 threads × 2304 KB = 276 MB
  Batch 35 [4305,4428) done in 250 ms  h_edges=3307190
  NeighborhoodSlab: 123 threads × 2304 KB = 276 MB
  Batch 36 [4428,4551) done in 316 ms  h_edges=3309584
  NeighborhoodSlab: 123 threads × 2304 KB = 276 MB
  Batch 37 [4551,4674) done in 274 ms  h_edges=3311968
  NeighborhoodSlab: 123 threads × 2304 KB = 276 MB
  Batch 38 [4674,4797) done in 314 ms  h_edges=3313972
  NeighborhoodSlab: 123 threads × 2304 KB = 276 MB
  Batch 39 [4797,4920) done in 254 ms  h_edges=3316237
  NeighborhoodSlab: 123 threads × 2304 KB = 276 MB
  Batch 40 [4920,5043) done in 268 ms  h_edges=3318662
  NeighborhoodSlab: 123 threads × 2304 KB = 276 MB
  Batch 41 [5043,5166) done in 337 ms  h_edges=3320831
  NeighborhoodSlab: 123 threads × 2304 KB = 276 MB
  Batch 42 [5166,5289) done in 326 ms  h_edges=3323222
  NeighborhoodSlab: 123 threads × 2304 KB = 276 MB
  Batch 43 [5289,5412) done in 282 ms  h_edges=3326041
  NeighborhoodSlab: 123 threads × 2304 KB = 276 MB
  Batch 44 [5412,5535) done in 273 ms  h_edges=3327986
  NeighborhoodSlab: 123 threads × 2304 KB = 276 MB
  Batch 45 [5535,5658) done in 300 ms  h_edges=3330102
  NeighborhoodSlab: 123 threads × 2304 KB = 276 MB
  Batch 46 [5658,5781) done in 261 ms  h_edges=3332237
  NeighborhoodSlab: 123 threads × 2304 KB = 276 MB
  Batch 47 [5781,5904) done in 319 ms  h_edges=3334489
  NeighborhoodSlab: 123 threads × 2304 KB = 276 MB
  Batch 48 [5904,6027) done in 272 ms  h_edges=3336957
  NeighborhoodSlab: 123 threads × 2304 KB = 276 MB
  Batch 49 [6027,6150) done in 364 ms  h_edges=3339327
  NeighborhoodSlab: 123 threads × 2304 KB = 276 MB
  Batch 50 [6150,6273) done in 282 ms  h_edges=3341793
  NeighborhoodSlab: 123 threads × 2304 KB = 276 MB
  Batch 51 [6273,6396) done in 317 ms  h_edges=3344070
  NeighborhoodSlab: 123 threads × 2304 KB = 276 MB
  Batch 52 [6396,6519) done in 262 ms  h_edges=3346236
  NeighborhoodSlab: 123 threads × 2304 KB = 276 MB
  Batch 53 [6519,6642) done in 237 ms  h_edges=3348441
  NeighborhoodSlab: 123 threads × 2304 KB = 276 MB
  Batch 54 [6642,6765) done in 240 ms  h_edges=3351071
  NeighborhoodSlab: 123 threads × 2304 KB = 276 MB
  Batch 55 [6765,6888) done in 340 ms  h_edges=3354063
  NeighborhoodSlab: 123 threads × 2304 KB = 276 MB
  Batch 56 [6888,7011) done in 337 ms  h_edges=3356214
  NeighborhoodSlab: 123 threads × 2304 KB = 276 MB
  Batch 57 [7011,7134) done in 343 ms  h_edges=3358334
  NeighborhoodSlab: 123 threads × 2304 KB = 276 MB
  Batch 58 [7134,7257) done in 249 ms  h_edges=3360503
  NeighborhoodSlab: 79 threads × 2304 KB = 177 MB
  Batch 59 [7257,7336) done in 216 ms  h_edges=3361622
  DeviceGraph: fwd=2283174 bwd=2283174 edges
  Year 2028 total: 20436 ms  (pop: 129595)

--- Year 2029 (pop: 129595) ---
  Adding 7776 new papers
  DeviceGraph: fwd=2283174 bwd=2283174 edges
  Processing 7776 papers in 60 batches of ~130
  NeighborhoodSlab: 130 threads × 2304 KB = 292 MB
  Batch 0 [0,130) done in 312 ms  h_edges=3363909
  NeighborhoodSlab: 130 threads × 2304 KB = 292 MB
  Batch 1 [130,260) done in 309 ms  h_edges=3366852
  NeighborhoodSlab: 130 threads × 2304 KB = 292 MB
  Batch 2 [260,390) done in 360 ms  h_edges=3369315
  NeighborhoodSlab: 130 threads × 2304 KB = 292 MB
  Batch 3 [390,520) done in 360 ms  h_edges=3371741
  NeighborhoodSlab: 130 threads × 2304 KB = 292 MB
  Batch 4 [520,650) done in 357 ms  h_edges=3374296
  NeighborhoodSlab: 130 threads × 2304 KB = 292 MB
  Batch 5 [650,780) done in 315 ms  h_edges=3376729
  NeighborhoodSlab: 130 threads × 2304 KB = 292 MB
  Batch 6 [780,910) done in 300 ms  h_edges=3379544
  NeighborhoodSlab: 130 threads × 2304 KB = 292 MB
  Batch 7 [910,1040) done in 324 ms  h_edges=3381878
  NeighborhoodSlab: 130 threads × 2304 KB = 292 MB
  Batch 8 [1040,1170) done in 299 ms  h_edges=3384322
  NeighborhoodSlab: 130 threads × 2304 KB = 292 MB
  Batch 9 [1170,1300) done in 320 ms  h_edges=3386548
  NeighborhoodSlab: 130 threads × 2304 KB = 292 MB
  Batch 10 [1300,1430) done in 307 ms  h_edges=3389284
  NeighborhoodSlab: 130 threads × 2304 KB = 292 MB
  Batch 11 [1430,1560) done in 405 ms  h_edges=3392342
  NeighborhoodSlab: 130 threads × 2304 KB = 292 MB
  Batch 12 [1560,1690) done in 304 ms  h_edges=3395137
  NeighborhoodSlab: 130 threads × 2304 KB = 292 MB
  Batch 13 [1690,1820) done in 365 ms  h_edges=3397858
  NeighborhoodSlab: 130 threads × 2304 KB = 292 MB
  Batch 14 [1820,1950) done in 320 ms  h_edges=3400595
  NeighborhoodSlab: 130 threads × 2304 KB = 292 MB
  Batch 15 [1950,2080) done in 330 ms  h_edges=3403138
  NeighborhoodSlab: 130 threads × 2304 KB = 292 MB
  Batch 16 [2080,2210) done in 332 ms  h_edges=3405775
  NeighborhoodSlab: 130 threads × 2304 KB = 292 MB
  Batch 17 [2210,2340) done in 358 ms  h_edges=3408039
  NeighborhoodSlab: 130 threads × 2304 KB = 292 MB
  Batch 18 [2340,2470) done in 320 ms  h_edges=3410540
  NeighborhoodSlab: 130 threads × 2304 KB = 292 MB
  Batch 19 [2470,2600) done in 341 ms  h_edges=3412942
  NeighborhoodSlab: 130 threads × 2304 KB = 292 MB
  Batch 20 [2600,2730) done in 290 ms  h_edges=3416070
  NeighborhoodSlab: 130 threads × 2304 KB = 292 MB
  Batch 21 [2730,2860) done in 310 ms  h_edges=3418778
  NeighborhoodSlab: 130 threads × 2304 KB = 292 MB
  Batch 22 [2860,2990) done in 364 ms  h_edges=3421655
  NeighborhoodSlab: 130 threads × 2304 KB = 292 MB
  Batch 23 [2990,3120) done in 272 ms  h_edges=3424027
  NeighborhoodSlab: 130 threads × 2304 KB = 292 MB
  Batch 24 [3120,3250) done in 354 ms  h_edges=3426682
  NeighborhoodSlab: 130 threads × 2304 KB = 292 MB
  Batch 25 [3250,3380) done in 391 ms  h_edges=3428955
  NeighborhoodSlab: 130 threads × 2304 KB = 292 MB
  Batch 26 [3380,3510) done in 362 ms  h_edges=3430846
  NeighborhoodSlab: 130 threads × 2304 KB = 292 MB
  Batch 27 [3510,3640) done in 370 ms  h_edges=3433707
  NeighborhoodSlab: 130 threads × 2304 KB = 292 MB
  Batch 28 [3640,3770) done in 202 ms  h_edges=3436272
  NeighborhoodSlab: 130 threads × 2304 KB = 292 MB
  Batch 29 [3770,3900) done in 350 ms  h_edges=3438714
  NeighborhoodSlab: 130 threads × 2304 KB = 292 MB
  Batch 30 [3900,4030) done in 368 ms  h_edges=3441291
  NeighborhoodSlab: 130 threads × 2304 KB = 292 MB
  Batch 31 [4030,4160) done in 350 ms  h_edges=3443523
  NeighborhoodSlab: 130 threads × 2304 KB = 292 MB
  Batch 32 [4160,4290) done in 341 ms  h_edges=3446527
  NeighborhoodSlab: 130 threads × 2304 KB = 292 MB
  Batch 33 [4290,4420) done in 342 ms  h_edges=3449373
  NeighborhoodSlab: 130 threads × 2304 KB = 292 MB
  Batch 34 [4420,4550) done in 278 ms  h_edges=3452016
  NeighborhoodSlab: 130 threads × 2304 KB = 292 MB
  Batch 35 [4550,4680) done in 289 ms  h_edges=3454566
  NeighborhoodSlab: 130 threads × 2304 KB = 292 MB
  Batch 36 [4680,4810) done in 361 ms  h_edges=3457330
  NeighborhoodSlab: 130 threads × 2304 KB = 292 MB
  Batch 37 [4810,4940) done in 342 ms  h_edges=3459932
  NeighborhoodSlab: 130 threads × 2304 KB = 292 MB
  Batch 38 [4940,5070) done in 319 ms  h_edges=3462444
  NeighborhoodSlab: 130 threads × 2304 KB = 292 MB
  Batch 39 [5070,5200) done in 336 ms  h_edges=3465141
  NeighborhoodSlab: 130 threads × 2304 KB = 292 MB
  Batch 40 [5200,5330) done in 380 ms  h_edges=3468166
  NeighborhoodSlab: 130 threads × 2304 KB = 292 MB
  Batch 41 [5330,5460) done in 321 ms  h_edges=3470687
  NeighborhoodSlab: 130 threads × 2304 KB = 292 MB
  Batch 42 [5460,5590) done in 280 ms  h_edges=3472830
  NeighborhoodSlab: 130 threads × 2304 KB = 292 MB
  Batch 43 [5590,5720) done in 296 ms  h_edges=3475349
  NeighborhoodSlab: 130 threads × 2304 KB = 292 MB
  Batch 44 [5720,5850) done in 339 ms  h_edges=3478081
  NeighborhoodSlab: 130 threads × 2304 KB = 292 MB
  Batch 45 [5850,5980) done in 296 ms  h_edges=3480491
  NeighborhoodSlab: 130 threads × 2304 KB = 292 MB
  Batch 46 [5980,6110) done in 373 ms  h_edges=3483084
  NeighborhoodSlab: 130 threads × 2304 KB = 292 MB
  Batch 47 [6110,6240) done in 349 ms  h_edges=3485416
  NeighborhoodSlab: 130 threads × 2304 KB = 292 MB
  Batch 48 [6240,6370) done in 350 ms  h_edges=3487926
  NeighborhoodSlab: 130 threads × 2304 KB = 292 MB
  Batch 49 [6370,6500) done in 266 ms  h_edges=3490323
  NeighborhoodSlab: 130 threads × 2304 KB = 292 MB
  Batch 50 [6500,6630) done in 323 ms  h_edges=3493251
  NeighborhoodSlab: 130 threads × 2304 KB = 292 MB
  Batch 51 [6630,6760) done in 412 ms  h_edges=3495708
  NeighborhoodSlab: 130 threads × 2304 KB = 292 MB
  Batch 52 [6760,6890) done in 346 ms  h_edges=3498088
  NeighborhoodSlab: 130 threads × 2304 KB = 292 MB
  Batch 53 [6890,7020) done in 430 ms  h_edges=3500121
  NeighborhoodSlab: 130 threads × 2304 KB = 292 MB
  Batch 54 [7020,7150) done in 324 ms  h_edges=3502834
  NeighborhoodSlab: 130 threads × 2304 KB = 292 MB
  Batch 55 [7150,7280) done in 366 ms  h_edges=3505472
  NeighborhoodSlab: 130 threads × 2304 KB = 292 MB
  Batch 56 [7280,7410) done in 293 ms  h_edges=3508087
  NeighborhoodSlab: 130 threads × 2304 KB = 292 MB
  Batch 57 [7410,7540) done in 311 ms  h_edges=3510539
  NeighborhoodSlab: 130 threads × 2304 KB = 292 MB
  Batch 58 [7540,7670) done in 311 ms  h_edges=3513144
  NeighborhoodSlab: 106 threads × 2304 KB = 238 MB
  Batch 59 [7670,7776) done in 381 ms  h_edges=3515245
  DeviceGraph: fwd=2436797 bwd=2436797 edges
  Year 2029 total: 23126 ms  (pop: 137371)

--- Year 2030 (pop: 137371) ---
  Adding 8243 new papers
  DeviceGraph: fwd=2436797 bwd=2436797 edges
  Processing 8243 papers in 60 batches of ~138
  NeighborhoodSlab: 138 threads × 2304 KB = 310 MB
  Batch 0 [0,138) done in 443 ms  h_edges=3517727
  NeighborhoodSlab: 138 threads × 2304 KB = 310 MB
  Batch 1 [138,276) done in 368 ms  h_edges=3520500
  NeighborhoodSlab: 138 threads × 2304 KB = 310 MB
  Batch 2 [276,414) done in 467 ms  h_edges=3523467
  NeighborhoodSlab: 138 threads × 2304 KB = 310 MB
  Batch 3 [414,552) done in 353 ms  h_edges=3526156
  NeighborhoodSlab: 138 threads × 2304 KB = 310 MB
  Batch 4 [552,690) done in 367 ms  h_edges=3529426
  NeighborhoodSlab: 138 threads × 2304 KB = 310 MB
  Batch 5 [690,828) done in 424 ms  h_edges=3532276
  NeighborhoodSlab: 138 threads × 2304 KB = 310 MB
  Batch 6 [828,966) done in 334 ms  h_edges=3535470
  NeighborhoodSlab: 138 threads × 2304 KB = 310 MB
  Batch 7 [966,1104) done in 494 ms  h_edges=3538153
  NeighborhoodSlab: 138 threads × 2304 KB = 310 MB
  Batch 8 [1104,1242) done in 591 ms  h_edges=3540621
  NeighborhoodSlab: 138 threads × 2304 KB = 310 MB
  Batch 9 [1242,1380) done in 359 ms  h_edges=3543371
  NeighborhoodSlab: 138 threads × 2304 KB = 310 MB
  Batch 10 [1380,1518) done in 420 ms  h_edges=3545552
  NeighborhoodSlab: 138 threads × 2304 KB = 310 MB
  Batch 11 [1518,1656) done in 423 ms  h_edges=3548157
  NeighborhoodSlab: 138 threads × 2304 KB = 310 MB
  Batch 12 [1656,1794) done in 521 ms  h_edges=3550638
  NeighborhoodSlab: 138 threads × 2304 KB = 310 MB
  Batch 13 [1794,1932) done in 368 ms  h_edges=3553286
  NeighborhoodSlab: 138 threads × 2304 KB = 310 MB
  Batch 14 [1932,2070) done in 448 ms  h_edges=3556088
  NeighborhoodSlab: 138 threads × 2304 KB = 310 MB
  Batch 15 [2070,2208) done in 441 ms  h_edges=3558830
  NeighborhoodSlab: 138 threads × 2304 KB = 310 MB
  Batch 16 [2208,2346) done in 398 ms  h_edges=3561593
  NeighborhoodSlab: 138 threads × 2304 KB = 310 MB
  Batch 17 [2346,2484) done in 408 ms  h_edges=3564114
  NeighborhoodSlab: 138 threads × 2304 KB = 310 MB
  Batch 18 [2484,2622) done in 472 ms  h_edges=3566788
  NeighborhoodSlab: 138 threads × 2304 KB = 310 MB
  Batch 19 [2622,2760) done in 391 ms  h_edges=3569384
  NeighborhoodSlab: 138 threads × 2304 KB = 310 MB
  Batch 20 [2760,2898) done in 663 ms  h_edges=3571807
  NeighborhoodSlab: 138 threads × 2304 KB = 310 MB
  Batch 21 [2898,3036) done in 495 ms  h_edges=3574238
  NeighborhoodSlab: 138 threads × 2304 KB = 310 MB
  Batch 22 [3036,3174) done in 403 ms  h_edges=3577304
  NeighborhoodSlab: 138 threads × 2304 KB = 310 MB
  Batch 23 [3174,3312) done in 381 ms  h_edges=3580717
  NeighborhoodSlab: 138 threads × 2304 KB = 310 MB
  Batch 24 [3312,3450) done in 446 ms  h_edges=3583175
  NeighborhoodSlab: 138 threads × 2304 KB = 310 MB
  Batch 25 [3450,3588) done in 478 ms  h_edges=3586425
  NeighborhoodSlab: 138 threads × 2304 KB = 310 MB
  Batch 26 [3588,3726) done in 399 ms  h_edges=3588541
  NeighborhoodSlab: 138 threads × 2304 KB = 310 MB
  Batch 27 [3726,3864) done in 444 ms  h_edges=3590963
  NeighborhoodSlab: 138 threads × 2304 KB = 310 MB
  Batch 28 [3864,4002) done in 468 ms  h_edges=3593279
  NeighborhoodSlab: 138 threads × 2304 KB = 310 MB
  Batch 29 [4002,4140) done in 423 ms  h_edges=3595826
  NeighborhoodSlab: 138 threads × 2304 KB = 310 MB
  Batch 30 [4140,4278) done in 381 ms  h_edges=3598463
  NeighborhoodSlab: 138 threads × 2304 KB = 310 MB
  Batch 31 [4278,4416) done in 398 ms  h_edges=3601342
  NeighborhoodSlab: 138 threads × 2304 KB = 310 MB
  Batch 32 [4416,4554) done in 361 ms  h_edges=3604306
  NeighborhoodSlab: 138 threads × 2304 KB = 310 MB
  Batch 33 [4554,4692) done in 446 ms  h_edges=3607092
  NeighborhoodSlab: 138 threads × 2304 KB = 310 MB
  Batch 34 [4692,4830) done in 395 ms  h_edges=3609874
  NeighborhoodSlab: 138 threads × 2304 KB = 310 MB
  Batch 35 [4830,4968) done in 427 ms  h_edges=3612158
  NeighborhoodSlab: 138 threads × 2304 KB = 310 MB
  Batch 36 [4968,5106) done in 415 ms  h_edges=3615101
  NeighborhoodSlab: 138 threads × 2304 KB = 310 MB
  Batch 37 [5106,5244) done in 440 ms  h_edges=3617216
  NeighborhoodSlab: 138 threads × 2304 KB = 310 MB
  Batch 38 [5244,5382) done in 413 ms  h_edges=3619858
  NeighborhoodSlab: 138 threads × 2304 KB = 310 MB
  Batch 39 [5382,5520) done in 365 ms  h_edges=3622357
  NeighborhoodSlab: 138 threads × 2304 KB = 310 MB
  Batch 40 [5520,5658) done in 371 ms  h_edges=3624947
  NeighborhoodSlab: 138 threads × 2304 KB = 310 MB
  Batch 41 [5658,5796) done in 407 ms  h_edges=3627595
  NeighborhoodSlab: 138 threads × 2304 KB = 310 MB
  Batch 42 [5796,5934) done in 401 ms  h_edges=3630676
  NeighborhoodSlab: 138 threads × 2304 KB = 310 MB
  Batch 43 [5934,6072) done in 340 ms  h_edges=3633783
  NeighborhoodSlab: 138 threads × 2304 KB = 310 MB
  Batch 44 [6072,6210) done in 482 ms  h_edges=3636941
  NeighborhoodSlab: 138 threads × 2304 KB = 310 MB
  Batch 45 [6210,6348) done in 457 ms  h_edges=3639773
  NeighborhoodSlab: 138 threads × 2304 KB = 310 MB
  Batch 46 [6348,6486) done in 472 ms  h_edges=3642472
  NeighborhoodSlab: 138 threads × 2304 KB = 310 MB
  Batch 47 [6486,6624) done in 347 ms  h_edges=3645130
  NeighborhoodSlab: 138 threads × 2304 KB = 310 MB
  Batch 48 [6624,6762) done in 430 ms  h_edges=3648097
  NeighborhoodSlab: 138 threads × 2304 KB = 310 MB
  Batch 49 [6762,6900) done in 367 ms  h_edges=3650693
  NeighborhoodSlab: 138 threads × 2304 KB = 310 MB
  Batch 50 [6900,7038) done in 346 ms  h_edges=3653255
  NeighborhoodSlab: 138 threads × 2304 KB = 310 MB
  Batch 51 [7038,7176) done in 386 ms  h_edges=3656187
  NeighborhoodSlab: 138 threads × 2304 KB = 310 MB
  Batch 52 [7176,7314) done in 403 ms  h_edges=3658840
  NeighborhoodSlab: 138 threads × 2304 KB = 310 MB
  Batch 53 [7314,7452) done in 369 ms  h_edges=3661346
  NeighborhoodSlab: 138 threads × 2304 KB = 310 MB
  Batch 54 [7452,7590) done in 488 ms  h_edges=3664361
  NeighborhoodSlab: 138 threads × 2304 KB = 310 MB
  Batch 55 [7590,7728) done in 369 ms  h_edges=3666858
  NeighborhoodSlab: 138 threads × 2304 KB = 310 MB
  Batch 56 [7728,7866) done in 342 ms  h_edges=3670150
  NeighborhoodSlab: 138 threads × 2304 KB = 310 MB
  Batch 57 [7866,8004) done in 521 ms  h_edges=3673246
  NeighborhoodSlab: 138 threads × 2304 KB = 310 MB
  Batch 58 [8004,8142) done in 485 ms  h_edges=3676056
  NeighborhoodSlab: 101 threads × 2304 KB = 227 MB
  Batch 59 [8142,8243) done in 342 ms  h_edges=3678302
  DeviceGraph: fwd=2599854 bwd=2599854 edges
  Year 2030 total: 28532 ms  (pop: 145614)

=== Simulation Complete ===
Total: 146 s  Final pop: 145614

=== Exporting Results ===
Edges saved: ./output/10y/mass_cuda-twt-static-output-10y-6p.edgelist (3678302)
Attributes saved: ./output/10y/mass_cuda-twt-static-output-10y-6p.aux (145614 rows)

Done.

real	2m30.607s
user	2m28.830s
sys	0m1.401s
