processor	: 0
vendor_id	: GenuineIntel
cpu family	: 6
model		: 143
model name	: Intel(R) Xeon(R) Platinum 8480+
stepping	: 8
microcode	: 0x2b000639
cpu MHz		: 2929.088
cache size	: 107520 KB
physical id	: 0
siblings	: 56
core id		: 0
cpu cores	: 56
apicid		: 0
initial apicid	: 0
fpu		: yes
fpu_exception	: yes
cpuid level	: 32
wp		: yes
flags		: fpu vme de pse tsc msr pae mce cx8 apic sep mtrr pge mca cmov pat pse36 clflush dts acpi mmx fxsr sse sse2 ss ht tm pbe syscall nx pdpe1gb rdtscp lm constant_tsc art arch_perfmon pebs bts rep_good nopl xtopology nonstop_tsc cpuid aperfmperf tsc_known_freq pni pclmulqdq dtes64 monitor ds_cpl vmx smx est tm2 ssse3 sdbg fma cx16 xtpr pdcm pcid dca sse4_1 sse4_2 x2apic movbe popcnt tsc_deadline_timer aes xsave avx f16c rdrand lahf_lm abm 3dnowprefetch cpuid_fault epb cat_l3 cat_l2 cdp_l3 cdp_l2 ssbd mba ibrs ibpb stibp ibrs_enhanced tpr_shadow flexpriority ept vpid ept_ad fsgsbase tsc_adjust bmi1 avx2 smep bmi2 erms invpcid cqm rdt_a avx512f avx512dq rdseed adx smap avx512ifma clflushopt clwb intel_pt avx512cd sha_ni avx512bw avx512vl xsaveopt xsavec xgetbv1 xsaves cqm_llc cqm_occup_llc cqm_mbm_total cqm_mbm_local split_lock_detect user_shstk avx_vnni avx512_bf16 wbnoinvd dtherm ida arat pln pts vnmi avx512vbmi umip pku ospke waitpkg avx512_vbmi2 gfni vaes vpclmulqdq avx512_vnni avx512_bitalg avx512_vpopcntdq la57 rdpid bus_lock_detect cldemote movdiri movdir64b enqcmd fsrm md_clear serialize tsxldtrk pconfig arch_lbr ibt amx_bf16 avx512_fp16 amx_tile amx_int8 flush_l1d arch_capabilities
vmx flags	: vnmi preemption_timer posted_intr invvpid ept_x_only ept_ad ept_1gb ept_5level flexpriority apicv tsc_offset vtpr mtf vapic ept vpid unrestricted_guest vapic_reg vid ple shadow_vmcs pml ept_violation_ve ept_mode_based_exec tsc_scaling usr_wait_pause notify_vm_exiting ipi_virt
bugs		: spectre_v1 spectre_v2 spec_store_bypass swapgs eibrs_pbrsb bhi spectre_v2_user old_microcode vmscape
bogomips	: 4000.00
clflush size	: 64
cache_alignment	: 64
address sizes	: 46 bits physical, 57 bits virtual
power management:

processor	: 1
vendor_id	: GenuineIntel
cpu family	: 6
model		: 143
model name	: Intel(R) Xeon(R) Platinum 8480+
stepping	: 8
microcode	: 0x2b000639
cpu MHz		: 3800.000
cache size	: 107520 KB
physical id	: 1
siblings	: 56
core id		: 0
cpu cores	: 56
apicid		: 128
initial apicid	: 128
fpu		: yes
fpu_exception	: yes
cpuid level	: 32
wp		: yes
flags		: fpu vme de pse tsc msr pae mce cx8 apic sep mtrr pge mca cmov pat pse36 clflush dts acpi mmx fxsr sse sse2 ss ht tm pbe syscall nx pdpe1gb rdtscp lm constant_tsc art arch_perfmon pebs bts rep_good nopl xtopology nonstop_tsc cpuid aperfmperf tsc_known_freq pni pclmulqdq dtes64 monitor ds_cpl vmx smx est tm2 ssse3 sdbg fma cx16 xtpr pdcm pcid dca sse4_1 sse4_2 x2apic movbe popcnt tsc_deadline_timer aes xsave avx f16c rdrand lahf_lm abm 3dnowprefetch cpuid_fault epb cat_l3 cat_l2 cdp_l3 cdp_l2 ssbd mba ibrs ibpb stibp ibrs_enhanced tpr_shadow flexpriority ept vpid ept_ad fsgsbase tsc_adjust bmi1 avx2 smep bmi2 erms invpcid cqm rdt_a avx512f avx512dq rdseed adx smap avx512ifma clflushopt clwb intel_pt avx512cd sha_ni avx512bw avx512vl xsaveopt xsavec xgetbv1 xsaves cqm_llc cqm_occup_llc cqm_mbm_total cqm_mbm_local split_lock_detect user_shstk avx_vnni avx512_bf16 wbnoinvd dtherm ida arat pln pts vnmi avx512vbmi umip pku ospke waitpkg avx512_vbmi2 gfni vaes vpclmulqdq avx512_vnni avx512_bitalg avx512_vpopcntdq la57 rdpid bus_lock_detect cldemote movdiri movdir64b enqcmd fsrm md_clear serialize tsxldtrk pconfig arch_lbr ibt amx_bf16 avx512_fp16 amx_tile amx_int8 flush_l1d arch_capabilities
vmx flags	: vnmi preemption_timer posted_intr invvpid ept_x_only ept_ad ept_1gb ept_5level flexpriority apicv tsc_offset vtpr mtf vapic ept vpid unrestricted_guest vapic_reg vid ple shadow_vmcs pml ept_violation_ve ept_mode_based_exec tsc_scaling usr_wait_pause notify_vm_exiting ipi_virt
bugs		: spectre_v1 spectre_v2 spec_store_bypass swapgs eibrs_pbrsb bhi spectre_v2_user old_microcode vmscape
bogomips	: 4000.00
clflush size	: 64
cache_alignment	: 64
address sizes	: 46 bits physical, 57 bits virtual
power management:

processor	: 2
vendor_id	: GenuineIntel
cpu family	: 6
model		: 143
model name	: Intel(R) Xeon(R) Platinum 8480+
stepping	: 8
microcode	: 0x2b000639
cpu MHz		: 3800.000
cache size	: 107520 KB
physical id	: 0
siblings	: 56
core id		: 31
cpu cores	: 56
apicid		: 62
initial apicid	: 62
fpu		: yes
fpu_exception	: yes
cpuid level	: 32
wp		: yes
flags		: fpu vme de pse tsc msr pae mce cx8 apic sep mtrr pge mca cmov pat pse36 clflush dts acpi mmx fxsr sse sse2 ss ht tm pbe syscall nx pdpe1gb rdtscp lm constant_tsc art arch_perfmon pebs bts rep_good nopl xtopology nonstop_tsc cpuid aperfmperf tsc_known_freq pni pclmulqdq dtes64 monitor ds_cpl vmx smx est tm2 ssse3 sdbg fma cx16 xtpr pdcm pcid dca sse4_1 sse4_2 x2apic movbe popcnt tsc_deadline_timer aes xsave avx f16c rdrand lahf_lm abm 3dnowprefetch cpuid_fault epb cat_l3 cat_l2 cdp_l3 cdp_l2 ssbd mba ibrs ibpb stibp ibrs_enhanced tpr_shadow flexpriority ept vpid ept_ad fsgsbase tsc_adjust bmi1 avx2 smep bmi2 erms invpcid cqm rdt_a avx512f avx512dq rdseed adx smap avx512ifma clflushopt clwb intel_pt avx512cd sha_ni avx512bw avx512vl xsaveopt xsavec xgetbv1 xsaves cqm_llc cqm_occup_llc cqm_mbm_total cqm_mbm_local split_lock_detect user_shstk avx_vnni avx512_bf16 wbnoinvd dtherm ida arat pln pts vnmi avx512vbmi umip pku ospke waitpkg avx512_vbmi2 gfni vaes vpclmulqdq avx512_vnni avx512_bitalg avx512_vpopcntdq la57 rdpid bus_lock_detect cldemote movdiri movdir64b enqcmd fsrm md_clear serialize tsxldtrk pconfig arch_lbr ibt amx_bf16 avx512_fp16 amx_tile amx_int8 flush_l1d arch_capabilities
vmx flags	: vnmi preemption_timer posted_intr invvpid ept_x_only ept_ad ept_1gb ept_5level flexpriority apicv tsc_offset vtpr mtf vapic ept vpid unrestricted_guest vapic_reg vid ple shadow_vmcs pml ept_violation_ve ept_mode_based_exec tsc_scaling usr_wait_pause notify_vm_exiting ipi_virt
bugs		: spectre_v1 spectre_v2 spec_store_bypass swapgs eibrs_pbrsb bhi spectre_v2_user old_microcode vmscape
bogomips	: 4000.00
clflush size	: 64
cache_alignment	: 64
address sizes	: 46 bits physical, 57 bits virtual
power management:

processor	: 3
vendor_id	: GenuineIntel
cpu family	: 6
model		: 143
model name	: Intel(R) Xeon(R) Platinum 8480+
stepping	: 8
microcode	: 0x2b000639
cpu MHz		: 3800.000
cache size	: 107520 KB
physical id	: 1
siblings	: 56
core id		: 31
cpu cores	: 56
apicid		: 190
initial apicid	: 190
fpu		: yes
fpu_exception	: yes
cpuid level	: 32
wp		: yes
flags		: fpu vme de pse tsc msr pae mce cx8 apic sep mtrr pge mca cmov pat pse36 clflush dts acpi mmx fxsr sse sse2 ss ht tm pbe syscall nx pdpe1gb rdtscp lm constant_tsc art arch_perfmon pebs bts rep_good nopl xtopology nonstop_tsc cpuid aperfmperf tsc_known_freq pni pclmulqdq dtes64 monitor ds_cpl vmx smx est tm2 ssse3 sdbg fma cx16 xtpr pdcm pcid dca sse4_1 sse4_2 x2apic movbe popcnt tsc_deadline_timer aes xsave avx f16c rdrand lahf_lm abm 3dnowprefetch cpuid_fault epb cat_l3 cat_l2 cdp_l3 cdp_l2 ssbd mba ibrs ibpb stibp ibrs_enhanced tpr_shadow flexpriority ept vpid ept_ad fsgsbase tsc_adjust bmi1 avx2 smep bmi2 erms invpcid cqm rdt_a avx512f avx512dq rdseed adx smap avx512ifma clflushopt clwb intel_pt avx512cd sha_ni avx512bw avx512vl xsaveopt xsavec xgetbv1 xsaves cqm_llc cqm_occup_llc cqm_mbm_total cqm_mbm_local split_lock_detect user_shstk avx_vnni avx512_bf16 wbnoinvd dtherm ida arat pln pts vnmi avx512vbmi umip pku ospke waitpkg avx512_vbmi2 gfni vaes vpclmulqdq avx512_vnni avx512_bitalg avx512_vpopcntdq la57 rdpid bus_lock_detect cldemote movdiri movdir64b enqcmd fsrm md_clear serialize tsxldtrk pconfig arch_lbr ibt amx_bf16 avx512_fp16 amx_tile amx_int8 flush_l1d arch_capabilities
vmx flags	: vnmi preemption_timer posted_intr invvpid ept_x_only ept_ad ept_1gb ept_5level flexpriority apicv tsc_offset vtpr mtf vapic ept vpid unrestricted_guest vapic_reg vid ple shadow_vmcs pml ept_violation_ve ept_mode_based_exec tsc_scaling usr_wait_pause notify_vm_exiting ipi_virt
bugs		: spectre_v1 spectre_v2 spec_store_bypass swapgs eibrs_pbrsb bhi spectre_v2_user old_microcode vmscape
bogomips	: 4000.00
clflush size	: 64
cache_alignment	: 64
address sizes	: 46 bits physical, 57 bits virtual
power management:

processor	: 4
vendor_id	: GenuineIntel
cpu family	: 6
model		: 143
model name	: Intel(R) Xeon(R) Platinum 8480+
stepping	: 8
microcode	: 0x2b000639
cpu MHz		: 2594.680
cache size	: 107520 KB
physical id	: 0
siblings	: 56
core id		: 24
cpu cores	: 56
apicid		: 48
initial apicid	: 48
fpu		: yes
fpu_exception	: yes
cpuid level	: 32
wp		: yes
flags		: fpu vme de pse tsc msr pae mce cx8 apic sep mtrr pge mca cmov pat pse36 clflush dts acpi mmx fxsr sse sse2 ss ht tm pbe syscall nx pdpe1gb rdtscp lm constant_tsc art arch_perfmon pebs bts rep_good nopl xtopology nonstop_tsc cpuid aperfmperf tsc_known_freq pni pclmulqdq dtes64 monitor ds_cpl vmx smx est tm2 ssse3 sdbg fma cx16 xtpr pdcm pcid dca sse4_1 sse4_2 x2apic movbe popcnt tsc_deadline_timer aes xsave avx f16c rdrand lahf_lm abm 3dnowprefetch cpuid_fault epb cat_l3 cat_l2 cdp_l3 cdp_l2 ssbd mba ibrs ibpb stibp ibrs_enhanced tpr_shadow flexpriority ept vpid ept_ad fsgsbase tsc_adjust bmi1 avx2 smep bmi2 erms invpcid cqm rdt_a avx512f avx512dq rdseed adx smap avx512ifma clflushopt clwb intel_pt avx512cd sha_ni avx512bw avx512vl xsaveopt xsavec xgetbv1 xsaves cqm_llc cqm_occup_llc cqm_mbm_total cqm_mbm_local split_lock_detect user_shstk avx_vnni avx512_bf16 wbnoinvd dtherm ida arat pln pts vnmi avx512vbmi umip pku ospke waitpkg avx512_vbmi2 gfni vaes vpclmulqdq avx512_vnni avx512_bitalg avx512_vpopcntdq la57 rdpid bus_lock_detect cldemote movdiri movdir64b enqcmd fsrm md_clear serialize tsxldtrk pconfig arch_lbr ibt amx_bf16 avx512_fp16 amx_tile amx_int8 flush_l1d arch_capabilities
vmx flags	: vnmi preemption_timer posted_intr invvpid ept_x_only ept_ad ept_1gb ept_5level flexpriority apicv tsc_offset vtpr mtf vapic ept vpid unrestricted_guest vapic_reg vid ple shadow_vmcs pml ept_violation_ve ept_mode_based_exec tsc_scaling usr_wait_pause notify_vm_exiting ipi_virt
bugs		: spectre_v1 spectre_v2 spec_store_bypass swapgs eibrs_pbrsb bhi spectre_v2_user old_microcode vmscape
bogomips	: 4000.00
clflush size	: 64
cache_alignment	: 64
address sizes	: 46 bits physical, 57 bits virtual
power management:

processor	: 5
vendor_id	: GenuineIntel
cpu family	: 6
model		: 143
model name	: Intel(R) Xeon(R) Platinum 8480+
stepping	: 8
microcode	: 0x2b000639
cpu MHz		: 2856.848
cache size	: 107520 KB
physical id	: 1
siblings	: 56
core id		: 24
cpu cores	: 56
apicid		: 176
initial apicid	: 176
fpu		: yes
fpu_exception	: yes
cpuid level	: 32
wp		: yes
flags		: fpu vme de pse tsc msr pae mce cx8 apic sep mtrr pge mca cmov pat pse36 clflush dts acpi mmx fxsr sse sse2 ss ht tm pbe syscall nx pdpe1gb rdtscp lm constant_tsc art arch_perfmon pebs bts rep_good nopl xtopology nonstop_tsc cpuid aperfmperf tsc_known_freq pni pclmulqdq dtes64 monitor ds_cpl vmx smx est tm2 ssse3 sdbg fma cx16 xtpr pdcm pcid dca sse4_1 sse4_2 x2apic movbe popcnt tsc_deadline_timer aes xsave avx f16c rdrand lahf_lm abm 3dnowprefetch cpuid_fault epb cat_l3 cat_l2 cdp_l3 cdp_l2 ssbd mba ibrs ibpb stibp ibrs_enhanced tpr_shadow flexpriority ept vpid ept_ad fsgsbase tsc_adjust bmi1 avx2 smep bmi2 erms invpcid cqm rdt_a avx512f avx512dq rdseed adx smap avx512ifma clflushopt clwb intel_pt avx512cd sha_ni avx512bw avx512vl xsaveopt xsavec xgetbv1 xsaves cqm_llc cqm_occup_llc cqm_mbm_total cqm_mbm_local split_lock_detect user_shstk avx_vnni avx512_bf16 wbnoinvd dtherm ida arat pln pts vnmi avx512vbmi umip pku ospke waitpkg avx512_vbmi2 gfni vaes vpclmulqdq avx512_vnni avx512_bitalg avx512_vpopcntdq la57 rdpid bus_lock_detect cldemote movdiri movdir64b enqcmd fsrm md_clear serialize tsxldtrk pconfig arch_lbr ibt amx_bf16 avx512_fp16 amx_tile amx_int8 flush_l1d arch_capabilities
vmx flags	: vnmi preemption_timer posted_intr invvpid ept_x_only ept_ad ept_1gb ept_5level flexpriority apicv tsc_offset vtpr mtf vapic ept vpid unrestricted_guest vapic_reg vid ple shadow_vmcs pml ept_violation_ve ept_mode_based_exec tsc_scaling usr_wait_pause notify_vm_exiting ipi_virt
bugs		: spectre_v1 spectre_v2 spec_store_bypass swapgs eibrs_pbrsb bhi spectre_v2_user old_microcode vmscape
bogomips	: 4000.00
clflush size	: 64
cache_alignment	: 64
address sizes	: 46 bits physical, 57 bits virtual
power management:

processor	: 6
vendor_id	: GenuineIntel
cpu family	: 6
model		: 143
model name	: Intel(R) Xeon(R) Platinum 8480+
stepping	: 8
microcode	: 0x2b000639
cpu MHz		: 3800.000
cache size	: 107520 KB
physical id	: 0
siblings	: 56
core id		: 55
cpu cores	: 56
apicid		: 110
initial apicid	: 110
fpu		: yes
fpu_exception	: yes
cpuid level	: 32
wp		: yes
flags		: fpu vme de pse tsc msr pae mce cx8 apic sep mtrr pge mca cmov pat pse36 clflush dts acpi mmx fxsr sse sse2 ss ht tm pbe syscall nx pdpe1gb rdtscp lm constant_tsc art arch_perfmon pebs bts rep_good nopl xtopology nonstop_tsc cpuid aperfmperf tsc_known_freq pni pclmulqdq dtes64 monitor ds_cpl vmx smx est tm2 ssse3 sdbg fma cx16 xtpr pdcm pcid dca sse4_1 sse4_2 x2apic movbe popcnt tsc_deadline_timer aes xsave avx f16c rdrand lahf_lm abm 3dnowprefetch cpuid_fault epb cat_l3 cat_l2 cdp_l3 cdp_l2 ssbd mba ibrs ibpb stibp ibrs_enhanced tpr_shadow flexpriority ept vpid ept_ad fsgsbase tsc_adjust bmi1 avx2 smep bmi2 erms invpcid cqm rdt_a avx512f avx512dq rdseed adx smap avx512ifma clflushopt clwb intel_pt avx512cd sha_ni avx512bw avx512vl xsaveopt xsavec xgetbv1 xsaves cqm_llc cqm_occup_llc cqm_mbm_total cqm_mbm_local split_lock_detect user_shstk avx_vnni avx512_bf16 wbnoinvd dtherm ida arat pln pts vnmi avx512vbmi umip pku ospke waitpkg avx512_vbmi2 gfni vaes vpclmulqdq avx512_vnni avx512_bitalg avx512_vpopcntdq la57 rdpid bus_lock_detect cldemote movdiri movdir64b enqcmd fsrm md_clear serialize tsxldtrk pconfig arch_lbr ibt amx_bf16 avx512_fp16 amx_tile amx_int8 flush_l1d arch_capabilities
vmx flags	: vnmi preemption_timer posted_intr invvpid ept_x_only ept_ad ept_1gb ept_5level flexpriority apicv tsc_offset vtpr mtf vapic ept vpid unrestricted_guest vapic_reg vid ple shadow_vmcs pml ept_violation_ve ept_mode_based_exec tsc_scaling usr_wait_pause notify_vm_exiting ipi_virt
bugs		: spectre_v1 spectre_v2 spec_store_bypass swapgs eibrs_pbrsb bhi spectre_v2_user old_microcode vmscape
bogomips	: 4000.00
clflush size	: 64
cache_alignment	: 64
address sizes	: 46 bits physical, 57 bits virtual
power management:

processor	: 7
vendor_id	: GenuineIntel
cpu family	: 6
model		: 143
model name	: Intel(R) Xeon(R) Platinum 8480+
stepping	: 8
microcode	: 0x2b000639
cpu MHz		: 2839.950
cache size	: 107520 KB
physical id	: 1
siblings	: 56
core id		: 55
cpu cores	: 56
apicid		: 238
initial apicid	: 238
fpu		: yes
fpu_exception	: yes
cpuid level	: 32
wp		: yes
flags		: fpu vme de pse tsc msr pae mce cx8 apic sep mtrr pge mca cmov pat pse36 clflush dts acpi mmx fxsr sse sse2 ss ht tm pbe syscall nx pdpe1gb rdtscp lm constant_tsc art arch_perfmon pebs bts rep_good nopl xtopology nonstop_tsc cpuid aperfmperf tsc_known_freq pni pclmulqdq dtes64 monitor ds_cpl vmx smx est tm2 ssse3 sdbg fma cx16 xtpr pdcm pcid dca sse4_1 sse4_2 x2apic movbe popcnt tsc_deadline_timer aes xsave avx f16c rdrand lahf_lm abm 3dnowprefetch cpuid_fault epb cat_l3 cat_l2 cdp_l3 cdp_l2 ssbd mba ibrs ibpb stibp ibrs_enhanced tpr_shadow flexpriority ept vpid ept_ad fsgsbase tsc_adjust bmi1 avx2 smep bmi2 erms invpcid cqm rdt_a avx512f avx512dq rdseed adx smap avx512ifma clflushopt clwb intel_pt avx512cd sha_ni avx512bw avx512vl xsaveopt xsavec xgetbv1 xsaves cqm_llc cqm_occup_llc cqm_mbm_total cqm_mbm_local split_lock_detect user_shstk avx_vnni avx512_bf16 wbnoinvd dtherm ida arat pln pts vnmi avx512vbmi umip pku ospke waitpkg avx512_vbmi2 gfni vaes vpclmulqdq avx512_vnni avx512_bitalg avx512_vpopcntdq la57 rdpid bus_lock_detect cldemote movdiri movdir64b enqcmd fsrm md_clear serialize tsxldtrk pconfig arch_lbr ibt amx_bf16 avx512_fp16 amx_tile amx_int8 flush_l1d arch_capabilities
vmx flags	: vnmi preemption_timer posted_intr invvpid ept_x_only ept_ad ept_1gb ept_5level flexpriority apicv tsc_offset vtpr mtf vapic ept vpid unrestricted_guest vapic_reg vid ple shadow_vmcs pml ept_violation_ve ept_mode_based_exec tsc_scaling usr_wait_pause notify_vm_exiting ipi_virt
bugs		: spectre_v1 spectre_v2 spec_store_bypass swapgs eibrs_pbrsb bhi spectre_v2_user old_microcode vmscape
bogomips	: 4000.00
clflush size	: 64
cache_alignment	: 64
address sizes	: 46 bits physical, 57 bits virtual
power management:

processor	: 8
vendor_id	: GenuineIntel
cpu family	: 6
model		: 143
model name	: Intel(R) Xeon(R) Platinum 8480+
stepping	: 8
microcode	: 0x2b000639
cpu MHz		: 3800.000
cache size	: 107520 KB
physical id	: 0
siblings	: 56
core id		: 4
cpu cores	: 56
apicid		: 8
initial apicid	: 8
fpu		: yes
fpu_exception	: yes
cpuid level	: 32
wp		: yes
flags		: fpu vme de pse tsc msr pae mce cx8 apic sep mtrr pge mca cmov pat pse36 clflush dts acpi mmx fxsr sse sse2 ss ht tm pbe syscall nx pdpe1gb rdtscp lm constant_tsc art arch_perfmon pebs bts rep_good nopl xtopology nonstop_tsc cpuid aperfmperf tsc_known_freq pni pclmulqdq dtes64 monitor ds_cpl vmx smx est tm2 ssse3 sdbg fma cx16 xtpr pdcm pcid dca sse4_1 sse4_2 x2apic movbe popcnt tsc_deadline_timer aes xsave avx f16c rdrand lahf_lm abm 3dnowprefetch cpuid_fault epb cat_l3 cat_l2 cdp_l3 cdp_l2 ssbd mba ibrs ibpb stibp ibrs_enhanced tpr_shadow flexpriority ept vpid ept_ad fsgsbase tsc_adjust bmi1 avx2 smep bmi2 erms invpcid cqm rdt_a avx512f avx512dq rdseed adx smap avx512ifma clflushopt clwb intel_pt avx512cd sha_ni avx512bw avx512vl xsaveopt xsavec xgetbv1 xsaves cqm_llc cqm_occup_llc cqm_mbm_total cqm_mbm_local split_lock_detect user_shstk avx_vnni avx512_bf16 wbnoinvd dtherm ida arat pln pts vnmi avx512vbmi umip pku ospke waitpkg avx512_vbmi2 gfni vaes vpclmulqdq avx512_vnni avx512_bitalg avx512_vpopcntdq la57 rdpid bus_lock_detect cldemote movdiri movdir64b enqcmd fsrm md_clear serialize tsxldtrk pconfig arch_lbr ibt amx_bf16 avx512_fp16 amx_tile amx_int8 flush_l1d arch_capabilities
vmx flags	: vnmi preemption_timer posted_intr invvpid ept_x_only ept_ad ept_1gb ept_5level flexpriority apicv tsc_offset vtpr mtf vapic ept vpid unrestricted_guest vapic_reg vid ple shadow_vmcs pml ept_violation_ve ept_mode_based_exec tsc_scaling usr_wait_pause notify_vm_exiting ipi_virt
bugs		: spectre_v1 spectre_v2 spec_store_bypass swapgs eibrs_pbrsb bhi spectre_v2_user old_microcode vmscape
bogomips	: 4000.00
clflush size	: 64
cache_alignment	: 64
address sizes	: 46 bits physical, 57 bits virtual
power management:

processor	: 9
vendor_id	: GenuineIntel
cpu family	: 6
model		: 143
model name	: Intel(R) Xeon(R) Platinum 8480+
stepping	: 8
microcode	: 0x2b000639
cpu MHz		: 3800.000
cache size	: 107520 KB
physical id	: 1
siblings	: 56
core id		: 4
cpu cores	: 56
apicid		: 136
initial apicid	: 136
fpu		: yes
fpu_exception	: yes
cpuid level	: 32
wp		: yes
flags		: fpu vme de pse tsc msr pae mce cx8 apic sep mtrr pge mca cmov pat pse36 clflush dts acpi mmx fxsr sse sse2 ss ht tm pbe syscall nx pdpe1gb rdtscp lm constant_tsc art arch_perfmon pebs bts rep_good nopl xtopology nonstop_tsc cpuid aperfmperf tsc_known_freq pni pclmulqdq dtes64 monitor ds_cpl vmx smx est tm2 ssse3 sdbg fma cx16 xtpr pdcm pcid dca sse4_1 sse4_2 x2apic movbe popcnt tsc_deadline_timer aes xsave avx f16c rdrand lahf_lm abm 3dnowprefetch cpuid_fault epb cat_l3 cat_l2 cdp_l3 cdp_l2 ssbd mba ibrs ibpb stibp ibrs_enhanced tpr_shadow flexpriority ept vpid ept_ad fsgsbase tsc_adjust bmi1 avx2 smep bmi2 erms invpcid cqm rdt_a avx512f avx512dq rdseed adx smap avx512ifma clflushopt clwb intel_pt avx512cd sha_ni avx512bw avx512vl xsaveopt xsavec xgetbv1 xsaves cqm_llc cqm_occup_llc cqm_mbm_total cqm_mbm_local split_lock_detect user_shstk avx_vnni avx512_bf16 wbnoinvd dtherm ida arat pln pts vnmi avx512vbmi umip pku ospke waitpkg avx512_vbmi2 gfni vaes vpclmulqdq avx512_vnni avx512_bitalg avx512_vpopcntdq la57 rdpid bus_lock_detect cldemote movdiri movdir64b enqcmd fsrm md_clear serialize tsxldtrk pconfig arch_lbr ibt amx_bf16 avx512_fp16 amx_tile amx_int8 flush_l1d arch_capabilities
vmx flags	: vnmi preemption_timer posted_intr invvpid ept_x_only ept_ad ept_1gb ept_5level flexpriority apicv tsc_offset vtpr mtf vapic ept vpid unrestricted_guest vapic_reg vid ple shadow_vmcs pml ept_violation_ve ept_mode_based_exec tsc_scaling usr_wait_pause notify_vm_exiting ipi_virt
bugs		: spectre_v1 spectre_v2 spec_store_bypass swapgs eibrs_pbrsb bhi spectre_v2_user old_microcode vmscape
bogomips	: 4000.00
clflush size	: 64
cache_alignment	: 64
address sizes	: 46 bits physical, 57 bits virtual
power management:

processor	: 10
vendor_id	: GenuineIntel
cpu family	: 6
model		: 143
model name	: Intel(R) Xeon(R) Platinum 8480+
stepping	: 8
microcode	: 0x2b000639
cpu MHz		: 3800.000
cache size	: 107520 KB
physical id	: 0
siblings	: 56
core id		: 34
cpu cores	: 56
apicid		: 68
initial apicid	: 68
fpu		: yes
fpu_exception	: yes
cpuid level	: 32
wp		: yes
flags		: fpu vme de pse tsc msr pae mce cx8 apic sep mtrr pge mca cmov pat pse36 clflush dts acpi mmx fxsr sse sse2 ss ht tm pbe syscall nx pdpe1gb rdtscp lm constant_tsc art arch_perfmon pebs bts rep_good nopl xtopology nonstop_tsc cpuid aperfmperf tsc_known_freq pni pclmulqdq dtes64 monitor ds_cpl vmx smx est tm2 ssse3 sdbg fma cx16 xtpr pdcm pcid dca sse4_1 sse4_2 x2apic movbe popcnt tsc_deadline_timer aes xsave avx f16c rdrand lahf_lm abm 3dnowprefetch cpuid_fault epb cat_l3 cat_l2 cdp_l3 cdp_l2 ssbd mba ibrs ibpb stibp ibrs_enhanced tpr_shadow flexpriority ept vpid ept_ad fsgsbase tsc_adjust bmi1 avx2 smep bmi2 erms invpcid cqm rdt_a avx512f avx512dq rdseed adx smap avx512ifma clflushopt clwb intel_pt avx512cd sha_ni avx512bw avx512vl xsaveopt xsavec xgetbv1 xsaves cqm_llc cqm_occup_llc cqm_mbm_total cqm_mbm_local split_lock_detect user_shstk avx_vnni avx512_bf16 wbnoinvd dtherm ida arat pln pts vnmi avx512vbmi umip pku ospke waitpkg avx512_vbmi2 gfni vaes vpclmulqdq avx512_vnni avx512_bitalg avx512_vpopcntdq la57 rdpid bus_lock_detect cldemote movdiri movdir64b enqcmd fsrm md_clear serialize tsxldtrk pconfig arch_lbr ibt amx_bf16 avx512_fp16 amx_tile amx_int8 flush_l1d arch_capabilities
vmx flags	: vnmi preemption_timer posted_intr invvpid ept_x_only ept_ad ept_1gb ept_5level flexpriority apicv tsc_offset vtpr mtf vapic ept vpid unrestricted_guest vapic_reg vid ple shadow_vmcs pml ept_violation_ve ept_mode_based_exec tsc_scaling usr_wait_pause notify_vm_exiting ipi_virt
bugs		: spectre_v1 spectre_v2 spec_store_bypass swapgs eibrs_pbrsb bhi spectre_v2_user old_microcode vmscape
bogomips	: 4000.00
clflush size	: 64
cache_alignment	: 64
address sizes	: 46 bits physical, 57 bits virtual
power management:

processor	: 11
vendor_id	: GenuineIntel
cpu family	: 6
model		: 143
model name	: Intel(R) Xeon(R) Platinum 8480+
stepping	: 8
microcode	: 0x2b000639
cpu MHz		: 3800.000
cache size	: 107520 KB
physical id	: 1
siblings	: 56
core id		: 34
cpu cores	: 56
apicid		: 196
initial apicid	: 196
fpu		: yes
fpu_exception	: yes
cpuid level	: 32
wp		: yes
flags		: fpu vme de pse tsc msr pae mce cx8 apic sep mtrr pge mca cmov pat pse36 clflush dts acpi mmx fxsr sse sse2 ss ht tm pbe syscall nx pdpe1gb rdtscp lm constant_tsc art arch_perfmon pebs bts rep_good nopl xtopology nonstop_tsc cpuid aperfmperf tsc_known_freq pni pclmulqdq dtes64 monitor ds_cpl vmx smx est tm2 ssse3 sdbg fma cx16 xtpr pdcm pcid dca sse4_1 sse4_2 x2apic movbe popcnt tsc_deadline_timer aes xsave avx f16c rdrand lahf_lm abm 3dnowprefetch cpuid_fault epb cat_l3 cat_l2 cdp_l3 cdp_l2 ssbd mba ibrs ibpb stibp ibrs_enhanced tpr_shadow flexpriority ept vpid ept_ad fsgsbase tsc_adjust bmi1 avx2 smep bmi2 erms invpcid cqm rdt_a avx512f avx512dq rdseed adx smap avx512ifma clflushopt clwb intel_pt avx512cd sha_ni avx512bw avx512vl xsaveopt xsavec xgetbv1 xsaves cqm_llc cqm_occup_llc cqm_mbm_total cqm_mbm_local split_lock_detect user_shstk avx_vnni avx512_bf16 wbnoinvd dtherm ida arat pln pts vnmi avx512vbmi umip pku ospke waitpkg avx512_vbmi2 gfni vaes vpclmulqdq avx512_vnni avx512_bitalg avx512_vpopcntdq la57 rdpid bus_lock_detect cldemote movdiri movdir64b enqcmd fsrm md_clear serialize tsxldtrk pconfig arch_lbr ibt amx_bf16 avx512_fp16 amx_tile amx_int8 flush_l1d arch_capabilities
vmx flags	: vnmi preemption_timer posted_intr invvpid ept_x_only ept_ad ept_1gb ept_5level flexpriority apicv tsc_offset vtpr mtf vapic ept vpid unrestricted_guest vapic_reg vid ple shadow_vmcs pml ept_violation_ve ept_mode_based_exec tsc_scaling usr_wait_pause notify_vm_exiting ipi_virt
bugs		: spectre_v1 spectre_v2 spec_store_bypass swapgs eibrs_pbrsb bhi spectre_v2_user old_microcode vmscape
bogomips	: 4000.00
clflush size	: 64
cache_alignment	: 64
address sizes	: 46 bits physical, 57 bits virtual
power management:

processor	: 12
vendor_id	: GenuineIntel
cpu family	: 6
model		: 143
model name	: Intel(R) Xeon(R) Platinum 8480+
stepping	: 8
microcode	: 0x2b000639
cpu MHz		: 3800.000
cache size	: 107520 KB
physical id	: 0
siblings	: 56
core id		: 21
cpu cores	: 56
apicid		: 42
initial apicid	: 42
fpu		: yes
fpu_exception	: yes
cpuid level	: 32
wp		: yes
flags		: fpu vme de pse tsc msr pae mce cx8 apic sep mtrr pge mca cmov pat pse36 clflush dts acpi mmx fxsr sse sse2 ss ht tm pbe syscall nx pdpe1gb rdtscp lm constant_tsc art arch_perfmon pebs bts rep_good nopl xtopology nonstop_tsc cpuid aperfmperf tsc_known_freq pni pclmulqdq dtes64 monitor ds_cpl vmx smx est tm2 ssse3 sdbg fma cx16 xtpr pdcm pcid dca sse4_1 sse4_2 x2apic movbe popcnt tsc_deadline_timer aes xsave avx f16c rdrand lahf_lm abm 3dnowprefetch cpuid_fault epb cat_l3 cat_l2 cdp_l3 cdp_l2 ssbd mba ibrs ibpb stibp ibrs_enhanced tpr_shadow flexpriority ept vpid ept_ad fsgsbase tsc_adjust bmi1 avx2 smep bmi2 erms invpcid cqm rdt_a avx512f avx512dq rdseed adx smap avx512ifma clflushopt clwb intel_pt avx512cd sha_ni avx512bw avx512vl xsaveopt xsavec xgetbv1 xsaves cqm_llc cqm_occup_llc cqm_mbm_total cqm_mbm_local split_lock_detect user_shstk avx_vnni avx512_bf16 wbnoinvd dtherm ida arat pln pts vnmi avx512vbmi umip pku ospke waitpkg avx512_vbmi2 gfni vaes vpclmulqdq avx512_vnni avx512_bitalg avx512_vpopcntdq la57 rdpid bus_lock_detect cldemote movdiri movdir64b enqcmd fsrm md_clear serialize tsxldtrk pconfig arch_lbr ibt amx_bf16 avx512_fp16 amx_tile amx_int8 flush_l1d arch_capabilities
vmx flags	: vnmi preemption_timer posted_intr invvpid ept_x_only ept_ad ept_1gb ept_5level flexpriority apicv tsc_offset vtpr mtf vapic ept vpid unrestricted_guest vapic_reg vid ple shadow_vmcs pml ept_violation_ve ept_mode_based_exec tsc_scaling usr_wait_pause notify_vm_exiting ipi_virt
bugs		: spectre_v1 spectre_v2 spec_store_bypass swapgs eibrs_pbrsb bhi spectre_v2_user old_microcode vmscape
bogomips	: 4000.00
clflush size	: 64
cache_alignment	: 64
address sizes	: 46 bits physical, 57 bits virtual
power management:

processor	: 13
vendor_id	: GenuineIntel
cpu family	: 6
model		: 143
model name	: Intel(R) Xeon(R) Platinum 8480+
stepping	: 8
microcode	: 0x2b000639
cpu MHz		: 3800.000
cache size	: 107520 KB
physical id	: 1
siblings	: 56
core id		: 21
cpu cores	: 56
apicid		: 170
initial apicid	: 170
fpu		: yes
fpu_exception	: yes
cpuid level	: 32
wp		: yes
flags		: fpu vme de pse tsc msr pae mce cx8 apic sep mtrr pge mca cmov pat pse36 clflush dts acpi mmx fxsr sse sse2 ss ht tm pbe syscall nx pdpe1gb rdtscp lm constant_tsc art arch_perfmon pebs bts rep_good nopl xtopology nonstop_tsc cpuid aperfmperf tsc_known_freq pni pclmulqdq dtes64 monitor ds_cpl vmx smx est tm2 ssse3 sdbg fma cx16 xtpr pdcm pcid dca sse4_1 sse4_2 x2apic movbe popcnt tsc_deadline_timer aes xsave avx f16c rdrand lahf_lm abm 3dnowprefetch cpuid_fault epb cat_l3 cat_l2 cdp_l3 cdp_l2 ssbd mba ibrs ibpb stibp ibrs_enhanced tpr_shadow flexpriority ept vpid ept_ad fsgsbase tsc_adjust bmi1 avx2 smep bmi2 erms invpcid cqm rdt_a avx512f avx512dq rdseed adx smap avx512ifma clflushopt clwb intel_pt avx512cd sha_ni avx512bw avx512vl xsaveopt xsavec xgetbv1 xsaves cqm_llc cqm_occup_llc cqm_mbm_total cqm_mbm_local split_lock_detect user_shstk avx_vnni avx512_bf16 wbnoinvd dtherm ida arat pln pts vnmi avx512vbmi umip pku ospke waitpkg avx512_vbmi2 gfni vaes vpclmulqdq avx512_vnni avx512_bitalg avx512_vpopcntdq la57 rdpid bus_lock_detect cldemote movdiri movdir64b enqcmd fsrm md_clear serialize tsxldtrk pconfig arch_lbr ibt amx_bf16 avx512_fp16 amx_tile amx_int8 flush_l1d arch_capabilities
vmx flags	: vnmi preemption_timer posted_intr invvpid ept_x_only ept_ad ept_1gb ept_5level flexpriority apicv tsc_offset vtpr mtf vapic ept vpid unrestricted_guest vapic_reg vid ple shadow_vmcs pml ept_violation_ve ept_mode_based_exec tsc_scaling usr_wait_pause notify_vm_exiting ipi_virt
bugs		: spectre_v1 spectre_v2 spec_store_bypass swapgs eibrs_pbrsb bhi spectre_v2_user old_microcode vmscape
bogomips	: 4000.00
clflush size	: 64
cache_alignment	: 64
address sizes	: 46 bits physical, 57 bits virtual
power management:

processor	: 14
vendor_id	: GenuineIntel
cpu family	: 6
model		: 143
model name	: Intel(R) Xeon(R) Platinum 8480+
stepping	: 8
microcode	: 0x2b000639
cpu MHz		: 2771.856
cache size	: 107520 KB
physical id	: 0
siblings	: 56
core id		: 51
cpu cores	: 56
apicid		: 102
initial apicid	: 102
fpu		: yes
fpu_exception	: yes
cpuid level	: 32
wp		: yes
flags		: fpu vme de pse tsc msr pae mce cx8 apic sep mtrr pge mca cmov pat pse36 clflush dts acpi mmx fxsr sse sse2 ss ht tm pbe syscall nx pdpe1gb rdtscp lm constant_tsc art arch_perfmon pebs bts rep_good nopl xtopology nonstop_tsc cpuid aperfmperf tsc_known_freq pni pclmulqdq dtes64 monitor ds_cpl vmx smx est tm2 ssse3 sdbg fma cx16 xtpr pdcm pcid dca sse4_1 sse4_2 x2apic movbe popcnt tsc_deadline_timer aes xsave avx f16c rdrand lahf_lm abm 3dnowprefetch cpuid_fault epb cat_l3 cat_l2 cdp_l3 cdp_l2 ssbd mba ibrs ibpb stibp ibrs_enhanced tpr_shadow flexpriority ept vpid ept_ad fsgsbase tsc_adjust bmi1 avx2 smep bmi2 erms invpcid cqm rdt_a avx512f avx512dq rdseed adx smap avx512ifma clflushopt clwb intel_pt avx512cd sha_ni avx512bw avx512vl xsaveopt xsavec xgetbv1 xsaves cqm_llc cqm_occup_llc cqm_mbm_total cqm_mbm_local split_lock_detect user_shstk avx_vnni avx512_bf16 wbnoinvd dtherm ida arat pln pts vnmi avx512vbmi umip pku ospke waitpkg avx512_vbmi2 gfni vaes vpclmulqdq avx512_vnni avx512_bitalg avx512_vpopcntdq la57 rdpid bus_lock_detect cldemote movdiri movdir64b enqcmd fsrm md_clear serialize tsxldtrk pconfig arch_lbr ibt amx_bf16 avx512_fp16 amx_tile amx_int8 flush_l1d arch_capabilities
vmx flags	: vnmi preemption_timer posted_intr invvpid ept_x_only ept_ad ept_1gb ept_5level flexpriority apicv tsc_offset vtpr mtf vapic ept vpid unrestricted_guest vapic_reg vid ple shadow_vmcs pml ept_violation_ve ept_mode_based_exec tsc_scaling usr_wait_pause notify_vm_exiting ipi_virt
bugs		: spectre_v1 spectre_v2 spec_store_bypass swapgs eibrs_pbrsb bhi spectre_v2_user old_microcode vmscape
bogomips	: 4000.00
clflush size	: 64
cache_alignment	: 64
address sizes	: 46 bits physical, 57 bits virtual
power management:

processor	: 15
vendor_id	: GenuineIntel
cpu family	: 6
model		: 143
model name	: Intel(R) Xeon(R) Platinum 8480+
stepping	: 8
microcode	: 0x2b000639
cpu MHz		: 3800.000
cache size	: 107520 KB
physical id	: 1
siblings	: 56
core id		: 51
cpu cores	: 56
apicid		: 230
initial apicid	: 230
fpu		: yes
fpu_exception	: yes
cpuid level	: 32
wp		: yes
flags		: fpu vme de pse tsc msr pae mce cx8 apic sep mtrr pge mca cmov pat pse36 clflush dts acpi mmx fxsr sse sse2 ss ht tm pbe syscall nx pdpe1gb rdtscp lm constant_tsc art arch_perfmon pebs bts rep_good nopl xtopology nonstop_tsc cpuid aperfmperf tsc_known_freq pni pclmulqdq dtes64 monitor ds_cpl vmx smx est tm2 ssse3 sdbg fma cx16 xtpr pdcm pcid dca sse4_1 sse4_2 x2apic movbe popcnt tsc_deadline_timer aes xsave avx f16c rdrand lahf_lm abm 3dnowprefetch cpuid_fault epb cat_l3 cat_l2 cdp_l3 cdp_l2 ssbd mba ibrs ibpb stibp ibrs_enhanced tpr_shadow flexpriority ept vpid ept_ad fsgsbase tsc_adjust bmi1 avx2 smep bmi2 erms invpcid cqm rdt_a avx512f avx512dq rdseed adx smap avx512ifma clflushopt clwb intel_pt avx512cd sha_ni avx512bw avx512vl xsaveopt xsavec xgetbv1 xsaves cqm_llc cqm_occup_llc cqm_mbm_total cqm_mbm_local split_lock_detect user_shstk avx_vnni avx512_bf16 wbnoinvd dtherm ida arat pln pts vnmi avx512vbmi umip pku ospke waitpkg avx512_vbmi2 gfni vaes vpclmulqdq avx512_vnni avx512_bitalg avx512_vpopcntdq la57 rdpid bus_lock_detect cldemote movdiri movdir64b enqcmd fsrm md_clear serialize tsxldtrk pconfig arch_lbr ibt amx_bf16 avx512_fp16 amx_tile amx_int8 flush_l1d arch_capabilities
vmx flags	: vnmi preemption_timer posted_intr invvpid ept_x_only ept_ad ept_1gb ept_5level flexpriority apicv tsc_offset vtpr mtf vapic ept vpid unrestricted_guest vapic_reg vid ple shadow_vmcs pml ept_violation_ve ept_mode_based_exec tsc_scaling usr_wait_pause notify_vm_exiting ipi_virt
bugs		: spectre_v1 spectre_v2 spec_store_bypass swapgs eibrs_pbrsb bhi spectre_v2_user old_microcode vmscape
bogomips	: 4000.00
clflush size	: 64
cache_alignment	: 64
address sizes	: 46 bits physical, 57 bits virtual
power management:

processor	: 16
vendor_id	: GenuineIntel
cpu family	: 6
model		: 143
model name	: Intel(R) Xeon(R) Platinum 8480+
stepping	: 8
microcode	: 0x2b000639
cpu MHz		: 3800.000
cache size	: 107520 KB
physical id	: 0
siblings	: 56
core id		: 7
cpu cores	: 56
apicid		: 14
initial apicid	: 14
fpu		: yes
fpu_exception	: yes
cpuid level	: 32
wp		: yes
flags		: fpu vme de pse tsc msr pae mce cx8 apic sep mtrr pge mca cmov pat pse36 clflush dts acpi mmx fxsr sse sse2 ss ht tm pbe syscall nx pdpe1gb rdtscp lm constant_tsc art arch_perfmon pebs bts rep_good nopl xtopology nonstop_tsc cpuid aperfmperf tsc_known_freq pni pclmulqdq dtes64 monitor ds_cpl vmx smx est tm2 ssse3 sdbg fma cx16 xtpr pdcm pcid dca sse4_1 sse4_2 x2apic movbe popcnt tsc_deadline_timer aes xsave avx f16c rdrand lahf_lm abm 3dnowprefetch cpuid_fault epb cat_l3 cat_l2 cdp_l3 cdp_l2 ssbd mba ibrs ibpb stibp ibrs_enhanced tpr_shadow flexpriority ept vpid ept_ad fsgsbase tsc_adjust bmi1 avx2 smep bmi2 erms invpcid cqm rdt_a avx512f avx512dq rdseed adx smap avx512ifma clflushopt clwb intel_pt avx512cd sha_ni avx512bw avx512vl xsaveopt xsavec xgetbv1 xsaves cqm_llc cqm_occup_llc cqm_mbm_total cqm_mbm_local split_lock_detect user_shstk avx_vnni avx512_bf16 wbnoinvd dtherm ida arat pln pts vnmi avx512vbmi umip pku ospke waitpkg avx512_vbmi2 gfni vaes vpclmulqdq avx512_vnni avx512_bitalg avx512_vpopcntdq la57 rdpid bus_lock_detect cldemote movdiri movdir64b enqcmd fsrm md_clear serialize tsxldtrk pconfig arch_lbr ibt amx_bf16 avx512_fp16 amx_tile amx_int8 flush_l1d arch_capabilities
vmx flags	: vnmi preemption_timer posted_intr invvpid ept_x_only ept_ad ept_1gb ept_5level flexpriority apicv tsc_offset vtpr mtf vapic ept vpid unrestricted_guest vapic_reg vid ple shadow_vmcs pml ept_violation_ve ept_mode_based_exec tsc_scaling usr_wait_pause notify_vm_exiting ipi_virt
bugs		: spectre_v1 spectre_v2 spec_store_bypass swapgs eibrs_pbrsb bhi spectre_v2_user old_microcode vmscape
bogomips	: 4000.00
clflush size	: 64
cache_alignment	: 64
address sizes	: 46 bits physical, 57 bits virtual
power management:

processor	: 17
vendor_id	: GenuineIntel
cpu family	: 6
model		: 143
model name	: Intel(R) Xeon(R) Platinum 8480+
stepping	: 8
microcode	: 0x2b000639
cpu MHz		: 3800.000
cache size	: 107520 KB
physical id	: 1
siblings	: 56
core id		: 7
cpu cores	: 56
apicid		: 142
initial apicid	: 142
fpu		: yes
fpu_exception	: yes
cpuid level	: 32
wp		: yes
flags		: fpu vme de pse tsc msr pae mce cx8 apic sep mtrr pge mca cmov pat pse36 clflush dts acpi mmx fxsr sse sse2 ss ht tm pbe syscall nx pdpe1gb rdtscp lm constant_tsc art arch_perfmon pebs bts rep_good nopl xtopology nonstop_tsc cpuid aperfmperf tsc_known_freq pni pclmulqdq dtes64 monitor ds_cpl vmx smx est tm2 ssse3 sdbg fma cx16 xtpr pdcm pcid dca sse4_1 sse4_2 x2apic movbe popcnt tsc_deadline_timer aes xsave avx f16c rdrand lahf_lm abm 3dnowprefetch cpuid_fault epb cat_l3 cat_l2 cdp_l3 cdp_l2 ssbd mba ibrs ibpb stibp ibrs_enhanced tpr_shadow flexpriority ept vpid ept_ad fsgsbase tsc_adjust bmi1 avx2 smep bmi2 erms invpcid cqm rdt_a avx512f avx512dq rdseed adx smap avx512ifma clflushopt clwb intel_pt avx512cd sha_ni avx512bw avx512vl xsaveopt xsavec xgetbv1 xsaves cqm_llc cqm_occup_llc cqm_mbm_total cqm_mbm_local split_lock_detect user_shstk avx_vnni avx512_bf16 wbnoinvd dtherm ida arat pln pts vnmi avx512vbmi umip pku ospke waitpkg avx512_vbmi2 gfni vaes vpclmulqdq avx512_vnni avx512_bitalg avx512_vpopcntdq la57 rdpid bus_lock_detect cldemote movdiri movdir64b enqcmd fsrm md_clear serialize tsxldtrk pconfig arch_lbr ibt amx_bf16 avx512_fp16 amx_tile amx_int8 flush_l1d arch_capabilities
vmx flags	: vnmi preemption_timer posted_intr invvpid ept_x_only ept_ad ept_1gb ept_5level flexpriority apicv tsc_offset vtpr mtf vapic ept vpid unrestricted_guest vapic_reg vid ple shadow_vmcs pml ept_violation_ve ept_mode_based_exec tsc_scaling usr_wait_pause notify_vm_exiting ipi_virt
bugs		: spectre_v1 spectre_v2 spec_store_bypass swapgs eibrs_pbrsb bhi spectre_v2_user old_microcode vmscape
bogomips	: 4000.00
clflush size	: 64
cache_alignment	: 64
address sizes	: 46 bits physical, 57 bits virtual
power management:

processor	: 18
vendor_id	: GenuineIntel
cpu family	: 6
model		: 143
model name	: Intel(R) Xeon(R) Platinum 8480+
stepping	: 8
microcode	: 0x2b000639
cpu MHz		: 3800.000
cache size	: 107520 KB
physical id	: 0
siblings	: 56
core id		: 38
cpu cores	: 56
apicid		: 76
initial apicid	: 76
fpu		: yes
fpu_exception	: yes
cpuid level	: 32
wp		: yes
flags		: fpu vme de pse tsc msr pae mce cx8 apic sep mtrr pge mca cmov pat pse36 clflush dts acpi mmx fxsr sse sse2 ss ht tm pbe syscall nx pdpe1gb rdtscp lm constant_tsc art arch_perfmon pebs bts rep_good nopl xtopology nonstop_tsc cpuid aperfmperf tsc_known_freq pni pclmulqdq dtes64 monitor ds_cpl vmx smx est tm2 ssse3 sdbg fma cx16 xtpr pdcm pcid dca sse4_1 sse4_2 x2apic movbe popcnt tsc_deadline_timer aes xsave avx f16c rdrand lahf_lm abm 3dnowprefetch cpuid_fault epb cat_l3 cat_l2 cdp_l3 cdp_l2 ssbd mba ibrs ibpb stibp ibrs_enhanced tpr_shadow flexpriority ept vpid ept_ad fsgsbase tsc_adjust bmi1 avx2 smep bmi2 erms invpcid cqm rdt_a avx512f avx512dq rdseed adx smap avx512ifma clflushopt clwb intel_pt avx512cd sha_ni avx512bw avx512vl xsaveopt xsavec xgetbv1 xsaves cqm_llc cqm_occup_llc cqm_mbm_total cqm_mbm_local split_lock_detect user_shstk avx_vnni avx512_bf16 wbnoinvd dtherm ida arat pln pts vnmi avx512vbmi umip pku ospke waitpkg avx512_vbmi2 gfni vaes vpclmulqdq avx512_vnni avx512_bitalg avx512_vpopcntdq la57 rdpid bus_lock_detect cldemote movdiri movdir64b enqcmd fsrm md_clear serialize tsxldtrk pconfig arch_lbr ibt amx_bf16 avx512_fp16 amx_tile amx_int8 flush_l1d arch_capabilities
vmx flags	: vnmi preemption_timer posted_intr invvpid ept_x_only ept_ad ept_1gb ept_5level flexpriority apicv tsc_offset vtpr mtf vapic ept vpid unrestricted_guest vapic_reg vid ple shadow_vmcs pml ept_violation_ve ept_mode_based_exec tsc_scaling usr_wait_pause notify_vm_exiting ipi_virt
bugs		: spectre_v1 spectre_v2 spec_store_bypass swapgs eibrs_pbrsb bhi spectre_v2_user old_microcode vmscape
bogomips	: 4000.00
clflush size	: 64
cache_alignment	: 64
address sizes	: 46 bits physical, 57 bits virtual
power management:

processor	: 19
vendor_id	: GenuineIntel
cpu family	: 6
model		: 143
model name	: Intel(R) Xeon(R) Platinum 8480+
stepping	: 8
microcode	: 0x2b000639
cpu MHz		: 3800.000
cache size	: 107520 KB
physical id	: 1
siblings	: 56
core id		: 30
cpu cores	: 56
apicid		: 188
initial apicid	: 188
fpu		: yes
fpu_exception	: yes
cpuid level	: 32
wp		: yes
flags		: fpu vme de pse tsc msr pae mce cx8 apic sep mtrr pge mca cmov pat pse36 clflush dts acpi mmx fxsr sse sse2 ss ht tm pbe syscall nx pdpe1gb rdtscp lm constant_tsc art arch_perfmon pebs bts rep_good nopl xtopology nonstop_tsc cpuid aperfmperf tsc_known_freq pni pclmulqdq dtes64 monitor ds_cpl vmx smx est tm2 ssse3 sdbg fma cx16 xtpr pdcm pcid dca sse4_1 sse4_2 x2apic movbe popcnt tsc_deadline_timer aes xsave avx f16c rdrand lahf_lm abm 3dnowprefetch cpuid_fault epb cat_l3 cat_l2 cdp_l3 cdp_l2 ssbd mba ibrs ibpb stibp ibrs_enhanced tpr_shadow flexpriority ept vpid ept_ad fsgsbase tsc_adjust bmi1 avx2 smep bmi2 erms invpcid cqm rdt_a avx512f avx512dq rdseed adx smap avx512ifma clflushopt clwb intel_pt avx512cd sha_ni avx512bw avx512vl xsaveopt xsavec xgetbv1 xsaves cqm_llc cqm_occup_llc cqm_mbm_total cqm_mbm_local split_lock_detect user_shstk avx_vnni avx512_bf16 wbnoinvd dtherm ida arat pln pts vnmi avx512vbmi umip pku ospke waitpkg avx512_vbmi2 gfni vaes vpclmulqdq avx512_vnni avx512_bitalg avx512_vpopcntdq la57 rdpid bus_lock_detect cldemote movdiri movdir64b enqcmd fsrm md_clear serialize tsxldtrk pconfig arch_lbr ibt amx_bf16 avx512_fp16 amx_tile amx_int8 flush_l1d arch_capabilities
vmx flags	: vnmi preemption_timer posted_intr invvpid ept_x_only ept_ad ept_1gb ept_5level flexpriority apicv tsc_offset vtpr mtf vapic ept vpid unrestricted_guest vapic_reg vid ple shadow_vmcs pml ept_violation_ve ept_mode_based_exec tsc_scaling usr_wait_pause notify_vm_exiting ipi_virt
bugs		: spectre_v1 spectre_v2 spec_store_bypass swapgs eibrs_pbrsb bhi spectre_v2_user old_microcode vmscape
bogomips	: 4000.00
clflush size	: 64
cache_alignment	: 64
address sizes	: 46 bits physical, 57 bits virtual
power management:

processor	: 20
vendor_id	: GenuineIntel
cpu family	: 6
model		: 143
model name	: Intel(R) Xeon(R) Platinum 8480+
stepping	: 8
microcode	: 0x2b000639
cpu MHz		: 3800.000
cache size	: 107520 KB
physical id	: 0
siblings	: 56
core id		: 17
cpu cores	: 56
apicid		: 34
initial apicid	: 34
fpu		: yes
fpu_exception	: yes
cpuid level	: 32
wp		: yes
flags		: fpu vme de pse tsc msr pae mce cx8 apic sep mtrr pge mca cmov pat pse36 clflush dts acpi mmx fxsr sse sse2 ss ht tm pbe syscall nx pdpe1gb rdtscp lm constant_tsc art arch_perfmon pebs bts rep_good nopl xtopology nonstop_tsc cpuid aperfmperf tsc_known_freq pni pclmulqdq dtes64 monitor ds_cpl vmx smx est tm2 ssse3 sdbg fma cx16 xtpr pdcm pcid dca sse4_1 sse4_2 x2apic movbe popcnt tsc_deadline_timer aes xsave avx f16c rdrand lahf_lm abm 3dnowprefetch cpuid_fault epb cat_l3 cat_l2 cdp_l3 cdp_l2 ssbd mba ibrs ibpb stibp ibrs_enhanced tpr_shadow flexpriority ept vpid ept_ad fsgsbase tsc_adjust bmi1 avx2 smep bmi2 erms invpcid cqm rdt_a avx512f avx512dq rdseed adx smap avx512ifma clflushopt clwb intel_pt avx512cd sha_ni avx512bw avx512vl xsaveopt xsavec xgetbv1 xsaves cqm_llc cqm_occup_llc cqm_mbm_total cqm_mbm_local split_lock_detect user_shstk avx_vnni avx512_bf16 wbnoinvd dtherm ida arat pln pts vnmi avx512vbmi umip pku ospke waitpkg avx512_vbmi2 gfni vaes vpclmulqdq avx512_vnni avx512_bitalg avx512_vpopcntdq la57 rdpid bus_lock_detect cldemote movdiri movdir64b enqcmd fsrm md_clear serialize tsxldtrk pconfig arch_lbr ibt amx_bf16 avx512_fp16 amx_tile amx_int8 flush_l1d arch_capabilities
vmx flags	: vnmi preemption_timer posted_intr invvpid ept_x_only ept_ad ept_1gb ept_5level flexpriority apicv tsc_offset vtpr mtf vapic ept vpid unrestricted_guest vapic_reg vid ple shadow_vmcs pml ept_violation_ve ept_mode_based_exec tsc_scaling usr_wait_pause notify_vm_exiting ipi_virt
bugs		: spectre_v1 spectre_v2 spec_store_bypass swapgs eibrs_pbrsb bhi spectre_v2_user old_microcode vmscape
bogomips	: 4000.00
clflush size	: 64
cache_alignment	: 64
address sizes	: 46 bits physical, 57 bits virtual
power management:

processor	: 21
vendor_id	: GenuineIntel
cpu family	: 6
model		: 143
model name	: Intel(R) Xeon(R) Platinum 8480+
stepping	: 8
microcode	: 0x2b000639
cpu MHz		: 3800.000
cache size	: 107520 KB
physical id	: 1
siblings	: 56
core id		: 17
cpu cores	: 56
apicid		: 162
initial apicid	: 162
fpu		: yes
fpu_exception	: yes
cpuid level	: 32
wp		: yes
flags		: fpu vme de pse tsc msr pae mce cx8 apic sep mtrr pge mca cmov pat pse36 clflush dts acpi mmx fxsr sse sse2 ss ht tm pbe syscall nx pdpe1gb rdtscp lm constant_tsc art arch_perfmon pebs bts rep_good nopl xtopology nonstop_tsc cpuid aperfmperf tsc_known_freq pni pclmulqdq dtes64 monitor ds_cpl vmx smx est tm2 ssse3 sdbg fma cx16 xtpr pdcm pcid dca sse4_1 sse4_2 x2apic movbe popcnt tsc_deadline_timer aes xsave avx f16c rdrand lahf_lm abm 3dnowprefetch cpuid_fault epb cat_l3 cat_l2 cdp_l3 cdp_l2 ssbd mba ibrs ibpb stibp ibrs_enhanced tpr_shadow flexpriority ept vpid ept_ad fsgsbase tsc_adjust bmi1 avx2 smep bmi2 erms invpcid cqm rdt_a avx512f avx512dq rdseed adx smap avx512ifma clflushopt clwb intel_pt avx512cd sha_ni avx512bw avx512vl xsaveopt xsavec xgetbv1 xsaves cqm_llc cqm_occup_llc cqm_mbm_total cqm_mbm_local split_lock_detect user_shstk avx_vnni avx512_bf16 wbnoinvd dtherm ida arat pln pts vnmi avx512vbmi umip pku ospke waitpkg avx512_vbmi2 gfni vaes vpclmulqdq avx512_vnni avx512_bitalg avx512_vpopcntdq la57 rdpid bus_lock_detect cldemote movdiri movdir64b enqcmd fsrm md_clear serialize tsxldtrk pconfig arch_lbr ibt amx_bf16 avx512_fp16 amx_tile amx_int8 flush_l1d arch_capabilities
vmx flags	: vnmi preemption_timer posted_intr invvpid ept_x_only ept_ad ept_1gb ept_5level flexpriority apicv tsc_offset vtpr mtf vapic ept vpid unrestricted_guest vapic_reg vid ple shadow_vmcs pml ept_violation_ve ept_mode_based_exec tsc_scaling usr_wait_pause notify_vm_exiting ipi_virt
bugs		: spectre_v1 spectre_v2 spec_store_bypass swapgs eibrs_pbrsb bhi spectre_v2_user old_microcode vmscape
bogomips	: 4000.00
clflush size	: 64
cache_alignment	: 64
address sizes	: 46 bits physical, 57 bits virtual
power management:

processor	: 22
vendor_id	: GenuineIntel
cpu family	: 6
model		: 143
model name	: Intel(R) Xeon(R) Platinum 8480+
stepping	: 8
microcode	: 0x2b000639
cpu MHz		: 3800.000
cache size	: 107520 KB
physical id	: 0
siblings	: 56
core id		: 49
cpu cores	: 56
apicid		: 98
initial apicid	: 98
fpu		: yes
fpu_exception	: yes
cpuid level	: 32
wp		: yes
flags		: fpu vme de pse tsc msr pae mce cx8 apic sep mtrr pge mca cmov pat pse36 clflush dts acpi mmx fxsr sse sse2 ss ht tm pbe syscall nx pdpe1gb rdtscp lm constant_tsc art arch_perfmon pebs bts rep_good nopl xtopology nonstop_tsc cpuid aperfmperf tsc_known_freq pni pclmulqdq dtes64 monitor ds_cpl vmx smx est tm2 ssse3 sdbg fma cx16 xtpr pdcm pcid dca sse4_1 sse4_2 x2apic movbe popcnt tsc_deadline_timer aes xsave avx f16c rdrand lahf_lm abm 3dnowprefetch cpuid_fault epb cat_l3 cat_l2 cdp_l3 cdp_l2 ssbd mba ibrs ibpb stibp ibrs_enhanced tpr_shadow flexpriority ept vpid ept_ad fsgsbase tsc_adjust bmi1 avx2 smep bmi2 erms invpcid cqm rdt_a avx512f avx512dq rdseed adx smap avx512ifma clflushopt clwb intel_pt avx512cd sha_ni avx512bw avx512vl xsaveopt xsavec xgetbv1 xsaves cqm_llc cqm_occup_llc cqm_mbm_total cqm_mbm_local split_lock_detect user_shstk avx_vnni avx512_bf16 wbnoinvd dtherm ida arat pln pts vnmi avx512vbmi umip pku ospke waitpkg avx512_vbmi2 gfni vaes vpclmulqdq avx512_vnni avx512_bitalg avx512_vpopcntdq la57 rdpid bus_lock_detect cldemote movdiri movdir64b enqcmd fsrm md_clear serialize tsxldtrk pconfig arch_lbr ibt amx_bf16 avx512_fp16 amx_tile amx_int8 flush_l1d arch_capabilities
vmx flags	: vnmi preemption_timer posted_intr invvpid ept_x_only ept_ad ept_1gb ept_5level flexpriority apicv tsc_offset vtpr mtf vapic ept vpid unrestricted_guest vapic_reg vid ple shadow_vmcs pml ept_violation_ve ept_mode_based_exec tsc_scaling usr_wait_pause notify_vm_exiting ipi_virt
bugs		: spectre_v1 spectre_v2 spec_store_bypass swapgs eibrs_pbrsb bhi spectre_v2_user old_microcode vmscape
bogomips	: 4000.00
clflush size	: 64
cache_alignment	: 64
address sizes	: 46 bits physical, 57 bits virtual
power management:

processor	: 23
vendor_id	: GenuineIntel
cpu family	: 6
model		: 143
model name	: Intel(R) Xeon(R) Platinum 8480+
stepping	: 8
microcode	: 0x2b000639
cpu MHz		: 3800.000
cache size	: 107520 KB
physical id	: 1
siblings	: 56
core id		: 54
cpu cores	: 56
apicid		: 236
initial apicid	: 236
fpu		: yes
fpu_exception	: yes
cpuid level	: 32
wp		: yes
flags		: fpu vme de pse tsc msr pae mce cx8 apic sep mtrr pge mca cmov pat pse36 clflush dts acpi mmx fxsr sse sse2 ss ht tm pbe syscall nx pdpe1gb rdtscp lm constant_tsc art arch_perfmon pebs bts rep_good nopl xtopology nonstop_tsc cpuid aperfmperf tsc_known_freq pni pclmulqdq dtes64 monitor ds_cpl vmx smx est tm2 ssse3 sdbg fma cx16 xtpr pdcm pcid dca sse4_1 sse4_2 x2apic movbe popcnt tsc_deadline_timer aes xsave avx f16c rdrand lahf_lm abm 3dnowprefetch cpuid_fault epb cat_l3 cat_l2 cdp_l3 cdp_l2 ssbd mba ibrs ibpb stibp ibrs_enhanced tpr_shadow flexpriority ept vpid ept_ad fsgsbase tsc_adjust bmi1 avx2 smep bmi2 erms invpcid cqm rdt_a avx512f avx512dq rdseed adx smap avx512ifma clflushopt clwb intel_pt avx512cd sha_ni avx512bw avx512vl xsaveopt xsavec xgetbv1 xsaves cqm_llc cqm_occup_llc cqm_mbm_total cqm_mbm_local split_lock_detect user_shstk avx_vnni avx512_bf16 wbnoinvd dtherm ida arat pln pts vnmi avx512vbmi umip pku ospke waitpkg avx512_vbmi2 gfni vaes vpclmulqdq avx512_vnni avx512_bitalg avx512_vpopcntdq la57 rdpid bus_lock_detect cldemote movdiri movdir64b enqcmd fsrm md_clear serialize tsxldtrk pconfig arch_lbr ibt amx_bf16 avx512_fp16 amx_tile amx_int8 flush_l1d arch_capabilities
vmx flags	: vnmi preemption_timer posted_intr invvpid ept_x_only ept_ad ept_1gb ept_5level flexpriority apicv tsc_offset vtpr mtf vapic ept vpid unrestricted_guest vapic_reg vid ple shadow_vmcs pml ept_violation_ve ept_mode_based_exec tsc_scaling usr_wait_pause notify_vm_exiting ipi_virt
bugs		: spectre_v1 spectre_v2 spec_store_bypass swapgs eibrs_pbrsb bhi spectre_v2_user old_microcode vmscape
bogomips	: 4000.00
clflush size	: 64
cache_alignment	: 64
address sizes	: 46 bits physical, 57 bits virtual
power management:

processor	: 24
vendor_id	: GenuineIntel
cpu family	: 6
model		: 143
model name	: Intel(R) Xeon(R) Platinum 8480+
stepping	: 8
microcode	: 0x2b000639
cpu MHz		: 3800.000
cache size	: 107520 KB
physical id	: 0
siblings	: 56
core id		: 1
cpu cores	: 56
apicid		: 2
initial apicid	: 2
fpu		: yes
fpu_exception	: yes
cpuid level	: 32
wp		: yes
flags		: fpu vme de pse tsc msr pae mce cx8 apic sep mtrr pge mca cmov pat pse36 clflush dts acpi mmx fxsr sse sse2 ss ht tm pbe syscall nx pdpe1gb rdtscp lm constant_tsc art arch_perfmon pebs bts rep_good nopl xtopology nonstop_tsc cpuid aperfmperf tsc_known_freq pni pclmulqdq dtes64 monitor ds_cpl vmx smx est tm2 ssse3 sdbg fma cx16 xtpr pdcm pcid dca sse4_1 sse4_2 x2apic movbe popcnt tsc_deadline_timer aes xsave avx f16c rdrand lahf_lm abm 3dnowprefetch cpuid_fault epb cat_l3 cat_l2 cdp_l3 cdp_l2 ssbd mba ibrs ibpb stibp ibrs_enhanced tpr_shadow flexpriority ept vpid ept_ad fsgsbase tsc_adjust bmi1 avx2 smep bmi2 erms invpcid cqm rdt_a avx512f avx512dq rdseed adx smap avx512ifma clflushopt clwb intel_pt avx512cd sha_ni avx512bw avx512vl xsaveopt xsavec xgetbv1 xsaves cqm_llc cqm_occup_llc cqm_mbm_total cqm_mbm_local split_lock_detect user_shstk avx_vnni avx512_bf16 wbnoinvd dtherm ida arat pln pts vnmi avx512vbmi umip pku ospke waitpkg avx512_vbmi2 gfni vaes vpclmulqdq avx512_vnni avx512_bitalg avx512_vpopcntdq la57 rdpid bus_lock_detect cldemote movdiri movdir64b enqcmd fsrm md_clear serialize tsxldtrk pconfig arch_lbr ibt amx_bf16 avx512_fp16 amx_tile amx_int8 flush_l1d arch_capabilities
vmx flags	: vnmi preemption_timer posted_intr invvpid ept_x_only ept_ad ept_1gb ept_5level flexpriority apicv tsc_offset vtpr mtf vapic ept vpid unrestricted_guest vapic_reg vid ple shadow_vmcs pml ept_violation_ve ept_mode_based_exec tsc_scaling usr_wait_pause notify_vm_exiting ipi_virt
bugs		: spectre_v1 spectre_v2 spec_store_bypass swapgs eibrs_pbrsb bhi spectre_v2_user old_microcode vmscape
bogomips	: 4000.00
clflush size	: 64
cache_alignment	: 64
address sizes	: 46 bits physical, 57 bits virtual
power management:

processor	: 25
vendor_id	: GenuineIntel
cpu family	: 6
model		: 143
model name	: Intel(R) Xeon(R) Platinum 8480+
stepping	: 8
microcode	: 0x2b000639
cpu MHz		: 3800.000
cache size	: 107520 KB
physical id	: 1
siblings	: 56
core id		: 1
cpu cores	: 56
apicid		: 130
initial apicid	: 130
fpu		: yes
fpu_exception	: yes
cpuid level	: 32
wp		: yes
flags		: fpu vme de pse tsc msr pae mce cx8 apic sep mtrr pge mca cmov pat pse36 clflush dts acpi mmx fxsr sse sse2 ss ht tm pbe syscall nx pdpe1gb rdtscp lm constant_tsc art arch_perfmon pebs bts rep_good nopl xtopology nonstop_tsc cpuid aperfmperf tsc_known_freq pni pclmulqdq dtes64 monitor ds_cpl vmx smx est tm2 ssse3 sdbg fma cx16 xtpr pdcm pcid dca sse4_1 sse4_2 x2apic movbe popcnt tsc_deadline_timer aes xsave avx f16c rdrand lahf_lm abm 3dnowprefetch cpuid_fault epb cat_l3 cat_l2 cdp_l3 cdp_l2 ssbd mba ibrs ibpb stibp ibrs_enhanced tpr_shadow flexpriority ept vpid ept_ad fsgsbase tsc_adjust bmi1 avx2 smep bmi2 erms invpcid cqm rdt_a avx512f avx512dq rdseed adx smap avx512ifma clflushopt clwb intel_pt avx512cd sha_ni avx512bw avx512vl xsaveopt xsavec xgetbv1 xsaves cqm_llc cqm_occup_llc cqm_mbm_total cqm_mbm_local split_lock_detect user_shstk avx_vnni avx512_bf16 wbnoinvd dtherm ida arat pln pts vnmi avx512vbmi umip pku ospke waitpkg avx512_vbmi2 gfni vaes vpclmulqdq avx512_vnni avx512_bitalg avx512_vpopcntdq la57 rdpid bus_lock_detect cldemote movdiri movdir64b enqcmd fsrm md_clear serialize tsxldtrk pconfig arch_lbr ibt amx_bf16 avx512_fp16 amx_tile amx_int8 flush_l1d arch_capabilities
vmx flags	: vnmi preemption_timer posted_intr invvpid ept_x_only ept_ad ept_1gb ept_5level flexpriority apicv tsc_offset vtpr mtf vapic ept vpid unrestricted_guest vapic_reg vid ple shadow_vmcs pml ept_violation_ve ept_mode_based_exec tsc_scaling usr_wait_pause notify_vm_exiting ipi_virt
bugs		: spectre_v1 spectre_v2 spec_store_bypass swapgs eibrs_pbrsb bhi spectre_v2_user old_microcode vmscape
bogomips	: 4000.00
clflush size	: 64
cache_alignment	: 64
address sizes	: 46 bits physical, 57 bits virtual
power management:

processor	: 26
vendor_id	: GenuineIntel
cpu family	: 6
model		: 143
model name	: Intel(R) Xeon(R) Platinum 8480+
stepping	: 8
microcode	: 0x2b000639
cpu MHz		: 2759.773
cache size	: 107520 KB
physical id	: 0
siblings	: 56
core id		: 30
cpu cores	: 56
apicid		: 60
initial apicid	: 60
fpu		: yes
fpu_exception	: yes
cpuid level	: 32
wp		: yes
flags		: fpu vme de pse tsc msr pae mce cx8 apic sep mtrr pge mca cmov pat pse36 clflush dts acpi mmx fxsr sse sse2 ss ht tm pbe syscall nx pdpe1gb rdtscp lm constant_tsc art arch_perfmon pebs bts rep_good nopl xtopology nonstop_tsc cpuid aperfmperf tsc_known_freq pni pclmulqdq dtes64 monitor ds_cpl vmx smx est tm2 ssse3 sdbg fma cx16 xtpr pdcm pcid dca sse4_1 sse4_2 x2apic movbe popcnt tsc_deadline_timer aes xsave avx f16c rdrand lahf_lm abm 3dnowprefetch cpuid_fault epb cat_l3 cat_l2 cdp_l3 cdp_l2 ssbd mba ibrs ibpb stibp ibrs_enhanced tpr_shadow flexpriority ept vpid ept_ad fsgsbase tsc_adjust bmi1 avx2 smep bmi2 erms invpcid cqm rdt_a avx512f avx512dq rdseed adx smap avx512ifma clflushopt clwb intel_pt avx512cd sha_ni avx512bw avx512vl xsaveopt xsavec xgetbv1 xsaves cqm_llc cqm_occup_llc cqm_mbm_total cqm_mbm_local split_lock_detect user_shstk avx_vnni avx512_bf16 wbnoinvd dtherm ida arat pln pts vnmi avx512vbmi umip pku ospke waitpkg avx512_vbmi2 gfni vaes vpclmulqdq avx512_vnni avx512_bitalg avx512_vpopcntdq la57 rdpid bus_lock_detect cldemote movdiri movdir64b enqcmd fsrm md_clear serialize tsxldtrk pconfig arch_lbr ibt amx_bf16 avx512_fp16 amx_tile amx_int8 flush_l1d arch_capabilities
vmx flags	: vnmi preemption_timer posted_intr invvpid ept_x_only ept_ad ept_1gb ept_5level flexpriority apicv tsc_offset vtpr mtf vapic ept vpid unrestricted_guest vapic_reg vid ple shadow_vmcs pml ept_violation_ve ept_mode_based_exec tsc_scaling usr_wait_pause notify_vm_exiting ipi_virt
bugs		: spectre_v1 spectre_v2 spec_store_bypass swapgs eibrs_pbrsb bhi spectre_v2_user old_microcode vmscape
bogomips	: 4000.00
clflush size	: 64
cache_alignment	: 64
address sizes	: 46 bits physical, 57 bits virtual
power management:

processor	: 27
vendor_id	: GenuineIntel
cpu family	: 6
model		: 143
model name	: Intel(R) Xeon(R) Platinum 8480+
stepping	: 8
microcode	: 0x2b000639
cpu MHz		: 3800.000
cache size	: 107520 KB
physical id	: 1
siblings	: 56
core id		: 37
cpu cores	: 56
apicid		: 202
initial apicid	: 202
fpu		: yes
fpu_exception	: yes
cpuid level	: 32
wp		: yes
flags		: fpu vme de pse tsc msr pae mce cx8 apic sep mtrr pge mca cmov pat pse36 clflush dts acpi mmx fxsr sse sse2 ss ht tm pbe syscall nx pdpe1gb rdtscp lm constant_tsc art arch_perfmon pebs bts rep_good nopl xtopology nonstop_tsc cpuid aperfmperf tsc_known_freq pni pclmulqdq dtes64 monitor ds_cpl vmx smx est tm2 ssse3 sdbg fma cx16 xtpr pdcm pcid dca sse4_1 sse4_2 x2apic movbe popcnt tsc_deadline_timer aes xsave avx f16c rdrand lahf_lm abm 3dnowprefetch cpuid_fault epb cat_l3 cat_l2 cdp_l3 cdp_l2 ssbd mba ibrs ibpb stibp ibrs_enhanced tpr_shadow flexpriority ept vpid ept_ad fsgsbase tsc_adjust bmi1 avx2 smep bmi2 erms invpcid cqm rdt_a avx512f avx512dq rdseed adx smap avx512ifma clflushopt clwb intel_pt avx512cd sha_ni avx512bw avx512vl xsaveopt xsavec xgetbv1 xsaves cqm_llc cqm_occup_llc cqm_mbm_total cqm_mbm_local split_lock_detect user_shstk avx_vnni avx512_bf16 wbnoinvd dtherm ida arat pln pts vnmi avx512vbmi umip pku ospke waitpkg avx512_vbmi2 gfni vaes vpclmulqdq avx512_vnni avx512_bitalg avx512_vpopcntdq la57 rdpid bus_lock_detect cldemote movdiri movdir64b enqcmd fsrm md_clear serialize tsxldtrk pconfig arch_lbr ibt amx_bf16 avx512_fp16 amx_tile amx_int8 flush_l1d arch_capabilities
vmx flags	: vnmi preemption_timer posted_intr invvpid ept_x_only ept_ad ept_1gb ept_5level flexpriority apicv tsc_offset vtpr mtf vapic ept vpid unrestricted_guest vapic_reg vid ple shadow_vmcs pml ept_violation_ve ept_mode_based_exec tsc_scaling usr_wait_pause notify_vm_exiting ipi_virt
bugs		: spectre_v1 spectre_v2 spec_store_bypass swapgs eibrs_pbrsb bhi spectre_v2_user old_microcode vmscape
bogomips	: 4000.00
clflush size	: 64
cache_alignment	: 64
address sizes	: 46 bits physical, 57 bits virtual
power management:

processor	: 28
vendor_id	: GenuineIntel
cpu family	: 6
model		: 143
model name	: Intel(R) Xeon(R) Platinum 8480+
stepping	: 8
microcode	: 0x2b000639
cpu MHz		: 3800.000
cache size	: 107520 KB
physical id	: 0
siblings	: 56
core id		: 25
cpu cores	: 56
apicid		: 50
initial apicid	: 50
fpu		: yes
fpu_exception	: yes
cpuid level	: 32
wp		: yes
flags		: fpu vme de pse tsc msr pae mce cx8 apic sep mtrr pge mca cmov pat pse36 clflush dts acpi mmx fxsr sse sse2 ss ht tm pbe syscall nx pdpe1gb rdtscp lm constant_tsc art arch_perfmon pebs bts rep_good nopl xtopology nonstop_tsc cpuid aperfmperf tsc_known_freq pni pclmulqdq dtes64 monitor ds_cpl vmx smx est tm2 ssse3 sdbg fma cx16 xtpr pdcm pcid dca sse4_1 sse4_2 x2apic movbe popcnt tsc_deadline_timer aes xsave avx f16c rdrand lahf_lm abm 3dnowprefetch cpuid_fault epb cat_l3 cat_l2 cdp_l3 cdp_l2 ssbd mba ibrs ibpb stibp ibrs_enhanced tpr_shadow flexpriority ept vpid ept_ad fsgsbase tsc_adjust bmi1 avx2 smep bmi2 erms invpcid cqm rdt_a avx512f avx512dq rdseed adx smap avx512ifma clflushopt clwb intel_pt avx512cd sha_ni avx512bw avx512vl xsaveopt xsavec xgetbv1 xsaves cqm_llc cqm_occup_llc cqm_mbm_total cqm_mbm_local split_lock_detect user_shstk avx_vnni avx512_bf16 wbnoinvd dtherm ida arat pln pts vnmi avx512vbmi umip pku ospke waitpkg avx512_vbmi2 gfni vaes vpclmulqdq avx512_vnni avx512_bitalg avx512_vpopcntdq la57 rdpid bus_lock_detect cldemote movdiri movdir64b enqcmd fsrm md_clear serialize tsxldtrk pconfig arch_lbr ibt amx_bf16 avx512_fp16 amx_tile amx_int8 flush_l1d arch_capabilities
vmx flags	: vnmi preemption_timer posted_intr invvpid ept_x_only ept_ad ept_1gb ept_5level flexpriority apicv tsc_offset vtpr mtf vapic ept vpid unrestricted_guest vapic_reg vid ple shadow_vmcs pml ept_violation_ve ept_mode_based_exec tsc_scaling usr_wait_pause notify_vm_exiting ipi_virt
bugs		: spectre_v1 spectre_v2 spec_store_bypass swapgs eibrs_pbrsb bhi spectre_v2_user old_microcode vmscape
bogomips	: 4000.00
clflush size	: 64
cache_alignment	: 64
address sizes	: 46 bits physical, 57 bits virtual
power management:

processor	: 29
vendor_id	: GenuineIntel
cpu family	: 6
model		: 143
model name	: Intel(R) Xeon(R) Platinum 8480+
stepping	: 8
microcode	: 0x2b000639
cpu MHz		: 3800.000
cache size	: 107520 KB
physical id	: 1
siblings	: 56
core id		: 25
cpu cores	: 56
apicid		: 178
initial apicid	: 178
fpu		: yes
fpu_exception	: yes
cpuid level	: 32
wp		: yes
flags		: fpu vme de pse tsc msr pae mce cx8 apic sep mtrr pge mca cmov pat pse36 clflush dts acpi mmx fxsr sse sse2 ss ht tm pbe syscall nx pdpe1gb rdtscp lm constant_tsc art arch_perfmon pebs bts rep_good nopl xtopology nonstop_tsc cpuid aperfmperf tsc_known_freq pni pclmulqdq dtes64 monitor ds_cpl vmx smx est tm2 ssse3 sdbg fma cx16 xtpr pdcm pcid dca sse4_1 sse4_2 x2apic movbe popcnt tsc_deadline_timer aes xsave avx f16c rdrand lahf_lm abm 3dnowprefetch cpuid_fault epb cat_l3 cat_l2 cdp_l3 cdp_l2 ssbd mba ibrs ibpb stibp ibrs_enhanced tpr_shadow flexpriority ept vpid ept_ad fsgsbase tsc_adjust bmi1 avx2 smep bmi2 erms invpcid cqm rdt_a avx512f avx512dq rdseed adx smap avx512ifma clflushopt clwb intel_pt avx512cd sha_ni avx512bw avx512vl xsaveopt xsavec xgetbv1 xsaves cqm_llc cqm_occup_llc cqm_mbm_total cqm_mbm_local split_lock_detect user_shstk avx_vnni avx512_bf16 wbnoinvd dtherm ida arat pln pts vnmi avx512vbmi umip pku ospke waitpkg avx512_vbmi2 gfni vaes vpclmulqdq avx512_vnni avx512_bitalg avx512_vpopcntdq la57 rdpid bus_lock_detect cldemote movdiri movdir64b enqcmd fsrm md_clear serialize tsxldtrk pconfig arch_lbr ibt amx_bf16 avx512_fp16 amx_tile amx_int8 flush_l1d arch_capabilities
vmx flags	: vnmi preemption_timer posted_intr invvpid ept_x_only ept_ad ept_1gb ept_5level flexpriority apicv tsc_offset vtpr mtf vapic ept vpid unrestricted_guest vapic_reg vid ple shadow_vmcs pml ept_violation_ve ept_mode_based_exec tsc_scaling usr_wait_pause notify_vm_exiting ipi_virt
bugs		: spectre_v1 spectre_v2 spec_store_bypass swapgs eibrs_pbrsb bhi spectre_v2_user old_microcode vmscape
bogomips	: 4000.00
clflush size	: 64
cache_alignment	: 64
address sizes	: 46 bits physical, 57 bits virtual
power management:

processor	: 30
vendor_id	: GenuineIntel
cpu family	: 6
model		: 143
model name	: Intel(R) Xeon(R) Platinum 8480+
stepping	: 8
microcode	: 0x2b000639
cpu MHz		: 3800.000
cache size	: 107520 KB
physical id	: 0
siblings	: 56
core id		: 54
cpu cores	: 56
apicid		: 108
initial apicid	: 108
fpu		: yes
fpu_exception	: yes
cpuid level	: 32
wp		: yes
flags		: fpu vme de pse tsc msr pae mce cx8 apic sep mtrr pge mca cmov pat pse36 clflush dts acpi mmx fxsr sse sse2 ss ht tm pbe syscall nx pdpe1gb rdtscp lm constant_tsc art arch_perfmon pebs bts rep_good nopl xtopology nonstop_tsc cpuid aperfmperf tsc_known_freq pni pclmulqdq dtes64 monitor ds_cpl vmx smx est tm2 ssse3 sdbg fma cx16 xtpr pdcm pcid dca sse4_1 sse4_2 x2apic movbe popcnt tsc_deadline_timer aes xsave avx f16c rdrand lahf_lm abm 3dnowprefetch cpuid_fault epb cat_l3 cat_l2 cdp_l3 cdp_l2 ssbd mba ibrs ibpb stibp ibrs_enhanced tpr_shadow flexpriority ept vpid ept_ad fsgsbase tsc_adjust bmi1 avx2 smep bmi2 erms invpcid cqm rdt_a avx512f avx512dq rdseed adx smap avx512ifma clflushopt clwb intel_pt avx512cd sha_ni avx512bw avx512vl xsaveopt xsavec xgetbv1 xsaves cqm_llc cqm_occup_llc cqm_mbm_total cqm_mbm_local split_lock_detect user_shstk avx_vnni avx512_bf16 wbnoinvd dtherm ida arat pln pts vnmi avx512vbmi umip pku ospke waitpkg avx512_vbmi2 gfni vaes vpclmulqdq avx512_vnni avx512_bitalg avx512_vpopcntdq la57 rdpid bus_lock_detect cldemote movdiri movdir64b enqcmd fsrm md_clear serialize tsxldtrk pconfig arch_lbr ibt amx_bf16 avx512_fp16 amx_tile amx_int8 flush_l1d arch_capabilities
vmx flags	: vnmi preemption_timer posted_intr invvpid ept_x_only ept_ad ept_1gb ept_5level flexpriority apicv tsc_offset vtpr mtf vapic ept vpid unrestricted_guest vapic_reg vid ple shadow_vmcs pml ept_violation_ve ept_mode_based_exec tsc_scaling usr_wait_pause notify_vm_exiting ipi_virt
bugs		: spectre_v1 spectre_v2 spec_store_bypass swapgs eibrs_pbrsb bhi spectre_v2_user old_microcode vmscape
bogomips	: 4000.00
clflush size	: 64
cache_alignment	: 64
address sizes	: 46 bits physical, 57 bits virtual
power management:

processor	: 31
vendor_id	: GenuineIntel
cpu family	: 6
model		: 143
model name	: Intel(R) Xeon(R) Platinum 8480+
stepping	: 8
microcode	: 0x2b000639
cpu MHz		: 3800.000
cache size	: 107520 KB
physical id	: 1
siblings	: 56
core id		: 48
cpu cores	: 56
apicid		: 224
initial apicid	: 224
fpu		: yes
fpu_exception	: yes
cpuid level	: 32
wp		: yes
flags		: fpu vme de pse tsc msr pae mce cx8 apic sep mtrr pge mca cmov pat pse36 clflush dts acpi mmx fxsr sse sse2 ss ht tm pbe syscall nx pdpe1gb rdtscp lm constant_tsc art arch_perfmon pebs bts rep_good nopl xtopology nonstop_tsc cpuid aperfmperf tsc_known_freq pni pclmulqdq dtes64 monitor ds_cpl vmx smx est tm2 ssse3 sdbg fma cx16 xtpr pdcm pcid dca sse4_1 sse4_2 x2apic movbe popcnt tsc_deadline_timer aes xsave avx f16c rdrand lahf_lm abm 3dnowprefetch cpuid_fault epb cat_l3 cat_l2 cdp_l3 cdp_l2 ssbd mba ibrs ibpb stibp ibrs_enhanced tpr_shadow flexpriority ept vpid ept_ad fsgsbase tsc_adjust bmi1 avx2 smep bmi2 erms invpcid cqm rdt_a avx512f avx512dq rdseed adx smap avx512ifma clflushopt clwb intel_pt avx512cd sha_ni avx512bw avx512vl xsaveopt xsavec xgetbv1 xsaves cqm_llc cqm_occup_llc cqm_mbm_total cqm_mbm_local split_lock_detect user_shstk avx_vnni avx512_bf16 wbnoinvd dtherm ida arat pln pts vnmi avx512vbmi umip pku ospke waitpkg avx512_vbmi2 gfni vaes vpclmulqdq avx512_vnni avx512_bitalg avx512_vpopcntdq la57 rdpid bus_lock_detect cldemote movdiri movdir64b enqcmd fsrm md_clear serialize tsxldtrk pconfig arch_lbr ibt amx_bf16 avx512_fp16 amx_tile amx_int8 flush_l1d arch_capabilities
vmx flags	: vnmi preemption_timer posted_intr invvpid ept_x_only ept_ad ept_1gb ept_5level flexpriority apicv tsc_offset vtpr mtf vapic ept vpid unrestricted_guest vapic_reg vid ple shadow_vmcs pml ept_violation_ve ept_mode_based_exec tsc_scaling usr_wait_pause notify_vm_exiting ipi_virt
bugs		: spectre_v1 spectre_v2 spec_store_bypass swapgs eibrs_pbrsb bhi spectre_v2_user old_microcode vmscape
bogomips	: 4000.00
clflush size	: 64
cache_alignment	: 64
address sizes	: 46 bits physical, 57 bits virtual
power management:

processor	: 32
vendor_id	: GenuineIntel
cpu family	: 6
model		: 143
model name	: Intel(R) Xeon(R) Platinum 8480+
stepping	: 8
microcode	: 0x2b000639
cpu MHz		: 3800.000
cache size	: 107520 KB
physical id	: 0
siblings	: 56
core id		: 8
cpu cores	: 56
apicid		: 16
initial apicid	: 16
fpu		: yes
fpu_exception	: yes
cpuid level	: 32
wp		: yes
flags		: fpu vme de pse tsc msr pae mce cx8 apic sep mtrr pge mca cmov pat pse36 clflush dts acpi mmx fxsr sse sse2 ss ht tm pbe syscall nx pdpe1gb rdtscp lm constant_tsc art arch_perfmon pebs bts rep_good nopl xtopology nonstop_tsc cpuid aperfmperf tsc_known_freq pni pclmulqdq dtes64 monitor ds_cpl vmx smx est tm2 ssse3 sdbg fma cx16 xtpr pdcm pcid dca sse4_1 sse4_2 x2apic movbe popcnt tsc_deadline_timer aes xsave avx f16c rdrand lahf_lm abm 3dnowprefetch cpuid_fault epb cat_l3 cat_l2 cdp_l3 cdp_l2 ssbd mba ibrs ibpb stibp ibrs_enhanced tpr_shadow flexpriority ept vpid ept_ad fsgsbase tsc_adjust bmi1 avx2 smep bmi2 erms invpcid cqm rdt_a avx512f avx512dq rdseed adx smap avx512ifma clflushopt clwb intel_pt avx512cd sha_ni avx512bw avx512vl xsaveopt xsavec xgetbv1 xsaves cqm_llc cqm_occup_llc cqm_mbm_total cqm_mbm_local split_lock_detect user_shstk avx_vnni avx512_bf16 wbnoinvd dtherm ida arat pln pts vnmi avx512vbmi umip pku ospke waitpkg avx512_vbmi2 gfni vaes vpclmulqdq avx512_vnni avx512_bitalg avx512_vpopcntdq la57 rdpid bus_lock_detect cldemote movdiri movdir64b enqcmd fsrm md_clear serialize tsxldtrk pconfig arch_lbr ibt amx_bf16 avx512_fp16 amx_tile amx_int8 flush_l1d arch_capabilities
vmx flags	: vnmi preemption_timer posted_intr invvpid ept_x_only ept_ad ept_1gb ept_5level flexpriority apicv tsc_offset vtpr mtf vapic ept vpid unrestricted_guest vapic_reg vid ple shadow_vmcs pml ept_violation_ve ept_mode_based_exec tsc_scaling usr_wait_pause notify_vm_exiting ipi_virt
bugs		: spectre_v1 spectre_v2 spec_store_bypass swapgs eibrs_pbrsb bhi spectre_v2_user old_microcode vmscape
bogomips	: 4000.00
clflush size	: 64
cache_alignment	: 64
address sizes	: 46 bits physical, 57 bits virtual
power management:

processor	: 33
vendor_id	: GenuineIntel
cpu family	: 6
model		: 143
model name	: Intel(R) Xeon(R) Platinum 8480+
stepping	: 8
microcode	: 0x2b000639
cpu MHz		: 2816.761
cache size	: 107520 KB
physical id	: 1
siblings	: 56
core id		: 8
cpu cores	: 56
apicid		: 144
initial apicid	: 144
fpu		: yes
fpu_exception	: yes
cpuid level	: 32
wp		: yes
flags		: fpu vme de pse tsc msr pae mce cx8 apic sep mtrr pge mca cmov pat pse36 clflush dts acpi mmx fxsr sse sse2 ss ht tm pbe syscall nx pdpe1gb rdtscp lm constant_tsc art arch_perfmon pebs bts rep_good nopl xtopology nonstop_tsc cpuid aperfmperf tsc_known_freq pni pclmulqdq dtes64 monitor ds_cpl vmx smx est tm2 ssse3 sdbg fma cx16 xtpr pdcm pcid dca sse4_1 sse4_2 x2apic movbe popcnt tsc_deadline_timer aes xsave avx f16c rdrand lahf_lm abm 3dnowprefetch cpuid_fault epb cat_l3 cat_l2 cdp_l3 cdp_l2 ssbd mba ibrs ibpb stibp ibrs_enhanced tpr_shadow flexpriority ept vpid ept_ad fsgsbase tsc_adjust bmi1 avx2 smep bmi2 erms invpcid cqm rdt_a avx512f avx512dq rdseed adx smap avx512ifma clflushopt clwb intel_pt avx512cd sha_ni avx512bw avx512vl xsaveopt xsavec xgetbv1 xsaves cqm_llc cqm_occup_llc cqm_mbm_total cqm_mbm_local split_lock_detect user_shstk avx_vnni avx512_bf16 wbnoinvd dtherm ida arat pln pts vnmi avx512vbmi umip pku ospke waitpkg avx512_vbmi2 gfni vaes vpclmulqdq avx512_vnni avx512_bitalg avx512_vpopcntdq la57 rdpid bus_lock_detect cldemote movdiri movdir64b enqcmd fsrm md_clear serialize tsxldtrk pconfig arch_lbr ibt amx_bf16 avx512_fp16 amx_tile amx_int8 flush_l1d arch_capabilities
vmx flags	: vnmi preemption_timer posted_intr invvpid ept_x_only ept_ad ept_1gb ept_5level flexpriority apicv tsc_offset vtpr mtf vapic ept vpid unrestricted_guest vapic_reg vid ple shadow_vmcs pml ept_violation_ve ept_mode_based_exec tsc_scaling usr_wait_pause notify_vm_exiting ipi_virt
bugs		: spectre_v1 spectre_v2 spec_store_bypass swapgs eibrs_pbrsb bhi spectre_v2_user old_microcode vmscape
bogomips	: 4000.00
clflush size	: 64
cache_alignment	: 64
address sizes	: 46 bits physical, 57 bits virtual
power management:

processor	: 34
vendor_id	: GenuineIntel
cpu family	: 6
model		: 143
model name	: Intel(R) Xeon(R) Platinum 8480+
stepping	: 8
microcode	: 0x2b000639
cpu MHz		: 2737.241
cache size	: 107520 KB
physical id	: 0
siblings	: 56
core id		: 37
cpu cores	: 56
apicid		: 74
initial apicid	: 74
fpu		: yes
fpu_exception	: yes
cpuid level	: 32
wp		: yes
flags		: fpu vme de pse tsc msr pae mce cx8 apic sep mtrr pge mca cmov pat pse36 clflush dts acpi mmx fxsr sse sse2 ss ht tm pbe syscall nx pdpe1gb rdtscp lm constant_tsc art arch_perfmon pebs bts rep_good nopl xtopology nonstop_tsc cpuid aperfmperf tsc_known_freq pni pclmulqdq dtes64 monitor ds_cpl vmx smx est tm2 ssse3 sdbg fma cx16 xtpr pdcm pcid dca sse4_1 sse4_2 x2apic movbe popcnt tsc_deadline_timer aes xsave avx f16c rdrand lahf_lm abm 3dnowprefetch cpuid_fault epb cat_l3 cat_l2 cdp_l3 cdp_l2 ssbd mba ibrs ibpb stibp ibrs_enhanced tpr_shadow flexpriority ept vpid ept_ad fsgsbase tsc_adjust bmi1 avx2 smep bmi2 erms invpcid cqm rdt_a avx512f avx512dq rdseed adx smap avx512ifma clflushopt clwb intel_pt avx512cd sha_ni avx512bw avx512vl xsaveopt xsavec xgetbv1 xsaves cqm_llc cqm_occup_llc cqm_mbm_total cqm_mbm_local split_lock_detect user_shstk avx_vnni avx512_bf16 wbnoinvd dtherm ida arat pln pts vnmi avx512vbmi umip pku ospke waitpkg avx512_vbmi2 gfni vaes vpclmulqdq avx512_vnni avx512_bitalg avx512_vpopcntdq la57 rdpid bus_lock_detect cldemote movdiri movdir64b enqcmd fsrm md_clear serialize tsxldtrk pconfig arch_lbr ibt amx_bf16 avx512_fp16 amx_tile amx_int8 flush_l1d arch_capabilities
vmx flags	: vnmi preemption_timer posted_intr invvpid ept_x_only ept_ad ept_1gb ept_5level flexpriority apicv tsc_offset vtpr mtf vapic ept vpid unrestricted_guest vapic_reg vid ple shadow_vmcs pml ept_violation_ve ept_mode_based_exec tsc_scaling usr_wait_pause notify_vm_exiting ipi_virt
bugs		: spectre_v1 spectre_v2 spec_store_bypass swapgs eibrs_pbrsb bhi spectre_v2_user old_microcode vmscape
bogomips	: 4000.00
clflush size	: 64
cache_alignment	: 64
address sizes	: 46 bits physical, 57 bits virtual
power management:

processor	: 35
vendor_id	: GenuineIntel
cpu family	: 6
model		: 143
model name	: Intel(R) Xeon(R) Platinum 8480+
stepping	: 8
microcode	: 0x2b000639
cpu MHz		: 3800.000
cache size	: 107520 KB
physical id	: 1
siblings	: 56
core id		: 33
cpu cores	: 56
apicid		: 194
initial apicid	: 194
fpu		: yes
fpu_exception	: yes
cpuid level	: 32
wp		: yes
flags		: fpu vme de pse tsc msr pae mce cx8 apic sep mtrr pge mca cmov pat pse36 clflush dts acpi mmx fxsr sse sse2 ss ht tm pbe syscall nx pdpe1gb rdtscp lm constant_tsc art arch_perfmon pebs bts rep_good nopl xtopology nonstop_tsc cpuid aperfmperf tsc_known_freq pni pclmulqdq dtes64 monitor ds_cpl vmx smx est tm2 ssse3 sdbg fma cx16 xtpr pdcm pcid dca sse4_1 sse4_2 x2apic movbe popcnt tsc_deadline_timer aes xsave avx f16c rdrand lahf_lm abm 3dnowprefetch cpuid_fault epb cat_l3 cat_l2 cdp_l3 cdp_l2 ssbd mba ibrs ibpb stibp ibrs_enhanced tpr_shadow flexpriority ept vpid ept_ad fsgsbase tsc_adjust bmi1 avx2 smep bmi2 erms invpcid cqm rdt_a avx512f avx512dq rdseed adx smap avx512ifma clflushopt clwb intel_pt avx512cd sha_ni avx512bw avx512vl xsaveopt xsavec xgetbv1 xsaves cqm_llc cqm_occup_llc cqm_mbm_total cqm_mbm_local split_lock_detect user_shstk avx_vnni avx512_bf16 wbnoinvd dtherm ida arat pln pts vnmi avx512vbmi umip pku ospke waitpkg avx512_vbmi2 gfni vaes vpclmulqdq avx512_vnni avx512_bitalg avx512_vpopcntdq la57 rdpid bus_lock_detect cldemote movdiri movdir64b enqcmd fsrm md_clear serialize tsxldtrk pconfig arch_lbr ibt amx_bf16 avx512_fp16 amx_tile amx_int8 flush_l1d arch_capabilities
vmx flags	: vnmi preemption_timer posted_intr invvpid ept_x_only ept_ad ept_1gb ept_5level flexpriority apicv tsc_offset vtpr mtf vapic ept vpid unrestricted_guest vapic_reg vid ple shadow_vmcs pml ept_violation_ve ept_mode_based_exec tsc_scaling usr_wait_pause notify_vm_exiting ipi_virt
bugs		: spectre_v1 spectre_v2 spec_store_bypass swapgs eibrs_pbrsb bhi spectre_v2_user old_microcode vmscape
bogomips	: 4000.00
clflush size	: 64
cache_alignment	: 64
address sizes	: 46 bits physical, 57 bits virtual
power management:

processor	: 36
vendor_id	: GenuineIntel
cpu family	: 6
model		: 143
model name	: Intel(R) Xeon(R) Platinum 8480+
stepping	: 8
microcode	: 0x2b000639
cpu MHz		: 2587.912
cache size	: 107520 KB
physical id	: 0
siblings	: 56
core id		: 18
cpu cores	: 56
apicid		: 36
initial apicid	: 36
fpu		: yes
fpu_exception	: yes
cpuid level	: 32
wp		: yes
flags		: fpu vme de pse tsc msr pae mce cx8 apic sep mtrr pge mca cmov pat pse36 clflush dts acpi mmx fxsr sse sse2 ss ht tm pbe syscall nx pdpe1gb rdtscp lm constant_tsc art arch_perfmon pebs bts rep_good nopl xtopology nonstop_tsc cpuid aperfmperf tsc_known_freq pni pclmulqdq dtes64 monitor ds_cpl vmx smx est tm2 ssse3 sdbg fma cx16 xtpr pdcm pcid dca sse4_1 sse4_2 x2apic movbe popcnt tsc_deadline_timer aes xsave avx f16c rdrand lahf_lm abm 3dnowprefetch cpuid_fault epb cat_l3 cat_l2 cdp_l3 cdp_l2 ssbd mba ibrs ibpb stibp ibrs_enhanced tpr_shadow flexpriority ept vpid ept_ad fsgsbase tsc_adjust bmi1 avx2 smep bmi2 erms invpcid cqm rdt_a avx512f avx512dq rdseed adx smap avx512ifma clflushopt clwb intel_pt avx512cd sha_ni avx512bw avx512vl xsaveopt xsavec xgetbv1 xsaves cqm_llc cqm_occup_llc cqm_mbm_total cqm_mbm_local split_lock_detect user_shstk avx_vnni avx512_bf16 wbnoinvd dtherm ida arat pln pts vnmi avx512vbmi umip pku ospke waitpkg avx512_vbmi2 gfni vaes vpclmulqdq avx512_vnni avx512_bitalg avx512_vpopcntdq la57 rdpid bus_lock_detect cldemote movdiri movdir64b enqcmd fsrm md_clear serialize tsxldtrk pconfig arch_lbr ibt amx_bf16 avx512_fp16 amx_tile amx_int8 flush_l1d arch_capabilities
vmx flags	: vnmi preemption_timer posted_intr invvpid ept_x_only ept_ad ept_1gb ept_5level flexpriority apicv tsc_offset vtpr mtf vapic ept vpid unrestricted_guest vapic_reg vid ple shadow_vmcs pml ept_violation_ve ept_mode_based_exec tsc_scaling usr_wait_pause notify_vm_exiting ipi_virt
bugs		: spectre_v1 spectre_v2 spec_store_bypass swapgs eibrs_pbrsb bhi spectre_v2_user old_microcode vmscape
bogomips	: 4000.00
clflush size	: 64
cache_alignment	: 64
address sizes	: 46 bits physical, 57 bits virtual
power management:

processor	: 37
vendor_id	: GenuineIntel
cpu family	: 6
model		: 143
model name	: Intel(R) Xeon(R) Platinum 8480+
stepping	: 8
microcode	: 0x2b000639
cpu MHz		: 3800.000
cache size	: 107520 KB
physical id	: 1
siblings	: 56
core id		: 18
cpu cores	: 56
apicid		: 164
initial apicid	: 164
fpu		: yes
fpu_exception	: yes
cpuid level	: 32
wp		: yes
flags		: fpu vme de pse tsc msr pae mce cx8 apic sep mtrr pge mca cmov pat pse36 clflush dts acpi mmx fxsr sse sse2 ss ht tm pbe syscall nx pdpe1gb rdtscp lm constant_tsc art arch_perfmon pebs bts rep_good nopl xtopology nonstop_tsc cpuid aperfmperf tsc_known_freq pni pclmulqdq dtes64 monitor ds_cpl vmx smx est tm2 ssse3 sdbg fma cx16 xtpr pdcm pcid dca sse4_1 sse4_2 x2apic movbe popcnt tsc_deadline_timer aes xsave avx f16c rdrand lahf_lm abm 3dnowprefetch cpuid_fault epb cat_l3 cat_l2 cdp_l3 cdp_l2 ssbd mba ibrs ibpb stibp ibrs_enhanced tpr_shadow flexpriority ept vpid ept_ad fsgsbase tsc_adjust bmi1 avx2 smep bmi2 erms invpcid cqm rdt_a avx512f avx512dq rdseed adx smap avx512ifma clflushopt clwb intel_pt avx512cd sha_ni avx512bw avx512vl xsaveopt xsavec xgetbv1 xsaves cqm_llc cqm_occup_llc cqm_mbm_total cqm_mbm_local split_lock_detect user_shstk avx_vnni avx512_bf16 wbnoinvd dtherm ida arat pln pts vnmi avx512vbmi umip pku ospke waitpkg avx512_vbmi2 gfni vaes vpclmulqdq avx512_vnni avx512_bitalg avx512_vpopcntdq la57 rdpid bus_lock_detect cldemote movdiri movdir64b enqcmd fsrm md_clear serialize tsxldtrk pconfig arch_lbr ibt amx_bf16 avx512_fp16 amx_tile amx_int8 flush_l1d arch_capabilities
vmx flags	: vnmi preemption_timer posted_intr invvpid ept_x_only ept_ad ept_1gb ept_5level flexpriority apicv tsc_offset vtpr mtf vapic ept vpid unrestricted_guest vapic_reg vid ple shadow_vmcs pml ept_violation_ve ept_mode_based_exec tsc_scaling usr_wait_pause notify_vm_exiting ipi_virt
bugs		: spectre_v1 spectre_v2 spec_store_bypass swapgs eibrs_pbrsb bhi spectre_v2_user old_microcode vmscape
bogomips	: 4000.00
clflush size	: 64
cache_alignment	: 64
address sizes	: 46 bits physical, 57 bits virtual
power management:

processor	: 38
vendor_id	: GenuineIntel
cpu family	: 6
model		: 143
model name	: Intel(R) Xeon(R) Platinum 8480+
stepping	: 8
microcode	: 0x2b000639
cpu MHz		: 3800.000
cache size	: 107520 KB
physical id	: 0
siblings	: 56
core id		: 48
cpu cores	: 56
apicid		: 96
initial apicid	: 96
fpu		: yes
fpu_exception	: yes
cpuid level	: 32
wp		: yes
flags		: fpu vme de pse tsc msr pae mce cx8 apic sep mtrr pge mca cmov pat pse36 clflush dts acpi mmx fxsr sse sse2 ss ht tm pbe syscall nx pdpe1gb rdtscp lm constant_tsc art arch_perfmon pebs bts rep_good nopl xtopology nonstop_tsc cpuid aperfmperf tsc_known_freq pni pclmulqdq dtes64 monitor ds_cpl vmx smx est tm2 ssse3 sdbg fma cx16 xtpr pdcm pcid dca sse4_1 sse4_2 x2apic movbe popcnt tsc_deadline_timer aes xsave avx f16c rdrand lahf_lm abm 3dnowprefetch cpuid_fault epb cat_l3 cat_l2 cdp_l3 cdp_l2 ssbd mba ibrs ibpb stibp ibrs_enhanced tpr_shadow flexpriority ept vpid ept_ad fsgsbase tsc_adjust bmi1 avx2 smep bmi2 erms invpcid cqm rdt_a avx512f avx512dq rdseed adx smap avx512ifma clflushopt clwb intel_pt avx512cd sha_ni avx512bw avx512vl xsaveopt xsavec xgetbv1 xsaves cqm_llc cqm_occup_llc cqm_mbm_total cqm_mbm_local split_lock_detect user_shstk avx_vnni avx512_bf16 wbnoinvd dtherm ida arat pln pts vnmi avx512vbmi umip pku ospke waitpkg avx512_vbmi2 gfni vaes vpclmulqdq avx512_vnni avx512_bitalg avx512_vpopcntdq la57 rdpid bus_lock_detect cldemote movdiri movdir64b enqcmd fsrm md_clear serialize tsxldtrk pconfig arch_lbr ibt amx_bf16 avx512_fp16 amx_tile amx_int8 flush_l1d arch_capabilities
vmx flags	: vnmi preemption_timer posted_intr invvpid ept_x_only ept_ad ept_1gb ept_5level flexpriority apicv tsc_offset vtpr mtf vapic ept vpid unrestricted_guest vapic_reg vid ple shadow_vmcs pml ept_violation_ve ept_mode_based_exec tsc_scaling usr_wait_pause notify_vm_exiting ipi_virt
bugs		: spectre_v1 spectre_v2 spec_store_bypass swapgs eibrs_pbrsb bhi spectre_v2_user old_microcode vmscape
bogomips	: 4000.00
clflush size	: 64
cache_alignment	: 64
address sizes	: 46 bits physical, 57 bits virtual
power management:

processor	: 39
vendor_id	: GenuineIntel
cpu family	: 6
model		: 143
model name	: Intel(R) Xeon(R) Platinum 8480+
stepping	: 8
microcode	: 0x2b000639
cpu MHz		: 3800.000
cache size	: 107520 KB
physical id	: 1
siblings	: 56
core id		: 50
cpu cores	: 56
apicid		: 228
initial apicid	: 228
fpu		: yes
fpu_exception	: yes
cpuid level	: 32
wp		: yes
flags		: fpu vme de pse tsc msr pae mce cx8 apic sep mtrr pge mca cmov pat pse36 clflush dts acpi mmx fxsr sse sse2 ss ht tm pbe syscall nx pdpe1gb rdtscp lm constant_tsc art arch_perfmon pebs bts rep_good nopl xtopology nonstop_tsc cpuid aperfmperf tsc_known_freq pni pclmulqdq dtes64 monitor ds_cpl vmx smx est tm2 ssse3 sdbg fma cx16 xtpr pdcm pcid dca sse4_1 sse4_2 x2apic movbe popcnt tsc_deadline_timer aes xsave avx f16c rdrand lahf_lm abm 3dnowprefetch cpuid_fault epb cat_l3 cat_l2 cdp_l3 cdp_l2 ssbd mba ibrs ibpb stibp ibrs_enhanced tpr_shadow flexpriority ept vpid ept_ad fsgsbase tsc_adjust bmi1 avx2 smep bmi2 erms invpcid cqm rdt_a avx512f avx512dq rdseed adx smap avx512ifma clflushopt clwb intel_pt avx512cd sha_ni avx512bw avx512vl xsaveopt xsavec xgetbv1 xsaves cqm_llc cqm_occup_llc cqm_mbm_total cqm_mbm_local split_lock_detect user_shstk avx_vnni avx512_bf16 wbnoinvd dtherm ida arat pln pts vnmi avx512vbmi umip pku ospke waitpkg avx512_vbmi2 gfni vaes vpclmulqdq avx512_vnni avx512_bitalg avx512_vpopcntdq la57 rdpid bus_lock_detect cldemote movdiri movdir64b enqcmd fsrm md_clear serialize tsxldtrk pconfig arch_lbr ibt amx_bf16 avx512_fp16 amx_tile amx_int8 flush_l1d arch_capabilities
vmx flags	: vnmi preemption_timer posted_intr invvpid ept_x_only ept_ad ept_1gb ept_5level flexpriority apicv tsc_offset vtpr mtf vapic ept vpid unrestricted_guest vapic_reg vid ple shadow_vmcs pml ept_violation_ve ept_mode_based_exec tsc_scaling usr_wait_pause notify_vm_exiting ipi_virt
bugs		: spectre_v1 spectre_v2 spec_store_bypass swapgs eibrs_pbrsb bhi spectre_v2_user old_microcode vmscape
bogomips	: 4000.00
clflush size	: 64
cache_alignment	: 64
address sizes	: 46 bits physical, 57 bits virtual
power management:

processor	: 40
vendor_id	: GenuineIntel
cpu family	: 6
model		: 143
model name	: Intel(R) Xeon(R) Platinum 8480+
stepping	: 8
microcode	: 0x2b000639
cpu MHz		: 3800.000
cache size	: 107520 KB
physical id	: 0
siblings	: 56
core id		: 5
cpu cores	: 56
apicid		: 10
initial apicid	: 10
fpu		: yes
fpu_exception	: yes
cpuid level	: 32
wp		: yes
flags		: fpu vme de pse tsc msr pae mce cx8 apic sep mtrr pge mca cmov pat pse36 clflush dts acpi mmx fxsr sse sse2 ss ht tm pbe syscall nx pdpe1gb rdtscp lm constant_tsc art arch_perfmon pebs bts rep_good nopl xtopology nonstop_tsc cpuid aperfmperf tsc_known_freq pni pclmulqdq dtes64 monitor ds_cpl vmx smx est tm2 ssse3 sdbg fma cx16 xtpr pdcm pcid dca sse4_1 sse4_2 x2apic movbe popcnt tsc_deadline_timer aes xsave avx f16c rdrand lahf_lm abm 3dnowprefetch cpuid_fault epb cat_l3 cat_l2 cdp_l3 cdp_l2 ssbd mba ibrs ibpb stibp ibrs_enhanced tpr_shadow flexpriority ept vpid ept_ad fsgsbase tsc_adjust bmi1 avx2 smep bmi2 erms invpcid cqm rdt_a avx512f avx512dq rdseed adx smap avx512ifma clflushopt clwb intel_pt avx512cd sha_ni avx512bw avx512vl xsaveopt xsavec xgetbv1 xsaves cqm_llc cqm_occup_llc cqm_mbm_total cqm_mbm_local split_lock_detect user_shstk avx_vnni avx512_bf16 wbnoinvd dtherm ida arat pln pts vnmi avx512vbmi umip pku ospke waitpkg avx512_vbmi2 gfni vaes vpclmulqdq avx512_vnni avx512_bitalg avx512_vpopcntdq la57 rdpid bus_lock_detect cldemote movdiri movdir64b enqcmd fsrm md_clear serialize tsxldtrk pconfig arch_lbr ibt amx_bf16 avx512_fp16 amx_tile amx_int8 flush_l1d arch_capabilities
vmx flags	: vnmi preemption_timer posted_intr invvpid ept_x_only ept_ad ept_1gb ept_5level flexpriority apicv tsc_offset vtpr mtf vapic ept vpid unrestricted_guest vapic_reg vid ple shadow_vmcs pml ept_violation_ve ept_mode_based_exec tsc_scaling usr_wait_pause notify_vm_exiting ipi_virt
bugs		: spectre_v1 spectre_v2 spec_store_bypass swapgs eibrs_pbrsb bhi spectre_v2_user old_microcode vmscape
bogomips	: 4000.00
clflush size	: 64
cache_alignment	: 64
address sizes	: 46 bits physical, 57 bits virtual
power management:

processor	: 41
vendor_id	: GenuineIntel
cpu family	: 6
model		: 143
model name	: Intel(R) Xeon(R) Platinum 8480+
stepping	: 8
microcode	: 0x2b000639
cpu MHz		: 3800.000
cache size	: 107520 KB
physical id	: 1
siblings	: 56
core id		: 5
cpu cores	: 56
apicid		: 138
initial apicid	: 138
fpu		: yes
fpu_exception	: yes
cpuid level	: 32
wp		: yes
flags		: fpu vme de pse tsc msr pae mce cx8 apic sep mtrr pge mca cmov pat pse36 clflush dts acpi mmx fxsr sse sse2 ss ht tm pbe syscall nx pdpe1gb rdtscp lm constant_tsc art arch_perfmon pebs bts rep_good nopl xtopology nonstop_tsc cpuid aperfmperf tsc_known_freq pni pclmulqdq dtes64 monitor ds_cpl vmx smx est tm2 ssse3 sdbg fma cx16 xtpr pdcm pcid dca sse4_1 sse4_2 x2apic movbe popcnt tsc_deadline_timer aes xsave avx f16c rdrand lahf_lm abm 3dnowprefetch cpuid_fault epb cat_l3 cat_l2 cdp_l3 cdp_l2 ssbd mba ibrs ibpb stibp ibrs_enhanced tpr_shadow flexpriority ept vpid ept_ad fsgsbase tsc_adjust bmi1 avx2 smep bmi2 erms invpcid cqm rdt_a avx512f avx512dq rdseed adx smap avx512ifma clflushopt clwb intel_pt avx512cd sha_ni avx512bw avx512vl xsaveopt xsavec xgetbv1 xsaves cqm_llc cqm_occup_llc cqm_mbm_total cqm_mbm_local split_lock_detect user_shstk avx_vnni avx512_bf16 wbnoinvd dtherm ida arat pln pts vnmi avx512vbmi umip pku ospke waitpkg avx512_vbmi2 gfni vaes vpclmulqdq avx512_vnni avx512_bitalg avx512_vpopcntdq la57 rdpid bus_lock_detect cldemote movdiri movdir64b enqcmd fsrm md_clear serialize tsxldtrk pconfig arch_lbr ibt amx_bf16 avx512_fp16 amx_tile amx_int8 flush_l1d arch_capabilities
vmx flags	: vnmi preemption_timer posted_intr invvpid ept_x_only ept_ad ept_1gb ept_5level flexpriority apicv tsc_offset vtpr mtf vapic ept vpid unrestricted_guest vapic_reg vid ple shadow_vmcs pml ept_violation_ve ept_mode_based_exec tsc_scaling usr_wait_pause notify_vm_exiting ipi_virt
bugs		: spectre_v1 spectre_v2 spec_store_bypass swapgs eibrs_pbrsb bhi spectre_v2_user old_microcode vmscape
bogomips	: 4000.00
clflush size	: 64
cache_alignment	: 64
address sizes	: 46 bits physical, 57 bits virtual
power management:

processor	: 42
vendor_id	: GenuineIntel
cpu family	: 6
model		: 143
model name	: Intel(R) Xeon(R) Platinum 8480+
stepping	: 8
microcode	: 0x2b000639
cpu MHz		: 3800.000
cache size	: 107520 KB
physical id	: 0
siblings	: 56
core id		: 33
cpu cores	: 56
apicid		: 66
initial apicid	: 66
fpu		: yes
fpu_exception	: yes
cpuid level	: 32
wp		: yes
flags		: fpu vme de pse tsc msr pae mce cx8 apic sep mtrr pge mca cmov pat pse36 clflush dts acpi mmx fxsr sse sse2 ss ht tm pbe syscall nx pdpe1gb rdtscp lm constant_tsc art arch_perfmon pebs bts rep_good nopl xtopology nonstop_tsc cpuid aperfmperf tsc_known_freq pni pclmulqdq dtes64 monitor ds_cpl vmx smx est tm2 ssse3 sdbg fma cx16 xtpr pdcm pcid dca sse4_1 sse4_2 x2apic movbe popcnt tsc_deadline_timer aes xsave avx f16c rdrand lahf_lm abm 3dnowprefetch cpuid_fault epb cat_l3 cat_l2 cdp_l3 cdp_l2 ssbd mba ibrs ibpb stibp ibrs_enhanced tpr_shadow flexpriority ept vpid ept_ad fsgsbase tsc_adjust bmi1 avx2 smep bmi2 erms invpcid cqm rdt_a avx512f avx512dq rdseed adx smap avx512ifma clflushopt clwb intel_pt avx512cd sha_ni avx512bw avx512vl xsaveopt xsavec xgetbv1 xsaves cqm_llc cqm_occup_llc cqm_mbm_total cqm_mbm_local split_lock_detect user_shstk avx_vnni avx512_bf16 wbnoinvd dtherm ida arat pln pts vnmi avx512vbmi umip pku ospke waitpkg avx512_vbmi2 gfni vaes vpclmulqdq avx512_vnni avx512_bitalg avx512_vpopcntdq la57 rdpid bus_lock_detect cldemote movdiri movdir64b enqcmd fsrm md_clear serialize tsxldtrk pconfig arch_lbr ibt amx_bf16 avx512_fp16 amx_tile amx_int8 flush_l1d arch_capabilities
vmx flags	: vnmi preemption_timer posted_intr invvpid ept_x_only ept_ad ept_1gb ept_5level flexpriority apicv tsc_offset vtpr mtf vapic ept vpid unrestricted_guest vapic_reg vid ple shadow_vmcs pml ept_violation_ve ept_mode_based_exec tsc_scaling usr_wait_pause notify_vm_exiting ipi_virt
bugs		: spectre_v1 spectre_v2 spec_store_bypass swapgs eibrs_pbrsb bhi spectre_v2_user old_microcode vmscape
bogomips	: 4000.00
clflush size	: 64
cache_alignment	: 64
address sizes	: 46 bits physical, 57 bits virtual
power management:

processor	: 43
vendor_id	: GenuineIntel
cpu family	: 6
model		: 143
model name	: Intel(R) Xeon(R) Platinum 8480+
stepping	: 8
microcode	: 0x2b000639
cpu MHz		: 3800.000
cache size	: 107520 KB
physical id	: 1
siblings	: 56
core id		: 41
cpu cores	: 56
apicid		: 210
initial apicid	: 210
fpu		: yes
fpu_exception	: yes
cpuid level	: 32
wp		: yes
flags		: fpu vme de pse tsc msr pae mce cx8 apic sep mtrr pge mca cmov pat pse36 clflush dts acpi mmx fxsr sse sse2 ss ht tm pbe syscall nx pdpe1gb rdtscp lm constant_tsc art arch_perfmon pebs bts rep_good nopl xtopology nonstop_tsc cpuid aperfmperf tsc_known_freq pni pclmulqdq dtes64 monitor ds_cpl vmx smx est tm2 ssse3 sdbg fma cx16 xtpr pdcm pcid dca sse4_1 sse4_2 x2apic movbe popcnt tsc_deadline_timer aes xsave avx f16c rdrand lahf_lm abm 3dnowprefetch cpuid_fault epb cat_l3 cat_l2 cdp_l3 cdp_l2 ssbd mba ibrs ibpb stibp ibrs_enhanced tpr_shadow flexpriority ept vpid ept_ad fsgsbase tsc_adjust bmi1 avx2 smep bmi2 erms invpcid cqm rdt_a avx512f avx512dq rdseed adx smap avx512ifma clflushopt clwb intel_pt avx512cd sha_ni avx512bw avx512vl xsaveopt xsavec xgetbv1 xsaves cqm_llc cqm_occup_llc cqm_mbm_total cqm_mbm_local split_lock_detect user_shstk avx_vnni avx512_bf16 wbnoinvd dtherm ida arat pln pts vnmi avx512vbmi umip pku ospke waitpkg avx512_vbmi2 gfni vaes vpclmulqdq avx512_vnni avx512_bitalg avx512_vpopcntdq la57 rdpid bus_lock_detect cldemote movdiri movdir64b enqcmd fsrm md_clear serialize tsxldtrk pconfig arch_lbr ibt amx_bf16 avx512_fp16 amx_tile amx_int8 flush_l1d arch_capabilities
vmx flags	: vnmi preemption_timer posted_intr invvpid ept_x_only ept_ad ept_1gb ept_5level flexpriority apicv tsc_offset vtpr mtf vapic ept vpid unrestricted_guest vapic_reg vid ple shadow_vmcs pml ept_violation_ve ept_mode_based_exec tsc_scaling usr_wait_pause notify_vm_exiting ipi_virt
bugs		: spectre_v1 spectre_v2 spec_store_bypass swapgs eibrs_pbrsb bhi spectre_v2_user old_microcode vmscape
bogomips	: 4000.00
clflush size	: 64
cache_alignment	: 64
address sizes	: 46 bits physical, 57 bits virtual
power management:

processor	: 44
vendor_id	: GenuineIntel
cpu family	: 6
model		: 143
model name	: Intel(R) Xeon(R) Platinum 8480+
stepping	: 8
microcode	: 0x2b000639
cpu MHz		: 3800.000
cache size	: 107520 KB
physical id	: 0
siblings	: 56
core id		: 22
cpu cores	: 56
apicid		: 44
initial apicid	: 44
fpu		: yes
fpu_exception	: yes
cpuid level	: 32
wp		: yes
flags		: fpu vme de pse tsc msr pae mce cx8 apic sep mtrr pge mca cmov pat pse36 clflush dts acpi mmx fxsr sse sse2 ss ht tm pbe syscall nx pdpe1gb rdtscp lm constant_tsc art arch_perfmon pebs bts rep_good nopl xtopology nonstop_tsc cpuid aperfmperf tsc_known_freq pni pclmulqdq dtes64 monitor ds_cpl vmx smx est tm2 ssse3 sdbg fma cx16 xtpr pdcm pcid dca sse4_1 sse4_2 x2apic movbe popcnt tsc_deadline_timer aes xsave avx f16c rdrand lahf_lm abm 3dnowprefetch cpuid_fault epb cat_l3 cat_l2 cdp_l3 cdp_l2 ssbd mba ibrs ibpb stibp ibrs_enhanced tpr_shadow flexpriority ept vpid ept_ad fsgsbase tsc_adjust bmi1 avx2 smep bmi2 erms invpcid cqm rdt_a avx512f avx512dq rdseed adx smap avx512ifma clflushopt clwb intel_pt avx512cd sha_ni avx512bw avx512vl xsaveopt xsavec xgetbv1 xsaves cqm_llc cqm_occup_llc cqm_mbm_total cqm_mbm_local split_lock_detect user_shstk avx_vnni avx512_bf16 wbnoinvd dtherm ida arat pln pts vnmi avx512vbmi umip pku ospke waitpkg avx512_vbmi2 gfni vaes vpclmulqdq avx512_vnni avx512_bitalg avx512_vpopcntdq la57 rdpid bus_lock_detect cldemote movdiri movdir64b enqcmd fsrm md_clear serialize tsxldtrk pconfig arch_lbr ibt amx_bf16 avx512_fp16 amx_tile amx_int8 flush_l1d arch_capabilities
vmx flags	: vnmi preemption_timer posted_intr invvpid ept_x_only ept_ad ept_1gb ept_5level flexpriority apicv tsc_offset vtpr mtf vapic ept vpid unrestricted_guest vapic_reg vid ple shadow_vmcs pml ept_violation_ve ept_mode_based_exec tsc_scaling usr_wait_pause notify_vm_exiting ipi_virt
bugs		: spectre_v1 spectre_v2 spec_store_bypass swapgs eibrs_pbrsb bhi spectre_v2_user old_microcode vmscape
bogomips	: 4000.00
clflush size	: 64
cache_alignment	: 64
address sizes	: 46 bits physical, 57 bits virtual
power management:

processor	: 45
vendor_id	: GenuineIntel
cpu family	: 6
model		: 143
model name	: Intel(R) Xeon(R) Platinum 8480+
stepping	: 8
microcode	: 0x2b000639
cpu MHz		: 3800.000
cache size	: 107520 KB
physical id	: 1
siblings	: 56
core id		: 22
cpu cores	: 56
apicid		: 172
initial apicid	: 172
fpu		: yes
fpu_exception	: yes
cpuid level	: 32
wp		: yes
flags		: fpu vme de pse tsc msr pae mce cx8 apic sep mtrr pge mca cmov pat pse36 clflush dts acpi mmx fxsr sse sse2 ss ht tm pbe syscall nx pdpe1gb rdtscp lm constant_tsc art arch_perfmon pebs bts rep_good nopl xtopology nonstop_tsc cpuid aperfmperf tsc_known_freq pni pclmulqdq dtes64 monitor ds_cpl vmx smx est tm2 ssse3 sdbg fma cx16 xtpr pdcm pcid dca sse4_1 sse4_2 x2apic movbe popcnt tsc_deadline_timer aes xsave avx f16c rdrand lahf_lm abm 3dnowprefetch cpuid_fault epb cat_l3 cat_l2 cdp_l3 cdp_l2 ssbd mba ibrs ibpb stibp ibrs_enhanced tpr_shadow flexpriority ept vpid ept_ad fsgsbase tsc_adjust bmi1 avx2 smep bmi2 erms invpcid cqm rdt_a avx512f avx512dq rdseed adx smap avx512ifma clflushopt clwb intel_pt avx512cd sha_ni avx512bw avx512vl xsaveopt xsavec xgetbv1 xsaves cqm_llc cqm_occup_llc cqm_mbm_total cqm_mbm_local split_lock_detect user_shstk avx_vnni avx512_bf16 wbnoinvd dtherm ida arat pln pts vnmi avx512vbmi umip pku ospke waitpkg avx512_vbmi2 gfni vaes vpclmulqdq avx512_vnni avx512_bitalg avx512_vpopcntdq la57 rdpid bus_lock_detect cldemote movdiri movdir64b enqcmd fsrm md_clear serialize tsxldtrk pconfig arch_lbr ibt amx_bf16 avx512_fp16 amx_tile amx_int8 flush_l1d arch_capabilities
vmx flags	: vnmi preemption_timer posted_intr invvpid ept_x_only ept_ad ept_1gb ept_5level flexpriority apicv tsc_offset vtpr mtf vapic ept vpid unrestricted_guest vapic_reg vid ple shadow_vmcs pml ept_violation_ve ept_mode_based_exec tsc_scaling usr_wait_pause notify_vm_exiting ipi_virt
bugs		: spectre_v1 spectre_v2 spec_store_bypass swapgs eibrs_pbrsb bhi spectre_v2_user old_microcode vmscape
bogomips	: 4000.00
clflush size	: 64
cache_alignment	: 64
address sizes	: 46 bits physical, 57 bits virtual
power management:

processor	: 46
vendor_id	: GenuineIntel
cpu family	: 6
model		: 143
model name	: Intel(R) Xeon(R) Platinum 8480+
stepping	: 8
microcode	: 0x2b000639
cpu MHz		: 3800.000
cache size	: 107520 KB
physical id	: 0
siblings	: 56
core id		: 45
cpu cores	: 56
apicid		: 90
initial apicid	: 90
fpu		: yes
fpu_exception	: yes
cpuid level	: 32
wp		: yes
flags		: fpu vme de pse tsc msr pae mce cx8 apic sep mtrr pge mca cmov pat pse36 clflush dts acpi mmx fxsr sse sse2 ss ht tm pbe syscall nx pdpe1gb rdtscp lm constant_tsc art arch_perfmon pebs bts rep_good nopl xtopology nonstop_tsc cpuid aperfmperf tsc_known_freq pni pclmulqdq dtes64 monitor ds_cpl vmx smx est tm2 ssse3 sdbg fma cx16 xtpr pdcm pcid dca sse4_1 sse4_2 x2apic movbe popcnt tsc_deadline_timer aes xsave avx f16c rdrand lahf_lm abm 3dnowprefetch cpuid_fault epb cat_l3 cat_l2 cdp_l3 cdp_l2 ssbd mba ibrs ibpb stibp ibrs_enhanced tpr_shadow flexpriority ept vpid ept_ad fsgsbase tsc_adjust bmi1 avx2 smep bmi2 erms invpcid cqm rdt_a avx512f avx512dq rdseed adx smap avx512ifma clflushopt clwb intel_pt avx512cd sha_ni avx512bw avx512vl xsaveopt xsavec xgetbv1 xsaves cqm_llc cqm_occup_llc cqm_mbm_total cqm_mbm_local split_lock_detect user_shstk avx_vnni avx512_bf16 wbnoinvd dtherm ida arat pln pts vnmi avx512vbmi umip pku ospke waitpkg avx512_vbmi2 gfni vaes vpclmulqdq avx512_vnni avx512_bitalg avx512_vpopcntdq la57 rdpid bus_lock_detect cldemote movdiri movdir64b enqcmd fsrm md_clear serialize tsxldtrk pconfig arch_lbr ibt amx_bf16 avx512_fp16 amx_tile amx_int8 flush_l1d arch_capabilities
vmx flags	: vnmi preemption_timer posted_intr invvpid ept_x_only ept_ad ept_1gb ept_5level flexpriority apicv tsc_offset vtpr mtf vapic ept vpid unrestricted_guest vapic_reg vid ple shadow_vmcs pml ept_violation_ve ept_mode_based_exec tsc_scaling usr_wait_pause notify_vm_exiting ipi_virt
bugs		: spectre_v1 spectre_v2 spec_store_bypass swapgs eibrs_pbrsb bhi spectre_v2_user old_microcode vmscape
bogomips	: 4000.00
clflush size	: 64
cache_alignment	: 64
address sizes	: 46 bits physical, 57 bits virtual
power management:

processor	: 47
vendor_id	: GenuineIntel
cpu family	: 6
model		: 143
model name	: Intel(R) Xeon(R) Platinum 8480+
stepping	: 8
microcode	: 0x2b000639
cpu MHz		: 3800.000
cache size	: 107520 KB
physical id	: 1
siblings	: 56
core id		: 45
cpu cores	: 56
apicid		: 218
initial apicid	: 218
fpu		: yes
fpu_exception	: yes
cpuid level	: 32
wp		: yes
flags		: fpu vme de pse tsc msr pae mce cx8 apic sep mtrr pge mca cmov pat pse36 clflush dts acpi mmx fxsr sse sse2 ss ht tm pbe syscall nx pdpe1gb rdtscp lm constant_tsc art arch_perfmon pebs bts rep_good nopl xtopology nonstop_tsc cpuid aperfmperf tsc_known_freq pni pclmulqdq dtes64 monitor ds_cpl vmx smx est tm2 ssse3 sdbg fma cx16 xtpr pdcm pcid dca sse4_1 sse4_2 x2apic movbe popcnt tsc_deadline_timer aes xsave avx f16c rdrand lahf_lm abm 3dnowprefetch cpuid_fault epb cat_l3 cat_l2 cdp_l3 cdp_l2 ssbd mba ibrs ibpb stibp ibrs_enhanced tpr_shadow flexpriority ept vpid ept_ad fsgsbase tsc_adjust bmi1 avx2 smep bmi2 erms invpcid cqm rdt_a avx512f avx512dq rdseed adx smap avx512ifma clflushopt clwb intel_pt avx512cd sha_ni avx512bw avx512vl xsaveopt xsavec xgetbv1 xsaves cqm_llc cqm_occup_llc cqm_mbm_total cqm_mbm_local split_lock_detect user_shstk avx_vnni avx512_bf16 wbnoinvd dtherm ida arat pln pts vnmi avx512vbmi umip pku ospke waitpkg avx512_vbmi2 gfni vaes vpclmulqdq avx512_vnni avx512_bitalg avx512_vpopcntdq la57 rdpid bus_lock_detect cldemote movdiri movdir64b enqcmd fsrm md_clear serialize tsxldtrk pconfig arch_lbr ibt amx_bf16 avx512_fp16 amx_tile amx_int8 flush_l1d arch_capabilities
vmx flags	: vnmi preemption_timer posted_intr invvpid ept_x_only ept_ad ept_1gb ept_5level flexpriority apicv tsc_offset vtpr mtf vapic ept vpid unrestricted_guest vapic_reg vid ple shadow_vmcs pml ept_violation_ve ept_mode_based_exec tsc_scaling usr_wait_pause notify_vm_exiting ipi_virt
bugs		: spectre_v1 spectre_v2 spec_store_bypass swapgs eibrs_pbrsb bhi spectre_v2_user old_microcode vmscape
bogomips	: 4000.00
clflush size	: 64
cache_alignment	: 64
address sizes	: 46 bits physical, 57 bits virtual
power management:

processor	: 48
vendor_id	: GenuineIntel
cpu family	: 6
model		: 143
model name	: Intel(R) Xeon(R) Platinum 8480+
stepping	: 8
microcode	: 0x2b000639
cpu MHz		: 3800.000
cache size	: 107520 KB
physical id	: 0
siblings	: 56
core id		: 10
cpu cores	: 56
apicid		: 20
initial apicid	: 20
fpu		: yes
fpu_exception	: yes
cpuid level	: 32
wp		: yes
flags		: fpu vme de pse tsc msr pae mce cx8 apic sep mtrr pge mca cmov pat pse36 clflush dts acpi mmx fxsr sse sse2 ss ht tm pbe syscall nx pdpe1gb rdtscp lm constant_tsc art arch_perfmon pebs bts rep_good nopl xtopology nonstop_tsc cpuid aperfmperf tsc_known_freq pni pclmulqdq dtes64 monitor ds_cpl vmx smx est tm2 ssse3 sdbg fma cx16 xtpr pdcm pcid dca sse4_1 sse4_2 x2apic movbe popcnt tsc_deadline_timer aes xsave avx f16c rdrand lahf_lm abm 3dnowprefetch cpuid_fault epb cat_l3 cat_l2 cdp_l3 cdp_l2 ssbd mba ibrs ibpb stibp ibrs_enhanced tpr_shadow flexpriority ept vpid ept_ad fsgsbase tsc_adjust bmi1 avx2 smep bmi2 erms invpcid cqm rdt_a avx512f avx512dq rdseed adx smap avx512ifma clflushopt clwb intel_pt avx512cd sha_ni avx512bw avx512vl xsaveopt xsavec xgetbv1 xsaves cqm_llc cqm_occup_llc cqm_mbm_total cqm_mbm_local split_lock_detect user_shstk avx_vnni avx512_bf16 wbnoinvd dtherm ida arat pln pts vnmi avx512vbmi umip pku ospke waitpkg avx512_vbmi2 gfni vaes vpclmulqdq avx512_vnni avx512_bitalg avx512_vpopcntdq la57 rdpid bus_lock_detect cldemote movdiri movdir64b enqcmd fsrm md_clear serialize tsxldtrk pconfig arch_lbr ibt amx_bf16 avx512_fp16 amx_tile amx_int8 flush_l1d arch_capabilities
vmx flags	: vnmi preemption_timer posted_intr invvpid ept_x_only ept_ad ept_1gb ept_5level flexpriority apicv tsc_offset vtpr mtf vapic ept vpid unrestricted_guest vapic_reg vid ple shadow_vmcs pml ept_violation_ve ept_mode_based_exec tsc_scaling usr_wait_pause notify_vm_exiting ipi_virt
bugs		: spectre_v1 spectre_v2 spec_store_bypass swapgs eibrs_pbrsb bhi spectre_v2_user old_microcode vmscape
bogomips	: 4000.00
clflush size	: 64
cache_alignment	: 64
address sizes	: 46 bits physical, 57 bits virtual
power management:

processor	: 49
vendor_id	: GenuineIntel
cpu family	: 6
model		: 143
model name	: Intel(R) Xeon(R) Platinum 8480+
stepping	: 8
microcode	: 0x2b000639
cpu MHz		: 3800.000
cache size	: 107520 KB
physical id	: 1
siblings	: 56
core id		: 11
cpu cores	: 56
apicid		: 150
initial apicid	: 150
fpu		: yes
fpu_exception	: yes
cpuid level	: 32
wp		: yes
flags		: fpu vme de pse tsc msr pae mce cx8 apic sep mtrr pge mca cmov pat pse36 clflush dts acpi mmx fxsr sse sse2 ss ht tm pbe syscall nx pdpe1gb rdtscp lm constant_tsc art arch_perfmon pebs bts rep_good nopl xtopology nonstop_tsc cpuid aperfmperf tsc_known_freq pni pclmulqdq dtes64 monitor ds_cpl vmx smx est tm2 ssse3 sdbg fma cx16 xtpr pdcm pcid dca sse4_1 sse4_2 x2apic movbe popcnt tsc_deadline_timer aes xsave avx f16c rdrand lahf_lm abm 3dnowprefetch cpuid_fault epb cat_l3 cat_l2 cdp_l3 cdp_l2 ssbd mba ibrs ibpb stibp ibrs_enhanced tpr_shadow flexpriority ept vpid ept_ad fsgsbase tsc_adjust bmi1 avx2 smep bmi2 erms invpcid cqm rdt_a avx512f avx512dq rdseed adx smap avx512ifma clflushopt clwb intel_pt avx512cd sha_ni avx512bw avx512vl xsaveopt xsavec xgetbv1 xsaves cqm_llc cqm_occup_llc cqm_mbm_total cqm_mbm_local split_lock_detect user_shstk avx_vnni avx512_bf16 wbnoinvd dtherm ida arat pln pts vnmi avx512vbmi umip pku ospke waitpkg avx512_vbmi2 gfni vaes vpclmulqdq avx512_vnni avx512_bitalg avx512_vpopcntdq la57 rdpid bus_lock_detect cldemote movdiri movdir64b enqcmd fsrm md_clear serialize tsxldtrk pconfig arch_lbr ibt amx_bf16 avx512_fp16 amx_tile amx_int8 flush_l1d arch_capabilities
vmx flags	: vnmi preemption_timer posted_intr invvpid ept_x_only ept_ad ept_1gb ept_5level flexpriority apicv tsc_offset vtpr mtf vapic ept vpid unrestricted_guest vapic_reg vid ple shadow_vmcs pml ept_violation_ve ept_mode_based_exec tsc_scaling usr_wait_pause notify_vm_exiting ipi_virt
bugs		: spectre_v1 spectre_v2 spec_store_bypass swapgs eibrs_pbrsb bhi spectre_v2_user old_microcode vmscape
bogomips	: 4000.00
clflush size	: 64
cache_alignment	: 64
address sizes	: 46 bits physical, 57 bits virtual
power management:

processor	: 50
vendor_id	: GenuineIntel
cpu family	: 6
model		: 143
model name	: Intel(R) Xeon(R) Platinum 8480+
stepping	: 8
microcode	: 0x2b000639
cpu MHz		: 3800.000
cache size	: 107520 KB
physical id	: 0
siblings	: 56
core id		: 29
cpu cores	: 56
apicid		: 58
initial apicid	: 58
fpu		: yes
fpu_exception	: yes
cpuid level	: 32
wp		: yes
flags		: fpu vme de pse tsc msr pae mce cx8 apic sep mtrr pge mca cmov pat pse36 clflush dts acpi mmx fxsr sse sse2 ss ht tm pbe syscall nx pdpe1gb rdtscp lm constant_tsc art arch_perfmon pebs bts rep_good nopl xtopology nonstop_tsc cpuid aperfmperf tsc_known_freq pni pclmulqdq dtes64 monitor ds_cpl vmx smx est tm2 ssse3 sdbg fma cx16 xtpr pdcm pcid dca sse4_1 sse4_2 x2apic movbe popcnt tsc_deadline_timer aes xsave avx f16c rdrand lahf_lm abm 3dnowprefetch cpuid_fault epb cat_l3 cat_l2 cdp_l3 cdp_l2 ssbd mba ibrs ibpb stibp ibrs_enhanced tpr_shadow flexpriority ept vpid ept_ad fsgsbase tsc_adjust bmi1 avx2 smep bmi2 erms invpcid cqm rdt_a avx512f avx512dq rdseed adx smap avx512ifma clflushopt clwb intel_pt avx512cd sha_ni avx512bw avx512vl xsaveopt xsavec xgetbv1 xsaves cqm_llc cqm_occup_llc cqm_mbm_total cqm_mbm_local split_lock_detect user_shstk avx_vnni avx512_bf16 wbnoinvd dtherm ida arat pln pts vnmi avx512vbmi umip pku ospke waitpkg avx512_vbmi2 gfni vaes vpclmulqdq avx512_vnni avx512_bitalg avx512_vpopcntdq la57 rdpid bus_lock_detect cldemote movdiri movdir64b enqcmd fsrm md_clear serialize tsxldtrk pconfig arch_lbr ibt amx_bf16 avx512_fp16 amx_tile amx_int8 flush_l1d arch_capabilities
vmx flags	: vnmi preemption_timer posted_intr invvpid ept_x_only ept_ad ept_1gb ept_5level flexpriority apicv tsc_offset vtpr mtf vapic ept vpid unrestricted_guest vapic_reg vid ple shadow_vmcs pml ept_violation_ve ept_mode_based_exec tsc_scaling usr_wait_pause notify_vm_exiting ipi_virt
bugs		: spectre_v1 spectre_v2 spec_store_bypass swapgs eibrs_pbrsb bhi spectre_v2_user old_microcode vmscape
bogomips	: 4000.00
clflush size	: 64
cache_alignment	: 64
address sizes	: 46 bits physical, 57 bits virtual
power management:

processor	: 51
vendor_id	: GenuineIntel
cpu family	: 6
model		: 143
model name	: Intel(R) Xeon(R) Platinum 8480+
stepping	: 8
microcode	: 0x2b000639
cpu MHz		: 3800.000
cache size	: 107520 KB
physical id	: 1
siblings	: 56
core id		: 29
cpu cores	: 56
apicid		: 186
initial apicid	: 186
fpu		: yes
fpu_exception	: yes
cpuid level	: 32
wp		: yes
flags		: fpu vme de pse tsc msr pae mce cx8 apic sep mtrr pge mca cmov pat pse36 clflush dts acpi mmx fxsr sse sse2 ss ht tm pbe syscall nx pdpe1gb rdtscp lm constant_tsc art arch_perfmon pebs bts rep_good nopl xtopology nonstop_tsc cpuid aperfmperf tsc_known_freq pni pclmulqdq dtes64 monitor ds_cpl vmx smx est tm2 ssse3 sdbg fma cx16 xtpr pdcm pcid dca sse4_1 sse4_2 x2apic movbe popcnt tsc_deadline_timer aes xsave avx f16c rdrand lahf_lm abm 3dnowprefetch cpuid_fault epb cat_l3 cat_l2 cdp_l3 cdp_l2 ssbd mba ibrs ibpb stibp ibrs_enhanced tpr_shadow flexpriority ept vpid ept_ad fsgsbase tsc_adjust bmi1 avx2 smep bmi2 erms invpcid cqm rdt_a avx512f avx512dq rdseed adx smap avx512ifma clflushopt clwb intel_pt avx512cd sha_ni avx512bw avx512vl xsaveopt xsavec xgetbv1 xsaves cqm_llc cqm_occup_llc cqm_mbm_total cqm_mbm_local split_lock_detect user_shstk avx_vnni avx512_bf16 wbnoinvd dtherm ida arat pln pts vnmi avx512vbmi umip pku ospke waitpkg avx512_vbmi2 gfni vaes vpclmulqdq avx512_vnni avx512_bitalg avx512_vpopcntdq la57 rdpid bus_lock_detect cldemote movdiri movdir64b enqcmd fsrm md_clear serialize tsxldtrk pconfig arch_lbr ibt amx_bf16 avx512_fp16 amx_tile amx_int8 flush_l1d arch_capabilities
vmx flags	: vnmi preemption_timer posted_intr invvpid ept_x_only ept_ad ept_1gb ept_5level flexpriority apicv tsc_offset vtpr mtf vapic ept vpid unrestricted_guest vapic_reg vid ple shadow_vmcs pml ept_violation_ve ept_mode_based_exec tsc_scaling usr_wait_pause notify_vm_exiting ipi_virt
bugs		: spectre_v1 spectre_v2 spec_store_bypass swapgs eibrs_pbrsb bhi spectre_v2_user old_microcode vmscape
bogomips	: 4000.00
clflush size	: 64
cache_alignment	: 64
address sizes	: 46 bits physical, 57 bits virtual
power management:

processor	: 52
vendor_id	: GenuineIntel
cpu family	: 6
model		: 143
model name	: Intel(R) Xeon(R) Platinum 8480+
stepping	: 8
microcode	: 0x2b000639
cpu MHz		: 3800.000
cache size	: 107520 KB
physical id	: 0
siblings	: 56
core id		: 14
cpu cores	: 56
apicid		: 28
initial apicid	: 28
fpu		: yes
fpu_exception	: yes
cpuid level	: 32
wp		: yes
flags		: fpu vme de pse tsc msr pae mce cx8 apic sep mtrr pge mca cmov pat pse36 clflush dts acpi mmx fxsr sse sse2 ss ht tm pbe syscall nx pdpe1gb rdtscp lm constant_tsc art arch_perfmon pebs bts rep_good nopl xtopology nonstop_tsc cpuid aperfmperf tsc_known_freq pni pclmulqdq dtes64 monitor ds_cpl vmx smx est tm2 ssse3 sdbg fma cx16 xtpr pdcm pcid dca sse4_1 sse4_2 x2apic movbe popcnt tsc_deadline_timer aes xsave avx f16c rdrand lahf_lm abm 3dnowprefetch cpuid_fault epb cat_l3 cat_l2 cdp_l3 cdp_l2 ssbd mba ibrs ibpb stibp ibrs_enhanced tpr_shadow flexpriority ept vpid ept_ad fsgsbase tsc_adjust bmi1 avx2 smep bmi2 erms invpcid cqm rdt_a avx512f avx512dq rdseed adx smap avx512ifma clflushopt clwb intel_pt avx512cd sha_ni avx512bw avx512vl xsaveopt xsavec xgetbv1 xsaves cqm_llc cqm_occup_llc cqm_mbm_total cqm_mbm_local split_lock_detect user_shstk avx_vnni avx512_bf16 wbnoinvd dtherm ida arat pln pts vnmi avx512vbmi umip pku ospke waitpkg avx512_vbmi2 gfni vaes vpclmulqdq avx512_vnni avx512_bitalg avx512_vpopcntdq la57 rdpid bus_lock_detect cldemote movdiri movdir64b enqcmd fsrm md_clear serialize tsxldtrk pconfig arch_lbr ibt amx_bf16 avx512_fp16 amx_tile amx_int8 flush_l1d arch_capabilities
vmx flags	: vnmi preemption_timer posted_intr invvpid ept_x_only ept_ad ept_1gb ept_5level flexpriority apicv tsc_offset vtpr mtf vapic ept vpid unrestricted_guest vapic_reg vid ple shadow_vmcs pml ept_violation_ve ept_mode_based_exec tsc_scaling usr_wait_pause notify_vm_exiting ipi_virt
bugs		: spectre_v1 spectre_v2 spec_store_bypass swapgs eibrs_pbrsb bhi spectre_v2_user old_microcode vmscape
bogomips	: 4000.00
clflush size	: 64
cache_alignment	: 64
address sizes	: 46 bits physical, 57 bits virtual
power management:

processor	: 53
vendor_id	: GenuineIntel
cpu family	: 6
model		: 143
model name	: Intel(R) Xeon(R) Platinum 8480+
stepping	: 8
microcode	: 0x2b000639
cpu MHz		: 3800.000
cache size	: 107520 KB
physical id	: 1
siblings	: 56
core id		: 14
cpu cores	: 56
apicid		: 156
initial apicid	: 156
fpu		: yes
fpu_exception	: yes
cpuid level	: 32
wp		: yes
flags		: fpu vme de pse tsc msr pae mce cx8 apic sep mtrr pge mca cmov pat pse36 clflush dts acpi mmx fxsr sse sse2 ss ht tm pbe syscall nx pdpe1gb rdtscp lm constant_tsc art arch_perfmon pebs bts rep_good nopl xtopology nonstop_tsc cpuid aperfmperf tsc_known_freq pni pclmulqdq dtes64 monitor ds_cpl vmx smx est tm2 ssse3 sdbg fma cx16 xtpr pdcm pcid dca sse4_1 sse4_2 x2apic movbe popcnt tsc_deadline_timer aes xsave avx f16c rdrand lahf_lm abm 3dnowprefetch cpuid_fault epb cat_l3 cat_l2 cdp_l3 cdp_l2 ssbd mba ibrs ibpb stibp ibrs_enhanced tpr_shadow flexpriority ept vpid ept_ad fsgsbase tsc_adjust bmi1 avx2 smep bmi2 erms invpcid cqm rdt_a avx512f avx512dq rdseed adx smap avx512ifma clflushopt clwb intel_pt avx512cd sha_ni avx512bw avx512vl xsaveopt xsavec xgetbv1 xsaves cqm_llc cqm_occup_llc cqm_mbm_total cqm_mbm_local split_lock_detect user_shstk avx_vnni avx512_bf16 wbnoinvd dtherm ida arat pln pts vnmi avx512vbmi umip pku ospke waitpkg avx512_vbmi2 gfni vaes vpclmulqdq avx512_vnni avx512_bitalg avx512_vpopcntdq la57 rdpid bus_lock_detect cldemote movdiri movdir64b enqcmd fsrm md_clear serialize tsxldtrk pconfig arch_lbr ibt amx_bf16 avx512_fp16 amx_tile amx_int8 flush_l1d arch_capabilities
vmx flags	: vnmi preemption_timer posted_intr invvpid ept_x_only ept_ad ept_1gb ept_5level flexpriority apicv tsc_offset vtpr mtf vapic ept vpid unrestricted_guest vapic_reg vid ple shadow_vmcs pml ept_violation_ve ept_mode_based_exec tsc_scaling usr_wait_pause notify_vm_exiting ipi_virt
bugs		: spectre_v1 spectre_v2 spec_store_bypass swapgs eibrs_pbrsb bhi spectre_v2_user old_microcode vmscape
bogomips	: 4000.00
clflush size	: 64
cache_alignment	: 64
address sizes	: 46 bits physical, 57 bits virtual
power management:

processor	: 54
vendor_id	: GenuineIntel
cpu family	: 6
model		: 143
model name	: Intel(R) Xeon(R) Platinum 8480+
stepping	: 8
microcode	: 0x2b000639
cpu MHz		: 3800.000
cache size	: 107520 KB
physical id	: 0
siblings	: 56
core id		: 53
cpu cores	: 56
apicid		: 106
initial apicid	: 106
fpu		: yes
fpu_exception	: yes
cpuid level	: 32
wp		: yes
flags		: fpu vme de pse tsc msr pae mce cx8 apic sep mtrr pge mca cmov pat pse36 clflush dts acpi mmx fxsr sse sse2 ss ht tm pbe syscall nx pdpe1gb rdtscp lm constant_tsc art arch_perfmon pebs bts rep_good nopl xtopology nonstop_tsc cpuid aperfmperf tsc_known_freq pni pclmulqdq dtes64 monitor ds_cpl vmx smx est tm2 ssse3 sdbg fma cx16 xtpr pdcm pcid dca sse4_1 sse4_2 x2apic movbe popcnt tsc_deadline_timer aes xsave avx f16c rdrand lahf_lm abm 3dnowprefetch cpuid_fault epb cat_l3 cat_l2 cdp_l3 cdp_l2 ssbd mba ibrs ibpb stibp ibrs_enhanced tpr_shadow flexpriority ept vpid ept_ad fsgsbase tsc_adjust bmi1 avx2 smep bmi2 erms invpcid cqm rdt_a avx512f avx512dq rdseed adx smap avx512ifma clflushopt clwb intel_pt avx512cd sha_ni avx512bw avx512vl xsaveopt xsavec xgetbv1 xsaves cqm_llc cqm_occup_llc cqm_mbm_total cqm_mbm_local split_lock_detect user_shstk avx_vnni avx512_bf16 wbnoinvd dtherm ida arat pln pts vnmi avx512vbmi umip pku ospke waitpkg avx512_vbmi2 gfni vaes vpclmulqdq avx512_vnni avx512_bitalg avx512_vpopcntdq la57 rdpid bus_lock_detect cldemote movdiri movdir64b enqcmd fsrm md_clear serialize tsxldtrk pconfig arch_lbr ibt amx_bf16 avx512_fp16 amx_tile amx_int8 flush_l1d arch_capabilities
vmx flags	: vnmi preemption_timer posted_intr invvpid ept_x_only ept_ad ept_1gb ept_5level flexpriority apicv tsc_offset vtpr mtf vapic ept vpid unrestricted_guest vapic_reg vid ple shadow_vmcs pml ept_violation_ve ept_mode_based_exec tsc_scaling usr_wait_pause notify_vm_exiting ipi_virt
bugs		: spectre_v1 spectre_v2 spec_store_bypass swapgs eibrs_pbrsb bhi spectre_v2_user old_microcode vmscape
bogomips	: 4000.00
clflush size	: 64
cache_alignment	: 64
address sizes	: 46 bits physical, 57 bits virtual
power management:

processor	: 55
vendor_id	: GenuineIntel
cpu family	: 6
model		: 143
model name	: Intel(R) Xeon(R) Platinum 8480+
stepping	: 8
microcode	: 0x2b000639
cpu MHz		: 2961.117
cache size	: 107520 KB
physical id	: 1
siblings	: 56
core id		: 53
cpu cores	: 56
apicid		: 234
initial apicid	: 234
fpu		: yes
fpu_exception	: yes
cpuid level	: 32
wp		: yes
flags		: fpu vme de pse tsc msr pae mce cx8 apic sep mtrr pge mca cmov pat pse36 clflush dts acpi mmx fxsr sse sse2 ss ht tm pbe syscall nx pdpe1gb rdtscp lm constant_tsc art arch_perfmon pebs bts rep_good nopl xtopology nonstop_tsc cpuid aperfmperf tsc_known_freq pni pclmulqdq dtes64 monitor ds_cpl vmx smx est tm2 ssse3 sdbg fma cx16 xtpr pdcm pcid dca sse4_1 sse4_2 x2apic movbe popcnt tsc_deadline_timer aes xsave avx f16c rdrand lahf_lm abm 3dnowprefetch cpuid_fault epb cat_l3 cat_l2 cdp_l3 cdp_l2 ssbd mba ibrs ibpb stibp ibrs_enhanced tpr_shadow flexpriority ept vpid ept_ad fsgsbase tsc_adjust bmi1 avx2 smep bmi2 erms invpcid cqm rdt_a avx512f avx512dq rdseed adx smap avx512ifma clflushopt clwb intel_pt avx512cd sha_ni avx512bw avx512vl xsaveopt xsavec xgetbv1 xsaves cqm_llc cqm_occup_llc cqm_mbm_total cqm_mbm_local split_lock_detect user_shstk avx_vnni avx512_bf16 wbnoinvd dtherm ida arat pln pts vnmi avx512vbmi umip pku ospke waitpkg avx512_vbmi2 gfni vaes vpclmulqdq avx512_vnni avx512_bitalg avx512_vpopcntdq la57 rdpid bus_lock_detect cldemote movdiri movdir64b enqcmd fsrm md_clear serialize tsxldtrk pconfig arch_lbr ibt amx_bf16 avx512_fp16 amx_tile amx_int8 flush_l1d arch_capabilities
vmx flags	: vnmi preemption_timer posted_intr invvpid ept_x_only ept_ad ept_1gb ept_5level flexpriority apicv tsc_offset vtpr mtf vapic ept vpid unrestricted_guest vapic_reg vid ple shadow_vmcs pml ept_violation_ve ept_mode_based_exec tsc_scaling usr_wait_pause notify_vm_exiting ipi_virt
bugs		: spectre_v1 spectre_v2 spec_store_bypass swapgs eibrs_pbrsb bhi spectre_v2_user old_microcode vmscape
bogomips	: 4000.00
clflush size	: 64
cache_alignment	: 64
address sizes	: 46 bits physical, 57 bits virtual
power management:

processor	: 56
vendor_id	: GenuineIntel
cpu family	: 6
model		: 143
model name	: Intel(R) Xeon(R) Platinum 8480+
stepping	: 8
microcode	: 0x2b000639
cpu MHz		: 3800.000
cache size	: 107520 KB
physical id	: 0
siblings	: 56
core id		: 2
cpu cores	: 56
apicid		: 4
initial apicid	: 4
fpu		: yes
fpu_exception	: yes
cpuid level	: 32
wp		: yes
flags		: fpu vme de pse tsc msr pae mce cx8 apic sep mtrr pge mca cmov pat pse36 clflush dts acpi mmx fxsr sse sse2 ss ht tm pbe syscall nx pdpe1gb rdtscp lm constant_tsc art arch_perfmon pebs bts rep_good nopl xtopology nonstop_tsc cpuid aperfmperf tsc_known_freq pni pclmulqdq dtes64 monitor ds_cpl vmx smx est tm2 ssse3 sdbg fma cx16 xtpr pdcm pcid dca sse4_1 sse4_2 x2apic movbe popcnt tsc_deadline_timer aes xsave avx f16c rdrand lahf_lm abm 3dnowprefetch cpuid_fault epb cat_l3 cat_l2 cdp_l3 cdp_l2 ssbd mba ibrs ibpb stibp ibrs_enhanced tpr_shadow flexpriority ept vpid ept_ad fsgsbase tsc_adjust bmi1 avx2 smep bmi2 erms invpcid cqm rdt_a avx512f avx512dq rdseed adx smap avx512ifma clflushopt clwb intel_pt avx512cd sha_ni avx512bw avx512vl xsaveopt xsavec xgetbv1 xsaves cqm_llc cqm_occup_llc cqm_mbm_total cqm_mbm_local split_lock_detect user_shstk avx_vnni avx512_bf16 wbnoinvd dtherm ida arat pln pts vnmi avx512vbmi umip pku ospke waitpkg avx512_vbmi2 gfni vaes vpclmulqdq avx512_vnni avx512_bitalg avx512_vpopcntdq la57 rdpid bus_lock_detect cldemote movdiri movdir64b enqcmd fsrm md_clear serialize tsxldtrk pconfig arch_lbr ibt amx_bf16 avx512_fp16 amx_tile amx_int8 flush_l1d arch_capabilities
vmx flags	: vnmi preemption_timer posted_intr invvpid ept_x_only ept_ad ept_1gb ept_5level flexpriority apicv tsc_offset vtpr mtf vapic ept vpid unrestricted_guest vapic_reg vid ple shadow_vmcs pml ept_violation_ve ept_mode_based_exec tsc_scaling usr_wait_pause notify_vm_exiting ipi_virt
bugs		: spectre_v1 spectre_v2 spec_store_bypass swapgs eibrs_pbrsb bhi spectre_v2_user old_microcode vmscape
bogomips	: 4000.00
clflush size	: 64
cache_alignment	: 64
address sizes	: 46 bits physical, 57 bits virtual
power management:

processor	: 57
vendor_id	: GenuineIntel
cpu family	: 6
model		: 143
model name	: Intel(R) Xeon(R) Platinum 8480+
stepping	: 8
microcode	: 0x2b000639
cpu MHz		: 3800.000
cache size	: 107520 KB
physical id	: 1
siblings	: 56
core id		: 2
cpu cores	: 56
apicid		: 132
initial apicid	: 132
fpu		: yes
fpu_exception	: yes
cpuid level	: 32
wp		: yes
flags		: fpu vme de pse tsc msr pae mce cx8 apic sep mtrr pge mca cmov pat pse36 clflush dts acpi mmx fxsr sse sse2 ss ht tm pbe syscall nx pdpe1gb rdtscp lm constant_tsc art arch_perfmon pebs bts rep_good nopl xtopology nonstop_tsc cpuid aperfmperf tsc_known_freq pni pclmulqdq dtes64 monitor ds_cpl vmx smx est tm2 ssse3 sdbg fma cx16 xtpr pdcm pcid dca sse4_1 sse4_2 x2apic movbe popcnt tsc_deadline_timer aes xsave avx f16c rdrand lahf_lm abm 3dnowprefetch cpuid_fault epb cat_l3 cat_l2 cdp_l3 cdp_l2 ssbd mba ibrs ibpb stibp ibrs_enhanced tpr_shadow flexpriority ept vpid ept_ad fsgsbase tsc_adjust bmi1 avx2 smep bmi2 erms invpcid cqm rdt_a avx512f avx512dq rdseed adx smap avx512ifma clflushopt clwb intel_pt avx512cd sha_ni avx512bw avx512vl xsaveopt xsavec xgetbv1 xsaves cqm_llc cqm_occup_llc cqm_mbm_total cqm_mbm_local split_lock_detect user_shstk avx_vnni avx512_bf16 wbnoinvd dtherm ida arat pln pts vnmi avx512vbmi umip pku ospke waitpkg avx512_vbmi2 gfni vaes vpclmulqdq avx512_vnni avx512_bitalg avx512_vpopcntdq la57 rdpid bus_lock_detect cldemote movdiri movdir64b enqcmd fsrm md_clear serialize tsxldtrk pconfig arch_lbr ibt amx_bf16 avx512_fp16 amx_tile amx_int8 flush_l1d arch_capabilities
vmx flags	: vnmi preemption_timer posted_intr invvpid ept_x_only ept_ad ept_1gb ept_5level flexpriority apicv tsc_offset vtpr mtf vapic ept vpid unrestricted_guest vapic_reg vid ple shadow_vmcs pml ept_violation_ve ept_mode_based_exec tsc_scaling usr_wait_pause notify_vm_exiting ipi_virt
bugs		: spectre_v1 spectre_v2 spec_store_bypass swapgs eibrs_pbrsb bhi spectre_v2_user old_microcode vmscape
bogomips	: 4000.00
clflush size	: 64
cache_alignment	: 64
address sizes	: 46 bits physical, 57 bits virtual
power management:

processor	: 58
vendor_id	: GenuineIntel
cpu family	: 6
model		: 143
model name	: Intel(R) Xeon(R) Platinum 8480+
stepping	: 8
microcode	: 0x2b000639
cpu MHz		: 3800.000
cache size	: 107520 KB
physical id	: 0
siblings	: 56
core id		: 32
cpu cores	: 56
apicid		: 64
initial apicid	: 64
fpu		: yes
fpu_exception	: yes
cpuid level	: 32
wp		: yes
flags		: fpu vme de pse tsc msr pae mce cx8 apic sep mtrr pge mca cmov pat pse36 clflush dts acpi mmx fxsr sse sse2 ss ht tm pbe syscall nx pdpe1gb rdtscp lm constant_tsc art arch_perfmon pebs bts rep_good nopl xtopology nonstop_tsc cpuid aperfmperf tsc_known_freq pni pclmulqdq dtes64 monitor ds_cpl vmx smx est tm2 ssse3 sdbg fma cx16 xtpr pdcm pcid dca sse4_1 sse4_2 x2apic movbe popcnt tsc_deadline_timer aes xsave avx f16c rdrand lahf_lm abm 3dnowprefetch cpuid_fault epb cat_l3 cat_l2 cdp_l3 cdp_l2 ssbd mba ibrs ibpb stibp ibrs_enhanced tpr_shadow flexpriority ept vpid ept_ad fsgsbase tsc_adjust bmi1 avx2 smep bmi2 erms invpcid cqm rdt_a avx512f avx512dq rdseed adx smap avx512ifma clflushopt clwb intel_pt avx512cd sha_ni avx512bw avx512vl xsaveopt xsavec xgetbv1 xsaves cqm_llc cqm_occup_llc cqm_mbm_total cqm_mbm_local split_lock_detect user_shstk avx_vnni avx512_bf16 wbnoinvd dtherm ida arat pln pts vnmi avx512vbmi umip pku ospke waitpkg avx512_vbmi2 gfni vaes vpclmulqdq avx512_vnni avx512_bitalg avx512_vpopcntdq la57 rdpid bus_lock_detect cldemote movdiri movdir64b enqcmd fsrm md_clear serialize tsxldtrk pconfig arch_lbr ibt amx_bf16 avx512_fp16 amx_tile amx_int8 flush_l1d arch_capabilities
vmx flags	: vnmi preemption_timer posted_intr invvpid ept_x_only ept_ad ept_1gb ept_5level flexpriority apicv tsc_offset vtpr mtf vapic ept vpid unrestricted_guest vapic_reg vid ple shadow_vmcs pml ept_violation_ve ept_mode_based_exec tsc_scaling usr_wait_pause notify_vm_exiting ipi_virt
bugs		: spectre_v1 spectre_v2 spec_store_bypass swapgs eibrs_pbrsb bhi spectre_v2_user old_microcode vmscape
bogomips	: 4000.00
clflush size	: 64
cache_alignment	: 64
address sizes	: 46 bits physical, 57 bits virtual
power management:

processor	: 59
vendor_id	: GenuineIntel
cpu family	: 6
model		: 143
model name	: Intel(R) Xeon(R) Platinum 8480+
stepping	: 8
microcode	: 0x2b000639
cpu MHz		: 3800.000
cache size	: 107520 KB
physical id	: 1
siblings	: 56
core id		: 32
cpu cores	: 56
apicid		: 192
initial apicid	: 192
fpu		: yes
fpu_exception	: yes
cpuid level	: 32
wp		: yes
flags		: fpu vme de pse tsc msr pae mce cx8 apic sep mtrr pge mca cmov pat pse36 clflush dts acpi mmx fxsr sse sse2 ss ht tm pbe syscall nx pdpe1gb rdtscp lm constant_tsc art arch_perfmon pebs bts rep_good nopl xtopology nonstop_tsc cpuid aperfmperf tsc_known_freq pni pclmulqdq dtes64 monitor ds_cpl vmx smx est tm2 ssse3 sdbg fma cx16 xtpr pdcm pcid dca sse4_1 sse4_2 x2apic movbe popcnt tsc_deadline_timer aes xsave avx f16c rdrand lahf_lm abm 3dnowprefetch cpuid_fault epb cat_l3 cat_l2 cdp_l3 cdp_l2 ssbd mba ibrs ibpb stibp ibrs_enhanced tpr_shadow flexpriority ept vpid ept_ad fsgsbase tsc_adjust bmi1 avx2 smep bmi2 erms invpcid cqm rdt_a avx512f avx512dq rdseed adx smap avx512ifma clflushopt clwb intel_pt avx512cd sha_ni avx512bw avx512vl xsaveopt xsavec xgetbv1 xsaves cqm_llc cqm_occup_llc cqm_mbm_total cqm_mbm_local split_lock_detect user_shstk avx_vnni avx512_bf16 wbnoinvd dtherm ida arat pln pts vnmi avx512vbmi umip pku ospke waitpkg avx512_vbmi2 gfni vaes vpclmulqdq avx512_vnni avx512_bitalg avx512_vpopcntdq la57 rdpid bus_lock_detect cldemote movdiri movdir64b enqcmd fsrm md_clear serialize tsxldtrk pconfig arch_lbr ibt amx_bf16 avx512_fp16 amx_tile amx_int8 flush_l1d arch_capabilities
vmx flags	: vnmi preemption_timer posted_intr invvpid ept_x_only ept_ad ept_1gb ept_5level flexpriority apicv tsc_offset vtpr mtf vapic ept vpid unrestricted_guest vapic_reg vid ple shadow_vmcs pml ept_violation_ve ept_mode_based_exec tsc_scaling usr_wait_pause notify_vm_exiting ipi_virt
bugs		: spectre_v1 spectre_v2 spec_store_bypass swapgs eibrs_pbrsb bhi spectre_v2_user old_microcode vmscape
bogomips	: 4000.00
clflush size	: 64
cache_alignment	: 64
address sizes	: 46 bits physical, 57 bits virtual
power management:

processor	: 60
vendor_id	: GenuineIntel
cpu family	: 6
model		: 143
model name	: Intel(R) Xeon(R) Platinum 8480+
stepping	: 8
microcode	: 0x2b000639
cpu MHz		: 3000.030
cache size	: 107520 KB
physical id	: 0
siblings	: 56
core id		: 26
cpu cores	: 56
apicid		: 52
initial apicid	: 52
fpu		: yes
fpu_exception	: yes
cpuid level	: 32
wp		: yes
flags		: fpu vme de pse tsc msr pae mce cx8 apic sep mtrr pge mca cmov pat pse36 clflush dts acpi mmx fxsr sse sse2 ss ht tm pbe syscall nx pdpe1gb rdtscp lm constant_tsc art arch_perfmon pebs bts rep_good nopl xtopology nonstop_tsc cpuid aperfmperf tsc_known_freq pni pclmulqdq dtes64 monitor ds_cpl vmx smx est tm2 ssse3 sdbg fma cx16 xtpr pdcm pcid dca sse4_1 sse4_2 x2apic movbe popcnt tsc_deadline_timer aes xsave avx f16c rdrand lahf_lm abm 3dnowprefetch cpuid_fault epb cat_l3 cat_l2 cdp_l3 cdp_l2 ssbd mba ibrs ibpb stibp ibrs_enhanced tpr_shadow flexpriority ept vpid ept_ad fsgsbase tsc_adjust bmi1 avx2 smep bmi2 erms invpcid cqm rdt_a avx512f avx512dq rdseed adx smap avx512ifma clflushopt clwb intel_pt avx512cd sha_ni avx512bw avx512vl xsaveopt xsavec xgetbv1 xsaves cqm_llc cqm_occup_llc cqm_mbm_total cqm_mbm_local split_lock_detect user_shstk avx_vnni avx512_bf16 wbnoinvd dtherm ida arat pln pts vnmi avx512vbmi umip pku ospke waitpkg avx512_vbmi2 gfni vaes vpclmulqdq avx512_vnni avx512_bitalg avx512_vpopcntdq la57 rdpid bus_lock_detect cldemote movdiri movdir64b enqcmd fsrm md_clear serialize tsxldtrk pconfig arch_lbr ibt amx_bf16 avx512_fp16 amx_tile amx_int8 flush_l1d arch_capabilities
vmx flags	: vnmi preemption_timer posted_intr invvpid ept_x_only ept_ad ept_1gb ept_5level flexpriority apicv tsc_offset vtpr mtf vapic ept vpid unrestricted_guest vapic_reg vid ple shadow_vmcs pml ept_violation_ve ept_mode_based_exec tsc_scaling usr_wait_pause notify_vm_exiting ipi_virt
bugs		: spectre_v1 spectre_v2 spec_store_bypass swapgs eibrs_pbrsb bhi spectre_v2_user old_microcode vmscape
bogomips	: 4000.00
clflush size	: 64
cache_alignment	: 64
address sizes	: 46 bits physical, 57 bits virtual
power management:

processor	: 61
vendor_id	: GenuineIntel
cpu family	: 6
model		: 143
model name	: Intel(R) Xeon(R) Platinum 8480+
stepping	: 8
microcode	: 0x2b000639
cpu MHz		: 3800.000
cache size	: 107520 KB
physical id	: 1
siblings	: 56
core id		: 26
cpu cores	: 56
apicid		: 180
initial apicid	: 180
fpu		: yes
fpu_exception	: yes
cpuid level	: 32
wp		: yes
flags		: fpu vme de pse tsc msr pae mce cx8 apic sep mtrr pge mca cmov pat pse36 clflush dts acpi mmx fxsr sse sse2 ss ht tm pbe syscall nx pdpe1gb rdtscp lm constant_tsc art arch_perfmon pebs bts rep_good nopl xtopology nonstop_tsc cpuid aperfmperf tsc_known_freq pni pclmulqdq dtes64 monitor ds_cpl vmx smx est tm2 ssse3 sdbg fma cx16 xtpr pdcm pcid dca sse4_1 sse4_2 x2apic movbe popcnt tsc_deadline_timer aes xsave avx f16c rdrand lahf_lm abm 3dnowprefetch cpuid_fault epb cat_l3 cat_l2 cdp_l3 cdp_l2 ssbd mba ibrs ibpb stibp ibrs_enhanced tpr_shadow flexpriority ept vpid ept_ad fsgsbase tsc_adjust bmi1 avx2 smep bmi2 erms invpcid cqm rdt_a avx512f avx512dq rdseed adx smap avx512ifma clflushopt clwb intel_pt avx512cd sha_ni avx512bw avx512vl xsaveopt xsavec xgetbv1 xsaves cqm_llc cqm_occup_llc cqm_mbm_total cqm_mbm_local split_lock_detect user_shstk avx_vnni avx512_bf16 wbnoinvd dtherm ida arat pln pts vnmi avx512vbmi umip pku ospke waitpkg avx512_vbmi2 gfni vaes vpclmulqdq avx512_vnni avx512_bitalg avx512_vpopcntdq la57 rdpid bus_lock_detect cldemote movdiri movdir64b enqcmd fsrm md_clear serialize tsxldtrk pconfig arch_lbr ibt amx_bf16 avx512_fp16 amx_tile amx_int8 flush_l1d arch_capabilities
vmx flags	: vnmi preemption_timer posted_intr invvpid ept_x_only ept_ad ept_1gb ept_5level flexpriority apicv tsc_offset vtpr mtf vapic ept vpid unrestricted_guest vapic_reg vid ple shadow_vmcs pml ept_violation_ve ept_mode_based_exec tsc_scaling usr_wait_pause notify_vm_exiting ipi_virt
bugs		: spectre_v1 spectre_v2 spec_store_bypass swapgs eibrs_pbrsb bhi spectre_v2_user old_microcode vmscape
bogomips	: 4000.00
clflush size	: 64
cache_alignment	: 64
address sizes	: 46 bits physical, 57 bits virtual
power management:

processor	: 62
vendor_id	: GenuineIntel
cpu family	: 6
model		: 143
model name	: Intel(R) Xeon(R) Platinum 8480+
stepping	: 8
microcode	: 0x2b000639
cpu MHz		: 3800.000
cache size	: 107520 KB
physical id	: 0
siblings	: 56
core id		: 50
cpu cores	: 56
apicid		: 100
initial apicid	: 100
fpu		: yes
fpu_exception	: yes
cpuid level	: 32
wp		: yes
flags		: fpu vme de pse tsc msr pae mce cx8 apic sep mtrr pge mca cmov pat pse36 clflush dts acpi mmx fxsr sse sse2 ss ht tm pbe syscall nx pdpe1gb rdtscp lm constant_tsc art arch_perfmon pebs bts rep_good nopl xtopology nonstop_tsc cpuid aperfmperf tsc_known_freq pni pclmulqdq dtes64 monitor ds_cpl vmx smx est tm2 ssse3 sdbg fma cx16 xtpr pdcm pcid dca sse4_1 sse4_2 x2apic movbe popcnt tsc_deadline_timer aes xsave avx f16c rdrand lahf_lm abm 3dnowprefetch cpuid_fault epb cat_l3 cat_l2 cdp_l3 cdp_l2 ssbd mba ibrs ibpb stibp ibrs_enhanced tpr_shadow flexpriority ept vpid ept_ad fsgsbase tsc_adjust bmi1 avx2 smep bmi2 erms invpcid cqm rdt_a avx512f avx512dq rdseed adx smap avx512ifma clflushopt clwb intel_pt avx512cd sha_ni avx512bw avx512vl xsaveopt xsavec xgetbv1 xsaves cqm_llc cqm_occup_llc cqm_mbm_total cqm_mbm_local split_lock_detect user_shstk avx_vnni avx512_bf16 wbnoinvd dtherm ida arat pln pts vnmi avx512vbmi umip pku ospke waitpkg avx512_vbmi2 gfni vaes vpclmulqdq avx512_vnni avx512_bitalg avx512_vpopcntdq la57 rdpid bus_lock_detect cldemote movdiri movdir64b enqcmd fsrm md_clear serialize tsxldtrk pconfig arch_lbr ibt amx_bf16 avx512_fp16 amx_tile amx_int8 flush_l1d arch_capabilities
vmx flags	: vnmi preemption_timer posted_intr invvpid ept_x_only ept_ad ept_1gb ept_5level flexpriority apicv tsc_offset vtpr mtf vapic ept vpid unrestricted_guest vapic_reg vid ple shadow_vmcs pml ept_violation_ve ept_mode_based_exec tsc_scaling usr_wait_pause notify_vm_exiting ipi_virt
bugs		: spectre_v1 spectre_v2 spec_store_bypass swapgs eibrs_pbrsb bhi spectre_v2_user old_microcode vmscape
bogomips	: 4000.00
clflush size	: 64
cache_alignment	: 64
address sizes	: 46 bits physical, 57 bits virtual
power management:

processor	: 63
vendor_id	: GenuineIntel
cpu family	: 6
model		: 143
model name	: Intel(R) Xeon(R) Platinum 8480+
stepping	: 8
microcode	: 0x2b000639
cpu MHz		: 3800.000
cache size	: 107520 KB
physical id	: 1
siblings	: 56
core id		: 49
cpu cores	: 56
apicid		: 226
initial apicid	: 226
fpu		: yes
fpu_exception	: yes
cpuid level	: 32
wp		: yes
flags		: fpu vme de pse tsc msr pae mce cx8 apic sep mtrr pge mca cmov pat pse36 clflush dts acpi mmx fxsr sse sse2 ss ht tm pbe syscall nx pdpe1gb rdtscp lm constant_tsc art arch_perfmon pebs bts rep_good nopl xtopology nonstop_tsc cpuid aperfmperf tsc_known_freq pni pclmulqdq dtes64 monitor ds_cpl vmx smx est tm2 ssse3 sdbg fma cx16 xtpr pdcm pcid dca sse4_1 sse4_2 x2apic movbe popcnt tsc_deadline_timer aes xsave avx f16c rdrand lahf_lm abm 3dnowprefetch cpuid_fault epb cat_l3 cat_l2 cdp_l3 cdp_l2 ssbd mba ibrs ibpb stibp ibrs_enhanced tpr_shadow flexpriority ept vpid ept_ad fsgsbase tsc_adjust bmi1 avx2 smep bmi2 erms invpcid cqm rdt_a avx512f avx512dq rdseed adx smap avx512ifma clflushopt clwb intel_pt avx512cd sha_ni avx512bw avx512vl xsaveopt xsavec xgetbv1 xsaves cqm_llc cqm_occup_llc cqm_mbm_total cqm_mbm_local split_lock_detect user_shstk avx_vnni avx512_bf16 wbnoinvd dtherm ida arat pln pts vnmi avx512vbmi umip pku ospke waitpkg avx512_vbmi2 gfni vaes vpclmulqdq avx512_vnni avx512_bitalg avx512_vpopcntdq la57 rdpid bus_lock_detect cldemote movdiri movdir64b enqcmd fsrm md_clear serialize tsxldtrk pconfig arch_lbr ibt amx_bf16 avx512_fp16 amx_tile amx_int8 flush_l1d arch_capabilities
vmx flags	: vnmi preemption_timer posted_intr invvpid ept_x_only ept_ad ept_1gb ept_5level flexpriority apicv tsc_offset vtpr mtf vapic ept vpid unrestricted_guest vapic_reg vid ple shadow_vmcs pml ept_violation_ve ept_mode_based_exec tsc_scaling usr_wait_pause notify_vm_exiting ipi_virt
bugs		: spectre_v1 spectre_v2 spec_store_bypass swapgs eibrs_pbrsb bhi spectre_v2_user old_microcode vmscape
bogomips	: 4000.00
clflush size	: 64
cache_alignment	: 64
address sizes	: 46 bits physical, 57 bits virtual
power management:

processor	: 64
vendor_id	: GenuineIntel
cpu family	: 6
model		: 143
model name	: Intel(R) Xeon(R) Platinum 8480+
stepping	: 8
microcode	: 0x2b000639
cpu MHz		: 2559.027
cache size	: 107520 KB
physical id	: 0
siblings	: 56
core id		: 6
cpu cores	: 56
apicid		: 12
initial apicid	: 12
fpu		: yes
fpu_exception	: yes
cpuid level	: 32
wp		: yes
flags		: fpu vme de pse tsc msr pae mce cx8 apic sep mtrr pge mca cmov pat pse36 clflush dts acpi mmx fxsr sse sse2 ss ht tm pbe syscall nx pdpe1gb rdtscp lm constant_tsc art arch_perfmon pebs bts rep_good nopl xtopology nonstop_tsc cpuid aperfmperf tsc_known_freq pni pclmulqdq dtes64 monitor ds_cpl vmx smx est tm2 ssse3 sdbg fma cx16 xtpr pdcm pcid dca sse4_1 sse4_2 x2apic movbe popcnt tsc_deadline_timer aes xsave avx f16c rdrand lahf_lm abm 3dnowprefetch cpuid_fault epb cat_l3 cat_l2 cdp_l3 cdp_l2 ssbd mba ibrs ibpb stibp ibrs_enhanced tpr_shadow flexpriority ept vpid ept_ad fsgsbase tsc_adjust bmi1 avx2 smep bmi2 erms invpcid cqm rdt_a avx512f avx512dq rdseed adx smap avx512ifma clflushopt clwb intel_pt avx512cd sha_ni avx512bw avx512vl xsaveopt xsavec xgetbv1 xsaves cqm_llc cqm_occup_llc cqm_mbm_total cqm_mbm_local split_lock_detect user_shstk avx_vnni avx512_bf16 wbnoinvd dtherm ida arat pln pts vnmi avx512vbmi umip pku ospke waitpkg avx512_vbmi2 gfni vaes vpclmulqdq avx512_vnni avx512_bitalg avx512_vpopcntdq la57 rdpid bus_lock_detect cldemote movdiri movdir64b enqcmd fsrm md_clear serialize tsxldtrk pconfig arch_lbr ibt amx_bf16 avx512_fp16 amx_tile amx_int8 flush_l1d arch_capabilities
vmx flags	: vnmi preemption_timer posted_intr invvpid ept_x_only ept_ad ept_1gb ept_5level flexpriority apicv tsc_offset vtpr mtf vapic ept vpid unrestricted_guest vapic_reg vid ple shadow_vmcs pml ept_violation_ve ept_mode_based_exec tsc_scaling usr_wait_pause notify_vm_exiting ipi_virt
bugs		: spectre_v1 spectre_v2 spec_store_bypass swapgs eibrs_pbrsb bhi spectre_v2_user old_microcode vmscape
bogomips	: 4000.00
clflush size	: 64
cache_alignment	: 64
address sizes	: 46 bits physical, 57 bits virtual
power management:

processor	: 65
vendor_id	: GenuineIntel
cpu family	: 6
model		: 143
model name	: Intel(R) Xeon(R) Platinum 8480+
stepping	: 8
microcode	: 0x2b000639
cpu MHz		: 3800.000
cache size	: 107520 KB
physical id	: 1
siblings	: 56
core id		: 6
cpu cores	: 56
apicid		: 140
initial apicid	: 140
fpu		: yes
fpu_exception	: yes
cpuid level	: 32
wp		: yes
flags		: fpu vme de pse tsc msr pae mce cx8 apic sep mtrr pge mca cmov pat pse36 clflush dts acpi mmx fxsr sse sse2 ss ht tm pbe syscall nx pdpe1gb rdtscp lm constant_tsc art arch_perfmon pebs bts rep_good nopl xtopology nonstop_tsc cpuid aperfmperf tsc_known_freq pni pclmulqdq dtes64 monitor ds_cpl vmx smx est tm2 ssse3 sdbg fma cx16 xtpr pdcm pcid dca sse4_1 sse4_2 x2apic movbe popcnt tsc_deadline_timer aes xsave avx f16c rdrand lahf_lm abm 3dnowprefetch cpuid_fault epb cat_l3 cat_l2 cdp_l3 cdp_l2 ssbd mba ibrs ibpb stibp ibrs_enhanced tpr_shadow flexpriority ept vpid ept_ad fsgsbase tsc_adjust bmi1 avx2 smep bmi2 erms invpcid cqm rdt_a avx512f avx512dq rdseed adx smap avx512ifma clflushopt clwb intel_pt avx512cd sha_ni avx512bw avx512vl xsaveopt xsavec xgetbv1 xsaves cqm_llc cqm_occup_llc cqm_mbm_total cqm_mbm_local split_lock_detect user_shstk avx_vnni avx512_bf16 wbnoinvd dtherm ida arat pln pts vnmi avx512vbmi umip pku ospke waitpkg avx512_vbmi2 gfni vaes vpclmulqdq avx512_vnni avx512_bitalg avx512_vpopcntdq la57 rdpid bus_lock_detect cldemote movdiri movdir64b enqcmd fsrm md_clear serialize tsxldtrk pconfig arch_lbr ibt amx_bf16 avx512_fp16 amx_tile amx_int8 flush_l1d arch_capabilities
vmx flags	: vnmi preemption_timer posted_intr invvpid ept_x_only ept_ad ept_1gb ept_5level flexpriority apicv tsc_offset vtpr mtf vapic ept vpid unrestricted_guest vapic_reg vid ple shadow_vmcs pml ept_violation_ve ept_mode_based_exec tsc_scaling usr_wait_pause notify_vm_exiting ipi_virt
bugs		: spectre_v1 spectre_v2 spec_store_bypass swapgs eibrs_pbrsb bhi spectre_v2_user old_microcode vmscape
bogomips	: 4000.00
clflush size	: 64
cache_alignment	: 64
address sizes	: 46 bits physical, 57 bits virtual
power management:

processor	: 66
vendor_id	: GenuineIntel
cpu family	: 6
model		: 143
model name	: Intel(R) Xeon(R) Platinum 8480+
stepping	: 8
microcode	: 0x2b000639
cpu MHz		: 3800.000
cache size	: 107520 KB
physical id	: 0
siblings	: 56
core id		: 36
cpu cores	: 56
apicid		: 72
initial apicid	: 72
fpu		: yes
fpu_exception	: yes
cpuid level	: 32
wp		: yes
flags		: fpu vme de pse tsc msr pae mce cx8 apic sep mtrr pge mca cmov pat pse36 clflush dts acpi mmx fxsr sse sse2 ss ht tm pbe syscall nx pdpe1gb rdtscp lm constant_tsc art arch_perfmon pebs bts rep_good nopl xtopology nonstop_tsc cpuid aperfmperf tsc_known_freq pni pclmulqdq dtes64 monitor ds_cpl vmx smx est tm2 ssse3 sdbg fma cx16 xtpr pdcm pcid dca sse4_1 sse4_2 x2apic movbe popcnt tsc_deadline_timer aes xsave avx f16c rdrand lahf_lm abm 3dnowprefetch cpuid_fault epb cat_l3 cat_l2 cdp_l3 cdp_l2 ssbd mba ibrs ibpb stibp ibrs_enhanced tpr_shadow flexpriority ept vpid ept_ad fsgsbase tsc_adjust bmi1 avx2 smep bmi2 erms invpcid cqm rdt_a avx512f avx512dq rdseed adx smap avx512ifma clflushopt clwb intel_pt avx512cd sha_ni avx512bw avx512vl xsaveopt xsavec xgetbv1 xsaves cqm_llc cqm_occup_llc cqm_mbm_total cqm_mbm_local split_lock_detect user_shstk avx_vnni avx512_bf16 wbnoinvd dtherm ida arat pln pts vnmi avx512vbmi umip pku ospke waitpkg avx512_vbmi2 gfni vaes vpclmulqdq avx512_vnni avx512_bitalg avx512_vpopcntdq la57 rdpid bus_lock_detect cldemote movdiri movdir64b enqcmd fsrm md_clear serialize tsxldtrk pconfig arch_lbr ibt amx_bf16 avx512_fp16 amx_tile amx_int8 flush_l1d arch_capabilities
vmx flags	: vnmi preemption_timer posted_intr invvpid ept_x_only ept_ad ept_1gb ept_5level flexpriority apicv tsc_offset vtpr mtf vapic ept vpid unrestricted_guest vapic_reg vid ple shadow_vmcs pml ept_violation_ve ept_mode_based_exec tsc_scaling usr_wait_pause notify_vm_exiting ipi_virt
bugs		: spectre_v1 spectre_v2 spec_store_bypass swapgs eibrs_pbrsb bhi spectre_v2_user old_microcode vmscape
bogomips	: 4000.00
clflush size	: 64
cache_alignment	: 64
address sizes	: 46 bits physical, 57 bits virtual
power management:

processor	: 67
vendor_id	: GenuineIntel
cpu family	: 6
model		: 143
model name	: Intel(R) Xeon(R) Platinum 8480+
stepping	: 8
microcode	: 0x2b000639
cpu MHz		: 3800.000
cache size	: 107520 KB
physical id	: 1
siblings	: 56
core id		: 36
cpu cores	: 56
apicid		: 200
initial apicid	: 200
fpu		: yes
fpu_exception	: yes
cpuid level	: 32
wp		: yes
flags		: fpu vme de pse tsc msr pae mce cx8 apic sep mtrr pge mca cmov pat pse36 clflush dts acpi mmx fxsr sse sse2 ss ht tm pbe syscall nx pdpe1gb rdtscp lm constant_tsc art arch_perfmon pebs bts rep_good nopl xtopology nonstop_tsc cpuid aperfmperf tsc_known_freq pni pclmulqdq dtes64 monitor ds_cpl vmx smx est tm2 ssse3 sdbg fma cx16 xtpr pdcm pcid dca sse4_1 sse4_2 x2apic movbe popcnt tsc_deadline_timer aes xsave avx f16c rdrand lahf_lm abm 3dnowprefetch cpuid_fault epb cat_l3 cat_l2 cdp_l3 cdp_l2 ssbd mba ibrs ibpb stibp ibrs_enhanced tpr_shadow flexpriority ept vpid ept_ad fsgsbase tsc_adjust bmi1 avx2 smep bmi2 erms invpcid cqm rdt_a avx512f avx512dq rdseed adx smap avx512ifma clflushopt clwb intel_pt avx512cd sha_ni avx512bw avx512vl xsaveopt xsavec xgetbv1 xsaves cqm_llc cqm_occup_llc cqm_mbm_total cqm_mbm_local split_lock_detect user_shstk avx_vnni avx512_bf16 wbnoinvd dtherm ida arat pln pts vnmi avx512vbmi umip pku ospke waitpkg avx512_vbmi2 gfni vaes vpclmulqdq avx512_vnni avx512_bitalg avx512_vpopcntdq la57 rdpid bus_lock_detect cldemote movdiri movdir64b enqcmd fsrm md_clear serialize tsxldtrk pconfig arch_lbr ibt amx_bf16 avx512_fp16 amx_tile amx_int8 flush_l1d arch_capabilities
vmx flags	: vnmi preemption_timer posted_intr invvpid ept_x_only ept_ad ept_1gb ept_5level flexpriority apicv tsc_offset vtpr mtf vapic ept vpid unrestricted_guest vapic_reg vid ple shadow_vmcs pml ept_violation_ve ept_mode_based_exec tsc_scaling usr_wait_pause notify_vm_exiting ipi_virt
bugs		: spectre_v1 spectre_v2 spec_store_bypass swapgs eibrs_pbrsb bhi spectre_v2_user old_microcode vmscape
bogomips	: 4000.00
clflush size	: 64
cache_alignment	: 64
address sizes	: 46 bits physical, 57 bits virtual
power management:

processor	: 68
vendor_id	: GenuineIntel
cpu family	: 6
model		: 143
model name	: Intel(R) Xeon(R) Platinum 8480+
stepping	: 8
microcode	: 0x2b000639
cpu MHz		: 3800.000
cache size	: 107520 KB
physical id	: 0
siblings	: 56
core id		: 23
cpu cores	: 56
apicid		: 46
initial apicid	: 46
fpu		: yes
fpu_exception	: yes
cpuid level	: 32
wp		: yes
flags		: fpu vme de pse tsc msr pae mce cx8 apic sep mtrr pge mca cmov pat pse36 clflush dts acpi mmx fxsr sse sse2 ss ht tm pbe syscall nx pdpe1gb rdtscp lm constant_tsc art arch_perfmon pebs bts rep_good nopl xtopology nonstop_tsc cpuid aperfmperf tsc_known_freq pni pclmulqdq dtes64 monitor ds_cpl vmx smx est tm2 ssse3 sdbg fma cx16 xtpr pdcm pcid dca sse4_1 sse4_2 x2apic movbe popcnt tsc_deadline_timer aes xsave avx f16c rdrand lahf_lm abm 3dnowprefetch cpuid_fault epb cat_l3 cat_l2 cdp_l3 cdp_l2 ssbd mba ibrs ibpb stibp ibrs_enhanced tpr_shadow flexpriority ept vpid ept_ad fsgsbase tsc_adjust bmi1 avx2 smep bmi2 erms invpcid cqm rdt_a avx512f avx512dq rdseed adx smap avx512ifma clflushopt clwb intel_pt avx512cd sha_ni avx512bw avx512vl xsaveopt xsavec xgetbv1 xsaves cqm_llc cqm_occup_llc cqm_mbm_total cqm_mbm_local split_lock_detect user_shstk avx_vnni avx512_bf16 wbnoinvd dtherm ida arat pln pts vnmi avx512vbmi umip pku ospke waitpkg avx512_vbmi2 gfni vaes vpclmulqdq avx512_vnni avx512_bitalg avx512_vpopcntdq la57 rdpid bus_lock_detect cldemote movdiri movdir64b enqcmd fsrm md_clear serialize tsxldtrk pconfig arch_lbr ibt amx_bf16 avx512_fp16 amx_tile amx_int8 flush_l1d arch_capabilities
vmx flags	: vnmi preemption_timer posted_intr invvpid ept_x_only ept_ad ept_1gb ept_5level flexpriority apicv tsc_offset vtpr mtf vapic ept vpid unrestricted_guest vapic_reg vid ple shadow_vmcs pml ept_violation_ve ept_mode_based_exec tsc_scaling usr_wait_pause notify_vm_exiting ipi_virt
bugs		: spectre_v1 spectre_v2 spec_store_bypass swapgs eibrs_pbrsb bhi spectre_v2_user old_microcode vmscape
bogomips	: 4000.00
clflush size	: 64
cache_alignment	: 64
address sizes	: 46 bits physical, 57 bits virtual
power management:

processor	: 69
vendor_id	: GenuineIntel
cpu family	: 6
model		: 143
model name	: Intel(R) Xeon(R) Platinum 8480+
stepping	: 8
microcode	: 0x2b000639
cpu MHz		: 3800.000
cache size	: 107520 KB
physical id	: 1
siblings	: 56
core id		: 23
cpu cores	: 56
apicid		: 174
initial apicid	: 174
fpu		: yes
fpu_exception	: yes
cpuid level	: 32
wp		: yes
flags		: fpu vme de pse tsc msr pae mce cx8 apic sep mtrr pge mca cmov pat pse36 clflush dts acpi mmx fxsr sse sse2 ss ht tm pbe syscall nx pdpe1gb rdtscp lm constant_tsc art arch_perfmon pebs bts rep_good nopl xtopology nonstop_tsc cpuid aperfmperf tsc_known_freq pni pclmulqdq dtes64 monitor ds_cpl vmx smx est tm2 ssse3 sdbg fma cx16 xtpr pdcm pcid dca sse4_1 sse4_2 x2apic movbe popcnt tsc_deadline_timer aes xsave avx f16c rdrand lahf_lm abm 3dnowprefetch cpuid_fault epb cat_l3 cat_l2 cdp_l3 cdp_l2 ssbd mba ibrs ibpb stibp ibrs_enhanced tpr_shadow flexpriority ept vpid ept_ad fsgsbase tsc_adjust bmi1 avx2 smep bmi2 erms invpcid cqm rdt_a avx512f avx512dq rdseed adx smap avx512ifma clflushopt clwb intel_pt avx512cd sha_ni avx512bw avx512vl xsaveopt xsavec xgetbv1 xsaves cqm_llc cqm_occup_llc cqm_mbm_total cqm_mbm_local split_lock_detect user_shstk avx_vnni avx512_bf16 wbnoinvd dtherm ida arat pln pts vnmi avx512vbmi umip pku ospke waitpkg avx512_vbmi2 gfni vaes vpclmulqdq avx512_vnni avx512_bitalg avx512_vpopcntdq la57 rdpid bus_lock_detect cldemote movdiri movdir64b enqcmd fsrm md_clear serialize tsxldtrk pconfig arch_lbr ibt amx_bf16 avx512_fp16 amx_tile amx_int8 flush_l1d arch_capabilities
vmx flags	: vnmi preemption_timer posted_intr invvpid ept_x_only ept_ad ept_1gb ept_5level flexpriority apicv tsc_offset vtpr mtf vapic ept vpid unrestricted_guest vapic_reg vid ple shadow_vmcs pml ept_violation_ve ept_mode_based_exec tsc_scaling usr_wait_pause notify_vm_exiting ipi_virt
bugs		: spectre_v1 spectre_v2 spec_store_bypass swapgs eibrs_pbrsb bhi spectre_v2_user old_microcode vmscape
bogomips	: 4000.00
clflush size	: 64
cache_alignment	: 64
address sizes	: 46 bits physical, 57 bits virtual
power management:

processor	: 70
vendor_id	: GenuineIntel
cpu family	: 6
model		: 143
model name	: Intel(R) Xeon(R) Platinum 8480+
stepping	: 8
microcode	: 0x2b000639
cpu MHz		: 3800.000
cache size	: 107520 KB
physical id	: 0
siblings	: 56
core id		: 47
cpu cores	: 56
apicid		: 94
initial apicid	: 94
fpu		: yes
fpu_exception	: yes
cpuid level	: 32
wp		: yes
flags		: fpu vme de pse tsc msr pae mce cx8 apic sep mtrr pge mca cmov pat pse36 clflush dts acpi mmx fxsr sse sse2 ss ht tm pbe syscall nx pdpe1gb rdtscp lm constant_tsc art arch_perfmon pebs bts rep_good nopl xtopology nonstop_tsc cpuid aperfmperf tsc_known_freq pni pclmulqdq dtes64 monitor ds_cpl vmx smx est tm2 ssse3 sdbg fma cx16 xtpr pdcm pcid dca sse4_1 sse4_2 x2apic movbe popcnt tsc_deadline_timer aes xsave avx f16c rdrand lahf_lm abm 3dnowprefetch cpuid_fault epb cat_l3 cat_l2 cdp_l3 cdp_l2 ssbd mba ibrs ibpb stibp ibrs_enhanced tpr_shadow flexpriority ept vpid ept_ad fsgsbase tsc_adjust bmi1 avx2 smep bmi2 erms invpcid cqm rdt_a avx512f avx512dq rdseed adx smap avx512ifma clflushopt clwb intel_pt avx512cd sha_ni avx512bw avx512vl xsaveopt xsavec xgetbv1 xsaves cqm_llc cqm_occup_llc cqm_mbm_total cqm_mbm_local split_lock_detect user_shstk avx_vnni avx512_bf16 wbnoinvd dtherm ida arat pln pts vnmi avx512vbmi umip pku ospke waitpkg avx512_vbmi2 gfni vaes vpclmulqdq avx512_vnni avx512_bitalg avx512_vpopcntdq la57 rdpid bus_lock_detect cldemote movdiri movdir64b enqcmd fsrm md_clear serialize tsxldtrk pconfig arch_lbr ibt amx_bf16 avx512_fp16 amx_tile amx_int8 flush_l1d arch_capabilities
vmx flags	: vnmi preemption_timer posted_intr invvpid ept_x_only ept_ad ept_1gb ept_5level flexpriority apicv tsc_offset vtpr mtf vapic ept vpid unrestricted_guest vapic_reg vid ple shadow_vmcs pml ept_violation_ve ept_mode_based_exec tsc_scaling usr_wait_pause notify_vm_exiting ipi_virt
bugs		: spectre_v1 spectre_v2 spec_store_bypass swapgs eibrs_pbrsb bhi spectre_v2_user old_microcode vmscape
bogomips	: 4000.00
clflush size	: 64
cache_alignment	: 64
address sizes	: 46 bits physical, 57 bits virtual
power management:

processor	: 71
vendor_id	: GenuineIntel
cpu family	: 6
model		: 143
model name	: Intel(R) Xeon(R) Platinum 8480+
stepping	: 8
microcode	: 0x2b000639
cpu MHz		: 2856.026
cache size	: 107520 KB
physical id	: 1
siblings	: 56
core id		: 47
cpu cores	: 56
apicid		: 222
initial apicid	: 222
fpu		: yes
fpu_exception	: yes
cpuid level	: 32
wp		: yes
flags		: fpu vme de pse tsc msr pae mce cx8 apic sep mtrr pge mca cmov pat pse36 clflush dts acpi mmx fxsr sse sse2 ss ht tm pbe syscall nx pdpe1gb rdtscp lm constant_tsc art arch_perfmon pebs bts rep_good nopl xtopology nonstop_tsc cpuid aperfmperf tsc_known_freq pni pclmulqdq dtes64 monitor ds_cpl vmx smx est tm2 ssse3 sdbg fma cx16 xtpr pdcm pcid dca sse4_1 sse4_2 x2apic movbe popcnt tsc_deadline_timer aes xsave avx f16c rdrand lahf_lm abm 3dnowprefetch cpuid_fault epb cat_l3 cat_l2 cdp_l3 cdp_l2 ssbd mba ibrs ibpb stibp ibrs_enhanced tpr_shadow flexpriority ept vpid ept_ad fsgsbase tsc_adjust bmi1 avx2 smep bmi2 erms invpcid cqm rdt_a avx512f avx512dq rdseed adx smap avx512ifma clflushopt clwb intel_pt avx512cd sha_ni avx512bw avx512vl xsaveopt xsavec xgetbv1 xsaves cqm_llc cqm_occup_llc cqm_mbm_total cqm_mbm_local split_lock_detect user_shstk avx_vnni avx512_bf16 wbnoinvd dtherm ida arat pln pts vnmi avx512vbmi umip pku ospke waitpkg avx512_vbmi2 gfni vaes vpclmulqdq avx512_vnni avx512_bitalg avx512_vpopcntdq la57 rdpid bus_lock_detect cldemote movdiri movdir64b enqcmd fsrm md_clear serialize tsxldtrk pconfig arch_lbr ibt amx_bf16 avx512_fp16 amx_tile amx_int8 flush_l1d arch_capabilities
vmx flags	: vnmi preemption_timer posted_intr invvpid ept_x_only ept_ad ept_1gb ept_5level flexpriority apicv tsc_offset vtpr mtf vapic ept vpid unrestricted_guest vapic_reg vid ple shadow_vmcs pml ept_violation_ve ept_mode_based_exec tsc_scaling usr_wait_pause notify_vm_exiting ipi_virt
bugs		: spectre_v1 spectre_v2 spec_store_bypass swapgs eibrs_pbrsb bhi spectre_v2_user old_microcode vmscape
bogomips	: 4000.00
clflush size	: 64
cache_alignment	: 64
address sizes	: 46 bits physical, 57 bits virtual
power management:

processor	: 72
vendor_id	: GenuineIntel
cpu family	: 6
model		: 143
model name	: Intel(R) Xeon(R) Platinum 8480+
stepping	: 8
microcode	: 0x2b000639
cpu MHz		: 3800.000
cache size	: 107520 KB
physical id	: 0
siblings	: 56
core id		: 9
cpu cores	: 56
apicid		: 18
initial apicid	: 18
fpu		: yes
fpu_exception	: yes
cpuid level	: 32
wp		: yes
flags		: fpu vme de pse tsc msr pae mce cx8 apic sep mtrr pge mca cmov pat pse36 clflush dts acpi mmx fxsr sse sse2 ss ht tm pbe syscall nx pdpe1gb rdtscp lm constant_tsc art arch_perfmon pebs bts rep_good nopl xtopology nonstop_tsc cpuid aperfmperf tsc_known_freq pni pclmulqdq dtes64 monitor ds_cpl vmx smx est tm2 ssse3 sdbg fma cx16 xtpr pdcm pcid dca sse4_1 sse4_2 x2apic movbe popcnt tsc_deadline_timer aes xsave avx f16c rdrand lahf_lm abm 3dnowprefetch cpuid_fault epb cat_l3 cat_l2 cdp_l3 cdp_l2 ssbd mba ibrs ibpb stibp ibrs_enhanced tpr_shadow flexpriority ept vpid ept_ad fsgsbase tsc_adjust bmi1 avx2 smep bmi2 erms invpcid cqm rdt_a avx512f avx512dq rdseed adx smap avx512ifma clflushopt clwb intel_pt avx512cd sha_ni avx512bw avx512vl xsaveopt xsavec xgetbv1 xsaves cqm_llc cqm_occup_llc cqm_mbm_total cqm_mbm_local split_lock_detect user_shstk avx_vnni avx512_bf16 wbnoinvd dtherm ida arat pln pts vnmi avx512vbmi umip pku ospke waitpkg avx512_vbmi2 gfni vaes vpclmulqdq avx512_vnni avx512_bitalg avx512_vpopcntdq la57 rdpid bus_lock_detect cldemote movdiri movdir64b enqcmd fsrm md_clear serialize tsxldtrk pconfig arch_lbr ibt amx_bf16 avx512_fp16 amx_tile amx_int8 flush_l1d arch_capabilities
vmx flags	: vnmi preemption_timer posted_intr invvpid ept_x_only ept_ad ept_1gb ept_5level flexpriority apicv tsc_offset vtpr mtf vapic ept vpid unrestricted_guest vapic_reg vid ple shadow_vmcs pml ept_violation_ve ept_mode_based_exec tsc_scaling usr_wait_pause notify_vm_exiting ipi_virt
bugs		: spectre_v1 spectre_v2 spec_store_bypass swapgs eibrs_pbrsb bhi spectre_v2_user old_microcode vmscape
bogomips	: 4000.00
clflush size	: 64
cache_alignment	: 64
address sizes	: 46 bits physical, 57 bits virtual
power management:

processor	: 73
vendor_id	: GenuineIntel
cpu family	: 6
model		: 143
model name	: Intel(R) Xeon(R) Platinum 8480+
stepping	: 8
microcode	: 0x2b000639
cpu MHz		: 2543.165
cache size	: 107520 KB
physical id	: 1
siblings	: 56
core id		: 9
cpu cores	: 56
apicid		: 146
initial apicid	: 146
fpu		: yes
fpu_exception	: yes
cpuid level	: 32
wp		: yes
flags		: fpu vme de pse tsc msr pae mce cx8 apic sep mtrr pge mca cmov pat pse36 clflush dts acpi mmx fxsr sse sse2 ss ht tm pbe syscall nx pdpe1gb rdtscp lm constant_tsc art arch_perfmon pebs bts rep_good nopl xtopology nonstop_tsc cpuid aperfmperf tsc_known_freq pni pclmulqdq dtes64 monitor ds_cpl vmx smx est tm2 ssse3 sdbg fma cx16 xtpr pdcm pcid dca sse4_1 sse4_2 x2apic movbe popcnt tsc_deadline_timer aes xsave avx f16c rdrand lahf_lm abm 3dnowprefetch cpuid_fault epb cat_l3 cat_l2 cdp_l3 cdp_l2 ssbd mba ibrs ibpb stibp ibrs_enhanced tpr_shadow flexpriority ept vpid ept_ad fsgsbase tsc_adjust bmi1 avx2 smep bmi2 erms invpcid cqm rdt_a avx512f avx512dq rdseed adx smap avx512ifma clflushopt clwb intel_pt avx512cd sha_ni avx512bw avx512vl xsaveopt xsavec xgetbv1 xsaves cqm_llc cqm_occup_llc cqm_mbm_total cqm_mbm_local split_lock_detect user_shstk avx_vnni avx512_bf16 wbnoinvd dtherm ida arat pln pts vnmi avx512vbmi umip pku ospke waitpkg avx512_vbmi2 gfni vaes vpclmulqdq avx512_vnni avx512_bitalg avx512_vpopcntdq la57 rdpid bus_lock_detect cldemote movdiri movdir64b enqcmd fsrm md_clear serialize tsxldtrk pconfig arch_lbr ibt amx_bf16 avx512_fp16 amx_tile amx_int8 flush_l1d arch_capabilities
vmx flags	: vnmi preemption_timer posted_intr invvpid ept_x_only ept_ad ept_1gb ept_5level flexpriority apicv tsc_offset vtpr mtf vapic ept vpid unrestricted_guest vapic_reg vid ple shadow_vmcs pml ept_violation_ve ept_mode_based_exec tsc_scaling usr_wait_pause notify_vm_exiting ipi_virt
bugs		: spectre_v1 spectre_v2 spec_store_bypass swapgs eibrs_pbrsb bhi spectre_v2_user old_microcode vmscape
bogomips	: 4000.00
clflush size	: 64
cache_alignment	: 64
address sizes	: 46 bits physical, 57 bits virtual
power management:

processor	: 74
vendor_id	: GenuineIntel
cpu family	: 6
model		: 143
model name	: Intel(R) Xeon(R) Platinum 8480+
stepping	: 8
microcode	: 0x2b000639
cpu MHz		: 3800.000
cache size	: 107520 KB
physical id	: 0
siblings	: 56
core id		: 41
cpu cores	: 56
apicid		: 82
initial apicid	: 82
fpu		: yes
fpu_exception	: yes
cpuid level	: 32
wp		: yes
flags		: fpu vme de pse tsc msr pae mce cx8 apic sep mtrr pge mca cmov pat pse36 clflush dts acpi mmx fxsr sse sse2 ss ht tm pbe syscall nx pdpe1gb rdtscp lm constant_tsc art arch_perfmon pebs bts rep_good nopl xtopology nonstop_tsc cpuid aperfmperf tsc_known_freq pni pclmulqdq dtes64 monitor ds_cpl vmx smx est tm2 ssse3 sdbg fma cx16 xtpr pdcm pcid dca sse4_1 sse4_2 x2apic movbe popcnt tsc_deadline_timer aes xsave avx f16c rdrand lahf_lm abm 3dnowprefetch cpuid_fault epb cat_l3 cat_l2 cdp_l3 cdp_l2 ssbd mba ibrs ibpb stibp ibrs_enhanced tpr_shadow flexpriority ept vpid ept_ad fsgsbase tsc_adjust bmi1 avx2 smep bmi2 erms invpcid cqm rdt_a avx512f avx512dq rdseed adx smap avx512ifma clflushopt clwb intel_pt avx512cd sha_ni avx512bw avx512vl xsaveopt xsavec xgetbv1 xsaves cqm_llc cqm_occup_llc cqm_mbm_total cqm_mbm_local split_lock_detect user_shstk avx_vnni avx512_bf16 wbnoinvd dtherm ida arat pln pts vnmi avx512vbmi umip pku ospke waitpkg avx512_vbmi2 gfni vaes vpclmulqdq avx512_vnni avx512_bitalg avx512_vpopcntdq la57 rdpid bus_lock_detect cldemote movdiri movdir64b enqcmd fsrm md_clear serialize tsxldtrk pconfig arch_lbr ibt amx_bf16 avx512_fp16 amx_tile amx_int8 flush_l1d arch_capabilities
vmx flags	: vnmi preemption_timer posted_intr invvpid ept_x_only ept_ad ept_1gb ept_5level flexpriority apicv tsc_offset vtpr mtf vapic ept vpid unrestricted_guest vapic_reg vid ple shadow_vmcs pml ept_violation_ve ept_mode_based_exec tsc_scaling usr_wait_pause notify_vm_exiting ipi_virt
bugs		: spectre_v1 spectre_v2 spec_store_bypass swapgs eibrs_pbrsb bhi spectre_v2_user old_microcode vmscape
bogomips	: 4000.00
clflush size	: 64
cache_alignment	: 64
address sizes	: 46 bits physical, 57 bits virtual
power management:

processor	: 75
vendor_id	: GenuineIntel
cpu family	: 6
model		: 143
model name	: Intel(R) Xeon(R) Platinum 8480+
stepping	: 8
microcode	: 0x2b000639
cpu MHz		: 2542.553
cache size	: 107520 KB
physical id	: 1
siblings	: 56
core id		: 40
cpu cores	: 56
apicid		: 208
initial apicid	: 208
fpu		: yes
fpu_exception	: yes
cpuid level	: 32
wp		: yes
flags		: fpu vme de pse tsc msr pae mce cx8 apic sep mtrr pge mca cmov pat pse36 clflush dts acpi mmx fxsr sse sse2 ss ht tm pbe syscall nx pdpe1gb rdtscp lm constant_tsc art arch_perfmon pebs bts rep_good nopl xtopology nonstop_tsc cpuid aperfmperf tsc_known_freq pni pclmulqdq dtes64 monitor ds_cpl vmx smx est tm2 ssse3 sdbg fma cx16 xtpr pdcm pcid dca sse4_1 sse4_2 x2apic movbe popcnt tsc_deadline_timer aes xsave avx f16c rdrand lahf_lm abm 3dnowprefetch cpuid_fault epb cat_l3 cat_l2 cdp_l3 cdp_l2 ssbd mba ibrs ibpb stibp ibrs_enhanced tpr_shadow flexpriority ept vpid ept_ad fsgsbase tsc_adjust bmi1 avx2 smep bmi2 erms invpcid cqm rdt_a avx512f avx512dq rdseed adx smap avx512ifma clflushopt clwb intel_pt avx512cd sha_ni avx512bw avx512vl xsaveopt xsavec xgetbv1 xsaves cqm_llc cqm_occup_llc cqm_mbm_total cqm_mbm_local split_lock_detect user_shstk avx_vnni avx512_bf16 wbnoinvd dtherm ida arat pln pts vnmi avx512vbmi umip pku ospke waitpkg avx512_vbmi2 gfni vaes vpclmulqdq avx512_vnni avx512_bitalg avx512_vpopcntdq la57 rdpid bus_lock_detect cldemote movdiri movdir64b enqcmd fsrm md_clear serialize tsxldtrk pconfig arch_lbr ibt amx_bf16 avx512_fp16 amx_tile amx_int8 flush_l1d arch_capabilities
vmx flags	: vnmi preemption_timer posted_intr invvpid ept_x_only ept_ad ept_1gb ept_5level flexpriority apicv tsc_offset vtpr mtf vapic ept vpid unrestricted_guest vapic_reg vid ple shadow_vmcs pml ept_violation_ve ept_mode_based_exec tsc_scaling usr_wait_pause notify_vm_exiting ipi_virt
bugs		: spectre_v1 spectre_v2 spec_store_bypass swapgs eibrs_pbrsb bhi spectre_v2_user old_microcode vmscape
bogomips	: 4000.00
clflush size	: 64
cache_alignment	: 64
address sizes	: 46 bits physical, 57 bits virtual
power management:

processor	: 76
vendor_id	: GenuineIntel
cpu family	: 6
model		: 143
model name	: Intel(R) Xeon(R) Platinum 8480+
stepping	: 8
microcode	: 0x2b000639
cpu MHz		: 2737.482
cache size	: 107520 KB
physical id	: 0
siblings	: 56
core id		: 19
cpu cores	: 56
apicid		: 38
initial apicid	: 38
fpu		: yes
fpu_exception	: yes
cpuid level	: 32
wp		: yes
flags		: fpu vme de pse tsc msr pae mce cx8 apic sep mtrr pge mca cmov pat pse36 clflush dts acpi mmx fxsr sse sse2 ss ht tm pbe syscall nx pdpe1gb rdtscp lm constant_tsc art arch_perfmon pebs bts rep_good nopl xtopology nonstop_tsc cpuid aperfmperf tsc_known_freq pni pclmulqdq dtes64 monitor ds_cpl vmx smx est tm2 ssse3 sdbg fma cx16 xtpr pdcm pcid dca sse4_1 sse4_2 x2apic movbe popcnt tsc_deadline_timer aes xsave avx f16c rdrand lahf_lm abm 3dnowprefetch cpuid_fault epb cat_l3 cat_l2 cdp_l3 cdp_l2 ssbd mba ibrs ibpb stibp ibrs_enhanced tpr_shadow flexpriority ept vpid ept_ad fsgsbase tsc_adjust bmi1 avx2 smep bmi2 erms invpcid cqm rdt_a avx512f avx512dq rdseed adx smap avx512ifma clflushopt clwb intel_pt avx512cd sha_ni avx512bw avx512vl xsaveopt xsavec xgetbv1 xsaves cqm_llc cqm_occup_llc cqm_mbm_total cqm_mbm_local split_lock_detect user_shstk avx_vnni avx512_bf16 wbnoinvd dtherm ida arat pln pts vnmi avx512vbmi umip pku ospke waitpkg avx512_vbmi2 gfni vaes vpclmulqdq avx512_vnni avx512_bitalg avx512_vpopcntdq la57 rdpid bus_lock_detect cldemote movdiri movdir64b enqcmd fsrm md_clear serialize tsxldtrk pconfig arch_lbr ibt amx_bf16 avx512_fp16 amx_tile amx_int8 flush_l1d arch_capabilities
vmx flags	: vnmi preemption_timer posted_intr invvpid ept_x_only ept_ad ept_1gb ept_5level flexpriority apicv tsc_offset vtpr mtf vapic ept vpid unrestricted_guest vapic_reg vid ple shadow_vmcs pml ept_violation_ve ept_mode_based_exec tsc_scaling usr_wait_pause notify_vm_exiting ipi_virt
bugs		: spectre_v1 spectre_v2 spec_store_bypass swapgs eibrs_pbrsb bhi spectre_v2_user old_microcode vmscape
bogomips	: 4000.00
clflush size	: 64
cache_alignment	: 64
address sizes	: 46 bits physical, 57 bits virtual
power management:

processor	: 77
vendor_id	: GenuineIntel
cpu family	: 6
model		: 143
model name	: Intel(R) Xeon(R) Platinum 8480+
stepping	: 8
microcode	: 0x2b000639
cpu MHz		: 2556.976
cache size	: 107520 KB
physical id	: 1
siblings	: 56
core id		: 19
cpu cores	: 56
apicid		: 166
initial apicid	: 166
fpu		: yes
fpu_exception	: yes
cpuid level	: 32
wp		: yes
flags		: fpu vme de pse tsc msr pae mce cx8 apic sep mtrr pge mca cmov pat pse36 clflush dts acpi mmx fxsr sse sse2 ss ht tm pbe syscall nx pdpe1gb rdtscp lm constant_tsc art arch_perfmon pebs bts rep_good nopl xtopology nonstop_tsc cpuid aperfmperf tsc_known_freq pni pclmulqdq dtes64 monitor ds_cpl vmx smx est tm2 ssse3 sdbg fma cx16 xtpr pdcm pcid dca sse4_1 sse4_2 x2apic movbe popcnt tsc_deadline_timer aes xsave avx f16c rdrand lahf_lm abm 3dnowprefetch cpuid_fault epb cat_l3 cat_l2 cdp_l3 cdp_l2 ssbd mba ibrs ibpb stibp ibrs_enhanced tpr_shadow flexpriority ept vpid ept_ad fsgsbase tsc_adjust bmi1 avx2 smep bmi2 erms invpcid cqm rdt_a avx512f avx512dq rdseed adx smap avx512ifma clflushopt clwb intel_pt avx512cd sha_ni avx512bw avx512vl xsaveopt xsavec xgetbv1 xsaves cqm_llc cqm_occup_llc cqm_mbm_total cqm_mbm_local split_lock_detect user_shstk avx_vnni avx512_bf16 wbnoinvd dtherm ida arat pln pts vnmi avx512vbmi umip pku ospke waitpkg avx512_vbmi2 gfni vaes vpclmulqdq avx512_vnni avx512_bitalg avx512_vpopcntdq la57 rdpid bus_lock_detect cldemote movdiri movdir64b enqcmd fsrm md_clear serialize tsxldtrk pconfig arch_lbr ibt amx_bf16 avx512_fp16 amx_tile amx_int8 flush_l1d arch_capabilities
vmx flags	: vnmi preemption_timer posted_intr invvpid ept_x_only ept_ad ept_1gb ept_5level flexpriority apicv tsc_offset vtpr mtf vapic ept vpid unrestricted_guest vapic_reg vid ple shadow_vmcs pml ept_violation_ve ept_mode_based_exec tsc_scaling usr_wait_pause notify_vm_exiting ipi_virt
bugs		: spectre_v1 spectre_v2 spec_store_bypass swapgs eibrs_pbrsb bhi spectre_v2_user old_microcode vmscape
bogomips	: 4000.00
clflush size	: 64
cache_alignment	: 64
address sizes	: 46 bits physical, 57 bits virtual
power management:

processor	: 78
vendor_id	: GenuineIntel
cpu family	: 6
model		: 143
model name	: Intel(R) Xeon(R) Platinum 8480+
stepping	: 8
microcode	: 0x2b000639
cpu MHz		: 3800.000
cache size	: 107520 KB
physical id	: 0
siblings	: 56
core id		: 44
cpu cores	: 56
apicid		: 88
initial apicid	: 88
fpu		: yes
fpu_exception	: yes
cpuid level	: 32
wp		: yes
flags		: fpu vme de pse tsc msr pae mce cx8 apic sep mtrr pge mca cmov pat pse36 clflush dts acpi mmx fxsr sse sse2 ss ht tm pbe syscall nx pdpe1gb rdtscp lm constant_tsc art arch_perfmon pebs bts rep_good nopl xtopology nonstop_tsc cpuid aperfmperf tsc_known_freq pni pclmulqdq dtes64 monitor ds_cpl vmx smx est tm2 ssse3 sdbg fma cx16 xtpr pdcm pcid dca sse4_1 sse4_2 x2apic movbe popcnt tsc_deadline_timer aes xsave avx f16c rdrand lahf_lm abm 3dnowprefetch cpuid_fault epb cat_l3 cat_l2 cdp_l3 cdp_l2 ssbd mba ibrs ibpb stibp ibrs_enhanced tpr_shadow flexpriority ept vpid ept_ad fsgsbase tsc_adjust bmi1 avx2 smep bmi2 erms invpcid cqm rdt_a avx512f avx512dq rdseed adx smap avx512ifma clflushopt clwb intel_pt avx512cd sha_ni avx512bw avx512vl xsaveopt xsavec xgetbv1 xsaves cqm_llc cqm_occup_llc cqm_mbm_total cqm_mbm_local split_lock_detect user_shstk avx_vnni avx512_bf16 wbnoinvd dtherm ida arat pln pts vnmi avx512vbmi umip pku ospke waitpkg avx512_vbmi2 gfni vaes vpclmulqdq avx512_vnni avx512_bitalg avx512_vpopcntdq la57 rdpid bus_lock_detect cldemote movdiri movdir64b enqcmd fsrm md_clear serialize tsxldtrk pconfig arch_lbr ibt amx_bf16 avx512_fp16 amx_tile amx_int8 flush_l1d arch_capabilities
vmx flags	: vnmi preemption_timer posted_intr invvpid ept_x_only ept_ad ept_1gb ept_5level flexpriority apicv tsc_offset vtpr mtf vapic ept vpid unrestricted_guest vapic_reg vid ple shadow_vmcs pml ept_violation_ve ept_mode_based_exec tsc_scaling usr_wait_pause notify_vm_exiting ipi_virt
bugs		: spectre_v1 spectre_v2 spec_store_bypass swapgs eibrs_pbrsb bhi spectre_v2_user old_microcode vmscape
bogomips	: 4000.00
clflush size	: 64
cache_alignment	: 64
address sizes	: 46 bits physical, 57 bits virtual
power management:

processor	: 79
vendor_id	: GenuineIntel
cpu family	: 6
model		: 143
model name	: Intel(R) Xeon(R) Platinum 8480+
stepping	: 8
microcode	: 0x2b000639
cpu MHz		: 2999.969
cache size	: 107520 KB
physical id	: 1
siblings	: 56
core id		: 44
cpu cores	: 56
apicid		: 216
initial apicid	: 216
fpu		: yes
fpu_exception	: yes
cpuid level	: 32
wp		: yes
flags		: fpu vme de pse tsc msr pae mce cx8 apic sep mtrr pge mca cmov pat pse36 clflush dts acpi mmx fxsr sse sse2 ss ht tm pbe syscall nx pdpe1gb rdtscp lm constant_tsc art arch_perfmon pebs bts rep_good nopl xtopology nonstop_tsc cpuid aperfmperf tsc_known_freq pni pclmulqdq dtes64 monitor ds_cpl vmx smx est tm2 ssse3 sdbg fma cx16 xtpr pdcm pcid dca sse4_1 sse4_2 x2apic movbe popcnt tsc_deadline_timer aes xsave avx f16c rdrand lahf_lm abm 3dnowprefetch cpuid_fault epb cat_l3 cat_l2 cdp_l3 cdp_l2 ssbd mba ibrs ibpb stibp ibrs_enhanced tpr_shadow flexpriority ept vpid ept_ad fsgsbase tsc_adjust bmi1 avx2 smep bmi2 erms invpcid cqm rdt_a avx512f avx512dq rdseed adx smap avx512ifma clflushopt clwb intel_pt avx512cd sha_ni avx512bw avx512vl xsaveopt xsavec xgetbv1 xsaves cqm_llc cqm_occup_llc cqm_mbm_total cqm_mbm_local split_lock_detect user_shstk avx_vnni avx512_bf16 wbnoinvd dtherm ida arat pln pts vnmi avx512vbmi umip pku ospke waitpkg avx512_vbmi2 gfni vaes vpclmulqdq avx512_vnni avx512_bitalg avx512_vpopcntdq la57 rdpid bus_lock_detect cldemote movdiri movdir64b enqcmd fsrm md_clear serialize tsxldtrk pconfig arch_lbr ibt amx_bf16 avx512_fp16 amx_tile amx_int8 flush_l1d arch_capabilities
vmx flags	: vnmi preemption_timer posted_intr invvpid ept_x_only ept_ad ept_1gb ept_5level flexpriority apicv tsc_offset vtpr mtf vapic ept vpid unrestricted_guest vapic_reg vid ple shadow_vmcs pml ept_violation_ve ept_mode_based_exec tsc_scaling usr_wait_pause notify_vm_exiting ipi_virt
bugs		: spectre_v1 spectre_v2 spec_store_bypass swapgs eibrs_pbrsb bhi spectre_v2_user old_microcode vmscape
bogomips	: 4000.00
clflush size	: 64
cache_alignment	: 64
address sizes	: 46 bits physical, 57 bits virtual
power management:

processor	: 80
vendor_id	: GenuineIntel
cpu family	: 6
model		: 143
model name	: Intel(R) Xeon(R) Platinum 8480+
stepping	: 8
microcode	: 0x2b000639
cpu MHz		: 3800.000
cache size	: 107520 KB
physical id	: 0
siblings	: 56
core id		: 11
cpu cores	: 56
apicid		: 22
initial apicid	: 22
fpu		: yes
fpu_exception	: yes
cpuid level	: 32
wp		: yes
flags		: fpu vme de pse tsc msr pae mce cx8 apic sep mtrr pge mca cmov pat pse36 clflush dts acpi mmx fxsr sse sse2 ss ht tm pbe syscall nx pdpe1gb rdtscp lm constant_tsc art arch_perfmon pebs bts rep_good nopl xtopology nonstop_tsc cpuid aperfmperf tsc_known_freq pni pclmulqdq dtes64 monitor ds_cpl vmx smx est tm2 ssse3 sdbg fma cx16 xtpr pdcm pcid dca sse4_1 sse4_2 x2apic movbe popcnt tsc_deadline_timer aes xsave avx f16c rdrand lahf_lm abm 3dnowprefetch cpuid_fault epb cat_l3 cat_l2 cdp_l3 cdp_l2 ssbd mba ibrs ibpb stibp ibrs_enhanced tpr_shadow flexpriority ept vpid ept_ad fsgsbase tsc_adjust bmi1 avx2 smep bmi2 erms invpcid cqm rdt_a avx512f avx512dq rdseed adx smap avx512ifma clflushopt clwb intel_pt avx512cd sha_ni avx512bw avx512vl xsaveopt xsavec xgetbv1 xsaves cqm_llc cqm_occup_llc cqm_mbm_total cqm_mbm_local split_lock_detect user_shstk avx_vnni avx512_bf16 wbnoinvd dtherm ida arat pln pts vnmi avx512vbmi umip pku ospke waitpkg avx512_vbmi2 gfni vaes vpclmulqdq avx512_vnni avx512_bitalg avx512_vpopcntdq la57 rdpid bus_lock_detect cldemote movdiri movdir64b enqcmd fsrm md_clear serialize tsxldtrk pconfig arch_lbr ibt amx_bf16 avx512_fp16 amx_tile amx_int8 flush_l1d arch_capabilities
vmx flags	: vnmi preemption_timer posted_intr invvpid ept_x_only ept_ad ept_1gb ept_5level flexpriority apicv tsc_offset vtpr mtf vapic ept vpid unrestricted_guest vapic_reg vid ple shadow_vmcs pml ept_violation_ve ept_mode_based_exec tsc_scaling usr_wait_pause notify_vm_exiting ipi_virt
bugs		: spectre_v1 spectre_v2 spec_store_bypass swapgs eibrs_pbrsb bhi spectre_v2_user old_microcode vmscape
bogomips	: 4000.00
clflush size	: 64
cache_alignment	: 64
address sizes	: 46 bits physical, 57 bits virtual
power management:

processor	: 81
vendor_id	: GenuineIntel
cpu family	: 6
model		: 143
model name	: Intel(R) Xeon(R) Platinum 8480+
stepping	: 8
microcode	: 0x2b000639
cpu MHz		: 2802.795
cache size	: 107520 KB
physical id	: 1
siblings	: 56
core id		: 3
cpu cores	: 56
apicid		: 134
initial apicid	: 134
fpu		: yes
fpu_exception	: yes
cpuid level	: 32
wp		: yes
flags		: fpu vme de pse tsc msr pae mce cx8 apic sep mtrr pge mca cmov pat pse36 clflush dts acpi mmx fxsr sse sse2 ss ht tm pbe syscall nx pdpe1gb rdtscp lm constant_tsc art arch_perfmon pebs bts rep_good nopl xtopology nonstop_tsc cpuid aperfmperf tsc_known_freq pni pclmulqdq dtes64 monitor ds_cpl vmx smx est tm2 ssse3 sdbg fma cx16 xtpr pdcm pcid dca sse4_1 sse4_2 x2apic movbe popcnt tsc_deadline_timer aes xsave avx f16c rdrand lahf_lm abm 3dnowprefetch cpuid_fault epb cat_l3 cat_l2 cdp_l3 cdp_l2 ssbd mba ibrs ibpb stibp ibrs_enhanced tpr_shadow flexpriority ept vpid ept_ad fsgsbase tsc_adjust bmi1 avx2 smep bmi2 erms invpcid cqm rdt_a avx512f avx512dq rdseed adx smap avx512ifma clflushopt clwb intel_pt avx512cd sha_ni avx512bw avx512vl xsaveopt xsavec xgetbv1 xsaves cqm_llc cqm_occup_llc cqm_mbm_total cqm_mbm_local split_lock_detect user_shstk avx_vnni avx512_bf16 wbnoinvd dtherm ida arat pln pts vnmi avx512vbmi umip pku ospke waitpkg avx512_vbmi2 gfni vaes vpclmulqdq avx512_vnni avx512_bitalg avx512_vpopcntdq la57 rdpid bus_lock_detect cldemote movdiri movdir64b enqcmd fsrm md_clear serialize tsxldtrk pconfig arch_lbr ibt amx_bf16 avx512_fp16 amx_tile amx_int8 flush_l1d arch_capabilities
vmx flags	: vnmi preemption_timer posted_intr invvpid ept_x_only ept_ad ept_1gb ept_5level flexpriority apicv tsc_offset vtpr mtf vapic ept vpid unrestricted_guest vapic_reg vid ple shadow_vmcs pml ept_violation_ve ept_mode_based_exec tsc_scaling usr_wait_pause notify_vm_exiting ipi_virt
bugs		: spectre_v1 spectre_v2 spec_store_bypass swapgs eibrs_pbrsb bhi spectre_v2_user old_microcode vmscape
bogomips	: 4000.00
clflush size	: 64
cache_alignment	: 64
address sizes	: 46 bits physical, 57 bits virtual
power management:

processor	: 82
vendor_id	: GenuineIntel
cpu family	: 6
model		: 143
model name	: Intel(R) Xeon(R) Platinum 8480+
stepping	: 8
microcode	: 0x2b000639
cpu MHz		: 3800.000
cache size	: 107520 KB
physical id	: 0
siblings	: 56
core id		: 28
cpu cores	: 56
apicid		: 56
initial apicid	: 56
fpu		: yes
fpu_exception	: yes
cpuid level	: 32
wp		: yes
flags		: fpu vme de pse tsc msr pae mce cx8 apic sep mtrr pge mca cmov pat pse36 clflush dts acpi mmx fxsr sse sse2 ss ht tm pbe syscall nx pdpe1gb rdtscp lm constant_tsc art arch_perfmon pebs bts rep_good nopl xtopology nonstop_tsc cpuid aperfmperf tsc_known_freq pni pclmulqdq dtes64 monitor ds_cpl vmx smx est tm2 ssse3 sdbg fma cx16 xtpr pdcm pcid dca sse4_1 sse4_2 x2apic movbe popcnt tsc_deadline_timer aes xsave avx f16c rdrand lahf_lm abm 3dnowprefetch cpuid_fault epb cat_l3 cat_l2 cdp_l3 cdp_l2 ssbd mba ibrs ibpb stibp ibrs_enhanced tpr_shadow flexpriority ept vpid ept_ad fsgsbase tsc_adjust bmi1 avx2 smep bmi2 erms invpcid cqm rdt_a avx512f avx512dq rdseed adx smap avx512ifma clflushopt clwb intel_pt avx512cd sha_ni avx512bw avx512vl xsaveopt xsavec xgetbv1 xsaves cqm_llc cqm_occup_llc cqm_mbm_total cqm_mbm_local split_lock_detect user_shstk avx_vnni avx512_bf16 wbnoinvd dtherm ida arat pln pts vnmi avx512vbmi umip pku ospke waitpkg avx512_vbmi2 gfni vaes vpclmulqdq avx512_vnni avx512_bitalg avx512_vpopcntdq la57 rdpid bus_lock_detect cldemote movdiri movdir64b enqcmd fsrm md_clear serialize tsxldtrk pconfig arch_lbr ibt amx_bf16 avx512_fp16 amx_tile amx_int8 flush_l1d arch_capabilities
vmx flags	: vnmi preemption_timer posted_intr invvpid ept_x_only ept_ad ept_1gb ept_5level flexpriority apicv tsc_offset vtpr mtf vapic ept vpid unrestricted_guest vapic_reg vid ple shadow_vmcs pml ept_violation_ve ept_mode_based_exec tsc_scaling usr_wait_pause notify_vm_exiting ipi_virt
bugs		: spectre_v1 spectre_v2 spec_store_bypass swapgs eibrs_pbrsb bhi spectre_v2_user old_microcode vmscape
bogomips	: 4000.00
clflush size	: 64
cache_alignment	: 64
address sizes	: 46 bits physical, 57 bits virtual
power management:

processor	: 83
vendor_id	: GenuineIntel
cpu family	: 6
model		: 143
model name	: Intel(R) Xeon(R) Platinum 8480+
stepping	: 8
microcode	: 0x2b000639
cpu MHz		: 2538.186
cache size	: 107520 KB
physical id	: 1
siblings	: 56
core id		: 28
cpu cores	: 56
apicid		: 184
initial apicid	: 184
fpu		: yes
fpu_exception	: yes
cpuid level	: 32
wp		: yes
flags		: fpu vme de pse tsc msr pae mce cx8 apic sep mtrr pge mca cmov pat pse36 clflush dts acpi mmx fxsr sse sse2 ss ht tm pbe syscall nx pdpe1gb rdtscp lm constant_tsc art arch_perfmon pebs bts rep_good nopl xtopology nonstop_tsc cpuid aperfmperf tsc_known_freq pni pclmulqdq dtes64 monitor ds_cpl vmx smx est tm2 ssse3 sdbg fma cx16 xtpr pdcm pcid dca sse4_1 sse4_2 x2apic movbe popcnt tsc_deadline_timer aes xsave avx f16c rdrand lahf_lm abm 3dnowprefetch cpuid_fault epb cat_l3 cat_l2 cdp_l3 cdp_l2 ssbd mba ibrs ibpb stibp ibrs_enhanced tpr_shadow flexpriority ept vpid ept_ad fsgsbase tsc_adjust bmi1 avx2 smep bmi2 erms invpcid cqm rdt_a avx512f avx512dq rdseed adx smap avx512ifma clflushopt clwb intel_pt avx512cd sha_ni avx512bw avx512vl xsaveopt xsavec xgetbv1 xsaves cqm_llc cqm_occup_llc cqm_mbm_total cqm_mbm_local split_lock_detect user_shstk avx_vnni avx512_bf16 wbnoinvd dtherm ida arat pln pts vnmi avx512vbmi umip pku ospke waitpkg avx512_vbmi2 gfni vaes vpclmulqdq avx512_vnni avx512_bitalg avx512_vpopcntdq la57 rdpid bus_lock_detect cldemote movdiri movdir64b enqcmd fsrm md_clear serialize tsxldtrk pconfig arch_lbr ibt amx_bf16 avx512_fp16 amx_tile amx_int8 flush_l1d arch_capabilities
vmx flags	: vnmi preemption_timer posted_intr invvpid ept_x_only ept_ad ept_1gb ept_5level flexpriority apicv tsc_offset vtpr mtf vapic ept vpid unrestricted_guest vapic_reg vid ple shadow_vmcs pml ept_violation_ve ept_mode_based_exec tsc_scaling usr_wait_pause notify_vm_exiting ipi_virt
bugs		: spectre_v1 spectre_v2 spec_store_bypass swapgs eibrs_pbrsb bhi spectre_v2_user old_microcode vmscape
bogomips	: 4000.00
clflush size	: 64
cache_alignment	: 64
address sizes	: 46 bits physical, 57 bits virtual
power management:

processor	: 84
vendor_id	: GenuineIntel
cpu family	: 6
model		: 143
model name	: Intel(R) Xeon(R) Platinum 8480+
stepping	: 8
microcode	: 0x2b000639
cpu MHz		: 3800.000
cache size	: 107520 KB
physical id	: 0
siblings	: 56
core id		: 15
cpu cores	: 56
apicid		: 30
initial apicid	: 30
fpu		: yes
fpu_exception	: yes
cpuid level	: 32
wp		: yes
flags		: fpu vme de pse tsc msr pae mce cx8 apic sep mtrr pge mca cmov pat pse36 clflush dts acpi mmx fxsr sse sse2 ss ht tm pbe syscall nx pdpe1gb rdtscp lm constant_tsc art arch_perfmon pebs bts rep_good nopl xtopology nonstop_tsc cpuid aperfmperf tsc_known_freq pni pclmulqdq dtes64 monitor ds_cpl vmx smx est tm2 ssse3 sdbg fma cx16 xtpr pdcm pcid dca sse4_1 sse4_2 x2apic movbe popcnt tsc_deadline_timer aes xsave avx f16c rdrand lahf_lm abm 3dnowprefetch cpuid_fault epb cat_l3 cat_l2 cdp_l3 cdp_l2 ssbd mba ibrs ibpb stibp ibrs_enhanced tpr_shadow flexpriority ept vpid ept_ad fsgsbase tsc_adjust bmi1 avx2 smep bmi2 erms invpcid cqm rdt_a avx512f avx512dq rdseed adx smap avx512ifma clflushopt clwb intel_pt avx512cd sha_ni avx512bw avx512vl xsaveopt xsavec xgetbv1 xsaves cqm_llc cqm_occup_llc cqm_mbm_total cqm_mbm_local split_lock_detect user_shstk avx_vnni avx512_bf16 wbnoinvd dtherm ida arat pln pts vnmi avx512vbmi umip pku ospke waitpkg avx512_vbmi2 gfni vaes vpclmulqdq avx512_vnni avx512_bitalg avx512_vpopcntdq la57 rdpid bus_lock_detect cldemote movdiri movdir64b enqcmd fsrm md_clear serialize tsxldtrk pconfig arch_lbr ibt amx_bf16 avx512_fp16 amx_tile amx_int8 flush_l1d arch_capabilities
vmx flags	: vnmi preemption_timer posted_intr invvpid ept_x_only ept_ad ept_1gb ept_5level flexpriority apicv tsc_offset vtpr mtf vapic ept vpid unrestricted_guest vapic_reg vid ple shadow_vmcs pml ept_violation_ve ept_mode_based_exec tsc_scaling usr_wait_pause notify_vm_exiting ipi_virt
bugs		: spectre_v1 spectre_v2 spec_store_bypass swapgs eibrs_pbrsb bhi spectre_v2_user old_microcode vmscape
bogomips	: 4000.00
clflush size	: 64
cache_alignment	: 64
address sizes	: 46 bits physical, 57 bits virtual
power management:

processor	: 85
vendor_id	: GenuineIntel
cpu family	: 6
model		: 143
model name	: Intel(R) Xeon(R) Platinum 8480+
stepping	: 8
microcode	: 0x2b000639
cpu MHz		: 2539.855
cache size	: 107520 KB
physical id	: 1
siblings	: 56
core id		: 15
cpu cores	: 56
apicid		: 158
initial apicid	: 158
fpu		: yes
fpu_exception	: yes
cpuid level	: 32
wp		: yes
flags		: fpu vme de pse tsc msr pae mce cx8 apic sep mtrr pge mca cmov pat pse36 clflush dts acpi mmx fxsr sse sse2 ss ht tm pbe syscall nx pdpe1gb rdtscp lm constant_tsc art arch_perfmon pebs bts rep_good nopl xtopology nonstop_tsc cpuid aperfmperf tsc_known_freq pni pclmulqdq dtes64 monitor ds_cpl vmx smx est tm2 ssse3 sdbg fma cx16 xtpr pdcm pcid dca sse4_1 sse4_2 x2apic movbe popcnt tsc_deadline_timer aes xsave avx f16c rdrand lahf_lm abm 3dnowprefetch cpuid_fault epb cat_l3 cat_l2 cdp_l3 cdp_l2 ssbd mba ibrs ibpb stibp ibrs_enhanced tpr_shadow flexpriority ept vpid ept_ad fsgsbase tsc_adjust bmi1 avx2 smep bmi2 erms invpcid cqm rdt_a avx512f avx512dq rdseed adx smap avx512ifma clflushopt clwb intel_pt avx512cd sha_ni avx512bw avx512vl xsaveopt xsavec xgetbv1 xsaves cqm_llc cqm_occup_llc cqm_mbm_total cqm_mbm_local split_lock_detect user_shstk avx_vnni avx512_bf16 wbnoinvd dtherm ida arat pln pts vnmi avx512vbmi umip pku ospke waitpkg avx512_vbmi2 gfni vaes vpclmulqdq avx512_vnni avx512_bitalg avx512_vpopcntdq la57 rdpid bus_lock_detect cldemote movdiri movdir64b enqcmd fsrm md_clear serialize tsxldtrk pconfig arch_lbr ibt amx_bf16 avx512_fp16 amx_tile amx_int8 flush_l1d arch_capabilities
vmx flags	: vnmi preemption_timer posted_intr invvpid ept_x_only ept_ad ept_1gb ept_5level flexpriority apicv tsc_offset vtpr mtf vapic ept vpid unrestricted_guest vapic_reg vid ple shadow_vmcs pml ept_violation_ve ept_mode_based_exec tsc_scaling usr_wait_pause notify_vm_exiting ipi_virt
bugs		: spectre_v1 spectre_v2 spec_store_bypass swapgs eibrs_pbrsb bhi spectre_v2_user old_microcode vmscape
bogomips	: 4000.00
clflush size	: 64
cache_alignment	: 64
address sizes	: 46 bits physical, 57 bits virtual
power management:

processor	: 86
vendor_id	: GenuineIntel
cpu family	: 6
model		: 143
model name	: Intel(R) Xeon(R) Platinum 8480+
stepping	: 8
microcode	: 0x2b000639
cpu MHz		: 3800.000
cache size	: 107520 KB
physical id	: 0
siblings	: 56
core id		: 52
cpu cores	: 56
apicid		: 104
initial apicid	: 104
fpu		: yes
fpu_exception	: yes
cpuid level	: 32
wp		: yes
flags		: fpu vme de pse tsc msr pae mce cx8 apic sep mtrr pge mca cmov pat pse36 clflush dts acpi mmx fxsr sse sse2 ss ht tm pbe syscall nx pdpe1gb rdtscp lm constant_tsc art arch_perfmon pebs bts rep_good nopl xtopology nonstop_tsc cpuid aperfmperf tsc_known_freq pni pclmulqdq dtes64 monitor ds_cpl vmx smx est tm2 ssse3 sdbg fma cx16 xtpr pdcm pcid dca sse4_1 sse4_2 x2apic movbe popcnt tsc_deadline_timer aes xsave avx f16c rdrand lahf_lm abm 3dnowprefetch cpuid_fault epb cat_l3 cat_l2 cdp_l3 cdp_l2 ssbd mba ibrs ibpb stibp ibrs_enhanced tpr_shadow flexpriority ept vpid ept_ad fsgsbase tsc_adjust bmi1 avx2 smep bmi2 erms invpcid cqm rdt_a avx512f avx512dq rdseed adx smap avx512ifma clflushopt clwb intel_pt avx512cd sha_ni avx512bw avx512vl xsaveopt xsavec xgetbv1 xsaves cqm_llc cqm_occup_llc cqm_mbm_total cqm_mbm_local split_lock_detect user_shstk avx_vnni avx512_bf16 wbnoinvd dtherm ida arat pln pts vnmi avx512vbmi umip pku ospke waitpkg avx512_vbmi2 gfni vaes vpclmulqdq avx512_vnni avx512_bitalg avx512_vpopcntdq la57 rdpid bus_lock_detect cldemote movdiri movdir64b enqcmd fsrm md_clear serialize tsxldtrk pconfig arch_lbr ibt amx_bf16 avx512_fp16 amx_tile amx_int8 flush_l1d arch_capabilities
vmx flags	: vnmi preemption_timer posted_intr invvpid ept_x_only ept_ad ept_1gb ept_5level flexpriority apicv tsc_offset vtpr mtf vapic ept vpid unrestricted_guest vapic_reg vid ple shadow_vmcs pml ept_violation_ve ept_mode_based_exec tsc_scaling usr_wait_pause notify_vm_exiting ipi_virt
bugs		: spectre_v1 spectre_v2 spec_store_bypass swapgs eibrs_pbrsb bhi spectre_v2_user old_microcode vmscape
bogomips	: 4000.00
clflush size	: 64
cache_alignment	: 64
address sizes	: 46 bits physical, 57 bits virtual
power management:

processor	: 87
vendor_id	: GenuineIntel
cpu family	: 6
model		: 143
model name	: Intel(R) Xeon(R) Platinum 8480+
stepping	: 8
microcode	: 0x2b000639
cpu MHz		: 2540.380
cache size	: 107520 KB
physical id	: 1
siblings	: 56
core id		: 52
cpu cores	: 56
apicid		: 232
initial apicid	: 232
fpu		: yes
fpu_exception	: yes
cpuid level	: 32
wp		: yes
flags		: fpu vme de pse tsc msr pae mce cx8 apic sep mtrr pge mca cmov pat pse36 clflush dts acpi mmx fxsr sse sse2 ss ht tm pbe syscall nx pdpe1gb rdtscp lm constant_tsc art arch_perfmon pebs bts rep_good nopl xtopology nonstop_tsc cpuid aperfmperf tsc_known_freq pni pclmulqdq dtes64 monitor ds_cpl vmx smx est tm2 ssse3 sdbg fma cx16 xtpr pdcm pcid dca sse4_1 sse4_2 x2apic movbe popcnt tsc_deadline_timer aes xsave avx f16c rdrand lahf_lm abm 3dnowprefetch cpuid_fault epb cat_l3 cat_l2 cdp_l3 cdp_l2 ssbd mba ibrs ibpb stibp ibrs_enhanced tpr_shadow flexpriority ept vpid ept_ad fsgsbase tsc_adjust bmi1 avx2 smep bmi2 erms invpcid cqm rdt_a avx512f avx512dq rdseed adx smap avx512ifma clflushopt clwb intel_pt avx512cd sha_ni avx512bw avx512vl xsaveopt xsavec xgetbv1 xsaves cqm_llc cqm_occup_llc cqm_mbm_total cqm_mbm_local split_lock_detect user_shstk avx_vnni avx512_bf16 wbnoinvd dtherm ida arat pln pts vnmi avx512vbmi umip pku ospke waitpkg avx512_vbmi2 gfni vaes vpclmulqdq avx512_vnni avx512_bitalg avx512_vpopcntdq la57 rdpid bus_lock_detect cldemote movdiri movdir64b enqcmd fsrm md_clear serialize tsxldtrk pconfig arch_lbr ibt amx_bf16 avx512_fp16 amx_tile amx_int8 flush_l1d arch_capabilities
vmx flags	: vnmi preemption_timer posted_intr invvpid ept_x_only ept_ad ept_1gb ept_5level flexpriority apicv tsc_offset vtpr mtf vapic ept vpid unrestricted_guest vapic_reg vid ple shadow_vmcs pml ept_violation_ve ept_mode_based_exec tsc_scaling usr_wait_pause notify_vm_exiting ipi_virt
bugs		: spectre_v1 spectre_v2 spec_store_bypass swapgs eibrs_pbrsb bhi spectre_v2_user old_microcode vmscape
bogomips	: 4000.00
clflush size	: 64
cache_alignment	: 64
address sizes	: 46 bits physical, 57 bits virtual
power management:

processor	: 88
vendor_id	: GenuineIntel
cpu family	: 6
model		: 143
model name	: Intel(R) Xeon(R) Platinum 8480+
stepping	: 8
microcode	: 0x2b000639
cpu MHz		: 3800.000
cache size	: 107520 KB
physical id	: 0
siblings	: 56
core id		: 3
cpu cores	: 56
apicid		: 6
initial apicid	: 6
fpu		: yes
fpu_exception	: yes
cpuid level	: 32
wp		: yes
flags		: fpu vme de pse tsc msr pae mce cx8 apic sep mtrr pge mca cmov pat pse36 clflush dts acpi mmx fxsr sse sse2 ss ht tm pbe syscall nx pdpe1gb rdtscp lm constant_tsc art arch_perfmon pebs bts rep_good nopl xtopology nonstop_tsc cpuid aperfmperf tsc_known_freq pni pclmulqdq dtes64 monitor ds_cpl vmx smx est tm2 ssse3 sdbg fma cx16 xtpr pdcm pcid dca sse4_1 sse4_2 x2apic movbe popcnt tsc_deadline_timer aes xsave avx f16c rdrand lahf_lm abm 3dnowprefetch cpuid_fault epb cat_l3 cat_l2 cdp_l3 cdp_l2 ssbd mba ibrs ibpb stibp ibrs_enhanced tpr_shadow flexpriority ept vpid ept_ad fsgsbase tsc_adjust bmi1 avx2 smep bmi2 erms invpcid cqm rdt_a avx512f avx512dq rdseed adx smap avx512ifma clflushopt clwb intel_pt avx512cd sha_ni avx512bw avx512vl xsaveopt xsavec xgetbv1 xsaves cqm_llc cqm_occup_llc cqm_mbm_total cqm_mbm_local split_lock_detect user_shstk avx_vnni avx512_bf16 wbnoinvd dtherm ida arat pln pts vnmi avx512vbmi umip pku ospke waitpkg avx512_vbmi2 gfni vaes vpclmulqdq avx512_vnni avx512_bitalg avx512_vpopcntdq la57 rdpid bus_lock_detect cldemote movdiri movdir64b enqcmd fsrm md_clear serialize tsxldtrk pconfig arch_lbr ibt amx_bf16 avx512_fp16 amx_tile amx_int8 flush_l1d arch_capabilities
vmx flags	: vnmi preemption_timer posted_intr invvpid ept_x_only ept_ad ept_1gb ept_5level flexpriority apicv tsc_offset vtpr mtf vapic ept vpid unrestricted_guest vapic_reg vid ple shadow_vmcs pml ept_violation_ve ept_mode_based_exec tsc_scaling usr_wait_pause notify_vm_exiting ipi_virt
bugs		: spectre_v1 spectre_v2 spec_store_bypass swapgs eibrs_pbrsb bhi spectre_v2_user old_microcode vmscape
bogomips	: 4000.00
clflush size	: 64
cache_alignment	: 64
address sizes	: 46 bits physical, 57 bits virtual
power management:

processor	: 89
vendor_id	: GenuineIntel
cpu family	: 6
model		: 143
model name	: Intel(R) Xeon(R) Platinum 8480+
stepping	: 8
microcode	: 0x2b000639
cpu MHz		: 2523.750
cache size	: 107520 KB
physical id	: 1
siblings	: 56
core id		: 10
cpu cores	: 56
apicid		: 148
initial apicid	: 148
fpu		: yes
fpu_exception	: yes
cpuid level	: 32
wp		: yes
flags		: fpu vme de pse tsc msr pae mce cx8 apic sep mtrr pge mca cmov pat pse36 clflush dts acpi mmx fxsr sse sse2 ss ht tm pbe syscall nx pdpe1gb rdtscp lm constant_tsc art arch_perfmon pebs bts rep_good nopl xtopology nonstop_tsc cpuid aperfmperf tsc_known_freq pni pclmulqdq dtes64 monitor ds_cpl vmx smx est tm2 ssse3 sdbg fma cx16 xtpr pdcm pcid dca sse4_1 sse4_2 x2apic movbe popcnt tsc_deadline_timer aes xsave avx f16c rdrand lahf_lm abm 3dnowprefetch cpuid_fault epb cat_l3 cat_l2 cdp_l3 cdp_l2 ssbd mba ibrs ibpb stibp ibrs_enhanced tpr_shadow flexpriority ept vpid ept_ad fsgsbase tsc_adjust bmi1 avx2 smep bmi2 erms invpcid cqm rdt_a avx512f avx512dq rdseed adx smap avx512ifma clflushopt clwb intel_pt avx512cd sha_ni avx512bw avx512vl xsaveopt xsavec xgetbv1 xsaves cqm_llc cqm_occup_llc cqm_mbm_total cqm_mbm_local split_lock_detect user_shstk avx_vnni avx512_bf16 wbnoinvd dtherm ida arat pln pts vnmi avx512vbmi umip pku ospke waitpkg avx512_vbmi2 gfni vaes vpclmulqdq avx512_vnni avx512_bitalg avx512_vpopcntdq la57 rdpid bus_lock_detect cldemote movdiri movdir64b enqcmd fsrm md_clear serialize tsxldtrk pconfig arch_lbr ibt amx_bf16 avx512_fp16 amx_tile amx_int8 flush_l1d arch_capabilities
vmx flags	: vnmi preemption_timer posted_intr invvpid ept_x_only ept_ad ept_1gb ept_5level flexpriority apicv tsc_offset vtpr mtf vapic ept vpid unrestricted_guest vapic_reg vid ple shadow_vmcs pml ept_violation_ve ept_mode_based_exec tsc_scaling usr_wait_pause notify_vm_exiting ipi_virt
bugs		: spectre_v1 spectre_v2 spec_store_bypass swapgs eibrs_pbrsb bhi spectre_v2_user old_microcode vmscape
bogomips	: 4000.00
clflush size	: 64
cache_alignment	: 64
address sizes	: 46 bits physical, 57 bits virtual
power management:

processor	: 90
vendor_id	: GenuineIntel
cpu family	: 6
model		: 143
model name	: Intel(R) Xeon(R) Platinum 8480+
stepping	: 8
microcode	: 0x2b000639
cpu MHz		: 3800.000
cache size	: 107520 KB
physical id	: 0
siblings	: 56
core id		: 35
cpu cores	: 56
apicid		: 70
initial apicid	: 70
fpu		: yes
fpu_exception	: yes
cpuid level	: 32
wp		: yes
flags		: fpu vme de pse tsc msr pae mce cx8 apic sep mtrr pge mca cmov pat pse36 clflush dts acpi mmx fxsr sse sse2 ss ht tm pbe syscall nx pdpe1gb rdtscp lm constant_tsc art arch_perfmon pebs bts rep_good nopl xtopology nonstop_tsc cpuid aperfmperf tsc_known_freq pni pclmulqdq dtes64 monitor ds_cpl vmx smx est tm2 ssse3 sdbg fma cx16 xtpr pdcm pcid dca sse4_1 sse4_2 x2apic movbe popcnt tsc_deadline_timer aes xsave avx f16c rdrand lahf_lm abm 3dnowprefetch cpuid_fault epb cat_l3 cat_l2 cdp_l3 cdp_l2 ssbd mba ibrs ibpb stibp ibrs_enhanced tpr_shadow flexpriority ept vpid ept_ad fsgsbase tsc_adjust bmi1 avx2 smep bmi2 erms invpcid cqm rdt_a avx512f avx512dq rdseed adx smap avx512ifma clflushopt clwb intel_pt avx512cd sha_ni avx512bw avx512vl xsaveopt xsavec xgetbv1 xsaves cqm_llc cqm_occup_llc cqm_mbm_total cqm_mbm_local split_lock_detect user_shstk avx_vnni avx512_bf16 wbnoinvd dtherm ida arat pln pts vnmi avx512vbmi umip pku ospke waitpkg avx512_vbmi2 gfni vaes vpclmulqdq avx512_vnni avx512_bitalg avx512_vpopcntdq la57 rdpid bus_lock_detect cldemote movdiri movdir64b enqcmd fsrm md_clear serialize tsxldtrk pconfig arch_lbr ibt amx_bf16 avx512_fp16 amx_tile amx_int8 flush_l1d arch_capabilities
vmx flags	: vnmi preemption_timer posted_intr invvpid ept_x_only ept_ad ept_1gb ept_5level flexpriority apicv tsc_offset vtpr mtf vapic ept vpid unrestricted_guest vapic_reg vid ple shadow_vmcs pml ept_violation_ve ept_mode_based_exec tsc_scaling usr_wait_pause notify_vm_exiting ipi_virt
bugs		: spectre_v1 spectre_v2 spec_store_bypass swapgs eibrs_pbrsb bhi spectre_v2_user old_microcode vmscape
bogomips	: 4000.00
clflush size	: 64
cache_alignment	: 64
address sizes	: 46 bits physical, 57 bits virtual
power management:

processor	: 91
vendor_id	: GenuineIntel
cpu family	: 6
model		: 143
model name	: Intel(R) Xeon(R) Platinum 8480+
stepping	: 8
microcode	: 0x2b000639
cpu MHz		: 2560.889
cache size	: 107520 KB
physical id	: 1
siblings	: 56
core id		: 35
cpu cores	: 56
apicid		: 198
initial apicid	: 198
fpu		: yes
fpu_exception	: yes
cpuid level	: 32
wp		: yes
flags		: fpu vme de pse tsc msr pae mce cx8 apic sep mtrr pge mca cmov pat pse36 clflush dts acpi mmx fxsr sse sse2 ss ht tm pbe syscall nx pdpe1gb rdtscp lm constant_tsc art arch_perfmon pebs bts rep_good nopl xtopology nonstop_tsc cpuid aperfmperf tsc_known_freq pni pclmulqdq dtes64 monitor ds_cpl vmx smx est tm2 ssse3 sdbg fma cx16 xtpr pdcm pcid dca sse4_1 sse4_2 x2apic movbe popcnt tsc_deadline_timer aes xsave avx f16c rdrand lahf_lm abm 3dnowprefetch cpuid_fault epb cat_l3 cat_l2 cdp_l3 cdp_l2 ssbd mba ibrs ibpb stibp ibrs_enhanced tpr_shadow flexpriority ept vpid ept_ad fsgsbase tsc_adjust bmi1 avx2 smep bmi2 erms invpcid cqm rdt_a avx512f avx512dq rdseed adx smap avx512ifma clflushopt clwb intel_pt avx512cd sha_ni avx512bw avx512vl xsaveopt xsavec xgetbv1 xsaves cqm_llc cqm_occup_llc cqm_mbm_total cqm_mbm_local split_lock_detect user_shstk avx_vnni avx512_bf16 wbnoinvd dtherm ida arat pln pts vnmi avx512vbmi umip pku ospke waitpkg avx512_vbmi2 gfni vaes vpclmulqdq avx512_vnni avx512_bitalg avx512_vpopcntdq la57 rdpid bus_lock_detect cldemote movdiri movdir64b enqcmd fsrm md_clear serialize tsxldtrk pconfig arch_lbr ibt amx_bf16 avx512_fp16 amx_tile amx_int8 flush_l1d arch_capabilities
vmx flags	: vnmi preemption_timer posted_intr invvpid ept_x_only ept_ad ept_1gb ept_5level flexpriority apicv tsc_offset vtpr mtf vapic ept vpid unrestricted_guest vapic_reg vid ple shadow_vmcs pml ept_violation_ve ept_mode_based_exec tsc_scaling usr_wait_pause notify_vm_exiting ipi_virt
bugs		: spectre_v1 spectre_v2 spec_store_bypass swapgs eibrs_pbrsb bhi spectre_v2_user old_microcode vmscape
bogomips	: 4000.00
clflush size	: 64
cache_alignment	: 64
address sizes	: 46 bits physical, 57 bits virtual
power management:

processor	: 92
vendor_id	: GenuineIntel
cpu family	: 6
model		: 143
model name	: Intel(R) Xeon(R) Platinum 8480+
stepping	: 8
microcode	: 0x2b000639
cpu MHz		: 3800.000
cache size	: 107520 KB
physical id	: 0
siblings	: 56
core id		: 27
cpu cores	: 56
apicid		: 54
initial apicid	: 54
fpu		: yes
fpu_exception	: yes
cpuid level	: 32
wp		: yes
flags		: fpu vme de pse tsc msr pae mce cx8 apic sep mtrr pge mca cmov pat pse36 clflush dts acpi mmx fxsr sse sse2 ss ht tm pbe syscall nx pdpe1gb rdtscp lm constant_tsc art arch_perfmon pebs bts rep_good nopl xtopology nonstop_tsc cpuid aperfmperf tsc_known_freq pni pclmulqdq dtes64 monitor ds_cpl vmx smx est tm2 ssse3 sdbg fma cx16 xtpr pdcm pcid dca sse4_1 sse4_2 x2apic movbe popcnt tsc_deadline_timer aes xsave avx f16c rdrand lahf_lm abm 3dnowprefetch cpuid_fault epb cat_l3 cat_l2 cdp_l3 cdp_l2 ssbd mba ibrs ibpb stibp ibrs_enhanced tpr_shadow flexpriority ept vpid ept_ad fsgsbase tsc_adjust bmi1 avx2 smep bmi2 erms invpcid cqm rdt_a avx512f avx512dq rdseed adx smap avx512ifma clflushopt clwb intel_pt avx512cd sha_ni avx512bw avx512vl xsaveopt xsavec xgetbv1 xsaves cqm_llc cqm_occup_llc cqm_mbm_total cqm_mbm_local split_lock_detect user_shstk avx_vnni avx512_bf16 wbnoinvd dtherm ida arat pln pts vnmi avx512vbmi umip pku ospke waitpkg avx512_vbmi2 gfni vaes vpclmulqdq avx512_vnni avx512_bitalg avx512_vpopcntdq la57 rdpid bus_lock_detect cldemote movdiri movdir64b enqcmd fsrm md_clear serialize tsxldtrk pconfig arch_lbr ibt amx_bf16 avx512_fp16 amx_tile amx_int8 flush_l1d arch_capabilities
vmx flags	: vnmi preemption_timer posted_intr invvpid ept_x_only ept_ad ept_1gb ept_5level flexpriority apicv tsc_offset vtpr mtf vapic ept vpid unrestricted_guest vapic_reg vid ple shadow_vmcs pml ept_violation_ve ept_mode_based_exec tsc_scaling usr_wait_pause notify_vm_exiting ipi_virt
bugs		: spectre_v1 spectre_v2 spec_store_bypass swapgs eibrs_pbrsb bhi spectre_v2_user old_microcode vmscape
bogomips	: 4000.00
clflush size	: 64
cache_alignment	: 64
address sizes	: 46 bits physical, 57 bits virtual
power management:

processor	: 93
vendor_id	: GenuineIntel
cpu family	: 6
model		: 143
model name	: Intel(R) Xeon(R) Platinum 8480+
stepping	: 8
microcode	: 0x2b000639
cpu MHz		: 2986.133
cache size	: 107520 KB
physical id	: 1
siblings	: 56
core id		: 27
cpu cores	: 56
apicid		: 182
initial apicid	: 182
fpu		: yes
fpu_exception	: yes
cpuid level	: 32
wp		: yes
flags		: fpu vme de pse tsc msr pae mce cx8 apic sep mtrr pge mca cmov pat pse36 clflush dts acpi mmx fxsr sse sse2 ss ht tm pbe syscall nx pdpe1gb rdtscp lm constant_tsc art arch_perfmon pebs bts rep_good nopl xtopology nonstop_tsc cpuid aperfmperf tsc_known_freq pni pclmulqdq dtes64 monitor ds_cpl vmx smx est tm2 ssse3 sdbg fma cx16 xtpr pdcm pcid dca sse4_1 sse4_2 x2apic movbe popcnt tsc_deadline_timer aes xsave avx f16c rdrand lahf_lm abm 3dnowprefetch cpuid_fault epb cat_l3 cat_l2 cdp_l3 cdp_l2 ssbd mba ibrs ibpb stibp ibrs_enhanced tpr_shadow flexpriority ept vpid ept_ad fsgsbase tsc_adjust bmi1 avx2 smep bmi2 erms invpcid cqm rdt_a avx512f avx512dq rdseed adx smap avx512ifma clflushopt clwb intel_pt avx512cd sha_ni avx512bw avx512vl xsaveopt xsavec xgetbv1 xsaves cqm_llc cqm_occup_llc cqm_mbm_total cqm_mbm_local split_lock_detect user_shstk avx_vnni avx512_bf16 wbnoinvd dtherm ida arat pln pts vnmi avx512vbmi umip pku ospke waitpkg avx512_vbmi2 gfni vaes vpclmulqdq avx512_vnni avx512_bitalg avx512_vpopcntdq la57 rdpid bus_lock_detect cldemote movdiri movdir64b enqcmd fsrm md_clear serialize tsxldtrk pconfig arch_lbr ibt amx_bf16 avx512_fp16 amx_tile amx_int8 flush_l1d arch_capabilities
vmx flags	: vnmi preemption_timer posted_intr invvpid ept_x_only ept_ad ept_1gb ept_5level flexpriority apicv tsc_offset vtpr mtf vapic ept vpid unrestricted_guest vapic_reg vid ple shadow_vmcs pml ept_violation_ve ept_mode_based_exec tsc_scaling usr_wait_pause notify_vm_exiting ipi_virt
bugs		: spectre_v1 spectre_v2 spec_store_bypass swapgs eibrs_pbrsb bhi spectre_v2_user old_microcode vmscape
bogomips	: 4000.00
clflush size	: 64
cache_alignment	: 64
address sizes	: 46 bits physical, 57 bits virtual
power management:

processor	: 94
vendor_id	: GenuineIntel
cpu family	: 6
model		: 143
model name	: Intel(R) Xeon(R) Platinum 8480+
stepping	: 8
microcode	: 0x2b000639
cpu MHz		: 3800.000
cache size	: 107520 KB
physical id	: 0
siblings	: 56
core id		: 46
cpu cores	: 56
apicid		: 92
initial apicid	: 92
fpu		: yes
fpu_exception	: yes
cpuid level	: 32
wp		: yes
flags		: fpu vme de pse tsc msr pae mce cx8 apic sep mtrr pge mca cmov pat pse36 clflush dts acpi mmx fxsr sse sse2 ss ht tm pbe syscall nx pdpe1gb rdtscp lm constant_tsc art arch_perfmon pebs bts rep_good nopl xtopology nonstop_tsc cpuid aperfmperf tsc_known_freq pni pclmulqdq dtes64 monitor ds_cpl vmx smx est tm2 ssse3 sdbg fma cx16 xtpr pdcm pcid dca sse4_1 sse4_2 x2apic movbe popcnt tsc_deadline_timer aes xsave avx f16c rdrand lahf_lm abm 3dnowprefetch cpuid_fault epb cat_l3 cat_l2 cdp_l3 cdp_l2 ssbd mba ibrs ibpb stibp ibrs_enhanced tpr_shadow flexpriority ept vpid ept_ad fsgsbase tsc_adjust bmi1 avx2 smep bmi2 erms invpcid cqm rdt_a avx512f avx512dq rdseed adx smap avx512ifma clflushopt clwb intel_pt avx512cd sha_ni avx512bw avx512vl xsaveopt xsavec xgetbv1 xsaves cqm_llc cqm_occup_llc cqm_mbm_total cqm_mbm_local split_lock_detect user_shstk avx_vnni avx512_bf16 wbnoinvd dtherm ida arat pln pts vnmi avx512vbmi umip pku ospke waitpkg avx512_vbmi2 gfni vaes vpclmulqdq avx512_vnni avx512_bitalg avx512_vpopcntdq la57 rdpid bus_lock_detect cldemote movdiri movdir64b enqcmd fsrm md_clear serialize tsxldtrk pconfig arch_lbr ibt amx_bf16 avx512_fp16 amx_tile amx_int8 flush_l1d arch_capabilities
vmx flags	: vnmi preemption_timer posted_intr invvpid ept_x_only ept_ad ept_1gb ept_5level flexpriority apicv tsc_offset vtpr mtf vapic ept vpid unrestricted_guest vapic_reg vid ple shadow_vmcs pml ept_violation_ve ept_mode_based_exec tsc_scaling usr_wait_pause notify_vm_exiting ipi_virt
bugs		: spectre_v1 spectre_v2 spec_store_bypass swapgs eibrs_pbrsb bhi spectre_v2_user old_microcode vmscape
bogomips	: 4000.00
clflush size	: 64
cache_alignment	: 64
address sizes	: 46 bits physical, 57 bits virtual
power management:

processor	: 95
vendor_id	: GenuineIntel
cpu family	: 6
model		: 143
model name	: Intel(R) Xeon(R) Platinum 8480+
stepping	: 8
microcode	: 0x2b000639
cpu MHz		: 2562.937
cache size	: 107520 KB
physical id	: 1
siblings	: 56
core id		: 46
cpu cores	: 56
apicid		: 220
initial apicid	: 220
fpu		: yes
fpu_exception	: yes
cpuid level	: 32
wp		: yes
flags		: fpu vme de pse tsc msr pae mce cx8 apic sep mtrr pge mca cmov pat pse36 clflush dts acpi mmx fxsr sse sse2 ss ht tm pbe syscall nx pdpe1gb rdtscp lm constant_tsc art arch_perfmon pebs bts rep_good nopl xtopology nonstop_tsc cpuid aperfmperf tsc_known_freq pni pclmulqdq dtes64 monitor ds_cpl vmx smx est tm2 ssse3 sdbg fma cx16 xtpr pdcm pcid dca sse4_1 sse4_2 x2apic movbe popcnt tsc_deadline_timer aes xsave avx f16c rdrand lahf_lm abm 3dnowprefetch cpuid_fault epb cat_l3 cat_l2 cdp_l3 cdp_l2 ssbd mba ibrs ibpb stibp ibrs_enhanced tpr_shadow flexpriority ept vpid ept_ad fsgsbase tsc_adjust bmi1 avx2 smep bmi2 erms invpcid cqm rdt_a avx512f avx512dq rdseed adx smap avx512ifma clflushopt clwb intel_pt avx512cd sha_ni avx512bw avx512vl xsaveopt xsavec xgetbv1 xsaves cqm_llc cqm_occup_llc cqm_mbm_total cqm_mbm_local split_lock_detect user_shstk avx_vnni avx512_bf16 wbnoinvd dtherm ida arat pln pts vnmi avx512vbmi umip pku ospke waitpkg avx512_vbmi2 gfni vaes vpclmulqdq avx512_vnni avx512_bitalg avx512_vpopcntdq la57 rdpid bus_lock_detect cldemote movdiri movdir64b enqcmd fsrm md_clear serialize tsxldtrk pconfig arch_lbr ibt amx_bf16 avx512_fp16 amx_tile amx_int8 flush_l1d arch_capabilities
vmx flags	: vnmi preemption_timer posted_intr invvpid ept_x_only ept_ad ept_1gb ept_5level flexpriority apicv tsc_offset vtpr mtf vapic ept vpid unrestricted_guest vapic_reg vid ple shadow_vmcs pml ept_violation_ve ept_mode_based_exec tsc_scaling usr_wait_pause notify_vm_exiting ipi_virt
bugs		: spectre_v1 spectre_v2 spec_store_bypass swapgs eibrs_pbrsb bhi spectre_v2_user old_microcode vmscape
bogomips	: 4000.00
clflush size	: 64
cache_alignment	: 64
address sizes	: 46 bits physical, 57 bits virtual
power management:

processor	: 96
vendor_id	: GenuineIntel
cpu family	: 6
model		: 143
model name	: Intel(R) Xeon(R) Platinum 8480+
stepping	: 8
microcode	: 0x2b000639
cpu MHz		: 3800.000
cache size	: 107520 KB
physical id	: 0
siblings	: 56
core id		: 12
cpu cores	: 56
apicid		: 24
initial apicid	: 24
fpu		: yes
fpu_exception	: yes
cpuid level	: 32
wp		: yes
flags		: fpu vme de pse tsc msr pae mce cx8 apic sep mtrr pge mca cmov pat pse36 clflush dts acpi mmx fxsr sse sse2 ss ht tm pbe syscall nx pdpe1gb rdtscp lm constant_tsc art arch_perfmon pebs bts rep_good nopl xtopology nonstop_tsc cpuid aperfmperf tsc_known_freq pni pclmulqdq dtes64 monitor ds_cpl vmx smx est tm2 ssse3 sdbg fma cx16 xtpr pdcm pcid dca sse4_1 sse4_2 x2apic movbe popcnt tsc_deadline_timer aes xsave avx f16c rdrand lahf_lm abm 3dnowprefetch cpuid_fault epb cat_l3 cat_l2 cdp_l3 cdp_l2 ssbd mba ibrs ibpb stibp ibrs_enhanced tpr_shadow flexpriority ept vpid ept_ad fsgsbase tsc_adjust bmi1 avx2 smep bmi2 erms invpcid cqm rdt_a avx512f avx512dq rdseed adx smap avx512ifma clflushopt clwb intel_pt avx512cd sha_ni avx512bw avx512vl xsaveopt xsavec xgetbv1 xsaves cqm_llc cqm_occup_llc cqm_mbm_total cqm_mbm_local split_lock_detect user_shstk avx_vnni avx512_bf16 wbnoinvd dtherm ida arat pln pts vnmi avx512vbmi umip pku ospke waitpkg avx512_vbmi2 gfni vaes vpclmulqdq avx512_vnni avx512_bitalg avx512_vpopcntdq la57 rdpid bus_lock_detect cldemote movdiri movdir64b enqcmd fsrm md_clear serialize tsxldtrk pconfig arch_lbr ibt amx_bf16 avx512_fp16 amx_tile amx_int8 flush_l1d arch_capabilities
vmx flags	: vnmi preemption_timer posted_intr invvpid ept_x_only ept_ad ept_1gb ept_5level flexpriority apicv tsc_offset vtpr mtf vapic ept vpid unrestricted_guest vapic_reg vid ple shadow_vmcs pml ept_violation_ve ept_mode_based_exec tsc_scaling usr_wait_pause notify_vm_exiting ipi_virt
bugs		: spectre_v1 spectre_v2 spec_store_bypass swapgs eibrs_pbrsb bhi spectre_v2_user old_microcode vmscape
bogomips	: 4000.00
clflush size	: 64
cache_alignment	: 64
address sizes	: 46 bits physical, 57 bits virtual
power management:

processor	: 97
vendor_id	: GenuineIntel
cpu family	: 6
model		: 143
model name	: Intel(R) Xeon(R) Platinum 8480+
stepping	: 8
microcode	: 0x2b000639
cpu MHz		: 2976.355
cache size	: 107520 KB
physical id	: 1
siblings	: 56
core id		: 12
cpu cores	: 56
apicid		: 152
initial apicid	: 152
fpu		: yes
fpu_exception	: yes
cpuid level	: 32
wp		: yes
flags		: fpu vme de pse tsc msr pae mce cx8 apic sep mtrr pge mca cmov pat pse36 clflush dts acpi mmx fxsr sse sse2 ss ht tm pbe syscall nx pdpe1gb rdtscp lm constant_tsc art arch_perfmon pebs bts rep_good nopl xtopology nonstop_tsc cpuid aperfmperf tsc_known_freq pni pclmulqdq dtes64 monitor ds_cpl vmx smx est tm2 ssse3 sdbg fma cx16 xtpr pdcm pcid dca sse4_1 sse4_2 x2apic movbe popcnt tsc_deadline_timer aes xsave avx f16c rdrand lahf_lm abm 3dnowprefetch cpuid_fault epb cat_l3 cat_l2 cdp_l3 cdp_l2 ssbd mba ibrs ibpb stibp ibrs_enhanced tpr_shadow flexpriority ept vpid ept_ad fsgsbase tsc_adjust bmi1 avx2 smep bmi2 erms invpcid cqm rdt_a avx512f avx512dq rdseed adx smap avx512ifma clflushopt clwb intel_pt avx512cd sha_ni avx512bw avx512vl xsaveopt xsavec xgetbv1 xsaves cqm_llc cqm_occup_llc cqm_mbm_total cqm_mbm_local split_lock_detect user_shstk avx_vnni avx512_bf16 wbnoinvd dtherm ida arat pln pts vnmi avx512vbmi umip pku ospke waitpkg avx512_vbmi2 gfni vaes vpclmulqdq avx512_vnni avx512_bitalg avx512_vpopcntdq la57 rdpid bus_lock_detect cldemote movdiri movdir64b enqcmd fsrm md_clear serialize tsxldtrk pconfig arch_lbr ibt amx_bf16 avx512_fp16 amx_tile amx_int8 flush_l1d arch_capabilities
vmx flags	: vnmi preemption_timer posted_intr invvpid ept_x_only ept_ad ept_1gb ept_5level flexpriority apicv tsc_offset vtpr mtf vapic ept vpid unrestricted_guest vapic_reg vid ple shadow_vmcs pml ept_violation_ve ept_mode_based_exec tsc_scaling usr_wait_pause notify_vm_exiting ipi_virt
bugs		: spectre_v1 spectre_v2 spec_store_bypass swapgs eibrs_pbrsb bhi spectre_v2_user old_microcode vmscape
bogomips	: 4000.00
clflush size	: 64
cache_alignment	: 64
address sizes	: 46 bits physical, 57 bits virtual
power management:

processor	: 98
vendor_id	: GenuineIntel
cpu family	: 6
model		: 143
model name	: Intel(R) Xeon(R) Platinum 8480+
stepping	: 8
microcode	: 0x2b000639
cpu MHz		: 2992.006
cache size	: 107520 KB
physical id	: 0
siblings	: 56
core id		: 40
cpu cores	: 56
apicid		: 80
initial apicid	: 80
fpu		: yes
fpu_exception	: yes
cpuid level	: 32
wp		: yes
flags		: fpu vme de pse tsc msr pae mce cx8 apic sep mtrr pge mca cmov pat pse36 clflush dts acpi mmx fxsr sse sse2 ss ht tm pbe syscall nx pdpe1gb rdtscp lm constant_tsc art arch_perfmon pebs bts rep_good nopl xtopology nonstop_tsc cpuid aperfmperf tsc_known_freq pni pclmulqdq dtes64 monitor ds_cpl vmx smx est tm2 ssse3 sdbg fma cx16 xtpr pdcm pcid dca sse4_1 sse4_2 x2apic movbe popcnt tsc_deadline_timer aes xsave avx f16c rdrand lahf_lm abm 3dnowprefetch cpuid_fault epb cat_l3 cat_l2 cdp_l3 cdp_l2 ssbd mba ibrs ibpb stibp ibrs_enhanced tpr_shadow flexpriority ept vpid ept_ad fsgsbase tsc_adjust bmi1 avx2 smep bmi2 erms invpcid cqm rdt_a avx512f avx512dq rdseed adx smap avx512ifma clflushopt clwb intel_pt avx512cd sha_ni avx512bw avx512vl xsaveopt xsavec xgetbv1 xsaves cqm_llc cqm_occup_llc cqm_mbm_total cqm_mbm_local split_lock_detect user_shstk avx_vnni avx512_bf16 wbnoinvd dtherm ida arat pln pts vnmi avx512vbmi umip pku ospke waitpkg avx512_vbmi2 gfni vaes vpclmulqdq avx512_vnni avx512_bitalg avx512_vpopcntdq la57 rdpid bus_lock_detect cldemote movdiri movdir64b enqcmd fsrm md_clear serialize tsxldtrk pconfig arch_lbr ibt amx_bf16 avx512_fp16 amx_tile amx_int8 flush_l1d arch_capabilities
vmx flags	: vnmi preemption_timer posted_intr invvpid ept_x_only ept_ad ept_1gb ept_5level flexpriority apicv tsc_offset vtpr mtf vapic ept vpid unrestricted_guest vapic_reg vid ple shadow_vmcs pml ept_violation_ve ept_mode_based_exec tsc_scaling usr_wait_pause notify_vm_exiting ipi_virt
bugs		: spectre_v1 spectre_v2 spec_store_bypass swapgs eibrs_pbrsb bhi spectre_v2_user old_microcode vmscape
bogomips	: 4000.00
clflush size	: 64
cache_alignment	: 64
address sizes	: 46 bits physical, 57 bits virtual
power management:

processor	: 99
vendor_id	: GenuineIntel
cpu family	: 6
model		: 143
model name	: Intel(R) Xeon(R) Platinum 8480+
stepping	: 8
microcode	: 0x2b000639
cpu MHz		: 3800.000
cache size	: 107520 KB
physical id	: 1
siblings	: 56
core id		: 39
cpu cores	: 56
apicid		: 206
initial apicid	: 206
fpu		: yes
fpu_exception	: yes
cpuid level	: 32
wp		: yes
flags		: fpu vme de pse tsc msr pae mce cx8 apic sep mtrr pge mca cmov pat pse36 clflush dts acpi mmx fxsr sse sse2 ss ht tm pbe syscall nx pdpe1gb rdtscp lm constant_tsc art arch_perfmon pebs bts rep_good nopl xtopology nonstop_tsc cpuid aperfmperf tsc_known_freq pni pclmulqdq dtes64 monitor ds_cpl vmx smx est tm2 ssse3 sdbg fma cx16 xtpr pdcm pcid dca sse4_1 sse4_2 x2apic movbe popcnt tsc_deadline_timer aes xsave avx f16c rdrand lahf_lm abm 3dnowprefetch cpuid_fault epb cat_l3 cat_l2 cdp_l3 cdp_l2 ssbd mba ibrs ibpb stibp ibrs_enhanced tpr_shadow flexpriority ept vpid ept_ad fsgsbase tsc_adjust bmi1 avx2 smep bmi2 erms invpcid cqm rdt_a avx512f avx512dq rdseed adx smap avx512ifma clflushopt clwb intel_pt avx512cd sha_ni avx512bw avx512vl xsaveopt xsavec xgetbv1 xsaves cqm_llc cqm_occup_llc cqm_mbm_total cqm_mbm_local split_lock_detect user_shstk avx_vnni avx512_bf16 wbnoinvd dtherm ida arat pln pts vnmi avx512vbmi umip pku ospke waitpkg avx512_vbmi2 gfni vaes vpclmulqdq avx512_vnni avx512_bitalg avx512_vpopcntdq la57 rdpid bus_lock_detect cldemote movdiri movdir64b enqcmd fsrm md_clear serialize tsxldtrk pconfig arch_lbr ibt amx_bf16 avx512_fp16 amx_tile amx_int8 flush_l1d arch_capabilities
vmx flags	: vnmi preemption_timer posted_intr invvpid ept_x_only ept_ad ept_1gb ept_5level flexpriority apicv tsc_offset vtpr mtf vapic ept vpid unrestricted_guest vapic_reg vid ple shadow_vmcs pml ept_violation_ve ept_mode_based_exec tsc_scaling usr_wait_pause notify_vm_exiting ipi_virt
bugs		: spectre_v1 spectre_v2 spec_store_bypass swapgs eibrs_pbrsb bhi spectre_v2_user old_microcode vmscape
bogomips	: 4000.00
clflush size	: 64
cache_alignment	: 64
address sizes	: 46 bits physical, 57 bits virtual
power management:

processor	: 100
vendor_id	: GenuineIntel
cpu family	: 6
model		: 143
model name	: Intel(R) Xeon(R) Platinum 8480+
stepping	: 8
microcode	: 0x2b000639
cpu MHz		: 3800.000
cache size	: 107520 KB
physical id	: 0
siblings	: 56
core id		: 20
cpu cores	: 56
apicid		: 40
initial apicid	: 40
fpu		: yes
fpu_exception	: yes
cpuid level	: 32
wp		: yes
flags		: fpu vme de pse tsc msr pae mce cx8 apic sep mtrr pge mca cmov pat pse36 clflush dts acpi mmx fxsr sse sse2 ss ht tm pbe syscall nx pdpe1gb rdtscp lm constant_tsc art arch_perfmon pebs bts rep_good nopl xtopology nonstop_tsc cpuid aperfmperf tsc_known_freq pni pclmulqdq dtes64 monitor ds_cpl vmx smx est tm2 ssse3 sdbg fma cx16 xtpr pdcm pcid dca sse4_1 sse4_2 x2apic movbe popcnt tsc_deadline_timer aes xsave avx f16c rdrand lahf_lm abm 3dnowprefetch cpuid_fault epb cat_l3 cat_l2 cdp_l3 cdp_l2 ssbd mba ibrs ibpb stibp ibrs_enhanced tpr_shadow flexpriority ept vpid ept_ad fsgsbase tsc_adjust bmi1 avx2 smep bmi2 erms invpcid cqm rdt_a avx512f avx512dq rdseed adx smap avx512ifma clflushopt clwb intel_pt avx512cd sha_ni avx512bw avx512vl xsaveopt xsavec xgetbv1 xsaves cqm_llc cqm_occup_llc cqm_mbm_total cqm_mbm_local split_lock_detect user_shstk avx_vnni avx512_bf16 wbnoinvd dtherm ida arat pln pts vnmi avx512vbmi umip pku ospke waitpkg avx512_vbmi2 gfni vaes vpclmulqdq avx512_vnni avx512_bitalg avx512_vpopcntdq la57 rdpid bus_lock_detect cldemote movdiri movdir64b enqcmd fsrm md_clear serialize tsxldtrk pconfig arch_lbr ibt amx_bf16 avx512_fp16 amx_tile amx_int8 flush_l1d arch_capabilities
vmx flags	: vnmi preemption_timer posted_intr invvpid ept_x_only ept_ad ept_1gb ept_5level flexpriority apicv tsc_offset vtpr mtf vapic ept vpid unrestricted_guest vapic_reg vid ple shadow_vmcs pml ept_violation_ve ept_mode_based_exec tsc_scaling usr_wait_pause notify_vm_exiting ipi_virt
bugs		: spectre_v1 spectre_v2 spec_store_bypass swapgs eibrs_pbrsb bhi spectre_v2_user old_microcode vmscape
bogomips	: 4000.00
clflush size	: 64
cache_alignment	: 64
address sizes	: 46 bits physical, 57 bits virtual
power management:

processor	: 101
vendor_id	: GenuineIntel
cpu family	: 6
model		: 143
model name	: Intel(R) Xeon(R) Platinum 8480+
stepping	: 8
microcode	: 0x2b000639
cpu MHz		: 2523.750
cache size	: 107520 KB
physical id	: 1
siblings	: 56
core id		: 20
cpu cores	: 56
apicid		: 168
initial apicid	: 168
fpu		: yes
fpu_exception	: yes
cpuid level	: 32
wp		: yes
flags		: fpu vme de pse tsc msr pae mce cx8 apic sep mtrr pge mca cmov pat pse36 clflush dts acpi mmx fxsr sse sse2 ss ht tm pbe syscall nx pdpe1gb rdtscp lm constant_tsc art arch_perfmon pebs bts rep_good nopl xtopology nonstop_tsc cpuid aperfmperf tsc_known_freq pni pclmulqdq dtes64 monitor ds_cpl vmx smx est tm2 ssse3 sdbg fma cx16 xtpr pdcm pcid dca sse4_1 sse4_2 x2apic movbe popcnt tsc_deadline_timer aes xsave avx f16c rdrand lahf_lm abm 3dnowprefetch cpuid_fault epb cat_l3 cat_l2 cdp_l3 cdp_l2 ssbd mba ibrs ibpb stibp ibrs_enhanced tpr_shadow flexpriority ept vpid ept_ad fsgsbase tsc_adjust bmi1 avx2 smep bmi2 erms invpcid cqm rdt_a avx512f avx512dq rdseed adx smap avx512ifma clflushopt clwb intel_pt avx512cd sha_ni avx512bw avx512vl xsaveopt xsavec xgetbv1 xsaves cqm_llc cqm_occup_llc cqm_mbm_total cqm_mbm_local split_lock_detect user_shstk avx_vnni avx512_bf16 wbnoinvd dtherm ida arat pln pts vnmi avx512vbmi umip pku ospke waitpkg avx512_vbmi2 gfni vaes vpclmulqdq avx512_vnni avx512_bitalg avx512_vpopcntdq la57 rdpid bus_lock_detect cldemote movdiri movdir64b enqcmd fsrm md_clear serialize tsxldtrk pconfig arch_lbr ibt amx_bf16 avx512_fp16 amx_tile amx_int8 flush_l1d arch_capabilities
vmx flags	: vnmi preemption_timer posted_intr invvpid ept_x_only ept_ad ept_1gb ept_5level flexpriority apicv tsc_offset vtpr mtf vapic ept vpid unrestricted_guest vapic_reg vid ple shadow_vmcs pml ept_violation_ve ept_mode_based_exec tsc_scaling usr_wait_pause notify_vm_exiting ipi_virt
bugs		: spectre_v1 spectre_v2 spec_store_bypass swapgs eibrs_pbrsb bhi spectre_v2_user old_microcode vmscape
bogomips	: 4000.00
clflush size	: 64
cache_alignment	: 64
address sizes	: 46 bits physical, 57 bits virtual
power management:

processor	: 102
vendor_id	: GenuineIntel
cpu family	: 6
model		: 143
model name	: Intel(R) Xeon(R) Platinum 8480+
stepping	: 8
microcode	: 0x2b000639
cpu MHz		: 3800.000
cache size	: 107520 KB
physical id	: 0
siblings	: 56
core id		: 43
cpu cores	: 56
apicid		: 86
initial apicid	: 86
fpu		: yes
fpu_exception	: yes
cpuid level	: 32
wp		: yes
flags		: fpu vme de pse tsc msr pae mce cx8 apic sep mtrr pge mca cmov pat pse36 clflush dts acpi mmx fxsr sse sse2 ss ht tm pbe syscall nx pdpe1gb rdtscp lm constant_tsc art arch_perfmon pebs bts rep_good nopl xtopology nonstop_tsc cpuid aperfmperf tsc_known_freq pni pclmulqdq dtes64 monitor ds_cpl vmx smx est tm2 ssse3 sdbg fma cx16 xtpr pdcm pcid dca sse4_1 sse4_2 x2apic movbe popcnt tsc_deadline_timer aes xsave avx f16c rdrand lahf_lm abm 3dnowprefetch cpuid_fault epb cat_l3 cat_l2 cdp_l3 cdp_l2 ssbd mba ibrs ibpb stibp ibrs_enhanced tpr_shadow flexpriority ept vpid ept_ad fsgsbase tsc_adjust bmi1 avx2 smep bmi2 erms invpcid cqm rdt_a avx512f avx512dq rdseed adx smap avx512ifma clflushopt clwb intel_pt avx512cd sha_ni avx512bw avx512vl xsaveopt xsavec xgetbv1 xsaves cqm_llc cqm_occup_llc cqm_mbm_total cqm_mbm_local split_lock_detect user_shstk avx_vnni avx512_bf16 wbnoinvd dtherm ida arat pln pts vnmi avx512vbmi umip pku ospke waitpkg avx512_vbmi2 gfni vaes vpclmulqdq avx512_vnni avx512_bitalg avx512_vpopcntdq la57 rdpid bus_lock_detect cldemote movdiri movdir64b enqcmd fsrm md_clear serialize tsxldtrk pconfig arch_lbr ibt amx_bf16 avx512_fp16 amx_tile amx_int8 flush_l1d arch_capabilities
vmx flags	: vnmi preemption_timer posted_intr invvpid ept_x_only ept_ad ept_1gb ept_5level flexpriority apicv tsc_offset vtpr mtf vapic ept vpid unrestricted_guest vapic_reg vid ple shadow_vmcs pml ept_violation_ve ept_mode_based_exec tsc_scaling usr_wait_pause notify_vm_exiting ipi_virt
bugs		: spectre_v1 spectre_v2 spec_store_bypass swapgs eibrs_pbrsb bhi spectre_v2_user old_microcode vmscape
bogomips	: 4000.00
clflush size	: 64
cache_alignment	: 64
address sizes	: 46 bits physical, 57 bits virtual
power management:

processor	: 103
vendor_id	: GenuineIntel
cpu family	: 6
model		: 143
model name	: Intel(R) Xeon(R) Platinum 8480+
stepping	: 8
microcode	: 0x2b000639
cpu MHz		: 3800.000
cache size	: 107520 KB
physical id	: 1
siblings	: 56
core id		: 43
cpu cores	: 56
apicid		: 214
initial apicid	: 214
fpu		: yes
fpu_exception	: yes
cpuid level	: 32
wp		: yes
flags		: fpu vme de pse tsc msr pae mce cx8 apic sep mtrr pge mca cmov pat pse36 clflush dts acpi mmx fxsr sse sse2 ss ht tm pbe syscall nx pdpe1gb rdtscp lm constant_tsc art arch_perfmon pebs bts rep_good nopl xtopology nonstop_tsc cpuid aperfmperf tsc_known_freq pni pclmulqdq dtes64 monitor ds_cpl vmx smx est tm2 ssse3 sdbg fma cx16 xtpr pdcm pcid dca sse4_1 sse4_2 x2apic movbe popcnt tsc_deadline_timer aes xsave avx f16c rdrand lahf_lm abm 3dnowprefetch cpuid_fault epb cat_l3 cat_l2 cdp_l3 cdp_l2 ssbd mba ibrs ibpb stibp ibrs_enhanced tpr_shadow flexpriority ept vpid ept_ad fsgsbase tsc_adjust bmi1 avx2 smep bmi2 erms invpcid cqm rdt_a avx512f avx512dq rdseed adx smap avx512ifma clflushopt clwb intel_pt avx512cd sha_ni avx512bw avx512vl xsaveopt xsavec xgetbv1 xsaves cqm_llc cqm_occup_llc cqm_mbm_total cqm_mbm_local split_lock_detect user_shstk avx_vnni avx512_bf16 wbnoinvd dtherm ida arat pln pts vnmi avx512vbmi umip pku ospke waitpkg avx512_vbmi2 gfni vaes vpclmulqdq avx512_vnni avx512_bitalg avx512_vpopcntdq la57 rdpid bus_lock_detect cldemote movdiri movdir64b enqcmd fsrm md_clear serialize tsxldtrk pconfig arch_lbr ibt amx_bf16 avx512_fp16 amx_tile amx_int8 flush_l1d arch_capabilities
vmx flags	: vnmi preemption_timer posted_intr invvpid ept_x_only ept_ad ept_1gb ept_5level flexpriority apicv tsc_offset vtpr mtf vapic ept vpid unrestricted_guest vapic_reg vid ple shadow_vmcs pml ept_violation_ve ept_mode_based_exec tsc_scaling usr_wait_pause notify_vm_exiting ipi_virt
bugs		: spectre_v1 spectre_v2 spec_store_bypass swapgs eibrs_pbrsb bhi spectre_v2_user old_microcode vmscape
bogomips	: 4000.00
clflush size	: 64
cache_alignment	: 64
address sizes	: 46 bits physical, 57 bits virtual
power management:

processor	: 104
vendor_id	: GenuineIntel
cpu family	: 6
model		: 143
model name	: Intel(R) Xeon(R) Platinum 8480+
stepping	: 8
microcode	: 0x2b000639
cpu MHz		: 2466.942
cache size	: 107520 KB
physical id	: 0
siblings	: 56
core id		: 13
cpu cores	: 56
apicid		: 26
initial apicid	: 26
fpu		: yes
fpu_exception	: yes
cpuid level	: 32
wp		: yes
flags		: fpu vme de pse tsc msr pae mce cx8 apic sep mtrr pge mca cmov pat pse36 clflush dts acpi mmx fxsr sse sse2 ss ht tm pbe syscall nx pdpe1gb rdtscp lm constant_tsc art arch_perfmon pebs bts rep_good nopl xtopology nonstop_tsc cpuid aperfmperf tsc_known_freq pni pclmulqdq dtes64 monitor ds_cpl vmx smx est tm2 ssse3 sdbg fma cx16 xtpr pdcm pcid dca sse4_1 sse4_2 x2apic movbe popcnt tsc_deadline_timer aes xsave avx f16c rdrand lahf_lm abm 3dnowprefetch cpuid_fault epb cat_l3 cat_l2 cdp_l3 cdp_l2 ssbd mba ibrs ibpb stibp ibrs_enhanced tpr_shadow flexpriority ept vpid ept_ad fsgsbase tsc_adjust bmi1 avx2 smep bmi2 erms invpcid cqm rdt_a avx512f avx512dq rdseed adx smap avx512ifma clflushopt clwb intel_pt avx512cd sha_ni avx512bw avx512vl xsaveopt xsavec xgetbv1 xsaves cqm_llc cqm_occup_llc cqm_mbm_total cqm_mbm_local split_lock_detect user_shstk avx_vnni avx512_bf16 wbnoinvd dtherm ida arat pln pts vnmi avx512vbmi umip pku ospke waitpkg avx512_vbmi2 gfni vaes vpclmulqdq avx512_vnni avx512_bitalg avx512_vpopcntdq la57 rdpid bus_lock_detect cldemote movdiri movdir64b enqcmd fsrm md_clear serialize tsxldtrk pconfig arch_lbr ibt amx_bf16 avx512_fp16 amx_tile amx_int8 flush_l1d arch_capabilities
vmx flags	: vnmi preemption_timer posted_intr invvpid ept_x_only ept_ad ept_1gb ept_5level flexpriority apicv tsc_offset vtpr mtf vapic ept vpid unrestricted_guest vapic_reg vid ple shadow_vmcs pml ept_violation_ve ept_mode_based_exec tsc_scaling usr_wait_pause notify_vm_exiting ipi_virt
bugs		: spectre_v1 spectre_v2 spec_store_bypass swapgs eibrs_pbrsb bhi spectre_v2_user old_microcode vmscape
bogomips	: 4000.00
clflush size	: 64
cache_alignment	: 64
address sizes	: 46 bits physical, 57 bits virtual
power management:

processor	: 105
vendor_id	: GenuineIntel
cpu family	: 6
model		: 143
model name	: Intel(R) Xeon(R) Platinum 8480+
stepping	: 8
microcode	: 0x2b000639
cpu MHz		: 3800.000
cache size	: 107520 KB
physical id	: 1
siblings	: 56
core id		: 13
cpu cores	: 56
apicid		: 154
initial apicid	: 154
fpu		: yes
fpu_exception	: yes
cpuid level	: 32
wp		: yes
flags		: fpu vme de pse tsc msr pae mce cx8 apic sep mtrr pge mca cmov pat pse36 clflush dts acpi mmx fxsr sse sse2 ss ht tm pbe syscall nx pdpe1gb rdtscp lm constant_tsc art arch_perfmon pebs bts rep_good nopl xtopology nonstop_tsc cpuid aperfmperf tsc_known_freq pni pclmulqdq dtes64 monitor ds_cpl vmx smx est tm2 ssse3 sdbg fma cx16 xtpr pdcm pcid dca sse4_1 sse4_2 x2apic movbe popcnt tsc_deadline_timer aes xsave avx f16c rdrand lahf_lm abm 3dnowprefetch cpuid_fault epb cat_l3 cat_l2 cdp_l3 cdp_l2 ssbd mba ibrs ibpb stibp ibrs_enhanced tpr_shadow flexpriority ept vpid ept_ad fsgsbase tsc_adjust bmi1 avx2 smep bmi2 erms invpcid cqm rdt_a avx512f avx512dq rdseed adx smap avx512ifma clflushopt clwb intel_pt avx512cd sha_ni avx512bw avx512vl xsaveopt xsavec xgetbv1 xsaves cqm_llc cqm_occup_llc cqm_mbm_total cqm_mbm_local split_lock_detect user_shstk avx_vnni avx512_bf16 wbnoinvd dtherm ida arat pln pts vnmi avx512vbmi umip pku ospke waitpkg avx512_vbmi2 gfni vaes vpclmulqdq avx512_vnni avx512_bitalg avx512_vpopcntdq la57 rdpid bus_lock_detect cldemote movdiri movdir64b enqcmd fsrm md_clear serialize tsxldtrk pconfig arch_lbr ibt amx_bf16 avx512_fp16 amx_tile amx_int8 flush_l1d arch_capabilities
vmx flags	: vnmi preemption_timer posted_intr invvpid ept_x_only ept_ad ept_1gb ept_5level flexpriority apicv tsc_offset vtpr mtf vapic ept vpid unrestricted_guest vapic_reg vid ple shadow_vmcs pml ept_violation_ve ept_mode_based_exec tsc_scaling usr_wait_pause notify_vm_exiting ipi_virt
bugs		: spectre_v1 spectre_v2 spec_store_bypass swapgs eibrs_pbrsb bhi spectre_v2_user old_microcode vmscape
bogomips	: 4000.00
clflush size	: 64
cache_alignment	: 64
address sizes	: 46 bits physical, 57 bits virtual
power management:

processor	: 106
vendor_id	: GenuineIntel
cpu family	: 6
model		: 143
model name	: Intel(R) Xeon(R) Platinum 8480+
stepping	: 8
microcode	: 0x2b000639
cpu MHz		: 2880.601
cache size	: 107520 KB
physical id	: 0
siblings	: 56
core id		: 39
cpu cores	: 56
apicid		: 78
initial apicid	: 78
fpu		: yes
fpu_exception	: yes
cpuid level	: 32
wp		: yes
flags		: fpu vme de pse tsc msr pae mce cx8 apic sep mtrr pge mca cmov pat pse36 clflush dts acpi mmx fxsr sse sse2 ss ht tm pbe syscall nx pdpe1gb rdtscp lm constant_tsc art arch_perfmon pebs bts rep_good nopl xtopology nonstop_tsc cpuid aperfmperf tsc_known_freq pni pclmulqdq dtes64 monitor ds_cpl vmx smx est tm2 ssse3 sdbg fma cx16 xtpr pdcm pcid dca sse4_1 sse4_2 x2apic movbe popcnt tsc_deadline_timer aes xsave avx f16c rdrand lahf_lm abm 3dnowprefetch cpuid_fault epb cat_l3 cat_l2 cdp_l3 cdp_l2 ssbd mba ibrs ibpb stibp ibrs_enhanced tpr_shadow flexpriority ept vpid ept_ad fsgsbase tsc_adjust bmi1 avx2 smep bmi2 erms invpcid cqm rdt_a avx512f avx512dq rdseed adx smap avx512ifma clflushopt clwb intel_pt avx512cd sha_ni avx512bw avx512vl xsaveopt xsavec xgetbv1 xsaves cqm_llc cqm_occup_llc cqm_mbm_total cqm_mbm_local split_lock_detect user_shstk avx_vnni avx512_bf16 wbnoinvd dtherm ida arat pln pts vnmi avx512vbmi umip pku ospke waitpkg avx512_vbmi2 gfni vaes vpclmulqdq avx512_vnni avx512_bitalg avx512_vpopcntdq la57 rdpid bus_lock_detect cldemote movdiri movdir64b enqcmd fsrm md_clear serialize tsxldtrk pconfig arch_lbr ibt amx_bf16 avx512_fp16 amx_tile amx_int8 flush_l1d arch_capabilities
vmx flags	: vnmi preemption_timer posted_intr invvpid ept_x_only ept_ad ept_1gb ept_5level flexpriority apicv tsc_offset vtpr mtf vapic ept vpid unrestricted_guest vapic_reg vid ple shadow_vmcs pml ept_violation_ve ept_mode_based_exec tsc_scaling usr_wait_pause notify_vm_exiting ipi_virt
bugs		: spectre_v1 spectre_v2 spec_store_bypass swapgs eibrs_pbrsb bhi spectre_v2_user old_microcode vmscape
bogomips	: 4000.00
clflush size	: 64
cache_alignment	: 64
address sizes	: 46 bits physical, 57 bits virtual
power management:

processor	: 107
vendor_id	: GenuineIntel
cpu family	: 6
model		: 143
model name	: Intel(R) Xeon(R) Platinum 8480+
stepping	: 8
microcode	: 0x2b000639
cpu MHz		: 3800.000
cache size	: 107520 KB
physical id	: 1
siblings	: 56
core id		: 38
cpu cores	: 56
apicid		: 204
initial apicid	: 204
fpu		: yes
fpu_exception	: yes
cpuid level	: 32
wp		: yes
flags		: fpu vme de pse tsc msr pae mce cx8 apic sep mtrr pge mca cmov pat pse36 clflush dts acpi mmx fxsr sse sse2 ss ht tm pbe syscall nx pdpe1gb rdtscp lm constant_tsc art arch_perfmon pebs bts rep_good nopl xtopology nonstop_tsc cpuid aperfmperf tsc_known_freq pni pclmulqdq dtes64 monitor ds_cpl vmx smx est tm2 ssse3 sdbg fma cx16 xtpr pdcm pcid dca sse4_1 sse4_2 x2apic movbe popcnt tsc_deadline_timer aes xsave avx f16c rdrand lahf_lm abm 3dnowprefetch cpuid_fault epb cat_l3 cat_l2 cdp_l3 cdp_l2 ssbd mba ibrs ibpb stibp ibrs_enhanced tpr_shadow flexpriority ept vpid ept_ad fsgsbase tsc_adjust bmi1 avx2 smep bmi2 erms invpcid cqm rdt_a avx512f avx512dq rdseed adx smap avx512ifma clflushopt clwb intel_pt avx512cd sha_ni avx512bw avx512vl xsaveopt xsavec xgetbv1 xsaves cqm_llc cqm_occup_llc cqm_mbm_total cqm_mbm_local split_lock_detect user_shstk avx_vnni avx512_bf16 wbnoinvd dtherm ida arat pln pts vnmi avx512vbmi umip pku ospke waitpkg avx512_vbmi2 gfni vaes vpclmulqdq avx512_vnni avx512_bitalg avx512_vpopcntdq la57 rdpid bus_lock_detect cldemote movdiri movdir64b enqcmd fsrm md_clear serialize tsxldtrk pconfig arch_lbr ibt amx_bf16 avx512_fp16 amx_tile amx_int8 flush_l1d arch_capabilities
vmx flags	: vnmi preemption_timer posted_intr invvpid ept_x_only ept_ad ept_1gb ept_5level flexpriority apicv tsc_offset vtpr mtf vapic ept vpid unrestricted_guest vapic_reg vid ple shadow_vmcs pml ept_violation_ve ept_mode_based_exec tsc_scaling usr_wait_pause notify_vm_exiting ipi_virt
bugs		: spectre_v1 spectre_v2 spec_store_bypass swapgs eibrs_pbrsb bhi spectre_v2_user old_microcode vmscape
bogomips	: 4000.00
clflush size	: 64
cache_alignment	: 64
address sizes	: 46 bits physical, 57 bits virtual
power management:

processor	: 108
vendor_id	: GenuineIntel
cpu family	: 6
model		: 143
model name	: Intel(R) Xeon(R) Platinum 8480+
stepping	: 8
microcode	: 0x2b000639
cpu MHz		: 2515.503
cache size	: 107520 KB
physical id	: 0
siblings	: 56
core id		: 16
cpu cores	: 56
apicid		: 32
initial apicid	: 32
fpu		: yes
fpu_exception	: yes
cpuid level	: 32
wp		: yes
flags		: fpu vme de pse tsc msr pae mce cx8 apic sep mtrr pge mca cmov pat pse36 clflush dts acpi mmx fxsr sse sse2 ss ht tm pbe syscall nx pdpe1gb rdtscp lm constant_tsc art arch_perfmon pebs bts rep_good nopl xtopology nonstop_tsc cpuid aperfmperf tsc_known_freq pni pclmulqdq dtes64 monitor ds_cpl vmx smx est tm2 ssse3 sdbg fma cx16 xtpr pdcm pcid dca sse4_1 sse4_2 x2apic movbe popcnt tsc_deadline_timer aes xsave avx f16c rdrand lahf_lm abm 3dnowprefetch cpuid_fault epb cat_l3 cat_l2 cdp_l3 cdp_l2 ssbd mba ibrs ibpb stibp ibrs_enhanced tpr_shadow flexpriority ept vpid ept_ad fsgsbase tsc_adjust bmi1 avx2 smep bmi2 erms invpcid cqm rdt_a avx512f avx512dq rdseed adx smap avx512ifma clflushopt clwb intel_pt avx512cd sha_ni avx512bw avx512vl xsaveopt xsavec xgetbv1 xsaves cqm_llc cqm_occup_llc cqm_mbm_total cqm_mbm_local split_lock_detect user_shstk avx_vnni avx512_bf16 wbnoinvd dtherm ida arat pln pts vnmi avx512vbmi umip pku ospke waitpkg avx512_vbmi2 gfni vaes vpclmulqdq avx512_vnni avx512_bitalg avx512_vpopcntdq la57 rdpid bus_lock_detect cldemote movdiri movdir64b enqcmd fsrm md_clear serialize tsxldtrk pconfig arch_lbr ibt amx_bf16 avx512_fp16 amx_tile amx_int8 flush_l1d arch_capabilities
vmx flags	: vnmi preemption_timer posted_intr invvpid ept_x_only ept_ad ept_1gb ept_5level flexpriority apicv tsc_offset vtpr mtf vapic ept vpid unrestricted_guest vapic_reg vid ple shadow_vmcs pml ept_violation_ve ept_mode_based_exec tsc_scaling usr_wait_pause notify_vm_exiting ipi_virt
bugs		: spectre_v1 spectre_v2 spec_store_bypass swapgs eibrs_pbrsb bhi spectre_v2_user old_microcode vmscape
bogomips	: 4000.00
clflush size	: 64
cache_alignment	: 64
address sizes	: 46 bits physical, 57 bits virtual
power management:

processor	: 109
vendor_id	: GenuineIntel
cpu family	: 6
model		: 143
model name	: Intel(R) Xeon(R) Platinum 8480+
stepping	: 8
microcode	: 0x2b000639
cpu MHz		: 3800.000
cache size	: 107520 KB
physical id	: 1
siblings	: 56
core id		: 16
cpu cores	: 56
apicid		: 160
initial apicid	: 160
fpu		: yes
fpu_exception	: yes
cpuid level	: 32
wp		: yes
flags		: fpu vme de pse tsc msr pae mce cx8 apic sep mtrr pge mca cmov pat pse36 clflush dts acpi mmx fxsr sse sse2 ss ht tm pbe syscall nx pdpe1gb rdtscp lm constant_tsc art arch_perfmon pebs bts rep_good nopl xtopology nonstop_tsc cpuid aperfmperf tsc_known_freq pni pclmulqdq dtes64 monitor ds_cpl vmx smx est tm2 ssse3 sdbg fma cx16 xtpr pdcm pcid dca sse4_1 sse4_2 x2apic movbe popcnt tsc_deadline_timer aes xsave avx f16c rdrand lahf_lm abm 3dnowprefetch cpuid_fault epb cat_l3 cat_l2 cdp_l3 cdp_l2 ssbd mba ibrs ibpb stibp ibrs_enhanced tpr_shadow flexpriority ept vpid ept_ad fsgsbase tsc_adjust bmi1 avx2 smep bmi2 erms invpcid cqm rdt_a avx512f avx512dq rdseed adx smap avx512ifma clflushopt clwb intel_pt avx512cd sha_ni avx512bw avx512vl xsaveopt xsavec xgetbv1 xsaves cqm_llc cqm_occup_llc cqm_mbm_total cqm_mbm_local split_lock_detect user_shstk avx_vnni avx512_bf16 wbnoinvd dtherm ida arat pln pts vnmi avx512vbmi umip pku ospke waitpkg avx512_vbmi2 gfni vaes vpclmulqdq avx512_vnni avx512_bitalg avx512_vpopcntdq la57 rdpid bus_lock_detect cldemote movdiri movdir64b enqcmd fsrm md_clear serialize tsxldtrk pconfig arch_lbr ibt amx_bf16 avx512_fp16 amx_tile amx_int8 flush_l1d arch_capabilities
vmx flags	: vnmi preemption_timer posted_intr invvpid ept_x_only ept_ad ept_1gb ept_5level flexpriority apicv tsc_offset vtpr mtf vapic ept vpid unrestricted_guest vapic_reg vid ple shadow_vmcs pml ept_violation_ve ept_mode_based_exec tsc_scaling usr_wait_pause notify_vm_exiting ipi_virt
bugs		: spectre_v1 spectre_v2 spec_store_bypass swapgs eibrs_pbrsb bhi spectre_v2_user old_microcode vmscape
bogomips	: 4000.00
clflush size	: 64
cache_alignment	: 64
address sizes	: 46 bits physical, 57 bits virtual
power management:

processor	: 110
vendor_id	: GenuineIntel
cpu family	: 6
model		: 143
model name	: Intel(R) Xeon(R) Platinum 8480+
stepping	: 8
microcode	: 0x2b000639
cpu MHz		: 2607.505
cache size	: 107520 KB
physical id	: 0
siblings	: 56
core id		: 42
cpu cores	: 56
apicid		: 84
initial apicid	: 84
fpu		: yes
fpu_exception	: yes
cpuid level	: 32
wp		: yes
flags		: fpu vme de pse tsc msr pae mce cx8 apic sep mtrr pge mca cmov pat pse36 clflush dts acpi mmx fxsr sse sse2 ss ht tm pbe syscall nx pdpe1gb rdtscp lm constant_tsc art arch_perfmon pebs bts rep_good nopl xtopology nonstop_tsc cpuid aperfmperf tsc_known_freq pni pclmulqdq dtes64 monitor ds_cpl vmx smx est tm2 ssse3 sdbg fma cx16 xtpr pdcm pcid dca sse4_1 sse4_2 x2apic movbe popcnt tsc_deadline_timer aes xsave avx f16c rdrand lahf_lm abm 3dnowprefetch cpuid_fault epb cat_l3 cat_l2 cdp_l3 cdp_l2 ssbd mba ibrs ibpb stibp ibrs_enhanced tpr_shadow flexpriority ept vpid ept_ad fsgsbase tsc_adjust bmi1 avx2 smep bmi2 erms invpcid cqm rdt_a avx512f avx512dq rdseed adx smap avx512ifma clflushopt clwb intel_pt avx512cd sha_ni avx512bw avx512vl xsaveopt xsavec xgetbv1 xsaves cqm_llc cqm_occup_llc cqm_mbm_total cqm_mbm_local split_lock_detect user_shstk avx_vnni avx512_bf16 wbnoinvd dtherm ida arat pln pts vnmi avx512vbmi umip pku ospke waitpkg avx512_vbmi2 gfni vaes vpclmulqdq avx512_vnni avx512_bitalg avx512_vpopcntdq la57 rdpid bus_lock_detect cldemote movdiri movdir64b enqcmd fsrm md_clear serialize tsxldtrk pconfig arch_lbr ibt amx_bf16 avx512_fp16 amx_tile amx_int8 flush_l1d arch_capabilities
vmx flags	: vnmi preemption_timer posted_intr invvpid ept_x_only ept_ad ept_1gb ept_5level flexpriority apicv tsc_offset vtpr mtf vapic ept vpid unrestricted_guest vapic_reg vid ple shadow_vmcs pml ept_violation_ve ept_mode_based_exec tsc_scaling usr_wait_pause notify_vm_exiting ipi_virt
bugs		: spectre_v1 spectre_v2 spec_store_bypass swapgs eibrs_pbrsb bhi spectre_v2_user old_microcode vmscape
bogomips	: 4000.00
clflush size	: 64
cache_alignment	: 64
address sizes	: 46 bits physical, 57 bits virtual
power management:

processor	: 111
vendor_id	: GenuineIntel
cpu family	: 6
model		: 143
model name	: Intel(R) Xeon(R) Platinum 8480+
stepping	: 8
microcode	: 0x2b000639
cpu MHz		: 2555.944
cache size	: 107520 KB
physical id	: 1
siblings	: 56
core id		: 42
cpu cores	: 56
apicid		: 212
initial apicid	: 212
fpu		: yes
fpu_exception	: yes
cpuid level	: 32
wp		: yes
flags		: fpu vme de pse tsc msr pae mce cx8 apic sep mtrr pge mca cmov pat pse36 clflush dts acpi mmx fxsr sse sse2 ss ht tm pbe syscall nx pdpe1gb rdtscp lm constant_tsc art arch_perfmon pebs bts rep_good nopl xtopology nonstop_tsc cpuid aperfmperf tsc_known_freq pni pclmulqdq dtes64 monitor ds_cpl vmx smx est tm2 ssse3 sdbg fma cx16 xtpr pdcm pcid dca sse4_1 sse4_2 x2apic movbe popcnt tsc_deadline_timer aes xsave avx f16c rdrand lahf_lm abm 3dnowprefetch cpuid_fault epb cat_l3 cat_l2 cdp_l3 cdp_l2 ssbd mba ibrs ibpb stibp ibrs_enhanced tpr_shadow flexpriority ept vpid ept_ad fsgsbase tsc_adjust bmi1 avx2 smep bmi2 erms invpcid cqm rdt_a avx512f avx512dq rdseed adx smap avx512ifma clflushopt clwb intel_pt avx512cd sha_ni avx512bw avx512vl xsaveopt xsavec xgetbv1 xsaves cqm_llc cqm_occup_llc cqm_mbm_total cqm_mbm_local split_lock_detect user_shstk avx_vnni avx512_bf16 wbnoinvd dtherm ida arat pln pts vnmi avx512vbmi umip pku ospke waitpkg avx512_vbmi2 gfni vaes vpclmulqdq avx512_vnni avx512_bitalg avx512_vpopcntdq la57 rdpid bus_lock_detect cldemote movdiri movdir64b enqcmd fsrm md_clear serialize tsxldtrk pconfig arch_lbr ibt amx_bf16 avx512_fp16 amx_tile amx_int8 flush_l1d arch_capabilities
vmx flags	: vnmi preemption_timer posted_intr invvpid ept_x_only ept_ad ept_1gb ept_5level flexpriority apicv tsc_offset vtpr mtf vapic ept vpid unrestricted_guest vapic_reg vid ple shadow_vmcs pml ept_violation_ve ept_mode_based_exec tsc_scaling usr_wait_pause notify_vm_exiting ipi_virt
bugs		: spectre_v1 spectre_v2 spec_store_bypass swapgs eibrs_pbrsb bhi spectre_v2_user old_microcode vmscape
bogomips	: 4000.00
clflush size	: 64
cache_alignment	: 64
address sizes	: 46 bits physical, 57 bits virtual
power management:

Running growth rate 1% for 3 years.
./output/3y/mass_cuda-static-output-3y-1p.edgelist
./output/3y/mass_cuda-static-output-3y-1p.aux
Citation Network ABM – MASS CUDA
=================================

Out-degree bag: 3980408 entries
Recency probs:  355 entries
BFS batches:    25 per year

=== Initializing Citation ABM ===

Inside parseNodelist...
Populating continuous node mappings (491532 nodes)...
parseNodelist done in 553 ms (491532 nodes)

Inside parseEdgelist...
parseEdgelist done in 185 ms (899050 edges)
Seed max year: 1982  → simulation starts at 1983
Max population: 508428
Seed population: 491532 papers
  DeviceGraph: fwd=899050 bwd=899050 edges
Initialization complete


=== Simulation Start ===

--- Year 1983 (pop: 491532) ---
  Adding 4916 new papers
  DeviceGraph: fwd=899050 bwd=899050 edges
  Processing 4916 papers in 25 batches of ~197
  NeighborhoodSlab: 197 threads × 2304 KB = 443 MB
  Batch 0 [0,197) done in 258 ms  h_edges=902863
  NeighborhoodSlab: 197 threads × 2304 KB = 443 MB
  Batch 1 [197,394) done in 240 ms  h_edges=906357
  NeighborhoodSlab: 197 threads × 2304 KB = 443 MB
  Batch 2 [394,591) done in 286 ms  h_edges=910851
  NeighborhoodSlab: 197 threads × 2304 KB = 443 MB
  Batch 3 [591,788) done in 258 ms  h_edges=915234
  NeighborhoodSlab: 197 threads × 2304 KB = 443 MB
  Batch 4 [788,985) done in 288 ms  h_edges=918709
  NeighborhoodSlab: 197 threads × 2304 KB = 443 MB
  Batch 5 [985,1182) done in 207 ms  h_edges=922770
  NeighborhoodSlab: 197 threads × 2304 KB = 443 MB
  Batch 6 [1182,1379) done in 253 ms  h_edges=926375
  NeighborhoodSlab: 197 threads × 2304 KB = 443 MB
  Batch 7 [1379,1576) done in 240 ms  h_edges=930436
  NeighborhoodSlab: 197 threads × 2304 KB = 443 MB
  Batch 8 [1576,1773) done in 292 ms  h_edges=934538
  NeighborhoodSlab: 197 threads × 2304 KB = 443 MB
  Batch 9 [1773,1970) done in 287 ms  h_edges=938647
  NeighborhoodSlab: 197 threads × 2304 KB = 443 MB
  Batch 10 [1970,2167) done in 219 ms  h_edges=942241
  NeighborhoodSlab: 197 threads × 2304 KB = 443 MB
  Batch 11 [2167,2364) done in 255 ms  h_edges=945975
  NeighborhoodSlab: 197 threads × 2304 KB = 443 MB
  Batch 12 [2364,2561) done in 205 ms  h_edges=949585
  NeighborhoodSlab: 197 threads × 2304 KB = 443 MB
  Batch 13 [2561,2758) done in 253 ms  h_edges=953633
  NeighborhoodSlab: 197 threads × 2304 KB = 443 MB
  Batch 14 [2758,2955) done in 286 ms  h_edges=957946
  NeighborhoodSlab: 197 threads × 2304 KB = 443 MB
  Batch 15 [2955,3152) done in 252 ms  h_edges=961442
  NeighborhoodSlab: 197 threads × 2304 KB = 443 MB
  Batch 16 [3152,3349) done in 259 ms  h_edges=965420
  NeighborhoodSlab: 197 threads × 2304 KB = 443 MB
  Batch 17 [3349,3546) done in 291 ms  h_edges=969322
  NeighborhoodSlab: 197 threads × 2304 KB = 443 MB
  Batch 18 [3546,3743) done in 323 ms  h_edges=973076
  NeighborhoodSlab: 197 threads × 2304 KB = 443 MB
  Batch 19 [3743,3940) done in 261 ms  h_edges=976534
  NeighborhoodSlab: 197 threads × 2304 KB = 443 MB
  Batch 20 [3940,4137) done in 203 ms  h_edges=980463
  NeighborhoodSlab: 197 threads × 2304 KB = 443 MB
  Batch 21 [4137,4334) done in 247 ms  h_edges=984474
  NeighborhoodSlab: 197 threads × 2304 KB = 443 MB
  Batch 22 [4334,4531) done in 252 ms  h_edges=987856
  NeighborhoodSlab: 197 threads × 2304 KB = 443 MB
  Batch 23 [4531,4728) done in 278 ms  h_edges=992125
  NeighborhoodSlab: 188 threads × 2304 KB = 423 MB
  Batch 24 [4728,4916) done in 237 ms  h_edges=995592
  DeviceGraph: fwd=995592 bwd=995592 edges
  Year 1983 total: 8332 ms  (pop: 496448)

--- Year 1984 (pop: 496448) ---
  Adding 4965 new papers
  DeviceGraph: fwd=995592 bwd=995592 edges
  Processing 4965 papers in 25 batches of ~199
  NeighborhoodSlab: 199 threads × 2304 KB = 447 MB
  Batch 0 [0,199) done in 251 ms  h_edges=999700
  NeighborhoodSlab: 199 threads × 2304 KB = 447 MB
  Batch 1 [199,398) done in 293 ms  h_edges=1003303
  NeighborhoodSlab: 199 threads × 2304 KB = 447 MB
  Batch 2 [398,597) done in 261 ms  h_edges=1007980
  NeighborhoodSlab: 199 threads × 2304 KB = 447 MB
  Batch 3 [597,796) done in 214 ms  h_edges=1011310
  NeighborhoodSlab: 199 threads × 2304 KB = 447 MB
  Batch 4 [796,995) done in 214 ms  h_edges=1015479
  NeighborhoodSlab: 199 threads × 2304 KB = 447 MB
  Batch 5 [995,1194) done in 257 ms  h_edges=1018901
  NeighborhoodSlab: 199 threads × 2304 KB = 447 MB
  Batch 6 [1194,1393) done in 256 ms  h_edges=1022301
  NeighborhoodSlab: 199 threads × 2304 KB = 447 MB
  Batch 7 [1393,1592) done in 304 ms  h_edges=1026030
  NeighborhoodSlab: 199 threads × 2304 KB = 447 MB
  Batch 8 [1592,1791) done in 255 ms  h_edges=1030007
  NeighborhoodSlab: 199 threads × 2304 KB = 447 MB
  Batch 9 [1791,1990) done in 259 ms  h_edges=1034050
  NeighborhoodSlab: 199 threads × 2304 KB = 447 MB
  Batch 10 [1990,2189) done in 252 ms  h_edges=1037806
  NeighborhoodSlab: 199 threads × 2304 KB = 447 MB
  Batch 11 [2189,2388) done in 281 ms  h_edges=1041587
  NeighborhoodSlab: 199 threads × 2304 KB = 447 MB
  Batch 12 [2388,2587) done in 248 ms  h_edges=1045366
  NeighborhoodSlab: 199 threads × 2304 KB = 447 MB
  Batch 13 [2587,2786) done in 250 ms  h_edges=1049287
  NeighborhoodSlab: 199 threads × 2304 KB = 447 MB
  Batch 14 [2786,2985) done in 249 ms  h_edges=1053174
  NeighborhoodSlab: 199 threads × 2304 KB = 447 MB
  Batch 15 [2985,3184) done in 255 ms  h_edges=1057550
  NeighborhoodSlab: 199 threads × 2304 KB = 447 MB
  Batch 16 [3184,3383) done in 289 ms  h_edges=1061501
  NeighborhoodSlab: 199 threads × 2304 KB = 447 MB
  Batch 17 [3383,3582) done in 253 ms  h_edges=1065493
  NeighborhoodSlab: 199 threads × 2304 KB = 447 MB
  Batch 18 [3582,3781) done in 248 ms  h_edges=1069358
  NeighborhoodSlab: 199 threads × 2304 KB = 447 MB
  Batch 19 [3781,3980) done in 337 ms  h_edges=1072884
  NeighborhoodSlab: 199 threads × 2304 KB = 447 MB
  Batch 20 [3980,4179) done in 251 ms  h_edges=1076708
  NeighborhoodSlab: 199 threads × 2304 KB = 447 MB
  Batch 21 [4179,4378) done in 258 ms  h_edges=1081227
  NeighborhoodSlab: 199 threads × 2304 KB = 447 MB
  Batch 22 [4378,4577) done in 246 ms  h_edges=1084443
  NeighborhoodSlab: 199 threads × 2304 KB = 447 MB
  Batch 23 [4577,4776) done in 220 ms  h_edges=1087725
  NeighborhoodSlab: 189 threads × 2304 KB = 425 MB
  Batch 24 [4776,4965) done in 253 ms  h_edges=1091784
  DeviceGraph: fwd=1091784 bwd=1091784 edges
  Year 1984 total: 8440 ms  (pop: 501413)

--- Year 1985 (pop: 501413) ---
  Adding 5015 new papers
  DeviceGraph: fwd=1091784 bwd=1091784 edges
  Processing 5015 papers in 25 batches of ~201
  NeighborhoodSlab: 201 threads × 2304 KB = 452 MB
  Batch 0 [0,201) done in 350 ms  h_edges=1095980
  NeighborhoodSlab: 201 threads × 2304 KB = 452 MB
  Batch 1 [201,402) done in 301 ms  h_edges=1099792
  NeighborhoodSlab: 201 threads × 2304 KB = 452 MB
  Batch 2 [402,603) done in 270 ms  h_edges=1103818
  NeighborhoodSlab: 201 threads × 2304 KB = 452 MB
  Batch 3 [603,804) done in 306 ms  h_edges=1107133
  NeighborhoodSlab: 201 threads × 2304 KB = 452 MB
  Batch 4 [804,1005) done in 216 ms  h_edges=1110829
  NeighborhoodSlab: 201 threads × 2304 KB = 452 MB
  Batch 5 [1005,1206) done in 257 ms  h_edges=1114273
  NeighborhoodSlab: 201 threads × 2304 KB = 452 MB
  Batch 6 [1206,1407) done in 296 ms  h_edges=1119086
  NeighborhoodSlab: 201 threads × 2304 KB = 452 MB
  Batch 7 [1407,1608) done in 262 ms  h_edges=1123160
  NeighborhoodSlab: 201 threads × 2304 KB = 452 MB
  Batch 8 [1608,1809) done in 257 ms  h_edges=1127301
  NeighborhoodSlab: 201 threads × 2304 KB = 452 MB
  Batch 9 [1809,2010) done in 296 ms  h_edges=1131231
  NeighborhoodSlab: 201 threads × 2304 KB = 452 MB
  Batch 10 [2010,2211) done in 299 ms  h_edges=1135535
  NeighborhoodSlab: 201 threads × 2304 KB = 452 MB
  Batch 11 [2211,2412) done in 258 ms  h_edges=1139405
  NeighborhoodSlab: 201 threads × 2304 KB = 452 MB
  Batch 12 [2412,2613) done in 256 ms  h_edges=1143374
  NeighborhoodSlab: 201 threads × 2304 KB = 452 MB
  Batch 13 [2613,2814) done in 246 ms  h_edges=1147277
  NeighborhoodSlab: 201 threads × 2304 KB = 452 MB
  Batch 14 [2814,3015) done in 213 ms  h_edges=1150921
  NeighborhoodSlab: 201 threads × 2304 KB = 452 MB
  Batch 15 [3015,3216) done in 255 ms  h_edges=1154866
  NeighborhoodSlab: 201 threads × 2304 KB = 452 MB
  Batch 16 [3216,3417) done in 220 ms  h_edges=1159160
  NeighborhoodSlab: 201 threads × 2304 KB = 452 MB
  Batch 17 [3417,3618) done in 266 ms  h_edges=1162888
  NeighborhoodSlab: 201 threads × 2304 KB = 452 MB
  Batch 18 [3618,3819) done in 294 ms  h_edges=1166654
  NeighborhoodSlab: 201 threads × 2304 KB = 452 MB
  Batch 19 [3819,4020) done in 258 ms  h_edges=1170347
  NeighborhoodSlab: 201 threads × 2304 KB = 452 MB
  Batch 20 [4020,4221) done in 251 ms  h_edges=1174422
  NeighborhoodSlab: 201 threads × 2304 KB = 452 MB
  Batch 21 [4221,4422) done in 226 ms  h_edges=1177810
  NeighborhoodSlab: 201 threads × 2304 KB = 452 MB
  Batch 22 [4422,4623) done in 263 ms  h_edges=1181957
  NeighborhoodSlab: 201 threads × 2304 KB = 452 MB
  Batch 23 [4623,4824) done in 339 ms  h_edges=1185587
  NeighborhoodSlab: 191 threads × 2304 KB = 429 MB
  Batch 24 [4824,5015) done in 217 ms  h_edges=1189148
  DeviceGraph: fwd=1189148 bwd=1189148 edges
  Year 1985 total: 8826 ms  (pop: 506428)

=== Simulation Complete ===
Total: 25 s  Final pop: 506428

=== Exporting Results ===
Edges saved: ./output/3y/mass_cuda-static-output-3y-1p.edgelist (1189148)
Attributes saved: ./output/3y/mass_cuda-static-output-3y-1p.aux (506428 rows)

Done.

real	0m31.558s
user	0m29.820s
sys	0m1.088s
Running growth rate 3% for 3 years.
./output/3y/mass_cuda-static-output-3y-3p.edgelist
./output/3y/mass_cuda-static-output-3y-3p.aux
Citation Network ABM – MASS CUDA
=================================

Out-degree bag: 3980408 entries
Recency probs:  355 entries
BFS batches:    25 per year

=== Initializing Citation ABM ===

Inside parseNodelist...
Populating continuous node mappings (491532 nodes)...
parseNodelist done in 549 ms (491532 nodes)

Inside parseEdgelist...
parseEdgelist done in 159 ms (899050 edges)
Seed max year: 1982  → simulation starts at 1983
Max population: 539112
Seed population: 491532 papers
  DeviceGraph: fwd=899050 bwd=899050 edges
Initialization complete


=== Simulation Start ===

--- Year 1983 (pop: 491532) ---
  Adding 14746 new papers
  DeviceGraph: fwd=899050 bwd=899050 edges
  Processing 14746 papers in 25 batches of ~590
  NeighborhoodSlab: 590 threads × 2304 KB = 1327 MB
  Batch 0 [0,590) done in 280 ms  h_edges=910719
  NeighborhoodSlab: 590 threads × 2304 KB = 1327 MB
  Batch 1 [590,1180) done in 318 ms  h_edges=922172
  NeighborhoodSlab: 590 threads × 2304 KB = 1327 MB
  Batch 2 [1180,1770) done in 313 ms  h_edges=933671
  NeighborhoodSlab: 590 threads × 2304 KB = 1327 MB
  Batch 3 [1770,2360) done in 304 ms  h_edges=944298
  NeighborhoodSlab: 590 threads × 2304 KB = 1327 MB
  Batch 4 [2360,2950) done in 293 ms  h_edges=954941
  NeighborhoodSlab: 590 threads × 2304 KB = 1327 MB
  Batch 5 [2950,3540) done in 279 ms  h_edges=966252
  NeighborhoodSlab: 590 threads × 2304 KB = 1327 MB
  Batch 6 [3540,4130) done in 297 ms  h_edges=977894
  NeighborhoodSlab: 590 threads × 2304 KB = 1327 MB
  Batch 7 [4130,4720) done in 337 ms  h_edges=989924
  NeighborhoodSlab: 590 threads × 2304 KB = 1327 MB
  Batch 8 [4720,5310) done in 340 ms  h_edges=1002991
  NeighborhoodSlab: 590 threads × 2304 KB = 1327 MB
  Batch 9 [5310,5900) done in 296 ms  h_edges=1014740
  NeighborhoodSlab: 590 threads × 2304 KB = 1327 MB
  Batch 10 [5900,6490) done in 293 ms  h_edges=1027084
  NeighborhoodSlab: 590 threads × 2304 KB = 1327 MB
  Batch 11 [6490,7080) done in 366 ms  h_edges=1037758
  NeighborhoodSlab: 590 threads × 2304 KB = 1327 MB
  Batch 12 [7080,7670) done in 302 ms  h_edges=1048568
  NeighborhoodSlab: 590 threads × 2304 KB = 1327 MB
  Batch 13 [7670,8260) done in 289 ms  h_edges=1058725
  NeighborhoodSlab: 590 threads × 2304 KB = 1327 MB
  Batch 14 [8260,8850) done in 337 ms  h_edges=1070416
  NeighborhoodSlab: 590 threads × 2304 KB = 1327 MB
  Batch 15 [8850,9440) done in 335 ms  h_edges=1082406
  NeighborhoodSlab: 590 threads × 2304 KB = 1327 MB
  Batch 16 [9440,10030) done in 328 ms  h_edges=1094613
  NeighborhoodSlab: 590 threads × 2304 KB = 1327 MB
  Batch 17 [10030,10620) done in 298 ms  h_edges=1106831
  NeighborhoodSlab: 590 threads × 2304 KB = 1327 MB
  Batch 18 [10620,11210) done in 334 ms  h_edges=1117352
  NeighborhoodSlab: 590 threads × 2304 KB = 1327 MB
  Batch 19 [11210,11800) done in 289 ms  h_edges=1128863
  NeighborhoodSlab: 590 threads × 2304 KB = 1327 MB
  Batch 20 [11800,12390) done in 379 ms  h_edges=1139187
  NeighborhoodSlab: 590 threads × 2304 KB = 1327 MB
  Batch 21 [12390,12980) done in 322 ms  h_edges=1150694
  NeighborhoodSlab: 590 threads × 2304 KB = 1327 MB
  Batch 22 [12980,13570) done in 293 ms  h_edges=1162491
  NeighborhoodSlab: 590 threads × 2304 KB = 1327 MB
  Batch 23 [13570,14160) done in 295 ms  h_edges=1174865
  NeighborhoodSlab: 586 threads × 2304 KB = 1318 MB
  Batch 24 [14160,14746) done in 297 ms  h_edges=1185853
  DeviceGraph: fwd=1185853 bwd=1185853 edges
  Year 1983 total: 9563 ms  (pop: 506278)

--- Year 1984 (pop: 506278) ---
  Adding 15189 new papers
  DeviceGraph: fwd=1185853 bwd=1185853 edges
  Processing 15189 papers in 25 batches of ~608
  NeighborhoodSlab: 608 threads × 2304 KB = 1368 MB
  Batch 0 [0,608) done in 339 ms  h_edges=1198007
  NeighborhoodSlab: 608 threads × 2304 KB = 1368 MB
  Batch 1 [608,1216) done in 308 ms  h_edges=1209911
  NeighborhoodSlab: 608 threads × 2304 KB = 1368 MB
  Batch 2 [1216,1824) done in 347 ms  h_edges=1220699
  NeighborhoodSlab: 608 threads × 2304 KB = 1368 MB
  Batch 3 [1824,2432) done in 333 ms  h_edges=1232857
  NeighborhoodSlab: 608 threads × 2304 KB = 1368 MB
  Batch 4 [2432,3040) done in 340 ms  h_edges=1245192
  NeighborhoodSlab: 608 threads × 2304 KB = 1368 MB
  Batch 5 [3040,3648) done in 353 ms  h_edges=1257160
  NeighborhoodSlab: 608 threads × 2304 KB = 1368 MB
  Batch 6 [3648,4256) done in 373 ms  h_edges=1268236
  NeighborhoodSlab: 608 threads × 2304 KB = 1368 MB
  Batch 7 [4256,4864) done in 387 ms  h_edges=1281750
  NeighborhoodSlab: 608 threads × 2304 KB = 1368 MB
  Batch 8 [4864,5472) done in 330 ms  h_edges=1294333
  NeighborhoodSlab: 608 threads × 2304 KB = 1368 MB
  Batch 9 [5472,6080) done in 373 ms  h_edges=1306679
  NeighborhoodSlab: 608 threads × 2304 KB = 1368 MB
  Batch 10 [6080,6688) done in 332 ms  h_edges=1317318
  NeighborhoodSlab: 608 threads × 2304 KB = 1368 MB
  Batch 11 [6688,7296) done in 323 ms  h_edges=1329180
  NeighborhoodSlab: 608 threads × 2304 KB = 1368 MB
  Batch 12 [7296,7904) done in 368 ms  h_edges=1341688
  NeighborhoodSlab: 608 threads × 2304 KB = 1368 MB
  Batch 13 [7904,8512) done in 332 ms  h_edges=1354544
  NeighborhoodSlab: 608 threads × 2304 KB = 1368 MB
  Batch 14 [8512,9120) done in 380 ms  h_edges=1366663
  NeighborhoodSlab: 608 threads × 2304 KB = 1368 MB
  Batch 15 [9120,9728) done in 341 ms  h_edges=1381067
  NeighborhoodSlab: 608 threads × 2304 KB = 1368 MB
  Batch 16 [9728,10336) done in 350 ms  h_edges=1392249
  NeighborhoodSlab: 608 threads × 2304 KB = 1368 MB
  Batch 17 [10336,10944) done in 317 ms  h_edges=1403081
  NeighborhoodSlab: 608 threads × 2304 KB = 1368 MB
  Batch 18 [10944,11552) done in 353 ms  h_edges=1414625
  NeighborhoodSlab: 608 threads × 2304 KB = 1368 MB
  Batch 19 [11552,12160) done in 304 ms  h_edges=1426774
  NeighborhoodSlab: 608 threads × 2304 KB = 1368 MB
  Batch 20 [12160,12768) done in 338 ms  h_edges=1438764
  NeighborhoodSlab: 608 threads × 2304 KB = 1368 MB
  Batch 21 [12768,13376) done in 343 ms  h_edges=1451231
  NeighborhoodSlab: 608 threads × 2304 KB = 1368 MB
  Batch 22 [13376,13984) done in 341 ms  h_edges=1462744
  NeighborhoodSlab: 608 threads × 2304 KB = 1368 MB
  Batch 23 [13984,14592) done in 352 ms  h_edges=1475177
  NeighborhoodSlab: 597 threads × 2304 KB = 1343 MB
  Batch 24 [14592,15189) done in 369 ms  h_edges=1484959
  DeviceGraph: fwd=1484959 bwd=1484959 edges
  Year 1984 total: 10812 ms  (pop: 521467)

--- Year 1985 (pop: 521467) ---
  Adding 15645 new papers
  DeviceGraph: fwd=1484959 bwd=1484959 edges
  Processing 15645 papers in 25 batches of ~626
  NeighborhoodSlab: 626 threads × 2304 KB = 1408 MB
  Batch 0 [0,626) done in 396 ms  h_edges=1497280
  NeighborhoodSlab: 626 threads × 2304 KB = 1408 MB
  Batch 1 [626,1252) done in 367 ms  h_edges=1509467
  NeighborhoodSlab: 626 threads × 2304 KB = 1408 MB
  Batch 2 [1252,1878) done in 366 ms  h_edges=1520954
  NeighborhoodSlab: 626 threads × 2304 KB = 1408 MB
  Batch 3 [1878,2504) done in 434 ms  h_edges=1533337
  NeighborhoodSlab: 626 threads × 2304 KB = 1408 MB
  Batch 4 [2504,3130) done in 352 ms  h_edges=1545551
  NeighborhoodSlab: 626 threads × 2304 KB = 1408 MB
  Batch 5 [3130,3756) done in 446 ms  h_edges=1557393
  NeighborhoodSlab: 626 threads × 2304 KB = 1408 MB
  Batch 6 [3756,4382) done in 363 ms  h_edges=1569206
  NeighborhoodSlab: 626 threads × 2304 KB = 1408 MB
  Batch 7 [4382,5008) done in 391 ms  h_edges=1581859
  NeighborhoodSlab: 626 threads × 2304 KB = 1408 MB
  Batch 8 [5008,5634) done in 352 ms  h_edges=1594007
  NeighborhoodSlab: 626 threads × 2304 KB = 1408 MB
  Batch 9 [5634,6260) done in 408 ms  h_edges=1606142
  NeighborhoodSlab: 626 threads × 2304 KB = 1408 MB
  Batch 10 [6260,6886) done in 411 ms  h_edges=1618596
  NeighborhoodSlab: 626 threads × 2304 KB = 1408 MB
  Batch 11 [6886,7512) done in 403 ms  h_edges=1631183
  NeighborhoodSlab: 626 threads × 2304 KB = 1408 MB
  Batch 12 [7512,8138) done in 405 ms  h_edges=1644839
  NeighborhoodSlab: 626 threads × 2304 KB = 1408 MB
  Batch 13 [8138,8764) done in 358 ms  h_edges=1657297
  NeighborhoodSlab: 626 threads × 2304 KB = 1408 MB
  Batch 14 [8764,9390) done in 389 ms  h_edges=1668793
  NeighborhoodSlab: 626 threads × 2304 KB = 1408 MB
  Batch 15 [9390,10016) done in 399 ms  h_edges=1681733
  NeighborhoodSlab: 626 threads × 2304 KB = 1408 MB
  Batch 16 [10016,10642) done in 358 ms  h_edges=1693269
  NeighborhoodSlab: 626 threads × 2304 KB = 1408 MB
  Batch 17 [10642,11268) done in 372 ms  h_edges=1706704
  NeighborhoodSlab: 626 threads × 2304 KB = 1408 MB
  Batch 18 [11268,11894) done in 452 ms  h_edges=1719684
  NeighborhoodSlab: 626 threads × 2304 KB = 1408 MB
  Batch 19 [11894,12520) done in 369 ms  h_edges=1732108
  NeighborhoodSlab: 626 threads × 2304 KB = 1408 MB
  Batch 20 [12520,13146) done in 434 ms  h_edges=1744204
  NeighborhoodSlab: 626 threads × 2304 KB = 1408 MB
  Batch 21 [13146,13772) done in 399 ms  h_edges=1755463
  NeighborhoodSlab: 626 threads × 2304 KB = 1408 MB
  Batch 22 [13772,14398) done in 408 ms  h_edges=1767806
  NeighborhoodSlab: 626 threads × 2304 KB = 1408 MB
  Batch 23 [14398,15024) done in 342 ms  h_edges=1780228
  NeighborhoodSlab: 621 threads × 2304 KB = 1397 MB
  Batch 24 [15024,15645) done in 371 ms  h_edges=1792839
  DeviceGraph: fwd=1792839 bwd=1792839 edges
  Year 1985 total: 12662 ms  (pop: 537112)

=== Simulation Complete ===
Total: 33 s  Final pop: 537112

=== Exporting Results ===
Edges saved: ./output/3y/mass_cuda-static-output-3y-3p.edgelist (1792839)
Attributes saved: ./output/3y/mass_cuda-static-output-3y-3p.aux (537112 rows)

Done.

real	0m38.605s
user	0m37.496s
sys	0m1.014s
For GROWTH_PERCENT = 6 %, BFS_BATCH_SIZE = 60.
Running growth rate 6% for 3 years.
./output/3y/mass_cuda-static-output-3y-6p.edgelist
./output/3y/mass_cuda-static-output-3y-6p.aux
Citation Network ABM – MASS CUDA
=================================

Out-degree bag: 3980408 entries
Recency probs:  355 entries
BFS batches:    60 per year

=== Initializing Citation ABM ===

Inside parseNodelist...
Populating continuous node mappings (491532 nodes)...
parseNodelist done in 549 ms (491532 nodes)

Inside parseEdgelist...
parseEdgelist done in 161 ms (899050 edges)
Seed max year: 1982  → simulation starts at 1983
Max population: 587424
Seed population: 491532 papers
  DeviceGraph: fwd=899050 bwd=899050 edges
Initialization complete


=== Simulation Start ===

--- Year 1983 (pop: 491532) ---
  Adding 29492 new papers
  DeviceGraph: fwd=899050 bwd=899050 edges
  Processing 29492 papers in 60 batches of ~492
  NeighborhoodSlab: 492 threads × 2304 KB = 1107 MB
  Batch 0 [0,492) done in 305 ms  h_edges=908287
  NeighborhoodSlab: 492 threads × 2304 KB = 1107 MB
  Batch 1 [492,984) done in 336 ms  h_edges=918110
  NeighborhoodSlab: 492 threads × 2304 KB = 1107 MB
  Batch 2 [984,1476) done in 308 ms  h_edges=927173
  NeighborhoodSlab: 492 threads × 2304 KB = 1107 MB
  Batch 3 [1476,1968) done in 284 ms  h_edges=937324
  NeighborhoodSlab: 492 threads × 2304 KB = 1107 MB
  Batch 4 [1968,2460) done in 294 ms  h_edges=946175
  NeighborhoodSlab: 492 threads × 2304 KB = 1107 MB
  Batch 5 [2460,2952) done in 280 ms  h_edges=956079
  NeighborhoodSlab: 492 threads × 2304 KB = 1107 MB
  Batch 6 [2952,3444) done in 303 ms  h_edges=966391
  NeighborhoodSlab: 492 threads × 2304 KB = 1107 MB
  Batch 7 [3444,3936) done in 276 ms  h_edges=975398
  NeighborhoodSlab: 492 threads × 2304 KB = 1107 MB
  Batch 8 [3936,4428) done in 283 ms  h_edges=985102
  NeighborhoodSlab: 492 threads × 2304 KB = 1107 MB
  Batch 9 [4428,4920) done in 282 ms  h_edges=994331
  NeighborhoodSlab: 492 threads × 2304 KB = 1107 MB
  Batch 10 [4920,5412) done in 312 ms  h_edges=1004641
  NeighborhoodSlab: 492 threads × 2304 KB = 1107 MB
  Batch 11 [5412,5904) done in 285 ms  h_edges=1014512
  NeighborhoodSlab: 492 threads × 2304 KB = 1107 MB
  Batch 12 [5904,6396) done in 338 ms  h_edges=1023460
  NeighborhoodSlab: 492 threads × 2304 KB = 1107 MB
  Batch 13 [6396,6888) done in 329 ms  h_edges=1033230
  NeighborhoodSlab: 492 threads × 2304 KB = 1107 MB
  Batch 14 [6888,7380) done in 284 ms  h_edges=1042257
  NeighborhoodSlab: 492 threads × 2304 KB = 1107 MB
  Batch 15 [7380,7872) done in 369 ms  h_edges=1052605
  NeighborhoodSlab: 492 threads × 2304 KB = 1107 MB
  Batch 16 [7872,8364) done in 328 ms  h_edges=1062510
  NeighborhoodSlab: 492 threads × 2304 KB = 1107 MB
  Batch 17 [8364,8856) done in 294 ms  h_edges=1072157
  NeighborhoodSlab: 492 threads × 2304 KB = 1107 MB
  Batch 18 [8856,9348) done in 295 ms  h_edges=1080916
  NeighborhoodSlab: 492 threads × 2304 KB = 1107 MB
  Batch 19 [9348,9840) done in 290 ms  h_edges=1090947
  NeighborhoodSlab: 492 threads × 2304 KB = 1107 MB
  Batch 20 [9840,10332) done in 323 ms  h_edges=1100807
  NeighborhoodSlab: 492 threads × 2304 KB = 1107 MB
  Batch 21 [10332,10824) done in 326 ms  h_edges=1111010
  NeighborhoodSlab: 492 threads × 2304 KB = 1107 MB
  Batch 22 [10824,11316) done in 322 ms  h_edges=1120928
  NeighborhoodSlab: 492 threads × 2304 KB = 1107 MB
  Batch 23 [11316,11808) done in 280 ms  h_edges=1130438
  NeighborhoodSlab: 492 threads × 2304 KB = 1107 MB
  Batch 24 [11808,12300) done in 308 ms  h_edges=1139487
  NeighborhoodSlab: 492 threads × 2304 KB = 1107 MB
  Batch 25 [12300,12792) done in 294 ms  h_edges=1149337
  NeighborhoodSlab: 492 threads × 2304 KB = 1107 MB
  Batch 26 [12792,13284) done in 315 ms  h_edges=1158923
  NeighborhoodSlab: 492 threads × 2304 KB = 1107 MB
  Batch 27 [13284,13776) done in 329 ms  h_edges=1167925
  NeighborhoodSlab: 492 threads × 2304 KB = 1107 MB
  Batch 28 [13776,14268) done in 280 ms  h_edges=1178567
  NeighborhoodSlab: 492 threads × 2304 KB = 1107 MB
  Batch 29 [14268,14760) done in 292 ms  h_edges=1188238
  NeighborhoodSlab: 492 threads × 2304 KB = 1107 MB
  Batch 30 [14760,15252) done in 275 ms  h_edges=1198205
  NeighborhoodSlab: 492 threads × 2304 KB = 1107 MB
  Batch 31 [15252,15744) done in 334 ms  h_edges=1207503
  NeighborhoodSlab: 492 threads × 2304 KB = 1107 MB
  Batch 32 [15744,16236) done in 329 ms  h_edges=1217853
  NeighborhoodSlab: 492 threads × 2304 KB = 1107 MB
  Batch 33 [16236,16728) done in 319 ms  h_edges=1228505
  NeighborhoodSlab: 492 threads × 2304 KB = 1107 MB
  Batch 34 [16728,17220) done in 316 ms  h_edges=1238127
  NeighborhoodSlab: 492 threads × 2304 KB = 1107 MB
  Batch 35 [17220,17712) done in 287 ms  h_edges=1248905
  NeighborhoodSlab: 492 threads × 2304 KB = 1107 MB
  Batch 36 [17712,18204) done in 304 ms  h_edges=1258752
  NeighborhoodSlab: 492 threads × 2304 KB = 1107 MB
  Batch 37 [18204,18696) done in 323 ms  h_edges=1269067
  NeighborhoodSlab: 492 threads × 2304 KB = 1107 MB
  Batch 38 [18696,19188) done in 324 ms  h_edges=1278173
  NeighborhoodSlab: 492 threads × 2304 KB = 1107 MB
  Batch 39 [19188,19680) done in 289 ms  h_edges=1289124
  NeighborhoodSlab: 492 threads × 2304 KB = 1107 MB
  Batch 40 [19680,20172) done in 287 ms  h_edges=1299528
  NeighborhoodSlab: 492 threads × 2304 KB = 1107 MB
  Batch 41 [20172,20664) done in 276 ms  h_edges=1309681
  NeighborhoodSlab: 492 threads × 2304 KB = 1107 MB
  Batch 42 [20664,21156) done in 322 ms  h_edges=1319832
  NeighborhoodSlab: 492 threads × 2304 KB = 1107 MB
  Batch 43 [21156,21648) done in 300 ms  h_edges=1329758
  NeighborhoodSlab: 492 threads × 2304 KB = 1107 MB
  Batch 44 [21648,22140) done in 322 ms  h_edges=1337635
  NeighborhoodSlab: 492 threads × 2304 KB = 1107 MB
  Batch 45 [22140,22632) done in 366 ms  h_edges=1348010
  NeighborhoodSlab: 492 threads × 2304 KB = 1107 MB
  Batch 46 [22632,23124) done in 299 ms  h_edges=1357091
  NeighborhoodSlab: 492 threads × 2304 KB = 1107 MB
  Batch 47 [23124,23616) done in 328 ms  h_edges=1366609
  NeighborhoodSlab: 492 threads × 2304 KB = 1107 MB
  Batch 48 [23616,24108) done in 348 ms  h_edges=1375847
  NeighborhoodSlab: 492 threads × 2304 KB = 1107 MB
  Batch 49 [24108,24600) done in 328 ms  h_edges=1385117
  NeighborhoodSlab: 492 threads × 2304 KB = 1107 MB
  Batch 50 [24600,25092) done in 291 ms  h_edges=1395215
  NeighborhoodSlab: 492 threads × 2304 KB = 1107 MB
  Batch 51 [25092,25584) done in 367 ms  h_edges=1406609
  NeighborhoodSlab: 492 threads × 2304 KB = 1107 MB
  Batch 52 [25584,26076) done in 298 ms  h_edges=1415284
  NeighborhoodSlab: 492 threads × 2304 KB = 1107 MB
  Batch 53 [26076,26568) done in 287 ms  h_edges=1424788
  NeighborhoodSlab: 492 threads × 2304 KB = 1107 MB
  Batch 54 [26568,27060) done in 287 ms  h_edges=1433693
  NeighborhoodSlab: 492 threads × 2304 KB = 1107 MB
  Batch 55 [27060,27552) done in 292 ms  h_edges=1443523
  NeighborhoodSlab: 492 threads × 2304 KB = 1107 MB
  Batch 56 [27552,28044) done in 340 ms  h_edges=1452368
  NeighborhoodSlab: 492 threads × 2304 KB = 1107 MB
  Batch 57 [28044,28536) done in 330 ms  h_edges=1461118
  NeighborhoodSlab: 492 threads × 2304 KB = 1107 MB
  Batch 58 [28536,29028) done in 294 ms  h_edges=1470928
  NeighborhoodSlab: 464 threads × 2304 KB = 1044 MB
  Batch 59 [29028,29492) done in 325 ms  h_edges=1480631
  DeviceGraph: fwd=1480631 bwd=1480631 edges
  Year 1983 total: 20624 ms  (pop: 521024)

--- Year 1984 (pop: 521024) ---
  Adding 31262 new papers
  DeviceGraph: fwd=1480631 bwd=1480631 edges
  Processing 31262 papers in 60 batches of ~522
  NeighborhoodSlab: 522 threads × 2304 KB = 1174 MB
  Batch 0 [0,522) done in 354 ms  h_edges=1491572
  NeighborhoodSlab: 522 threads × 2304 KB = 1174 MB
  Batch 1 [522,1044) done in 355 ms  h_edges=1501988
  NeighborhoodSlab: 522 threads × 2304 KB = 1174 MB
  Batch 2 [1044,1566) done in 355 ms  h_edges=1511917
  NeighborhoodSlab: 522 threads × 2304 KB = 1174 MB
  Batch 3 [1566,2088) done in 396 ms  h_edges=1521447
  NeighborhoodSlab: 522 threads × 2304 KB = 1174 MB
  Batch 4 [2088,2610) done in 361 ms  h_edges=1532356
  NeighborhoodSlab: 522 threads × 2304 KB = 1174 MB
  Batch 5 [2610,3132) done in 355 ms  h_edges=1542717
  NeighborhoodSlab: 522 threads × 2304 KB = 1174 MB
  Batch 6 [3132,3654) done in 347 ms  h_edges=1553054
  NeighborhoodSlab: 522 threads × 2304 KB = 1174 MB
  Batch 7 [3654,4176) done in 312 ms  h_edges=1563229
  NeighborhoodSlab: 522 threads × 2304 KB = 1174 MB
  Batch 8 [4176,4698) done in 362 ms  h_edges=1573097
  NeighborhoodSlab: 522 threads × 2304 KB = 1174 MB
  Batch 9 [4698,5220) done in 364 ms  h_edges=1584346
  NeighborhoodSlab: 522 threads × 2304 KB = 1174 MB
  Batch 10 [5220,5742) done in 405 ms  h_edges=1594391
  NeighborhoodSlab: 522 threads × 2304 KB = 1174 MB
  Batch 11 [5742,6264) done in 386 ms  h_edges=1604293
  NeighborhoodSlab: 522 threads × 2304 KB = 1174 MB
  Batch 12 [6264,6786) done in 320 ms  h_edges=1614483
  NeighborhoodSlab: 522 threads × 2304 KB = 1174 MB
  Batch 13 [6786,7308) done in 400 ms  h_edges=1624575
  NeighborhoodSlab: 522 threads × 2304 KB = 1174 MB
  Batch 14 [7308,7830) done in 407 ms  h_edges=1633733
  NeighborhoodSlab: 522 threads × 2304 KB = 1174 MB
  Batch 15 [7830,8352) done in 341 ms  h_edges=1643799
  NeighborhoodSlab: 522 threads × 2304 KB = 1174 MB
  Batch 16 [8352,8874) done in 355 ms  h_edges=1653846
  NeighborhoodSlab: 522 threads × 2304 KB = 1174 MB
  Batch 17 [8874,9396) done in 358 ms  h_edges=1664091
  NeighborhoodSlab: 522 threads × 2304 KB = 1174 MB
  Batch 18 [9396,9918) done in 352 ms  h_edges=1674195
  NeighborhoodSlab: 522 threads × 2304 KB = 1174 MB
  Batch 19 [9918,10440) done in 475 ms  h_edges=1684455
  NeighborhoodSlab: 522 threads × 2304 KB = 1174 MB
  Batch 20 [10440,10962) done in 391 ms  h_edges=1694832
  NeighborhoodSlab: 522 threads × 2304 KB = 1174 MB
  Batch 21 [10962,11484) done in 306 ms  h_edges=1705273
  NeighborhoodSlab: 522 threads × 2304 KB = 1174 MB
  Batch 22 [11484,12006) done in 396 ms  h_edges=1715849
  NeighborhoodSlab: 522 threads × 2304 KB = 1174 MB
  Batch 23 [12006,12528) done in 364 ms  h_edges=1727212
  NeighborhoodSlab: 522 threads × 2304 KB = 1174 MB
  Batch 24 [12528,13050) done in 396 ms  h_edges=1737299
  NeighborhoodSlab: 522 threads × 2304 KB = 1174 MB
  Batch 25 [13050,13572) done in 358 ms  h_edges=1747737
  NeighborhoodSlab: 522 threads × 2304 KB = 1174 MB
  Batch 26 [13572,14094) done in 430 ms  h_edges=1758566
  NeighborhoodSlab: 522 threads × 2304 KB = 1174 MB
  Batch 27 [14094,14616) done in 356 ms  h_edges=1768371
  NeighborhoodSlab: 522 threads × 2304 KB = 1174 MB
  Batch 28 [14616,15138) done in 353 ms  h_edges=1778102
  NeighborhoodSlab: 522 threads × 2304 KB = 1174 MB
  Batch 29 [15138,15660) done in 396 ms  h_edges=1787827
  NeighborhoodSlab: 522 threads × 2304 KB = 1174 MB
  Batch 30 [15660,16182) done in 492 ms  h_edges=1798955
  NeighborhoodSlab: 522 threads × 2304 KB = 1174 MB
  Batch 31 [16182,16704) done in 345 ms  h_edges=1808984
  NeighborhoodSlab: 522 threads × 2304 KB = 1174 MB
  Batch 32 [16704,17226) done in 407 ms  h_edges=1819161
  NeighborhoodSlab: 522 threads × 2304 KB = 1174 MB
  Batch 33 [17226,17748) done in 446 ms  h_edges=1828114
  NeighborhoodSlab: 522 threads × 2304 KB = 1174 MB
  Batch 34 [17748,18270) done in 395 ms  h_edges=1837519
  NeighborhoodSlab: 522 threads × 2304 KB = 1174 MB
  Batch 35 [18270,18792) done in 358 ms  h_edges=1847278
  NeighborhoodSlab: 522 threads × 2304 KB = 1174 MB
  Batch 36 [18792,19314) done in 346 ms  h_edges=1858143
  NeighborhoodSlab: 522 threads × 2304 KB = 1174 MB
  Batch 37 [19314,19836) done in 314 ms  h_edges=1868304
  NeighborhoodSlab: 522 threads × 2304 KB = 1174 MB
  Batch 38 [19836,20358) done in 352 ms  h_edges=1879260
  NeighborhoodSlab: 522 threads × 2304 KB = 1174 MB
  Batch 39 [20358,20880) done in 352 ms  h_edges=1888248
  NeighborhoodSlab: 522 threads × 2304 KB = 1174 MB
  Batch 40 [20880,21402) done in 408 ms  h_edges=1898539
  NeighborhoodSlab: 522 threads × 2304 KB = 1174 MB
  Batch 41 [21402,21924) done in 354 ms  h_edges=1907327
  NeighborhoodSlab: 522 threads × 2304 KB = 1174 MB
  Batch 42 [21924,22446) done in 388 ms  h_edges=1918023
  NeighborhoodSlab: 522 threads × 2304 KB = 1174 MB
  Batch 43 [22446,22968) done in 361 ms  h_edges=1928054
  NeighborhoodSlab: 522 threads × 2304 KB = 1174 MB
  Batch 44 [22968,23490) done in 349 ms  h_edges=1938654
  NeighborhoodSlab: 522 threads × 2304 KB = 1174 MB
  Batch 45 [23490,24012) done in 350 ms  h_edges=1948775
  NeighborhoodSlab: 522 threads × 2304 KB = 1174 MB
  Batch 46 [24012,24534) done in 313 ms  h_edges=1959504
  NeighborhoodSlab: 522 threads × 2304 KB = 1174 MB
  Batch 47 [24534,25056) done in 349 ms  h_edges=1970078
  NeighborhoodSlab: 522 threads × 2304 KB = 1174 MB
  Batch 48 [25056,25578) done in 312 ms  h_edges=1980200
  NeighborhoodSlab: 522 threads × 2304 KB = 1174 MB
  Batch 49 [25578,26100) done in 355 ms  h_edges=1990258
  NeighborhoodSlab: 522 threads × 2304 KB = 1174 MB
  Batch 50 [26100,26622) done in 312 ms  h_edges=2000463
  NeighborhoodSlab: 522 threads × 2304 KB = 1174 MB
  Batch 51 [26622,27144) done in 318 ms  h_edges=2011387
  NeighborhoodSlab: 522 threads × 2304 KB = 1174 MB
  Batch 52 [27144,27666) done in 329 ms  h_edges=2021504
  NeighborhoodSlab: 522 threads × 2304 KB = 1174 MB
  Batch 53 [27666,28188) done in 310 ms  h_edges=2031310
  NeighborhoodSlab: 522 threads × 2304 KB = 1174 MB
  Batch 54 [28188,28710) done in 449 ms  h_edges=2041829
  NeighborhoodSlab: 522 threads × 2304 KB = 1174 MB
  Batch 55 [28710,29232) done in 333 ms  h_edges=2051145
  NeighborhoodSlab: 522 threads × 2304 KB = 1174 MB
  Batch 56 [29232,29754) done in 347 ms  h_edges=2060957
  NeighborhoodSlab: 522 threads × 2304 KB = 1174 MB
  Batch 57 [29754,30276) done in 390 ms  h_edges=2071167
  NeighborhoodSlab: 522 threads × 2304 KB = 1174 MB
  Batch 58 [30276,30798) done in 356 ms  h_edges=2081740
  NeighborhoodSlab: 464 threads × 2304 KB = 1044 MB
  Batch 59 [30798,31262) done in 348 ms  h_edges=2090870
  DeviceGraph: fwd=2090870 bwd=2090870 edges
  Year 1984 total: 24993 ms  (pop: 552286)

--- Year 1985 (pop: 552286) ---
  Adding 33138 new papers
  DeviceGraph: fwd=2090870 bwd=2090870 edges
  Processing 33138 papers in 60 batches of ~553
  NeighborhoodSlab: 553 threads × 2304 KB = 1244 MB
  Batch 0 [0,553) done in 365 ms  h_edges=2100822
  NeighborhoodSlab: 553 threads × 2304 KB = 1244 MB
  Batch 1 [553,1106) done in 424 ms  h_edges=2111164
  NeighborhoodSlab: 553 threads × 2304 KB = 1244 MB
  Batch 2 [1106,1659) done in 412 ms  h_edges=2121590
  NeighborhoodSlab: 553 threads × 2304 KB = 1244 MB
  Batch 3 [1659,2212) done in 364 ms  h_edges=2133544
  NeighborhoodSlab: 553 threads × 2304 KB = 1244 MB
  Batch 4 [2212,2765) done in 475 ms  h_edges=2144171
  NeighborhoodSlab: 553 threads × 2304 KB = 1244 MB
  Batch 5 [2765,3318) done in 406 ms  h_edges=2154191
  NeighborhoodSlab: 553 threads × 2304 KB = 1244 MB
  Batch 6 [3318,3871) done in 449 ms  h_edges=2165722
  NeighborhoodSlab: 553 threads × 2304 KB = 1244 MB
  Batch 7 [3871,4424) done in 383 ms  h_edges=2176277
  NeighborhoodSlab: 553 threads × 2304 KB = 1244 MB
  Batch 8 [4424,4977) done in 392 ms  h_edges=2186091
  NeighborhoodSlab: 553 threads × 2304 KB = 1244 MB
  Batch 9 [4977,5530) done in 439 ms  h_edges=2196951
  NeighborhoodSlab: 553 threads × 2304 KB = 1244 MB
  Batch 10 [5530,6083) done in 422 ms  h_edges=2208058
  NeighborhoodSlab: 553 threads × 2304 KB = 1244 MB
  Batch 11 [6083,6636) done in 413 ms  h_edges=2218431
  NeighborhoodSlab: 553 threads × 2304 KB = 1244 MB
  Batch 12 [6636,7189) done in 394 ms  h_edges=2230545
  NeighborhoodSlab: 553 threads × 2304 KB = 1244 MB
  Batch 13 [7189,7742) done in 411 ms  h_edges=2241393
  NeighborhoodSlab: 553 threads × 2304 KB = 1244 MB
  Batch 14 [7742,8295) done in 366 ms  h_edges=2252614
  NeighborhoodSlab: 553 threads × 2304 KB = 1244 MB
  Batch 15 [8295,8848) done in 436 ms  h_edges=2263573
  NeighborhoodSlab: 553 threads × 2304 KB = 1244 MB
  Batch 16 [8848,9401) done in 423 ms  h_edges=2273821
  NeighborhoodSlab: 553 threads × 2304 KB = 1244 MB
  Batch 17 [9401,9954) done in 422 ms  h_edges=2285046
  NeighborhoodSlab: 553 threads × 2304 KB = 1244 MB
  Batch 18 [9954,10507) done in 414 ms  h_edges=2295814
  NeighborhoodSlab: 553 threads × 2304 KB = 1244 MB
  Batch 19 [10507,11060) done in 486 ms  h_edges=2306671
  NeighborhoodSlab: 553 threads × 2304 KB = 1244 MB
  Batch 20 [11060,11613) done in 405 ms  h_edges=2316217
  NeighborhoodSlab: 553 threads × 2304 KB = 1244 MB
  Batch 21 [11613,12166) done in 513 ms  h_edges=2327268
  NeighborhoodSlab: 553 threads × 2304 KB = 1244 MB
  Batch 22 [12166,12719) done in 425 ms  h_edges=2338168
  NeighborhoodSlab: 553 threads × 2304 KB = 1244 MB
  Batch 23 [12719,13272) done in 369 ms  h_edges=2348520
  NeighborhoodSlab: 553 threads × 2304 KB = 1244 MB
  Batch 24 [13272,13825) done in 452 ms  h_edges=2358608
  NeighborhoodSlab: 553 threads × 2304 KB = 1244 MB
  Batch 25 [13825,14378) done in 358 ms  h_edges=2368264
  NeighborhoodSlab: 553 threads × 2304 KB = 1244 MB
  Batch 26 [14378,14931) done in 421 ms  h_edges=2379001
  NeighborhoodSlab: 553 threads × 2304 KB = 1244 MB
  Batch 27 [14931,15484) done in 363 ms  h_edges=2391114
  NeighborhoodSlab: 553 threads × 2304 KB = 1244 MB
  Batch 28 [15484,16037) done in 409 ms  h_edges=2401916
  NeighborhoodSlab: 553 threads × 2304 KB = 1244 MB
  Batch 29 [16037,16590) done in 394 ms  h_edges=2411936
  NeighborhoodSlab: 553 threads × 2304 KB = 1244 MB
  Batch 30 [16590,17143) done in 430 ms  h_edges=2423122
  NeighborhoodSlab: 553 threads × 2304 KB = 1244 MB
  Batch 31 [17143,17696) done in 421 ms  h_edges=2434608
  NeighborhoodSlab: 553 threads × 2304 KB = 1244 MB
  Batch 32 [17696,18249) done in 529 ms  h_edges=2444631
  NeighborhoodSlab: 553 threads × 2304 KB = 1244 MB
  Batch 33 [18249,18802) done in 364 ms  h_edges=2455491
  NeighborhoodSlab: 553 threads × 2304 KB = 1244 MB
  Batch 34 [18802,19355) done in 428 ms  h_edges=2466375
  NeighborhoodSlab: 553 threads × 2304 KB = 1244 MB
  Batch 35 [19355,19908) done in 427 ms  h_edges=2475913
  NeighborhoodSlab: 553 threads × 2304 KB = 1244 MB
  Batch 36 [19908,20461) done in 419 ms  h_edges=2487123
  NeighborhoodSlab: 553 threads × 2304 KB = 1244 MB
  Batch 37 [20461,21014) done in 460 ms  h_edges=2497959
  NeighborhoodSlab: 553 threads × 2304 KB = 1244 MB
  Batch 38 [21014,21567) done in 448 ms  h_edges=2508742
  NeighborhoodSlab: 553 threads × 2304 KB = 1244 MB
  Batch 39 [21567,22120) done in 451 ms  h_edges=2519282
  NeighborhoodSlab: 553 threads × 2304 KB = 1244 MB
  Batch 40 [22120,22673) done in 417 ms  h_edges=2528804
  NeighborhoodSlab: 553 threads × 2304 KB = 1244 MB
  Batch 41 [22673,23226) done in 414 ms  h_edges=2539736
  NeighborhoodSlab: 553 threads × 2304 KB = 1244 MB
  Batch 42 [23226,23779) done in 425 ms  h_edges=2551216
  NeighborhoodSlab: 553 threads × 2304 KB = 1244 MB
  Batch 43 [23779,24332) done in 416 ms  h_edges=2561598
  NeighborhoodSlab: 553 threads × 2304 KB = 1244 MB
  Batch 44 [24332,24885) done in 368 ms  h_edges=2572183
  NeighborhoodSlab: 553 threads × 2304 KB = 1244 MB
  Batch 45 [24885,25438) done in 470 ms  h_edges=2581370
  NeighborhoodSlab: 553 threads × 2304 KB = 1244 MB
  Batch 46 [25438,25991) done in 514 ms  h_edges=2592838
  NeighborhoodSlab: 553 threads × 2304 KB = 1244 MB
  Batch 47 [25991,26544) done in 399 ms  h_edges=2602408
  NeighborhoodSlab: 553 threads × 2304 KB = 1244 MB
  Batch 48 [26544,27097) done in 362 ms  h_edges=2613144
  NeighborhoodSlab: 553 threads × 2304 KB = 1244 MB
  Batch 49 [27097,27650) done in 471 ms  h_edges=2623998
  NeighborhoodSlab: 553 threads × 2304 KB = 1244 MB
  Batch 50 [27650,28203) done in 411 ms  h_edges=2635269
  NeighborhoodSlab: 553 threads × 2304 KB = 1244 MB
  Batch 51 [28203,28756) done in 366 ms  h_edges=2646653
  NeighborhoodSlab: 553 threads × 2304 KB = 1244 MB
  Batch 52 [28756,29309) done in 384 ms  h_edges=2658163
  NeighborhoodSlab: 553 threads × 2304 KB = 1244 MB
  Batch 53 [29309,29862) done in 370 ms  h_edges=2668323
  NeighborhoodSlab: 553 threads × 2304 KB = 1244 MB
  Batch 54 [29862,30415) done in 461 ms  h_edges=2679684
  NeighborhoodSlab: 553 threads × 2304 KB = 1244 MB
  Batch 55 [30415,30968) done in 456 ms  h_edges=2689614
  NeighborhoodSlab: 553 threads × 2304 KB = 1244 MB
  Batch 56 [30968,31521) done in 365 ms  h_edges=2700232
  NeighborhoodSlab: 553 threads × 2304 KB = 1244 MB
  Batch 57 [31521,32074) done in 438 ms  h_edges=2711112
  NeighborhoodSlab: 553 threads × 2304 KB = 1244 MB
  Batch 58 [32074,32627) done in 467 ms  h_edges=2722464
  NeighborhoodSlab: 511 threads × 2304 KB = 1149 MB
  Batch 59 [32627,33138) done in 365 ms  h_edges=2731827
  DeviceGraph: fwd=2731827 bwd=2731827 edges
  Year 1985 total: 29241 ms  (pop: 585424)

=== Simulation Complete ===
Total: 74 s  Final pop: 585424

=== Exporting Results ===
Edges saved: ./output/3y/mass_cuda-static-output-3y-6p.edgelist (2731827)
Attributes saved: ./output/3y/mass_cuda-static-output-3y-6p.aux (585424 rows)

Done.

real	1m21.480s
user	1m19.743s
sys	0m1.531s
