processor	: 0
vendor_id	: GenuineIntel
cpu family	: 6
model		: 143
model name	: Intel(R) Xeon(R) Platinum 8480+
stepping	: 8
microcode	: 0x2b000639
cpu MHz		: 2999.969
cache size	: 107520 KB
physical id	: 0
siblings	: 56
core id		: 0
cpu cores	: 56
apicid		: 0
initial apicid	: 0
fpu		: yes
fpu_exception	: yes
cpuid level	: 32
wp		: yes
flags		: fpu vme de pse tsc msr pae mce cx8 apic sep mtrr pge mca cmov pat pse36 clflush dts acpi mmx fxsr sse sse2 ss ht tm pbe syscall nx pdpe1gb rdtscp lm constant_tsc art arch_perfmon pebs bts rep_good nopl xtopology nonstop_tsc cpuid aperfmperf tsc_known_freq pni pclmulqdq dtes64 monitor ds_cpl vmx smx est tm2 ssse3 sdbg fma cx16 xtpr pdcm pcid dca sse4_1 sse4_2 x2apic movbe popcnt tsc_deadline_timer aes xsave avx f16c rdrand lahf_lm abm 3dnowprefetch cpuid_fault epb cat_l3 cat_l2 cdp_l3 cdp_l2 ssbd mba ibrs ibpb stibp ibrs_enhanced tpr_shadow flexpriority ept vpid ept_ad fsgsbase tsc_adjust bmi1 avx2 smep bmi2 erms invpcid cqm rdt_a avx512f avx512dq rdseed adx smap avx512ifma clflushopt clwb intel_pt avx512cd sha_ni avx512bw avx512vl xsaveopt xsavec xgetbv1 xsaves cqm_llc cqm_occup_llc cqm_mbm_total cqm_mbm_local split_lock_detect user_shstk avx_vnni avx512_bf16 wbnoinvd dtherm ida arat pln pts vnmi avx512vbmi umip pku ospke waitpkg avx512_vbmi2 gfni vaes vpclmulqdq avx512_vnni avx512_bitalg avx512_vpopcntdq la57 rdpid bus_lock_detect cldemote movdiri movdir64b enqcmd fsrm md_clear serialize tsxldtrk pconfig arch_lbr ibt amx_bf16 avx512_fp16 amx_tile amx_int8 flush_l1d arch_capabilities
vmx flags	: vnmi preemption_timer posted_intr invvpid ept_x_only ept_ad ept_1gb ept_5level flexpriority apicv tsc_offset vtpr mtf vapic ept vpid unrestricted_guest vapic_reg vid ple shadow_vmcs pml ept_violation_ve ept_mode_based_exec tsc_scaling usr_wait_pause notify_vm_exiting ipi_virt
bugs		: spectre_v1 spectre_v2 spec_store_bypass swapgs eibrs_pbrsb bhi spectre_v2_user old_microcode vmscape
bogomips	: 4000.00
clflush size	: 64
cache_alignment	: 64
address sizes	: 46 bits physical, 57 bits virtual
power management:

processor	: 1
vendor_id	: GenuineIntel
cpu family	: 6
model		: 143
model name	: Intel(R) Xeon(R) Platinum 8480+
stepping	: 8
microcode	: 0x2b000639
cpu MHz		: 2915.436
cache size	: 107520 KB
physical id	: 1
siblings	: 56
core id		: 0
cpu cores	: 56
apicid		: 128
initial apicid	: 128
fpu		: yes
fpu_exception	: yes
cpuid level	: 32
wp		: yes
flags		: fpu vme de pse tsc msr pae mce cx8 apic sep mtrr pge mca cmov pat pse36 clflush dts acpi mmx fxsr sse sse2 ss ht tm pbe syscall nx pdpe1gb rdtscp lm constant_tsc art arch_perfmon pebs bts rep_good nopl xtopology nonstop_tsc cpuid aperfmperf tsc_known_freq pni pclmulqdq dtes64 monitor ds_cpl vmx smx est tm2 ssse3 sdbg fma cx16 xtpr pdcm pcid dca sse4_1 sse4_2 x2apic movbe popcnt tsc_deadline_timer aes xsave avx f16c rdrand lahf_lm abm 3dnowprefetch cpuid_fault epb cat_l3 cat_l2 cdp_l3 cdp_l2 ssbd mba ibrs ibpb stibp ibrs_enhanced tpr_shadow flexpriority ept vpid ept_ad fsgsbase tsc_adjust bmi1 avx2 smep bmi2 erms invpcid cqm rdt_a avx512f avx512dq rdseed adx smap avx512ifma clflushopt clwb intel_pt avx512cd sha_ni avx512bw avx512vl xsaveopt xsavec xgetbv1 xsaves cqm_llc cqm_occup_llc cqm_mbm_total cqm_mbm_local split_lock_detect user_shstk avx_vnni avx512_bf16 wbnoinvd dtherm ida arat pln pts vnmi avx512vbmi umip pku ospke waitpkg avx512_vbmi2 gfni vaes vpclmulqdq avx512_vnni avx512_bitalg avx512_vpopcntdq la57 rdpid bus_lock_detect cldemote movdiri movdir64b enqcmd fsrm md_clear serialize tsxldtrk pconfig arch_lbr ibt amx_bf16 avx512_fp16 amx_tile amx_int8 flush_l1d arch_capabilities
vmx flags	: vnmi preemption_timer posted_intr invvpid ept_x_only ept_ad ept_1gb ept_5level flexpriority apicv tsc_offset vtpr mtf vapic ept vpid unrestricted_guest vapic_reg vid ple shadow_vmcs pml ept_violation_ve ept_mode_based_exec tsc_scaling usr_wait_pause notify_vm_exiting ipi_virt
bugs		: spectre_v1 spectre_v2 spec_store_bypass swapgs eibrs_pbrsb bhi spectre_v2_user old_microcode vmscape
bogomips	: 4000.00
clflush size	: 64
cache_alignment	: 64
address sizes	: 46 bits physical, 57 bits virtual
power management:

processor	: 2
vendor_id	: GenuineIntel
cpu family	: 6
model		: 143
model name	: Intel(R) Xeon(R) Platinum 8480+
stepping	: 8
microcode	: 0x2b000639
cpu MHz		: 3000.000
cache size	: 107520 KB
physical id	: 0
siblings	: 56
core id		: 31
cpu cores	: 56
apicid		: 62
initial apicid	: 62
fpu		: yes
fpu_exception	: yes
cpuid level	: 32
wp		: yes
flags		: fpu vme de pse tsc msr pae mce cx8 apic sep mtrr pge mca cmov pat pse36 clflush dts acpi mmx fxsr sse sse2 ss ht tm pbe syscall nx pdpe1gb rdtscp lm constant_tsc art arch_perfmon pebs bts rep_good nopl xtopology nonstop_tsc cpuid aperfmperf tsc_known_freq pni pclmulqdq dtes64 monitor ds_cpl vmx smx est tm2 ssse3 sdbg fma cx16 xtpr pdcm pcid dca sse4_1 sse4_2 x2apic movbe popcnt tsc_deadline_timer aes xsave avx f16c rdrand lahf_lm abm 3dnowprefetch cpuid_fault epb cat_l3 cat_l2 cdp_l3 cdp_l2 ssbd mba ibrs ibpb stibp ibrs_enhanced tpr_shadow flexpriority ept vpid ept_ad fsgsbase tsc_adjust bmi1 avx2 smep bmi2 erms invpcid cqm rdt_a avx512f avx512dq rdseed adx smap avx512ifma clflushopt clwb intel_pt avx512cd sha_ni avx512bw avx512vl xsaveopt xsavec xgetbv1 xsaves cqm_llc cqm_occup_llc cqm_mbm_total cqm_mbm_local split_lock_detect user_shstk avx_vnni avx512_bf16 wbnoinvd dtherm ida arat pln pts vnmi avx512vbmi umip pku ospke waitpkg avx512_vbmi2 gfni vaes vpclmulqdq avx512_vnni avx512_bitalg avx512_vpopcntdq la57 rdpid bus_lock_detect cldemote movdiri movdir64b enqcmd fsrm md_clear serialize tsxldtrk pconfig arch_lbr ibt amx_bf16 avx512_fp16 amx_tile amx_int8 flush_l1d arch_capabilities
vmx flags	: vnmi preemption_timer posted_intr invvpid ept_x_only ept_ad ept_1gb ept_5level flexpriority apicv tsc_offset vtpr mtf vapic ept vpid unrestricted_guest vapic_reg vid ple shadow_vmcs pml ept_violation_ve ept_mode_based_exec tsc_scaling usr_wait_pause notify_vm_exiting ipi_virt
bugs		: spectre_v1 spectre_v2 spec_store_bypass swapgs eibrs_pbrsb bhi spectre_v2_user old_microcode vmscape
bogomips	: 4000.00
clflush size	: 64
cache_alignment	: 64
address sizes	: 46 bits physical, 57 bits virtual
power management:

processor	: 3
vendor_id	: GenuineIntel
cpu family	: 6
model		: 143
model name	: Intel(R) Xeon(R) Platinum 8480+
stepping	: 8
microcode	: 0x2b000639
cpu MHz		: 3000.030
cache size	: 107520 KB
physical id	: 1
siblings	: 56
core id		: 31
cpu cores	: 56
apicid		: 190
initial apicid	: 190
fpu		: yes
fpu_exception	: yes
cpuid level	: 32
wp		: yes
flags		: fpu vme de pse tsc msr pae mce cx8 apic sep mtrr pge mca cmov pat pse36 clflush dts acpi mmx fxsr sse sse2 ss ht tm pbe syscall nx pdpe1gb rdtscp lm constant_tsc art arch_perfmon pebs bts rep_good nopl xtopology nonstop_tsc cpuid aperfmperf tsc_known_freq pni pclmulqdq dtes64 monitor ds_cpl vmx smx est tm2 ssse3 sdbg fma cx16 xtpr pdcm pcid dca sse4_1 sse4_2 x2apic movbe popcnt tsc_deadline_timer aes xsave avx f16c rdrand lahf_lm abm 3dnowprefetch cpuid_fault epb cat_l3 cat_l2 cdp_l3 cdp_l2 ssbd mba ibrs ibpb stibp ibrs_enhanced tpr_shadow flexpriority ept vpid ept_ad fsgsbase tsc_adjust bmi1 avx2 smep bmi2 erms invpcid cqm rdt_a avx512f avx512dq rdseed adx smap avx512ifma clflushopt clwb intel_pt avx512cd sha_ni avx512bw avx512vl xsaveopt xsavec xgetbv1 xsaves cqm_llc cqm_occup_llc cqm_mbm_total cqm_mbm_local split_lock_detect user_shstk avx_vnni avx512_bf16 wbnoinvd dtherm ida arat pln pts vnmi avx512vbmi umip pku ospke waitpkg avx512_vbmi2 gfni vaes vpclmulqdq avx512_vnni avx512_bitalg avx512_vpopcntdq la57 rdpid bus_lock_detect cldemote movdiri movdir64b enqcmd fsrm md_clear serialize tsxldtrk pconfig arch_lbr ibt amx_bf16 avx512_fp16 amx_tile amx_int8 flush_l1d arch_capabilities
vmx flags	: vnmi preemption_timer posted_intr invvpid ept_x_only ept_ad ept_1gb ept_5level flexpriority apicv tsc_offset vtpr mtf vapic ept vpid unrestricted_guest vapic_reg vid ple shadow_vmcs pml ept_violation_ve ept_mode_based_exec tsc_scaling usr_wait_pause notify_vm_exiting ipi_virt
bugs		: spectre_v1 spectre_v2 spec_store_bypass swapgs eibrs_pbrsb bhi spectre_v2_user old_microcode vmscape
bogomips	: 4000.00
clflush size	: 64
cache_alignment	: 64
address sizes	: 46 bits physical, 57 bits virtual
power management:

processor	: 4
vendor_id	: GenuineIntel
cpu family	: 6
model		: 143
model name	: Intel(R) Xeon(R) Platinum 8480+
stepping	: 8
microcode	: 0x2b000639
cpu MHz		: 3800.000
cache size	: 107520 KB
physical id	: 0
siblings	: 56
core id		: 24
cpu cores	: 56
apicid		: 48
initial apicid	: 48
fpu		: yes
fpu_exception	: yes
cpuid level	: 32
wp		: yes
flags		: fpu vme de pse tsc msr pae mce cx8 apic sep mtrr pge mca cmov pat pse36 clflush dts acpi mmx fxsr sse sse2 ss ht tm pbe syscall nx pdpe1gb rdtscp lm constant_tsc art arch_perfmon pebs bts rep_good nopl xtopology nonstop_tsc cpuid aperfmperf tsc_known_freq pni pclmulqdq dtes64 monitor ds_cpl vmx smx est tm2 ssse3 sdbg fma cx16 xtpr pdcm pcid dca sse4_1 sse4_2 x2apic movbe popcnt tsc_deadline_timer aes xsave avx f16c rdrand lahf_lm abm 3dnowprefetch cpuid_fault epb cat_l3 cat_l2 cdp_l3 cdp_l2 ssbd mba ibrs ibpb stibp ibrs_enhanced tpr_shadow flexpriority ept vpid ept_ad fsgsbase tsc_adjust bmi1 avx2 smep bmi2 erms invpcid cqm rdt_a avx512f avx512dq rdseed adx smap avx512ifma clflushopt clwb intel_pt avx512cd sha_ni avx512bw avx512vl xsaveopt xsavec xgetbv1 xsaves cqm_llc cqm_occup_llc cqm_mbm_total cqm_mbm_local split_lock_detect user_shstk avx_vnni avx512_bf16 wbnoinvd dtherm ida arat pln pts vnmi avx512vbmi umip pku ospke waitpkg avx512_vbmi2 gfni vaes vpclmulqdq avx512_vnni avx512_bitalg avx512_vpopcntdq la57 rdpid bus_lock_detect cldemote movdiri movdir64b enqcmd fsrm md_clear serialize tsxldtrk pconfig arch_lbr ibt amx_bf16 avx512_fp16 amx_tile amx_int8 flush_l1d arch_capabilities
vmx flags	: vnmi preemption_timer posted_intr invvpid ept_x_only ept_ad ept_1gb ept_5level flexpriority apicv tsc_offset vtpr mtf vapic ept vpid unrestricted_guest vapic_reg vid ple shadow_vmcs pml ept_violation_ve ept_mode_based_exec tsc_scaling usr_wait_pause notify_vm_exiting ipi_virt
bugs		: spectre_v1 spectre_v2 spec_store_bypass swapgs eibrs_pbrsb bhi spectre_v2_user old_microcode vmscape
bogomips	: 4000.00
clflush size	: 64
cache_alignment	: 64
address sizes	: 46 bits physical, 57 bits virtual
power management:

processor	: 5
vendor_id	: GenuineIntel
cpu family	: 6
model		: 143
model name	: Intel(R) Xeon(R) Platinum 8480+
stepping	: 8
microcode	: 0x2b000639
cpu MHz		: 3000.000
cache size	: 107520 KB
physical id	: 1
siblings	: 56
core id		: 25
cpu cores	: 56
apicid		: 178
initial apicid	: 178
fpu		: yes
fpu_exception	: yes
cpuid level	: 32
wp		: yes
flags		: fpu vme de pse tsc msr pae mce cx8 apic sep mtrr pge mca cmov pat pse36 clflush dts acpi mmx fxsr sse sse2 ss ht tm pbe syscall nx pdpe1gb rdtscp lm constant_tsc art arch_perfmon pebs bts rep_good nopl xtopology nonstop_tsc cpuid aperfmperf tsc_known_freq pni pclmulqdq dtes64 monitor ds_cpl vmx smx est tm2 ssse3 sdbg fma cx16 xtpr pdcm pcid dca sse4_1 sse4_2 x2apic movbe popcnt tsc_deadline_timer aes xsave avx f16c rdrand lahf_lm abm 3dnowprefetch cpuid_fault epb cat_l3 cat_l2 cdp_l3 cdp_l2 ssbd mba ibrs ibpb stibp ibrs_enhanced tpr_shadow flexpriority ept vpid ept_ad fsgsbase tsc_adjust bmi1 avx2 smep bmi2 erms invpcid cqm rdt_a avx512f avx512dq rdseed adx smap avx512ifma clflushopt clwb intel_pt avx512cd sha_ni avx512bw avx512vl xsaveopt xsavec xgetbv1 xsaves cqm_llc cqm_occup_llc cqm_mbm_total cqm_mbm_local split_lock_detect user_shstk avx_vnni avx512_bf16 wbnoinvd dtherm ida arat pln pts vnmi avx512vbmi umip pku ospke waitpkg avx512_vbmi2 gfni vaes vpclmulqdq avx512_vnni avx512_bitalg avx512_vpopcntdq la57 rdpid bus_lock_detect cldemote movdiri movdir64b enqcmd fsrm md_clear serialize tsxldtrk pconfig arch_lbr ibt amx_bf16 avx512_fp16 amx_tile amx_int8 flush_l1d arch_capabilities
vmx flags	: vnmi preemption_timer posted_intr invvpid ept_x_only ept_ad ept_1gb ept_5level flexpriority apicv tsc_offset vtpr mtf vapic ept vpid unrestricted_guest vapic_reg vid ple shadow_vmcs pml ept_violation_ve ept_mode_based_exec tsc_scaling usr_wait_pause notify_vm_exiting ipi_virt
bugs		: spectre_v1 spectre_v2 spec_store_bypass swapgs eibrs_pbrsb bhi spectre_v2_user old_microcode vmscape
bogomips	: 4000.00
clflush size	: 64
cache_alignment	: 64
address sizes	: 46 bits physical, 57 bits virtual
power management:

processor	: 6
vendor_id	: GenuineIntel
cpu family	: 6
model		: 143
model name	: Intel(R) Xeon(R) Platinum 8480+
stepping	: 8
microcode	: 0x2b000639
cpu MHz		: 3000.000
cache size	: 107520 KB
physical id	: 0
siblings	: 56
core id		: 55
cpu cores	: 56
apicid		: 110
initial apicid	: 110
fpu		: yes
fpu_exception	: yes
cpuid level	: 32
wp		: yes
flags		: fpu vme de pse tsc msr pae mce cx8 apic sep mtrr pge mca cmov pat pse36 clflush dts acpi mmx fxsr sse sse2 ss ht tm pbe syscall nx pdpe1gb rdtscp lm constant_tsc art arch_perfmon pebs bts rep_good nopl xtopology nonstop_tsc cpuid aperfmperf tsc_known_freq pni pclmulqdq dtes64 monitor ds_cpl vmx smx est tm2 ssse3 sdbg fma cx16 xtpr pdcm pcid dca sse4_1 sse4_2 x2apic movbe popcnt tsc_deadline_timer aes xsave avx f16c rdrand lahf_lm abm 3dnowprefetch cpuid_fault epb cat_l3 cat_l2 cdp_l3 cdp_l2 ssbd mba ibrs ibpb stibp ibrs_enhanced tpr_shadow flexpriority ept vpid ept_ad fsgsbase tsc_adjust bmi1 avx2 smep bmi2 erms invpcid cqm rdt_a avx512f avx512dq rdseed adx smap avx512ifma clflushopt clwb intel_pt avx512cd sha_ni avx512bw avx512vl xsaveopt xsavec xgetbv1 xsaves cqm_llc cqm_occup_llc cqm_mbm_total cqm_mbm_local split_lock_detect user_shstk avx_vnni avx512_bf16 wbnoinvd dtherm ida arat pln pts vnmi avx512vbmi umip pku ospke waitpkg avx512_vbmi2 gfni vaes vpclmulqdq avx512_vnni avx512_bitalg avx512_vpopcntdq la57 rdpid bus_lock_detect cldemote movdiri movdir64b enqcmd fsrm md_clear serialize tsxldtrk pconfig arch_lbr ibt amx_bf16 avx512_fp16 amx_tile amx_int8 flush_l1d arch_capabilities
vmx flags	: vnmi preemption_timer posted_intr invvpid ept_x_only ept_ad ept_1gb ept_5level flexpriority apicv tsc_offset vtpr mtf vapic ept vpid unrestricted_guest vapic_reg vid ple shadow_vmcs pml ept_violation_ve ept_mode_based_exec tsc_scaling usr_wait_pause notify_vm_exiting ipi_virt
bugs		: spectre_v1 spectre_v2 spec_store_bypass swapgs eibrs_pbrsb bhi spectre_v2_user old_microcode vmscape
bogomips	: 4000.00
clflush size	: 64
cache_alignment	: 64
address sizes	: 46 bits physical, 57 bits virtual
power management:

processor	: 7
vendor_id	: GenuineIntel
cpu family	: 6
model		: 143
model name	: Intel(R) Xeon(R) Platinum 8480+
stepping	: 8
microcode	: 0x2b000639
cpu MHz		: 2598.101
cache size	: 107520 KB
physical id	: 1
siblings	: 56
core id		: 55
cpu cores	: 56
apicid		: 238
initial apicid	: 238
fpu		: yes
fpu_exception	: yes
cpuid level	: 32
wp		: yes
flags		: fpu vme de pse tsc msr pae mce cx8 apic sep mtrr pge mca cmov pat pse36 clflush dts acpi mmx fxsr sse sse2 ss ht tm pbe syscall nx pdpe1gb rdtscp lm constant_tsc art arch_perfmon pebs bts rep_good nopl xtopology nonstop_tsc cpuid aperfmperf tsc_known_freq pni pclmulqdq dtes64 monitor ds_cpl vmx smx est tm2 ssse3 sdbg fma cx16 xtpr pdcm pcid dca sse4_1 sse4_2 x2apic movbe popcnt tsc_deadline_timer aes xsave avx f16c rdrand lahf_lm abm 3dnowprefetch cpuid_fault epb cat_l3 cat_l2 cdp_l3 cdp_l2 ssbd mba ibrs ibpb stibp ibrs_enhanced tpr_shadow flexpriority ept vpid ept_ad fsgsbase tsc_adjust bmi1 avx2 smep bmi2 erms invpcid cqm rdt_a avx512f avx512dq rdseed adx smap avx512ifma clflushopt clwb intel_pt avx512cd sha_ni avx512bw avx512vl xsaveopt xsavec xgetbv1 xsaves cqm_llc cqm_occup_llc cqm_mbm_total cqm_mbm_local split_lock_detect user_shstk avx_vnni avx512_bf16 wbnoinvd dtherm ida arat pln pts vnmi avx512vbmi umip pku ospke waitpkg avx512_vbmi2 gfni vaes vpclmulqdq avx512_vnni avx512_bitalg avx512_vpopcntdq la57 rdpid bus_lock_detect cldemote movdiri movdir64b enqcmd fsrm md_clear serialize tsxldtrk pconfig arch_lbr ibt amx_bf16 avx512_fp16 amx_tile amx_int8 flush_l1d arch_capabilities
vmx flags	: vnmi preemption_timer posted_intr invvpid ept_x_only ept_ad ept_1gb ept_5level flexpriority apicv tsc_offset vtpr mtf vapic ept vpid unrestricted_guest vapic_reg vid ple shadow_vmcs pml ept_violation_ve ept_mode_based_exec tsc_scaling usr_wait_pause notify_vm_exiting ipi_virt
bugs		: spectre_v1 spectre_v2 spec_store_bypass swapgs eibrs_pbrsb bhi spectre_v2_user old_microcode vmscape
bogomips	: 4000.00
clflush size	: 64
cache_alignment	: 64
address sizes	: 46 bits physical, 57 bits virtual
power management:

processor	: 8
vendor_id	: GenuineIntel
cpu family	: 6
model		: 143
model name	: Intel(R) Xeon(R) Platinum 8480+
stepping	: 8
microcode	: 0x2b000639
cpu MHz		: 3000.000
cache size	: 107520 KB
physical id	: 0
siblings	: 56
core id		: 3
cpu cores	: 56
apicid		: 6
initial apicid	: 6
fpu		: yes
fpu_exception	: yes
cpuid level	: 32
wp		: yes
flags		: fpu vme de pse tsc msr pae mce cx8 apic sep mtrr pge mca cmov pat pse36 clflush dts acpi mmx fxsr sse sse2 ss ht tm pbe syscall nx pdpe1gb rdtscp lm constant_tsc art arch_perfmon pebs bts rep_good nopl xtopology nonstop_tsc cpuid aperfmperf tsc_known_freq pni pclmulqdq dtes64 monitor ds_cpl vmx smx est tm2 ssse3 sdbg fma cx16 xtpr pdcm pcid dca sse4_1 sse4_2 x2apic movbe popcnt tsc_deadline_timer aes xsave avx f16c rdrand lahf_lm abm 3dnowprefetch cpuid_fault epb cat_l3 cat_l2 cdp_l3 cdp_l2 ssbd mba ibrs ibpb stibp ibrs_enhanced tpr_shadow flexpriority ept vpid ept_ad fsgsbase tsc_adjust bmi1 avx2 smep bmi2 erms invpcid cqm rdt_a avx512f avx512dq rdseed adx smap avx512ifma clflushopt clwb intel_pt avx512cd sha_ni avx512bw avx512vl xsaveopt xsavec xgetbv1 xsaves cqm_llc cqm_occup_llc cqm_mbm_total cqm_mbm_local split_lock_detect user_shstk avx_vnni avx512_bf16 wbnoinvd dtherm ida arat pln pts vnmi avx512vbmi umip pku ospke waitpkg avx512_vbmi2 gfni vaes vpclmulqdq avx512_vnni avx512_bitalg avx512_vpopcntdq la57 rdpid bus_lock_detect cldemote movdiri movdir64b enqcmd fsrm md_clear serialize tsxldtrk pconfig arch_lbr ibt amx_bf16 avx512_fp16 amx_tile amx_int8 flush_l1d arch_capabilities
vmx flags	: vnmi preemption_timer posted_intr invvpid ept_x_only ept_ad ept_1gb ept_5level flexpriority apicv tsc_offset vtpr mtf vapic ept vpid unrestricted_guest vapic_reg vid ple shadow_vmcs pml ept_violation_ve ept_mode_based_exec tsc_scaling usr_wait_pause notify_vm_exiting ipi_virt
bugs		: spectre_v1 spectre_v2 spec_store_bypass swapgs eibrs_pbrsb bhi spectre_v2_user old_microcode vmscape
bogomips	: 4000.00
clflush size	: 64
cache_alignment	: 64
address sizes	: 46 bits physical, 57 bits virtual
power management:

processor	: 9
vendor_id	: GenuineIntel
cpu family	: 6
model		: 143
model name	: Intel(R) Xeon(R) Platinum 8480+
stepping	: 8
microcode	: 0x2b000639
cpu MHz		: 3000.000
cache size	: 107520 KB
physical id	: 1
siblings	: 56
core id		: 4
cpu cores	: 56
apicid		: 136
initial apicid	: 136
fpu		: yes
fpu_exception	: yes
cpuid level	: 32
wp		: yes
flags		: fpu vme de pse tsc msr pae mce cx8 apic sep mtrr pge mca cmov pat pse36 clflush dts acpi mmx fxsr sse sse2 ss ht tm pbe syscall nx pdpe1gb rdtscp lm constant_tsc art arch_perfmon pebs bts rep_good nopl xtopology nonstop_tsc cpuid aperfmperf tsc_known_freq pni pclmulqdq dtes64 monitor ds_cpl vmx smx est tm2 ssse3 sdbg fma cx16 xtpr pdcm pcid dca sse4_1 sse4_2 x2apic movbe popcnt tsc_deadline_timer aes xsave avx f16c rdrand lahf_lm abm 3dnowprefetch cpuid_fault epb cat_l3 cat_l2 cdp_l3 cdp_l2 ssbd mba ibrs ibpb stibp ibrs_enhanced tpr_shadow flexpriority ept vpid ept_ad fsgsbase tsc_adjust bmi1 avx2 smep bmi2 erms invpcid cqm rdt_a avx512f avx512dq rdseed adx smap avx512ifma clflushopt clwb intel_pt avx512cd sha_ni avx512bw avx512vl xsaveopt xsavec xgetbv1 xsaves cqm_llc cqm_occup_llc cqm_mbm_total cqm_mbm_local split_lock_detect user_shstk avx_vnni avx512_bf16 wbnoinvd dtherm ida arat pln pts vnmi avx512vbmi umip pku ospke waitpkg avx512_vbmi2 gfni vaes vpclmulqdq avx512_vnni avx512_bitalg avx512_vpopcntdq la57 rdpid bus_lock_detect cldemote movdiri movdir64b enqcmd fsrm md_clear serialize tsxldtrk pconfig arch_lbr ibt amx_bf16 avx512_fp16 amx_tile amx_int8 flush_l1d arch_capabilities
vmx flags	: vnmi preemption_timer posted_intr invvpid ept_x_only ept_ad ept_1gb ept_5level flexpriority apicv tsc_offset vtpr mtf vapic ept vpid unrestricted_guest vapic_reg vid ple shadow_vmcs pml ept_violation_ve ept_mode_based_exec tsc_scaling usr_wait_pause notify_vm_exiting ipi_virt
bugs		: spectre_v1 spectre_v2 spec_store_bypass swapgs eibrs_pbrsb bhi spectre_v2_user old_microcode vmscape
bogomips	: 4000.00
clflush size	: 64
cache_alignment	: 64
address sizes	: 46 bits physical, 57 bits virtual
power management:

processor	: 10
vendor_id	: GenuineIntel
cpu family	: 6
model		: 143
model name	: Intel(R) Xeon(R) Platinum 8480+
stepping	: 8
microcode	: 0x2b000639
cpu MHz		: 3000.000
cache size	: 107520 KB
physical id	: 0
siblings	: 56
core id		: 34
cpu cores	: 56
apicid		: 68
initial apicid	: 68
fpu		: yes
fpu_exception	: yes
cpuid level	: 32
wp		: yes
flags		: fpu vme de pse tsc msr pae mce cx8 apic sep mtrr pge mca cmov pat pse36 clflush dts acpi mmx fxsr sse sse2 ss ht tm pbe syscall nx pdpe1gb rdtscp lm constant_tsc art arch_perfmon pebs bts rep_good nopl xtopology nonstop_tsc cpuid aperfmperf tsc_known_freq pni pclmulqdq dtes64 monitor ds_cpl vmx smx est tm2 ssse3 sdbg fma cx16 xtpr pdcm pcid dca sse4_1 sse4_2 x2apic movbe popcnt tsc_deadline_timer aes xsave avx f16c rdrand lahf_lm abm 3dnowprefetch cpuid_fault epb cat_l3 cat_l2 cdp_l3 cdp_l2 ssbd mba ibrs ibpb stibp ibrs_enhanced tpr_shadow flexpriority ept vpid ept_ad fsgsbase tsc_adjust bmi1 avx2 smep bmi2 erms invpcid cqm rdt_a avx512f avx512dq rdseed adx smap avx512ifma clflushopt clwb intel_pt avx512cd sha_ni avx512bw avx512vl xsaveopt xsavec xgetbv1 xsaves cqm_llc cqm_occup_llc cqm_mbm_total cqm_mbm_local split_lock_detect user_shstk avx_vnni avx512_bf16 wbnoinvd dtherm ida arat pln pts vnmi avx512vbmi umip pku ospke waitpkg avx512_vbmi2 gfni vaes vpclmulqdq avx512_vnni avx512_bitalg avx512_vpopcntdq la57 rdpid bus_lock_detect cldemote movdiri movdir64b enqcmd fsrm md_clear serialize tsxldtrk pconfig arch_lbr ibt amx_bf16 avx512_fp16 amx_tile amx_int8 flush_l1d arch_capabilities
vmx flags	: vnmi preemption_timer posted_intr invvpid ept_x_only ept_ad ept_1gb ept_5level flexpriority apicv tsc_offset vtpr mtf vapic ept vpid unrestricted_guest vapic_reg vid ple shadow_vmcs pml ept_violation_ve ept_mode_based_exec tsc_scaling usr_wait_pause notify_vm_exiting ipi_virt
bugs		: spectre_v1 spectre_v2 spec_store_bypass swapgs eibrs_pbrsb bhi spectre_v2_user old_microcode vmscape
bogomips	: 4000.00
clflush size	: 64
cache_alignment	: 64
address sizes	: 46 bits physical, 57 bits virtual
power management:

processor	: 11
vendor_id	: GenuineIntel
cpu family	: 6
model		: 143
model name	: Intel(R) Xeon(R) Platinum 8480+
stepping	: 8
microcode	: 0x2b000639
cpu MHz		: 2617.529
cache size	: 107520 KB
physical id	: 1
siblings	: 56
core id		: 34
cpu cores	: 56
apicid		: 196
initial apicid	: 196
fpu		: yes
fpu_exception	: yes
cpuid level	: 32
wp		: yes
flags		: fpu vme de pse tsc msr pae mce cx8 apic sep mtrr pge mca cmov pat pse36 clflush dts acpi mmx fxsr sse sse2 ss ht tm pbe syscall nx pdpe1gb rdtscp lm constant_tsc art arch_perfmon pebs bts rep_good nopl xtopology nonstop_tsc cpuid aperfmperf tsc_known_freq pni pclmulqdq dtes64 monitor ds_cpl vmx smx est tm2 ssse3 sdbg fma cx16 xtpr pdcm pcid dca sse4_1 sse4_2 x2apic movbe popcnt tsc_deadline_timer aes xsave avx f16c rdrand lahf_lm abm 3dnowprefetch cpuid_fault epb cat_l3 cat_l2 cdp_l3 cdp_l2 ssbd mba ibrs ibpb stibp ibrs_enhanced tpr_shadow flexpriority ept vpid ept_ad fsgsbase tsc_adjust bmi1 avx2 smep bmi2 erms invpcid cqm rdt_a avx512f avx512dq rdseed adx smap avx512ifma clflushopt clwb intel_pt avx512cd sha_ni avx512bw avx512vl xsaveopt xsavec xgetbv1 xsaves cqm_llc cqm_occup_llc cqm_mbm_total cqm_mbm_local split_lock_detect user_shstk avx_vnni avx512_bf16 wbnoinvd dtherm ida arat pln pts vnmi avx512vbmi umip pku ospke waitpkg avx512_vbmi2 gfni vaes vpclmulqdq avx512_vnni avx512_bitalg avx512_vpopcntdq la57 rdpid bus_lock_detect cldemote movdiri movdir64b enqcmd fsrm md_clear serialize tsxldtrk pconfig arch_lbr ibt amx_bf16 avx512_fp16 amx_tile amx_int8 flush_l1d arch_capabilities
vmx flags	: vnmi preemption_timer posted_intr invvpid ept_x_only ept_ad ept_1gb ept_5level flexpriority apicv tsc_offset vtpr mtf vapic ept vpid unrestricted_guest vapic_reg vid ple shadow_vmcs pml ept_violation_ve ept_mode_based_exec tsc_scaling usr_wait_pause notify_vm_exiting ipi_virt
bugs		: spectre_v1 spectre_v2 spec_store_bypass swapgs eibrs_pbrsb bhi spectre_v2_user old_microcode vmscape
bogomips	: 4000.00
clflush size	: 64
cache_alignment	: 64
address sizes	: 46 bits physical, 57 bits virtual
power management:

processor	: 12
vendor_id	: GenuineIntel
cpu family	: 6
model		: 143
model name	: Intel(R) Xeon(R) Platinum 8480+
stepping	: 8
microcode	: 0x2b000639
cpu MHz		: 2712.669
cache size	: 107520 KB
physical id	: 0
siblings	: 56
core id		: 21
cpu cores	: 56
apicid		: 42
initial apicid	: 42
fpu		: yes
fpu_exception	: yes
cpuid level	: 32
wp		: yes
flags		: fpu vme de pse tsc msr pae mce cx8 apic sep mtrr pge mca cmov pat pse36 clflush dts acpi mmx fxsr sse sse2 ss ht tm pbe syscall nx pdpe1gb rdtscp lm constant_tsc art arch_perfmon pebs bts rep_good nopl xtopology nonstop_tsc cpuid aperfmperf tsc_known_freq pni pclmulqdq dtes64 monitor ds_cpl vmx smx est tm2 ssse3 sdbg fma cx16 xtpr pdcm pcid dca sse4_1 sse4_2 x2apic movbe popcnt tsc_deadline_timer aes xsave avx f16c rdrand lahf_lm abm 3dnowprefetch cpuid_fault epb cat_l3 cat_l2 cdp_l3 cdp_l2 ssbd mba ibrs ibpb stibp ibrs_enhanced tpr_shadow flexpriority ept vpid ept_ad fsgsbase tsc_adjust bmi1 avx2 smep bmi2 erms invpcid cqm rdt_a avx512f avx512dq rdseed adx smap avx512ifma clflushopt clwb intel_pt avx512cd sha_ni avx512bw avx512vl xsaveopt xsavec xgetbv1 xsaves cqm_llc cqm_occup_llc cqm_mbm_total cqm_mbm_local split_lock_detect user_shstk avx_vnni avx512_bf16 wbnoinvd dtherm ida arat pln pts vnmi avx512vbmi umip pku ospke waitpkg avx512_vbmi2 gfni vaes vpclmulqdq avx512_vnni avx512_bitalg avx512_vpopcntdq la57 rdpid bus_lock_detect cldemote movdiri movdir64b enqcmd fsrm md_clear serialize tsxldtrk pconfig arch_lbr ibt amx_bf16 avx512_fp16 amx_tile amx_int8 flush_l1d arch_capabilities
vmx flags	: vnmi preemption_timer posted_intr invvpid ept_x_only ept_ad ept_1gb ept_5level flexpriority apicv tsc_offset vtpr mtf vapic ept vpid unrestricted_guest vapic_reg vid ple shadow_vmcs pml ept_violation_ve ept_mode_based_exec tsc_scaling usr_wait_pause notify_vm_exiting ipi_virt
bugs		: spectre_v1 spectre_v2 spec_store_bypass swapgs eibrs_pbrsb bhi spectre_v2_user old_microcode vmscape
bogomips	: 4000.00
clflush size	: 64
cache_alignment	: 64
address sizes	: 46 bits physical, 57 bits virtual
power management:

processor	: 13
vendor_id	: GenuineIntel
cpu family	: 6
model		: 143
model name	: Intel(R) Xeon(R) Platinum 8480+
stepping	: 8
microcode	: 0x2b000639
cpu MHz		: 2588.552
cache size	: 107520 KB
physical id	: 1
siblings	: 56
core id		: 22
cpu cores	: 56
apicid		: 172
initial apicid	: 172
fpu		: yes
fpu_exception	: yes
cpuid level	: 32
wp		: yes
flags		: fpu vme de pse tsc msr pae mce cx8 apic sep mtrr pge mca cmov pat pse36 clflush dts acpi mmx fxsr sse sse2 ss ht tm pbe syscall nx pdpe1gb rdtscp lm constant_tsc art arch_perfmon pebs bts rep_good nopl xtopology nonstop_tsc cpuid aperfmperf tsc_known_freq pni pclmulqdq dtes64 monitor ds_cpl vmx smx est tm2 ssse3 sdbg fma cx16 xtpr pdcm pcid dca sse4_1 sse4_2 x2apic movbe popcnt tsc_deadline_timer aes xsave avx f16c rdrand lahf_lm abm 3dnowprefetch cpuid_fault epb cat_l3 cat_l2 cdp_l3 cdp_l2 ssbd mba ibrs ibpb stibp ibrs_enhanced tpr_shadow flexpriority ept vpid ept_ad fsgsbase tsc_adjust bmi1 avx2 smep bmi2 erms invpcid cqm rdt_a avx512f avx512dq rdseed adx smap avx512ifma clflushopt clwb intel_pt avx512cd sha_ni avx512bw avx512vl xsaveopt xsavec xgetbv1 xsaves cqm_llc cqm_occup_llc cqm_mbm_total cqm_mbm_local split_lock_detect user_shstk avx_vnni avx512_bf16 wbnoinvd dtherm ida arat pln pts vnmi avx512vbmi umip pku ospke waitpkg avx512_vbmi2 gfni vaes vpclmulqdq avx512_vnni avx512_bitalg avx512_vpopcntdq la57 rdpid bus_lock_detect cldemote movdiri movdir64b enqcmd fsrm md_clear serialize tsxldtrk pconfig arch_lbr ibt amx_bf16 avx512_fp16 amx_tile amx_int8 flush_l1d arch_capabilities
vmx flags	: vnmi preemption_timer posted_intr invvpid ept_x_only ept_ad ept_1gb ept_5level flexpriority apicv tsc_offset vtpr mtf vapic ept vpid unrestricted_guest vapic_reg vid ple shadow_vmcs pml ept_violation_ve ept_mode_based_exec tsc_scaling usr_wait_pause notify_vm_exiting ipi_virt
bugs		: spectre_v1 spectre_v2 spec_store_bypass swapgs eibrs_pbrsb bhi spectre_v2_user old_microcode vmscape
bogomips	: 4000.00
clflush size	: 64
cache_alignment	: 64
address sizes	: 46 bits physical, 57 bits virtual
power management:

processor	: 14
vendor_id	: GenuineIntel
cpu family	: 6
model		: 143
model name	: Intel(R) Xeon(R) Platinum 8480+
stepping	: 8
microcode	: 0x2b000639
cpu MHz		: 3000.030
cache size	: 107520 KB
physical id	: 0
siblings	: 56
core id		: 52
cpu cores	: 56
apicid		: 104
initial apicid	: 104
fpu		: yes
fpu_exception	: yes
cpuid level	: 32
wp		: yes
flags		: fpu vme de pse tsc msr pae mce cx8 apic sep mtrr pge mca cmov pat pse36 clflush dts acpi mmx fxsr sse sse2 ss ht tm pbe syscall nx pdpe1gb rdtscp lm constant_tsc art arch_perfmon pebs bts rep_good nopl xtopology nonstop_tsc cpuid aperfmperf tsc_known_freq pni pclmulqdq dtes64 monitor ds_cpl vmx smx est tm2 ssse3 sdbg fma cx16 xtpr pdcm pcid dca sse4_1 sse4_2 x2apic movbe popcnt tsc_deadline_timer aes xsave avx f16c rdrand lahf_lm abm 3dnowprefetch cpuid_fault epb cat_l3 cat_l2 cdp_l3 cdp_l2 ssbd mba ibrs ibpb stibp ibrs_enhanced tpr_shadow flexpriority ept vpid ept_ad fsgsbase tsc_adjust bmi1 avx2 smep bmi2 erms invpcid cqm rdt_a avx512f avx512dq rdseed adx smap avx512ifma clflushopt clwb intel_pt avx512cd sha_ni avx512bw avx512vl xsaveopt xsavec xgetbv1 xsaves cqm_llc cqm_occup_llc cqm_mbm_total cqm_mbm_local split_lock_detect user_shstk avx_vnni avx512_bf16 wbnoinvd dtherm ida arat pln pts vnmi avx512vbmi umip pku ospke waitpkg avx512_vbmi2 gfni vaes vpclmulqdq avx512_vnni avx512_bitalg avx512_vpopcntdq la57 rdpid bus_lock_detect cldemote movdiri movdir64b enqcmd fsrm md_clear serialize tsxldtrk pconfig arch_lbr ibt amx_bf16 avx512_fp16 amx_tile amx_int8 flush_l1d arch_capabilities
vmx flags	: vnmi preemption_timer posted_intr invvpid ept_x_only ept_ad ept_1gb ept_5level flexpriority apicv tsc_offset vtpr mtf vapic ept vpid unrestricted_guest vapic_reg vid ple shadow_vmcs pml ept_violation_ve ept_mode_based_exec tsc_scaling usr_wait_pause notify_vm_exiting ipi_virt
bugs		: spectre_v1 spectre_v2 spec_store_bypass swapgs eibrs_pbrsb bhi spectre_v2_user old_microcode vmscape
bogomips	: 4000.00
clflush size	: 64
cache_alignment	: 64
address sizes	: 46 bits physical, 57 bits virtual
power management:

processor	: 15
vendor_id	: GenuineIntel
cpu family	: 6
model		: 143
model name	: Intel(R) Xeon(R) Platinum 8480+
stepping	: 8
microcode	: 0x2b000639
cpu MHz		: 2935.146
cache size	: 107520 KB
physical id	: 1
siblings	: 56
core id		: 51
cpu cores	: 56
apicid		: 230
initial apicid	: 230
fpu		: yes
fpu_exception	: yes
cpuid level	: 32
wp		: yes
flags		: fpu vme de pse tsc msr pae mce cx8 apic sep mtrr pge mca cmov pat pse36 clflush dts acpi mmx fxsr sse sse2 ss ht tm pbe syscall nx pdpe1gb rdtscp lm constant_tsc art arch_perfmon pebs bts rep_good nopl xtopology nonstop_tsc cpuid aperfmperf tsc_known_freq pni pclmulqdq dtes64 monitor ds_cpl vmx smx est tm2 ssse3 sdbg fma cx16 xtpr pdcm pcid dca sse4_1 sse4_2 x2apic movbe popcnt tsc_deadline_timer aes xsave avx f16c rdrand lahf_lm abm 3dnowprefetch cpuid_fault epb cat_l3 cat_l2 cdp_l3 cdp_l2 ssbd mba ibrs ibpb stibp ibrs_enhanced tpr_shadow flexpriority ept vpid ept_ad fsgsbase tsc_adjust bmi1 avx2 smep bmi2 erms invpcid cqm rdt_a avx512f avx512dq rdseed adx smap avx512ifma clflushopt clwb intel_pt avx512cd sha_ni avx512bw avx512vl xsaveopt xsavec xgetbv1 xsaves cqm_llc cqm_occup_llc cqm_mbm_total cqm_mbm_local split_lock_detect user_shstk avx_vnni avx512_bf16 wbnoinvd dtherm ida arat pln pts vnmi avx512vbmi umip pku ospke waitpkg avx512_vbmi2 gfni vaes vpclmulqdq avx512_vnni avx512_bitalg avx512_vpopcntdq la57 rdpid bus_lock_detect cldemote movdiri movdir64b enqcmd fsrm md_clear serialize tsxldtrk pconfig arch_lbr ibt amx_bf16 avx512_fp16 amx_tile amx_int8 flush_l1d arch_capabilities
vmx flags	: vnmi preemption_timer posted_intr invvpid ept_x_only ept_ad ept_1gb ept_5level flexpriority apicv tsc_offset vtpr mtf vapic ept vpid unrestricted_guest vapic_reg vid ple shadow_vmcs pml ept_violation_ve ept_mode_based_exec tsc_scaling usr_wait_pause notify_vm_exiting ipi_virt
bugs		: spectre_v1 spectre_v2 spec_store_bypass swapgs eibrs_pbrsb bhi spectre_v2_user old_microcode vmscape
bogomips	: 4000.00
clflush size	: 64
cache_alignment	: 64
address sizes	: 46 bits physical, 57 bits virtual
power management:

processor	: 16
vendor_id	: GenuineIntel
cpu family	: 6
model		: 143
model name	: Intel(R) Xeon(R) Platinum 8480+
stepping	: 8
microcode	: 0x2b000639
cpu MHz		: 3000.000
cache size	: 107520 KB
physical id	: 0
siblings	: 56
core id		: 6
cpu cores	: 56
apicid		: 12
initial apicid	: 12
fpu		: yes
fpu_exception	: yes
cpuid level	: 32
wp		: yes
flags		: fpu vme de pse tsc msr pae mce cx8 apic sep mtrr pge mca cmov pat pse36 clflush dts acpi mmx fxsr sse sse2 ss ht tm pbe syscall nx pdpe1gb rdtscp lm constant_tsc art arch_perfmon pebs bts rep_good nopl xtopology nonstop_tsc cpuid aperfmperf tsc_known_freq pni pclmulqdq dtes64 monitor ds_cpl vmx smx est tm2 ssse3 sdbg fma cx16 xtpr pdcm pcid dca sse4_1 sse4_2 x2apic movbe popcnt tsc_deadline_timer aes xsave avx f16c rdrand lahf_lm abm 3dnowprefetch cpuid_fault epb cat_l3 cat_l2 cdp_l3 cdp_l2 ssbd mba ibrs ibpb stibp ibrs_enhanced tpr_shadow flexpriority ept vpid ept_ad fsgsbase tsc_adjust bmi1 avx2 smep bmi2 erms invpcid cqm rdt_a avx512f avx512dq rdseed adx smap avx512ifma clflushopt clwb intel_pt avx512cd sha_ni avx512bw avx512vl xsaveopt xsavec xgetbv1 xsaves cqm_llc cqm_occup_llc cqm_mbm_total cqm_mbm_local split_lock_detect user_shstk avx_vnni avx512_bf16 wbnoinvd dtherm ida arat pln pts vnmi avx512vbmi umip pku ospke waitpkg avx512_vbmi2 gfni vaes vpclmulqdq avx512_vnni avx512_bitalg avx512_vpopcntdq la57 rdpid bus_lock_detect cldemote movdiri movdir64b enqcmd fsrm md_clear serialize tsxldtrk pconfig arch_lbr ibt amx_bf16 avx512_fp16 amx_tile amx_int8 flush_l1d arch_capabilities
vmx flags	: vnmi preemption_timer posted_intr invvpid ept_x_only ept_ad ept_1gb ept_5level flexpriority apicv tsc_offset vtpr mtf vapic ept vpid unrestricted_guest vapic_reg vid ple shadow_vmcs pml ept_violation_ve ept_mode_based_exec tsc_scaling usr_wait_pause notify_vm_exiting ipi_virt
bugs		: spectre_v1 spectre_v2 spec_store_bypass swapgs eibrs_pbrsb bhi spectre_v2_user old_microcode vmscape
bogomips	: 4000.00
clflush size	: 64
cache_alignment	: 64
address sizes	: 46 bits physical, 57 bits virtual
power management:

processor	: 17
vendor_id	: GenuineIntel
cpu family	: 6
model		: 143
model name	: Intel(R) Xeon(R) Platinum 8480+
stepping	: 8
microcode	: 0x2b000639
cpu MHz		: 2926.801
cache size	: 107520 KB
physical id	: 1
siblings	: 56
core id		: 7
cpu cores	: 56
apicid		: 142
initial apicid	: 142
fpu		: yes
fpu_exception	: yes
cpuid level	: 32
wp		: yes
flags		: fpu vme de pse tsc msr pae mce cx8 apic sep mtrr pge mca cmov pat pse36 clflush dts acpi mmx fxsr sse sse2 ss ht tm pbe syscall nx pdpe1gb rdtscp lm constant_tsc art arch_perfmon pebs bts rep_good nopl xtopology nonstop_tsc cpuid aperfmperf tsc_known_freq pni pclmulqdq dtes64 monitor ds_cpl vmx smx est tm2 ssse3 sdbg fma cx16 xtpr pdcm pcid dca sse4_1 sse4_2 x2apic movbe popcnt tsc_deadline_timer aes xsave avx f16c rdrand lahf_lm abm 3dnowprefetch cpuid_fault epb cat_l3 cat_l2 cdp_l3 cdp_l2 ssbd mba ibrs ibpb stibp ibrs_enhanced tpr_shadow flexpriority ept vpid ept_ad fsgsbase tsc_adjust bmi1 avx2 smep bmi2 erms invpcid cqm rdt_a avx512f avx512dq rdseed adx smap avx512ifma clflushopt clwb intel_pt avx512cd sha_ni avx512bw avx512vl xsaveopt xsavec xgetbv1 xsaves cqm_llc cqm_occup_llc cqm_mbm_total cqm_mbm_local split_lock_detect user_shstk avx_vnni avx512_bf16 wbnoinvd dtherm ida arat pln pts vnmi avx512vbmi umip pku ospke waitpkg avx512_vbmi2 gfni vaes vpclmulqdq avx512_vnni avx512_bitalg avx512_vpopcntdq la57 rdpid bus_lock_detect cldemote movdiri movdir64b enqcmd fsrm md_clear serialize tsxldtrk pconfig arch_lbr ibt amx_bf16 avx512_fp16 amx_tile amx_int8 flush_l1d arch_capabilities
vmx flags	: vnmi preemption_timer posted_intr invvpid ept_x_only ept_ad ept_1gb ept_5level flexpriority apicv tsc_offset vtpr mtf vapic ept vpid unrestricted_guest vapic_reg vid ple shadow_vmcs pml ept_violation_ve ept_mode_based_exec tsc_scaling usr_wait_pause notify_vm_exiting ipi_virt
bugs		: spectre_v1 spectre_v2 spec_store_bypass swapgs eibrs_pbrsb bhi spectre_v2_user old_microcode vmscape
bogomips	: 4000.00
clflush size	: 64
cache_alignment	: 64
address sizes	: 46 bits physical, 57 bits virtual
power management:

processor	: 18
vendor_id	: GenuineIntel
cpu family	: 6
model		: 143
model name	: Intel(R) Xeon(R) Platinum 8480+
stepping	: 8
microcode	: 0x2b000639
cpu MHz		: 3000.030
cache size	: 107520 KB
physical id	: 0
siblings	: 56
core id		: 38
cpu cores	: 56
apicid		: 76
initial apicid	: 76
fpu		: yes
fpu_exception	: yes
cpuid level	: 32
wp		: yes
flags		: fpu vme de pse tsc msr pae mce cx8 apic sep mtrr pge mca cmov pat pse36 clflush dts acpi mmx fxsr sse sse2 ss ht tm pbe syscall nx pdpe1gb rdtscp lm constant_tsc art arch_perfmon pebs bts rep_good nopl xtopology nonstop_tsc cpuid aperfmperf tsc_known_freq pni pclmulqdq dtes64 monitor ds_cpl vmx smx est tm2 ssse3 sdbg fma cx16 xtpr pdcm pcid dca sse4_1 sse4_2 x2apic movbe popcnt tsc_deadline_timer aes xsave avx f16c rdrand lahf_lm abm 3dnowprefetch cpuid_fault epb cat_l3 cat_l2 cdp_l3 cdp_l2 ssbd mba ibrs ibpb stibp ibrs_enhanced tpr_shadow flexpriority ept vpid ept_ad fsgsbase tsc_adjust bmi1 avx2 smep bmi2 erms invpcid cqm rdt_a avx512f avx512dq rdseed adx smap avx512ifma clflushopt clwb intel_pt avx512cd sha_ni avx512bw avx512vl xsaveopt xsavec xgetbv1 xsaves cqm_llc cqm_occup_llc cqm_mbm_total cqm_mbm_local split_lock_detect user_shstk avx_vnni avx512_bf16 wbnoinvd dtherm ida arat pln pts vnmi avx512vbmi umip pku ospke waitpkg avx512_vbmi2 gfni vaes vpclmulqdq avx512_vnni avx512_bitalg avx512_vpopcntdq la57 rdpid bus_lock_detect cldemote movdiri movdir64b enqcmd fsrm md_clear serialize tsxldtrk pconfig arch_lbr ibt amx_bf16 avx512_fp16 amx_tile amx_int8 flush_l1d arch_capabilities
vmx flags	: vnmi preemption_timer posted_intr invvpid ept_x_only ept_ad ept_1gb ept_5level flexpriority apicv tsc_offset vtpr mtf vapic ept vpid unrestricted_guest vapic_reg vid ple shadow_vmcs pml ept_violation_ve ept_mode_based_exec tsc_scaling usr_wait_pause notify_vm_exiting ipi_virt
bugs		: spectre_v1 spectre_v2 spec_store_bypass swapgs eibrs_pbrsb bhi spectre_v2_user old_microcode vmscape
bogomips	: 4000.00
clflush size	: 64
cache_alignment	: 64
address sizes	: 46 bits physical, 57 bits virtual
power management:

processor	: 19
vendor_id	: GenuineIntel
cpu family	: 6
model		: 143
model name	: Intel(R) Xeon(R) Platinum 8480+
stepping	: 8
microcode	: 0x2b000639
cpu MHz		: 3000.000
cache size	: 107520 KB
physical id	: 1
siblings	: 56
core id		: 38
cpu cores	: 56
apicid		: 204
initial apicid	: 204
fpu		: yes
fpu_exception	: yes
cpuid level	: 32
wp		: yes
flags		: fpu vme de pse tsc msr pae mce cx8 apic sep mtrr pge mca cmov pat pse36 clflush dts acpi mmx fxsr sse sse2 ss ht tm pbe syscall nx pdpe1gb rdtscp lm constant_tsc art arch_perfmon pebs bts rep_good nopl xtopology nonstop_tsc cpuid aperfmperf tsc_known_freq pni pclmulqdq dtes64 monitor ds_cpl vmx smx est tm2 ssse3 sdbg fma cx16 xtpr pdcm pcid dca sse4_1 sse4_2 x2apic movbe popcnt tsc_deadline_timer aes xsave avx f16c rdrand lahf_lm abm 3dnowprefetch cpuid_fault epb cat_l3 cat_l2 cdp_l3 cdp_l2 ssbd mba ibrs ibpb stibp ibrs_enhanced tpr_shadow flexpriority ept vpid ept_ad fsgsbase tsc_adjust bmi1 avx2 smep bmi2 erms invpcid cqm rdt_a avx512f avx512dq rdseed adx smap avx512ifma clflushopt clwb intel_pt avx512cd sha_ni avx512bw avx512vl xsaveopt xsavec xgetbv1 xsaves cqm_llc cqm_occup_llc cqm_mbm_total cqm_mbm_local split_lock_detect user_shstk avx_vnni avx512_bf16 wbnoinvd dtherm ida arat pln pts vnmi avx512vbmi umip pku ospke waitpkg avx512_vbmi2 gfni vaes vpclmulqdq avx512_vnni avx512_bitalg avx512_vpopcntdq la57 rdpid bus_lock_detect cldemote movdiri movdir64b enqcmd fsrm md_clear serialize tsxldtrk pconfig arch_lbr ibt amx_bf16 avx512_fp16 amx_tile amx_int8 flush_l1d arch_capabilities
vmx flags	: vnmi preemption_timer posted_intr invvpid ept_x_only ept_ad ept_1gb ept_5level flexpriority apicv tsc_offset vtpr mtf vapic ept vpid unrestricted_guest vapic_reg vid ple shadow_vmcs pml ept_violation_ve ept_mode_based_exec tsc_scaling usr_wait_pause notify_vm_exiting ipi_virt
bugs		: spectre_v1 spectre_v2 spec_store_bypass swapgs eibrs_pbrsb bhi spectre_v2_user old_microcode vmscape
bogomips	: 4000.00
clflush size	: 64
cache_alignment	: 64
address sizes	: 46 bits physical, 57 bits virtual
power management:

processor	: 20
vendor_id	: GenuineIntel
cpu family	: 6
model		: 143
model name	: Intel(R) Xeon(R) Platinum 8480+
stepping	: 8
microcode	: 0x2b000639
cpu MHz		: 3000.000
cache size	: 107520 KB
physical id	: 0
siblings	: 56
core id		: 18
cpu cores	: 56
apicid		: 36
initial apicid	: 36
fpu		: yes
fpu_exception	: yes
cpuid level	: 32
wp		: yes
flags		: fpu vme de pse tsc msr pae mce cx8 apic sep mtrr pge mca cmov pat pse36 clflush dts acpi mmx fxsr sse sse2 ss ht tm pbe syscall nx pdpe1gb rdtscp lm constant_tsc art arch_perfmon pebs bts rep_good nopl xtopology nonstop_tsc cpuid aperfmperf tsc_known_freq pni pclmulqdq dtes64 monitor ds_cpl vmx smx est tm2 ssse3 sdbg fma cx16 xtpr pdcm pcid dca sse4_1 sse4_2 x2apic movbe popcnt tsc_deadline_timer aes xsave avx f16c rdrand lahf_lm abm 3dnowprefetch cpuid_fault epb cat_l3 cat_l2 cdp_l3 cdp_l2 ssbd mba ibrs ibpb stibp ibrs_enhanced tpr_shadow flexpriority ept vpid ept_ad fsgsbase tsc_adjust bmi1 avx2 smep bmi2 erms invpcid cqm rdt_a avx512f avx512dq rdseed adx smap avx512ifma clflushopt clwb intel_pt avx512cd sha_ni avx512bw avx512vl xsaveopt xsavec xgetbv1 xsaves cqm_llc cqm_occup_llc cqm_mbm_total cqm_mbm_local split_lock_detect user_shstk avx_vnni avx512_bf16 wbnoinvd dtherm ida arat pln pts vnmi avx512vbmi umip pku ospke waitpkg avx512_vbmi2 gfni vaes vpclmulqdq avx512_vnni avx512_bitalg avx512_vpopcntdq la57 rdpid bus_lock_detect cldemote movdiri movdir64b enqcmd fsrm md_clear serialize tsxldtrk pconfig arch_lbr ibt amx_bf16 avx512_fp16 amx_tile amx_int8 flush_l1d arch_capabilities
vmx flags	: vnmi preemption_timer posted_intr invvpid ept_x_only ept_ad ept_1gb ept_5level flexpriority apicv tsc_offset vtpr mtf vapic ept vpid unrestricted_guest vapic_reg vid ple shadow_vmcs pml ept_violation_ve ept_mode_based_exec tsc_scaling usr_wait_pause notify_vm_exiting ipi_virt
bugs		: spectre_v1 spectre_v2 spec_store_bypass swapgs eibrs_pbrsb bhi spectre_v2_user old_microcode vmscape
bogomips	: 4000.00
clflush size	: 64
cache_alignment	: 64
address sizes	: 46 bits physical, 57 bits virtual
power management:

processor	: 21
vendor_id	: GenuineIntel
cpu family	: 6
model		: 143
model name	: Intel(R) Xeon(R) Platinum 8480+
stepping	: 8
microcode	: 0x2b000639
cpu MHz		: 2931.842
cache size	: 107520 KB
physical id	: 1
siblings	: 56
core id		: 18
cpu cores	: 56
apicid		: 164
initial apicid	: 164
fpu		: yes
fpu_exception	: yes
cpuid level	: 32
wp		: yes
flags		: fpu vme de pse tsc msr pae mce cx8 apic sep mtrr pge mca cmov pat pse36 clflush dts acpi mmx fxsr sse sse2 ss ht tm pbe syscall nx pdpe1gb rdtscp lm constant_tsc art arch_perfmon pebs bts rep_good nopl xtopology nonstop_tsc cpuid aperfmperf tsc_known_freq pni pclmulqdq dtes64 monitor ds_cpl vmx smx est tm2 ssse3 sdbg fma cx16 xtpr pdcm pcid dca sse4_1 sse4_2 x2apic movbe popcnt tsc_deadline_timer aes xsave avx f16c rdrand lahf_lm abm 3dnowprefetch cpuid_fault epb cat_l3 cat_l2 cdp_l3 cdp_l2 ssbd mba ibrs ibpb stibp ibrs_enhanced tpr_shadow flexpriority ept vpid ept_ad fsgsbase tsc_adjust bmi1 avx2 smep bmi2 erms invpcid cqm rdt_a avx512f avx512dq rdseed adx smap avx512ifma clflushopt clwb intel_pt avx512cd sha_ni avx512bw avx512vl xsaveopt xsavec xgetbv1 xsaves cqm_llc cqm_occup_llc cqm_mbm_total cqm_mbm_local split_lock_detect user_shstk avx_vnni avx512_bf16 wbnoinvd dtherm ida arat pln pts vnmi avx512vbmi umip pku ospke waitpkg avx512_vbmi2 gfni vaes vpclmulqdq avx512_vnni avx512_bitalg avx512_vpopcntdq la57 rdpid bus_lock_detect cldemote movdiri movdir64b enqcmd fsrm md_clear serialize tsxldtrk pconfig arch_lbr ibt amx_bf16 avx512_fp16 amx_tile amx_int8 flush_l1d arch_capabilities
vmx flags	: vnmi preemption_timer posted_intr invvpid ept_x_only ept_ad ept_1gb ept_5level flexpriority apicv tsc_offset vtpr mtf vapic ept vpid unrestricted_guest vapic_reg vid ple shadow_vmcs pml ept_violation_ve ept_mode_based_exec tsc_scaling usr_wait_pause notify_vm_exiting ipi_virt
bugs		: spectre_v1 spectre_v2 spec_store_bypass swapgs eibrs_pbrsb bhi spectre_v2_user old_microcode vmscape
bogomips	: 4000.00
clflush size	: 64
cache_alignment	: 64
address sizes	: 46 bits physical, 57 bits virtual
power management:

processor	: 22
vendor_id	: GenuineIntel
cpu family	: 6
model		: 143
model name	: Intel(R) Xeon(R) Platinum 8480+
stepping	: 8
microcode	: 0x2b000639
cpu MHz		: 3000.000
cache size	: 107520 KB
physical id	: 0
siblings	: 56
core id		: 49
cpu cores	: 56
apicid		: 98
initial apicid	: 98
fpu		: yes
fpu_exception	: yes
cpuid level	: 32
wp		: yes
flags		: fpu vme de pse tsc msr pae mce cx8 apic sep mtrr pge mca cmov pat pse36 clflush dts acpi mmx fxsr sse sse2 ss ht tm pbe syscall nx pdpe1gb rdtscp lm constant_tsc art arch_perfmon pebs bts rep_good nopl xtopology nonstop_tsc cpuid aperfmperf tsc_known_freq pni pclmulqdq dtes64 monitor ds_cpl vmx smx est tm2 ssse3 sdbg fma cx16 xtpr pdcm pcid dca sse4_1 sse4_2 x2apic movbe popcnt tsc_deadline_timer aes xsave avx f16c rdrand lahf_lm abm 3dnowprefetch cpuid_fault epb cat_l3 cat_l2 cdp_l3 cdp_l2 ssbd mba ibrs ibpb stibp ibrs_enhanced tpr_shadow flexpriority ept vpid ept_ad fsgsbase tsc_adjust bmi1 avx2 smep bmi2 erms invpcid cqm rdt_a avx512f avx512dq rdseed adx smap avx512ifma clflushopt clwb intel_pt avx512cd sha_ni avx512bw avx512vl xsaveopt xsavec xgetbv1 xsaves cqm_llc cqm_occup_llc cqm_mbm_total cqm_mbm_local split_lock_detect user_shstk avx_vnni avx512_bf16 wbnoinvd dtherm ida arat pln pts vnmi avx512vbmi umip pku ospke waitpkg avx512_vbmi2 gfni vaes vpclmulqdq avx512_vnni avx512_bitalg avx512_vpopcntdq la57 rdpid bus_lock_detect cldemote movdiri movdir64b enqcmd fsrm md_clear serialize tsxldtrk pconfig arch_lbr ibt amx_bf16 avx512_fp16 amx_tile amx_int8 flush_l1d arch_capabilities
vmx flags	: vnmi preemption_timer posted_intr invvpid ept_x_only ept_ad ept_1gb ept_5level flexpriority apicv tsc_offset vtpr mtf vapic ept vpid unrestricted_guest vapic_reg vid ple shadow_vmcs pml ept_violation_ve ept_mode_based_exec tsc_scaling usr_wait_pause notify_vm_exiting ipi_virt
bugs		: spectre_v1 spectre_v2 spec_store_bypass swapgs eibrs_pbrsb bhi spectre_v2_user old_microcode vmscape
bogomips	: 4000.00
clflush size	: 64
cache_alignment	: 64
address sizes	: 46 bits physical, 57 bits virtual
power management:

processor	: 23
vendor_id	: GenuineIntel
cpu family	: 6
model		: 143
model name	: Intel(R) Xeon(R) Platinum 8480+
stepping	: 8
microcode	: 0x2b000639
cpu MHz		: 2936.773
cache size	: 107520 KB
physical id	: 1
siblings	: 56
core id		: 49
cpu cores	: 56
apicid		: 226
initial apicid	: 226
fpu		: yes
fpu_exception	: yes
cpuid level	: 32
wp		: yes
flags		: fpu vme de pse tsc msr pae mce cx8 apic sep mtrr pge mca cmov pat pse36 clflush dts acpi mmx fxsr sse sse2 ss ht tm pbe syscall nx pdpe1gb rdtscp lm constant_tsc art arch_perfmon pebs bts rep_good nopl xtopology nonstop_tsc cpuid aperfmperf tsc_known_freq pni pclmulqdq dtes64 monitor ds_cpl vmx smx est tm2 ssse3 sdbg fma cx16 xtpr pdcm pcid dca sse4_1 sse4_2 x2apic movbe popcnt tsc_deadline_timer aes xsave avx f16c rdrand lahf_lm abm 3dnowprefetch cpuid_fault epb cat_l3 cat_l2 cdp_l3 cdp_l2 ssbd mba ibrs ibpb stibp ibrs_enhanced tpr_shadow flexpriority ept vpid ept_ad fsgsbase tsc_adjust bmi1 avx2 smep bmi2 erms invpcid cqm rdt_a avx512f avx512dq rdseed adx smap avx512ifma clflushopt clwb intel_pt avx512cd sha_ni avx512bw avx512vl xsaveopt xsavec xgetbv1 xsaves cqm_llc cqm_occup_llc cqm_mbm_total cqm_mbm_local split_lock_detect user_shstk avx_vnni avx512_bf16 wbnoinvd dtherm ida arat pln pts vnmi avx512vbmi umip pku ospke waitpkg avx512_vbmi2 gfni vaes vpclmulqdq avx512_vnni avx512_bitalg avx512_vpopcntdq la57 rdpid bus_lock_detect cldemote movdiri movdir64b enqcmd fsrm md_clear serialize tsxldtrk pconfig arch_lbr ibt amx_bf16 avx512_fp16 amx_tile amx_int8 flush_l1d arch_capabilities
vmx flags	: vnmi preemption_timer posted_intr invvpid ept_x_only ept_ad ept_1gb ept_5level flexpriority apicv tsc_offset vtpr mtf vapic ept vpid unrestricted_guest vapic_reg vid ple shadow_vmcs pml ept_violation_ve ept_mode_based_exec tsc_scaling usr_wait_pause notify_vm_exiting ipi_virt
bugs		: spectre_v1 spectre_v2 spec_store_bypass swapgs eibrs_pbrsb bhi spectre_v2_user old_microcode vmscape
bogomips	: 4000.00
clflush size	: 64
cache_alignment	: 64
address sizes	: 46 bits physical, 57 bits virtual
power management:

processor	: 24
vendor_id	: GenuineIntel
cpu family	: 6
model		: 143
model name	: Intel(R) Xeon(R) Platinum 8480+
stepping	: 8
microcode	: 0x2b000639
cpu MHz		: 2652.372
cache size	: 107520 KB
physical id	: 0
siblings	: 56
core id		: 7
cpu cores	: 56
apicid		: 14
initial apicid	: 14
fpu		: yes
fpu_exception	: yes
cpuid level	: 32
wp		: yes
flags		: fpu vme de pse tsc msr pae mce cx8 apic sep mtrr pge mca cmov pat pse36 clflush dts acpi mmx fxsr sse sse2 ss ht tm pbe syscall nx pdpe1gb rdtscp lm constant_tsc art arch_perfmon pebs bts rep_good nopl xtopology nonstop_tsc cpuid aperfmperf tsc_known_freq pni pclmulqdq dtes64 monitor ds_cpl vmx smx est tm2 ssse3 sdbg fma cx16 xtpr pdcm pcid dca sse4_1 sse4_2 x2apic movbe popcnt tsc_deadline_timer aes xsave avx f16c rdrand lahf_lm abm 3dnowprefetch cpuid_fault epb cat_l3 cat_l2 cdp_l3 cdp_l2 ssbd mba ibrs ibpb stibp ibrs_enhanced tpr_shadow flexpriority ept vpid ept_ad fsgsbase tsc_adjust bmi1 avx2 smep bmi2 erms invpcid cqm rdt_a avx512f avx512dq rdseed adx smap avx512ifma clflushopt clwb intel_pt avx512cd sha_ni avx512bw avx512vl xsaveopt xsavec xgetbv1 xsaves cqm_llc cqm_occup_llc cqm_mbm_total cqm_mbm_local split_lock_detect user_shstk avx_vnni avx512_bf16 wbnoinvd dtherm ida arat pln pts vnmi avx512vbmi umip pku ospke waitpkg avx512_vbmi2 gfni vaes vpclmulqdq avx512_vnni avx512_bitalg avx512_vpopcntdq la57 rdpid bus_lock_detect cldemote movdiri movdir64b enqcmd fsrm md_clear serialize tsxldtrk pconfig arch_lbr ibt amx_bf16 avx512_fp16 amx_tile amx_int8 flush_l1d arch_capabilities
vmx flags	: vnmi preemption_timer posted_intr invvpid ept_x_only ept_ad ept_1gb ept_5level flexpriority apicv tsc_offset vtpr mtf vapic ept vpid unrestricted_guest vapic_reg vid ple shadow_vmcs pml ept_violation_ve ept_mode_based_exec tsc_scaling usr_wait_pause notify_vm_exiting ipi_virt
bugs		: spectre_v1 spectre_v2 spec_store_bypass swapgs eibrs_pbrsb bhi spectre_v2_user old_microcode vmscape
bogomips	: 4000.00
clflush size	: 64
cache_alignment	: 64
address sizes	: 46 bits physical, 57 bits virtual
power management:

processor	: 25
vendor_id	: GenuineIntel
cpu family	: 6
model		: 143
model name	: Intel(R) Xeon(R) Platinum 8480+
stepping	: 8
microcode	: 0x2b000639
cpu MHz		: 2903.841
cache size	: 107520 KB
physical id	: 1
siblings	: 56
core id		: 1
cpu cores	: 56
apicid		: 130
initial apicid	: 130
fpu		: yes
fpu_exception	: yes
cpuid level	: 32
wp		: yes
flags		: fpu vme de pse tsc msr pae mce cx8 apic sep mtrr pge mca cmov pat pse36 clflush dts acpi mmx fxsr sse sse2 ss ht tm pbe syscall nx pdpe1gb rdtscp lm constant_tsc art arch_perfmon pebs bts rep_good nopl xtopology nonstop_tsc cpuid aperfmperf tsc_known_freq pni pclmulqdq dtes64 monitor ds_cpl vmx smx est tm2 ssse3 sdbg fma cx16 xtpr pdcm pcid dca sse4_1 sse4_2 x2apic movbe popcnt tsc_deadline_timer aes xsave avx f16c rdrand lahf_lm abm 3dnowprefetch cpuid_fault epb cat_l3 cat_l2 cdp_l3 cdp_l2 ssbd mba ibrs ibpb stibp ibrs_enhanced tpr_shadow flexpriority ept vpid ept_ad fsgsbase tsc_adjust bmi1 avx2 smep bmi2 erms invpcid cqm rdt_a avx512f avx512dq rdseed adx smap avx512ifma clflushopt clwb intel_pt avx512cd sha_ni avx512bw avx512vl xsaveopt xsavec xgetbv1 xsaves cqm_llc cqm_occup_llc cqm_mbm_total cqm_mbm_local split_lock_detect user_shstk avx_vnni avx512_bf16 wbnoinvd dtherm ida arat pln pts vnmi avx512vbmi umip pku ospke waitpkg avx512_vbmi2 gfni vaes vpclmulqdq avx512_vnni avx512_bitalg avx512_vpopcntdq la57 rdpid bus_lock_detect cldemote movdiri movdir64b enqcmd fsrm md_clear serialize tsxldtrk pconfig arch_lbr ibt amx_bf16 avx512_fp16 amx_tile amx_int8 flush_l1d arch_capabilities
vmx flags	: vnmi preemption_timer posted_intr invvpid ept_x_only ept_ad ept_1gb ept_5level flexpriority apicv tsc_offset vtpr mtf vapic ept vpid unrestricted_guest vapic_reg vid ple shadow_vmcs pml ept_violation_ve ept_mode_based_exec tsc_scaling usr_wait_pause notify_vm_exiting ipi_virt
bugs		: spectre_v1 spectre_v2 spec_store_bypass swapgs eibrs_pbrsb bhi spectre_v2_user old_microcode vmscape
bogomips	: 4000.00
clflush size	: 64
cache_alignment	: 64
address sizes	: 46 bits physical, 57 bits virtual
power management:

processor	: 26
vendor_id	: GenuineIntel
cpu family	: 6
model		: 143
model name	: Intel(R) Xeon(R) Platinum 8480+
stepping	: 8
microcode	: 0x2b000639
cpu MHz		: 3000.030
cache size	: 107520 KB
physical id	: 0
siblings	: 56
core id		: 30
cpu cores	: 56
apicid		: 60
initial apicid	: 60
fpu		: yes
fpu_exception	: yes
cpuid level	: 32
wp		: yes
flags		: fpu vme de pse tsc msr pae mce cx8 apic sep mtrr pge mca cmov pat pse36 clflush dts acpi mmx fxsr sse sse2 ss ht tm pbe syscall nx pdpe1gb rdtscp lm constant_tsc art arch_perfmon pebs bts rep_good nopl xtopology nonstop_tsc cpuid aperfmperf tsc_known_freq pni pclmulqdq dtes64 monitor ds_cpl vmx smx est tm2 ssse3 sdbg fma cx16 xtpr pdcm pcid dca sse4_1 sse4_2 x2apic movbe popcnt tsc_deadline_timer aes xsave avx f16c rdrand lahf_lm abm 3dnowprefetch cpuid_fault epb cat_l3 cat_l2 cdp_l3 cdp_l2 ssbd mba ibrs ibpb stibp ibrs_enhanced tpr_shadow flexpriority ept vpid ept_ad fsgsbase tsc_adjust bmi1 avx2 smep bmi2 erms invpcid cqm rdt_a avx512f avx512dq rdseed adx smap avx512ifma clflushopt clwb intel_pt avx512cd sha_ni avx512bw avx512vl xsaveopt xsavec xgetbv1 xsaves cqm_llc cqm_occup_llc cqm_mbm_total cqm_mbm_local split_lock_detect user_shstk avx_vnni avx512_bf16 wbnoinvd dtherm ida arat pln pts vnmi avx512vbmi umip pku ospke waitpkg avx512_vbmi2 gfni vaes vpclmulqdq avx512_vnni avx512_bitalg avx512_vpopcntdq la57 rdpid bus_lock_detect cldemote movdiri movdir64b enqcmd fsrm md_clear serialize tsxldtrk pconfig arch_lbr ibt amx_bf16 avx512_fp16 amx_tile amx_int8 flush_l1d arch_capabilities
vmx flags	: vnmi preemption_timer posted_intr invvpid ept_x_only ept_ad ept_1gb ept_5level flexpriority apicv tsc_offset vtpr mtf vapic ept vpid unrestricted_guest vapic_reg vid ple shadow_vmcs pml ept_violation_ve ept_mode_based_exec tsc_scaling usr_wait_pause notify_vm_exiting ipi_virt
bugs		: spectre_v1 spectre_v2 spec_store_bypass swapgs eibrs_pbrsb bhi spectre_v2_user old_microcode vmscape
bogomips	: 4000.00
clflush size	: 64
cache_alignment	: 64
address sizes	: 46 bits physical, 57 bits virtual
power management:

processor	: 27
vendor_id	: GenuineIntel
cpu family	: 6
model		: 143
model name	: Intel(R) Xeon(R) Platinum 8480+
stepping	: 8
microcode	: 0x2b000639
cpu MHz		: 3000.000
cache size	: 107520 KB
physical id	: 1
siblings	: 56
core id		: 30
cpu cores	: 56
apicid		: 188
initial apicid	: 188
fpu		: yes
fpu_exception	: yes
cpuid level	: 32
wp		: yes
flags		: fpu vme de pse tsc msr pae mce cx8 apic sep mtrr pge mca cmov pat pse36 clflush dts acpi mmx fxsr sse sse2 ss ht tm pbe syscall nx pdpe1gb rdtscp lm constant_tsc art arch_perfmon pebs bts rep_good nopl xtopology nonstop_tsc cpuid aperfmperf tsc_known_freq pni pclmulqdq dtes64 monitor ds_cpl vmx smx est tm2 ssse3 sdbg fma cx16 xtpr pdcm pcid dca sse4_1 sse4_2 x2apic movbe popcnt tsc_deadline_timer aes xsave avx f16c rdrand lahf_lm abm 3dnowprefetch cpuid_fault epb cat_l3 cat_l2 cdp_l3 cdp_l2 ssbd mba ibrs ibpb stibp ibrs_enhanced tpr_shadow flexpriority ept vpid ept_ad fsgsbase tsc_adjust bmi1 avx2 smep bmi2 erms invpcid cqm rdt_a avx512f avx512dq rdseed adx smap avx512ifma clflushopt clwb intel_pt avx512cd sha_ni avx512bw avx512vl xsaveopt xsavec xgetbv1 xsaves cqm_llc cqm_occup_llc cqm_mbm_total cqm_mbm_local split_lock_detect user_shstk avx_vnni avx512_bf16 wbnoinvd dtherm ida arat pln pts vnmi avx512vbmi umip pku ospke waitpkg avx512_vbmi2 gfni vaes vpclmulqdq avx512_vnni avx512_bitalg avx512_vpopcntdq la57 rdpid bus_lock_detect cldemote movdiri movdir64b enqcmd fsrm md_clear serialize tsxldtrk pconfig arch_lbr ibt amx_bf16 avx512_fp16 amx_tile amx_int8 flush_l1d arch_capabilities
vmx flags	: vnmi preemption_timer posted_intr invvpid ept_x_only ept_ad ept_1gb ept_5level flexpriority apicv tsc_offset vtpr mtf vapic ept vpid unrestricted_guest vapic_reg vid ple shadow_vmcs pml ept_violation_ve ept_mode_based_exec tsc_scaling usr_wait_pause notify_vm_exiting ipi_virt
bugs		: spectre_v1 spectre_v2 spec_store_bypass swapgs eibrs_pbrsb bhi spectre_v2_user old_microcode vmscape
bogomips	: 4000.00
clflush size	: 64
cache_alignment	: 64
address sizes	: 46 bits physical, 57 bits virtual
power management:

processor	: 28
vendor_id	: GenuineIntel
cpu family	: 6
model		: 143
model name	: Intel(R) Xeon(R) Platinum 8480+
stepping	: 8
microcode	: 0x2b000639
cpu MHz		: 3000.000
cache size	: 107520 KB
physical id	: 0
siblings	: 56
core id		: 25
cpu cores	: 56
apicid		: 50
initial apicid	: 50
fpu		: yes
fpu_exception	: yes
cpuid level	: 32
wp		: yes
flags		: fpu vme de pse tsc msr pae mce cx8 apic sep mtrr pge mca cmov pat pse36 clflush dts acpi mmx fxsr sse sse2 ss ht tm pbe syscall nx pdpe1gb rdtscp lm constant_tsc art arch_perfmon pebs bts rep_good nopl xtopology nonstop_tsc cpuid aperfmperf tsc_known_freq pni pclmulqdq dtes64 monitor ds_cpl vmx smx est tm2 ssse3 sdbg fma cx16 xtpr pdcm pcid dca sse4_1 sse4_2 x2apic movbe popcnt tsc_deadline_timer aes xsave avx f16c rdrand lahf_lm abm 3dnowprefetch cpuid_fault epb cat_l3 cat_l2 cdp_l3 cdp_l2 ssbd mba ibrs ibpb stibp ibrs_enhanced tpr_shadow flexpriority ept vpid ept_ad fsgsbase tsc_adjust bmi1 avx2 smep bmi2 erms invpcid cqm rdt_a avx512f avx512dq rdseed adx smap avx512ifma clflushopt clwb intel_pt avx512cd sha_ni avx512bw avx512vl xsaveopt xsavec xgetbv1 xsaves cqm_llc cqm_occup_llc cqm_mbm_total cqm_mbm_local split_lock_detect user_shstk avx_vnni avx512_bf16 wbnoinvd dtherm ida arat pln pts vnmi avx512vbmi umip pku ospke waitpkg avx512_vbmi2 gfni vaes vpclmulqdq avx512_vnni avx512_bitalg avx512_vpopcntdq la57 rdpid bus_lock_detect cldemote movdiri movdir64b enqcmd fsrm md_clear serialize tsxldtrk pconfig arch_lbr ibt amx_bf16 avx512_fp16 amx_tile amx_int8 flush_l1d arch_capabilities
vmx flags	: vnmi preemption_timer posted_intr invvpid ept_x_only ept_ad ept_1gb ept_5level flexpriority apicv tsc_offset vtpr mtf vapic ept vpid unrestricted_guest vapic_reg vid ple shadow_vmcs pml ept_violation_ve ept_mode_based_exec tsc_scaling usr_wait_pause notify_vm_exiting ipi_virt
bugs		: spectre_v1 spectre_v2 spec_store_bypass swapgs eibrs_pbrsb bhi spectre_v2_user old_microcode vmscape
bogomips	: 4000.00
clflush size	: 64
cache_alignment	: 64
address sizes	: 46 bits physical, 57 bits virtual
power management:

processor	: 29
vendor_id	: GenuineIntel
cpu family	: 6
model		: 143
model name	: Intel(R) Xeon(R) Platinum 8480+
stepping	: 8
microcode	: 0x2b000639
cpu MHz		: 2891.761
cache size	: 107520 KB
physical id	: 1
siblings	: 56
core id		: 19
cpu cores	: 56
apicid		: 166
initial apicid	: 166
fpu		: yes
fpu_exception	: yes
cpuid level	: 32
wp		: yes
flags		: fpu vme de pse tsc msr pae mce cx8 apic sep mtrr pge mca cmov pat pse36 clflush dts acpi mmx fxsr sse sse2 ss ht tm pbe syscall nx pdpe1gb rdtscp lm constant_tsc art arch_perfmon pebs bts rep_good nopl xtopology nonstop_tsc cpuid aperfmperf tsc_known_freq pni pclmulqdq dtes64 monitor ds_cpl vmx smx est tm2 ssse3 sdbg fma cx16 xtpr pdcm pcid dca sse4_1 sse4_2 x2apic movbe popcnt tsc_deadline_timer aes xsave avx f16c rdrand lahf_lm abm 3dnowprefetch cpuid_fault epb cat_l3 cat_l2 cdp_l3 cdp_l2 ssbd mba ibrs ibpb stibp ibrs_enhanced tpr_shadow flexpriority ept vpid ept_ad fsgsbase tsc_adjust bmi1 avx2 smep bmi2 erms invpcid cqm rdt_a avx512f avx512dq rdseed adx smap avx512ifma clflushopt clwb intel_pt avx512cd sha_ni avx512bw avx512vl xsaveopt xsavec xgetbv1 xsaves cqm_llc cqm_occup_llc cqm_mbm_total cqm_mbm_local split_lock_detect user_shstk avx_vnni avx512_bf16 wbnoinvd dtherm ida arat pln pts vnmi avx512vbmi umip pku ospke waitpkg avx512_vbmi2 gfni vaes vpclmulqdq avx512_vnni avx512_bitalg avx512_vpopcntdq la57 rdpid bus_lock_detect cldemote movdiri movdir64b enqcmd fsrm md_clear serialize tsxldtrk pconfig arch_lbr ibt amx_bf16 avx512_fp16 amx_tile amx_int8 flush_l1d arch_capabilities
vmx flags	: vnmi preemption_timer posted_intr invvpid ept_x_only ept_ad ept_1gb ept_5level flexpriority apicv tsc_offset vtpr mtf vapic ept vpid unrestricted_guest vapic_reg vid ple shadow_vmcs pml ept_violation_ve ept_mode_based_exec tsc_scaling usr_wait_pause notify_vm_exiting ipi_virt
bugs		: spectre_v1 spectre_v2 spec_store_bypass swapgs eibrs_pbrsb bhi spectre_v2_user old_microcode vmscape
bogomips	: 4000.00
clflush size	: 64
cache_alignment	: 64
address sizes	: 46 bits physical, 57 bits virtual
power management:

processor	: 30
vendor_id	: GenuineIntel
cpu family	: 6
model		: 143
model name	: Intel(R) Xeon(R) Platinum 8480+
stepping	: 8
microcode	: 0x2b000639
cpu MHz		: 2943.904
cache size	: 107520 KB
physical id	: 0
siblings	: 56
core id		: 54
cpu cores	: 56
apicid		: 108
initial apicid	: 108
fpu		: yes
fpu_exception	: yes
cpuid level	: 32
wp		: yes
flags		: fpu vme de pse tsc msr pae mce cx8 apic sep mtrr pge mca cmov pat pse36 clflush dts acpi mmx fxsr sse sse2 ss ht tm pbe syscall nx pdpe1gb rdtscp lm constant_tsc art arch_perfmon pebs bts rep_good nopl xtopology nonstop_tsc cpuid aperfmperf tsc_known_freq pni pclmulqdq dtes64 monitor ds_cpl vmx smx est tm2 ssse3 sdbg fma cx16 xtpr pdcm pcid dca sse4_1 sse4_2 x2apic movbe popcnt tsc_deadline_timer aes xsave avx f16c rdrand lahf_lm abm 3dnowprefetch cpuid_fault epb cat_l3 cat_l2 cdp_l3 cdp_l2 ssbd mba ibrs ibpb stibp ibrs_enhanced tpr_shadow flexpriority ept vpid ept_ad fsgsbase tsc_adjust bmi1 avx2 smep bmi2 erms invpcid cqm rdt_a avx512f avx512dq rdseed adx smap avx512ifma clflushopt clwb intel_pt avx512cd sha_ni avx512bw avx512vl xsaveopt xsavec xgetbv1 xsaves cqm_llc cqm_occup_llc cqm_mbm_total cqm_mbm_local split_lock_detect user_shstk avx_vnni avx512_bf16 wbnoinvd dtherm ida arat pln pts vnmi avx512vbmi umip pku ospke waitpkg avx512_vbmi2 gfni vaes vpclmulqdq avx512_vnni avx512_bitalg avx512_vpopcntdq la57 rdpid bus_lock_detect cldemote movdiri movdir64b enqcmd fsrm md_clear serialize tsxldtrk pconfig arch_lbr ibt amx_bf16 avx512_fp16 amx_tile amx_int8 flush_l1d arch_capabilities
vmx flags	: vnmi preemption_timer posted_intr invvpid ept_x_only ept_ad ept_1gb ept_5level flexpriority apicv tsc_offset vtpr mtf vapic ept vpid unrestricted_guest vapic_reg vid ple shadow_vmcs pml ept_violation_ve ept_mode_based_exec tsc_scaling usr_wait_pause notify_vm_exiting ipi_virt
bugs		: spectre_v1 spectre_v2 spec_store_bypass swapgs eibrs_pbrsb bhi spectre_v2_user old_microcode vmscape
bogomips	: 4000.00
clflush size	: 64
cache_alignment	: 64
address sizes	: 46 bits physical, 57 bits virtual
power management:

processor	: 31
vendor_id	: GenuineIntel
cpu family	: 6
model		: 143
model name	: Intel(R) Xeon(R) Platinum 8480+
stepping	: 8
microcode	: 0x2b000639
cpu MHz		: 2931.472
cache size	: 107520 KB
physical id	: 1
siblings	: 56
core id		: 54
cpu cores	: 56
apicid		: 236
initial apicid	: 236
fpu		: yes
fpu_exception	: yes
cpuid level	: 32
wp		: yes
flags		: fpu vme de pse tsc msr pae mce cx8 apic sep mtrr pge mca cmov pat pse36 clflush dts acpi mmx fxsr sse sse2 ss ht tm pbe syscall nx pdpe1gb rdtscp lm constant_tsc art arch_perfmon pebs bts rep_good nopl xtopology nonstop_tsc cpuid aperfmperf tsc_known_freq pni pclmulqdq dtes64 monitor ds_cpl vmx smx est tm2 ssse3 sdbg fma cx16 xtpr pdcm pcid dca sse4_1 sse4_2 x2apic movbe popcnt tsc_deadline_timer aes xsave avx f16c rdrand lahf_lm abm 3dnowprefetch cpuid_fault epb cat_l3 cat_l2 cdp_l3 cdp_l2 ssbd mba ibrs ibpb stibp ibrs_enhanced tpr_shadow flexpriority ept vpid ept_ad fsgsbase tsc_adjust bmi1 avx2 smep bmi2 erms invpcid cqm rdt_a avx512f avx512dq rdseed adx smap avx512ifma clflushopt clwb intel_pt avx512cd sha_ni avx512bw avx512vl xsaveopt xsavec xgetbv1 xsaves cqm_llc cqm_occup_llc cqm_mbm_total cqm_mbm_local split_lock_detect user_shstk avx_vnni avx512_bf16 wbnoinvd dtherm ida arat pln pts vnmi avx512vbmi umip pku ospke waitpkg avx512_vbmi2 gfni vaes vpclmulqdq avx512_vnni avx512_bitalg avx512_vpopcntdq la57 rdpid bus_lock_detect cldemote movdiri movdir64b enqcmd fsrm md_clear serialize tsxldtrk pconfig arch_lbr ibt amx_bf16 avx512_fp16 amx_tile amx_int8 flush_l1d arch_capabilities
vmx flags	: vnmi preemption_timer posted_intr invvpid ept_x_only ept_ad ept_1gb ept_5level flexpriority apicv tsc_offset vtpr mtf vapic ept vpid unrestricted_guest vapic_reg vid ple shadow_vmcs pml ept_violation_ve ept_mode_based_exec tsc_scaling usr_wait_pause notify_vm_exiting ipi_virt
bugs		: spectre_v1 spectre_v2 spec_store_bypass swapgs eibrs_pbrsb bhi spectre_v2_user old_microcode vmscape
bogomips	: 4000.00
clflush size	: 64
cache_alignment	: 64
address sizes	: 46 bits physical, 57 bits virtual
power management:

processor	: 32
vendor_id	: GenuineIntel
cpu family	: 6
model		: 143
model name	: Intel(R) Xeon(R) Platinum 8480+
stepping	: 8
microcode	: 0x2b000639
cpu MHz		: 2930.384
cache size	: 107520 KB
physical id	: 0
siblings	: 56
core id		: 4
cpu cores	: 56
apicid		: 8
initial apicid	: 8
fpu		: yes
fpu_exception	: yes
cpuid level	: 32
wp		: yes
flags		: fpu vme de pse tsc msr pae mce cx8 apic sep mtrr pge mca cmov pat pse36 clflush dts acpi mmx fxsr sse sse2 ss ht tm pbe syscall nx pdpe1gb rdtscp lm constant_tsc art arch_perfmon pebs bts rep_good nopl xtopology nonstop_tsc cpuid aperfmperf tsc_known_freq pni pclmulqdq dtes64 monitor ds_cpl vmx smx est tm2 ssse3 sdbg fma cx16 xtpr pdcm pcid dca sse4_1 sse4_2 x2apic movbe popcnt tsc_deadline_timer aes xsave avx f16c rdrand lahf_lm abm 3dnowprefetch cpuid_fault epb cat_l3 cat_l2 cdp_l3 cdp_l2 ssbd mba ibrs ibpb stibp ibrs_enhanced tpr_shadow flexpriority ept vpid ept_ad fsgsbase tsc_adjust bmi1 avx2 smep bmi2 erms invpcid cqm rdt_a avx512f avx512dq rdseed adx smap avx512ifma clflushopt clwb intel_pt avx512cd sha_ni avx512bw avx512vl xsaveopt xsavec xgetbv1 xsaves cqm_llc cqm_occup_llc cqm_mbm_total cqm_mbm_local split_lock_detect user_shstk avx_vnni avx512_bf16 wbnoinvd dtherm ida arat pln pts vnmi avx512vbmi umip pku ospke waitpkg avx512_vbmi2 gfni vaes vpclmulqdq avx512_vnni avx512_bitalg avx512_vpopcntdq la57 rdpid bus_lock_detect cldemote movdiri movdir64b enqcmd fsrm md_clear serialize tsxldtrk pconfig arch_lbr ibt amx_bf16 avx512_fp16 amx_tile amx_int8 flush_l1d arch_capabilities
vmx flags	: vnmi preemption_timer posted_intr invvpid ept_x_only ept_ad ept_1gb ept_5level flexpriority apicv tsc_offset vtpr mtf vapic ept vpid unrestricted_guest vapic_reg vid ple shadow_vmcs pml ept_violation_ve ept_mode_based_exec tsc_scaling usr_wait_pause notify_vm_exiting ipi_virt
bugs		: spectre_v1 spectre_v2 spec_store_bypass swapgs eibrs_pbrsb bhi spectre_v2_user old_microcode vmscape
bogomips	: 4000.00
clflush size	: 64
cache_alignment	: 64
address sizes	: 46 bits physical, 57 bits virtual
power management:

processor	: 33
vendor_id	: GenuineIntel
cpu family	: 6
model		: 143
model name	: Intel(R) Xeon(R) Platinum 8480+
stepping	: 8
microcode	: 0x2b000639
cpu MHz		: 2905.786
cache size	: 107520 KB
physical id	: 1
siblings	: 56
core id		: 8
cpu cores	: 56
apicid		: 144
initial apicid	: 144
fpu		: yes
fpu_exception	: yes
cpuid level	: 32
wp		: yes
flags		: fpu vme de pse tsc msr pae mce cx8 apic sep mtrr pge mca cmov pat pse36 clflush dts acpi mmx fxsr sse sse2 ss ht tm pbe syscall nx pdpe1gb rdtscp lm constant_tsc art arch_perfmon pebs bts rep_good nopl xtopology nonstop_tsc cpuid aperfmperf tsc_known_freq pni pclmulqdq dtes64 monitor ds_cpl vmx smx est tm2 ssse3 sdbg fma cx16 xtpr pdcm pcid dca sse4_1 sse4_2 x2apic movbe popcnt tsc_deadline_timer aes xsave avx f16c rdrand lahf_lm abm 3dnowprefetch cpuid_fault epb cat_l3 cat_l2 cdp_l3 cdp_l2 ssbd mba ibrs ibpb stibp ibrs_enhanced tpr_shadow flexpriority ept vpid ept_ad fsgsbase tsc_adjust bmi1 avx2 smep bmi2 erms invpcid cqm rdt_a avx512f avx512dq rdseed adx smap avx512ifma clflushopt clwb intel_pt avx512cd sha_ni avx512bw avx512vl xsaveopt xsavec xgetbv1 xsaves cqm_llc cqm_occup_llc cqm_mbm_total cqm_mbm_local split_lock_detect user_shstk avx_vnni avx512_bf16 wbnoinvd dtherm ida arat pln pts vnmi avx512vbmi umip pku ospke waitpkg avx512_vbmi2 gfni vaes vpclmulqdq avx512_vnni avx512_bitalg avx512_vpopcntdq la57 rdpid bus_lock_detect cldemote movdiri movdir64b enqcmd fsrm md_clear serialize tsxldtrk pconfig arch_lbr ibt amx_bf16 avx512_fp16 amx_tile amx_int8 flush_l1d arch_capabilities
vmx flags	: vnmi preemption_timer posted_intr invvpid ept_x_only ept_ad ept_1gb ept_5level flexpriority apicv tsc_offset vtpr mtf vapic ept vpid unrestricted_guest vapic_reg vid ple shadow_vmcs pml ept_violation_ve ept_mode_based_exec tsc_scaling usr_wait_pause notify_vm_exiting ipi_virt
bugs		: spectre_v1 spectre_v2 spec_store_bypass swapgs eibrs_pbrsb bhi spectre_v2_user old_microcode vmscape
bogomips	: 4000.00
clflush size	: 64
cache_alignment	: 64
address sizes	: 46 bits physical, 57 bits virtual
power management:

processor	: 34
vendor_id	: GenuineIntel
cpu family	: 6
model		: 143
model name	: Intel(R) Xeon(R) Platinum 8480+
stepping	: 8
microcode	: 0x2b000639
cpu MHz		: 2631.528
cache size	: 107520 KB
physical id	: 0
siblings	: 56
core id		: 37
cpu cores	: 56
apicid		: 74
initial apicid	: 74
fpu		: yes
fpu_exception	: yes
cpuid level	: 32
wp		: yes
flags		: fpu vme de pse tsc msr pae mce cx8 apic sep mtrr pge mca cmov pat pse36 clflush dts acpi mmx fxsr sse sse2 ss ht tm pbe syscall nx pdpe1gb rdtscp lm constant_tsc art arch_perfmon pebs bts rep_good nopl xtopology nonstop_tsc cpuid aperfmperf tsc_known_freq pni pclmulqdq dtes64 monitor ds_cpl vmx smx est tm2 ssse3 sdbg fma cx16 xtpr pdcm pcid dca sse4_1 sse4_2 x2apic movbe popcnt tsc_deadline_timer aes xsave avx f16c rdrand lahf_lm abm 3dnowprefetch cpuid_fault epb cat_l3 cat_l2 cdp_l3 cdp_l2 ssbd mba ibrs ibpb stibp ibrs_enhanced tpr_shadow flexpriority ept vpid ept_ad fsgsbase tsc_adjust bmi1 avx2 smep bmi2 erms invpcid cqm rdt_a avx512f avx512dq rdseed adx smap avx512ifma clflushopt clwb intel_pt avx512cd sha_ni avx512bw avx512vl xsaveopt xsavec xgetbv1 xsaves cqm_llc cqm_occup_llc cqm_mbm_total cqm_mbm_local split_lock_detect user_shstk avx_vnni avx512_bf16 wbnoinvd dtherm ida arat pln pts vnmi avx512vbmi umip pku ospke waitpkg avx512_vbmi2 gfni vaes vpclmulqdq avx512_vnni avx512_bitalg avx512_vpopcntdq la57 rdpid bus_lock_detect cldemote movdiri movdir64b enqcmd fsrm md_clear serialize tsxldtrk pconfig arch_lbr ibt amx_bf16 avx512_fp16 amx_tile amx_int8 flush_l1d arch_capabilities
vmx flags	: vnmi preemption_timer posted_intr invvpid ept_x_only ept_ad ept_1gb ept_5level flexpriority apicv tsc_offset vtpr mtf vapic ept vpid unrestricted_guest vapic_reg vid ple shadow_vmcs pml ept_violation_ve ept_mode_based_exec tsc_scaling usr_wait_pause notify_vm_exiting ipi_virt
bugs		: spectre_v1 spectre_v2 spec_store_bypass swapgs eibrs_pbrsb bhi spectre_v2_user old_microcode vmscape
bogomips	: 4000.00
clflush size	: 64
cache_alignment	: 64
address sizes	: 46 bits physical, 57 bits virtual
power management:

processor	: 35
vendor_id	: GenuineIntel
cpu family	: 6
model		: 143
model name	: Intel(R) Xeon(R) Platinum 8480+
stepping	: 8
microcode	: 0x2b000639
cpu MHz		: 2933.727
cache size	: 107520 KB
physical id	: 1
siblings	: 56
core id		: 37
cpu cores	: 56
apicid		: 202
initial apicid	: 202
fpu		: yes
fpu_exception	: yes
cpuid level	: 32
wp		: yes
flags		: fpu vme de pse tsc msr pae mce cx8 apic sep mtrr pge mca cmov pat pse36 clflush dts acpi mmx fxsr sse sse2 ss ht tm pbe syscall nx pdpe1gb rdtscp lm constant_tsc art arch_perfmon pebs bts rep_good nopl xtopology nonstop_tsc cpuid aperfmperf tsc_known_freq pni pclmulqdq dtes64 monitor ds_cpl vmx smx est tm2 ssse3 sdbg fma cx16 xtpr pdcm pcid dca sse4_1 sse4_2 x2apic movbe popcnt tsc_deadline_timer aes xsave avx f16c rdrand lahf_lm abm 3dnowprefetch cpuid_fault epb cat_l3 cat_l2 cdp_l3 cdp_l2 ssbd mba ibrs ibpb stibp ibrs_enhanced tpr_shadow flexpriority ept vpid ept_ad fsgsbase tsc_adjust bmi1 avx2 smep bmi2 erms invpcid cqm rdt_a avx512f avx512dq rdseed adx smap avx512ifma clflushopt clwb intel_pt avx512cd sha_ni avx512bw avx512vl xsaveopt xsavec xgetbv1 xsaves cqm_llc cqm_occup_llc cqm_mbm_total cqm_mbm_local split_lock_detect user_shstk avx_vnni avx512_bf16 wbnoinvd dtherm ida arat pln pts vnmi avx512vbmi umip pku ospke waitpkg avx512_vbmi2 gfni vaes vpclmulqdq avx512_vnni avx512_bitalg avx512_vpopcntdq la57 rdpid bus_lock_detect cldemote movdiri movdir64b enqcmd fsrm md_clear serialize tsxldtrk pconfig arch_lbr ibt amx_bf16 avx512_fp16 amx_tile amx_int8 flush_l1d arch_capabilities
vmx flags	: vnmi preemption_timer posted_intr invvpid ept_x_only ept_ad ept_1gb ept_5level flexpriority apicv tsc_offset vtpr mtf vapic ept vpid unrestricted_guest vapic_reg vid ple shadow_vmcs pml ept_violation_ve ept_mode_based_exec tsc_scaling usr_wait_pause notify_vm_exiting ipi_virt
bugs		: spectre_v1 spectre_v2 spec_store_bypass swapgs eibrs_pbrsb bhi spectre_v2_user old_microcode vmscape
bogomips	: 4000.00
clflush size	: 64
cache_alignment	: 64
address sizes	: 46 bits physical, 57 bits virtual
power management:

processor	: 36
vendor_id	: GenuineIntel
cpu family	: 6
model		: 143
model name	: Intel(R) Xeon(R) Platinum 8480+
stepping	: 8
microcode	: 0x2b000639
cpu MHz		: 2657.846
cache size	: 107520 KB
physical id	: 0
siblings	: 56
core id		: 22
cpu cores	: 56
apicid		: 44
initial apicid	: 44
fpu		: yes
fpu_exception	: yes
cpuid level	: 32
wp		: yes
flags		: fpu vme de pse tsc msr pae mce cx8 apic sep mtrr pge mca cmov pat pse36 clflush dts acpi mmx fxsr sse sse2 ss ht tm pbe syscall nx pdpe1gb rdtscp lm constant_tsc art arch_perfmon pebs bts rep_good nopl xtopology nonstop_tsc cpuid aperfmperf tsc_known_freq pni pclmulqdq dtes64 monitor ds_cpl vmx smx est tm2 ssse3 sdbg fma cx16 xtpr pdcm pcid dca sse4_1 sse4_2 x2apic movbe popcnt tsc_deadline_timer aes xsave avx f16c rdrand lahf_lm abm 3dnowprefetch cpuid_fault epb cat_l3 cat_l2 cdp_l3 cdp_l2 ssbd mba ibrs ibpb stibp ibrs_enhanced tpr_shadow flexpriority ept vpid ept_ad fsgsbase tsc_adjust bmi1 avx2 smep bmi2 erms invpcid cqm rdt_a avx512f avx512dq rdseed adx smap avx512ifma clflushopt clwb intel_pt avx512cd sha_ni avx512bw avx512vl xsaveopt xsavec xgetbv1 xsaves cqm_llc cqm_occup_llc cqm_mbm_total cqm_mbm_local split_lock_detect user_shstk avx_vnni avx512_bf16 wbnoinvd dtherm ida arat pln pts vnmi avx512vbmi umip pku ospke waitpkg avx512_vbmi2 gfni vaes vpclmulqdq avx512_vnni avx512_bitalg avx512_vpopcntdq la57 rdpid bus_lock_detect cldemote movdiri movdir64b enqcmd fsrm md_clear serialize tsxldtrk pconfig arch_lbr ibt amx_bf16 avx512_fp16 amx_tile amx_int8 flush_l1d arch_capabilities
vmx flags	: vnmi preemption_timer posted_intr invvpid ept_x_only ept_ad ept_1gb ept_5level flexpriority apicv tsc_offset vtpr mtf vapic ept vpid unrestricted_guest vapic_reg vid ple shadow_vmcs pml ept_violation_ve ept_mode_based_exec tsc_scaling usr_wait_pause notify_vm_exiting ipi_virt
bugs		: spectre_v1 spectre_v2 spec_store_bypass swapgs eibrs_pbrsb bhi spectre_v2_user old_microcode vmscape
bogomips	: 4000.00
clflush size	: 64
cache_alignment	: 64
address sizes	: 46 bits physical, 57 bits virtual
power management:

processor	: 37
vendor_id	: GenuineIntel
cpu family	: 6
model		: 143
model name	: Intel(R) Xeon(R) Platinum 8480+
stepping	: 8
microcode	: 0x2b000639
cpu MHz		: 2920.058
cache size	: 107520 KB
physical id	: 1
siblings	: 56
core id		: 23
cpu cores	: 56
apicid		: 174
initial apicid	: 174
fpu		: yes
fpu_exception	: yes
cpuid level	: 32
wp		: yes
flags		: fpu vme de pse tsc msr pae mce cx8 apic sep mtrr pge mca cmov pat pse36 clflush dts acpi mmx fxsr sse sse2 ss ht tm pbe syscall nx pdpe1gb rdtscp lm constant_tsc art arch_perfmon pebs bts rep_good nopl xtopology nonstop_tsc cpuid aperfmperf tsc_known_freq pni pclmulqdq dtes64 monitor ds_cpl vmx smx est tm2 ssse3 sdbg fma cx16 xtpr pdcm pcid dca sse4_1 sse4_2 x2apic movbe popcnt tsc_deadline_timer aes xsave avx f16c rdrand lahf_lm abm 3dnowprefetch cpuid_fault epb cat_l3 cat_l2 cdp_l3 cdp_l2 ssbd mba ibrs ibpb stibp ibrs_enhanced tpr_shadow flexpriority ept vpid ept_ad fsgsbase tsc_adjust bmi1 avx2 smep bmi2 erms invpcid cqm rdt_a avx512f avx512dq rdseed adx smap avx512ifma clflushopt clwb intel_pt avx512cd sha_ni avx512bw avx512vl xsaveopt xsavec xgetbv1 xsaves cqm_llc cqm_occup_llc cqm_mbm_total cqm_mbm_local split_lock_detect user_shstk avx_vnni avx512_bf16 wbnoinvd dtherm ida arat pln pts vnmi avx512vbmi umip pku ospke waitpkg avx512_vbmi2 gfni vaes vpclmulqdq avx512_vnni avx512_bitalg avx512_vpopcntdq la57 rdpid bus_lock_detect cldemote movdiri movdir64b enqcmd fsrm md_clear serialize tsxldtrk pconfig arch_lbr ibt amx_bf16 avx512_fp16 amx_tile amx_int8 flush_l1d arch_capabilities
vmx flags	: vnmi preemption_timer posted_intr invvpid ept_x_only ept_ad ept_1gb ept_5level flexpriority apicv tsc_offset vtpr mtf vapic ept vpid unrestricted_guest vapic_reg vid ple shadow_vmcs pml ept_violation_ve ept_mode_based_exec tsc_scaling usr_wait_pause notify_vm_exiting ipi_virt
bugs		: spectre_v1 spectre_v2 spec_store_bypass swapgs eibrs_pbrsb bhi spectre_v2_user old_microcode vmscape
bogomips	: 4000.00
clflush size	: 64
cache_alignment	: 64
address sizes	: 46 bits physical, 57 bits virtual
power management:

processor	: 38
vendor_id	: GenuineIntel
cpu family	: 6
model		: 143
model name	: Intel(R) Xeon(R) Platinum 8480+
stepping	: 8
microcode	: 0x2b000639
cpu MHz		: 2639.886
cache size	: 107520 KB
physical id	: 0
siblings	: 56
core id		: 48
cpu cores	: 56
apicid		: 96
initial apicid	: 96
fpu		: yes
fpu_exception	: yes
cpuid level	: 32
wp		: yes
flags		: fpu vme de pse tsc msr pae mce cx8 apic sep mtrr pge mca cmov pat pse36 clflush dts acpi mmx fxsr sse sse2 ss ht tm pbe syscall nx pdpe1gb rdtscp lm constant_tsc art arch_perfmon pebs bts rep_good nopl xtopology nonstop_tsc cpuid aperfmperf tsc_known_freq pni pclmulqdq dtes64 monitor ds_cpl vmx smx est tm2 ssse3 sdbg fma cx16 xtpr pdcm pcid dca sse4_1 sse4_2 x2apic movbe popcnt tsc_deadline_timer aes xsave avx f16c rdrand lahf_lm abm 3dnowprefetch cpuid_fault epb cat_l3 cat_l2 cdp_l3 cdp_l2 ssbd mba ibrs ibpb stibp ibrs_enhanced tpr_shadow flexpriority ept vpid ept_ad fsgsbase tsc_adjust bmi1 avx2 smep bmi2 erms invpcid cqm rdt_a avx512f avx512dq rdseed adx smap avx512ifma clflushopt clwb intel_pt avx512cd sha_ni avx512bw avx512vl xsaveopt xsavec xgetbv1 xsaves cqm_llc cqm_occup_llc cqm_mbm_total cqm_mbm_local split_lock_detect user_shstk avx_vnni avx512_bf16 wbnoinvd dtherm ida arat pln pts vnmi avx512vbmi umip pku ospke waitpkg avx512_vbmi2 gfni vaes vpclmulqdq avx512_vnni avx512_bitalg avx512_vpopcntdq la57 rdpid bus_lock_detect cldemote movdiri movdir64b enqcmd fsrm md_clear serialize tsxldtrk pconfig arch_lbr ibt amx_bf16 avx512_fp16 amx_tile amx_int8 flush_l1d arch_capabilities
vmx flags	: vnmi preemption_timer posted_intr invvpid ept_x_only ept_ad ept_1gb ept_5level flexpriority apicv tsc_offset vtpr mtf vapic ept vpid unrestricted_guest vapic_reg vid ple shadow_vmcs pml ept_violation_ve ept_mode_based_exec tsc_scaling usr_wait_pause notify_vm_exiting ipi_virt
bugs		: spectre_v1 spectre_v2 spec_store_bypass swapgs eibrs_pbrsb bhi spectre_v2_user old_microcode vmscape
bogomips	: 4000.00
clflush size	: 64
cache_alignment	: 64
address sizes	: 46 bits physical, 57 bits virtual
power management:

processor	: 39
vendor_id	: GenuineIntel
cpu family	: 6
model		: 143
model name	: Intel(R) Xeon(R) Platinum 8480+
stepping	: 8
microcode	: 0x2b000639
cpu MHz		: 2726.190
cache size	: 107520 KB
physical id	: 1
siblings	: 56
core id		: 48
cpu cores	: 56
apicid		: 224
initial apicid	: 224
fpu		: yes
fpu_exception	: yes
cpuid level	: 32
wp		: yes
flags		: fpu vme de pse tsc msr pae mce cx8 apic sep mtrr pge mca cmov pat pse36 clflush dts acpi mmx fxsr sse sse2 ss ht tm pbe syscall nx pdpe1gb rdtscp lm constant_tsc art arch_perfmon pebs bts rep_good nopl xtopology nonstop_tsc cpuid aperfmperf tsc_known_freq pni pclmulqdq dtes64 monitor ds_cpl vmx smx est tm2 ssse3 sdbg fma cx16 xtpr pdcm pcid dca sse4_1 sse4_2 x2apic movbe popcnt tsc_deadline_timer aes xsave avx f16c rdrand lahf_lm abm 3dnowprefetch cpuid_fault epb cat_l3 cat_l2 cdp_l3 cdp_l2 ssbd mba ibrs ibpb stibp ibrs_enhanced tpr_shadow flexpriority ept vpid ept_ad fsgsbase tsc_adjust bmi1 avx2 smep bmi2 erms invpcid cqm rdt_a avx512f avx512dq rdseed adx smap avx512ifma clflushopt clwb intel_pt avx512cd sha_ni avx512bw avx512vl xsaveopt xsavec xgetbv1 xsaves cqm_llc cqm_occup_llc cqm_mbm_total cqm_mbm_local split_lock_detect user_shstk avx_vnni avx512_bf16 wbnoinvd dtherm ida arat pln pts vnmi avx512vbmi umip pku ospke waitpkg avx512_vbmi2 gfni vaes vpclmulqdq avx512_vnni avx512_bitalg avx512_vpopcntdq la57 rdpid bus_lock_detect cldemote movdiri movdir64b enqcmd fsrm md_clear serialize tsxldtrk pconfig arch_lbr ibt amx_bf16 avx512_fp16 amx_tile amx_int8 flush_l1d arch_capabilities
vmx flags	: vnmi preemption_timer posted_intr invvpid ept_x_only ept_ad ept_1gb ept_5level flexpriority apicv tsc_offset vtpr mtf vapic ept vpid unrestricted_guest vapic_reg vid ple shadow_vmcs pml ept_violation_ve ept_mode_based_exec tsc_scaling usr_wait_pause notify_vm_exiting ipi_virt
bugs		: spectre_v1 spectre_v2 spec_store_bypass swapgs eibrs_pbrsb bhi spectre_v2_user old_microcode vmscape
bogomips	: 4000.00
clflush size	: 64
cache_alignment	: 64
address sizes	: 46 bits physical, 57 bits virtual
power management:

processor	: 40
vendor_id	: GenuineIntel
cpu family	: 6
model		: 143
model name	: Intel(R) Xeon(R) Platinum 8480+
stepping	: 8
microcode	: 0x2b000639
cpu MHz		: 2927.662
cache size	: 107520 KB
physical id	: 0
siblings	: 56
core id		: 10
cpu cores	: 56
apicid		: 20
initial apicid	: 20
fpu		: yes
fpu_exception	: yes
cpuid level	: 32
wp		: yes
flags		: fpu vme de pse tsc msr pae mce cx8 apic sep mtrr pge mca cmov pat pse36 clflush dts acpi mmx fxsr sse sse2 ss ht tm pbe syscall nx pdpe1gb rdtscp lm constant_tsc art arch_perfmon pebs bts rep_good nopl xtopology nonstop_tsc cpuid aperfmperf tsc_known_freq pni pclmulqdq dtes64 monitor ds_cpl vmx smx est tm2 ssse3 sdbg fma cx16 xtpr pdcm pcid dca sse4_1 sse4_2 x2apic movbe popcnt tsc_deadline_timer aes xsave avx f16c rdrand lahf_lm abm 3dnowprefetch cpuid_fault epb cat_l3 cat_l2 cdp_l3 cdp_l2 ssbd mba ibrs ibpb stibp ibrs_enhanced tpr_shadow flexpriority ept vpid ept_ad fsgsbase tsc_adjust bmi1 avx2 smep bmi2 erms invpcid cqm rdt_a avx512f avx512dq rdseed adx smap avx512ifma clflushopt clwb intel_pt avx512cd sha_ni avx512bw avx512vl xsaveopt xsavec xgetbv1 xsaves cqm_llc cqm_occup_llc cqm_mbm_total cqm_mbm_local split_lock_detect user_shstk avx_vnni avx512_bf16 wbnoinvd dtherm ida arat pln pts vnmi avx512vbmi umip pku ospke waitpkg avx512_vbmi2 gfni vaes vpclmulqdq avx512_vnni avx512_bitalg avx512_vpopcntdq la57 rdpid bus_lock_detect cldemote movdiri movdir64b enqcmd fsrm md_clear serialize tsxldtrk pconfig arch_lbr ibt amx_bf16 avx512_fp16 amx_tile amx_int8 flush_l1d arch_capabilities
vmx flags	: vnmi preemption_timer posted_intr invvpid ept_x_only ept_ad ept_1gb ept_5level flexpriority apicv tsc_offset vtpr mtf vapic ept vpid unrestricted_guest vapic_reg vid ple shadow_vmcs pml ept_violation_ve ept_mode_based_exec tsc_scaling usr_wait_pause notify_vm_exiting ipi_virt
bugs		: spectre_v1 spectre_v2 spec_store_bypass swapgs eibrs_pbrsb bhi spectre_v2_user old_microcode vmscape
bogomips	: 4000.00
clflush size	: 64
cache_alignment	: 64
address sizes	: 46 bits physical, 57 bits virtual
power management:

processor	: 41
vendor_id	: GenuineIntel
cpu family	: 6
model		: 143
model name	: Intel(R) Xeon(R) Platinum 8480+
stepping	: 8
microcode	: 0x2b000639
cpu MHz		: 2890.052
cache size	: 107520 KB
physical id	: 1
siblings	: 56
core id		: 5
cpu cores	: 56
apicid		: 138
initial apicid	: 138
fpu		: yes
fpu_exception	: yes
cpuid level	: 32
wp		: yes
flags		: fpu vme de pse tsc msr pae mce cx8 apic sep mtrr pge mca cmov pat pse36 clflush dts acpi mmx fxsr sse sse2 ss ht tm pbe syscall nx pdpe1gb rdtscp lm constant_tsc art arch_perfmon pebs bts rep_good nopl xtopology nonstop_tsc cpuid aperfmperf tsc_known_freq pni pclmulqdq dtes64 monitor ds_cpl vmx smx est tm2 ssse3 sdbg fma cx16 xtpr pdcm pcid dca sse4_1 sse4_2 x2apic movbe popcnt tsc_deadline_timer aes xsave avx f16c rdrand lahf_lm abm 3dnowprefetch cpuid_fault epb cat_l3 cat_l2 cdp_l3 cdp_l2 ssbd mba ibrs ibpb stibp ibrs_enhanced tpr_shadow flexpriority ept vpid ept_ad fsgsbase tsc_adjust bmi1 avx2 smep bmi2 erms invpcid cqm rdt_a avx512f avx512dq rdseed adx smap avx512ifma clflushopt clwb intel_pt avx512cd sha_ni avx512bw avx512vl xsaveopt xsavec xgetbv1 xsaves cqm_llc cqm_occup_llc cqm_mbm_total cqm_mbm_local split_lock_detect user_shstk avx_vnni avx512_bf16 wbnoinvd dtherm ida arat pln pts vnmi avx512vbmi umip pku ospke waitpkg avx512_vbmi2 gfni vaes vpclmulqdq avx512_vnni avx512_bitalg avx512_vpopcntdq la57 rdpid bus_lock_detect cldemote movdiri movdir64b enqcmd fsrm md_clear serialize tsxldtrk pconfig arch_lbr ibt amx_bf16 avx512_fp16 amx_tile amx_int8 flush_l1d arch_capabilities
vmx flags	: vnmi preemption_timer posted_intr invvpid ept_x_only ept_ad ept_1gb ept_5level flexpriority apicv tsc_offset vtpr mtf vapic ept vpid unrestricted_guest vapic_reg vid ple shadow_vmcs pml ept_violation_ve ept_mode_based_exec tsc_scaling usr_wait_pause notify_vm_exiting ipi_virt
bugs		: spectre_v1 spectre_v2 spec_store_bypass swapgs eibrs_pbrsb bhi spectre_v2_user old_microcode vmscape
bogomips	: 4000.00
clflush size	: 64
cache_alignment	: 64
address sizes	: 46 bits physical, 57 bits virtual
power management:

processor	: 42
vendor_id	: GenuineIntel
cpu family	: 6
model		: 143
model name	: Intel(R) Xeon(R) Platinum 8480+
stepping	: 8
microcode	: 0x2b000639
cpu MHz		: 2919.840
cache size	: 107520 KB
physical id	: 0
siblings	: 56
core id		: 33
cpu cores	: 56
apicid		: 66
initial apicid	: 66
fpu		: yes
fpu_exception	: yes
cpuid level	: 32
wp		: yes
flags		: fpu vme de pse tsc msr pae mce cx8 apic sep mtrr pge mca cmov pat pse36 clflush dts acpi mmx fxsr sse sse2 ss ht tm pbe syscall nx pdpe1gb rdtscp lm constant_tsc art arch_perfmon pebs bts rep_good nopl xtopology nonstop_tsc cpuid aperfmperf tsc_known_freq pni pclmulqdq dtes64 monitor ds_cpl vmx smx est tm2 ssse3 sdbg fma cx16 xtpr pdcm pcid dca sse4_1 sse4_2 x2apic movbe popcnt tsc_deadline_timer aes xsave avx f16c rdrand lahf_lm abm 3dnowprefetch cpuid_fault epb cat_l3 cat_l2 cdp_l3 cdp_l2 ssbd mba ibrs ibpb stibp ibrs_enhanced tpr_shadow flexpriority ept vpid ept_ad fsgsbase tsc_adjust bmi1 avx2 smep bmi2 erms invpcid cqm rdt_a avx512f avx512dq rdseed adx smap avx512ifma clflushopt clwb intel_pt avx512cd sha_ni avx512bw avx512vl xsaveopt xsavec xgetbv1 xsaves cqm_llc cqm_occup_llc cqm_mbm_total cqm_mbm_local split_lock_detect user_shstk avx_vnni avx512_bf16 wbnoinvd dtherm ida arat pln pts vnmi avx512vbmi umip pku ospke waitpkg avx512_vbmi2 gfni vaes vpclmulqdq avx512_vnni avx512_bitalg avx512_vpopcntdq la57 rdpid bus_lock_detect cldemote movdiri movdir64b enqcmd fsrm md_clear serialize tsxldtrk pconfig arch_lbr ibt amx_bf16 avx512_fp16 amx_tile amx_int8 flush_l1d arch_capabilities
vmx flags	: vnmi preemption_timer posted_intr invvpid ept_x_only ept_ad ept_1gb ept_5level flexpriority apicv tsc_offset vtpr mtf vapic ept vpid unrestricted_guest vapic_reg vid ple shadow_vmcs pml ept_violation_ve ept_mode_based_exec tsc_scaling usr_wait_pause notify_vm_exiting ipi_virt
bugs		: spectre_v1 spectre_v2 spec_store_bypass swapgs eibrs_pbrsb bhi spectre_v2_user old_microcode vmscape
bogomips	: 4000.00
clflush size	: 64
cache_alignment	: 64
address sizes	: 46 bits physical, 57 bits virtual
power management:

processor	: 43
vendor_id	: GenuineIntel
cpu family	: 6
model		: 143
model name	: Intel(R) Xeon(R) Platinum 8480+
stepping	: 8
microcode	: 0x2b000639
cpu MHz		: 2930.689
cache size	: 107520 KB
physical id	: 1
siblings	: 56
core id		: 33
cpu cores	: 56
apicid		: 194
initial apicid	: 194
fpu		: yes
fpu_exception	: yes
cpuid level	: 32
wp		: yes
flags		: fpu vme de pse tsc msr pae mce cx8 apic sep mtrr pge mca cmov pat pse36 clflush dts acpi mmx fxsr sse sse2 ss ht tm pbe syscall nx pdpe1gb rdtscp lm constant_tsc art arch_perfmon pebs bts rep_good nopl xtopology nonstop_tsc cpuid aperfmperf tsc_known_freq pni pclmulqdq dtes64 monitor ds_cpl vmx smx est tm2 ssse3 sdbg fma cx16 xtpr pdcm pcid dca sse4_1 sse4_2 x2apic movbe popcnt tsc_deadline_timer aes xsave avx f16c rdrand lahf_lm abm 3dnowprefetch cpuid_fault epb cat_l3 cat_l2 cdp_l3 cdp_l2 ssbd mba ibrs ibpb stibp ibrs_enhanced tpr_shadow flexpriority ept vpid ept_ad fsgsbase tsc_adjust bmi1 avx2 smep bmi2 erms invpcid cqm rdt_a avx512f avx512dq rdseed adx smap avx512ifma clflushopt clwb intel_pt avx512cd sha_ni avx512bw avx512vl xsaveopt xsavec xgetbv1 xsaves cqm_llc cqm_occup_llc cqm_mbm_total cqm_mbm_local split_lock_detect user_shstk avx_vnni avx512_bf16 wbnoinvd dtherm ida arat pln pts vnmi avx512vbmi umip pku ospke waitpkg avx512_vbmi2 gfni vaes vpclmulqdq avx512_vnni avx512_bitalg avx512_vpopcntdq la57 rdpid bus_lock_detect cldemote movdiri movdir64b enqcmd fsrm md_clear serialize tsxldtrk pconfig arch_lbr ibt amx_bf16 avx512_fp16 amx_tile amx_int8 flush_l1d arch_capabilities
vmx flags	: vnmi preemption_timer posted_intr invvpid ept_x_only ept_ad ept_1gb ept_5level flexpriority apicv tsc_offset vtpr mtf vapic ept vpid unrestricted_guest vapic_reg vid ple shadow_vmcs pml ept_violation_ve ept_mode_based_exec tsc_scaling usr_wait_pause notify_vm_exiting ipi_virt
bugs		: spectre_v1 spectre_v2 spec_store_bypass swapgs eibrs_pbrsb bhi spectre_v2_user old_microcode vmscape
bogomips	: 4000.00
clflush size	: 64
cache_alignment	: 64
address sizes	: 46 bits physical, 57 bits virtual
power management:

processor	: 44
vendor_id	: GenuineIntel
cpu family	: 6
model		: 143
model name	: Intel(R) Xeon(R) Platinum 8480+
stepping	: 8
microcode	: 0x2b000639
cpu MHz		: 2676.570
cache size	: 107520 KB
physical id	: 0
siblings	: 56
core id		: 14
cpu cores	: 56
apicid		: 28
initial apicid	: 28
fpu		: yes
fpu_exception	: yes
cpuid level	: 32
wp		: yes
flags		: fpu vme de pse tsc msr pae mce cx8 apic sep mtrr pge mca cmov pat pse36 clflush dts acpi mmx fxsr sse sse2 ss ht tm pbe syscall nx pdpe1gb rdtscp lm constant_tsc art arch_perfmon pebs bts rep_good nopl xtopology nonstop_tsc cpuid aperfmperf tsc_known_freq pni pclmulqdq dtes64 monitor ds_cpl vmx smx est tm2 ssse3 sdbg fma cx16 xtpr pdcm pcid dca sse4_1 sse4_2 x2apic movbe popcnt tsc_deadline_timer aes xsave avx f16c rdrand lahf_lm abm 3dnowprefetch cpuid_fault epb cat_l3 cat_l2 cdp_l3 cdp_l2 ssbd mba ibrs ibpb stibp ibrs_enhanced tpr_shadow flexpriority ept vpid ept_ad fsgsbase tsc_adjust bmi1 avx2 smep bmi2 erms invpcid cqm rdt_a avx512f avx512dq rdseed adx smap avx512ifma clflushopt clwb intel_pt avx512cd sha_ni avx512bw avx512vl xsaveopt xsavec xgetbv1 xsaves cqm_llc cqm_occup_llc cqm_mbm_total cqm_mbm_local split_lock_detect user_shstk avx_vnni avx512_bf16 wbnoinvd dtherm ida arat pln pts vnmi avx512vbmi umip pku ospke waitpkg avx512_vbmi2 gfni vaes vpclmulqdq avx512_vnni avx512_bitalg avx512_vpopcntdq la57 rdpid bus_lock_detect cldemote movdiri movdir64b enqcmd fsrm md_clear serialize tsxldtrk pconfig arch_lbr ibt amx_bf16 avx512_fp16 amx_tile amx_int8 flush_l1d arch_capabilities
vmx flags	: vnmi preemption_timer posted_intr invvpid ept_x_only ept_ad ept_1gb ept_5level flexpriority apicv tsc_offset vtpr mtf vapic ept vpid unrestricted_guest vapic_reg vid ple shadow_vmcs pml ept_violation_ve ept_mode_based_exec tsc_scaling usr_wait_pause notify_vm_exiting ipi_virt
bugs		: spectre_v1 spectre_v2 spec_store_bypass swapgs eibrs_pbrsb bhi spectre_v2_user old_microcode vmscape
bogomips	: 4000.00
clflush size	: 64
cache_alignment	: 64
address sizes	: 46 bits physical, 57 bits virtual
power management:

processor	: 45
vendor_id	: GenuineIntel
cpu family	: 6
model		: 143
model name	: Intel(R) Xeon(R) Platinum 8480+
stepping	: 8
microcode	: 0x2b000639
cpu MHz		: 2935.467
cache size	: 107520 KB
physical id	: 1
siblings	: 56
core id		: 14
cpu cores	: 56
apicid		: 156
initial apicid	: 156
fpu		: yes
fpu_exception	: yes
cpuid level	: 32
wp		: yes
flags		: fpu vme de pse tsc msr pae mce cx8 apic sep mtrr pge mca cmov pat pse36 clflush dts acpi mmx fxsr sse sse2 ss ht tm pbe syscall nx pdpe1gb rdtscp lm constant_tsc art arch_perfmon pebs bts rep_good nopl xtopology nonstop_tsc cpuid aperfmperf tsc_known_freq pni pclmulqdq dtes64 monitor ds_cpl vmx smx est tm2 ssse3 sdbg fma cx16 xtpr pdcm pcid dca sse4_1 sse4_2 x2apic movbe popcnt tsc_deadline_timer aes xsave avx f16c rdrand lahf_lm abm 3dnowprefetch cpuid_fault epb cat_l3 cat_l2 cdp_l3 cdp_l2 ssbd mba ibrs ibpb stibp ibrs_enhanced tpr_shadow flexpriority ept vpid ept_ad fsgsbase tsc_adjust bmi1 avx2 smep bmi2 erms invpcid cqm rdt_a avx512f avx512dq rdseed adx smap avx512ifma clflushopt clwb intel_pt avx512cd sha_ni avx512bw avx512vl xsaveopt xsavec xgetbv1 xsaves cqm_llc cqm_occup_llc cqm_mbm_total cqm_mbm_local split_lock_detect user_shstk avx_vnni avx512_bf16 wbnoinvd dtherm ida arat pln pts vnmi avx512vbmi umip pku ospke waitpkg avx512_vbmi2 gfni vaes vpclmulqdq avx512_vnni avx512_bitalg avx512_vpopcntdq la57 rdpid bus_lock_detect cldemote movdiri movdir64b enqcmd fsrm md_clear serialize tsxldtrk pconfig arch_lbr ibt amx_bf16 avx512_fp16 amx_tile amx_int8 flush_l1d arch_capabilities
vmx flags	: vnmi preemption_timer posted_intr invvpid ept_x_only ept_ad ept_1gb ept_5level flexpriority apicv tsc_offset vtpr mtf vapic ept vpid unrestricted_guest vapic_reg vid ple shadow_vmcs pml ept_violation_ve ept_mode_based_exec tsc_scaling usr_wait_pause notify_vm_exiting ipi_virt
bugs		: spectre_v1 spectre_v2 spec_store_bypass swapgs eibrs_pbrsb bhi spectre_v2_user old_microcode vmscape
bogomips	: 4000.00
clflush size	: 64
cache_alignment	: 64
address sizes	: 46 bits physical, 57 bits virtual
power management:

processor	: 46
vendor_id	: GenuineIntel
cpu family	: 6
model		: 143
model name	: Intel(R) Xeon(R) Platinum 8480+
stepping	: 8
microcode	: 0x2b000639
cpu MHz		: 2740.551
cache size	: 107520 KB
physical id	: 0
siblings	: 56
core id		: 51
cpu cores	: 56
apicid		: 102
initial apicid	: 102
fpu		: yes
fpu_exception	: yes
cpuid level	: 32
wp		: yes
flags		: fpu vme de pse tsc msr pae mce cx8 apic sep mtrr pge mca cmov pat pse36 clflush dts acpi mmx fxsr sse sse2 ss ht tm pbe syscall nx pdpe1gb rdtscp lm constant_tsc art arch_perfmon pebs bts rep_good nopl xtopology nonstop_tsc cpuid aperfmperf tsc_known_freq pni pclmulqdq dtes64 monitor ds_cpl vmx smx est tm2 ssse3 sdbg fma cx16 xtpr pdcm pcid dca sse4_1 sse4_2 x2apic movbe popcnt tsc_deadline_timer aes xsave avx f16c rdrand lahf_lm abm 3dnowprefetch cpuid_fault epb cat_l3 cat_l2 cdp_l3 cdp_l2 ssbd mba ibrs ibpb stibp ibrs_enhanced tpr_shadow flexpriority ept vpid ept_ad fsgsbase tsc_adjust bmi1 avx2 smep bmi2 erms invpcid cqm rdt_a avx512f avx512dq rdseed adx smap avx512ifma clflushopt clwb intel_pt avx512cd sha_ni avx512bw avx512vl xsaveopt xsavec xgetbv1 xsaves cqm_llc cqm_occup_llc cqm_mbm_total cqm_mbm_local split_lock_detect user_shstk avx_vnni avx512_bf16 wbnoinvd dtherm ida arat pln pts vnmi avx512vbmi umip pku ospke waitpkg avx512_vbmi2 gfni vaes vpclmulqdq avx512_vnni avx512_bitalg avx512_vpopcntdq la57 rdpid bus_lock_detect cldemote movdiri movdir64b enqcmd fsrm md_clear serialize tsxldtrk pconfig arch_lbr ibt amx_bf16 avx512_fp16 amx_tile amx_int8 flush_l1d arch_capabilities
vmx flags	: vnmi preemption_timer posted_intr invvpid ept_x_only ept_ad ept_1gb ept_5level flexpriority apicv tsc_offset vtpr mtf vapic ept vpid unrestricted_guest vapic_reg vid ple shadow_vmcs pml ept_violation_ve ept_mode_based_exec tsc_scaling usr_wait_pause notify_vm_exiting ipi_virt
bugs		: spectre_v1 spectre_v2 spec_store_bypass swapgs eibrs_pbrsb bhi spectre_v2_user old_microcode vmscape
bogomips	: 4000.00
clflush size	: 64
cache_alignment	: 64
address sizes	: 46 bits physical, 57 bits virtual
power management:

processor	: 47
vendor_id	: GenuineIntel
cpu family	: 6
model		: 143
model name	: Intel(R) Xeon(R) Platinum 8480+
stepping	: 8
microcode	: 0x2b000639
cpu MHz		: 2932.578
cache size	: 107520 KB
physical id	: 1
siblings	: 56
core id		: 45
cpu cores	: 56
apicid		: 218
initial apicid	: 218
fpu		: yes
fpu_exception	: yes
cpuid level	: 32
wp		: yes
flags		: fpu vme de pse tsc msr pae mce cx8 apic sep mtrr pge mca cmov pat pse36 clflush dts acpi mmx fxsr sse sse2 ss ht tm pbe syscall nx pdpe1gb rdtscp lm constant_tsc art arch_perfmon pebs bts rep_good nopl xtopology nonstop_tsc cpuid aperfmperf tsc_known_freq pni pclmulqdq dtes64 monitor ds_cpl vmx smx est tm2 ssse3 sdbg fma cx16 xtpr pdcm pcid dca sse4_1 sse4_2 x2apic movbe popcnt tsc_deadline_timer aes xsave avx f16c rdrand lahf_lm abm 3dnowprefetch cpuid_fault epb cat_l3 cat_l2 cdp_l3 cdp_l2 ssbd mba ibrs ibpb stibp ibrs_enhanced tpr_shadow flexpriority ept vpid ept_ad fsgsbase tsc_adjust bmi1 avx2 smep bmi2 erms invpcid cqm rdt_a avx512f avx512dq rdseed adx smap avx512ifma clflushopt clwb intel_pt avx512cd sha_ni avx512bw avx512vl xsaveopt xsavec xgetbv1 xsaves cqm_llc cqm_occup_llc cqm_mbm_total cqm_mbm_local split_lock_detect user_shstk avx_vnni avx512_bf16 wbnoinvd dtherm ida arat pln pts vnmi avx512vbmi umip pku ospke waitpkg avx512_vbmi2 gfni vaes vpclmulqdq avx512_vnni avx512_bitalg avx512_vpopcntdq la57 rdpid bus_lock_detect cldemote movdiri movdir64b enqcmd fsrm md_clear serialize tsxldtrk pconfig arch_lbr ibt amx_bf16 avx512_fp16 amx_tile amx_int8 flush_l1d arch_capabilities
vmx flags	: vnmi preemption_timer posted_intr invvpid ept_x_only ept_ad ept_1gb ept_5level flexpriority apicv tsc_offset vtpr mtf vapic ept vpid unrestricted_guest vapic_reg vid ple shadow_vmcs pml ept_violation_ve ept_mode_based_exec tsc_scaling usr_wait_pause notify_vm_exiting ipi_virt
bugs		: spectre_v1 spectre_v2 spec_store_bypass swapgs eibrs_pbrsb bhi spectre_v2_user old_microcode vmscape
bogomips	: 4000.00
clflush size	: 64
cache_alignment	: 64
address sizes	: 46 bits physical, 57 bits virtual
power management:

processor	: 48
vendor_id	: GenuineIntel
cpu family	: 6
model		: 143
model name	: Intel(R) Xeon(R) Platinum 8480+
stepping	: 8
microcode	: 0x2b000639
cpu MHz		: 2809.542
cache size	: 107520 KB
physical id	: 0
siblings	: 56
core id		: 1
cpu cores	: 56
apicid		: 2
initial apicid	: 2
fpu		: yes
fpu_exception	: yes
cpuid level	: 32
wp		: yes
flags		: fpu vme de pse tsc msr pae mce cx8 apic sep mtrr pge mca cmov pat pse36 clflush dts acpi mmx fxsr sse sse2 ss ht tm pbe syscall nx pdpe1gb rdtscp lm constant_tsc art arch_perfmon pebs bts rep_good nopl xtopology nonstop_tsc cpuid aperfmperf tsc_known_freq pni pclmulqdq dtes64 monitor ds_cpl vmx smx est tm2 ssse3 sdbg fma cx16 xtpr pdcm pcid dca sse4_1 sse4_2 x2apic movbe popcnt tsc_deadline_timer aes xsave avx f16c rdrand lahf_lm abm 3dnowprefetch cpuid_fault epb cat_l3 cat_l2 cdp_l3 cdp_l2 ssbd mba ibrs ibpb stibp ibrs_enhanced tpr_shadow flexpriority ept vpid ept_ad fsgsbase tsc_adjust bmi1 avx2 smep bmi2 erms invpcid cqm rdt_a avx512f avx512dq rdseed adx smap avx512ifma clflushopt clwb intel_pt avx512cd sha_ni avx512bw avx512vl xsaveopt xsavec xgetbv1 xsaves cqm_llc cqm_occup_llc cqm_mbm_total cqm_mbm_local split_lock_detect user_shstk avx_vnni avx512_bf16 wbnoinvd dtherm ida arat pln pts vnmi avx512vbmi umip pku ospke waitpkg avx512_vbmi2 gfni vaes vpclmulqdq avx512_vnni avx512_bitalg avx512_vpopcntdq la57 rdpid bus_lock_detect cldemote movdiri movdir64b enqcmd fsrm md_clear serialize tsxldtrk pconfig arch_lbr ibt amx_bf16 avx512_fp16 amx_tile amx_int8 flush_l1d arch_capabilities
vmx flags	: vnmi preemption_timer posted_intr invvpid ept_x_only ept_ad ept_1gb ept_5level flexpriority apicv tsc_offset vtpr mtf vapic ept vpid unrestricted_guest vapic_reg vid ple shadow_vmcs pml ept_violation_ve ept_mode_based_exec tsc_scaling usr_wait_pause notify_vm_exiting ipi_virt
bugs		: spectre_v1 spectre_v2 spec_store_bypass swapgs eibrs_pbrsb bhi spectre_v2_user old_microcode vmscape
bogomips	: 4000.00
clflush size	: 64
cache_alignment	: 64
address sizes	: 46 bits physical, 57 bits virtual
power management:

processor	: 49
vendor_id	: GenuineIntel
cpu family	: 6
model		: 143
model name	: Intel(R) Xeon(R) Platinum 8480+
stepping	: 8
microcode	: 0x2b000639
cpu MHz		: 3000.030
cache size	: 107520 KB
physical id	: 1
siblings	: 56
core id		: 11
cpu cores	: 56
apicid		: 150
initial apicid	: 150
fpu		: yes
fpu_exception	: yes
cpuid level	: 32
wp		: yes
flags		: fpu vme de pse tsc msr pae mce cx8 apic sep mtrr pge mca cmov pat pse36 clflush dts acpi mmx fxsr sse sse2 ss ht tm pbe syscall nx pdpe1gb rdtscp lm constant_tsc art arch_perfmon pebs bts rep_good nopl xtopology nonstop_tsc cpuid aperfmperf tsc_known_freq pni pclmulqdq dtes64 monitor ds_cpl vmx smx est tm2 ssse3 sdbg fma cx16 xtpr pdcm pcid dca sse4_1 sse4_2 x2apic movbe popcnt tsc_deadline_timer aes xsave avx f16c rdrand lahf_lm abm 3dnowprefetch cpuid_fault epb cat_l3 cat_l2 cdp_l3 cdp_l2 ssbd mba ibrs ibpb stibp ibrs_enhanced tpr_shadow flexpriority ept vpid ept_ad fsgsbase tsc_adjust bmi1 avx2 smep bmi2 erms invpcid cqm rdt_a avx512f avx512dq rdseed adx smap avx512ifma clflushopt clwb intel_pt avx512cd sha_ni avx512bw avx512vl xsaveopt xsavec xgetbv1 xsaves cqm_llc cqm_occup_llc cqm_mbm_total cqm_mbm_local split_lock_detect user_shstk avx_vnni avx512_bf16 wbnoinvd dtherm ida arat pln pts vnmi avx512vbmi umip pku ospke waitpkg avx512_vbmi2 gfni vaes vpclmulqdq avx512_vnni avx512_bitalg avx512_vpopcntdq la57 rdpid bus_lock_detect cldemote movdiri movdir64b enqcmd fsrm md_clear serialize tsxldtrk pconfig arch_lbr ibt amx_bf16 avx512_fp16 amx_tile amx_int8 flush_l1d arch_capabilities
vmx flags	: vnmi preemption_timer posted_intr invvpid ept_x_only ept_ad ept_1gb ept_5level flexpriority apicv tsc_offset vtpr mtf vapic ept vpid unrestricted_guest vapic_reg vid ple shadow_vmcs pml ept_violation_ve ept_mode_based_exec tsc_scaling usr_wait_pause notify_vm_exiting ipi_virt
bugs		: spectre_v1 spectre_v2 spec_store_bypass swapgs eibrs_pbrsb bhi spectre_v2_user old_microcode vmscape
bogomips	: 4000.00
clflush size	: 64
cache_alignment	: 64
address sizes	: 46 bits physical, 57 bits virtual
power management:

processor	: 50
vendor_id	: GenuineIntel
cpu family	: 6
model		: 143
model name	: Intel(R) Xeon(R) Platinum 8480+
stepping	: 8
microcode	: 0x2b000639
cpu MHz		: 2760.377
cache size	: 107520 KB
physical id	: 0
siblings	: 56
core id		: 29
cpu cores	: 56
apicid		: 58
initial apicid	: 58
fpu		: yes
fpu_exception	: yes
cpuid level	: 32
wp		: yes
flags		: fpu vme de pse tsc msr pae mce cx8 apic sep mtrr pge mca cmov pat pse36 clflush dts acpi mmx fxsr sse sse2 ss ht tm pbe syscall nx pdpe1gb rdtscp lm constant_tsc art arch_perfmon pebs bts rep_good nopl xtopology nonstop_tsc cpuid aperfmperf tsc_known_freq pni pclmulqdq dtes64 monitor ds_cpl vmx smx est tm2 ssse3 sdbg fma cx16 xtpr pdcm pcid dca sse4_1 sse4_2 x2apic movbe popcnt tsc_deadline_timer aes xsave avx f16c rdrand lahf_lm abm 3dnowprefetch cpuid_fault epb cat_l3 cat_l2 cdp_l3 cdp_l2 ssbd mba ibrs ibpb stibp ibrs_enhanced tpr_shadow flexpriority ept vpid ept_ad fsgsbase tsc_adjust bmi1 avx2 smep bmi2 erms invpcid cqm rdt_a avx512f avx512dq rdseed adx smap avx512ifma clflushopt clwb intel_pt avx512cd sha_ni avx512bw avx512vl xsaveopt xsavec xgetbv1 xsaves cqm_llc cqm_occup_llc cqm_mbm_total cqm_mbm_local split_lock_detect user_shstk avx_vnni avx512_bf16 wbnoinvd dtherm ida arat pln pts vnmi avx512vbmi umip pku ospke waitpkg avx512_vbmi2 gfni vaes vpclmulqdq avx512_vnni avx512_bitalg avx512_vpopcntdq la57 rdpid bus_lock_detect cldemote movdiri movdir64b enqcmd fsrm md_clear serialize tsxldtrk pconfig arch_lbr ibt amx_bf16 avx512_fp16 amx_tile amx_int8 flush_l1d arch_capabilities
vmx flags	: vnmi preemption_timer posted_intr invvpid ept_x_only ept_ad ept_1gb ept_5level flexpriority apicv tsc_offset vtpr mtf vapic ept vpid unrestricted_guest vapic_reg vid ple shadow_vmcs pml ept_violation_ve ept_mode_based_exec tsc_scaling usr_wait_pause notify_vm_exiting ipi_virt
bugs		: spectre_v1 spectre_v2 spec_store_bypass swapgs eibrs_pbrsb bhi spectre_v2_user old_microcode vmscape
bogomips	: 4000.00
clflush size	: 64
cache_alignment	: 64
address sizes	: 46 bits physical, 57 bits virtual
power management:

processor	: 51
vendor_id	: GenuineIntel
cpu family	: 6
model		: 143
model name	: Intel(R) Xeon(R) Platinum 8480+
stepping	: 8
microcode	: 0x2b000639
cpu MHz		: 2936.244
cache size	: 107520 KB
physical id	: 1
siblings	: 56
core id		: 41
cpu cores	: 56
apicid		: 210
initial apicid	: 210
fpu		: yes
fpu_exception	: yes
cpuid level	: 32
wp		: yes
flags		: fpu vme de pse tsc msr pae mce cx8 apic sep mtrr pge mca cmov pat pse36 clflush dts acpi mmx fxsr sse sse2 ss ht tm pbe syscall nx pdpe1gb rdtscp lm constant_tsc art arch_perfmon pebs bts rep_good nopl xtopology nonstop_tsc cpuid aperfmperf tsc_known_freq pni pclmulqdq dtes64 monitor ds_cpl vmx smx est tm2 ssse3 sdbg fma cx16 xtpr pdcm pcid dca sse4_1 sse4_2 x2apic movbe popcnt tsc_deadline_timer aes xsave avx f16c rdrand lahf_lm abm 3dnowprefetch cpuid_fault epb cat_l3 cat_l2 cdp_l3 cdp_l2 ssbd mba ibrs ibpb stibp ibrs_enhanced tpr_shadow flexpriority ept vpid ept_ad fsgsbase tsc_adjust bmi1 avx2 smep bmi2 erms invpcid cqm rdt_a avx512f avx512dq rdseed adx smap avx512ifma clflushopt clwb intel_pt avx512cd sha_ni avx512bw avx512vl xsaveopt xsavec xgetbv1 xsaves cqm_llc cqm_occup_llc cqm_mbm_total cqm_mbm_local split_lock_detect user_shstk avx_vnni avx512_bf16 wbnoinvd dtherm ida arat pln pts vnmi avx512vbmi umip pku ospke waitpkg avx512_vbmi2 gfni vaes vpclmulqdq avx512_vnni avx512_bitalg avx512_vpopcntdq la57 rdpid bus_lock_detect cldemote movdiri movdir64b enqcmd fsrm md_clear serialize tsxldtrk pconfig arch_lbr ibt amx_bf16 avx512_fp16 amx_tile amx_int8 flush_l1d arch_capabilities
vmx flags	: vnmi preemption_timer posted_intr invvpid ept_x_only ept_ad ept_1gb ept_5level flexpriority apicv tsc_offset vtpr mtf vapic ept vpid unrestricted_guest vapic_reg vid ple shadow_vmcs pml ept_violation_ve ept_mode_based_exec tsc_scaling usr_wait_pause notify_vm_exiting ipi_virt
bugs		: spectre_v1 spectre_v2 spec_store_bypass swapgs eibrs_pbrsb bhi spectre_v2_user old_microcode vmscape
bogomips	: 4000.00
clflush size	: 64
cache_alignment	: 64
address sizes	: 46 bits physical, 57 bits virtual
power management:

processor	: 52
vendor_id	: GenuineIntel
cpu family	: 6
model		: 143
model name	: Intel(R) Xeon(R) Platinum 8480+
stepping	: 8
microcode	: 0x2b000639
cpu MHz		: 2774.212
cache size	: 107520 KB
physical id	: 0
siblings	: 56
core id		: 26
cpu cores	: 56
apicid		: 52
initial apicid	: 52
fpu		: yes
fpu_exception	: yes
cpuid level	: 32
wp		: yes
flags		: fpu vme de pse tsc msr pae mce cx8 apic sep mtrr pge mca cmov pat pse36 clflush dts acpi mmx fxsr sse sse2 ss ht tm pbe syscall nx pdpe1gb rdtscp lm constant_tsc art arch_perfmon pebs bts rep_good nopl xtopology nonstop_tsc cpuid aperfmperf tsc_known_freq pni pclmulqdq dtes64 monitor ds_cpl vmx smx est tm2 ssse3 sdbg fma cx16 xtpr pdcm pcid dca sse4_1 sse4_2 x2apic movbe popcnt tsc_deadline_timer aes xsave avx f16c rdrand lahf_lm abm 3dnowprefetch cpuid_fault epb cat_l3 cat_l2 cdp_l3 cdp_l2 ssbd mba ibrs ibpb stibp ibrs_enhanced tpr_shadow flexpriority ept vpid ept_ad fsgsbase tsc_adjust bmi1 avx2 smep bmi2 erms invpcid cqm rdt_a avx512f avx512dq rdseed adx smap avx512ifma clflushopt clwb intel_pt avx512cd sha_ni avx512bw avx512vl xsaveopt xsavec xgetbv1 xsaves cqm_llc cqm_occup_llc cqm_mbm_total cqm_mbm_local split_lock_detect user_shstk avx_vnni avx512_bf16 wbnoinvd dtherm ida arat pln pts vnmi avx512vbmi umip pku ospke waitpkg avx512_vbmi2 gfni vaes vpclmulqdq avx512_vnni avx512_bitalg avx512_vpopcntdq la57 rdpid bus_lock_detect cldemote movdiri movdir64b enqcmd fsrm md_clear serialize tsxldtrk pconfig arch_lbr ibt amx_bf16 avx512_fp16 amx_tile amx_int8 flush_l1d arch_capabilities
vmx flags	: vnmi preemption_timer posted_intr invvpid ept_x_only ept_ad ept_1gb ept_5level flexpriority apicv tsc_offset vtpr mtf vapic ept vpid unrestricted_guest vapic_reg vid ple shadow_vmcs pml ept_violation_ve ept_mode_based_exec tsc_scaling usr_wait_pause notify_vm_exiting ipi_virt
bugs		: spectre_v1 spectre_v2 spec_store_bypass swapgs eibrs_pbrsb bhi spectre_v2_user old_microcode vmscape
bogomips	: 4000.00
clflush size	: 64
cache_alignment	: 64
address sizes	: 46 bits physical, 57 bits virtual
power management:

processor	: 53
vendor_id	: GenuineIntel
cpu family	: 6
model		: 143
model name	: Intel(R) Xeon(R) Platinum 8480+
stepping	: 8
microcode	: 0x2b000639
cpu MHz		: 2934.434
cache size	: 107520 KB
physical id	: 1
siblings	: 56
core id		: 26
cpu cores	: 56
apicid		: 180
initial apicid	: 180
fpu		: yes
fpu_exception	: yes
cpuid level	: 32
wp		: yes
flags		: fpu vme de pse tsc msr pae mce cx8 apic sep mtrr pge mca cmov pat pse36 clflush dts acpi mmx fxsr sse sse2 ss ht tm pbe syscall nx pdpe1gb rdtscp lm constant_tsc art arch_perfmon pebs bts rep_good nopl xtopology nonstop_tsc cpuid aperfmperf tsc_known_freq pni pclmulqdq dtes64 monitor ds_cpl vmx smx est tm2 ssse3 sdbg fma cx16 xtpr pdcm pcid dca sse4_1 sse4_2 x2apic movbe popcnt tsc_deadline_timer aes xsave avx f16c rdrand lahf_lm abm 3dnowprefetch cpuid_fault epb cat_l3 cat_l2 cdp_l3 cdp_l2 ssbd mba ibrs ibpb stibp ibrs_enhanced tpr_shadow flexpriority ept vpid ept_ad fsgsbase tsc_adjust bmi1 avx2 smep bmi2 erms invpcid cqm rdt_a avx512f avx512dq rdseed adx smap avx512ifma clflushopt clwb intel_pt avx512cd sha_ni avx512bw avx512vl xsaveopt xsavec xgetbv1 xsaves cqm_llc cqm_occup_llc cqm_mbm_total cqm_mbm_local split_lock_detect user_shstk avx_vnni avx512_bf16 wbnoinvd dtherm ida arat pln pts vnmi avx512vbmi umip pku ospke waitpkg avx512_vbmi2 gfni vaes vpclmulqdq avx512_vnni avx512_bitalg avx512_vpopcntdq la57 rdpid bus_lock_detect cldemote movdiri movdir64b enqcmd fsrm md_clear serialize tsxldtrk pconfig arch_lbr ibt amx_bf16 avx512_fp16 amx_tile amx_int8 flush_l1d arch_capabilities
vmx flags	: vnmi preemption_timer posted_intr invvpid ept_x_only ept_ad ept_1gb ept_5level flexpriority apicv tsc_offset vtpr mtf vapic ept vpid unrestricted_guest vapic_reg vid ple shadow_vmcs pml ept_violation_ve ept_mode_based_exec tsc_scaling usr_wait_pause notify_vm_exiting ipi_virt
bugs		: spectre_v1 spectre_v2 spec_store_bypass swapgs eibrs_pbrsb bhi spectre_v2_user old_microcode vmscape
bogomips	: 4000.00
clflush size	: 64
cache_alignment	: 64
address sizes	: 46 bits physical, 57 bits virtual
power management:

processor	: 54
vendor_id	: GenuineIntel
cpu family	: 6
model		: 143
model name	: Intel(R) Xeon(R) Platinum 8480+
stepping	: 8
microcode	: 0x2b000639
cpu MHz		: 2803.354
cache size	: 107520 KB
physical id	: 0
siblings	: 56
core id		: 45
cpu cores	: 56
apicid		: 90
initial apicid	: 90
fpu		: yes
fpu_exception	: yes
cpuid level	: 32
wp		: yes
flags		: fpu vme de pse tsc msr pae mce cx8 apic sep mtrr pge mca cmov pat pse36 clflush dts acpi mmx fxsr sse sse2 ss ht tm pbe syscall nx pdpe1gb rdtscp lm constant_tsc art arch_perfmon pebs bts rep_good nopl xtopology nonstop_tsc cpuid aperfmperf tsc_known_freq pni pclmulqdq dtes64 monitor ds_cpl vmx smx est tm2 ssse3 sdbg fma cx16 xtpr pdcm pcid dca sse4_1 sse4_2 x2apic movbe popcnt tsc_deadline_timer aes xsave avx f16c rdrand lahf_lm abm 3dnowprefetch cpuid_fault epb cat_l3 cat_l2 cdp_l3 cdp_l2 ssbd mba ibrs ibpb stibp ibrs_enhanced tpr_shadow flexpriority ept vpid ept_ad fsgsbase tsc_adjust bmi1 avx2 smep bmi2 erms invpcid cqm rdt_a avx512f avx512dq rdseed adx smap avx512ifma clflushopt clwb intel_pt avx512cd sha_ni avx512bw avx512vl xsaveopt xsavec xgetbv1 xsaves cqm_llc cqm_occup_llc cqm_mbm_total cqm_mbm_local split_lock_detect user_shstk avx_vnni avx512_bf16 wbnoinvd dtherm ida arat pln pts vnmi avx512vbmi umip pku ospke waitpkg avx512_vbmi2 gfni vaes vpclmulqdq avx512_vnni avx512_bitalg avx512_vpopcntdq la57 rdpid bus_lock_detect cldemote movdiri movdir64b enqcmd fsrm md_clear serialize tsxldtrk pconfig arch_lbr ibt amx_bf16 avx512_fp16 amx_tile amx_int8 flush_l1d arch_capabilities
vmx flags	: vnmi preemption_timer posted_intr invvpid ept_x_only ept_ad ept_1gb ept_5level flexpriority apicv tsc_offset vtpr mtf vapic ept vpid unrestricted_guest vapic_reg vid ple shadow_vmcs pml ept_violation_ve ept_mode_based_exec tsc_scaling usr_wait_pause notify_vm_exiting ipi_virt
bugs		: spectre_v1 spectre_v2 spec_store_bypass swapgs eibrs_pbrsb bhi spectre_v2_user old_microcode vmscape
bogomips	: 4000.00
clflush size	: 64
cache_alignment	: 64
address sizes	: 46 bits physical, 57 bits virtual
power management:

processor	: 55
vendor_id	: GenuineIntel
cpu family	: 6
model		: 143
model name	: Intel(R) Xeon(R) Platinum 8480+
stepping	: 8
microcode	: 0x2b000639
cpu MHz		: 2723.175
cache size	: 107520 KB
physical id	: 1
siblings	: 56
core id		: 53
cpu cores	: 56
apicid		: 234
initial apicid	: 234
fpu		: yes
fpu_exception	: yes
cpuid level	: 32
wp		: yes
flags		: fpu vme de pse tsc msr pae mce cx8 apic sep mtrr pge mca cmov pat pse36 clflush dts acpi mmx fxsr sse sse2 ss ht tm pbe syscall nx pdpe1gb rdtscp lm constant_tsc art arch_perfmon pebs bts rep_good nopl xtopology nonstop_tsc cpuid aperfmperf tsc_known_freq pni pclmulqdq dtes64 monitor ds_cpl vmx smx est tm2 ssse3 sdbg fma cx16 xtpr pdcm pcid dca sse4_1 sse4_2 x2apic movbe popcnt tsc_deadline_timer aes xsave avx f16c rdrand lahf_lm abm 3dnowprefetch cpuid_fault epb cat_l3 cat_l2 cdp_l3 cdp_l2 ssbd mba ibrs ibpb stibp ibrs_enhanced tpr_shadow flexpriority ept vpid ept_ad fsgsbase tsc_adjust bmi1 avx2 smep bmi2 erms invpcid cqm rdt_a avx512f avx512dq rdseed adx smap avx512ifma clflushopt clwb intel_pt avx512cd sha_ni avx512bw avx512vl xsaveopt xsavec xgetbv1 xsaves cqm_llc cqm_occup_llc cqm_mbm_total cqm_mbm_local split_lock_detect user_shstk avx_vnni avx512_bf16 wbnoinvd dtherm ida arat pln pts vnmi avx512vbmi umip pku ospke waitpkg avx512_vbmi2 gfni vaes vpclmulqdq avx512_vnni avx512_bitalg avx512_vpopcntdq la57 rdpid bus_lock_detect cldemote movdiri movdir64b enqcmd fsrm md_clear serialize tsxldtrk pconfig arch_lbr ibt amx_bf16 avx512_fp16 amx_tile amx_int8 flush_l1d arch_capabilities
vmx flags	: vnmi preemption_timer posted_intr invvpid ept_x_only ept_ad ept_1gb ept_5level flexpriority apicv tsc_offset vtpr mtf vapic ept vpid unrestricted_guest vapic_reg vid ple shadow_vmcs pml ept_violation_ve ept_mode_based_exec tsc_scaling usr_wait_pause notify_vm_exiting ipi_virt
bugs		: spectre_v1 spectre_v2 spec_store_bypass swapgs eibrs_pbrsb bhi spectre_v2_user old_microcode vmscape
bogomips	: 4000.00
clflush size	: 64
cache_alignment	: 64
address sizes	: 46 bits physical, 57 bits virtual
power management:

processor	: 56
vendor_id	: GenuineIntel
cpu family	: 6
model		: 143
model name	: Intel(R) Xeon(R) Platinum 8480+
stepping	: 8
microcode	: 0x2b000639
cpu MHz		: 2763.257
cache size	: 107520 KB
physical id	: 0
siblings	: 56
core id		: 5
cpu cores	: 56
apicid		: 10
initial apicid	: 10
fpu		: yes
fpu_exception	: yes
cpuid level	: 32
wp		: yes
flags		: fpu vme de pse tsc msr pae mce cx8 apic sep mtrr pge mca cmov pat pse36 clflush dts acpi mmx fxsr sse sse2 ss ht tm pbe syscall nx pdpe1gb rdtscp lm constant_tsc art arch_perfmon pebs bts rep_good nopl xtopology nonstop_tsc cpuid aperfmperf tsc_known_freq pni pclmulqdq dtes64 monitor ds_cpl vmx smx est tm2 ssse3 sdbg fma cx16 xtpr pdcm pcid dca sse4_1 sse4_2 x2apic movbe popcnt tsc_deadline_timer aes xsave avx f16c rdrand lahf_lm abm 3dnowprefetch cpuid_fault epb cat_l3 cat_l2 cdp_l3 cdp_l2 ssbd mba ibrs ibpb stibp ibrs_enhanced tpr_shadow flexpriority ept vpid ept_ad fsgsbase tsc_adjust bmi1 avx2 smep bmi2 erms invpcid cqm rdt_a avx512f avx512dq rdseed adx smap avx512ifma clflushopt clwb intel_pt avx512cd sha_ni avx512bw avx512vl xsaveopt xsavec xgetbv1 xsaves cqm_llc cqm_occup_llc cqm_mbm_total cqm_mbm_local split_lock_detect user_shstk avx_vnni avx512_bf16 wbnoinvd dtherm ida arat pln pts vnmi avx512vbmi umip pku ospke waitpkg avx512_vbmi2 gfni vaes vpclmulqdq avx512_vnni avx512_bitalg avx512_vpopcntdq la57 rdpid bus_lock_detect cldemote movdiri movdir64b enqcmd fsrm md_clear serialize tsxldtrk pconfig arch_lbr ibt amx_bf16 avx512_fp16 amx_tile amx_int8 flush_l1d arch_capabilities
vmx flags	: vnmi preemption_timer posted_intr invvpid ept_x_only ept_ad ept_1gb ept_5level flexpriority apicv tsc_offset vtpr mtf vapic ept vpid unrestricted_guest vapic_reg vid ple shadow_vmcs pml ept_violation_ve ept_mode_based_exec tsc_scaling usr_wait_pause notify_vm_exiting ipi_virt
bugs		: spectre_v1 spectre_v2 spec_store_bypass swapgs eibrs_pbrsb bhi spectre_v2_user old_microcode vmscape
bogomips	: 4000.00
clflush size	: 64
cache_alignment	: 64
address sizes	: 46 bits physical, 57 bits virtual
power management:

processor	: 57
vendor_id	: GenuineIntel
cpu family	: 6
model		: 143
model name	: Intel(R) Xeon(R) Platinum 8480+
stepping	: 8
microcode	: 0x2b000639
cpu MHz		: 2983.387
cache size	: 107520 KB
physical id	: 1
siblings	: 56
core id		: 2
cpu cores	: 56
apicid		: 132
initial apicid	: 132
fpu		: yes
fpu_exception	: yes
cpuid level	: 32
wp		: yes
flags		: fpu vme de pse tsc msr pae mce cx8 apic sep mtrr pge mca cmov pat pse36 clflush dts acpi mmx fxsr sse sse2 ss ht tm pbe syscall nx pdpe1gb rdtscp lm constant_tsc art arch_perfmon pebs bts rep_good nopl xtopology nonstop_tsc cpuid aperfmperf tsc_known_freq pni pclmulqdq dtes64 monitor ds_cpl vmx smx est tm2 ssse3 sdbg fma cx16 xtpr pdcm pcid dca sse4_1 sse4_2 x2apic movbe popcnt tsc_deadline_timer aes xsave avx f16c rdrand lahf_lm abm 3dnowprefetch cpuid_fault epb cat_l3 cat_l2 cdp_l3 cdp_l2 ssbd mba ibrs ibpb stibp ibrs_enhanced tpr_shadow flexpriority ept vpid ept_ad fsgsbase tsc_adjust bmi1 avx2 smep bmi2 erms invpcid cqm rdt_a avx512f avx512dq rdseed adx smap avx512ifma clflushopt clwb intel_pt avx512cd sha_ni avx512bw avx512vl xsaveopt xsavec xgetbv1 xsaves cqm_llc cqm_occup_llc cqm_mbm_total cqm_mbm_local split_lock_detect user_shstk avx_vnni avx512_bf16 wbnoinvd dtherm ida arat pln pts vnmi avx512vbmi umip pku ospke waitpkg avx512_vbmi2 gfni vaes vpclmulqdq avx512_vnni avx512_bitalg avx512_vpopcntdq la57 rdpid bus_lock_detect cldemote movdiri movdir64b enqcmd fsrm md_clear serialize tsxldtrk pconfig arch_lbr ibt amx_bf16 avx512_fp16 amx_tile amx_int8 flush_l1d arch_capabilities
vmx flags	: vnmi preemption_timer posted_intr invvpid ept_x_only ept_ad ept_1gb ept_5level flexpriority apicv tsc_offset vtpr mtf vapic ept vpid unrestricted_guest vapic_reg vid ple shadow_vmcs pml ept_violation_ve ept_mode_based_exec tsc_scaling usr_wait_pause notify_vm_exiting ipi_virt
bugs		: spectre_v1 spectre_v2 spec_store_bypass swapgs eibrs_pbrsb bhi spectre_v2_user old_microcode vmscape
bogomips	: 4000.00
clflush size	: 64
cache_alignment	: 64
address sizes	: 46 bits physical, 57 bits virtual
power management:

processor	: 58
vendor_id	: GenuineIntel
cpu family	: 6
model		: 143
model name	: Intel(R) Xeon(R) Platinum 8480+
stepping	: 8
microcode	: 0x2b000639
cpu MHz		: 2738.683
cache size	: 107520 KB
physical id	: 0
siblings	: 56
core id		: 32
cpu cores	: 56
apicid		: 64
initial apicid	: 64
fpu		: yes
fpu_exception	: yes
cpuid level	: 32
wp		: yes
flags		: fpu vme de pse tsc msr pae mce cx8 apic sep mtrr pge mca cmov pat pse36 clflush dts acpi mmx fxsr sse sse2 ss ht tm pbe syscall nx pdpe1gb rdtscp lm constant_tsc art arch_perfmon pebs bts rep_good nopl xtopology nonstop_tsc cpuid aperfmperf tsc_known_freq pni pclmulqdq dtes64 monitor ds_cpl vmx smx est tm2 ssse3 sdbg fma cx16 xtpr pdcm pcid dca sse4_1 sse4_2 x2apic movbe popcnt tsc_deadline_timer aes xsave avx f16c rdrand lahf_lm abm 3dnowprefetch cpuid_fault epb cat_l3 cat_l2 cdp_l3 cdp_l2 ssbd mba ibrs ibpb stibp ibrs_enhanced tpr_shadow flexpriority ept vpid ept_ad fsgsbase tsc_adjust bmi1 avx2 smep bmi2 erms invpcid cqm rdt_a avx512f avx512dq rdseed adx smap avx512ifma clflushopt clwb intel_pt avx512cd sha_ni avx512bw avx512vl xsaveopt xsavec xgetbv1 xsaves cqm_llc cqm_occup_llc cqm_mbm_total cqm_mbm_local split_lock_detect user_shstk avx_vnni avx512_bf16 wbnoinvd dtherm ida arat pln pts vnmi avx512vbmi umip pku ospke waitpkg avx512_vbmi2 gfni vaes vpclmulqdq avx512_vnni avx512_bitalg avx512_vpopcntdq la57 rdpid bus_lock_detect cldemote movdiri movdir64b enqcmd fsrm md_clear serialize tsxldtrk pconfig arch_lbr ibt amx_bf16 avx512_fp16 amx_tile amx_int8 flush_l1d arch_capabilities
vmx flags	: vnmi preemption_timer posted_intr invvpid ept_x_only ept_ad ept_1gb ept_5level flexpriority apicv tsc_offset vtpr mtf vapic ept vpid unrestricted_guest vapic_reg vid ple shadow_vmcs pml ept_violation_ve ept_mode_based_exec tsc_scaling usr_wait_pause notify_vm_exiting ipi_virt
bugs		: spectre_v1 spectre_v2 spec_store_bypass swapgs eibrs_pbrsb bhi spectre_v2_user old_microcode vmscape
bogomips	: 4000.00
clflush size	: 64
cache_alignment	: 64
address sizes	: 46 bits physical, 57 bits virtual
power management:

processor	: 59
vendor_id	: GenuineIntel
cpu family	: 6
model		: 143
model name	: Intel(R) Xeon(R) Platinum 8480+
stepping	: 8
microcode	: 0x2b000639
cpu MHz		: 2912.300
cache size	: 107520 KB
physical id	: 1
siblings	: 56
core id		: 29
cpu cores	: 56
apicid		: 186
initial apicid	: 186
fpu		: yes
fpu_exception	: yes
cpuid level	: 32
wp		: yes
flags		: fpu vme de pse tsc msr pae mce cx8 apic sep mtrr pge mca cmov pat pse36 clflush dts acpi mmx fxsr sse sse2 ss ht tm pbe syscall nx pdpe1gb rdtscp lm constant_tsc art arch_perfmon pebs bts rep_good nopl xtopology nonstop_tsc cpuid aperfmperf tsc_known_freq pni pclmulqdq dtes64 monitor ds_cpl vmx smx est tm2 ssse3 sdbg fma cx16 xtpr pdcm pcid dca sse4_1 sse4_2 x2apic movbe popcnt tsc_deadline_timer aes xsave avx f16c rdrand lahf_lm abm 3dnowprefetch cpuid_fault epb cat_l3 cat_l2 cdp_l3 cdp_l2 ssbd mba ibrs ibpb stibp ibrs_enhanced tpr_shadow flexpriority ept vpid ept_ad fsgsbase tsc_adjust bmi1 avx2 smep bmi2 erms invpcid cqm rdt_a avx512f avx512dq rdseed adx smap avx512ifma clflushopt clwb intel_pt avx512cd sha_ni avx512bw avx512vl xsaveopt xsavec xgetbv1 xsaves cqm_llc cqm_occup_llc cqm_mbm_total cqm_mbm_local split_lock_detect user_shstk avx_vnni avx512_bf16 wbnoinvd dtherm ida arat pln pts vnmi avx512vbmi umip pku ospke waitpkg avx512_vbmi2 gfni vaes vpclmulqdq avx512_vnni avx512_bitalg avx512_vpopcntdq la57 rdpid bus_lock_detect cldemote movdiri movdir64b enqcmd fsrm md_clear serialize tsxldtrk pconfig arch_lbr ibt amx_bf16 avx512_fp16 amx_tile amx_int8 flush_l1d arch_capabilities
vmx flags	: vnmi preemption_timer posted_intr invvpid ept_x_only ept_ad ept_1gb ept_5level flexpriority apicv tsc_offset vtpr mtf vapic ept vpid unrestricted_guest vapic_reg vid ple shadow_vmcs pml ept_violation_ve ept_mode_based_exec tsc_scaling usr_wait_pause notify_vm_exiting ipi_virt
bugs		: spectre_v1 spectre_v2 spec_store_bypass swapgs eibrs_pbrsb bhi spectre_v2_user old_microcode vmscape
bogomips	: 4000.00
clflush size	: 64
cache_alignment	: 64
address sizes	: 46 bits physical, 57 bits virtual
power management:

processor	: 60
vendor_id	: GenuineIntel
cpu family	: 6
model		: 143
model name	: Intel(R) Xeon(R) Platinum 8480+
stepping	: 8
microcode	: 0x2b000639
cpu MHz		: 2735.783
cache size	: 107520 KB
physical id	: 0
siblings	: 56
core id		: 23
cpu cores	: 56
apicid		: 46
initial apicid	: 46
fpu		: yes
fpu_exception	: yes
cpuid level	: 32
wp		: yes
flags		: fpu vme de pse tsc msr pae mce cx8 apic sep mtrr pge mca cmov pat pse36 clflush dts acpi mmx fxsr sse sse2 ss ht tm pbe syscall nx pdpe1gb rdtscp lm constant_tsc art arch_perfmon pebs bts rep_good nopl xtopology nonstop_tsc cpuid aperfmperf tsc_known_freq pni pclmulqdq dtes64 monitor ds_cpl vmx smx est tm2 ssse3 sdbg fma cx16 xtpr pdcm pcid dca sse4_1 sse4_2 x2apic movbe popcnt tsc_deadline_timer aes xsave avx f16c rdrand lahf_lm abm 3dnowprefetch cpuid_fault epb cat_l3 cat_l2 cdp_l3 cdp_l2 ssbd mba ibrs ibpb stibp ibrs_enhanced tpr_shadow flexpriority ept vpid ept_ad fsgsbase tsc_adjust bmi1 avx2 smep bmi2 erms invpcid cqm rdt_a avx512f avx512dq rdseed adx smap avx512ifma clflushopt clwb intel_pt avx512cd sha_ni avx512bw avx512vl xsaveopt xsavec xgetbv1 xsaves cqm_llc cqm_occup_llc cqm_mbm_total cqm_mbm_local split_lock_detect user_shstk avx_vnni avx512_bf16 wbnoinvd dtherm ida arat pln pts vnmi avx512vbmi umip pku ospke waitpkg avx512_vbmi2 gfni vaes vpclmulqdq avx512_vnni avx512_bitalg avx512_vpopcntdq la57 rdpid bus_lock_detect cldemote movdiri movdir64b enqcmd fsrm md_clear serialize tsxldtrk pconfig arch_lbr ibt amx_bf16 avx512_fp16 amx_tile amx_int8 flush_l1d arch_capabilities
vmx flags	: vnmi preemption_timer posted_intr invvpid ept_x_only ept_ad ept_1gb ept_5level flexpriority apicv tsc_offset vtpr mtf vapic ept vpid unrestricted_guest vapic_reg vid ple shadow_vmcs pml ept_violation_ve ept_mode_based_exec tsc_scaling usr_wait_pause notify_vm_exiting ipi_virt
bugs		: spectre_v1 spectre_v2 spec_store_bypass swapgs eibrs_pbrsb bhi spectre_v2_user old_microcode vmscape
bogomips	: 4000.00
clflush size	: 64
cache_alignment	: 64
address sizes	: 46 bits physical, 57 bits virtual
power management:

processor	: 61
vendor_id	: GenuineIntel
cpu family	: 6
model		: 143
model name	: Intel(R) Xeon(R) Platinum 8480+
stepping	: 8
microcode	: 0x2b000639
cpu MHz		: 2932.144
cache size	: 107520 KB
physical id	: 1
siblings	: 56
core id		: 24
cpu cores	: 56
apicid		: 176
initial apicid	: 176
fpu		: yes
fpu_exception	: yes
cpuid level	: 32
wp		: yes
flags		: fpu vme de pse tsc msr pae mce cx8 apic sep mtrr pge mca cmov pat pse36 clflush dts acpi mmx fxsr sse sse2 ss ht tm pbe syscall nx pdpe1gb rdtscp lm constant_tsc art arch_perfmon pebs bts rep_good nopl xtopology nonstop_tsc cpuid aperfmperf tsc_known_freq pni pclmulqdq dtes64 monitor ds_cpl vmx smx est tm2 ssse3 sdbg fma cx16 xtpr pdcm pcid dca sse4_1 sse4_2 x2apic movbe popcnt tsc_deadline_timer aes xsave avx f16c rdrand lahf_lm abm 3dnowprefetch cpuid_fault epb cat_l3 cat_l2 cdp_l3 cdp_l2 ssbd mba ibrs ibpb stibp ibrs_enhanced tpr_shadow flexpriority ept vpid ept_ad fsgsbase tsc_adjust bmi1 avx2 smep bmi2 erms invpcid cqm rdt_a avx512f avx512dq rdseed adx smap avx512ifma clflushopt clwb intel_pt avx512cd sha_ni avx512bw avx512vl xsaveopt xsavec xgetbv1 xsaves cqm_llc cqm_occup_llc cqm_mbm_total cqm_mbm_local split_lock_detect user_shstk avx_vnni avx512_bf16 wbnoinvd dtherm ida arat pln pts vnmi avx512vbmi umip pku ospke waitpkg avx512_vbmi2 gfni vaes vpclmulqdq avx512_vnni avx512_bitalg avx512_vpopcntdq la57 rdpid bus_lock_detect cldemote movdiri movdir64b enqcmd fsrm md_clear serialize tsxldtrk pconfig arch_lbr ibt amx_bf16 avx512_fp16 amx_tile amx_int8 flush_l1d arch_capabilities
vmx flags	: vnmi preemption_timer posted_intr invvpid ept_x_only ept_ad ept_1gb ept_5level flexpriority apicv tsc_offset vtpr mtf vapic ept vpid unrestricted_guest vapic_reg vid ple shadow_vmcs pml ept_violation_ve ept_mode_based_exec tsc_scaling usr_wait_pause notify_vm_exiting ipi_virt
bugs		: spectre_v1 spectre_v2 spec_store_bypass swapgs eibrs_pbrsb bhi spectre_v2_user old_microcode vmscape
bogomips	: 4000.00
clflush size	: 64
cache_alignment	: 64
address sizes	: 46 bits physical, 57 bits virtual
power management:

processor	: 62
vendor_id	: GenuineIntel
cpu family	: 6
model		: 143
model name	: Intel(R) Xeon(R) Platinum 8480+
stepping	: 8
microcode	: 0x2b000639
cpu MHz		: 2999.969
cache size	: 107520 KB
physical id	: 0
siblings	: 56
core id		: 50
cpu cores	: 56
apicid		: 100
initial apicid	: 100
fpu		: yes
fpu_exception	: yes
cpuid level	: 32
wp		: yes
flags		: fpu vme de pse tsc msr pae mce cx8 apic sep mtrr pge mca cmov pat pse36 clflush dts acpi mmx fxsr sse sse2 ss ht tm pbe syscall nx pdpe1gb rdtscp lm constant_tsc art arch_perfmon pebs bts rep_good nopl xtopology nonstop_tsc cpuid aperfmperf tsc_known_freq pni pclmulqdq dtes64 monitor ds_cpl vmx smx est tm2 ssse3 sdbg fma cx16 xtpr pdcm pcid dca sse4_1 sse4_2 x2apic movbe popcnt tsc_deadline_timer aes xsave avx f16c rdrand lahf_lm abm 3dnowprefetch cpuid_fault epb cat_l3 cat_l2 cdp_l3 cdp_l2 ssbd mba ibrs ibpb stibp ibrs_enhanced tpr_shadow flexpriority ept vpid ept_ad fsgsbase tsc_adjust bmi1 avx2 smep bmi2 erms invpcid cqm rdt_a avx512f avx512dq rdseed adx smap avx512ifma clflushopt clwb intel_pt avx512cd sha_ni avx512bw avx512vl xsaveopt xsavec xgetbv1 xsaves cqm_llc cqm_occup_llc cqm_mbm_total cqm_mbm_local split_lock_detect user_shstk avx_vnni avx512_bf16 wbnoinvd dtherm ida arat pln pts vnmi avx512vbmi umip pku ospke waitpkg avx512_vbmi2 gfni vaes vpclmulqdq avx512_vnni avx512_bitalg avx512_vpopcntdq la57 rdpid bus_lock_detect cldemote movdiri movdir64b enqcmd fsrm md_clear serialize tsxldtrk pconfig arch_lbr ibt amx_bf16 avx512_fp16 amx_tile amx_int8 flush_l1d arch_capabilities
vmx flags	: vnmi preemption_timer posted_intr invvpid ept_x_only ept_ad ept_1gb ept_5level flexpriority apicv tsc_offset vtpr mtf vapic ept vpid unrestricted_guest vapic_reg vid ple shadow_vmcs pml ept_violation_ve ept_mode_based_exec tsc_scaling usr_wait_pause notify_vm_exiting ipi_virt
bugs		: spectre_v1 spectre_v2 spec_store_bypass swapgs eibrs_pbrsb bhi spectre_v2_user old_microcode vmscape
bogomips	: 4000.00
clflush size	: 64
cache_alignment	: 64
address sizes	: 46 bits physical, 57 bits virtual
power management:

processor	: 63
vendor_id	: GenuineIntel
cpu family	: 6
model		: 143
model name	: Intel(R) Xeon(R) Platinum 8480+
stepping	: 8
microcode	: 0x2b000639
cpu MHz		: 2933.724
cache size	: 107520 KB
physical id	: 1
siblings	: 56
core id		: 50
cpu cores	: 56
apicid		: 228
initial apicid	: 228
fpu		: yes
fpu_exception	: yes
cpuid level	: 32
wp		: yes
flags		: fpu vme de pse tsc msr pae mce cx8 apic sep mtrr pge mca cmov pat pse36 clflush dts acpi mmx fxsr sse sse2 ss ht tm pbe syscall nx pdpe1gb rdtscp lm constant_tsc art arch_perfmon pebs bts rep_good nopl xtopology nonstop_tsc cpuid aperfmperf tsc_known_freq pni pclmulqdq dtes64 monitor ds_cpl vmx smx est tm2 ssse3 sdbg fma cx16 xtpr pdcm pcid dca sse4_1 sse4_2 x2apic movbe popcnt tsc_deadline_timer aes xsave avx f16c rdrand lahf_lm abm 3dnowprefetch cpuid_fault epb cat_l3 cat_l2 cdp_l3 cdp_l2 ssbd mba ibrs ibpb stibp ibrs_enhanced tpr_shadow flexpriority ept vpid ept_ad fsgsbase tsc_adjust bmi1 avx2 smep bmi2 erms invpcid cqm rdt_a avx512f avx512dq rdseed adx smap avx512ifma clflushopt clwb intel_pt avx512cd sha_ni avx512bw avx512vl xsaveopt xsavec xgetbv1 xsaves cqm_llc cqm_occup_llc cqm_mbm_total cqm_mbm_local split_lock_detect user_shstk avx_vnni avx512_bf16 wbnoinvd dtherm ida arat pln pts vnmi avx512vbmi umip pku ospke waitpkg avx512_vbmi2 gfni vaes vpclmulqdq avx512_vnni avx512_bitalg avx512_vpopcntdq la57 rdpid bus_lock_detect cldemote movdiri movdir64b enqcmd fsrm md_clear serialize tsxldtrk pconfig arch_lbr ibt amx_bf16 avx512_fp16 amx_tile amx_int8 flush_l1d arch_capabilities
vmx flags	: vnmi preemption_timer posted_intr invvpid ept_x_only ept_ad ept_1gb ept_5level flexpriority apicv tsc_offset vtpr mtf vapic ept vpid unrestricted_guest vapic_reg vid ple shadow_vmcs pml ept_violation_ve ept_mode_based_exec tsc_scaling usr_wait_pause notify_vm_exiting ipi_virt
bugs		: spectre_v1 spectre_v2 spec_store_bypass swapgs eibrs_pbrsb bhi spectre_v2_user old_microcode vmscape
bogomips	: 4000.00
clflush size	: 64
cache_alignment	: 64
address sizes	: 46 bits physical, 57 bits virtual
power management:

processor	: 64
vendor_id	: GenuineIntel
cpu family	: 6
model		: 143
model name	: Intel(R) Xeon(R) Platinum 8480+
stepping	: 8
microcode	: 0x2b000639
cpu MHz		: 2974.601
cache size	: 107520 KB
physical id	: 0
siblings	: 56
core id		: 8
cpu cores	: 56
apicid		: 16
initial apicid	: 16
fpu		: yes
fpu_exception	: yes
cpuid level	: 32
wp		: yes
flags		: fpu vme de pse tsc msr pae mce cx8 apic sep mtrr pge mca cmov pat pse36 clflush dts acpi mmx fxsr sse sse2 ss ht tm pbe syscall nx pdpe1gb rdtscp lm constant_tsc art arch_perfmon pebs bts rep_good nopl xtopology nonstop_tsc cpuid aperfmperf tsc_known_freq pni pclmulqdq dtes64 monitor ds_cpl vmx smx est tm2 ssse3 sdbg fma cx16 xtpr pdcm pcid dca sse4_1 sse4_2 x2apic movbe popcnt tsc_deadline_timer aes xsave avx f16c rdrand lahf_lm abm 3dnowprefetch cpuid_fault epb cat_l3 cat_l2 cdp_l3 cdp_l2 ssbd mba ibrs ibpb stibp ibrs_enhanced tpr_shadow flexpriority ept vpid ept_ad fsgsbase tsc_adjust bmi1 avx2 smep bmi2 erms invpcid cqm rdt_a avx512f avx512dq rdseed adx smap avx512ifma clflushopt clwb intel_pt avx512cd sha_ni avx512bw avx512vl xsaveopt xsavec xgetbv1 xsaves cqm_llc cqm_occup_llc cqm_mbm_total cqm_mbm_local split_lock_detect user_shstk avx_vnni avx512_bf16 wbnoinvd dtherm ida arat pln pts vnmi avx512vbmi umip pku ospke waitpkg avx512_vbmi2 gfni vaes vpclmulqdq avx512_vnni avx512_bitalg avx512_vpopcntdq la57 rdpid bus_lock_detect cldemote movdiri movdir64b enqcmd fsrm md_clear serialize tsxldtrk pconfig arch_lbr ibt amx_bf16 avx512_fp16 amx_tile amx_int8 flush_l1d arch_capabilities
vmx flags	: vnmi preemption_timer posted_intr invvpid ept_x_only ept_ad ept_1gb ept_5level flexpriority apicv tsc_offset vtpr mtf vapic ept vpid unrestricted_guest vapic_reg vid ple shadow_vmcs pml ept_violation_ve ept_mode_based_exec tsc_scaling usr_wait_pause notify_vm_exiting ipi_virt
bugs		: spectre_v1 spectre_v2 spec_store_bypass swapgs eibrs_pbrsb bhi spectre_v2_user old_microcode vmscape
bogomips	: 4000.00
clflush size	: 64
cache_alignment	: 64
address sizes	: 46 bits physical, 57 bits virtual
power management:

processor	: 65
vendor_id	: GenuineIntel
cpu family	: 6
model		: 143
model name	: Intel(R) Xeon(R) Platinum 8480+
stepping	: 8
microcode	: 0x2b000639
cpu MHz		: 2916.103
cache size	: 107520 KB
physical id	: 1
siblings	: 56
core id		: 6
cpu cores	: 56
apicid		: 140
initial apicid	: 140
fpu		: yes
fpu_exception	: yes
cpuid level	: 32
wp		: yes
flags		: fpu vme de pse tsc msr pae mce cx8 apic sep mtrr pge mca cmov pat pse36 clflush dts acpi mmx fxsr sse sse2 ss ht tm pbe syscall nx pdpe1gb rdtscp lm constant_tsc art arch_perfmon pebs bts rep_good nopl xtopology nonstop_tsc cpuid aperfmperf tsc_known_freq pni pclmulqdq dtes64 monitor ds_cpl vmx smx est tm2 ssse3 sdbg fma cx16 xtpr pdcm pcid dca sse4_1 sse4_2 x2apic movbe popcnt tsc_deadline_timer aes xsave avx f16c rdrand lahf_lm abm 3dnowprefetch cpuid_fault epb cat_l3 cat_l2 cdp_l3 cdp_l2 ssbd mba ibrs ibpb stibp ibrs_enhanced tpr_shadow flexpriority ept vpid ept_ad fsgsbase tsc_adjust bmi1 avx2 smep bmi2 erms invpcid cqm rdt_a avx512f avx512dq rdseed adx smap avx512ifma clflushopt clwb intel_pt avx512cd sha_ni avx512bw avx512vl xsaveopt xsavec xgetbv1 xsaves cqm_llc cqm_occup_llc cqm_mbm_total cqm_mbm_local split_lock_detect user_shstk avx_vnni avx512_bf16 wbnoinvd dtherm ida arat pln pts vnmi avx512vbmi umip pku ospke waitpkg avx512_vbmi2 gfni vaes vpclmulqdq avx512_vnni avx512_bitalg avx512_vpopcntdq la57 rdpid bus_lock_detect cldemote movdiri movdir64b enqcmd fsrm md_clear serialize tsxldtrk pconfig arch_lbr ibt amx_bf16 avx512_fp16 amx_tile amx_int8 flush_l1d arch_capabilities
vmx flags	: vnmi preemption_timer posted_intr invvpid ept_x_only ept_ad ept_1gb ept_5level flexpriority apicv tsc_offset vtpr mtf vapic ept vpid unrestricted_guest vapic_reg vid ple shadow_vmcs pml ept_violation_ve ept_mode_based_exec tsc_scaling usr_wait_pause notify_vm_exiting ipi_virt
bugs		: spectre_v1 spectre_v2 spec_store_bypass swapgs eibrs_pbrsb bhi spectre_v2_user old_microcode vmscape
bogomips	: 4000.00
clflush size	: 64
cache_alignment	: 64
address sizes	: 46 bits physical, 57 bits virtual
power management:

processor	: 66
vendor_id	: GenuineIntel
cpu family	: 6
model		: 143
model name	: Intel(R) Xeon(R) Platinum 8480+
stepping	: 8
microcode	: 0x2b000639
cpu MHz		: 2803.752
cache size	: 107520 KB
physical id	: 0
siblings	: 56
core id		: 36
cpu cores	: 56
apicid		: 72
initial apicid	: 72
fpu		: yes
fpu_exception	: yes
cpuid level	: 32
wp		: yes
flags		: fpu vme de pse tsc msr pae mce cx8 apic sep mtrr pge mca cmov pat pse36 clflush dts acpi mmx fxsr sse sse2 ss ht tm pbe syscall nx pdpe1gb rdtscp lm constant_tsc art arch_perfmon pebs bts rep_good nopl xtopology nonstop_tsc cpuid aperfmperf tsc_known_freq pni pclmulqdq dtes64 monitor ds_cpl vmx smx est tm2 ssse3 sdbg fma cx16 xtpr pdcm pcid dca sse4_1 sse4_2 x2apic movbe popcnt tsc_deadline_timer aes xsave avx f16c rdrand lahf_lm abm 3dnowprefetch cpuid_fault epb cat_l3 cat_l2 cdp_l3 cdp_l2 ssbd mba ibrs ibpb stibp ibrs_enhanced tpr_shadow flexpriority ept vpid ept_ad fsgsbase tsc_adjust bmi1 avx2 smep bmi2 erms invpcid cqm rdt_a avx512f avx512dq rdseed adx smap avx512ifma clflushopt clwb intel_pt avx512cd sha_ni avx512bw avx512vl xsaveopt xsavec xgetbv1 xsaves cqm_llc cqm_occup_llc cqm_mbm_total cqm_mbm_local split_lock_detect user_shstk avx_vnni avx512_bf16 wbnoinvd dtherm ida arat pln pts vnmi avx512vbmi umip pku ospke waitpkg avx512_vbmi2 gfni vaes vpclmulqdq avx512_vnni avx512_bitalg avx512_vpopcntdq la57 rdpid bus_lock_detect cldemote movdiri movdir64b enqcmd fsrm md_clear serialize tsxldtrk pconfig arch_lbr ibt amx_bf16 avx512_fp16 amx_tile amx_int8 flush_l1d arch_capabilities
vmx flags	: vnmi preemption_timer posted_intr invvpid ept_x_only ept_ad ept_1gb ept_5level flexpriority apicv tsc_offset vtpr mtf vapic ept vpid unrestricted_guest vapic_reg vid ple shadow_vmcs pml ept_violation_ve ept_mode_based_exec tsc_scaling usr_wait_pause notify_vm_exiting ipi_virt
bugs		: spectre_v1 spectre_v2 spec_store_bypass swapgs eibrs_pbrsb bhi spectre_v2_user old_microcode vmscape
bogomips	: 4000.00
clflush size	: 64
cache_alignment	: 64
address sizes	: 46 bits physical, 57 bits virtual
power management:

processor	: 67
vendor_id	: GenuineIntel
cpu family	: 6
model		: 143
model name	: Intel(R) Xeon(R) Platinum 8480+
stepping	: 8
microcode	: 0x2b000639
cpu MHz		: 2871.688
cache size	: 107520 KB
physical id	: 1
siblings	: 56
core id		: 32
cpu cores	: 56
apicid		: 192
initial apicid	: 192
fpu		: yes
fpu_exception	: yes
cpuid level	: 32
wp		: yes
flags		: fpu vme de pse tsc msr pae mce cx8 apic sep mtrr pge mca cmov pat pse36 clflush dts acpi mmx fxsr sse sse2 ss ht tm pbe syscall nx pdpe1gb rdtscp lm constant_tsc art arch_perfmon pebs bts rep_good nopl xtopology nonstop_tsc cpuid aperfmperf tsc_known_freq pni pclmulqdq dtes64 monitor ds_cpl vmx smx est tm2 ssse3 sdbg fma cx16 xtpr pdcm pcid dca sse4_1 sse4_2 x2apic movbe popcnt tsc_deadline_timer aes xsave avx f16c rdrand lahf_lm abm 3dnowprefetch cpuid_fault epb cat_l3 cat_l2 cdp_l3 cdp_l2 ssbd mba ibrs ibpb stibp ibrs_enhanced tpr_shadow flexpriority ept vpid ept_ad fsgsbase tsc_adjust bmi1 avx2 smep bmi2 erms invpcid cqm rdt_a avx512f avx512dq rdseed adx smap avx512ifma clflushopt clwb intel_pt avx512cd sha_ni avx512bw avx512vl xsaveopt xsavec xgetbv1 xsaves cqm_llc cqm_occup_llc cqm_mbm_total cqm_mbm_local split_lock_detect user_shstk avx_vnni avx512_bf16 wbnoinvd dtherm ida arat pln pts vnmi avx512vbmi umip pku ospke waitpkg avx512_vbmi2 gfni vaes vpclmulqdq avx512_vnni avx512_bitalg avx512_vpopcntdq la57 rdpid bus_lock_detect cldemote movdiri movdir64b enqcmd fsrm md_clear serialize tsxldtrk pconfig arch_lbr ibt amx_bf16 avx512_fp16 amx_tile amx_int8 flush_l1d arch_capabilities
vmx flags	: vnmi preemption_timer posted_intr invvpid ept_x_only ept_ad ept_1gb ept_5level flexpriority apicv tsc_offset vtpr mtf vapic ept vpid unrestricted_guest vapic_reg vid ple shadow_vmcs pml ept_violation_ve ept_mode_based_exec tsc_scaling usr_wait_pause notify_vm_exiting ipi_virt
bugs		: spectre_v1 spectre_v2 spec_store_bypass swapgs eibrs_pbrsb bhi spectre_v2_user old_microcode vmscape
bogomips	: 4000.00
clflush size	: 64
cache_alignment	: 64
address sizes	: 46 bits physical, 57 bits virtual
power management:

processor	: 68
vendor_id	: GenuineIntel
cpu family	: 6
model		: 143
model name	: Intel(R) Xeon(R) Platinum 8480+
stepping	: 8
microcode	: 0x2b000639
cpu MHz		: 2764.524
cache size	: 107520 KB
physical id	: 0
siblings	: 56
core id		: 19
cpu cores	: 56
apicid		: 38
initial apicid	: 38
fpu		: yes
fpu_exception	: yes
cpuid level	: 32
wp		: yes
flags		: fpu vme de pse tsc msr pae mce cx8 apic sep mtrr pge mca cmov pat pse36 clflush dts acpi mmx fxsr sse sse2 ss ht tm pbe syscall nx pdpe1gb rdtscp lm constant_tsc art arch_perfmon pebs bts rep_good nopl xtopology nonstop_tsc cpuid aperfmperf tsc_known_freq pni pclmulqdq dtes64 monitor ds_cpl vmx smx est tm2 ssse3 sdbg fma cx16 xtpr pdcm pcid dca sse4_1 sse4_2 x2apic movbe popcnt tsc_deadline_timer aes xsave avx f16c rdrand lahf_lm abm 3dnowprefetch cpuid_fault epb cat_l3 cat_l2 cdp_l3 cdp_l2 ssbd mba ibrs ibpb stibp ibrs_enhanced tpr_shadow flexpriority ept vpid ept_ad fsgsbase tsc_adjust bmi1 avx2 smep bmi2 erms invpcid cqm rdt_a avx512f avx512dq rdseed adx smap avx512ifma clflushopt clwb intel_pt avx512cd sha_ni avx512bw avx512vl xsaveopt xsavec xgetbv1 xsaves cqm_llc cqm_occup_llc cqm_mbm_total cqm_mbm_local split_lock_detect user_shstk avx_vnni avx512_bf16 wbnoinvd dtherm ida arat pln pts vnmi avx512vbmi umip pku ospke waitpkg avx512_vbmi2 gfni vaes vpclmulqdq avx512_vnni avx512_bitalg avx512_vpopcntdq la57 rdpid bus_lock_detect cldemote movdiri movdir64b enqcmd fsrm md_clear serialize tsxldtrk pconfig arch_lbr ibt amx_bf16 avx512_fp16 amx_tile amx_int8 flush_l1d arch_capabilities
vmx flags	: vnmi preemption_timer posted_intr invvpid ept_x_only ept_ad ept_1gb ept_5level flexpriority apicv tsc_offset vtpr mtf vapic ept vpid unrestricted_guest vapic_reg vid ple shadow_vmcs pml ept_violation_ve ept_mode_based_exec tsc_scaling usr_wait_pause notify_vm_exiting ipi_virt
bugs		: spectre_v1 spectre_v2 spec_store_bypass swapgs eibrs_pbrsb bhi spectre_v2_user old_microcode vmscape
bogomips	: 4000.00
clflush size	: 64
cache_alignment	: 64
address sizes	: 46 bits physical, 57 bits virtual
power management:

processor	: 69
vendor_id	: GenuineIntel
cpu family	: 6
model		: 143
model name	: Intel(R) Xeon(R) Platinum 8480+
stepping	: 8
microcode	: 0x2b000639
cpu MHz		: 2911.764
cache size	: 107520 KB
physical id	: 1
siblings	: 56
core id		: 20
cpu cores	: 56
apicid		: 168
initial apicid	: 168
fpu		: yes
fpu_exception	: yes
cpuid level	: 32
wp		: yes
flags		: fpu vme de pse tsc msr pae mce cx8 apic sep mtrr pge mca cmov pat pse36 clflush dts acpi mmx fxsr sse sse2 ss ht tm pbe syscall nx pdpe1gb rdtscp lm constant_tsc art arch_perfmon pebs bts rep_good nopl xtopology nonstop_tsc cpuid aperfmperf tsc_known_freq pni pclmulqdq dtes64 monitor ds_cpl vmx smx est tm2 ssse3 sdbg fma cx16 xtpr pdcm pcid dca sse4_1 sse4_2 x2apic movbe popcnt tsc_deadline_timer aes xsave avx f16c rdrand lahf_lm abm 3dnowprefetch cpuid_fault epb cat_l3 cat_l2 cdp_l3 cdp_l2 ssbd mba ibrs ibpb stibp ibrs_enhanced tpr_shadow flexpriority ept vpid ept_ad fsgsbase tsc_adjust bmi1 avx2 smep bmi2 erms invpcid cqm rdt_a avx512f avx512dq rdseed adx smap avx512ifma clflushopt clwb intel_pt avx512cd sha_ni avx512bw avx512vl xsaveopt xsavec xgetbv1 xsaves cqm_llc cqm_occup_llc cqm_mbm_total cqm_mbm_local split_lock_detect user_shstk avx_vnni avx512_bf16 wbnoinvd dtherm ida arat pln pts vnmi avx512vbmi umip pku ospke waitpkg avx512_vbmi2 gfni vaes vpclmulqdq avx512_vnni avx512_bitalg avx512_vpopcntdq la57 rdpid bus_lock_detect cldemote movdiri movdir64b enqcmd fsrm md_clear serialize tsxldtrk pconfig arch_lbr ibt amx_bf16 avx512_fp16 amx_tile amx_int8 flush_l1d arch_capabilities
vmx flags	: vnmi preemption_timer posted_intr invvpid ept_x_only ept_ad ept_1gb ept_5level flexpriority apicv tsc_offset vtpr mtf vapic ept vpid unrestricted_guest vapic_reg vid ple shadow_vmcs pml ept_violation_ve ept_mode_based_exec tsc_scaling usr_wait_pause notify_vm_exiting ipi_virt
bugs		: spectre_v1 spectre_v2 spec_store_bypass swapgs eibrs_pbrsb bhi spectre_v2_user old_microcode vmscape
bogomips	: 4000.00
clflush size	: 64
cache_alignment	: 64
address sizes	: 46 bits physical, 57 bits virtual
power management:

processor	: 70
vendor_id	: GenuineIntel
cpu family	: 6
model		: 143
model name	: Intel(R) Xeon(R) Platinum 8480+
stepping	: 8
microcode	: 0x2b000639
cpu MHz		: 2719.852
cache size	: 107520 KB
physical id	: 0
siblings	: 56
core id		: 47
cpu cores	: 56
apicid		: 94
initial apicid	: 94
fpu		: yes
fpu_exception	: yes
cpuid level	: 32
wp		: yes
flags		: fpu vme de pse tsc msr pae mce cx8 apic sep mtrr pge mca cmov pat pse36 clflush dts acpi mmx fxsr sse sse2 ss ht tm pbe syscall nx pdpe1gb rdtscp lm constant_tsc art arch_perfmon pebs bts rep_good nopl xtopology nonstop_tsc cpuid aperfmperf tsc_known_freq pni pclmulqdq dtes64 monitor ds_cpl vmx smx est tm2 ssse3 sdbg fma cx16 xtpr pdcm pcid dca sse4_1 sse4_2 x2apic movbe popcnt tsc_deadline_timer aes xsave avx f16c rdrand lahf_lm abm 3dnowprefetch cpuid_fault epb cat_l3 cat_l2 cdp_l3 cdp_l2 ssbd mba ibrs ibpb stibp ibrs_enhanced tpr_shadow flexpriority ept vpid ept_ad fsgsbase tsc_adjust bmi1 avx2 smep bmi2 erms invpcid cqm rdt_a avx512f avx512dq rdseed adx smap avx512ifma clflushopt clwb intel_pt avx512cd sha_ni avx512bw avx512vl xsaveopt xsavec xgetbv1 xsaves cqm_llc cqm_occup_llc cqm_mbm_total cqm_mbm_local split_lock_detect user_shstk avx_vnni avx512_bf16 wbnoinvd dtherm ida arat pln pts vnmi avx512vbmi umip pku ospke waitpkg avx512_vbmi2 gfni vaes vpclmulqdq avx512_vnni avx512_bitalg avx512_vpopcntdq la57 rdpid bus_lock_detect cldemote movdiri movdir64b enqcmd fsrm md_clear serialize tsxldtrk pconfig arch_lbr ibt amx_bf16 avx512_fp16 amx_tile amx_int8 flush_l1d arch_capabilities
vmx flags	: vnmi preemption_timer posted_intr invvpid ept_x_only ept_ad ept_1gb ept_5level flexpriority apicv tsc_offset vtpr mtf vapic ept vpid unrestricted_guest vapic_reg vid ple shadow_vmcs pml ept_violation_ve ept_mode_based_exec tsc_scaling usr_wait_pause notify_vm_exiting ipi_virt
bugs		: spectre_v1 spectre_v2 spec_store_bypass swapgs eibrs_pbrsb bhi spectre_v2_user old_microcode vmscape
bogomips	: 4000.00
clflush size	: 64
cache_alignment	: 64
address sizes	: 46 bits physical, 57 bits virtual
power management:

processor	: 71
vendor_id	: GenuineIntel
cpu family	: 6
model		: 143
model name	: Intel(R) Xeon(R) Platinum 8480+
stepping	: 8
microcode	: 0x2b000639
cpu MHz		: 2930.819
cache size	: 107520 KB
physical id	: 1
siblings	: 56
core id		: 47
cpu cores	: 56
apicid		: 222
initial apicid	: 222
fpu		: yes
fpu_exception	: yes
cpuid level	: 32
wp		: yes
flags		: fpu vme de pse tsc msr pae mce cx8 apic sep mtrr pge mca cmov pat pse36 clflush dts acpi mmx fxsr sse sse2 ss ht tm pbe syscall nx pdpe1gb rdtscp lm constant_tsc art arch_perfmon pebs bts rep_good nopl xtopology nonstop_tsc cpuid aperfmperf tsc_known_freq pni pclmulqdq dtes64 monitor ds_cpl vmx smx est tm2 ssse3 sdbg fma cx16 xtpr pdcm pcid dca sse4_1 sse4_2 x2apic movbe popcnt tsc_deadline_timer aes xsave avx f16c rdrand lahf_lm abm 3dnowprefetch cpuid_fault epb cat_l3 cat_l2 cdp_l3 cdp_l2 ssbd mba ibrs ibpb stibp ibrs_enhanced tpr_shadow flexpriority ept vpid ept_ad fsgsbase tsc_adjust bmi1 avx2 smep bmi2 erms invpcid cqm rdt_a avx512f avx512dq rdseed adx smap avx512ifma clflushopt clwb intel_pt avx512cd sha_ni avx512bw avx512vl xsaveopt xsavec xgetbv1 xsaves cqm_llc cqm_occup_llc cqm_mbm_total cqm_mbm_local split_lock_detect user_shstk avx_vnni avx512_bf16 wbnoinvd dtherm ida arat pln pts vnmi avx512vbmi umip pku ospke waitpkg avx512_vbmi2 gfni vaes vpclmulqdq avx512_vnni avx512_bitalg avx512_vpopcntdq la57 rdpid bus_lock_detect cldemote movdiri movdir64b enqcmd fsrm md_clear serialize tsxldtrk pconfig arch_lbr ibt amx_bf16 avx512_fp16 amx_tile amx_int8 flush_l1d arch_capabilities
vmx flags	: vnmi preemption_timer posted_intr invvpid ept_x_only ept_ad ept_1gb ept_5level flexpriority apicv tsc_offset vtpr mtf vapic ept vpid unrestricted_guest vapic_reg vid ple shadow_vmcs pml ept_violation_ve ept_mode_based_exec tsc_scaling usr_wait_pause notify_vm_exiting ipi_virt
bugs		: spectre_v1 spectre_v2 spec_store_bypass swapgs eibrs_pbrsb bhi spectre_v2_user old_microcode vmscape
bogomips	: 4000.00
clflush size	: 64
cache_alignment	: 64
address sizes	: 46 bits physical, 57 bits virtual
power management:

processor	: 72
vendor_id	: GenuineIntel
cpu family	: 6
model		: 143
model name	: Intel(R) Xeon(R) Platinum 8480+
stepping	: 8
microcode	: 0x2b000639
cpu MHz		: 2867.339
cache size	: 107520 KB
physical id	: 0
siblings	: 56
core id		: 11
cpu cores	: 56
apicid		: 22
initial apicid	: 22
fpu		: yes
fpu_exception	: yes
cpuid level	: 32
wp		: yes
flags		: fpu vme de pse tsc msr pae mce cx8 apic sep mtrr pge mca cmov pat pse36 clflush dts acpi mmx fxsr sse sse2 ss ht tm pbe syscall nx pdpe1gb rdtscp lm constant_tsc art arch_perfmon pebs bts rep_good nopl xtopology nonstop_tsc cpuid aperfmperf tsc_known_freq pni pclmulqdq dtes64 monitor ds_cpl vmx smx est tm2 ssse3 sdbg fma cx16 xtpr pdcm pcid dca sse4_1 sse4_2 x2apic movbe popcnt tsc_deadline_timer aes xsave avx f16c rdrand lahf_lm abm 3dnowprefetch cpuid_fault epb cat_l3 cat_l2 cdp_l3 cdp_l2 ssbd mba ibrs ibpb stibp ibrs_enhanced tpr_shadow flexpriority ept vpid ept_ad fsgsbase tsc_adjust bmi1 avx2 smep bmi2 erms invpcid cqm rdt_a avx512f avx512dq rdseed adx smap avx512ifma clflushopt clwb intel_pt avx512cd sha_ni avx512bw avx512vl xsaveopt xsavec xgetbv1 xsaves cqm_llc cqm_occup_llc cqm_mbm_total cqm_mbm_local split_lock_detect user_shstk avx_vnni avx512_bf16 wbnoinvd dtherm ida arat pln pts vnmi avx512vbmi umip pku ospke waitpkg avx512_vbmi2 gfni vaes vpclmulqdq avx512_vnni avx512_bitalg avx512_vpopcntdq la57 rdpid bus_lock_detect cldemote movdiri movdir64b enqcmd fsrm md_clear serialize tsxldtrk pconfig arch_lbr ibt amx_bf16 avx512_fp16 amx_tile amx_int8 flush_l1d arch_capabilities
vmx flags	: vnmi preemption_timer posted_intr invvpid ept_x_only ept_ad ept_1gb ept_5level flexpriority apicv tsc_offset vtpr mtf vapic ept vpid unrestricted_guest vapic_reg vid ple shadow_vmcs pml ept_violation_ve ept_mode_based_exec tsc_scaling usr_wait_pause notify_vm_exiting ipi_virt
bugs		: spectre_v1 spectre_v2 spec_store_bypass swapgs eibrs_pbrsb bhi spectre_v2_user old_microcode vmscape
bogomips	: 4000.00
clflush size	: 64
cache_alignment	: 64
address sizes	: 46 bits physical, 57 bits virtual
power management:

processor	: 73
vendor_id	: GenuineIntel
cpu family	: 6
model		: 143
model name	: Intel(R) Xeon(R) Platinum 8480+
stepping	: 8
microcode	: 0x2b000639
cpu MHz		: 2999.970
cache size	: 107520 KB
physical id	: 1
siblings	: 56
core id		: 9
cpu cores	: 56
apicid		: 146
initial apicid	: 146
fpu		: yes
fpu_exception	: yes
cpuid level	: 32
wp		: yes
flags		: fpu vme de pse tsc msr pae mce cx8 apic sep mtrr pge mca cmov pat pse36 clflush dts acpi mmx fxsr sse sse2 ss ht tm pbe syscall nx pdpe1gb rdtscp lm constant_tsc art arch_perfmon pebs bts rep_good nopl xtopology nonstop_tsc cpuid aperfmperf tsc_known_freq pni pclmulqdq dtes64 monitor ds_cpl vmx smx est tm2 ssse3 sdbg fma cx16 xtpr pdcm pcid dca sse4_1 sse4_2 x2apic movbe popcnt tsc_deadline_timer aes xsave avx f16c rdrand lahf_lm abm 3dnowprefetch cpuid_fault epb cat_l3 cat_l2 cdp_l3 cdp_l2 ssbd mba ibrs ibpb stibp ibrs_enhanced tpr_shadow flexpriority ept vpid ept_ad fsgsbase tsc_adjust bmi1 avx2 smep bmi2 erms invpcid cqm rdt_a avx512f avx512dq rdseed adx smap avx512ifma clflushopt clwb intel_pt avx512cd sha_ni avx512bw avx512vl xsaveopt xsavec xgetbv1 xsaves cqm_llc cqm_occup_llc cqm_mbm_total cqm_mbm_local split_lock_detect user_shstk avx_vnni avx512_bf16 wbnoinvd dtherm ida arat pln pts vnmi avx512vbmi umip pku ospke waitpkg avx512_vbmi2 gfni vaes vpclmulqdq avx512_vnni avx512_bitalg avx512_vpopcntdq la57 rdpid bus_lock_detect cldemote movdiri movdir64b enqcmd fsrm md_clear serialize tsxldtrk pconfig arch_lbr ibt amx_bf16 avx512_fp16 amx_tile amx_int8 flush_l1d arch_capabilities
vmx flags	: vnmi preemption_timer posted_intr invvpid ept_x_only ept_ad ept_1gb ept_5level flexpriority apicv tsc_offset vtpr mtf vapic ept vpid unrestricted_guest vapic_reg vid ple shadow_vmcs pml ept_violation_ve ept_mode_based_exec tsc_scaling usr_wait_pause notify_vm_exiting ipi_virt
bugs		: spectre_v1 spectre_v2 spec_store_bypass swapgs eibrs_pbrsb bhi spectre_v2_user old_microcode vmscape
bogomips	: 4000.00
clflush size	: 64
cache_alignment	: 64
address sizes	: 46 bits physical, 57 bits virtual
power management:

processor	: 74
vendor_id	: GenuineIntel
cpu family	: 6
model		: 143
model name	: Intel(R) Xeon(R) Platinum 8480+
stepping	: 8
microcode	: 0x2b000639
cpu MHz		: 2782.229
cache size	: 107520 KB
physical id	: 0
siblings	: 56
core id		: 41
cpu cores	: 56
apicid		: 82
initial apicid	: 82
fpu		: yes
fpu_exception	: yes
cpuid level	: 32
wp		: yes
flags		: fpu vme de pse tsc msr pae mce cx8 apic sep mtrr pge mca cmov pat pse36 clflush dts acpi mmx fxsr sse sse2 ss ht tm pbe syscall nx pdpe1gb rdtscp lm constant_tsc art arch_perfmon pebs bts rep_good nopl xtopology nonstop_tsc cpuid aperfmperf tsc_known_freq pni pclmulqdq dtes64 monitor ds_cpl vmx smx est tm2 ssse3 sdbg fma cx16 xtpr pdcm pcid dca sse4_1 sse4_2 x2apic movbe popcnt tsc_deadline_timer aes xsave avx f16c rdrand lahf_lm abm 3dnowprefetch cpuid_fault epb cat_l3 cat_l2 cdp_l3 cdp_l2 ssbd mba ibrs ibpb stibp ibrs_enhanced tpr_shadow flexpriority ept vpid ept_ad fsgsbase tsc_adjust bmi1 avx2 smep bmi2 erms invpcid cqm rdt_a avx512f avx512dq rdseed adx smap avx512ifma clflushopt clwb intel_pt avx512cd sha_ni avx512bw avx512vl xsaveopt xsavec xgetbv1 xsaves cqm_llc cqm_occup_llc cqm_mbm_total cqm_mbm_local split_lock_detect user_shstk avx_vnni avx512_bf16 wbnoinvd dtherm ida arat pln pts vnmi avx512vbmi umip pku ospke waitpkg avx512_vbmi2 gfni vaes vpclmulqdq avx512_vnni avx512_bitalg avx512_vpopcntdq la57 rdpid bus_lock_detect cldemote movdiri movdir64b enqcmd fsrm md_clear serialize tsxldtrk pconfig arch_lbr ibt amx_bf16 avx512_fp16 amx_tile amx_int8 flush_l1d arch_capabilities
vmx flags	: vnmi preemption_timer posted_intr invvpid ept_x_only ept_ad ept_1gb ept_5level flexpriority apicv tsc_offset vtpr mtf vapic ept vpid unrestricted_guest vapic_reg vid ple shadow_vmcs pml ept_violation_ve ept_mode_based_exec tsc_scaling usr_wait_pause notify_vm_exiting ipi_virt
bugs		: spectre_v1 spectre_v2 spec_store_bypass swapgs eibrs_pbrsb bhi spectre_v2_user old_microcode vmscape
bogomips	: 4000.00
clflush size	: 64
cache_alignment	: 64
address sizes	: 46 bits physical, 57 bits virtual
power management:

processor	: 75
vendor_id	: GenuineIntel
cpu family	: 6
model		: 143
model name	: Intel(R) Xeon(R) Platinum 8480+
stepping	: 8
microcode	: 0x2b000639
cpu MHz		: 2922.339
cache size	: 107520 KB
physical id	: 1
siblings	: 56
core id		: 36
cpu cores	: 56
apicid		: 200
initial apicid	: 200
fpu		: yes
fpu_exception	: yes
cpuid level	: 32
wp		: yes
flags		: fpu vme de pse tsc msr pae mce cx8 apic sep mtrr pge mca cmov pat pse36 clflush dts acpi mmx fxsr sse sse2 ss ht tm pbe syscall nx pdpe1gb rdtscp lm constant_tsc art arch_perfmon pebs bts rep_good nopl xtopology nonstop_tsc cpuid aperfmperf tsc_known_freq pni pclmulqdq dtes64 monitor ds_cpl vmx smx est tm2 ssse3 sdbg fma cx16 xtpr pdcm pcid dca sse4_1 sse4_2 x2apic movbe popcnt tsc_deadline_timer aes xsave avx f16c rdrand lahf_lm abm 3dnowprefetch cpuid_fault epb cat_l3 cat_l2 cdp_l3 cdp_l2 ssbd mba ibrs ibpb stibp ibrs_enhanced tpr_shadow flexpriority ept vpid ept_ad fsgsbase tsc_adjust bmi1 avx2 smep bmi2 erms invpcid cqm rdt_a avx512f avx512dq rdseed adx smap avx512ifma clflushopt clwb intel_pt avx512cd sha_ni avx512bw avx512vl xsaveopt xsavec xgetbv1 xsaves cqm_llc cqm_occup_llc cqm_mbm_total cqm_mbm_local split_lock_detect user_shstk avx_vnni avx512_bf16 wbnoinvd dtherm ida arat pln pts vnmi avx512vbmi umip pku ospke waitpkg avx512_vbmi2 gfni vaes vpclmulqdq avx512_vnni avx512_bitalg avx512_vpopcntdq la57 rdpid bus_lock_detect cldemote movdiri movdir64b enqcmd fsrm md_clear serialize tsxldtrk pconfig arch_lbr ibt amx_bf16 avx512_fp16 amx_tile amx_int8 flush_l1d arch_capabilities
vmx flags	: vnmi preemption_timer posted_intr invvpid ept_x_only ept_ad ept_1gb ept_5level flexpriority apicv tsc_offset vtpr mtf vapic ept vpid unrestricted_guest vapic_reg vid ple shadow_vmcs pml ept_violation_ve ept_mode_based_exec tsc_scaling usr_wait_pause notify_vm_exiting ipi_virt
bugs		: spectre_v1 spectre_v2 spec_store_bypass swapgs eibrs_pbrsb bhi spectre_v2_user old_microcode vmscape
bogomips	: 4000.00
clflush size	: 64
cache_alignment	: 64
address sizes	: 46 bits physical, 57 bits virtual
power management:

processor	: 76
vendor_id	: GenuineIntel
cpu family	: 6
model		: 143
model name	: Intel(R) Xeon(R) Platinum 8480+
stepping	: 8
microcode	: 0x2b000639
cpu MHz		: 2720.264
cache size	: 107520 KB
physical id	: 0
siblings	: 56
core id		: 15
cpu cores	: 56
apicid		: 30
initial apicid	: 30
fpu		: yes
fpu_exception	: yes
cpuid level	: 32
wp		: yes
flags		: fpu vme de pse tsc msr pae mce cx8 apic sep mtrr pge mca cmov pat pse36 clflush dts acpi mmx fxsr sse sse2 ss ht tm pbe syscall nx pdpe1gb rdtscp lm constant_tsc art arch_perfmon pebs bts rep_good nopl xtopology nonstop_tsc cpuid aperfmperf tsc_known_freq pni pclmulqdq dtes64 monitor ds_cpl vmx smx est tm2 ssse3 sdbg fma cx16 xtpr pdcm pcid dca sse4_1 sse4_2 x2apic movbe popcnt tsc_deadline_timer aes xsave avx f16c rdrand lahf_lm abm 3dnowprefetch cpuid_fault epb cat_l3 cat_l2 cdp_l3 cdp_l2 ssbd mba ibrs ibpb stibp ibrs_enhanced tpr_shadow flexpriority ept vpid ept_ad fsgsbase tsc_adjust bmi1 avx2 smep bmi2 erms invpcid cqm rdt_a avx512f avx512dq rdseed adx smap avx512ifma clflushopt clwb intel_pt avx512cd sha_ni avx512bw avx512vl xsaveopt xsavec xgetbv1 xsaves cqm_llc cqm_occup_llc cqm_mbm_total cqm_mbm_local split_lock_detect user_shstk avx_vnni avx512_bf16 wbnoinvd dtherm ida arat pln pts vnmi avx512vbmi umip pku ospke waitpkg avx512_vbmi2 gfni vaes vpclmulqdq avx512_vnni avx512_bitalg avx512_vpopcntdq la57 rdpid bus_lock_detect cldemote movdiri movdir64b enqcmd fsrm md_clear serialize tsxldtrk pconfig arch_lbr ibt amx_bf16 avx512_fp16 amx_tile amx_int8 flush_l1d arch_capabilities
vmx flags	: vnmi preemption_timer posted_intr invvpid ept_x_only ept_ad ept_1gb ept_5level flexpriority apicv tsc_offset vtpr mtf vapic ept vpid unrestricted_guest vapic_reg vid ple shadow_vmcs pml ept_violation_ve ept_mode_based_exec tsc_scaling usr_wait_pause notify_vm_exiting ipi_virt
bugs		: spectre_v1 spectre_v2 spec_store_bypass swapgs eibrs_pbrsb bhi spectre_v2_user old_microcode vmscape
bogomips	: 4000.00
clflush size	: 64
cache_alignment	: 64
address sizes	: 46 bits physical, 57 bits virtual
power management:

processor	: 77
vendor_id	: GenuineIntel
cpu family	: 6
model		: 143
model name	: Intel(R) Xeon(R) Platinum 8480+
stepping	: 8
microcode	: 0x2b000639
cpu MHz		: 2923.693
cache size	: 107520 KB
physical id	: 1
siblings	: 56
core id		: 15
cpu cores	: 56
apicid		: 158
initial apicid	: 158
fpu		: yes
fpu_exception	: yes
cpuid level	: 32
wp		: yes
flags		: fpu vme de pse tsc msr pae mce cx8 apic sep mtrr pge mca cmov pat pse36 clflush dts acpi mmx fxsr sse sse2 ss ht tm pbe syscall nx pdpe1gb rdtscp lm constant_tsc art arch_perfmon pebs bts rep_good nopl xtopology nonstop_tsc cpuid aperfmperf tsc_known_freq pni pclmulqdq dtes64 monitor ds_cpl vmx smx est tm2 ssse3 sdbg fma cx16 xtpr pdcm pcid dca sse4_1 sse4_2 x2apic movbe popcnt tsc_deadline_timer aes xsave avx f16c rdrand lahf_lm abm 3dnowprefetch cpuid_fault epb cat_l3 cat_l2 cdp_l3 cdp_l2 ssbd mba ibrs ibpb stibp ibrs_enhanced tpr_shadow flexpriority ept vpid ept_ad fsgsbase tsc_adjust bmi1 avx2 smep bmi2 erms invpcid cqm rdt_a avx512f avx512dq rdseed adx smap avx512ifma clflushopt clwb intel_pt avx512cd sha_ni avx512bw avx512vl xsaveopt xsavec xgetbv1 xsaves cqm_llc cqm_occup_llc cqm_mbm_total cqm_mbm_local split_lock_detect user_shstk avx_vnni avx512_bf16 wbnoinvd dtherm ida arat pln pts vnmi avx512vbmi umip pku ospke waitpkg avx512_vbmi2 gfni vaes vpclmulqdq avx512_vnni avx512_bitalg avx512_vpopcntdq la57 rdpid bus_lock_detect cldemote movdiri movdir64b enqcmd fsrm md_clear serialize tsxldtrk pconfig arch_lbr ibt amx_bf16 avx512_fp16 amx_tile amx_int8 flush_l1d arch_capabilities
vmx flags	: vnmi preemption_timer posted_intr invvpid ept_x_only ept_ad ept_1gb ept_5level flexpriority apicv tsc_offset vtpr mtf vapic ept vpid unrestricted_guest vapic_reg vid ple shadow_vmcs pml ept_violation_ve ept_mode_based_exec tsc_scaling usr_wait_pause notify_vm_exiting ipi_virt
bugs		: spectre_v1 spectre_v2 spec_store_bypass swapgs eibrs_pbrsb bhi spectre_v2_user old_microcode vmscape
bogomips	: 4000.00
clflush size	: 64
cache_alignment	: 64
address sizes	: 46 bits physical, 57 bits virtual
power management:

processor	: 78
vendor_id	: GenuineIntel
cpu family	: 6
model		: 143
model name	: Intel(R) Xeon(R) Platinum 8480+
stepping	: 8
microcode	: 0x2b000639
cpu MHz		: 2745.660
cache size	: 107520 KB
physical id	: 0
siblings	: 56
core id		: 44
cpu cores	: 56
apicid		: 88
initial apicid	: 88
fpu		: yes
fpu_exception	: yes
cpuid level	: 32
wp		: yes
flags		: fpu vme de pse tsc msr pae mce cx8 apic sep mtrr pge mca cmov pat pse36 clflush dts acpi mmx fxsr sse sse2 ss ht tm pbe syscall nx pdpe1gb rdtscp lm constant_tsc art arch_perfmon pebs bts rep_good nopl xtopology nonstop_tsc cpuid aperfmperf tsc_known_freq pni pclmulqdq dtes64 monitor ds_cpl vmx smx est tm2 ssse3 sdbg fma cx16 xtpr pdcm pcid dca sse4_1 sse4_2 x2apic movbe popcnt tsc_deadline_timer aes xsave avx f16c rdrand lahf_lm abm 3dnowprefetch cpuid_fault epb cat_l3 cat_l2 cdp_l3 cdp_l2 ssbd mba ibrs ibpb stibp ibrs_enhanced tpr_shadow flexpriority ept vpid ept_ad fsgsbase tsc_adjust bmi1 avx2 smep bmi2 erms invpcid cqm rdt_a avx512f avx512dq rdseed adx smap avx512ifma clflushopt clwb intel_pt avx512cd sha_ni avx512bw avx512vl xsaveopt xsavec xgetbv1 xsaves cqm_llc cqm_occup_llc cqm_mbm_total cqm_mbm_local split_lock_detect user_shstk avx_vnni avx512_bf16 wbnoinvd dtherm ida arat pln pts vnmi avx512vbmi umip pku ospke waitpkg avx512_vbmi2 gfni vaes vpclmulqdq avx512_vnni avx512_bitalg avx512_vpopcntdq la57 rdpid bus_lock_detect cldemote movdiri movdir64b enqcmd fsrm md_clear serialize tsxldtrk pconfig arch_lbr ibt amx_bf16 avx512_fp16 amx_tile amx_int8 flush_l1d arch_capabilities
vmx flags	: vnmi preemption_timer posted_intr invvpid ept_x_only ept_ad ept_1gb ept_5level flexpriority apicv tsc_offset vtpr mtf vapic ept vpid unrestricted_guest vapic_reg vid ple shadow_vmcs pml ept_violation_ve ept_mode_based_exec tsc_scaling usr_wait_pause notify_vm_exiting ipi_virt
bugs		: spectre_v1 spectre_v2 spec_store_bypass swapgs eibrs_pbrsb bhi spectre_v2_user old_microcode vmscape
bogomips	: 4000.00
clflush size	: 64
cache_alignment	: 64
address sizes	: 46 bits physical, 57 bits virtual
power management:

processor	: 79
vendor_id	: GenuineIntel
cpu family	: 6
model		: 143
model name	: Intel(R) Xeon(R) Platinum 8480+
stepping	: 8
microcode	: 0x2b000639
cpu MHz		: 2777.712
cache size	: 107520 KB
physical id	: 1
siblings	: 56
core id		: 44
cpu cores	: 56
apicid		: 216
initial apicid	: 216
fpu		: yes
fpu_exception	: yes
cpuid level	: 32
wp		: yes
flags		: fpu vme de pse tsc msr pae mce cx8 apic sep mtrr pge mca cmov pat pse36 clflush dts acpi mmx fxsr sse sse2 ss ht tm pbe syscall nx pdpe1gb rdtscp lm constant_tsc art arch_perfmon pebs bts rep_good nopl xtopology nonstop_tsc cpuid aperfmperf tsc_known_freq pni pclmulqdq dtes64 monitor ds_cpl vmx smx est tm2 ssse3 sdbg fma cx16 xtpr pdcm pcid dca sse4_1 sse4_2 x2apic movbe popcnt tsc_deadline_timer aes xsave avx f16c rdrand lahf_lm abm 3dnowprefetch cpuid_fault epb cat_l3 cat_l2 cdp_l3 cdp_l2 ssbd mba ibrs ibpb stibp ibrs_enhanced tpr_shadow flexpriority ept vpid ept_ad fsgsbase tsc_adjust bmi1 avx2 smep bmi2 erms invpcid cqm rdt_a avx512f avx512dq rdseed adx smap avx512ifma clflushopt clwb intel_pt avx512cd sha_ni avx512bw avx512vl xsaveopt xsavec xgetbv1 xsaves cqm_llc cqm_occup_llc cqm_mbm_total cqm_mbm_local split_lock_detect user_shstk avx_vnni avx512_bf16 wbnoinvd dtherm ida arat pln pts vnmi avx512vbmi umip pku ospke waitpkg avx512_vbmi2 gfni vaes vpclmulqdq avx512_vnni avx512_bitalg avx512_vpopcntdq la57 rdpid bus_lock_detect cldemote movdiri movdir64b enqcmd fsrm md_clear serialize tsxldtrk pconfig arch_lbr ibt amx_bf16 avx512_fp16 amx_tile amx_int8 flush_l1d arch_capabilities
vmx flags	: vnmi preemption_timer posted_intr invvpid ept_x_only ept_ad ept_1gb ept_5level flexpriority apicv tsc_offset vtpr mtf vapic ept vpid unrestricted_guest vapic_reg vid ple shadow_vmcs pml ept_violation_ve ept_mode_based_exec tsc_scaling usr_wait_pause notify_vm_exiting ipi_virt
bugs		: spectre_v1 spectre_v2 spec_store_bypass swapgs eibrs_pbrsb bhi spectre_v2_user old_microcode vmscape
bogomips	: 4000.00
clflush size	: 64
cache_alignment	: 64
address sizes	: 46 bits physical, 57 bits virtual
power management:

processor	: 80
vendor_id	: GenuineIntel
cpu family	: 6
model		: 143
model name	: Intel(R) Xeon(R) Platinum 8480+
stepping	: 8
microcode	: 0x2b000639
cpu MHz		: 2763.059
cache size	: 107520 KB
physical id	: 0
siblings	: 56
core id		: 2
cpu cores	: 56
apicid		: 4
initial apicid	: 4
fpu		: yes
fpu_exception	: yes
cpuid level	: 32
wp		: yes
flags		: fpu vme de pse tsc msr pae mce cx8 apic sep mtrr pge mca cmov pat pse36 clflush dts acpi mmx fxsr sse sse2 ss ht tm pbe syscall nx pdpe1gb rdtscp lm constant_tsc art arch_perfmon pebs bts rep_good nopl xtopology nonstop_tsc cpuid aperfmperf tsc_known_freq pni pclmulqdq dtes64 monitor ds_cpl vmx smx est tm2 ssse3 sdbg fma cx16 xtpr pdcm pcid dca sse4_1 sse4_2 x2apic movbe popcnt tsc_deadline_timer aes xsave avx f16c rdrand lahf_lm abm 3dnowprefetch cpuid_fault epb cat_l3 cat_l2 cdp_l3 cdp_l2 ssbd mba ibrs ibpb stibp ibrs_enhanced tpr_shadow flexpriority ept vpid ept_ad fsgsbase tsc_adjust bmi1 avx2 smep bmi2 erms invpcid cqm rdt_a avx512f avx512dq rdseed adx smap avx512ifma clflushopt clwb intel_pt avx512cd sha_ni avx512bw avx512vl xsaveopt xsavec xgetbv1 xsaves cqm_llc cqm_occup_llc cqm_mbm_total cqm_mbm_local split_lock_detect user_shstk avx_vnni avx512_bf16 wbnoinvd dtherm ida arat pln pts vnmi avx512vbmi umip pku ospke waitpkg avx512_vbmi2 gfni vaes vpclmulqdq avx512_vnni avx512_bitalg avx512_vpopcntdq la57 rdpid bus_lock_detect cldemote movdiri movdir64b enqcmd fsrm md_clear serialize tsxldtrk pconfig arch_lbr ibt amx_bf16 avx512_fp16 amx_tile amx_int8 flush_l1d arch_capabilities
vmx flags	: vnmi preemption_timer posted_intr invvpid ept_x_only ept_ad ept_1gb ept_5level flexpriority apicv tsc_offset vtpr mtf vapic ept vpid unrestricted_guest vapic_reg vid ple shadow_vmcs pml ept_violation_ve ept_mode_based_exec tsc_scaling usr_wait_pause notify_vm_exiting ipi_virt
bugs		: spectre_v1 spectre_v2 spec_store_bypass swapgs eibrs_pbrsb bhi spectre_v2_user old_microcode vmscape
bogomips	: 4000.00
clflush size	: 64
cache_alignment	: 64
address sizes	: 46 bits physical, 57 bits virtual
power management:

processor	: 81
vendor_id	: GenuineIntel
cpu family	: 6
model		: 143
model name	: Intel(R) Xeon(R) Platinum 8480+
stepping	: 8
microcode	: 0x2b000639
cpu MHz		: 2926.076
cache size	: 107520 KB
physical id	: 1
siblings	: 56
core id		: 3
cpu cores	: 56
apicid		: 134
initial apicid	: 134
fpu		: yes
fpu_exception	: yes
cpuid level	: 32
wp		: yes
flags		: fpu vme de pse tsc msr pae mce cx8 apic sep mtrr pge mca cmov pat pse36 clflush dts acpi mmx fxsr sse sse2 ss ht tm pbe syscall nx pdpe1gb rdtscp lm constant_tsc art arch_perfmon pebs bts rep_good nopl xtopology nonstop_tsc cpuid aperfmperf tsc_known_freq pni pclmulqdq dtes64 monitor ds_cpl vmx smx est tm2 ssse3 sdbg fma cx16 xtpr pdcm pcid dca sse4_1 sse4_2 x2apic movbe popcnt tsc_deadline_timer aes xsave avx f16c rdrand lahf_lm abm 3dnowprefetch cpuid_fault epb cat_l3 cat_l2 cdp_l3 cdp_l2 ssbd mba ibrs ibpb stibp ibrs_enhanced tpr_shadow flexpriority ept vpid ept_ad fsgsbase tsc_adjust bmi1 avx2 smep bmi2 erms invpcid cqm rdt_a avx512f avx512dq rdseed adx smap avx512ifma clflushopt clwb intel_pt avx512cd sha_ni avx512bw avx512vl xsaveopt xsavec xgetbv1 xsaves cqm_llc cqm_occup_llc cqm_mbm_total cqm_mbm_local split_lock_detect user_shstk avx_vnni avx512_bf16 wbnoinvd dtherm ida arat pln pts vnmi avx512vbmi umip pku ospke waitpkg avx512_vbmi2 gfni vaes vpclmulqdq avx512_vnni avx512_bitalg avx512_vpopcntdq la57 rdpid bus_lock_detect cldemote movdiri movdir64b enqcmd fsrm md_clear serialize tsxldtrk pconfig arch_lbr ibt amx_bf16 avx512_fp16 amx_tile amx_int8 flush_l1d arch_capabilities
vmx flags	: vnmi preemption_timer posted_intr invvpid ept_x_only ept_ad ept_1gb ept_5level flexpriority apicv tsc_offset vtpr mtf vapic ept vpid unrestricted_guest vapic_reg vid ple shadow_vmcs pml ept_violation_ve ept_mode_based_exec tsc_scaling usr_wait_pause notify_vm_exiting ipi_virt
bugs		: spectre_v1 spectre_v2 spec_store_bypass swapgs eibrs_pbrsb bhi spectre_v2_user old_microcode vmscape
bogomips	: 4000.00
clflush size	: 64
cache_alignment	: 64
address sizes	: 46 bits physical, 57 bits virtual
power management:

processor	: 82
vendor_id	: GenuineIntel
cpu family	: 6
model		: 143
model name	: Intel(R) Xeon(R) Platinum 8480+
stepping	: 8
microcode	: 0x2b000639
cpu MHz		: 2753.557
cache size	: 107520 KB
physical id	: 0
siblings	: 56
core id		: 28
cpu cores	: 56
apicid		: 56
initial apicid	: 56
fpu		: yes
fpu_exception	: yes
cpuid level	: 32
wp		: yes
flags		: fpu vme de pse tsc msr pae mce cx8 apic sep mtrr pge mca cmov pat pse36 clflush dts acpi mmx fxsr sse sse2 ss ht tm pbe syscall nx pdpe1gb rdtscp lm constant_tsc art arch_perfmon pebs bts rep_good nopl xtopology nonstop_tsc cpuid aperfmperf tsc_known_freq pni pclmulqdq dtes64 monitor ds_cpl vmx smx est tm2 ssse3 sdbg fma cx16 xtpr pdcm pcid dca sse4_1 sse4_2 x2apic movbe popcnt tsc_deadline_timer aes xsave avx f16c rdrand lahf_lm abm 3dnowprefetch cpuid_fault epb cat_l3 cat_l2 cdp_l3 cdp_l2 ssbd mba ibrs ibpb stibp ibrs_enhanced tpr_shadow flexpriority ept vpid ept_ad fsgsbase tsc_adjust bmi1 avx2 smep bmi2 erms invpcid cqm rdt_a avx512f avx512dq rdseed adx smap avx512ifma clflushopt clwb intel_pt avx512cd sha_ni avx512bw avx512vl xsaveopt xsavec xgetbv1 xsaves cqm_llc cqm_occup_llc cqm_mbm_total cqm_mbm_local split_lock_detect user_shstk avx_vnni avx512_bf16 wbnoinvd dtherm ida arat pln pts vnmi avx512vbmi umip pku ospke waitpkg avx512_vbmi2 gfni vaes vpclmulqdq avx512_vnni avx512_bitalg avx512_vpopcntdq la57 rdpid bus_lock_detect cldemote movdiri movdir64b enqcmd fsrm md_clear serialize tsxldtrk pconfig arch_lbr ibt amx_bf16 avx512_fp16 amx_tile amx_int8 flush_l1d arch_capabilities
vmx flags	: vnmi preemption_timer posted_intr invvpid ept_x_only ept_ad ept_1gb ept_5level flexpriority apicv tsc_offset vtpr mtf vapic ept vpid unrestricted_guest vapic_reg vid ple shadow_vmcs pml ept_violation_ve ept_mode_based_exec tsc_scaling usr_wait_pause notify_vm_exiting ipi_virt
bugs		: spectre_v1 spectre_v2 spec_store_bypass swapgs eibrs_pbrsb bhi spectre_v2_user old_microcode vmscape
bogomips	: 4000.00
clflush size	: 64
cache_alignment	: 64
address sizes	: 46 bits physical, 57 bits virtual
power management:

processor	: 83
vendor_id	: GenuineIntel
cpu family	: 6
model		: 143
model name	: Intel(R) Xeon(R) Platinum 8480+
stepping	: 8
microcode	: 0x2b000639
cpu MHz		: 2933.193
cache size	: 107520 KB
physical id	: 1
siblings	: 56
core id		: 28
cpu cores	: 56
apicid		: 184
initial apicid	: 184
fpu		: yes
fpu_exception	: yes
cpuid level	: 32
wp		: yes
flags		: fpu vme de pse tsc msr pae mce cx8 apic sep mtrr pge mca cmov pat pse36 clflush dts acpi mmx fxsr sse sse2 ss ht tm pbe syscall nx pdpe1gb rdtscp lm constant_tsc art arch_perfmon pebs bts rep_good nopl xtopology nonstop_tsc cpuid aperfmperf tsc_known_freq pni pclmulqdq dtes64 monitor ds_cpl vmx smx est tm2 ssse3 sdbg fma cx16 xtpr pdcm pcid dca sse4_1 sse4_2 x2apic movbe popcnt tsc_deadline_timer aes xsave avx f16c rdrand lahf_lm abm 3dnowprefetch cpuid_fault epb cat_l3 cat_l2 cdp_l3 cdp_l2 ssbd mba ibrs ibpb stibp ibrs_enhanced tpr_shadow flexpriority ept vpid ept_ad fsgsbase tsc_adjust bmi1 avx2 smep bmi2 erms invpcid cqm rdt_a avx512f avx512dq rdseed adx smap avx512ifma clflushopt clwb intel_pt avx512cd sha_ni avx512bw avx512vl xsaveopt xsavec xgetbv1 xsaves cqm_llc cqm_occup_llc cqm_mbm_total cqm_mbm_local split_lock_detect user_shstk avx_vnni avx512_bf16 wbnoinvd dtherm ida arat pln pts vnmi avx512vbmi umip pku ospke waitpkg avx512_vbmi2 gfni vaes vpclmulqdq avx512_vnni avx512_bitalg avx512_vpopcntdq la57 rdpid bus_lock_detect cldemote movdiri movdir64b enqcmd fsrm md_clear serialize tsxldtrk pconfig arch_lbr ibt amx_bf16 avx512_fp16 amx_tile amx_int8 flush_l1d arch_capabilities
vmx flags	: vnmi preemption_timer posted_intr invvpid ept_x_only ept_ad ept_1gb ept_5level flexpriority apicv tsc_offset vtpr mtf vapic ept vpid unrestricted_guest vapic_reg vid ple shadow_vmcs pml ept_violation_ve ept_mode_based_exec tsc_scaling usr_wait_pause notify_vm_exiting ipi_virt
bugs		: spectre_v1 spectre_v2 spec_store_bypass swapgs eibrs_pbrsb bhi spectre_v2_user old_microcode vmscape
bogomips	: 4000.00
clflush size	: 64
cache_alignment	: 64
address sizes	: 46 bits physical, 57 bits virtual
power management:

processor	: 84
vendor_id	: GenuineIntel
cpu family	: 6
model		: 143
model name	: Intel(R) Xeon(R) Platinum 8480+
stepping	: 8
microcode	: 0x2b000639
cpu MHz		: 2744.295
cache size	: 107520 KB
physical id	: 0
siblings	: 56
core id		: 27
cpu cores	: 56
apicid		: 54
initial apicid	: 54
fpu		: yes
fpu_exception	: yes
cpuid level	: 32
wp		: yes
flags		: fpu vme de pse tsc msr pae mce cx8 apic sep mtrr pge mca cmov pat pse36 clflush dts acpi mmx fxsr sse sse2 ss ht tm pbe syscall nx pdpe1gb rdtscp lm constant_tsc art arch_perfmon pebs bts rep_good nopl xtopology nonstop_tsc cpuid aperfmperf tsc_known_freq pni pclmulqdq dtes64 monitor ds_cpl vmx smx est tm2 ssse3 sdbg fma cx16 xtpr pdcm pcid dca sse4_1 sse4_2 x2apic movbe popcnt tsc_deadline_timer aes xsave avx f16c rdrand lahf_lm abm 3dnowprefetch cpuid_fault epb cat_l3 cat_l2 cdp_l3 cdp_l2 ssbd mba ibrs ibpb stibp ibrs_enhanced tpr_shadow flexpriority ept vpid ept_ad fsgsbase tsc_adjust bmi1 avx2 smep bmi2 erms invpcid cqm rdt_a avx512f avx512dq rdseed adx smap avx512ifma clflushopt clwb intel_pt avx512cd sha_ni avx512bw avx512vl xsaveopt xsavec xgetbv1 xsaves cqm_llc cqm_occup_llc cqm_mbm_total cqm_mbm_local split_lock_detect user_shstk avx_vnni avx512_bf16 wbnoinvd dtherm ida arat pln pts vnmi avx512vbmi umip pku ospke waitpkg avx512_vbmi2 gfni vaes vpclmulqdq avx512_vnni avx512_bitalg avx512_vpopcntdq la57 rdpid bus_lock_detect cldemote movdiri movdir64b enqcmd fsrm md_clear serialize tsxldtrk pconfig arch_lbr ibt amx_bf16 avx512_fp16 amx_tile amx_int8 flush_l1d arch_capabilities
vmx flags	: vnmi preemption_timer posted_intr invvpid ept_x_only ept_ad ept_1gb ept_5level flexpriority apicv tsc_offset vtpr mtf vapic ept vpid unrestricted_guest vapic_reg vid ple shadow_vmcs pml ept_violation_ve ept_mode_based_exec tsc_scaling usr_wait_pause notify_vm_exiting ipi_virt
bugs		: spectre_v1 spectre_v2 spec_store_bypass swapgs eibrs_pbrsb bhi spectre_v2_user old_microcode vmscape
bogomips	: 4000.00
clflush size	: 64
cache_alignment	: 64
address sizes	: 46 bits physical, 57 bits virtual
power management:

processor	: 85
vendor_id	: GenuineIntel
cpu family	: 6
model		: 143
model name	: Intel(R) Xeon(R) Platinum 8480+
stepping	: 8
microcode	: 0x2b000639
cpu MHz		: 2962.396
cache size	: 107520 KB
physical id	: 1
siblings	: 56
core id		: 27
cpu cores	: 56
apicid		: 182
initial apicid	: 182
fpu		: yes
fpu_exception	: yes
cpuid level	: 32
wp		: yes
flags		: fpu vme de pse tsc msr pae mce cx8 apic sep mtrr pge mca cmov pat pse36 clflush dts acpi mmx fxsr sse sse2 ss ht tm pbe syscall nx pdpe1gb rdtscp lm constant_tsc art arch_perfmon pebs bts rep_good nopl xtopology nonstop_tsc cpuid aperfmperf tsc_known_freq pni pclmulqdq dtes64 monitor ds_cpl vmx smx est tm2 ssse3 sdbg fma cx16 xtpr pdcm pcid dca sse4_1 sse4_2 x2apic movbe popcnt tsc_deadline_timer aes xsave avx f16c rdrand lahf_lm abm 3dnowprefetch cpuid_fault epb cat_l3 cat_l2 cdp_l3 cdp_l2 ssbd mba ibrs ibpb stibp ibrs_enhanced tpr_shadow flexpriority ept vpid ept_ad fsgsbase tsc_adjust bmi1 avx2 smep bmi2 erms invpcid cqm rdt_a avx512f avx512dq rdseed adx smap avx512ifma clflushopt clwb intel_pt avx512cd sha_ni avx512bw avx512vl xsaveopt xsavec xgetbv1 xsaves cqm_llc cqm_occup_llc cqm_mbm_total cqm_mbm_local split_lock_detect user_shstk avx_vnni avx512_bf16 wbnoinvd dtherm ida arat pln pts vnmi avx512vbmi umip pku ospke waitpkg avx512_vbmi2 gfni vaes vpclmulqdq avx512_vnni avx512_bitalg avx512_vpopcntdq la57 rdpid bus_lock_detect cldemote movdiri movdir64b enqcmd fsrm md_clear serialize tsxldtrk pconfig arch_lbr ibt amx_bf16 avx512_fp16 amx_tile amx_int8 flush_l1d arch_capabilities
vmx flags	: vnmi preemption_timer posted_intr invvpid ept_x_only ept_ad ept_1gb ept_5level flexpriority apicv tsc_offset vtpr mtf vapic ept vpid unrestricted_guest vapic_reg vid ple shadow_vmcs pml ept_violation_ve ept_mode_based_exec tsc_scaling usr_wait_pause notify_vm_exiting ipi_virt
bugs		: spectre_v1 spectre_v2 spec_store_bypass swapgs eibrs_pbrsb bhi spectre_v2_user old_microcode vmscape
bogomips	: 4000.00
clflush size	: 64
cache_alignment	: 64
address sizes	: 46 bits physical, 57 bits virtual
power management:

processor	: 86
vendor_id	: GenuineIntel
cpu family	: 6
model		: 143
model name	: Intel(R) Xeon(R) Platinum 8480+
stepping	: 8
microcode	: 0x2b000639
cpu MHz		: 2736.016
cache size	: 107520 KB
physical id	: 0
siblings	: 56
core id		: 53
cpu cores	: 56
apicid		: 106
initial apicid	: 106
fpu		: yes
fpu_exception	: yes
cpuid level	: 32
wp		: yes
flags		: fpu vme de pse tsc msr pae mce cx8 apic sep mtrr pge mca cmov pat pse36 clflush dts acpi mmx fxsr sse sse2 ss ht tm pbe syscall nx pdpe1gb rdtscp lm constant_tsc art arch_perfmon pebs bts rep_good nopl xtopology nonstop_tsc cpuid aperfmperf tsc_known_freq pni pclmulqdq dtes64 monitor ds_cpl vmx smx est tm2 ssse3 sdbg fma cx16 xtpr pdcm pcid dca sse4_1 sse4_2 x2apic movbe popcnt tsc_deadline_timer aes xsave avx f16c rdrand lahf_lm abm 3dnowprefetch cpuid_fault epb cat_l3 cat_l2 cdp_l3 cdp_l2 ssbd mba ibrs ibpb stibp ibrs_enhanced tpr_shadow flexpriority ept vpid ept_ad fsgsbase tsc_adjust bmi1 avx2 smep bmi2 erms invpcid cqm rdt_a avx512f avx512dq rdseed adx smap avx512ifma clflushopt clwb intel_pt avx512cd sha_ni avx512bw avx512vl xsaveopt xsavec xgetbv1 xsaves cqm_llc cqm_occup_llc cqm_mbm_total cqm_mbm_local split_lock_detect user_shstk avx_vnni avx512_bf16 wbnoinvd dtherm ida arat pln pts vnmi avx512vbmi umip pku ospke waitpkg avx512_vbmi2 gfni vaes vpclmulqdq avx512_vnni avx512_bitalg avx512_vpopcntdq la57 rdpid bus_lock_detect cldemote movdiri movdir64b enqcmd fsrm md_clear serialize tsxldtrk pconfig arch_lbr ibt amx_bf16 avx512_fp16 amx_tile amx_int8 flush_l1d arch_capabilities
vmx flags	: vnmi preemption_timer posted_intr invvpid ept_x_only ept_ad ept_1gb ept_5level flexpriority apicv tsc_offset vtpr mtf vapic ept vpid unrestricted_guest vapic_reg vid ple shadow_vmcs pml ept_violation_ve ept_mode_based_exec tsc_scaling usr_wait_pause notify_vm_exiting ipi_virt
bugs		: spectre_v1 spectre_v2 spec_store_bypass swapgs eibrs_pbrsb bhi spectre_v2_user old_microcode vmscape
bogomips	: 4000.00
clflush size	: 64
cache_alignment	: 64
address sizes	: 46 bits physical, 57 bits virtual
power management:

processor	: 87
vendor_id	: GenuineIntel
cpu family	: 6
model		: 143
model name	: Intel(R) Xeon(R) Platinum 8480+
stepping	: 8
microcode	: 0x2b000639
cpu MHz		: 2961.708
cache size	: 107520 KB
physical id	: 1
siblings	: 56
core id		: 52
cpu cores	: 56
apicid		: 232
initial apicid	: 232
fpu		: yes
fpu_exception	: yes
cpuid level	: 32
wp		: yes
flags		: fpu vme de pse tsc msr pae mce cx8 apic sep mtrr pge mca cmov pat pse36 clflush dts acpi mmx fxsr sse sse2 ss ht tm pbe syscall nx pdpe1gb rdtscp lm constant_tsc art arch_perfmon pebs bts rep_good nopl xtopology nonstop_tsc cpuid aperfmperf tsc_known_freq pni pclmulqdq dtes64 monitor ds_cpl vmx smx est tm2 ssse3 sdbg fma cx16 xtpr pdcm pcid dca sse4_1 sse4_2 x2apic movbe popcnt tsc_deadline_timer aes xsave avx f16c rdrand lahf_lm abm 3dnowprefetch cpuid_fault epb cat_l3 cat_l2 cdp_l3 cdp_l2 ssbd mba ibrs ibpb stibp ibrs_enhanced tpr_shadow flexpriority ept vpid ept_ad fsgsbase tsc_adjust bmi1 avx2 smep bmi2 erms invpcid cqm rdt_a avx512f avx512dq rdseed adx smap avx512ifma clflushopt clwb intel_pt avx512cd sha_ni avx512bw avx512vl xsaveopt xsavec xgetbv1 xsaves cqm_llc cqm_occup_llc cqm_mbm_total cqm_mbm_local split_lock_detect user_shstk avx_vnni avx512_bf16 wbnoinvd dtherm ida arat pln pts vnmi avx512vbmi umip pku ospke waitpkg avx512_vbmi2 gfni vaes vpclmulqdq avx512_vnni avx512_bitalg avx512_vpopcntdq la57 rdpid bus_lock_detect cldemote movdiri movdir64b enqcmd fsrm md_clear serialize tsxldtrk pconfig arch_lbr ibt amx_bf16 avx512_fp16 amx_tile amx_int8 flush_l1d arch_capabilities
vmx flags	: vnmi preemption_timer posted_intr invvpid ept_x_only ept_ad ept_1gb ept_5level flexpriority apicv tsc_offset vtpr mtf vapic ept vpid unrestricted_guest vapic_reg vid ple shadow_vmcs pml ept_violation_ve ept_mode_based_exec tsc_scaling usr_wait_pause notify_vm_exiting ipi_virt
bugs		: spectre_v1 spectre_v2 spec_store_bypass swapgs eibrs_pbrsb bhi spectre_v2_user old_microcode vmscape
bogomips	: 4000.00
clflush size	: 64
cache_alignment	: 64
address sizes	: 46 bits physical, 57 bits virtual
power management:

processor	: 88
vendor_id	: GenuineIntel
cpu family	: 6
model		: 143
model name	: Intel(R) Xeon(R) Platinum 8480+
stepping	: 8
microcode	: 0x2b000639
cpu MHz		: 2762.958
cache size	: 107520 KB
physical id	: 0
siblings	: 56
core id		: 9
cpu cores	: 56
apicid		: 18
initial apicid	: 18
fpu		: yes
fpu_exception	: yes
cpuid level	: 32
wp		: yes
flags		: fpu vme de pse tsc msr pae mce cx8 apic sep mtrr pge mca cmov pat pse36 clflush dts acpi mmx fxsr sse sse2 ss ht tm pbe syscall nx pdpe1gb rdtscp lm constant_tsc art arch_perfmon pebs bts rep_good nopl xtopology nonstop_tsc cpuid aperfmperf tsc_known_freq pni pclmulqdq dtes64 monitor ds_cpl vmx smx est tm2 ssse3 sdbg fma cx16 xtpr pdcm pcid dca sse4_1 sse4_2 x2apic movbe popcnt tsc_deadline_timer aes xsave avx f16c rdrand lahf_lm abm 3dnowprefetch cpuid_fault epb cat_l3 cat_l2 cdp_l3 cdp_l2 ssbd mba ibrs ibpb stibp ibrs_enhanced tpr_shadow flexpriority ept vpid ept_ad fsgsbase tsc_adjust bmi1 avx2 smep bmi2 erms invpcid cqm rdt_a avx512f avx512dq rdseed adx smap avx512ifma clflushopt clwb intel_pt avx512cd sha_ni avx512bw avx512vl xsaveopt xsavec xgetbv1 xsaves cqm_llc cqm_occup_llc cqm_mbm_total cqm_mbm_local split_lock_detect user_shstk avx_vnni avx512_bf16 wbnoinvd dtherm ida arat pln pts vnmi avx512vbmi umip pku ospke waitpkg avx512_vbmi2 gfni vaes vpclmulqdq avx512_vnni avx512_bitalg avx512_vpopcntdq la57 rdpid bus_lock_detect cldemote movdiri movdir64b enqcmd fsrm md_clear serialize tsxldtrk pconfig arch_lbr ibt amx_bf16 avx512_fp16 amx_tile amx_int8 flush_l1d arch_capabilities
vmx flags	: vnmi preemption_timer posted_intr invvpid ept_x_only ept_ad ept_1gb ept_5level flexpriority apicv tsc_offset vtpr mtf vapic ept vpid unrestricted_guest vapic_reg vid ple shadow_vmcs pml ept_violation_ve ept_mode_based_exec tsc_scaling usr_wait_pause notify_vm_exiting ipi_virt
bugs		: spectre_v1 spectre_v2 spec_store_bypass swapgs eibrs_pbrsb bhi spectre_v2_user old_microcode vmscape
bogomips	: 4000.00
clflush size	: 64
cache_alignment	: 64
address sizes	: 46 bits physical, 57 bits virtual
power management:

processor	: 89
vendor_id	: GenuineIntel
cpu family	: 6
model		: 143
model name	: Intel(R) Xeon(R) Platinum 8480+
stepping	: 8
microcode	: 0x2b000639
cpu MHz		: 2943.921
cache size	: 107520 KB
physical id	: 1
siblings	: 56
core id		: 10
cpu cores	: 56
apicid		: 148
initial apicid	: 148
fpu		: yes
fpu_exception	: yes
cpuid level	: 32
wp		: yes
flags		: fpu vme de pse tsc msr pae mce cx8 apic sep mtrr pge mca cmov pat pse36 clflush dts acpi mmx fxsr sse sse2 ss ht tm pbe syscall nx pdpe1gb rdtscp lm constant_tsc art arch_perfmon pebs bts rep_good nopl xtopology nonstop_tsc cpuid aperfmperf tsc_known_freq pni pclmulqdq dtes64 monitor ds_cpl vmx smx est tm2 ssse3 sdbg fma cx16 xtpr pdcm pcid dca sse4_1 sse4_2 x2apic movbe popcnt tsc_deadline_timer aes xsave avx f16c rdrand lahf_lm abm 3dnowprefetch cpuid_fault epb cat_l3 cat_l2 cdp_l3 cdp_l2 ssbd mba ibrs ibpb stibp ibrs_enhanced tpr_shadow flexpriority ept vpid ept_ad fsgsbase tsc_adjust bmi1 avx2 smep bmi2 erms invpcid cqm rdt_a avx512f avx512dq rdseed adx smap avx512ifma clflushopt clwb intel_pt avx512cd sha_ni avx512bw avx512vl xsaveopt xsavec xgetbv1 xsaves cqm_llc cqm_occup_llc cqm_mbm_total cqm_mbm_local split_lock_detect user_shstk avx_vnni avx512_bf16 wbnoinvd dtherm ida arat pln pts vnmi avx512vbmi umip pku ospke waitpkg avx512_vbmi2 gfni vaes vpclmulqdq avx512_vnni avx512_bitalg avx512_vpopcntdq la57 rdpid bus_lock_detect cldemote movdiri movdir64b enqcmd fsrm md_clear serialize tsxldtrk pconfig arch_lbr ibt amx_bf16 avx512_fp16 amx_tile amx_int8 flush_l1d arch_capabilities
vmx flags	: vnmi preemption_timer posted_intr invvpid ept_x_only ept_ad ept_1gb ept_5level flexpriority apicv tsc_offset vtpr mtf vapic ept vpid unrestricted_guest vapic_reg vid ple shadow_vmcs pml ept_violation_ve ept_mode_based_exec tsc_scaling usr_wait_pause notify_vm_exiting ipi_virt
bugs		: spectre_v1 spectre_v2 spec_store_bypass swapgs eibrs_pbrsb bhi spectre_v2_user old_microcode vmscape
bogomips	: 4000.00
clflush size	: 64
cache_alignment	: 64
address sizes	: 46 bits physical, 57 bits virtual
power management:

processor	: 90
vendor_id	: GenuineIntel
cpu family	: 6
model		: 143
model name	: Intel(R) Xeon(R) Platinum 8480+
stepping	: 8
microcode	: 0x2b000639
cpu MHz		: 2864.989
cache size	: 107520 KB
physical id	: 0
siblings	: 56
core id		: 35
cpu cores	: 56
apicid		: 70
initial apicid	: 70
fpu		: yes
fpu_exception	: yes
cpuid level	: 32
wp		: yes
flags		: fpu vme de pse tsc msr pae mce cx8 apic sep mtrr pge mca cmov pat pse36 clflush dts acpi mmx fxsr sse sse2 ss ht tm pbe syscall nx pdpe1gb rdtscp lm constant_tsc art arch_perfmon pebs bts rep_good nopl xtopology nonstop_tsc cpuid aperfmperf tsc_known_freq pni pclmulqdq dtes64 monitor ds_cpl vmx smx est tm2 ssse3 sdbg fma cx16 xtpr pdcm pcid dca sse4_1 sse4_2 x2apic movbe popcnt tsc_deadline_timer aes xsave avx f16c rdrand lahf_lm abm 3dnowprefetch cpuid_fault epb cat_l3 cat_l2 cdp_l3 cdp_l2 ssbd mba ibrs ibpb stibp ibrs_enhanced tpr_shadow flexpriority ept vpid ept_ad fsgsbase tsc_adjust bmi1 avx2 smep bmi2 erms invpcid cqm rdt_a avx512f avx512dq rdseed adx smap avx512ifma clflushopt clwb intel_pt avx512cd sha_ni avx512bw avx512vl xsaveopt xsavec xgetbv1 xsaves cqm_llc cqm_occup_llc cqm_mbm_total cqm_mbm_local split_lock_detect user_shstk avx_vnni avx512_bf16 wbnoinvd dtherm ida arat pln pts vnmi avx512vbmi umip pku ospke waitpkg avx512_vbmi2 gfni vaes vpclmulqdq avx512_vnni avx512_bitalg avx512_vpopcntdq la57 rdpid bus_lock_detect cldemote movdiri movdir64b enqcmd fsrm md_clear serialize tsxldtrk pconfig arch_lbr ibt amx_bf16 avx512_fp16 amx_tile amx_int8 flush_l1d arch_capabilities
vmx flags	: vnmi preemption_timer posted_intr invvpid ept_x_only ept_ad ept_1gb ept_5level flexpriority apicv tsc_offset vtpr mtf vapic ept vpid unrestricted_guest vapic_reg vid ple shadow_vmcs pml ept_violation_ve ept_mode_based_exec tsc_scaling usr_wait_pause notify_vm_exiting ipi_virt
bugs		: spectre_v1 spectre_v2 spec_store_bypass swapgs eibrs_pbrsb bhi spectre_v2_user old_microcode vmscape
bogomips	: 4000.00
clflush size	: 64
cache_alignment	: 64
address sizes	: 46 bits physical, 57 bits virtual
power management:

processor	: 91
vendor_id	: GenuineIntel
cpu family	: 6
model		: 143
model name	: Intel(R) Xeon(R) Platinum 8480+
stepping	: 8
microcode	: 0x2b000639
cpu MHz		: 2960.834
cache size	: 107520 KB
physical id	: 1
siblings	: 56
core id		: 35
cpu cores	: 56
apicid		: 198
initial apicid	: 198
fpu		: yes
fpu_exception	: yes
cpuid level	: 32
wp		: yes
flags		: fpu vme de pse tsc msr pae mce cx8 apic sep mtrr pge mca cmov pat pse36 clflush dts acpi mmx fxsr sse sse2 ss ht tm pbe syscall nx pdpe1gb rdtscp lm constant_tsc art arch_perfmon pebs bts rep_good nopl xtopology nonstop_tsc cpuid aperfmperf tsc_known_freq pni pclmulqdq dtes64 monitor ds_cpl vmx smx est tm2 ssse3 sdbg fma cx16 xtpr pdcm pcid dca sse4_1 sse4_2 x2apic movbe popcnt tsc_deadline_timer aes xsave avx f16c rdrand lahf_lm abm 3dnowprefetch cpuid_fault epb cat_l3 cat_l2 cdp_l3 cdp_l2 ssbd mba ibrs ibpb stibp ibrs_enhanced tpr_shadow flexpriority ept vpid ept_ad fsgsbase tsc_adjust bmi1 avx2 smep bmi2 erms invpcid cqm rdt_a avx512f avx512dq rdseed adx smap avx512ifma clflushopt clwb intel_pt avx512cd sha_ni avx512bw avx512vl xsaveopt xsavec xgetbv1 xsaves cqm_llc cqm_occup_llc cqm_mbm_total cqm_mbm_local split_lock_detect user_shstk avx_vnni avx512_bf16 wbnoinvd dtherm ida arat pln pts vnmi avx512vbmi umip pku ospke waitpkg avx512_vbmi2 gfni vaes vpclmulqdq avx512_vnni avx512_bitalg avx512_vpopcntdq la57 rdpid bus_lock_detect cldemote movdiri movdir64b enqcmd fsrm md_clear serialize tsxldtrk pconfig arch_lbr ibt amx_bf16 avx512_fp16 amx_tile amx_int8 flush_l1d arch_capabilities
vmx flags	: vnmi preemption_timer posted_intr invvpid ept_x_only ept_ad ept_1gb ept_5level flexpriority apicv tsc_offset vtpr mtf vapic ept vpid unrestricted_guest vapic_reg vid ple shadow_vmcs pml ept_violation_ve ept_mode_based_exec tsc_scaling usr_wait_pause notify_vm_exiting ipi_virt
bugs		: spectre_v1 spectre_v2 spec_store_bypass swapgs eibrs_pbrsb bhi spectre_v2_user old_microcode vmscape
bogomips	: 4000.00
clflush size	: 64
cache_alignment	: 64
address sizes	: 46 bits physical, 57 bits virtual
power management:

processor	: 92
vendor_id	: GenuineIntel
cpu family	: 6
model		: 143
model name	: Intel(R) Xeon(R) Platinum 8480+
stepping	: 8
microcode	: 0x2b000639
cpu MHz		: 2764.232
cache size	: 107520 KB
physical id	: 0
siblings	: 56
core id		: 20
cpu cores	: 56
apicid		: 40
initial apicid	: 40
fpu		: yes
fpu_exception	: yes
cpuid level	: 32
wp		: yes
flags		: fpu vme de pse tsc msr pae mce cx8 apic sep mtrr pge mca cmov pat pse36 clflush dts acpi mmx fxsr sse sse2 ss ht tm pbe syscall nx pdpe1gb rdtscp lm constant_tsc art arch_perfmon pebs bts rep_good nopl xtopology nonstop_tsc cpuid aperfmperf tsc_known_freq pni pclmulqdq dtes64 monitor ds_cpl vmx smx est tm2 ssse3 sdbg fma cx16 xtpr pdcm pcid dca sse4_1 sse4_2 x2apic movbe popcnt tsc_deadline_timer aes xsave avx f16c rdrand lahf_lm abm 3dnowprefetch cpuid_fault epb cat_l3 cat_l2 cdp_l3 cdp_l2 ssbd mba ibrs ibpb stibp ibrs_enhanced tpr_shadow flexpriority ept vpid ept_ad fsgsbase tsc_adjust bmi1 avx2 smep bmi2 erms invpcid cqm rdt_a avx512f avx512dq rdseed adx smap avx512ifma clflushopt clwb intel_pt avx512cd sha_ni avx512bw avx512vl xsaveopt xsavec xgetbv1 xsaves cqm_llc cqm_occup_llc cqm_mbm_total cqm_mbm_local split_lock_detect user_shstk avx_vnni avx512_bf16 wbnoinvd dtherm ida arat pln pts vnmi avx512vbmi umip pku ospke waitpkg avx512_vbmi2 gfni vaes vpclmulqdq avx512_vnni avx512_bitalg avx512_vpopcntdq la57 rdpid bus_lock_detect cldemote movdiri movdir64b enqcmd fsrm md_clear serialize tsxldtrk pconfig arch_lbr ibt amx_bf16 avx512_fp16 amx_tile amx_int8 flush_l1d arch_capabilities
vmx flags	: vnmi preemption_timer posted_intr invvpid ept_x_only ept_ad ept_1gb ept_5level flexpriority apicv tsc_offset vtpr mtf vapic ept vpid unrestricted_guest vapic_reg vid ple shadow_vmcs pml ept_violation_ve ept_mode_based_exec tsc_scaling usr_wait_pause notify_vm_exiting ipi_virt
bugs		: spectre_v1 spectre_v2 spec_store_bypass swapgs eibrs_pbrsb bhi spectre_v2_user old_microcode vmscape
bogomips	: 4000.00
clflush size	: 64
cache_alignment	: 64
address sizes	: 46 bits physical, 57 bits virtual
power management:

processor	: 93
vendor_id	: GenuineIntel
cpu family	: 6
model		: 143
model name	: Intel(R) Xeon(R) Platinum 8480+
stepping	: 8
microcode	: 0x2b000639
cpu MHz		: 2962.980
cache size	: 107520 KB
physical id	: 1
siblings	: 56
core id		: 21
cpu cores	: 56
apicid		: 170
initial apicid	: 170
fpu		: yes
fpu_exception	: yes
cpuid level	: 32
wp		: yes
flags		: fpu vme de pse tsc msr pae mce cx8 apic sep mtrr pge mca cmov pat pse36 clflush dts acpi mmx fxsr sse sse2 ss ht tm pbe syscall nx pdpe1gb rdtscp lm constant_tsc art arch_perfmon pebs bts rep_good nopl xtopology nonstop_tsc cpuid aperfmperf tsc_known_freq pni pclmulqdq dtes64 monitor ds_cpl vmx smx est tm2 ssse3 sdbg fma cx16 xtpr pdcm pcid dca sse4_1 sse4_2 x2apic movbe popcnt tsc_deadline_timer aes xsave avx f16c rdrand lahf_lm abm 3dnowprefetch cpuid_fault epb cat_l3 cat_l2 cdp_l3 cdp_l2 ssbd mba ibrs ibpb stibp ibrs_enhanced tpr_shadow flexpriority ept vpid ept_ad fsgsbase tsc_adjust bmi1 avx2 smep bmi2 erms invpcid cqm rdt_a avx512f avx512dq rdseed adx smap avx512ifma clflushopt clwb intel_pt avx512cd sha_ni avx512bw avx512vl xsaveopt xsavec xgetbv1 xsaves cqm_llc cqm_occup_llc cqm_mbm_total cqm_mbm_local split_lock_detect user_shstk avx_vnni avx512_bf16 wbnoinvd dtherm ida arat pln pts vnmi avx512vbmi umip pku ospke waitpkg avx512_vbmi2 gfni vaes vpclmulqdq avx512_vnni avx512_bitalg avx512_vpopcntdq la57 rdpid bus_lock_detect cldemote movdiri movdir64b enqcmd fsrm md_clear serialize tsxldtrk pconfig arch_lbr ibt amx_bf16 avx512_fp16 amx_tile amx_int8 flush_l1d arch_capabilities
vmx flags	: vnmi preemption_timer posted_intr invvpid ept_x_only ept_ad ept_1gb ept_5level flexpriority apicv tsc_offset vtpr mtf vapic ept vpid unrestricted_guest vapic_reg vid ple shadow_vmcs pml ept_violation_ve ept_mode_based_exec tsc_scaling usr_wait_pause notify_vm_exiting ipi_virt
bugs		: spectre_v1 spectre_v2 spec_store_bypass swapgs eibrs_pbrsb bhi spectre_v2_user old_microcode vmscape
bogomips	: 4000.00
clflush size	: 64
cache_alignment	: 64
address sizes	: 46 bits physical, 57 bits virtual
power management:

processor	: 94
vendor_id	: GenuineIntel
cpu family	: 6
model		: 143
model name	: Intel(R) Xeon(R) Platinum 8480+
stepping	: 8
microcode	: 0x2b000639
cpu MHz		: 2765.169
cache size	: 107520 KB
physical id	: 0
siblings	: 56
core id		: 46
cpu cores	: 56
apicid		: 92
initial apicid	: 92
fpu		: yes
fpu_exception	: yes
cpuid level	: 32
wp		: yes
flags		: fpu vme de pse tsc msr pae mce cx8 apic sep mtrr pge mca cmov pat pse36 clflush dts acpi mmx fxsr sse sse2 ss ht tm pbe syscall nx pdpe1gb rdtscp lm constant_tsc art arch_perfmon pebs bts rep_good nopl xtopology nonstop_tsc cpuid aperfmperf tsc_known_freq pni pclmulqdq dtes64 monitor ds_cpl vmx smx est tm2 ssse3 sdbg fma cx16 xtpr pdcm pcid dca sse4_1 sse4_2 x2apic movbe popcnt tsc_deadline_timer aes xsave avx f16c rdrand lahf_lm abm 3dnowprefetch cpuid_fault epb cat_l3 cat_l2 cdp_l3 cdp_l2 ssbd mba ibrs ibpb stibp ibrs_enhanced tpr_shadow flexpriority ept vpid ept_ad fsgsbase tsc_adjust bmi1 avx2 smep bmi2 erms invpcid cqm rdt_a avx512f avx512dq rdseed adx smap avx512ifma clflushopt clwb intel_pt avx512cd sha_ni avx512bw avx512vl xsaveopt xsavec xgetbv1 xsaves cqm_llc cqm_occup_llc cqm_mbm_total cqm_mbm_local split_lock_detect user_shstk avx_vnni avx512_bf16 wbnoinvd dtherm ida arat pln pts vnmi avx512vbmi umip pku ospke waitpkg avx512_vbmi2 gfni vaes vpclmulqdq avx512_vnni avx512_bitalg avx512_vpopcntdq la57 rdpid bus_lock_detect cldemote movdiri movdir64b enqcmd fsrm md_clear serialize tsxldtrk pconfig arch_lbr ibt amx_bf16 avx512_fp16 amx_tile amx_int8 flush_l1d arch_capabilities
vmx flags	: vnmi preemption_timer posted_intr invvpid ept_x_only ept_ad ept_1gb ept_5level flexpriority apicv tsc_offset vtpr mtf vapic ept vpid unrestricted_guest vapic_reg vid ple shadow_vmcs pml ept_violation_ve ept_mode_based_exec tsc_scaling usr_wait_pause notify_vm_exiting ipi_virt
bugs		: spectre_v1 spectre_v2 spec_store_bypass swapgs eibrs_pbrsb bhi spectre_v2_user old_microcode vmscape
bogomips	: 4000.00
clflush size	: 64
cache_alignment	: 64
address sizes	: 46 bits physical, 57 bits virtual
power management:

processor	: 95
vendor_id	: GenuineIntel
cpu family	: 6
model		: 143
model name	: Intel(R) Xeon(R) Platinum 8480+
stepping	: 8
microcode	: 0x2b000639
cpu MHz		: 3000.000
cache size	: 107520 KB
physical id	: 1
siblings	: 56
core id		: 46
cpu cores	: 56
apicid		: 220
initial apicid	: 220
fpu		: yes
fpu_exception	: yes
cpuid level	: 32
wp		: yes
flags		: fpu vme de pse tsc msr pae mce cx8 apic sep mtrr pge mca cmov pat pse36 clflush dts acpi mmx fxsr sse sse2 ss ht tm pbe syscall nx pdpe1gb rdtscp lm constant_tsc art arch_perfmon pebs bts rep_good nopl xtopology nonstop_tsc cpuid aperfmperf tsc_known_freq pni pclmulqdq dtes64 monitor ds_cpl vmx smx est tm2 ssse3 sdbg fma cx16 xtpr pdcm pcid dca sse4_1 sse4_2 x2apic movbe popcnt tsc_deadline_timer aes xsave avx f16c rdrand lahf_lm abm 3dnowprefetch cpuid_fault epb cat_l3 cat_l2 cdp_l3 cdp_l2 ssbd mba ibrs ibpb stibp ibrs_enhanced tpr_shadow flexpriority ept vpid ept_ad fsgsbase tsc_adjust bmi1 avx2 smep bmi2 erms invpcid cqm rdt_a avx512f avx512dq rdseed adx smap avx512ifma clflushopt clwb intel_pt avx512cd sha_ni avx512bw avx512vl xsaveopt xsavec xgetbv1 xsaves cqm_llc cqm_occup_llc cqm_mbm_total cqm_mbm_local split_lock_detect user_shstk avx_vnni avx512_bf16 wbnoinvd dtherm ida arat pln pts vnmi avx512vbmi umip pku ospke waitpkg avx512_vbmi2 gfni vaes vpclmulqdq avx512_vnni avx512_bitalg avx512_vpopcntdq la57 rdpid bus_lock_detect cldemote movdiri movdir64b enqcmd fsrm md_clear serialize tsxldtrk pconfig arch_lbr ibt amx_bf16 avx512_fp16 amx_tile amx_int8 flush_l1d arch_capabilities
vmx flags	: vnmi preemption_timer posted_intr invvpid ept_x_only ept_ad ept_1gb ept_5level flexpriority apicv tsc_offset vtpr mtf vapic ept vpid unrestricted_guest vapic_reg vid ple shadow_vmcs pml ept_violation_ve ept_mode_based_exec tsc_scaling usr_wait_pause notify_vm_exiting ipi_virt
bugs		: spectre_v1 spectre_v2 spec_store_bypass swapgs eibrs_pbrsb bhi spectre_v2_user old_microcode vmscape
bogomips	: 4000.00
clflush size	: 64
cache_alignment	: 64
address sizes	: 46 bits physical, 57 bits virtual
power management:

processor	: 96
vendor_id	: GenuineIntel
cpu family	: 6
model		: 143
model name	: Intel(R) Xeon(R) Platinum 8480+
stepping	: 8
microcode	: 0x2b000639
cpu MHz		: 2742.090
cache size	: 107520 KB
physical id	: 0
siblings	: 56
core id		: 12
cpu cores	: 56
apicid		: 24
initial apicid	: 24
fpu		: yes
fpu_exception	: yes
cpuid level	: 32
wp		: yes
flags		: fpu vme de pse tsc msr pae mce cx8 apic sep mtrr pge mca cmov pat pse36 clflush dts acpi mmx fxsr sse sse2 ss ht tm pbe syscall nx pdpe1gb rdtscp lm constant_tsc art arch_perfmon pebs bts rep_good nopl xtopology nonstop_tsc cpuid aperfmperf tsc_known_freq pni pclmulqdq dtes64 monitor ds_cpl vmx smx est tm2 ssse3 sdbg fma cx16 xtpr pdcm pcid dca sse4_1 sse4_2 x2apic movbe popcnt tsc_deadline_timer aes xsave avx f16c rdrand lahf_lm abm 3dnowprefetch cpuid_fault epb cat_l3 cat_l2 cdp_l3 cdp_l2 ssbd mba ibrs ibpb stibp ibrs_enhanced tpr_shadow flexpriority ept vpid ept_ad fsgsbase tsc_adjust bmi1 avx2 smep bmi2 erms invpcid cqm rdt_a avx512f avx512dq rdseed adx smap avx512ifma clflushopt clwb intel_pt avx512cd sha_ni avx512bw avx512vl xsaveopt xsavec xgetbv1 xsaves cqm_llc cqm_occup_llc cqm_mbm_total cqm_mbm_local split_lock_detect user_shstk avx_vnni avx512_bf16 wbnoinvd dtherm ida arat pln pts vnmi avx512vbmi umip pku ospke waitpkg avx512_vbmi2 gfni vaes vpclmulqdq avx512_vnni avx512_bitalg avx512_vpopcntdq la57 rdpid bus_lock_detect cldemote movdiri movdir64b enqcmd fsrm md_clear serialize tsxldtrk pconfig arch_lbr ibt amx_bf16 avx512_fp16 amx_tile amx_int8 flush_l1d arch_capabilities
vmx flags	: vnmi preemption_timer posted_intr invvpid ept_x_only ept_ad ept_1gb ept_5level flexpriority apicv tsc_offset vtpr mtf vapic ept vpid unrestricted_guest vapic_reg vid ple shadow_vmcs pml ept_violation_ve ept_mode_based_exec tsc_scaling usr_wait_pause notify_vm_exiting ipi_virt
bugs		: spectre_v1 spectre_v2 spec_store_bypass swapgs eibrs_pbrsb bhi spectre_v2_user old_microcode vmscape
bogomips	: 4000.00
clflush size	: 64
cache_alignment	: 64
address sizes	: 46 bits physical, 57 bits virtual
power management:

processor	: 97
vendor_id	: GenuineIntel
cpu family	: 6
model		: 143
model name	: Intel(R) Xeon(R) Platinum 8480+
stepping	: 8
microcode	: 0x2b000639
cpu MHz		: 2956.546
cache size	: 107520 KB
physical id	: 1
siblings	: 56
core id		: 12
cpu cores	: 56
apicid		: 152
initial apicid	: 152
fpu		: yes
fpu_exception	: yes
cpuid level	: 32
wp		: yes
flags		: fpu vme de pse tsc msr pae mce cx8 apic sep mtrr pge mca cmov pat pse36 clflush dts acpi mmx fxsr sse sse2 ss ht tm pbe syscall nx pdpe1gb rdtscp lm constant_tsc art arch_perfmon pebs bts rep_good nopl xtopology nonstop_tsc cpuid aperfmperf tsc_known_freq pni pclmulqdq dtes64 monitor ds_cpl vmx smx est tm2 ssse3 sdbg fma cx16 xtpr pdcm pcid dca sse4_1 sse4_2 x2apic movbe popcnt tsc_deadline_timer aes xsave avx f16c rdrand lahf_lm abm 3dnowprefetch cpuid_fault epb cat_l3 cat_l2 cdp_l3 cdp_l2 ssbd mba ibrs ibpb stibp ibrs_enhanced tpr_shadow flexpriority ept vpid ept_ad fsgsbase tsc_adjust bmi1 avx2 smep bmi2 erms invpcid cqm rdt_a avx512f avx512dq rdseed adx smap avx512ifma clflushopt clwb intel_pt avx512cd sha_ni avx512bw avx512vl xsaveopt xsavec xgetbv1 xsaves cqm_llc cqm_occup_llc cqm_mbm_total cqm_mbm_local split_lock_detect user_shstk avx_vnni avx512_bf16 wbnoinvd dtherm ida arat pln pts vnmi avx512vbmi umip pku ospke waitpkg avx512_vbmi2 gfni vaes vpclmulqdq avx512_vnni avx512_bitalg avx512_vpopcntdq la57 rdpid bus_lock_detect cldemote movdiri movdir64b enqcmd fsrm md_clear serialize tsxldtrk pconfig arch_lbr ibt amx_bf16 avx512_fp16 amx_tile amx_int8 flush_l1d arch_capabilities
vmx flags	: vnmi preemption_timer posted_intr invvpid ept_x_only ept_ad ept_1gb ept_5level flexpriority apicv tsc_offset vtpr mtf vapic ept vpid unrestricted_guest vapic_reg vid ple shadow_vmcs pml ept_violation_ve ept_mode_based_exec tsc_scaling usr_wait_pause notify_vm_exiting ipi_virt
bugs		: spectre_v1 spectre_v2 spec_store_bypass swapgs eibrs_pbrsb bhi spectre_v2_user old_microcode vmscape
bogomips	: 4000.00
clflush size	: 64
cache_alignment	: 64
address sizes	: 46 bits physical, 57 bits virtual
power management:

processor	: 98
vendor_id	: GenuineIntel
cpu family	: 6
model		: 143
model name	: Intel(R) Xeon(R) Platinum 8480+
stepping	: 8
microcode	: 0x2b000639
cpu MHz		: 2760.377
cache size	: 107520 KB
physical id	: 0
siblings	: 56
core id		: 40
cpu cores	: 56
apicid		: 80
initial apicid	: 80
fpu		: yes
fpu_exception	: yes
cpuid level	: 32
wp		: yes
flags		: fpu vme de pse tsc msr pae mce cx8 apic sep mtrr pge mca cmov pat pse36 clflush dts acpi mmx fxsr sse sse2 ss ht tm pbe syscall nx pdpe1gb rdtscp lm constant_tsc art arch_perfmon pebs bts rep_good nopl xtopology nonstop_tsc cpuid aperfmperf tsc_known_freq pni pclmulqdq dtes64 monitor ds_cpl vmx smx est tm2 ssse3 sdbg fma cx16 xtpr pdcm pcid dca sse4_1 sse4_2 x2apic movbe popcnt tsc_deadline_timer aes xsave avx f16c rdrand lahf_lm abm 3dnowprefetch cpuid_fault epb cat_l3 cat_l2 cdp_l3 cdp_l2 ssbd mba ibrs ibpb stibp ibrs_enhanced tpr_shadow flexpriority ept vpid ept_ad fsgsbase tsc_adjust bmi1 avx2 smep bmi2 erms invpcid cqm rdt_a avx512f avx512dq rdseed adx smap avx512ifma clflushopt clwb intel_pt avx512cd sha_ni avx512bw avx512vl xsaveopt xsavec xgetbv1 xsaves cqm_llc cqm_occup_llc cqm_mbm_total cqm_mbm_local split_lock_detect user_shstk avx_vnni avx512_bf16 wbnoinvd dtherm ida arat pln pts vnmi avx512vbmi umip pku ospke waitpkg avx512_vbmi2 gfni vaes vpclmulqdq avx512_vnni avx512_bitalg avx512_vpopcntdq la57 rdpid bus_lock_detect cldemote movdiri movdir64b enqcmd fsrm md_clear serialize tsxldtrk pconfig arch_lbr ibt amx_bf16 avx512_fp16 amx_tile amx_int8 flush_l1d arch_capabilities
vmx flags	: vnmi preemption_timer posted_intr invvpid ept_x_only ept_ad ept_1gb ept_5level flexpriority apicv tsc_offset vtpr mtf vapic ept vpid unrestricted_guest vapic_reg vid ple shadow_vmcs pml ept_violation_ve ept_mode_based_exec tsc_scaling usr_wait_pause notify_vm_exiting ipi_virt
bugs		: spectre_v1 spectre_v2 spec_store_bypass swapgs eibrs_pbrsb bhi spectre_v2_user old_microcode vmscape
bogomips	: 4000.00
clflush size	: 64
cache_alignment	: 64
address sizes	: 46 bits physical, 57 bits virtual
power management:

processor	: 99
vendor_id	: GenuineIntel
cpu family	: 6
model		: 143
model name	: Intel(R) Xeon(R) Platinum 8480+
stepping	: 8
microcode	: 0x2b000639
cpu MHz		: 2891.976
cache size	: 107520 KB
physical id	: 1
siblings	: 56
core id		: 40
cpu cores	: 56
apicid		: 208
initial apicid	: 208
fpu		: yes
fpu_exception	: yes
cpuid level	: 32
wp		: yes
flags		: fpu vme de pse tsc msr pae mce cx8 apic sep mtrr pge mca cmov pat pse36 clflush dts acpi mmx fxsr sse sse2 ss ht tm pbe syscall nx pdpe1gb rdtscp lm constant_tsc art arch_perfmon pebs bts rep_good nopl xtopology nonstop_tsc cpuid aperfmperf tsc_known_freq pni pclmulqdq dtes64 monitor ds_cpl vmx smx est tm2 ssse3 sdbg fma cx16 xtpr pdcm pcid dca sse4_1 sse4_2 x2apic movbe popcnt tsc_deadline_timer aes xsave avx f16c rdrand lahf_lm abm 3dnowprefetch cpuid_fault epb cat_l3 cat_l2 cdp_l3 cdp_l2 ssbd mba ibrs ibpb stibp ibrs_enhanced tpr_shadow flexpriority ept vpid ept_ad fsgsbase tsc_adjust bmi1 avx2 smep bmi2 erms invpcid cqm rdt_a avx512f avx512dq rdseed adx smap avx512ifma clflushopt clwb intel_pt avx512cd sha_ni avx512bw avx512vl xsaveopt xsavec xgetbv1 xsaves cqm_llc cqm_occup_llc cqm_mbm_total cqm_mbm_local split_lock_detect user_shstk avx_vnni avx512_bf16 wbnoinvd dtherm ida arat pln pts vnmi avx512vbmi umip pku ospke waitpkg avx512_vbmi2 gfni vaes vpclmulqdq avx512_vnni avx512_bitalg avx512_vpopcntdq la57 rdpid bus_lock_detect cldemote movdiri movdir64b enqcmd fsrm md_clear serialize tsxldtrk pconfig arch_lbr ibt amx_bf16 avx512_fp16 amx_tile amx_int8 flush_l1d arch_capabilities
vmx flags	: vnmi preemption_timer posted_intr invvpid ept_x_only ept_ad ept_1gb ept_5level flexpriority apicv tsc_offset vtpr mtf vapic ept vpid unrestricted_guest vapic_reg vid ple shadow_vmcs pml ept_violation_ve ept_mode_based_exec tsc_scaling usr_wait_pause notify_vm_exiting ipi_virt
bugs		: spectre_v1 spectre_v2 spec_store_bypass swapgs eibrs_pbrsb bhi spectre_v2_user old_microcode vmscape
bogomips	: 4000.00
clflush size	: 64
cache_alignment	: 64
address sizes	: 46 bits physical, 57 bits virtual
power management:

processor	: 100
vendor_id	: GenuineIntel
cpu family	: 6
model		: 143
model name	: Intel(R) Xeon(R) Platinum 8480+
stepping	: 8
microcode	: 0x2b000639
cpu MHz		: 2774.289
cache size	: 107520 KB
physical id	: 0
siblings	: 56
core id		: 16
cpu cores	: 56
apicid		: 32
initial apicid	: 32
fpu		: yes
fpu_exception	: yes
cpuid level	: 32
wp		: yes
flags		: fpu vme de pse tsc msr pae mce cx8 apic sep mtrr pge mca cmov pat pse36 clflush dts acpi mmx fxsr sse sse2 ss ht tm pbe syscall nx pdpe1gb rdtscp lm constant_tsc art arch_perfmon pebs bts rep_good nopl xtopology nonstop_tsc cpuid aperfmperf tsc_known_freq pni pclmulqdq dtes64 monitor ds_cpl vmx smx est tm2 ssse3 sdbg fma cx16 xtpr pdcm pcid dca sse4_1 sse4_2 x2apic movbe popcnt tsc_deadline_timer aes xsave avx f16c rdrand lahf_lm abm 3dnowprefetch cpuid_fault epb cat_l3 cat_l2 cdp_l3 cdp_l2 ssbd mba ibrs ibpb stibp ibrs_enhanced tpr_shadow flexpriority ept vpid ept_ad fsgsbase tsc_adjust bmi1 avx2 smep bmi2 erms invpcid cqm rdt_a avx512f avx512dq rdseed adx smap avx512ifma clflushopt clwb intel_pt avx512cd sha_ni avx512bw avx512vl xsaveopt xsavec xgetbv1 xsaves cqm_llc cqm_occup_llc cqm_mbm_total cqm_mbm_local split_lock_detect user_shstk avx_vnni avx512_bf16 wbnoinvd dtherm ida arat pln pts vnmi avx512vbmi umip pku ospke waitpkg avx512_vbmi2 gfni vaes vpclmulqdq avx512_vnni avx512_bitalg avx512_vpopcntdq la57 rdpid bus_lock_detect cldemote movdiri movdir64b enqcmd fsrm md_clear serialize tsxldtrk pconfig arch_lbr ibt amx_bf16 avx512_fp16 amx_tile amx_int8 flush_l1d arch_capabilities
vmx flags	: vnmi preemption_timer posted_intr invvpid ept_x_only ept_ad ept_1gb ept_5level flexpriority apicv tsc_offset vtpr mtf vapic ept vpid unrestricted_guest vapic_reg vid ple shadow_vmcs pml ept_violation_ve ept_mode_based_exec tsc_scaling usr_wait_pause notify_vm_exiting ipi_virt
bugs		: spectre_v1 spectre_v2 spec_store_bypass swapgs eibrs_pbrsb bhi spectre_v2_user old_microcode vmscape
bogomips	: 4000.00
clflush size	: 64
cache_alignment	: 64
address sizes	: 46 bits physical, 57 bits virtual
power management:

processor	: 101
vendor_id	: GenuineIntel
cpu family	: 6
model		: 143
model name	: Intel(R) Xeon(R) Platinum 8480+
stepping	: 8
microcode	: 0x2b000639
cpu MHz		: 2861.846
cache size	: 107520 KB
physical id	: 1
siblings	: 56
core id		: 16
cpu cores	: 56
apicid		: 160
initial apicid	: 160
fpu		: yes
fpu_exception	: yes
cpuid level	: 32
wp		: yes
flags		: fpu vme de pse tsc msr pae mce cx8 apic sep mtrr pge mca cmov pat pse36 clflush dts acpi mmx fxsr sse sse2 ss ht tm pbe syscall nx pdpe1gb rdtscp lm constant_tsc art arch_perfmon pebs bts rep_good nopl xtopology nonstop_tsc cpuid aperfmperf tsc_known_freq pni pclmulqdq dtes64 monitor ds_cpl vmx smx est tm2 ssse3 sdbg fma cx16 xtpr pdcm pcid dca sse4_1 sse4_2 x2apic movbe popcnt tsc_deadline_timer aes xsave avx f16c rdrand lahf_lm abm 3dnowprefetch cpuid_fault epb cat_l3 cat_l2 cdp_l3 cdp_l2 ssbd mba ibrs ibpb stibp ibrs_enhanced tpr_shadow flexpriority ept vpid ept_ad fsgsbase tsc_adjust bmi1 avx2 smep bmi2 erms invpcid cqm rdt_a avx512f avx512dq rdseed adx smap avx512ifma clflushopt clwb intel_pt avx512cd sha_ni avx512bw avx512vl xsaveopt xsavec xgetbv1 xsaves cqm_llc cqm_occup_llc cqm_mbm_total cqm_mbm_local split_lock_detect user_shstk avx_vnni avx512_bf16 wbnoinvd dtherm ida arat pln pts vnmi avx512vbmi umip pku ospke waitpkg avx512_vbmi2 gfni vaes vpclmulqdq avx512_vnni avx512_bitalg avx512_vpopcntdq la57 rdpid bus_lock_detect cldemote movdiri movdir64b enqcmd fsrm md_clear serialize tsxldtrk pconfig arch_lbr ibt amx_bf16 avx512_fp16 amx_tile amx_int8 flush_l1d arch_capabilities
vmx flags	: vnmi preemption_timer posted_intr invvpid ept_x_only ept_ad ept_1gb ept_5level flexpriority apicv tsc_offset vtpr mtf vapic ept vpid unrestricted_guest vapic_reg vid ple shadow_vmcs pml ept_violation_ve ept_mode_based_exec tsc_scaling usr_wait_pause notify_vm_exiting ipi_virt
bugs		: spectre_v1 spectre_v2 spec_store_bypass swapgs eibrs_pbrsb bhi spectre_v2_user old_microcode vmscape
bogomips	: 4000.00
clflush size	: 64
cache_alignment	: 64
address sizes	: 46 bits physical, 57 bits virtual
power management:

processor	: 102
vendor_id	: GenuineIntel
cpu family	: 6
model		: 143
model name	: Intel(R) Xeon(R) Platinum 8480+
stepping	: 8
microcode	: 0x2b000639
cpu MHz		: 2787.828
cache size	: 107520 KB
physical id	: 0
siblings	: 56
core id		: 43
cpu cores	: 56
apicid		: 86
initial apicid	: 86
fpu		: yes
fpu_exception	: yes
cpuid level	: 32
wp		: yes
flags		: fpu vme de pse tsc msr pae mce cx8 apic sep mtrr pge mca cmov pat pse36 clflush dts acpi mmx fxsr sse sse2 ss ht tm pbe syscall nx pdpe1gb rdtscp lm constant_tsc art arch_perfmon pebs bts rep_good nopl xtopology nonstop_tsc cpuid aperfmperf tsc_known_freq pni pclmulqdq dtes64 monitor ds_cpl vmx smx est tm2 ssse3 sdbg fma cx16 xtpr pdcm pcid dca sse4_1 sse4_2 x2apic movbe popcnt tsc_deadline_timer aes xsave avx f16c rdrand lahf_lm abm 3dnowprefetch cpuid_fault epb cat_l3 cat_l2 cdp_l3 cdp_l2 ssbd mba ibrs ibpb stibp ibrs_enhanced tpr_shadow flexpriority ept vpid ept_ad fsgsbase tsc_adjust bmi1 avx2 smep bmi2 erms invpcid cqm rdt_a avx512f avx512dq rdseed adx smap avx512ifma clflushopt clwb intel_pt avx512cd sha_ni avx512bw avx512vl xsaveopt xsavec xgetbv1 xsaves cqm_llc cqm_occup_llc cqm_mbm_total cqm_mbm_local split_lock_detect user_shstk avx_vnni avx512_bf16 wbnoinvd dtherm ida arat pln pts vnmi avx512vbmi umip pku ospke waitpkg avx512_vbmi2 gfni vaes vpclmulqdq avx512_vnni avx512_bitalg avx512_vpopcntdq la57 rdpid bus_lock_detect cldemote movdiri movdir64b enqcmd fsrm md_clear serialize tsxldtrk pconfig arch_lbr ibt amx_bf16 avx512_fp16 amx_tile amx_int8 flush_l1d arch_capabilities
vmx flags	: vnmi preemption_timer posted_intr invvpid ept_x_only ept_ad ept_1gb ept_5level flexpriority apicv tsc_offset vtpr mtf vapic ept vpid unrestricted_guest vapic_reg vid ple shadow_vmcs pml ept_violation_ve ept_mode_based_exec tsc_scaling usr_wait_pause notify_vm_exiting ipi_virt
bugs		: spectre_v1 spectre_v2 spec_store_bypass swapgs eibrs_pbrsb bhi spectre_v2_user old_microcode vmscape
bogomips	: 4000.00
clflush size	: 64
cache_alignment	: 64
address sizes	: 46 bits physical, 57 bits virtual
power management:

processor	: 103
vendor_id	: GenuineIntel
cpu family	: 6
model		: 143
model name	: Intel(R) Xeon(R) Platinum 8480+
stepping	: 8
microcode	: 0x2b000639
cpu MHz		: 3000.000
cache size	: 107520 KB
physical id	: 1
siblings	: 56
core id		: 43
cpu cores	: 56
apicid		: 214
initial apicid	: 214
fpu		: yes
fpu_exception	: yes
cpuid level	: 32
wp		: yes
flags		: fpu vme de pse tsc msr pae mce cx8 apic sep mtrr pge mca cmov pat pse36 clflush dts acpi mmx fxsr sse sse2 ss ht tm pbe syscall nx pdpe1gb rdtscp lm constant_tsc art arch_perfmon pebs bts rep_good nopl xtopology nonstop_tsc cpuid aperfmperf tsc_known_freq pni pclmulqdq dtes64 monitor ds_cpl vmx smx est tm2 ssse3 sdbg fma cx16 xtpr pdcm pcid dca sse4_1 sse4_2 x2apic movbe popcnt tsc_deadline_timer aes xsave avx f16c rdrand lahf_lm abm 3dnowprefetch cpuid_fault epb cat_l3 cat_l2 cdp_l3 cdp_l2 ssbd mba ibrs ibpb stibp ibrs_enhanced tpr_shadow flexpriority ept vpid ept_ad fsgsbase tsc_adjust bmi1 avx2 smep bmi2 erms invpcid cqm rdt_a avx512f avx512dq rdseed adx smap avx512ifma clflushopt clwb intel_pt avx512cd sha_ni avx512bw avx512vl xsaveopt xsavec xgetbv1 xsaves cqm_llc cqm_occup_llc cqm_mbm_total cqm_mbm_local split_lock_detect user_shstk avx_vnni avx512_bf16 wbnoinvd dtherm ida arat pln pts vnmi avx512vbmi umip pku ospke waitpkg avx512_vbmi2 gfni vaes vpclmulqdq avx512_vnni avx512_bitalg avx512_vpopcntdq la57 rdpid bus_lock_detect cldemote movdiri movdir64b enqcmd fsrm md_clear serialize tsxldtrk pconfig arch_lbr ibt amx_bf16 avx512_fp16 amx_tile amx_int8 flush_l1d arch_capabilities
vmx flags	: vnmi preemption_timer posted_intr invvpid ept_x_only ept_ad ept_1gb ept_5level flexpriority apicv tsc_offset vtpr mtf vapic ept vpid unrestricted_guest vapic_reg vid ple shadow_vmcs pml ept_violation_ve ept_mode_based_exec tsc_scaling usr_wait_pause notify_vm_exiting ipi_virt
bugs		: spectre_v1 spectre_v2 spec_store_bypass swapgs eibrs_pbrsb bhi spectre_v2_user old_microcode vmscape
bogomips	: 4000.00
clflush size	: 64
cache_alignment	: 64
address sizes	: 46 bits physical, 57 bits virtual
power management:

processor	: 104
vendor_id	: GenuineIntel
cpu family	: 6
model		: 143
model name	: Intel(R) Xeon(R) Platinum 8480+
stepping	: 8
microcode	: 0x2b000639
cpu MHz		: 2771.582
cache size	: 107520 KB
physical id	: 0
siblings	: 56
core id		: 13
cpu cores	: 56
apicid		: 26
initial apicid	: 26
fpu		: yes
fpu_exception	: yes
cpuid level	: 32
wp		: yes
flags		: fpu vme de pse tsc msr pae mce cx8 apic sep mtrr pge mca cmov pat pse36 clflush dts acpi mmx fxsr sse sse2 ss ht tm pbe syscall nx pdpe1gb rdtscp lm constant_tsc art arch_perfmon pebs bts rep_good nopl xtopology nonstop_tsc cpuid aperfmperf tsc_known_freq pni pclmulqdq dtes64 monitor ds_cpl vmx smx est tm2 ssse3 sdbg fma cx16 xtpr pdcm pcid dca sse4_1 sse4_2 x2apic movbe popcnt tsc_deadline_timer aes xsave avx f16c rdrand lahf_lm abm 3dnowprefetch cpuid_fault epb cat_l3 cat_l2 cdp_l3 cdp_l2 ssbd mba ibrs ibpb stibp ibrs_enhanced tpr_shadow flexpriority ept vpid ept_ad fsgsbase tsc_adjust bmi1 avx2 smep bmi2 erms invpcid cqm rdt_a avx512f avx512dq rdseed adx smap avx512ifma clflushopt clwb intel_pt avx512cd sha_ni avx512bw avx512vl xsaveopt xsavec xgetbv1 xsaves cqm_llc cqm_occup_llc cqm_mbm_total cqm_mbm_local split_lock_detect user_shstk avx_vnni avx512_bf16 wbnoinvd dtherm ida arat pln pts vnmi avx512vbmi umip pku ospke waitpkg avx512_vbmi2 gfni vaes vpclmulqdq avx512_vnni avx512_bitalg avx512_vpopcntdq la57 rdpid bus_lock_detect cldemote movdiri movdir64b enqcmd fsrm md_clear serialize tsxldtrk pconfig arch_lbr ibt amx_bf16 avx512_fp16 amx_tile amx_int8 flush_l1d arch_capabilities
vmx flags	: vnmi preemption_timer posted_intr invvpid ept_x_only ept_ad ept_1gb ept_5level flexpriority apicv tsc_offset vtpr mtf vapic ept vpid unrestricted_guest vapic_reg vid ple shadow_vmcs pml ept_violation_ve ept_mode_based_exec tsc_scaling usr_wait_pause notify_vm_exiting ipi_virt
bugs		: spectre_v1 spectre_v2 spec_store_bypass swapgs eibrs_pbrsb bhi spectre_v2_user old_microcode vmscape
bogomips	: 4000.00
clflush size	: 64
cache_alignment	: 64
address sizes	: 46 bits physical, 57 bits virtual
power management:

processor	: 105
vendor_id	: GenuineIntel
cpu family	: 6
model		: 143
model name	: Intel(R) Xeon(R) Platinum 8480+
stepping	: 8
microcode	: 0x2b000639
cpu MHz		: 2928.690
cache size	: 107520 KB
physical id	: 1
siblings	: 56
core id		: 13
cpu cores	: 56
apicid		: 154
initial apicid	: 154
fpu		: yes
fpu_exception	: yes
cpuid level	: 32
wp		: yes
flags		: fpu vme de pse tsc msr pae mce cx8 apic sep mtrr pge mca cmov pat pse36 clflush dts acpi mmx fxsr sse sse2 ss ht tm pbe syscall nx pdpe1gb rdtscp lm constant_tsc art arch_perfmon pebs bts rep_good nopl xtopology nonstop_tsc cpuid aperfmperf tsc_known_freq pni pclmulqdq dtes64 monitor ds_cpl vmx smx est tm2 ssse3 sdbg fma cx16 xtpr pdcm pcid dca sse4_1 sse4_2 x2apic movbe popcnt tsc_deadline_timer aes xsave avx f16c rdrand lahf_lm abm 3dnowprefetch cpuid_fault epb cat_l3 cat_l2 cdp_l3 cdp_l2 ssbd mba ibrs ibpb stibp ibrs_enhanced tpr_shadow flexpriority ept vpid ept_ad fsgsbase tsc_adjust bmi1 avx2 smep bmi2 erms invpcid cqm rdt_a avx512f avx512dq rdseed adx smap avx512ifma clflushopt clwb intel_pt avx512cd sha_ni avx512bw avx512vl xsaveopt xsavec xgetbv1 xsaves cqm_llc cqm_occup_llc cqm_mbm_total cqm_mbm_local split_lock_detect user_shstk avx_vnni avx512_bf16 wbnoinvd dtherm ida arat pln pts vnmi avx512vbmi umip pku ospke waitpkg avx512_vbmi2 gfni vaes vpclmulqdq avx512_vnni avx512_bitalg avx512_vpopcntdq la57 rdpid bus_lock_detect cldemote movdiri movdir64b enqcmd fsrm md_clear serialize tsxldtrk pconfig arch_lbr ibt amx_bf16 avx512_fp16 amx_tile amx_int8 flush_l1d arch_capabilities
vmx flags	: vnmi preemption_timer posted_intr invvpid ept_x_only ept_ad ept_1gb ept_5level flexpriority apicv tsc_offset vtpr mtf vapic ept vpid unrestricted_guest vapic_reg vid ple shadow_vmcs pml ept_violation_ve ept_mode_based_exec tsc_scaling usr_wait_pause notify_vm_exiting ipi_virt
bugs		: spectre_v1 spectre_v2 spec_store_bypass swapgs eibrs_pbrsb bhi spectre_v2_user old_microcode vmscape
bogomips	: 4000.00
clflush size	: 64
cache_alignment	: 64
address sizes	: 46 bits physical, 57 bits virtual
power management:

processor	: 106
vendor_id	: GenuineIntel
cpu family	: 6
model		: 143
model name	: Intel(R) Xeon(R) Platinum 8480+
stepping	: 8
microcode	: 0x2b000639
cpu MHz		: 2758.555
cache size	: 107520 KB
physical id	: 0
siblings	: 56
core id		: 39
cpu cores	: 56
apicid		: 78
initial apicid	: 78
fpu		: yes
fpu_exception	: yes
cpuid level	: 32
wp		: yes
flags		: fpu vme de pse tsc msr pae mce cx8 apic sep mtrr pge mca cmov pat pse36 clflush dts acpi mmx fxsr sse sse2 ss ht tm pbe syscall nx pdpe1gb rdtscp lm constant_tsc art arch_perfmon pebs bts rep_good nopl xtopology nonstop_tsc cpuid aperfmperf tsc_known_freq pni pclmulqdq dtes64 monitor ds_cpl vmx smx est tm2 ssse3 sdbg fma cx16 xtpr pdcm pcid dca sse4_1 sse4_2 x2apic movbe popcnt tsc_deadline_timer aes xsave avx f16c rdrand lahf_lm abm 3dnowprefetch cpuid_fault epb cat_l3 cat_l2 cdp_l3 cdp_l2 ssbd mba ibrs ibpb stibp ibrs_enhanced tpr_shadow flexpriority ept vpid ept_ad fsgsbase tsc_adjust bmi1 avx2 smep bmi2 erms invpcid cqm rdt_a avx512f avx512dq rdseed adx smap avx512ifma clflushopt clwb intel_pt avx512cd sha_ni avx512bw avx512vl xsaveopt xsavec xgetbv1 xsaves cqm_llc cqm_occup_llc cqm_mbm_total cqm_mbm_local split_lock_detect user_shstk avx_vnni avx512_bf16 wbnoinvd dtherm ida arat pln pts vnmi avx512vbmi umip pku ospke waitpkg avx512_vbmi2 gfni vaes vpclmulqdq avx512_vnni avx512_bitalg avx512_vpopcntdq la57 rdpid bus_lock_detect cldemote movdiri movdir64b enqcmd fsrm md_clear serialize tsxldtrk pconfig arch_lbr ibt amx_bf16 avx512_fp16 amx_tile amx_int8 flush_l1d arch_capabilities
vmx flags	: vnmi preemption_timer posted_intr invvpid ept_x_only ept_ad ept_1gb ept_5level flexpriority apicv tsc_offset vtpr mtf vapic ept vpid unrestricted_guest vapic_reg vid ple shadow_vmcs pml ept_violation_ve ept_mode_based_exec tsc_scaling usr_wait_pause notify_vm_exiting ipi_virt
bugs		: spectre_v1 spectre_v2 spec_store_bypass swapgs eibrs_pbrsb bhi spectre_v2_user old_microcode vmscape
bogomips	: 4000.00
clflush size	: 64
cache_alignment	: 64
address sizes	: 46 bits physical, 57 bits virtual
power management:

processor	: 107
vendor_id	: GenuineIntel
cpu family	: 6
model		: 143
model name	: Intel(R) Xeon(R) Platinum 8480+
stepping	: 8
microcode	: 0x2b000639
cpu MHz		: 2923.493
cache size	: 107520 KB
physical id	: 1
siblings	: 56
core id		: 39
cpu cores	: 56
apicid		: 206
initial apicid	: 206
fpu		: yes
fpu_exception	: yes
cpuid level	: 32
wp		: yes
flags		: fpu vme de pse tsc msr pae mce cx8 apic sep mtrr pge mca cmov pat pse36 clflush dts acpi mmx fxsr sse sse2 ss ht tm pbe syscall nx pdpe1gb rdtscp lm constant_tsc art arch_perfmon pebs bts rep_good nopl xtopology nonstop_tsc cpuid aperfmperf tsc_known_freq pni pclmulqdq dtes64 monitor ds_cpl vmx smx est tm2 ssse3 sdbg fma cx16 xtpr pdcm pcid dca sse4_1 sse4_2 x2apic movbe popcnt tsc_deadline_timer aes xsave avx f16c rdrand lahf_lm abm 3dnowprefetch cpuid_fault epb cat_l3 cat_l2 cdp_l3 cdp_l2 ssbd mba ibrs ibpb stibp ibrs_enhanced tpr_shadow flexpriority ept vpid ept_ad fsgsbase tsc_adjust bmi1 avx2 smep bmi2 erms invpcid cqm rdt_a avx512f avx512dq rdseed adx smap avx512ifma clflushopt clwb intel_pt avx512cd sha_ni avx512bw avx512vl xsaveopt xsavec xgetbv1 xsaves cqm_llc cqm_occup_llc cqm_mbm_total cqm_mbm_local split_lock_detect user_shstk avx_vnni avx512_bf16 wbnoinvd dtherm ida arat pln pts vnmi avx512vbmi umip pku ospke waitpkg avx512_vbmi2 gfni vaes vpclmulqdq avx512_vnni avx512_bitalg avx512_vpopcntdq la57 rdpid bus_lock_detect cldemote movdiri movdir64b enqcmd fsrm md_clear serialize tsxldtrk pconfig arch_lbr ibt amx_bf16 avx512_fp16 amx_tile amx_int8 flush_l1d arch_capabilities
vmx flags	: vnmi preemption_timer posted_intr invvpid ept_x_only ept_ad ept_1gb ept_5level flexpriority apicv tsc_offset vtpr mtf vapic ept vpid unrestricted_guest vapic_reg vid ple shadow_vmcs pml ept_violation_ve ept_mode_based_exec tsc_scaling usr_wait_pause notify_vm_exiting ipi_virt
bugs		: spectre_v1 spectre_v2 spec_store_bypass swapgs eibrs_pbrsb bhi spectre_v2_user old_microcode vmscape
bogomips	: 4000.00
clflush size	: 64
cache_alignment	: 64
address sizes	: 46 bits physical, 57 bits virtual
power management:

processor	: 108
vendor_id	: GenuineIntel
cpu family	: 6
model		: 143
model name	: Intel(R) Xeon(R) Platinum 8480+
stepping	: 8
microcode	: 0x2b000639
cpu MHz		: 2772.401
cache size	: 107520 KB
physical id	: 0
siblings	: 56
core id		: 17
cpu cores	: 56
apicid		: 34
initial apicid	: 34
fpu		: yes
fpu_exception	: yes
cpuid level	: 32
wp		: yes
flags		: fpu vme de pse tsc msr pae mce cx8 apic sep mtrr pge mca cmov pat pse36 clflush dts acpi mmx fxsr sse sse2 ss ht tm pbe syscall nx pdpe1gb rdtscp lm constant_tsc art arch_perfmon pebs bts rep_good nopl xtopology nonstop_tsc cpuid aperfmperf tsc_known_freq pni pclmulqdq dtes64 monitor ds_cpl vmx smx est tm2 ssse3 sdbg fma cx16 xtpr pdcm pcid dca sse4_1 sse4_2 x2apic movbe popcnt tsc_deadline_timer aes xsave avx f16c rdrand lahf_lm abm 3dnowprefetch cpuid_fault epb cat_l3 cat_l2 cdp_l3 cdp_l2 ssbd mba ibrs ibpb stibp ibrs_enhanced tpr_shadow flexpriority ept vpid ept_ad fsgsbase tsc_adjust bmi1 avx2 smep bmi2 erms invpcid cqm rdt_a avx512f avx512dq rdseed adx smap avx512ifma clflushopt clwb intel_pt avx512cd sha_ni avx512bw avx512vl xsaveopt xsavec xgetbv1 xsaves cqm_llc cqm_occup_llc cqm_mbm_total cqm_mbm_local split_lock_detect user_shstk avx_vnni avx512_bf16 wbnoinvd dtherm ida arat pln pts vnmi avx512vbmi umip pku ospke waitpkg avx512_vbmi2 gfni vaes vpclmulqdq avx512_vnni avx512_bitalg avx512_vpopcntdq la57 rdpid bus_lock_detect cldemote movdiri movdir64b enqcmd fsrm md_clear serialize tsxldtrk pconfig arch_lbr ibt amx_bf16 avx512_fp16 amx_tile amx_int8 flush_l1d arch_capabilities
vmx flags	: vnmi preemption_timer posted_intr invvpid ept_x_only ept_ad ept_1gb ept_5level flexpriority apicv tsc_offset vtpr mtf vapic ept vpid unrestricted_guest vapic_reg vid ple shadow_vmcs pml ept_violation_ve ept_mode_based_exec tsc_scaling usr_wait_pause notify_vm_exiting ipi_virt
bugs		: spectre_v1 spectre_v2 spec_store_bypass swapgs eibrs_pbrsb bhi spectre_v2_user old_microcode vmscape
bogomips	: 4000.00
clflush size	: 64
cache_alignment	: 64
address sizes	: 46 bits physical, 57 bits virtual
power management:

processor	: 109
vendor_id	: GenuineIntel
cpu family	: 6
model		: 143
model name	: Intel(R) Xeon(R) Platinum 8480+
stepping	: 8
microcode	: 0x2b000639
cpu MHz		: 2915.931
cache size	: 107520 KB
physical id	: 1
siblings	: 56
core id		: 17
cpu cores	: 56
apicid		: 162
initial apicid	: 162
fpu		: yes
fpu_exception	: yes
cpuid level	: 32
wp		: yes
flags		: fpu vme de pse tsc msr pae mce cx8 apic sep mtrr pge mca cmov pat pse36 clflush dts acpi mmx fxsr sse sse2 ss ht tm pbe syscall nx pdpe1gb rdtscp lm constant_tsc art arch_perfmon pebs bts rep_good nopl xtopology nonstop_tsc cpuid aperfmperf tsc_known_freq pni pclmulqdq dtes64 monitor ds_cpl vmx smx est tm2 ssse3 sdbg fma cx16 xtpr pdcm pcid dca sse4_1 sse4_2 x2apic movbe popcnt tsc_deadline_timer aes xsave avx f16c rdrand lahf_lm abm 3dnowprefetch cpuid_fault epb cat_l3 cat_l2 cdp_l3 cdp_l2 ssbd mba ibrs ibpb stibp ibrs_enhanced tpr_shadow flexpriority ept vpid ept_ad fsgsbase tsc_adjust bmi1 avx2 smep bmi2 erms invpcid cqm rdt_a avx512f avx512dq rdseed adx smap avx512ifma clflushopt clwb intel_pt avx512cd sha_ni avx512bw avx512vl xsaveopt xsavec xgetbv1 xsaves cqm_llc cqm_occup_llc cqm_mbm_total cqm_mbm_local split_lock_detect user_shstk avx_vnni avx512_bf16 wbnoinvd dtherm ida arat pln pts vnmi avx512vbmi umip pku ospke waitpkg avx512_vbmi2 gfni vaes vpclmulqdq avx512_vnni avx512_bitalg avx512_vpopcntdq la57 rdpid bus_lock_detect cldemote movdiri movdir64b enqcmd fsrm md_clear serialize tsxldtrk pconfig arch_lbr ibt amx_bf16 avx512_fp16 amx_tile amx_int8 flush_l1d arch_capabilities
vmx flags	: vnmi preemption_timer posted_intr invvpid ept_x_only ept_ad ept_1gb ept_5level flexpriority apicv tsc_offset vtpr mtf vapic ept vpid unrestricted_guest vapic_reg vid ple shadow_vmcs pml ept_violation_ve ept_mode_based_exec tsc_scaling usr_wait_pause notify_vm_exiting ipi_virt
bugs		: spectre_v1 spectre_v2 spec_store_bypass swapgs eibrs_pbrsb bhi spectre_v2_user old_microcode vmscape
bogomips	: 4000.00
clflush size	: 64
cache_alignment	: 64
address sizes	: 46 bits physical, 57 bits virtual
power management:

processor	: 110
vendor_id	: GenuineIntel
cpu family	: 6
model		: 143
model name	: Intel(R) Xeon(R) Platinum 8480+
stepping	: 8
microcode	: 0x2b000639
cpu MHz		: 2773.483
cache size	: 107520 KB
physical id	: 0
siblings	: 56
core id		: 42
cpu cores	: 56
apicid		: 84
initial apicid	: 84
fpu		: yes
fpu_exception	: yes
cpuid level	: 32
wp		: yes
flags		: fpu vme de pse tsc msr pae mce cx8 apic sep mtrr pge mca cmov pat pse36 clflush dts acpi mmx fxsr sse sse2 ss ht tm pbe syscall nx pdpe1gb rdtscp lm constant_tsc art arch_perfmon pebs bts rep_good nopl xtopology nonstop_tsc cpuid aperfmperf tsc_known_freq pni pclmulqdq dtes64 monitor ds_cpl vmx smx est tm2 ssse3 sdbg fma cx16 xtpr pdcm pcid dca sse4_1 sse4_2 x2apic movbe popcnt tsc_deadline_timer aes xsave avx f16c rdrand lahf_lm abm 3dnowprefetch cpuid_fault epb cat_l3 cat_l2 cdp_l3 cdp_l2 ssbd mba ibrs ibpb stibp ibrs_enhanced tpr_shadow flexpriority ept vpid ept_ad fsgsbase tsc_adjust bmi1 avx2 smep bmi2 erms invpcid cqm rdt_a avx512f avx512dq rdseed adx smap avx512ifma clflushopt clwb intel_pt avx512cd sha_ni avx512bw avx512vl xsaveopt xsavec xgetbv1 xsaves cqm_llc cqm_occup_llc cqm_mbm_total cqm_mbm_local split_lock_detect user_shstk avx_vnni avx512_bf16 wbnoinvd dtherm ida arat pln pts vnmi avx512vbmi umip pku ospke waitpkg avx512_vbmi2 gfni vaes vpclmulqdq avx512_vnni avx512_bitalg avx512_vpopcntdq la57 rdpid bus_lock_detect cldemote movdiri movdir64b enqcmd fsrm md_clear serialize tsxldtrk pconfig arch_lbr ibt amx_bf16 avx512_fp16 amx_tile amx_int8 flush_l1d arch_capabilities
vmx flags	: vnmi preemption_timer posted_intr invvpid ept_x_only ept_ad ept_1gb ept_5level flexpriority apicv tsc_offset vtpr mtf vapic ept vpid unrestricted_guest vapic_reg vid ple shadow_vmcs pml ept_violation_ve ept_mode_based_exec tsc_scaling usr_wait_pause notify_vm_exiting ipi_virt
bugs		: spectre_v1 spectre_v2 spec_store_bypass swapgs eibrs_pbrsb bhi spectre_v2_user old_microcode vmscape
bogomips	: 4000.00
clflush size	: 64
cache_alignment	: 64
address sizes	: 46 bits physical, 57 bits virtual
power management:

processor	: 111
vendor_id	: GenuineIntel
cpu family	: 6
model		: 143
model name	: Intel(R) Xeon(R) Platinum 8480+
stepping	: 8
microcode	: 0x2b000639
cpu MHz		: 2928.571
cache size	: 107520 KB
physical id	: 1
siblings	: 56
core id		: 42
cpu cores	: 56
apicid		: 212
initial apicid	: 212
fpu		: yes
fpu_exception	: yes
cpuid level	: 32
wp		: yes
flags		: fpu vme de pse tsc msr pae mce cx8 apic sep mtrr pge mca cmov pat pse36 clflush dts acpi mmx fxsr sse sse2 ss ht tm pbe syscall nx pdpe1gb rdtscp lm constant_tsc art arch_perfmon pebs bts rep_good nopl xtopology nonstop_tsc cpuid aperfmperf tsc_known_freq pni pclmulqdq dtes64 monitor ds_cpl vmx smx est tm2 ssse3 sdbg fma cx16 xtpr pdcm pcid dca sse4_1 sse4_2 x2apic movbe popcnt tsc_deadline_timer aes xsave avx f16c rdrand lahf_lm abm 3dnowprefetch cpuid_fault epb cat_l3 cat_l2 cdp_l3 cdp_l2 ssbd mba ibrs ibpb stibp ibrs_enhanced tpr_shadow flexpriority ept vpid ept_ad fsgsbase tsc_adjust bmi1 avx2 smep bmi2 erms invpcid cqm rdt_a avx512f avx512dq rdseed adx smap avx512ifma clflushopt clwb intel_pt avx512cd sha_ni avx512bw avx512vl xsaveopt xsavec xgetbv1 xsaves cqm_llc cqm_occup_llc cqm_mbm_total cqm_mbm_local split_lock_detect user_shstk avx_vnni avx512_bf16 wbnoinvd dtherm ida arat pln pts vnmi avx512vbmi umip pku ospke waitpkg avx512_vbmi2 gfni vaes vpclmulqdq avx512_vnni avx512_bitalg avx512_vpopcntdq la57 rdpid bus_lock_detect cldemote movdiri movdir64b enqcmd fsrm md_clear serialize tsxldtrk pconfig arch_lbr ibt amx_bf16 avx512_fp16 amx_tile amx_int8 flush_l1d arch_capabilities
vmx flags	: vnmi preemption_timer posted_intr invvpid ept_x_only ept_ad ept_1gb ept_5level flexpriority apicv tsc_offset vtpr mtf vapic ept vpid unrestricted_guest vapic_reg vid ple shadow_vmcs pml ept_violation_ve ept_mode_based_exec tsc_scaling usr_wait_pause notify_vm_exiting ipi_virt
bugs		: spectre_v1 spectre_v2 spec_store_bypass swapgs eibrs_pbrsb bhi spectre_v2_user old_microcode vmscape
bogomips	: 4000.00
clflush size	: 64
cache_alignment	: 64
address sizes	: 46 bits physical, 57 bits virtual
power management:

Running growth rate 1% for 3 years.
./output/3y/mass_cuda-amz-static-output-3y-1p.edgelist
./output/3y/mass_cuda-amz-static-output-3y-1p.aux
Citation Network ABM – MASS CUDA
=================================

Out-degree bag: 3980408 entries
Recency probs:  356 entries
BFS batches:    25 per year

=== Initializing Citation ABM ===

Inside parseNodelist...
Populating continuous node mappings (334863 nodes)...
parseNodelist done in 277 ms (334863 nodes)

Inside parseEdgelist...
parseEdgelist done in 163 ms (925872 edges)
Seed max year: 2020  → simulation starts at 2021
Max population: 347011
Seed population: 334863 papers
  DeviceGraph: fwd=925872 bwd=925872 edges
Initialization complete


=== Simulation Start ===

--- Year 2021 (pop: 334863) ---
  Adding 3349 new papers
  DeviceGraph: fwd=925872 bwd=925872 edges
  Processing 3349 papers in 25 batches of ~134
  NeighborhoodSlab: 134 threads × 2304 KB = 301 MB
  Batch 0 [0,134) done in 38 ms  h_edges=927750
  NeighborhoodSlab: 134 threads × 2304 KB = 301 MB
  Batch 1 [134,268) done in 37 ms  h_edges=930068
  NeighborhoodSlab: 134 threads × 2304 KB = 301 MB
  Batch 2 [268,402) done in 36 ms  h_edges=932419
  NeighborhoodSlab: 134 threads × 2304 KB = 301 MB
  Batch 3 [402,536) done in 37 ms  h_edges=935203
  NeighborhoodSlab: 134 threads × 2304 KB = 301 MB
  Batch 4 [536,670) done in 37 ms  h_edges=937720
  NeighborhoodSlab: 134 threads × 2304 KB = 301 MB
  Batch 5 [670,804) done in 37 ms  h_edges=939950
  NeighborhoodSlab: 134 threads × 2304 KB = 301 MB
  Batch 6 [804,938) done in 37 ms  h_edges=942859
  NeighborhoodSlab: 134 threads × 2304 KB = 301 MB
  Batch 7 [938,1072) done in 36 ms  h_edges=945264
  NeighborhoodSlab: 134 threads × 2304 KB = 301 MB
  Batch 8 [1072,1206) done in 37 ms  h_edges=947989
  NeighborhoodSlab: 134 threads × 2304 KB = 301 MB
  Batch 9 [1206,1340) done in 36 ms  h_edges=950104
  NeighborhoodSlab: 134 threads × 2304 KB = 301 MB
  Batch 10 [1340,1474) done in 36 ms  h_edges=952739
  NeighborhoodSlab: 134 threads × 2304 KB = 301 MB
  Batch 11 [1474,1608) done in 36 ms  h_edges=955449
  NeighborhoodSlab: 134 threads × 2304 KB = 301 MB
  Batch 12 [1608,1742) done in 36 ms  h_edges=957956
  NeighborhoodSlab: 134 threads × 2304 KB = 301 MB
  Batch 13 [1742,1876) done in 40 ms  h_edges=960529
  NeighborhoodSlab: 134 threads × 2304 KB = 301 MB
  Batch 14 [1876,2010) done in 37 ms  h_edges=962884
  NeighborhoodSlab: 134 threads × 2304 KB = 301 MB
  Batch 15 [2010,2144) done in 38 ms  h_edges=965629
  NeighborhoodSlab: 134 threads × 2304 KB = 301 MB
  Batch 16 [2144,2278) done in 37 ms  h_edges=968645
  NeighborhoodSlab: 134 threads × 2304 KB = 301 MB
  Batch 17 [2278,2412) done in 37 ms  h_edges=971171
  NeighborhoodSlab: 134 threads × 2304 KB = 301 MB
  Batch 18 [2412,2546) done in 37 ms  h_edges=974088
  NeighborhoodSlab: 134 threads × 2304 KB = 301 MB
  Batch 19 [2546,2680) done in 37 ms  h_edges=976423
  NeighborhoodSlab: 134 threads × 2304 KB = 301 MB
  Batch 20 [2680,2814) done in 36 ms  h_edges=978545
  NeighborhoodSlab: 134 threads × 2304 KB = 301 MB
  Batch 21 [2814,2948) done in 36 ms  h_edges=981155
  NeighborhoodSlab: 134 threads × 2304 KB = 301 MB
  Batch 22 [2948,3082) done in 38 ms  h_edges=984344
  NeighborhoodSlab: 134 threads × 2304 KB = 301 MB
  Batch 23 [3082,3216) done in 36 ms  h_edges=986965
  NeighborhoodSlab: 133 threads × 2304 KB = 299 MB
  Batch 24 [3216,3349) done in 36 ms  h_edges=989201
  DeviceGraph: fwd=989201 bwd=989201 edges
  Year 2021 total: 2726 ms  (pop: 338212)

--- Year 2022 (pop: 338212) ---
  Adding 3383 new papers
  DeviceGraph: fwd=989201 bwd=989201 edges
  Processing 3383 papers in 25 batches of ~136
  NeighborhoodSlab: 136 threads × 2304 KB = 306 MB
  Batch 0 [0,136) done in 37 ms  h_edges=992187
  NeighborhoodSlab: 136 threads × 2304 KB = 306 MB
  Batch 1 [136,272) done in 37 ms  h_edges=994818
  NeighborhoodSlab: 136 threads × 2304 KB = 306 MB
  Batch 2 [272,408) done in 37 ms  h_edges=998130
  NeighborhoodSlab: 136 threads × 2304 KB = 306 MB
  Batch 3 [408,544) done in 37 ms  h_edges=1000811
  NeighborhoodSlab: 136 threads × 2304 KB = 306 MB
  Batch 4 [544,680) done in 38 ms  h_edges=1003664
  NeighborhoodSlab: 136 threads × 2304 KB = 306 MB
  Batch 5 [680,816) done in 37 ms  h_edges=1006387
  NeighborhoodSlab: 136 threads × 2304 KB = 306 MB
  Batch 6 [816,952) done in 38 ms  h_edges=1009155
  NeighborhoodSlab: 136 threads × 2304 KB = 306 MB
  Batch 7 [952,1088) done in 37 ms  h_edges=1011381
  NeighborhoodSlab: 136 threads × 2304 KB = 306 MB
  Batch 8 [1088,1224) done in 37 ms  h_edges=1013747
  NeighborhoodSlab: 136 threads × 2304 KB = 306 MB
  Batch 9 [1224,1360) done in 37 ms  h_edges=1016241
  NeighborhoodSlab: 136 threads × 2304 KB = 306 MB
  Batch 10 [1360,1496) done in 38 ms  h_edges=1019098
  NeighborhoodSlab: 136 threads × 2304 KB = 306 MB
  Batch 11 [1496,1632) done in 37 ms  h_edges=1022000
  NeighborhoodSlab: 136 threads × 2304 KB = 306 MB
  Batch 12 [1632,1768) done in 38 ms  h_edges=1024726
  NeighborhoodSlab: 136 threads × 2304 KB = 306 MB
  Batch 13 [1768,1904) done in 37 ms  h_edges=1027265
  NeighborhoodSlab: 136 threads × 2304 KB = 306 MB
  Batch 14 [1904,2040) done in 37 ms  h_edges=1029474
  NeighborhoodSlab: 136 threads × 2304 KB = 306 MB
  Batch 15 [2040,2176) done in 38 ms  h_edges=1032467
  NeighborhoodSlab: 136 threads × 2304 KB = 306 MB
  Batch 16 [2176,2312) done in 37 ms  h_edges=1034818
  NeighborhoodSlab: 136 threads × 2304 KB = 306 MB
  Batch 17 [2312,2448) done in 37 ms  h_edges=1037799
  NeighborhoodSlab: 136 threads × 2304 KB = 306 MB
  Batch 18 [2448,2584) done in 38 ms  h_edges=1040461
  NeighborhoodSlab: 136 threads × 2304 KB = 306 MB
  Batch 19 [2584,2720) done in 38 ms  h_edges=1043376
  NeighborhoodSlab: 136 threads × 2304 KB = 306 MB
  Batch 20 [2720,2856) done in 37 ms  h_edges=1045992
  NeighborhoodSlab: 136 threads × 2304 KB = 306 MB
  Batch 21 [2856,2992) done in 37 ms  h_edges=1048565
  NeighborhoodSlab: 136 threads × 2304 KB = 306 MB
  Batch 22 [2992,3128) done in 38 ms  h_edges=1051817
  NeighborhoodSlab: 136 threads × 2304 KB = 306 MB
  Batch 23 [3128,3264) done in 37 ms  h_edges=1054508
  NeighborhoodSlab: 119 threads × 2304 KB = 267 MB
  Batch 24 [3264,3383) done in 34 ms  h_edges=1056793
  DeviceGraph: fwd=1056793 bwd=1056793 edges
  Year 2022 total: 2831 ms  (pop: 341595)

--- Year 2023 (pop: 341595) ---
  Adding 3416 new papers
  DeviceGraph: fwd=1056793 bwd=1056793 edges
  Processing 3416 papers in 25 batches of ~137
  NeighborhoodSlab: 137 threads × 2304 KB = 308 MB
  Batch 0 [0,137) done in 38 ms  h_edges=1059534
  NeighborhoodSlab: 137 threads × 2304 KB = 308 MB
  Batch 1 [137,274) done in 38 ms  h_edges=1062304
  NeighborhoodSlab: 137 threads × 2304 KB = 308 MB
  Batch 2 [274,411) done in 37 ms  h_edges=1064679
  NeighborhoodSlab: 137 threads × 2304 KB = 308 MB
  Batch 3 [411,548) done in 38 ms  h_edges=1067161
  NeighborhoodSlab: 137 threads × 2304 KB = 308 MB
  Batch 4 [548,685) done in 38 ms  h_edges=1070008
  NeighborhoodSlab: 137 threads × 2304 KB = 308 MB
  Batch 5 [685,822) done in 37 ms  h_edges=1072744
  NeighborhoodSlab: 137 threads × 2304 KB = 308 MB
  Batch 6 [822,959) done in 37 ms  h_edges=1075061
  NeighborhoodSlab: 137 threads × 2304 KB = 308 MB
  Batch 7 [959,1096) done in 38 ms  h_edges=1078157
  NeighborhoodSlab: 137 threads × 2304 KB = 308 MB
  Batch 8 [1096,1233) done in 37 ms  h_edges=1081012
  NeighborhoodSlab: 137 threads × 2304 KB = 308 MB
  Batch 9 [1233,1370) done in 38 ms  h_edges=1083286
  NeighborhoodSlab: 137 threads × 2304 KB = 308 MB
  Batch 10 [1370,1507) done in 38 ms  h_edges=1086057
  NeighborhoodSlab: 137 threads × 2304 KB = 308 MB
  Batch 11 [1507,1644) done in 38 ms  h_edges=1088781
  NeighborhoodSlab: 137 threads × 2304 KB = 308 MB
  Batch 12 [1644,1781) done in 38 ms  h_edges=1091200
  NeighborhoodSlab: 137 threads × 2304 KB = 308 MB
  Batch 13 [1781,1918) done in 38 ms  h_edges=1093906
  NeighborhoodSlab: 137 threads × 2304 KB = 308 MB
  Batch 14 [1918,2055) done in 37 ms  h_edges=1096899
  NeighborhoodSlab: 137 threads × 2304 KB = 308 MB
  Batch 15 [2055,2192) done in 39 ms  h_edges=1099436
  NeighborhoodSlab: 137 threads × 2304 KB = 308 MB
  Batch 16 [2192,2329) done in 38 ms  h_edges=1102149
  NeighborhoodSlab: 137 threads × 2304 KB = 308 MB
  Batch 17 [2329,2466) done in 37 ms  h_edges=1104242
  NeighborhoodSlab: 137 threads × 2304 KB = 308 MB
  Batch 18 [2466,2603) done in 37 ms  h_edges=1106448
  NeighborhoodSlab: 137 threads × 2304 KB = 308 MB
  Batch 19 [2603,2740) done in 37 ms  h_edges=1109339
  NeighborhoodSlab: 137 threads × 2304 KB = 308 MB
  Batch 20 [2740,2877) done in 38 ms  h_edges=1112209
  NeighborhoodSlab: 137 threads × 2304 KB = 308 MB
  Batch 21 [2877,3014) done in 37 ms  h_edges=1114906
  NeighborhoodSlab: 137 threads × 2304 KB = 308 MB
  Batch 22 [3014,3151) done in 37 ms  h_edges=1117272
  NeighborhoodSlab: 137 threads × 2304 KB = 308 MB
  Batch 23 [3151,3288) done in 38 ms  h_edges=1120282
  NeighborhoodSlab: 128 threads × 2304 KB = 288 MB
  Batch 24 [3288,3416) done in 36 ms  h_edges=1122634
  DeviceGraph: fwd=1122634 bwd=1122634 edges
  Year 2023 total: 3072 ms  (pop: 345011)

=== Simulation Complete ===
Total: 8 s  Final pop: 345011

=== Exporting Results ===
Edges saved: ./output/3y/mass_cuda-amz-static-output-3y-1p.edgelist (1122634)
Attributes saved: ./output/3y/mass_cuda-amz-static-output-3y-1p.aux (345011 rows)

Done.

real	0m13.223s
user	0m12.067s
sys	0m1.005s
Running growth rate 1% for 3 years.
./output/3y/mass_cuda-eu-static-output-3y-1p.edgelist
./output/3y/mass_cuda-eu-static-output-3y-1p.aux
Citation Network ABM – MASS CUDA
=================================

Out-degree bag: 3980408 entries
Recency probs:  356 entries
BFS batches:    25 per year

=== Initializing Citation ABM ===

Inside parseNodelist...
Populating continuous node mappings (265009 nodes)...
parseNodelist done in 215 ms (265009 nodes)

Inside parseEdgelist...
parseEdgelist done in 49 ms (418956 edges)
Seed max year: 2020  → simulation starts at 2021
Max population: 275041
Seed population: 265009 papers
  DeviceGraph: fwd=364481 bwd=364481 edges
Initialization complete


=== Simulation Start ===

--- Year 2021 (pop: 265009) ---
  Adding 2651 new papers
  DeviceGraph: fwd=364481 bwd=364481 edges
  Processing 2651 papers in 25 batches of ~107
  NeighborhoodSlab: 107 threads × 2304 KB = 240 MB
  Batch 0 [0,107) done in 41 ms  h_edges=420581
  NeighborhoodSlab: 107 threads × 2304 KB = 240 MB
  Batch 1 [107,214) done in 49 ms  h_edges=422940
  NeighborhoodSlab: 107 threads × 2304 KB = 240 MB
  Batch 2 [214,321) done in 48 ms  h_edges=425405
  NeighborhoodSlab: 107 threads × 2304 KB = 240 MB
  Batch 3 [321,428) done in 67 ms  h_edges=427560
  NeighborhoodSlab: 107 threads × 2304 KB = 240 MB
  Batch 4 [428,535) done in 41 ms  h_edges=429620
  NeighborhoodSlab: 107 threads × 2304 KB = 240 MB
  Batch 5 [535,642) done in 41 ms  h_edges=431974
  NeighborhoodSlab: 107 threads × 2304 KB = 240 MB
  Batch 6 [642,749) done in 54 ms  h_edges=434716
  NeighborhoodSlab: 107 threads × 2304 KB = 240 MB
  Batch 7 [749,856) done in 42 ms  h_edges=436529
  NeighborhoodSlab: 107 threads × 2304 KB = 240 MB
  Batch 8 [856,963) done in 44 ms  h_edges=438368
  NeighborhoodSlab: 107 threads × 2304 KB = 240 MB
  Batch 9 [963,1070) done in 41 ms  h_edges=440640
  NeighborhoodSlab: 107 threads × 2304 KB = 240 MB
  Batch 10 [1070,1177) done in 42 ms  h_edges=443061
  NeighborhoodSlab: 107 threads × 2304 KB = 240 MB
  Batch 11 [1177,1284) done in 44 ms  h_edges=445022
  NeighborhoodSlab: 107 threads × 2304 KB = 240 MB
  Batch 12 [1284,1391) done in 46 ms  h_edges=447332
  NeighborhoodSlab: 107 threads × 2304 KB = 240 MB
  Batch 13 [1391,1498) done in 43 ms  h_edges=449523
  NeighborhoodSlab: 107 threads × 2304 KB = 240 MB
  Batch 14 [1498,1605) done in 40 ms  h_edges=451383
  NeighborhoodSlab: 107 threads × 2304 KB = 240 MB
  Batch 15 [1605,1712) done in 44 ms  h_edges=453443
  NeighborhoodSlab: 107 threads × 2304 KB = 240 MB
  Batch 16 [1712,1819) done in 39 ms  h_edges=455236
  NeighborhoodSlab: 107 threads × 2304 KB = 240 MB
  Batch 17 [1819,1926) done in 71 ms  h_edges=456994
  NeighborhoodSlab: 107 threads × 2304 KB = 240 MB
  Batch 18 [1926,2033) done in 42 ms  h_edges=459241
  NeighborhoodSlab: 107 threads × 2304 KB = 240 MB
  Batch 19 [2033,2140) done in 57 ms  h_edges=461222
  NeighborhoodSlab: 107 threads × 2304 KB = 240 MB
  Batch 20 [2140,2247) done in 43 ms  h_edges=463180
  NeighborhoodSlab: 107 threads × 2304 KB = 240 MB
  Batch 21 [2247,2354) done in 43 ms  h_edges=465581
  NeighborhoodSlab: 107 threads × 2304 KB = 240 MB
  Batch 22 [2354,2461) done in 45 ms  h_edges=467761
  NeighborhoodSlab: 107 threads × 2304 KB = 240 MB
  Batch 23 [2461,2568) done in 43 ms  h_edges=469715
  NeighborhoodSlab: 83 threads × 2304 KB = 186 MB
  Batch 24 [2568,2651) done in 40 ms  h_edges=471266
  DeviceGraph: fwd=416791 bwd=416791 edges
  Year 2021 total: 1789 ms  (pop: 267660)

--- Year 2022 (pop: 267660) ---
  Adding 2677 new papers
  DeviceGraph: fwd=416791 bwd=416791 edges
  Processing 2677 papers in 25 batches of ~108
  NeighborhoodSlab: 108 threads × 2304 KB = 243 MB
  Batch 0 [0,108) done in 53 ms  h_edges=473382
  NeighborhoodSlab: 108 threads × 2304 KB = 243 MB
  Batch 1 [108,216) done in 44 ms  h_edges=475097
  NeighborhoodSlab: 108 threads × 2304 KB = 243 MB
  Batch 2 [216,324) done in 42 ms  h_edges=477175
  NeighborhoodSlab: 108 threads × 2304 KB = 243 MB
  Batch 3 [324,432) done in 43 ms  h_edges=479133
  NeighborhoodSlab: 108 threads × 2304 KB = 243 MB
  Batch 4 [432,540) done in 41 ms  h_edges=480751
  NeighborhoodSlab: 108 threads × 2304 KB = 243 MB
  Batch 5 [540,648) done in 43 ms  h_edges=482689
  NeighborhoodSlab: 108 threads × 2304 KB = 243 MB
  Batch 6 [648,756) done in 61 ms  h_edges=484759
  NeighborhoodSlab: 108 threads × 2304 KB = 243 MB
  Batch 7 [756,864) done in 53 ms  h_edges=486755
  NeighborhoodSlab: 108 threads × 2304 KB = 243 MB
  Batch 8 [864,972) done in 47 ms  h_edges=488611
  NeighborhoodSlab: 108 threads × 2304 KB = 243 MB
  Batch 9 [972,1080) done in 41 ms  h_edges=491101
  NeighborhoodSlab: 108 threads × 2304 KB = 243 MB
  Batch 10 [1080,1188) done in 55 ms  h_edges=493514
  NeighborhoodSlab: 108 threads × 2304 KB = 243 MB
  Batch 11 [1188,1296) done in 44 ms  h_edges=495779
  NeighborhoodSlab: 108 threads × 2304 KB = 243 MB
  Batch 12 [1296,1404) done in 41 ms  h_edges=497966
  NeighborhoodSlab: 108 threads × 2304 KB = 243 MB
  Batch 13 [1404,1512) done in 86 ms  h_edges=500224
  NeighborhoodSlab: 108 threads × 2304 KB = 243 MB
  Batch 14 [1512,1620) done in 45 ms  h_edges=501816
  NeighborhoodSlab: 108 threads × 2304 KB = 243 MB
  Batch 15 [1620,1728) done in 46 ms  h_edges=503726
  NeighborhoodSlab: 108 threads × 2304 KB = 243 MB
  Batch 16 [1728,1836) done in 42 ms  h_edges=505550
  NeighborhoodSlab: 108 threads × 2304 KB = 243 MB
  Batch 17 [1836,1944) done in 51 ms  h_edges=507687
  NeighborhoodSlab: 108 threads × 2304 KB = 243 MB
  Batch 18 [1944,2052) done in 43 ms  h_edges=509746
  NeighborhoodSlab: 108 threads × 2304 KB = 243 MB
  Batch 19 [2052,2160) done in 48 ms  h_edges=512052
  NeighborhoodSlab: 108 threads × 2304 KB = 243 MB
  Batch 20 [2160,2268) done in 44 ms  h_edges=513921
  NeighborhoodSlab: 108 threads × 2304 KB = 243 MB
  Batch 21 [2268,2376) done in 43 ms  h_edges=515952
  NeighborhoodSlab: 108 threads × 2304 KB = 243 MB
  Batch 22 [2376,2484) done in 54 ms  h_edges=518297
  NeighborhoodSlab: 108 threads × 2304 KB = 243 MB
  Batch 23 [2484,2592) done in 68 ms  h_edges=520583
  NeighborhoodSlab: 85 threads × 2304 KB = 191 MB
  Batch 24 [2592,2677) done in 37 ms  h_edges=522350
  DeviceGraph: fwd=467875 bwd=467875 edges
  Year 2022 total: 1937 ms  (pop: 270337)

--- Year 2023 (pop: 270337) ---
  Adding 2704 new papers
  DeviceGraph: fwd=467875 bwd=467875 edges
  Processing 2704 papers in 25 batches of ~109
  NeighborhoodSlab: 109 threads × 2304 KB = 245 MB
  Batch 0 [0,109) done in 49 ms  h_edges=524570
  NeighborhoodSlab: 109 threads × 2304 KB = 245 MB
  Batch 1 [109,218) done in 105 ms  h_edges=526674
  NeighborhoodSlab: 109 threads × 2304 KB = 245 MB
  Batch 2 [218,327) done in 57 ms  h_edges=528495
  NeighborhoodSlab: 109 threads × 2304 KB = 245 MB
  Batch 3 [327,436) done in 60 ms  h_edges=530669
  NeighborhoodSlab: 109 threads × 2304 KB = 245 MB
  Batch 4 [436,545) done in 51 ms  h_edges=532902
  NeighborhoodSlab: 109 threads × 2304 KB = 245 MB
  Batch 5 [545,654) done in 55 ms  h_edges=534994
  NeighborhoodSlab: 109 threads × 2304 KB = 245 MB
  Batch 6 [654,763) done in 49 ms  h_edges=536837
  NeighborhoodSlab: 109 threads × 2304 KB = 245 MB
  Batch 7 [763,872) done in 45 ms  h_edges=538976
  NeighborhoodSlab: 109 threads × 2304 KB = 245 MB
  Batch 8 [872,981) done in 59 ms  h_edges=540905
  NeighborhoodSlab: 109 threads × 2304 KB = 245 MB
  Batch 9 [981,1090) done in 53 ms  h_edges=543750
  NeighborhoodSlab: 109 threads × 2304 KB = 245 MB
  Batch 10 [1090,1199) done in 48 ms  h_edges=545349
  NeighborhoodSlab: 109 threads × 2304 KB = 245 MB
  Batch 11 [1199,1308) done in 52 ms  h_edges=547297
  NeighborhoodSlab: 109 threads × 2304 KB = 245 MB
  Batch 12 [1308,1417) done in 71 ms  h_edges=549575
  NeighborhoodSlab: 109 threads × 2304 KB = 245 MB
  Batch 13 [1417,1526) done in 68 ms  h_edges=551547
  NeighborhoodSlab: 109 threads × 2304 KB = 245 MB
  Batch 14 [1526,1635) done in 59 ms  h_edges=553424
  NeighborhoodSlab: 109 threads × 2304 KB = 245 MB
  Batch 15 [1635,1744) done in 45 ms  h_edges=555335
  NeighborhoodSlab: 109 threads × 2304 KB = 245 MB
  Batch 16 [1744,1853) done in 45 ms  h_edges=557511
  NeighborhoodSlab: 109 threads × 2304 KB = 245 MB
  Batch 17 [1853,1962) done in 56 ms  h_edges=559475
  NeighborhoodSlab: 109 threads × 2304 KB = 245 MB
  Batch 18 [1962,2071) done in 66 ms  h_edges=561641
  NeighborhoodSlab: 109 threads × 2304 KB = 245 MB
  Batch 19 [2071,2180) done in 46 ms  h_edges=563472
  NeighborhoodSlab: 109 threads × 2304 KB = 245 MB
  Batch 20 [2180,2289) done in 47 ms  h_edges=566099
  NeighborhoodSlab: 109 threads × 2304 KB = 245 MB
  Batch 21 [2289,2398) done in 60 ms  h_edges=567874
  NeighborhoodSlab: 109 threads × 2304 KB = 245 MB
  Batch 22 [2398,2507) done in 49 ms  h_edges=570020
  NeighborhoodSlab: 109 threads × 2304 KB = 245 MB
  Batch 23 [2507,2616) done in 48 ms  h_edges=571990
  NeighborhoodSlab: 88 threads × 2304 KB = 198 MB
  Batch 24 [2616,2704) done in 42 ms  h_edges=573676
  DeviceGraph: fwd=519201 bwd=519201 edges
  Year 2023 total: 2112 ms  (pop: 273041)

=== Simulation Complete ===
Total: 5 s  Final pop: 273041

=== Exporting Results ===
Edges saved: ./output/3y/mass_cuda-eu-static-output-3y-1p.edgelist (573676)
Attributes saved: ./output/3y/mass_cuda-eu-static-output-3y-1p.aux (273041 rows)

Done.

real	0m8.608s
user	0m7.737s
sys	0m0.791s
Running growth rate 1% for 3 years.
./output/3y/mass_cuda-yutb-static-output-3y-1p.edgelist
./output/3y/mass_cuda-yutb-static-output-3y-1p.aux
Citation Network ABM – MASS CUDA
=================================

Out-degree bag: 3980408 entries
Recency probs:  356 entries
BFS batches:    25 per year

=== Initializing Citation ABM ===

Inside parseNodelist...
Populating continuous node mappings (1134890 nodes)...
parseNodelist done in 1096 ms (1134890 nodes)

Inside parseEdgelist...
parseEdgelist done in 365 ms (2987624 edges)
Seed max year: 2026  → simulation starts at 2027
Max population: 1171280
Seed population: 1134890 papers
  DeviceGraph: fwd=2987624 bwd=2987624 edges
Initialization complete


=== Simulation Start ===

--- Year 2027 (pop: 1134890) ---
  Adding 11349 new papers
  DeviceGraph: fwd=2987624 bwd=2987624 edges
  Processing 11349 papers in 25 batches of ~454
  NeighborhoodSlab: 454 threads × 2304 KB = 1021 MB
  Batch 0 [0,454) done in 140 ms  h_edges=2997206
  NeighborhoodSlab: 454 threads × 2304 KB = 1021 MB
  Batch 1 [454,908) done in 151 ms  h_edges=3006541
  NeighborhoodSlab: 454 threads × 2304 KB = 1021 MB
  Batch 2 [908,1362) done in 140 ms  h_edges=3015857
  NeighborhoodSlab: 454 threads × 2304 KB = 1021 MB
  Batch 3 [1362,1816) done in 154 ms  h_edges=3024341
  NeighborhoodSlab: 454 threads × 2304 KB = 1021 MB
  Batch 4 [1816,2270) done in 158 ms  h_edges=3033428
  NeighborhoodSlab: 454 threads × 2304 KB = 1021 MB
  Batch 5 [2270,2724) done in 160 ms  h_edges=3043091
  NeighborhoodSlab: 454 threads × 2304 KB = 1021 MB
  Batch 6 [2724,3178) done in 167 ms  h_edges=3053261
  NeighborhoodSlab: 454 threads × 2304 KB = 1021 MB
  Batch 7 [3178,3632) done in 148 ms  h_edges=3061947
  NeighborhoodSlab: 454 threads × 2304 KB = 1021 MB
  Batch 8 [3632,4086) done in 166 ms  h_edges=3071338
  NeighborhoodSlab: 454 threads × 2304 KB = 1021 MB
  Batch 9 [4086,4540) done in 118 ms  h_edges=3081164
  NeighborhoodSlab: 454 threads × 2304 KB = 1021 MB
  Batch 10 [4540,4994) done in 131 ms  h_edges=3089644
  NeighborhoodSlab: 454 threads × 2304 KB = 1021 MB
  Batch 11 [4994,5448) done in 149 ms  h_edges=3098318
  NeighborhoodSlab: 454 threads × 2304 KB = 1021 MB
  Batch 12 [5448,5902) done in 171 ms  h_edges=3106935
  NeighborhoodSlab: 454 threads × 2304 KB = 1021 MB
  Batch 13 [5902,6356) done in 124 ms  h_edges=3115657
  NeighborhoodSlab: 454 threads × 2304 KB = 1021 MB
  Batch 14 [6356,6810) done in 145 ms  h_edges=3124926
  NeighborhoodSlab: 454 threads × 2304 KB = 1021 MB
  Batch 15 [6810,7264) done in 197 ms  h_edges=3133264
  NeighborhoodSlab: 454 threads × 2304 KB = 1021 MB
  Batch 16 [7264,7718) done in 142 ms  h_edges=3142878
  NeighborhoodSlab: 454 threads × 2304 KB = 1021 MB
  Batch 17 [7718,8172) done in 140 ms  h_edges=3151698
  NeighborhoodSlab: 454 threads × 2304 KB = 1021 MB
  Batch 18 [8172,8626) done in 146 ms  h_edges=3160430
  NeighborhoodSlab: 454 threads × 2304 KB = 1021 MB
  Batch 19 [8626,9080) done in 190 ms  h_edges=3169343
  NeighborhoodSlab: 454 threads × 2304 KB = 1021 MB
  Batch 20 [9080,9534) done in 193 ms  h_edges=3179021
  NeighborhoodSlab: 454 threads × 2304 KB = 1021 MB
  Batch 21 [9534,9988) done in 162 ms  h_edges=3187068
  NeighborhoodSlab: 454 threads × 2304 KB = 1021 MB
  Batch 22 [9988,10442) done in 188 ms  h_edges=3196522
  NeighborhoodSlab: 454 threads × 2304 KB = 1021 MB
  Batch 23 [10442,10896) done in 134 ms  h_edges=3204889
  NeighborhoodSlab: 453 threads × 2304 KB = 1019 MB
  Batch 24 [10896,11349) done in 189 ms  h_edges=3212985
  DeviceGraph: fwd=3212985 bwd=3212985 edges
  Year 2027 total: 9829 ms  (pop: 1146239)

--- Year 2028 (pop: 1146239) ---
  Adding 11463 new papers
  DeviceGraph: fwd=3212985 bwd=3212985 edges
  Processing 11463 papers in 25 batches of ~459
  NeighborhoodSlab: 459 threads × 2304 KB = 1032 MB
  Batch 0 [0,459) done in 149 ms  h_edges=3223837
  NeighborhoodSlab: 459 threads × 2304 KB = 1032 MB
  Batch 1 [459,918) done in 140 ms  h_edges=3232495
  NeighborhoodSlab: 459 threads × 2304 KB = 1032 MB
  Batch 2 [918,1377) done in 144 ms  h_edges=3240613
  NeighborhoodSlab: 459 threads × 2304 KB = 1032 MB
  Batch 3 [1377,1836) done in 148 ms  h_edges=3250352
  NeighborhoodSlab: 459 threads × 2304 KB = 1032 MB
  Batch 4 [1836,2295) done in 169 ms  h_edges=3260071
  NeighborhoodSlab: 459 threads × 2304 KB = 1032 MB
  Batch 5 [2295,2754) done in 176 ms  h_edges=3268816
  NeighborhoodSlab: 459 threads × 2304 KB = 1032 MB
  Batch 6 [2754,3213) done in 222 ms  h_edges=3277935
  NeighborhoodSlab: 459 threads × 2304 KB = 1032 MB
  Batch 7 [3213,3672) done in 167 ms  h_edges=3287366
  NeighborhoodSlab: 459 threads × 2304 KB = 1032 MB
  Batch 8 [3672,4131) done in 232 ms  h_edges=3297605
  NeighborhoodSlab: 459 threads × 2304 KB = 1032 MB
  Batch 9 [4131,4590) done in 142 ms  h_edges=3306367
  NeighborhoodSlab: 459 threads × 2304 KB = 1032 MB
  Batch 10 [4590,5049) done in 156 ms  h_edges=3315962
  NeighborhoodSlab: 459 threads × 2304 KB = 1032 MB
  Batch 11 [5049,5508) done in 189 ms  h_edges=3325284
  NeighborhoodSlab: 459 threads × 2304 KB = 1032 MB
  Batch 12 [5508,5967) done in 221 ms  h_edges=3333894
  NeighborhoodSlab: 459 threads × 2304 KB = 1032 MB
  Batch 13 [5967,6426) done in 180 ms  h_edges=3342998
  NeighborhoodSlab: 459 threads × 2304 KB = 1032 MB
  Batch 14 [6426,6885) done in 149 ms  h_edges=3352240
  NeighborhoodSlab: 459 threads × 2304 KB = 1032 MB
  Batch 15 [6885,7344) done in 152 ms  h_edges=3360819
  NeighborhoodSlab: 459 threads × 2304 KB = 1032 MB
  Batch 16 [7344,7803) done in 157 ms  h_edges=3369194
  NeighborhoodSlab: 459 threads × 2304 KB = 1032 MB
  Batch 17 [7803,8262) done in 166 ms  h_edges=3377670
  NeighborhoodSlab: 459 threads × 2304 KB = 1032 MB
  Batch 18 [8262,8721) done in 152 ms  h_edges=3388079
  NeighborhoodSlab: 459 threads × 2304 KB = 1032 MB
  Batch 19 [8721,9180) done in 147 ms  h_edges=3397891
  NeighborhoodSlab: 459 threads × 2304 KB = 1032 MB
  Batch 20 [9180,9639) done in 233 ms  h_edges=3405760
  NeighborhoodSlab: 459 threads × 2304 KB = 1032 MB
  Batch 21 [9639,10098) done in 169 ms  h_edges=3414380
  NeighborhoodSlab: 459 threads × 2304 KB = 1032 MB
  Batch 22 [10098,10557) done in 228 ms  h_edges=3424263
  NeighborhoodSlab: 459 threads × 2304 KB = 1032 MB
  Batch 23 [10557,11016) done in 152 ms  h_edges=3433442
  NeighborhoodSlab: 447 threads × 2304 KB = 1005 MB
  Batch 24 [11016,11463) done in 176 ms  h_edges=3442044
  DeviceGraph: fwd=3442044 bwd=3442044 edges
  Year 2028 total: 10321 ms  (pop: 1157702)

--- Year 2029 (pop: 1157702) ---
  Adding 11578 new papers
  DeviceGraph: fwd=3442044 bwd=3442044 edges
  Processing 11578 papers in 25 batches of ~464
  NeighborhoodSlab: 464 threads × 2304 KB = 1044 MB
  Batch 0 [0,464) done in 187 ms  h_edges=3451022
  NeighborhoodSlab: 464 threads × 2304 KB = 1044 MB
  Batch 1 [464,928) done in 168 ms  h_edges=3460752
  NeighborhoodSlab: 464 threads × 2304 KB = 1044 MB
  Batch 2 [928,1392) done in 176 ms  h_edges=3468824
  NeighborhoodSlab: 464 threads × 2304 KB = 1044 MB
  Batch 3 [1392,1856) done in 267 ms  h_edges=3477028
  NeighborhoodSlab: 464 threads × 2304 KB = 1044 MB
  Batch 4 [1856,2320) done in 159 ms  h_edges=3486059
  NeighborhoodSlab: 464 threads × 2304 KB = 1044 MB
  Batch 5 [2320,2784) done in 202 ms  h_edges=3494767
  NeighborhoodSlab: 464 threads × 2304 KB = 1044 MB
  Batch 6 [2784,3248) done in 165 ms  h_edges=3503759
  NeighborhoodSlab: 464 threads × 2304 KB = 1044 MB
  Batch 7 [3248,3712) done in 179 ms  h_edges=3513719
  NeighborhoodSlab: 464 threads × 2304 KB = 1044 MB
  Batch 8 [3712,4176) done in 146 ms  h_edges=3522515
  NeighborhoodSlab: 464 threads × 2304 KB = 1044 MB
  Batch 9 [4176,4640) done in 195 ms  h_edges=3531142
  NeighborhoodSlab: 464 threads × 2304 KB = 1044 MB
  Batch 10 [4640,5104) done in 177 ms  h_edges=3540500
  NeighborhoodSlab: 464 threads × 2304 KB = 1044 MB
  Batch 11 [5104,5568) done in 190 ms  h_edges=3549712
  NeighborhoodSlab: 464 threads × 2304 KB = 1044 MB
  Batch 12 [5568,6032) done in 176 ms  h_edges=3558533
  NeighborhoodSlab: 464 threads × 2304 KB = 1044 MB
  Batch 13 [6032,6496) done in 153 ms  h_edges=3567616
  NeighborhoodSlab: 464 threads × 2304 KB = 1044 MB
  Batch 14 [6496,6960) done in 186 ms  h_edges=3577000
  NeighborhoodSlab: 464 threads × 2304 KB = 1044 MB
  Batch 15 [6960,7424) done in 182 ms  h_edges=3586196
  NeighborhoodSlab: 464 threads × 2304 KB = 1044 MB
  Batch 16 [7424,7888) done in 227 ms  h_edges=3594902
  NeighborhoodSlab: 464 threads × 2304 KB = 1044 MB
  Batch 17 [7888,8352) done in 186 ms  h_edges=3604178
  NeighborhoodSlab: 464 threads × 2304 KB = 1044 MB
  Batch 18 [8352,8816) done in 188 ms  h_edges=3612764
  NeighborhoodSlab: 464 threads × 2304 KB = 1044 MB
  Batch 19 [8816,9280) done in 167 ms  h_edges=3622503
  NeighborhoodSlab: 464 threads × 2304 KB = 1044 MB
  Batch 20 [9280,9744) done in 140 ms  h_edges=3630833
  NeighborhoodSlab: 464 threads × 2304 KB = 1044 MB
  Batch 21 [9744,10208) done in 233 ms  h_edges=3639809
  NeighborhoodSlab: 464 threads × 2304 KB = 1044 MB
  Batch 22 [10208,10672) done in 190 ms  h_edges=3649425
  NeighborhoodSlab: 464 threads × 2304 KB = 1044 MB
  Batch 23 [10672,11136) done in 198 ms  h_edges=3658252
  NeighborhoodSlab: 442 threads × 2304 KB = 994 MB
  Batch 24 [11136,11578) done in 172 ms  h_edges=3666874
  DeviceGraph: fwd=3666874 bwd=3666874 edges
  Year 2029 total: 11234 ms  (pop: 1169280)

=== Simulation Complete ===
Total: 31 s  Final pop: 1169280

=== Exporting Results ===
Edges saved: ./output/3y/mass_cuda-yutb-static-output-3y-1p.edgelist (3666874)
Attributes saved: ./output/3y/mass_cuda-yutb-static-output-3y-1p.aux (1169280 rows)

Done.

real	0m42.752s
user	0m40.766s
sys	0m1.634s
Running growth rate 1% for 3 years.
./output/3y/mass_cuda-twt-static-output-3y-1p.edgelist
./output/3y/mass_cuda-twt-static-output-3y-1p.aux
Citation Network ABM – MASS CUDA
=================================

Out-degree bag: 3980408 entries
Recency probs:  356 entries
BFS batches:    25 per year

=== Initializing Citation ABM ===

Inside parseNodelist...
Populating continuous node mappings (81306 nodes)...
parseNodelist done in 60 ms (81306 nodes)

Inside parseEdgelist...
parseEdgelist done in 292 ms (2420744 edges)
Seed max year: 2020  → simulation starts at 2021
Max population: 85772
Seed population: 81306 papers
  DeviceGraph: fwd=1342296 bwd=1342296 edges
Initialization complete


=== Simulation Start ===

--- Year 2021 (pop: 81306) ---
  Adding 814 new papers
  DeviceGraph: fwd=1342296 bwd=1342296 edges
  Processing 814 papers in 25 batches of ~33
  NeighborhoodSlab: 33 threads × 2304 KB = 74 MB
  Batch 0 [0,33) done in 49 ms  h_edges=2421440
  NeighborhoodSlab: 33 threads × 2304 KB = 74 MB
  Batch 1 [33,66) done in 28 ms  h_edges=2422391
  NeighborhoodSlab: 33 threads × 2304 KB = 74 MB
  Batch 2 [66,99) done in 56 ms  h_edges=2423015
  NeighborhoodSlab: 33 threads × 2304 KB = 74 MB
  Batch 3 [99,132) done in 34 ms  h_edges=2423562
  NeighborhoodSlab: 33 threads × 2304 KB = 74 MB
  Batch 4 [132,165) done in 73 ms  h_edges=2424329
  NeighborhoodSlab: 33 threads × 2304 KB = 74 MB
  Batch 5 [165,198) done in 38 ms  h_edges=2425192
  NeighborhoodSlab: 33 threads × 2304 KB = 74 MB
  Batch 6 [198,231) done in 66 ms  h_edges=2426019
  NeighborhoodSlab: 33 threads × 2304 KB = 74 MB
  Batch 7 [231,264) done in 44 ms  h_edges=2426745
  NeighborhoodSlab: 33 threads × 2304 KB = 74 MB
  Batch 8 [264,297) done in 23 ms  h_edges=2427325
  NeighborhoodSlab: 33 threads × 2304 KB = 74 MB
  Batch 9 [297,330) done in 31 ms  h_edges=2427946
  NeighborhoodSlab: 33 threads × 2304 KB = 74 MB
  Batch 10 [330,363) done in 48 ms  h_edges=2428565
  NeighborhoodSlab: 33 threads × 2304 KB = 74 MB
  Batch 11 [363,396) done in 30 ms  h_edges=2429129
  NeighborhoodSlab: 33 threads × 2304 KB = 74 MB
  Batch 12 [396,429) done in 47 ms  h_edges=2429752
  NeighborhoodSlab: 33 threads × 2304 KB = 74 MB
  Batch 13 [429,462) done in 41 ms  h_edges=2430413
  NeighborhoodSlab: 33 threads × 2304 KB = 74 MB
  Batch 14 [462,495) done in 35 ms  h_edges=2430936
  NeighborhoodSlab: 33 threads × 2304 KB = 74 MB
  Batch 15 [495,528) done in 34 ms  h_edges=2431717
  NeighborhoodSlab: 33 threads × 2304 KB = 74 MB
  Batch 16 [528,561) done in 45 ms  h_edges=2432269
  NeighborhoodSlab: 33 threads × 2304 KB = 74 MB
  Batch 17 [561,594) done in 37 ms  h_edges=2433063
  NeighborhoodSlab: 33 threads × 2304 KB = 74 MB
  Batch 18 [594,627) done in 26 ms  h_edges=2433993
  NeighborhoodSlab: 33 threads × 2304 KB = 74 MB
  Batch 19 [627,660) done in 30 ms  h_edges=2434432
  NeighborhoodSlab: 33 threads × 2304 KB = 74 MB
  Batch 20 [660,693) done in 37 ms  h_edges=2434985
  NeighborhoodSlab: 33 threads × 2304 KB = 74 MB
  Batch 21 [693,726) done in 63 ms  h_edges=2435690
  NeighborhoodSlab: 33 threads × 2304 KB = 74 MB
  Batch 22 [726,759) done in 36 ms  h_edges=2436492
  NeighborhoodSlab: 33 threads × 2304 KB = 74 MB
  Batch 23 [759,792) done in 36 ms  h_edges=2436946
  NeighborhoodSlab: 22 threads × 2304 KB = 49 MB
  Batch 24 [792,814) done in 30 ms  h_edges=2437278
  DeviceGraph: fwd=1358830 bwd=1358830 edges
  Year 2021 total: 3458 ms  (pop: 82120)

--- Year 2022 (pop: 82120) ---
  Adding 822 new papers
  DeviceGraph: fwd=1358830 bwd=1358830 edges
  Processing 822 papers in 25 batches of ~33
  NeighborhoodSlab: 33 threads × 2304 KB = 74 MB
  Batch 0 [0,33) done in 49 ms  h_edges=2437884
  NeighborhoodSlab: 33 threads × 2304 KB = 74 MB
  Batch 1 [33,66) done in 34 ms  h_edges=2438801
  NeighborhoodSlab: 33 threads × 2304 KB = 74 MB
  Batch 2 [66,99) done in 53 ms  h_edges=2439260
  NeighborhoodSlab: 33 threads × 2304 KB = 74 MB
  Batch 3 [99,132) done in 51 ms  h_edges=2439868
  NeighborhoodSlab: 33 threads × 2304 KB = 74 MB
  Batch 4 [132,165) done in 102 ms  h_edges=2440805
  NeighborhoodSlab: 33 threads × 2304 KB = 74 MB
  Batch 5 [165,198) done in 49 ms  h_edges=2441583
  NeighborhoodSlab: 33 threads × 2304 KB = 74 MB
  Batch 6 [198,231) done in 41 ms  h_edges=2442342
  NeighborhoodSlab: 33 threads × 2304 KB = 74 MB
  Batch 7 [231,264) done in 56 ms  h_edges=2442936
  NeighborhoodSlab: 33 threads × 2304 KB = 74 MB
  Batch 8 [264,297) done in 51 ms  h_edges=2443631
  NeighborhoodSlab: 33 threads × 2304 KB = 74 MB
  Batch 9 [297,330) done in 41 ms  h_edges=2444379
  NeighborhoodSlab: 33 threads × 2304 KB = 74 MB
  Batch 10 [330,363) done in 42 ms  h_edges=2445070
  NeighborhoodSlab: 33 threads × 2304 KB = 74 MB
  Batch 11 [363,396) done in 34 ms  h_edges=2445613
  NeighborhoodSlab: 33 threads × 2304 KB = 74 MB
  Batch 12 [396,429) done in 46 ms  h_edges=2446314
  NeighborhoodSlab: 33 threads × 2304 KB = 74 MB
  Batch 13 [429,462) done in 43 ms  h_edges=2446773
  NeighborhoodSlab: 33 threads × 2304 KB = 74 MB
  Batch 14 [462,495) done in 34 ms  h_edges=2447311
  NeighborhoodSlab: 33 threads × 2304 KB = 74 MB
  Batch 15 [495,528) done in 116 ms  h_edges=2447860
  NeighborhoodSlab: 33 threads × 2304 KB = 74 MB
  Batch 16 [528,561) done in 37 ms  h_edges=2448373
  NeighborhoodSlab: 33 threads × 2304 KB = 74 MB
  Batch 17 [561,594) done in 55 ms  h_edges=2448986
  NeighborhoodSlab: 33 threads × 2304 KB = 74 MB
  Batch 18 [594,627) done in 55 ms  h_edges=2449691
  NeighborhoodSlab: 33 threads × 2304 KB = 74 MB
  Batch 19 [627,660) done in 59 ms  h_edges=2450157
  NeighborhoodSlab: 33 threads × 2304 KB = 74 MB
  Batch 20 [660,693) done in 51 ms  h_edges=2450716
  NeighborhoodSlab: 33 threads × 2304 KB = 74 MB
  Batch 21 [693,726) done in 36 ms  h_edges=2451288
  NeighborhoodSlab: 33 threads × 2304 KB = 74 MB
  Batch 22 [726,759) done in 63 ms  h_edges=2452260
  NeighborhoodSlab: 33 threads × 2304 KB = 74 MB
  Batch 23 [759,792) done in 44 ms  h_edges=2452802
  NeighborhoodSlab: 30 threads × 2304 KB = 67 MB
  Batch 24 [792,822) done in 60 ms  h_edges=2453601
  DeviceGraph: fwd=1375153 bwd=1375153 edges
  Year 2022 total: 3747 ms  (pop: 82942)

--- Year 2023 (pop: 82942) ---
  Adding 830 new papers
  DeviceGraph: fwd=1375153 bwd=1375153 edges
  Processing 830 papers in 25 batches of ~34
  NeighborhoodSlab: 34 threads × 2304 KB = 76 MB
  Batch 0 [0,34) done in 38 ms  h_edges=2454058
  NeighborhoodSlab: 34 threads × 2304 KB = 76 MB
  Batch 1 [34,68) done in 41 ms  h_edges=2454765
  NeighborhoodSlab: 34 threads × 2304 KB = 76 MB
  Batch 2 [68,102) done in 27 ms  h_edges=2455659
  NeighborhoodSlab: 34 threads × 2304 KB = 76 MB
  Batch 3 [102,136) done in 52 ms  h_edges=2456212
  NeighborhoodSlab: 34 threads × 2304 KB = 76 MB
  Batch 4 [136,170) done in 92 ms  h_edges=2456674
  NeighborhoodSlab: 34 threads × 2304 KB = 76 MB
  Batch 5 [170,204) done in 31 ms  h_edges=2457133
  NeighborhoodSlab: 34 threads × 2304 KB = 76 MB
  Batch 6 [204,238) done in 54 ms  h_edges=2457728
  NeighborhoodSlab: 34 threads × 2304 KB = 76 MB
  Batch 7 [238,272) done in 49 ms  h_edges=2458236
  NeighborhoodSlab: 34 threads × 2304 KB = 76 MB
  Batch 8 [272,306) done in 39 ms  h_edges=2459052
  NeighborhoodSlab: 34 threads × 2304 KB = 76 MB
  Batch 9 [306,340) done in 68 ms  h_edges=2459702
  NeighborhoodSlab: 34 threads × 2304 KB = 76 MB
  Batch 10 [340,374) done in 38 ms  h_edges=2460322
  NeighborhoodSlab: 34 threads × 2304 KB = 76 MB
  Batch 11 [374,408) done in 38 ms  h_edges=2460866
  NeighborhoodSlab: 34 threads × 2304 KB = 76 MB
  Batch 12 [408,442) done in 39 ms  h_edges=2461939
  NeighborhoodSlab: 34 threads × 2304 KB = 76 MB
  Batch 13 [442,476) done in 42 ms  h_edges=2462778
  NeighborhoodSlab: 34 threads × 2304 KB = 76 MB
  Batch 14 [476,510) done in 78 ms  h_edges=2463493
  NeighborhoodSlab: 34 threads × 2304 KB = 76 MB
  Batch 15 [510,544) done in 47 ms  h_edges=2464155
  NeighborhoodSlab: 34 threads × 2304 KB = 76 MB
  Batch 16 [544,578) done in 67 ms  h_edges=2465017
  NeighborhoodSlab: 34 threads × 2304 KB = 76 MB
  Batch 17 [578,612) done in 86 ms  h_edges=2465844
  NeighborhoodSlab: 34 threads × 2304 KB = 76 MB
  Batch 18 [612,646) done in 44 ms  h_edges=2466614
  NeighborhoodSlab: 34 threads × 2304 KB = 76 MB
  Batch 19 [646,680) done in 53 ms  h_edges=2467324
  NeighborhoodSlab: 34 threads × 2304 KB = 76 MB
  Batch 20 [680,714) done in 60 ms  h_edges=2468210
  NeighborhoodSlab: 34 threads × 2304 KB = 76 MB
  Batch 21 [714,748) done in 35 ms  h_edges=2469148
  NeighborhoodSlab: 34 threads × 2304 KB = 76 MB
  Batch 22 [748,782) done in 50 ms  h_edges=2469999
  NeighborhoodSlab: 34 threads × 2304 KB = 76 MB
  Batch 23 [782,816) done in 40 ms  h_edges=2470555
  NeighborhoodSlab: 14 threads × 2304 KB = 31 MB
  Batch 24 [816,830) done in 19 ms  h_edges=2470861
  DeviceGraph: fwd=1392413 bwd=1392413 edges
  Year 2023 total: 3727 ms  (pop: 83772)

=== Simulation Complete ===
Total: 10 s  Final pop: 83772

=== Exporting Results ===
Edges saved: ./output/3y/mass_cuda-twt-static-output-3y-1p.edgelist (2470861)
Attributes saved: ./output/3y/mass_cuda-twt-static-output-3y-1p.aux (83772 rows)

Done.

real	0m15.473s
user	0m14.352s
sys	0m0.953s
Running growth rate 3% for 3 years.
./output/3y/mass_cuda-amz-static-output-3y-3p.edgelist
./output/3y/mass_cuda-amz-static-output-3y-3p.aux
Citation Network ABM – MASS CUDA
=================================

Out-degree bag: 3980408 entries
Recency probs:  356 entries
BFS batches:    25 per year

=== Initializing Citation ABM ===

Inside parseNodelist...
Populating continuous node mappings (334863 nodes)...
parseNodelist done in 276 ms (334863 nodes)

Inside parseEdgelist...
parseEdgelist done in 115 ms (925872 edges)
Seed max year: 2020  → simulation starts at 2021
Max population: 367915
Seed population: 334863 papers
  DeviceGraph: fwd=925872 bwd=925872 edges
Initialization complete


=== Simulation Start ===

--- Year 2021 (pop: 334863) ---
  Adding 10046 new papers
  DeviceGraph: fwd=925872 bwd=925872 edges
  Processing 10046 papers in 25 batches of ~402
  NeighborhoodSlab: 402 threads × 2304 KB = 904 MB
  Batch 0 [0,402) done in 74 ms  h_edges=933380
  NeighborhoodSlab: 402 threads × 2304 KB = 904 MB
  Batch 1 [402,804) done in 72 ms  h_edges=940877
  NeighborhoodSlab: 402 threads × 2304 KB = 904 MB
  Batch 2 [804,1206) done in 71 ms  h_edges=948184
  NeighborhoodSlab: 402 threads × 2304 KB = 904 MB
  Batch 3 [1206,1608) done in 72 ms  h_edges=956223
  NeighborhoodSlab: 402 threads × 2304 KB = 904 MB
  Batch 4 [1608,2010) done in 72 ms  h_edges=964356
  NeighborhoodSlab: 402 threads × 2304 KB = 904 MB
  Batch 5 [2010,2412) done in 71 ms  h_edges=971806
  NeighborhoodSlab: 402 threads × 2304 KB = 904 MB
  Batch 6 [2412,2814) done in 71 ms  h_edges=978982
  NeighborhoodSlab: 402 threads × 2304 KB = 904 MB
  Batch 7 [2814,3216) done in 73 ms  h_edges=987239
  NeighborhoodSlab: 402 threads × 2304 KB = 904 MB
  Batch 8 [3216,3618) done in 71 ms  h_edges=995079
  NeighborhoodSlab: 402 threads × 2304 KB = 904 MB
  Batch 9 [3618,4020) done in 71 ms  h_edges=1002887
  NeighborhoodSlab: 402 threads × 2304 KB = 904 MB
  Batch 10 [4020,4422) done in 72 ms  h_edges=1010186
  NeighborhoodSlab: 402 threads × 2304 KB = 904 MB
  Batch 11 [4422,4824) done in 71 ms  h_edges=1018144
  NeighborhoodSlab: 402 threads × 2304 KB = 904 MB
  Batch 12 [4824,5226) done in 71 ms  h_edges=1026462
  NeighborhoodSlab: 402 threads × 2304 KB = 904 MB
  Batch 13 [5226,5628) done in 71 ms  h_edges=1034506
  NeighborhoodSlab: 402 threads × 2304 KB = 904 MB
  Batch 14 [5628,6030) done in 73 ms  h_edges=1041696
  NeighborhoodSlab: 402 threads × 2304 KB = 904 MB
  Batch 15 [6030,6432) done in 76 ms  h_edges=1049779
  NeighborhoodSlab: 402 threads × 2304 KB = 904 MB
  Batch 16 [6432,6834) done in 71 ms  h_edges=1057492
  NeighborhoodSlab: 402 threads × 2304 KB = 904 MB
  Batch 17 [6834,7236) done in 72 ms  h_edges=1065315
  NeighborhoodSlab: 402 threads × 2304 KB = 904 MB
  Batch 18 [7236,7638) done in 72 ms  h_edges=1074201
  NeighborhoodSlab: 402 threads × 2304 KB = 904 MB
  Batch 19 [7638,8040) done in 72 ms  h_edges=1081862
  NeighborhoodSlab: 402 threads × 2304 KB = 904 MB
  Batch 20 [8040,8442) done in 73 ms  h_edges=1090251
  NeighborhoodSlab: 402 threads × 2304 KB = 904 MB
  Batch 21 [8442,8844) done in 72 ms  h_edges=1099881
  NeighborhoodSlab: 402 threads × 2304 KB = 904 MB
  Batch 22 [8844,9246) done in 71 ms  h_edges=1108048
  NeighborhoodSlab: 402 threads × 2304 KB = 904 MB
  Batch 23 [9246,9648) done in 72 ms  h_edges=1115529
  NeighborhoodSlab: 398 threads × 2304 KB = 895 MB
  Batch 24 [9648,10046) done in 71 ms  h_edges=1122444
  DeviceGraph: fwd=1122444 bwd=1122444 edges
  Year 2021 total: 4093 ms  (pop: 344909)

--- Year 2022 (pop: 344909) ---
  Adding 10348 new papers
  DeviceGraph: fwd=1122444 bwd=1122444 edges
  Processing 10348 papers in 25 batches of ~414
  NeighborhoodSlab: 414 threads × 2304 KB = 931 MB
  Batch 0 [0,414) done in 72 ms  h_edges=1130215
  NeighborhoodSlab: 414 threads × 2304 KB = 931 MB
  Batch 1 [414,828) done in 71 ms  h_edges=1137553
  NeighborhoodSlab: 414 threads × 2304 KB = 931 MB
  Batch 2 [828,1242) done in 72 ms  h_edges=1145775
  NeighborhoodSlab: 414 threads × 2304 KB = 931 MB
  Batch 3 [1242,1656) done in 72 ms  h_edges=1153747
  NeighborhoodSlab: 414 threads × 2304 KB = 931 MB
  Batch 4 [1656,2070) done in 72 ms  h_edges=1161713
  NeighborhoodSlab: 414 threads × 2304 KB = 931 MB
  Batch 5 [2070,2484) done in 72 ms  h_edges=1170071
  NeighborhoodSlab: 414 threads × 2304 KB = 931 MB
  Batch 6 [2484,2898) done in 73 ms  h_edges=1178938
  NeighborhoodSlab: 414 threads × 2304 KB = 931 MB
  Batch 7 [2898,3312) done in 72 ms  h_edges=1187188
  NeighborhoodSlab: 414 threads × 2304 KB = 931 MB
  Batch 8 [3312,3726) done in 72 ms  h_edges=1194815
  NeighborhoodSlab: 414 threads × 2304 KB = 931 MB
  Batch 9 [3726,4140) done in 75 ms  h_edges=1202720
  NeighborhoodSlab: 414 threads × 2304 KB = 931 MB
  Batch 10 [4140,4554) done in 72 ms  h_edges=1210322
  NeighborhoodSlab: 414 threads × 2304 KB = 931 MB
  Batch 11 [4554,4968) done in 72 ms  h_edges=1218316
  NeighborhoodSlab: 414 threads × 2304 KB = 931 MB
  Batch 12 [4968,5382) done in 72 ms  h_edges=1226327
  NeighborhoodSlab: 414 threads × 2304 KB = 931 MB
  Batch 13 [5382,5796) done in 72 ms  h_edges=1234161
  NeighborhoodSlab: 414 threads × 2304 KB = 931 MB
  Batch 14 [5796,6210) done in 71 ms  h_edges=1241734
  NeighborhoodSlab: 414 threads × 2304 KB = 931 MB
  Batch 15 [6210,6624) done in 71 ms  h_edges=1250002
  NeighborhoodSlab: 414 threads × 2304 KB = 931 MB
  Batch 16 [6624,7038) done in 75 ms  h_edges=1258838
  NeighborhoodSlab: 414 threads × 2304 KB = 931 MB
  Batch 17 [7038,7452) done in 72 ms  h_edges=1266589
  NeighborhoodSlab: 414 threads × 2304 KB = 931 MB
  Batch 18 [7452,7866) done in 72 ms  h_edges=1274431
  NeighborhoodSlab: 414 threads × 2304 KB = 931 MB
  Batch 19 [7866,8280) done in 72 ms  h_edges=1282377
  NeighborhoodSlab: 414 threads × 2304 KB = 931 MB
  Batch 20 [8280,8694) done in 72 ms  h_edges=1290592
  NeighborhoodSlab: 414 threads × 2304 KB = 931 MB
  Batch 21 [8694,9108) done in 73 ms  h_edges=1298804
  NeighborhoodSlab: 414 threads × 2304 KB = 931 MB
  Batch 22 [9108,9522) done in 73 ms  h_edges=1306650
  NeighborhoodSlab: 414 threads × 2304 KB = 931 MB
  Batch 23 [9522,9936) done in 72 ms  h_edges=1315168
  NeighborhoodSlab: 412 threads × 2304 KB = 927 MB
  Batch 24 [9936,10348) done in 71 ms  h_edges=1322716
  DeviceGraph: fwd=1322716 bwd=1322716 edges
  Year 2022 total: 4532 ms  (pop: 355257)

--- Year 2023 (pop: 355257) ---
  Adding 10658 new papers
  DeviceGraph: fwd=1322716 bwd=1322716 edges
  Processing 10658 papers in 25 batches of ~427
  NeighborhoodSlab: 427 threads × 2304 KB = 960 MB
  Batch 0 [0,427) done in 72 ms  h_edges=1330373
  NeighborhoodSlab: 427 threads × 2304 KB = 960 MB
  Batch 1 [427,854) done in 73 ms  h_edges=1338462
  NeighborhoodSlab: 427 threads × 2304 KB = 960 MB
  Batch 2 [854,1281) done in 73 ms  h_edges=1346823
  NeighborhoodSlab: 427 threads × 2304 KB = 960 MB
  Batch 3 [1281,1708) done in 74 ms  h_edges=1354731
  NeighborhoodSlab: 427 threads × 2304 KB = 960 MB
  Batch 4 [1708,2135) done in 73 ms  h_edges=1363193
  NeighborhoodSlab: 427 threads × 2304 KB = 960 MB
  Batch 5 [2135,2562) done in 73 ms  h_edges=1371733
  NeighborhoodSlab: 427 threads × 2304 KB = 960 MB
  Batch 6 [2562,2989) done in 72 ms  h_edges=1380158
  NeighborhoodSlab: 427 threads × 2304 KB = 960 MB
  Batch 7 [2989,3416) done in 74 ms  h_edges=1387823
  NeighborhoodSlab: 427 threads × 2304 KB = 960 MB
  Batch 8 [3416,3843) done in 73 ms  h_edges=1396120
  NeighborhoodSlab: 427 threads × 2304 KB = 960 MB
  Batch 9 [3843,4270) done in 72 ms  h_edges=1404111
  NeighborhoodSlab: 427 threads × 2304 KB = 960 MB
  Batch 10 [4270,4697) done in 73 ms  h_edges=1413066
  NeighborhoodSlab: 427 threads × 2304 KB = 960 MB
  Batch 11 [4697,5124) done in 72 ms  h_edges=1420418
  NeighborhoodSlab: 427 threads × 2304 KB = 960 MB
  Batch 12 [5124,5551) done in 73 ms  h_edges=1428567
  NeighborhoodSlab: 427 threads × 2304 KB = 960 MB
  Batch 13 [5551,5978) done in 73 ms  h_edges=1437472
  NeighborhoodSlab: 427 threads × 2304 KB = 960 MB
  Batch 14 [5978,6405) done in 73 ms  h_edges=1445633
  NeighborhoodSlab: 427 threads × 2304 KB = 960 MB
  Batch 15 [6405,6832) done in 73 ms  h_edges=1454289
  NeighborhoodSlab: 427 threads × 2304 KB = 960 MB
  Batch 16 [6832,7259) done in 74 ms  h_edges=1462507
  NeighborhoodSlab: 427 threads × 2304 KB = 960 MB
  Batch 17 [7259,7686) done in 73 ms  h_edges=1469970
  NeighborhoodSlab: 427 threads × 2304 KB = 960 MB
  Batch 18 [7686,8113) done in 73 ms  h_edges=1478723
  NeighborhoodSlab: 427 threads × 2304 KB = 960 MB
  Batch 19 [8113,8540) done in 73 ms  h_edges=1487189
  NeighborhoodSlab: 427 threads × 2304 KB = 960 MB
  Batch 20 [8540,8967) done in 73 ms  h_edges=1495821
  NeighborhoodSlab: 427 threads × 2304 KB = 960 MB
  Batch 21 [8967,9394) done in 74 ms  h_edges=1503682
  NeighborhoodSlab: 427 threads × 2304 KB = 960 MB
  Batch 22 [9394,9821) done in 73 ms  h_edges=1512200
  NeighborhoodSlab: 427 threads × 2304 KB = 960 MB
  Batch 23 [9821,10248) done in 73 ms  h_edges=1520489
  NeighborhoodSlab: 410 threads × 2304 KB = 922 MB
  Batch 24 [10248,10658) done in 74 ms  h_edges=1528648
  DeviceGraph: fwd=1528648 bwd=1528648 edges
  Year 2023 total: 4794 ms  (pop: 365915)

=== Simulation Complete ===
Total: 13 s  Final pop: 365915

=== Exporting Results ===
Edges saved: ./output/3y/mass_cuda-amz-static-output-3y-3p.edgelist (1528648)
Attributes saved: ./output/3y/mass_cuda-amz-static-output-3y-3p.aux (365915 rows)

Done.

real	0m18.423s
user	0m17.321s
sys	0m1.005s
Running growth rate 3% for 3 years.
./output/3y/mass_cuda-eu-static-output-3y-3p.edgelist
./output/3y/mass_cuda-eu-static-output-3y-3p.aux
Citation Network ABM – MASS CUDA
=================================

Out-degree bag: 3980408 entries
Recency probs:  356 entries
BFS batches:    25 per year

=== Initializing Citation ABM ===

Inside parseNodelist...
Populating continuous node mappings (265009 nodes)...
parseNodelist done in 208 ms (265009 nodes)

Inside parseEdgelist...
parseEdgelist done in 36 ms (418956 edges)
Seed max year: 2020  → simulation starts at 2021
Max population: 291584
Seed population: 265009 papers
  DeviceGraph: fwd=364481 bwd=364481 edges
Initialization complete


=== Simulation Start ===

--- Year 2021 (pop: 265009) ---
  Adding 7951 new papers
  DeviceGraph: fwd=364481 bwd=364481 edges
  Processing 7951 papers in 25 batches of ~319
  NeighborhoodSlab: 319 threads × 2304 KB = 717 MB
  Batch 0 [0,319) done in 87 ms  h_edges=424502
  NeighborhoodSlab: 319 threads × 2304 KB = 717 MB
  Batch 1 [319,638) done in 90 ms  h_edges=430374
  NeighborhoodSlab: 319 threads × 2304 KB = 717 MB
  Batch 2 [638,957) done in 86 ms  h_edges=437353
  NeighborhoodSlab: 319 threads × 2304 KB = 717 MB
  Batch 3 [957,1276) done in 114 ms  h_edges=444070
  NeighborhoodSlab: 319 threads × 2304 KB = 717 MB
  Batch 4 [1276,1595) done in 84 ms  h_edges=449762
  NeighborhoodSlab: 319 threads × 2304 KB = 717 MB
  Batch 5 [1595,1914) done in 87 ms  h_edges=456496
  NeighborhoodSlab: 319 threads × 2304 KB = 717 MB
  Batch 6 [1914,2233) done in 92 ms  h_edges=463561
  NeighborhoodSlab: 319 threads × 2304 KB = 717 MB
  Batch 7 [2233,2552) done in 107 ms  h_edges=470255
  NeighborhoodSlab: 319 threads × 2304 KB = 717 MB
  Batch 8 [2552,2871) done in 99 ms  h_edges=475980
  NeighborhoodSlab: 319 threads × 2304 KB = 717 MB
  Batch 9 [2871,3190) done in 87 ms  h_edges=481668
  NeighborhoodSlab: 319 threads × 2304 KB = 717 MB
  Batch 10 [3190,3509) done in 111 ms  h_edges=487756
  NeighborhoodSlab: 319 threads × 2304 KB = 717 MB
  Batch 11 [3509,3828) done in 83 ms  h_edges=493854
  NeighborhoodSlab: 319 threads × 2304 KB = 717 MB
  Batch 12 [3828,4147) done in 120 ms  h_edges=500639
  NeighborhoodSlab: 319 threads × 2304 KB = 717 MB
  Batch 13 [4147,4466) done in 90 ms  h_edges=506852
  NeighborhoodSlab: 319 threads × 2304 KB = 717 MB
  Batch 14 [4466,4785) done in 99 ms  h_edges=512921
  NeighborhoodSlab: 319 threads × 2304 KB = 717 MB
  Batch 15 [4785,5104) done in 100 ms  h_edges=520053
  NeighborhoodSlab: 319 threads × 2304 KB = 717 MB
  Batch 16 [5104,5423) done in 89 ms  h_edges=525946
  NeighborhoodSlab: 319 threads × 2304 KB = 717 MB
  Batch 17 [5423,5742) done in 121 ms  h_edges=531680
  NeighborhoodSlab: 319 threads × 2304 KB = 717 MB
  Batch 18 [5742,6061) done in 99 ms  h_edges=538093
  NeighborhoodSlab: 319 threads × 2304 KB = 717 MB
  Batch 19 [6061,6380) done in 128 ms  h_edges=544418
  NeighborhoodSlab: 319 threads × 2304 KB = 717 MB
  Batch 20 [6380,6699) done in 87 ms  h_edges=551765
  NeighborhoodSlab: 319 threads × 2304 KB = 717 MB
  Batch 21 [6699,7018) done in 114 ms  h_edges=557225
  NeighborhoodSlab: 319 threads × 2304 KB = 717 MB
  Batch 22 [7018,7337) done in 85 ms  h_edges=563219
  NeighborhoodSlab: 319 threads × 2304 KB = 717 MB
  Batch 23 [7337,7656) done in 99 ms  h_edges=569552
  NeighborhoodSlab: 295 threads × 2304 KB = 663 MB
  Batch 24 [7656,7951) done in 85 ms  h_edges=575591
  DeviceGraph: fwd=521116 bwd=521116 edges
  Year 2021 total: 3310 ms  (pop: 272960)

--- Year 2022 (pop: 272960) ---
  Adding 8189 new papers
  DeviceGraph: fwd=521116 bwd=521116 edges
  Processing 8189 papers in 25 batches of ~328
  NeighborhoodSlab: 328 threads × 2304 KB = 738 MB
  Batch 0 [0,328) done in 92 ms  h_edges=582830
  NeighborhoodSlab: 328 threads × 2304 KB = 738 MB
  Batch 1 [328,656) done in 101 ms  h_edges=590294
  NeighborhoodSlab: 328 threads × 2304 KB = 738 MB
  Batch 2 [656,984) done in 117 ms  h_edges=597225
  NeighborhoodSlab: 328 threads × 2304 KB = 738 MB
  Batch 3 [984,1312) done in 124 ms  h_edges=603196
  NeighborhoodSlab: 328 threads × 2304 KB = 738 MB
  Batch 4 [1312,1640) done in 128 ms  h_edges=609107
  NeighborhoodSlab: 328 threads × 2304 KB = 738 MB
  Batch 5 [1640,1968) done in 102 ms  h_edges=616150
  NeighborhoodSlab: 328 threads × 2304 KB = 738 MB
  Batch 6 [1968,2296) done in 101 ms  h_edges=622370
  NeighborhoodSlab: 328 threads × 2304 KB = 738 MB
  Batch 7 [2296,2624) done in 90 ms  h_edges=627851
  NeighborhoodSlab: 328 threads × 2304 KB = 738 MB
  Batch 8 [2624,2952) done in 97 ms  h_edges=633373
  NeighborhoodSlab: 328 threads × 2304 KB = 738 MB
  Batch 9 [2952,3280) done in 117 ms  h_edges=639499
  NeighborhoodSlab: 328 threads × 2304 KB = 738 MB
  Batch 10 [3280,3608) done in 109 ms  h_edges=645383
  NeighborhoodSlab: 328 threads × 2304 KB = 738 MB
  Batch 11 [3608,3936) done in 96 ms  h_edges=651339
  NeighborhoodSlab: 328 threads × 2304 KB = 738 MB
  Batch 12 [3936,4264) done in 115 ms  h_edges=656698
  NeighborhoodSlab: 328 threads × 2304 KB = 738 MB
  Batch 13 [4264,4592) done in 93 ms  h_edges=663130
  NeighborhoodSlab: 328 threads × 2304 KB = 738 MB
  Batch 14 [4592,4920) done in 194 ms  h_edges=669433
  NeighborhoodSlab: 328 threads × 2304 KB = 738 MB
  Batch 15 [4920,5248) done in 87 ms  h_edges=676500
  NeighborhoodSlab: 328 threads × 2304 KB = 738 MB
  Batch 16 [5248,5576) done in 112 ms  h_edges=683716
  NeighborhoodSlab: 328 threads × 2304 KB = 738 MB
  Batch 17 [5576,5904) done in 151 ms  h_edges=690029
  NeighborhoodSlab: 328 threads × 2304 KB = 738 MB
  Batch 18 [5904,6232) done in 91 ms  h_edges=696664
  NeighborhoodSlab: 328 threads × 2304 KB = 738 MB
  Batch 19 [6232,6560) done in 102 ms  h_edges=702797
  NeighborhoodSlab: 328 threads × 2304 KB = 738 MB
  Batch 20 [6560,6888) done in 105 ms  h_edges=710005
  NeighborhoodSlab: 328 threads × 2304 KB = 738 MB
  Batch 21 [6888,7216) done in 120 ms  h_edges=716653
  NeighborhoodSlab: 328 threads × 2304 KB = 738 MB
  Batch 22 [7216,7544) done in 105 ms  h_edges=723598
  NeighborhoodSlab: 328 threads × 2304 KB = 738 MB
  Batch 23 [7544,7872) done in 98 ms  h_edges=730475
  NeighborhoodSlab: 317 threads × 2304 KB = 713 MB
  Batch 24 [7872,8189) done in 99 ms  h_edges=736028
  DeviceGraph: fwd=681553 bwd=681553 edges
  Year 2022 total: 3785 ms  (pop: 281149)

--- Year 2023 (pop: 281149) ---
  Adding 8435 new papers
  DeviceGraph: fwd=681553 bwd=681553 edges
  Processing 8435 papers in 25 batches of ~338
  NeighborhoodSlab: 338 threads × 2304 KB = 760 MB
  Batch 0 [0,338) done in 128 ms  h_edges=742027
  NeighborhoodSlab: 338 threads × 2304 KB = 760 MB
  Batch 1 [338,676) done in 134 ms  h_edges=747947
  NeighborhoodSlab: 338 threads × 2304 KB = 760 MB
  Batch 2 [676,1014) done in 135 ms  h_edges=753980
  NeighborhoodSlab: 338 threads × 2304 KB = 760 MB
  Batch 3 [1014,1352) done in 125 ms  h_edges=760087
  NeighborhoodSlab: 338 threads × 2304 KB = 760 MB
  Batch 4 [1352,1690) done in 114 ms  h_edges=766516
  NeighborhoodSlab: 338 threads × 2304 KB = 760 MB
  Batch 5 [1690,2028) done in 125 ms  h_edges=773142
  NeighborhoodSlab: 338 threads × 2304 KB = 760 MB
  Batch 6 [2028,2366) done in 147 ms  h_edges=780286
  NeighborhoodSlab: 338 threads × 2304 KB = 760 MB
  Batch 7 [2366,2704) done in 112 ms  h_edges=786476
  NeighborhoodSlab: 338 threads × 2304 KB = 760 MB
  Batch 8 [2704,3042) done in 102 ms  h_edges=792272
  NeighborhoodSlab: 338 threads × 2304 KB = 760 MB
  Batch 9 [3042,3380) done in 107 ms  h_edges=799456
  NeighborhoodSlab: 338 threads × 2304 KB = 760 MB
  Batch 10 [3380,3718) done in 129 ms  h_edges=806908
  NeighborhoodSlab: 338 threads × 2304 KB = 760 MB
  Batch 11 [3718,4056) done in 105 ms  h_edges=813226
  NeighborhoodSlab: 338 threads × 2304 KB = 760 MB
  Batch 12 [4056,4394) done in 104 ms  h_edges=820110
  NeighborhoodSlab: 338 threads × 2304 KB = 760 MB
  Batch 13 [4394,4732) done in 111 ms  h_edges=827380
  NeighborhoodSlab: 338 threads × 2304 KB = 760 MB
  Batch 14 [4732,5070) done in 129 ms  h_edges=834100
  NeighborhoodSlab: 338 threads × 2304 KB = 760 MB
  Batch 15 [5070,5408) done in 143 ms  h_edges=840666
  NeighborhoodSlab: 338 threads × 2304 KB = 760 MB
  Batch 16 [5408,5746) done in 112 ms  h_edges=847756
  NeighborhoodSlab: 338 threads × 2304 KB = 760 MB
  Batch 17 [5746,6084) done in 127 ms  h_edges=854004
  NeighborhoodSlab: 338 threads × 2304 KB = 760 MB
  Batch 18 [6084,6422) done in 118 ms  h_edges=860355
  NeighborhoodSlab: 338 threads × 2304 KB = 760 MB
  Batch 19 [6422,6760) done in 120 ms  h_edges=866520
  NeighborhoodSlab: 338 threads × 2304 KB = 760 MB
  Batch 20 [6760,7098) done in 132 ms  h_edges=872595
  NeighborhoodSlab: 338 threads × 2304 KB = 760 MB
  Batch 21 [7098,7436) done in 119 ms  h_edges=879781
  NeighborhoodSlab: 338 threads × 2304 KB = 760 MB
  Batch 22 [7436,7774) done in 127 ms  h_edges=886557
  NeighborhoodSlab: 338 threads × 2304 KB = 760 MB
  Batch 23 [7774,8112) done in 120 ms  h_edges=893071
  NeighborhoodSlab: 323 threads × 2304 KB = 726 MB
  Batch 24 [8112,8435) done in 115 ms  h_edges=899397
  DeviceGraph: fwd=844922 bwd=844922 edges
  Year 2023 total: 4406 ms  (pop: 289584)

=== Simulation Complete ===
Total: 11 s  Final pop: 289584

=== Exporting Results ===
Edges saved: ./output/3y/mass_cuda-eu-static-output-3y-3p.edgelist (899397)
Attributes saved: ./output/3y/mass_cuda-eu-static-output-3y-3p.aux (289584 rows)

Done.

real	0m14.651s
user	0m13.652s
sys	0m0.908s
Running growth rate 3% for 3 years.
./output/3y/mass_cuda-yutb-static-output-3y-3p.edgelist
./output/3y/mass_cuda-yutb-static-output-3y-3p.aux
Citation Network ABM – MASS CUDA
=================================

Out-degree bag: 3980408 entries
Recency probs:  356 entries
BFS batches:    25 per year

=== Initializing Citation ABM ===

Inside parseNodelist...
Populating continuous node mappings (1134890 nodes)...
parseNodelist done in 1126 ms (1134890 nodes)

Inside parseEdgelist...
parseEdgelist done in 269 ms (2987624 edges)
Seed max year: 2026  → simulation starts at 2027
Max population: 1242127
Seed population: 1134890 papers
  DeviceGraph: fwd=2987624 bwd=2987624 edges
Initialization complete


=== Simulation Start ===

--- Year 2027 (pop: 1134890) ---
  Adding 34047 new papers
  DeviceGraph: fwd=2987624 bwd=2987624 edges
  Processing 34047 papers in 25 batches of ~1362
  NeighborhoodSlab: 1362 threads × 2304 KB = 3064 MB
  Batch 0 [0,1362) done in 197 ms  h_edges=3011662
  NeighborhoodSlab: 1362 threads × 2304 KB = 3064 MB
  Batch 1 [1362,2724) done in 171 ms  h_edges=3038699
  NeighborhoodSlab: 1362 threads × 2304 KB = 3064 MB
  Batch 2 [2724,4086) done in 170 ms  h_edges=3067296
  NeighborhoodSlab: 1362 threads × 2304 KB = 3064 MB
  Batch 3 [4086,5448) done in 219 ms  h_edges=3094053
  NeighborhoodSlab: 1362 threads × 2304 KB = 3064 MB
  Batch 4 [5448,6810) done in 191 ms  h_edges=3120210
  NeighborhoodSlab: 1362 threads × 2304 KB = 3064 MB
  Batch 5 [6810,8172) done in 214 ms  h_edges=3147619
  NeighborhoodSlab: 1362 threads × 2304 KB = 3064 MB
  Batch 6 [8172,9534) done in 233 ms  h_edges=3174882
  NeighborhoodSlab: 1362 threads × 2304 KB = 3064 MB
  Batch 7 [9534,10896) done in 192 ms  h_edges=3203346
  NeighborhoodSlab: 1362 threads × 2304 KB = 3064 MB
  Batch 8 [10896,12258) done in 171 ms  h_edges=3231073
  NeighborhoodSlab: 1362 threads × 2304 KB = 3064 MB
  Batch 9 [12258,13620) done in 177 ms  h_edges=3255701
  NeighborhoodSlab: 1362 threads × 2304 KB = 3064 MB
  Batch 10 [13620,14982) done in 147 ms  h_edges=3282017
  NeighborhoodSlab: 1362 threads × 2304 KB = 3064 MB
  Batch 11 [14982,16344) done in 209 ms  h_edges=3307454
  NeighborhoodSlab: 1362 threads × 2304 KB = 3064 MB
  Batch 12 [16344,17706) done in 174 ms  h_edges=3333242
  NeighborhoodSlab: 1362 threads × 2304 KB = 3064 MB
  Batch 13 [17706,19068) done in 169 ms  h_edges=3359951
  NeighborhoodSlab: 1362 threads × 2304 KB = 3064 MB
  Batch 14 [19068,20430) done in 222 ms  h_edges=3388147
  NeighborhoodSlab: 1362 threads × 2304 KB = 3064 MB
  Batch 15 [20430,21792) done in 179 ms  h_edges=3414904
  NeighborhoodSlab: 1362 threads × 2304 KB = 3064 MB
  Batch 16 [21792,23154) done in 211 ms  h_edges=3442668
  NeighborhoodSlab: 1362 threads × 2304 KB = 3064 MB
  Batch 17 [23154,24516) done in 156 ms  h_edges=3468790
  NeighborhoodSlab: 1362 threads × 2304 KB = 3064 MB
  Batch 18 [24516,25878) done in 178 ms  h_edges=3494804
  NeighborhoodSlab: 1362 threads × 2304 KB = 3064 MB
  Batch 19 [25878,27240) done in 159 ms  h_edges=3522164
  NeighborhoodSlab: 1362 threads × 2304 KB = 3064 MB
  Batch 20 [27240,28602) done in 165 ms  h_edges=3548513
  NeighborhoodSlab: 1362 threads × 2304 KB = 3064 MB
  Batch 21 [28602,29964) done in 165 ms  h_edges=3577046
  NeighborhoodSlab: 1362 threads × 2304 KB = 3064 MB
  Batch 22 [29964,31326) done in 181 ms  h_edges=3603541
  NeighborhoodSlab: 1362 threads × 2304 KB = 3064 MB
  Batch 23 [31326,32688) done in 180 ms  h_edges=3629704
  NeighborhoodSlab: 1359 threads × 2304 KB = 3057 MB
  Batch 24 [32688,34047) done in 180 ms  h_edges=3655976
  DeviceGraph: fwd=3655976 bwd=3655976 edges
  Year 2027 total: 11313 ms  (pop: 1168937)

--- Year 2028 (pop: 1168937) ---
  Adding 35069 new papers
  DeviceGraph: fwd=3655976 bwd=3655976 edges
  Processing 35069 papers in 25 batches of ~1403
  NeighborhoodSlab: 1403 threads × 2304 KB = 3156 MB
  Batch 0 [0,1403) done in 224 ms  h_edges=3683053
  NeighborhoodSlab: 1403 threads × 2304 KB = 3156 MB
  Batch 1 [1403,2806) done in 327 ms  h_edges=3709286
  NeighborhoodSlab: 1403 threads × 2304 KB = 3156 MB
  Batch 2 [2806,4209) done in 261 ms  h_edges=3736466
  NeighborhoodSlab: 1403 threads × 2304 KB = 3156 MB
  Batch 3 [4209,5612) done in 202 ms  h_edges=3765699
  NeighborhoodSlab: 1403 threads × 2304 KB = 3156 MB
  Batch 4 [5612,7015) done in 249 ms  h_edges=3792592
  NeighborhoodSlab: 1403 threads × 2304 KB = 3156 MB
  Batch 5 [7015,8418) done in 328 ms  h_edges=3819981
  NeighborhoodSlab: 1403 threads × 2304 KB = 3156 MB
  Batch 6 [8418,9821) done in 219 ms  h_edges=3845848
  NeighborhoodSlab: 1403 threads × 2304 KB = 3156 MB
  Batch 7 [9821,11224) done in 242 ms  h_edges=3870728
  NeighborhoodSlab: 1403 threads × 2304 KB = 3156 MB
  Batch 8 [11224,12627) done in 224 ms  h_edges=3898004
  NeighborhoodSlab: 1403 threads × 2304 KB = 3156 MB
  Batch 9 [12627,14030) done in 249 ms  h_edges=3923665
  NeighborhoodSlab: 1403 threads × 2304 KB = 3156 MB
  Batch 10 [14030,15433) done in 232 ms  h_edges=3950312
  NeighborhoodSlab: 1403 threads × 2304 KB = 3156 MB
  Batch 11 [15433,16836) done in 241 ms  h_edges=3976827
  NeighborhoodSlab: 1403 threads × 2304 KB = 3156 MB
  Batch 12 [16836,18239) done in 232 ms  h_edges=4004645
  NeighborhoodSlab: 1403 threads × 2304 KB = 3156 MB
  Batch 13 [18239,19642) done in 217 ms  h_edges=4031392
  NeighborhoodSlab: 1403 threads × 2304 KB = 3156 MB
  Batch 14 [19642,21045) done in 219 ms  h_edges=4059015
  NeighborhoodSlab: 1403 threads × 2304 KB = 3156 MB
  Batch 15 [21045,22448) done in 272 ms  h_edges=4087329
  NeighborhoodSlab: 1403 threads × 2304 KB = 3156 MB
  Batch 16 [22448,23851) done in 214 ms  h_edges=4115004
  NeighborhoodSlab: 1403 threads × 2304 KB = 3156 MB
  Batch 17 [23851,25254) done in 240 ms  h_edges=4142009
  NeighborhoodSlab: 1403 threads × 2304 KB = 3156 MB
  Batch 18 [25254,26657) done in 228 ms  h_edges=4168127
  NeighborhoodSlab: 1403 threads × 2304 KB = 3156 MB
  Batch 19 [26657,28060) done in 225 ms  h_edges=4194860
  NeighborhoodSlab: 1403 threads × 2304 KB = 3156 MB
  Batch 20 [28060,29463) done in 248 ms  h_edges=4222799
  NeighborhoodSlab: 1403 threads × 2304 KB = 3156 MB
  Batch 21 [29463,30866) done in 252 ms  h_edges=4249767
  NeighborhoodSlab: 1403 threads × 2304 KB = 3156 MB
  Batch 22 [30866,32269) done in 252 ms  h_edges=4277455
  NeighborhoodSlab: 1403 threads × 2304 KB = 3156 MB
  Batch 23 [32269,33672) done in 284 ms  h_edges=4304690
  NeighborhoodSlab: 1397 threads × 2304 KB = 3143 MB
  Batch 24 [33672,35069) done in 265 ms  h_edges=4332966
  DeviceGraph: fwd=4332966 bwd=4332966 edges
  Year 2028 total: 14107 ms  (pop: 1204006)

--- Year 2029 (pop: 1204006) ---
  Adding 36121 new papers
  DeviceGraph: fwd=4332966 bwd=4332966 edges
  Processing 36121 papers in 25 batches of ~1445
  NeighborhoodSlab: 1445 threads × 2304 KB = 3251 MB
  Batch 0 [0,1445) done in 248 ms  h_edges=4360337
  NeighborhoodSlab: 1445 threads × 2304 KB = 3251 MB
  Batch 1 [1445,2890) done in 280 ms  h_edges=4386275
  NeighborhoodSlab: 1445 threads × 2304 KB = 3251 MB
  Batch 2 [2890,4335) done in 281 ms  h_edges=4413024
  NeighborhoodSlab: 1445 threads × 2304 KB = 3251 MB
  Batch 3 [4335,5780) done in 290 ms  h_edges=4442986
  NeighborhoodSlab: 1445 threads × 2304 KB = 3251 MB
  Batch 4 [5780,7225) done in 276 ms  h_edges=4470859
  NeighborhoodSlab: 1445 threads × 2304 KB = 3251 MB
  Batch 5 [7225,8670) done in 332 ms  h_edges=4499950
  NeighborhoodSlab: 1445 threads × 2304 KB = 3251 MB
  Batch 6 [8670,10115) done in 275 ms  h_edges=4528242
  NeighborhoodSlab: 1445 threads × 2304 KB = 3251 MB
  Batch 7 [10115,11560) done in 325 ms  h_edges=4556575
  NeighborhoodSlab: 1445 threads × 2304 KB = 3251 MB
  Batch 8 [11560,13005) done in 253 ms  h_edges=4585892
  NeighborhoodSlab: 1445 threads × 2304 KB = 3251 MB
  Batch 9 [13005,14450) done in 377 ms  h_edges=4613571
  NeighborhoodSlab: 1445 threads × 2304 KB = 3251 MB
  Batch 10 [14450,15895) done in 343 ms  h_edges=4641951
  NeighborhoodSlab: 1445 threads × 2304 KB = 3251 MB
  Batch 11 [15895,17340) done in 305 ms  h_edges=4670209
  NeighborhoodSlab: 1445 threads × 2304 KB = 3251 MB
  Batch 12 [17340,18785) done in 317 ms  h_edges=4697112
  NeighborhoodSlab: 1445 threads × 2304 KB = 3251 MB
  Batch 13 [18785,20230) done in 300 ms  h_edges=4725392
  NeighborhoodSlab: 1445 threads × 2304 KB = 3251 MB
  Batch 14 [20230,21675) done in 306 ms  h_edges=4752760
  NeighborhoodSlab: 1445 threads × 2304 KB = 3251 MB
  Batch 15 [21675,23120) done in 321 ms  h_edges=4780173
  NeighborhoodSlab: 1445 threads × 2304 KB = 3251 MB
  Batch 16 [23120,24565) done in 327 ms  h_edges=4807974
  NeighborhoodSlab: 1445 threads × 2304 KB = 3251 MB
  Batch 17 [24565,26010) done in 294 ms  h_edges=4835606
  NeighborhoodSlab: 1445 threads × 2304 KB = 3251 MB
  Batch 18 [26010,27455) done in 330 ms  h_edges=4863768
  NeighborhoodSlab: 1445 threads × 2304 KB = 3251 MB
  Batch 19 [27455,28900) done in 272 ms  h_edges=4891747
  NeighborhoodSlab: 1445 threads × 2304 KB = 3251 MB
  Batch 20 [28900,30345) done in 326 ms  h_edges=4918129
  NeighborhoodSlab: 1445 threads × 2304 KB = 3251 MB
  Batch 21 [30345,31790) done in 317 ms  h_edges=4945261
  NeighborhoodSlab: 1445 threads × 2304 KB = 3251 MB
  Batch 22 [31790,33235) done in 266 ms  h_edges=4975703
  NeighborhoodSlab: 1445 threads × 2304 KB = 3251 MB
  Batch 23 [33235,34680) done in 240 ms  h_edges=5004305
  NeighborhoodSlab: 1441 threads × 2304 KB = 3242 MB
  Batch 24 [34680,36121) done in 305 ms  h_edges=5031471
  DeviceGraph: fwd=5031471 bwd=5031471 edges
  Year 2029 total: 16961 ms  (pop: 1240127)

=== Simulation Complete ===
Total: 42 s  Final pop: 1240127

=== Exporting Results ===
Edges saved: ./output/3y/mass_cuda-yutb-static-output-3y-3p.edgelist (5031471)
Attributes saved: ./output/3y/mass_cuda-yutb-static-output-3y-3p.aux (1240127 rows)

Done.

real	0m55.753s
user	0m53.343s
sys	0m2.107s
Running growth rate 3% for 3 years.
./output/3y/mass_cuda-twt-static-output-3y-3p.edgelist
./output/3y/mass_cuda-twt-static-output-3y-3p.aux
Citation Network ABM – MASS CUDA
=================================

Out-degree bag: 3980408 entries
Recency probs:  356 entries
BFS batches:    25 per year

=== Initializing Citation ABM ===

Inside parseNodelist...
Populating continuous node mappings (81306 nodes)...
parseNodelist done in 55 ms (81306 nodes)

Inside parseEdgelist...
parseEdgelist done in 194 ms (2420744 edges)
Seed max year: 2020  → simulation starts at 2021
Max population: 90847
Seed population: 81306 papers
  DeviceGraph: fwd=1342296 bwd=1342296 edges
Initialization complete


=== Simulation Start ===

--- Year 2021 (pop: 81306) ---
  Adding 2440 new papers
  DeviceGraph: fwd=1342296 bwd=1342296 edges
  Processing 2440 papers in 25 batches of ~98
  NeighborhoodSlab: 98 threads × 2304 KB = 220 MB
  Batch 0 [0,98) done in 83 ms  h_edges=2422513
  NeighborhoodSlab: 98 threads × 2304 KB = 220 MB
  Batch 1 [98,196) done in 72 ms  h_edges=2424304
  NeighborhoodSlab: 98 threads × 2304 KB = 220 MB
  Batch 2 [196,294) done in 74 ms  h_edges=2425994
  NeighborhoodSlab: 98 threads × 2304 KB = 220 MB
  Batch 3 [294,392) done in 66 ms  h_edges=2427311
  NeighborhoodSlab: 98 threads × 2304 KB = 220 MB
  Batch 4 [392,490) done in 82 ms  h_edges=2428733
  NeighborhoodSlab: 98 threads × 2304 KB = 220 MB
  Batch 5 [490,588) done in 101 ms  h_edges=2430359
  NeighborhoodSlab: 98 threads × 2304 KB = 220 MB
  Batch 6 [588,686) done in 91 ms  h_edges=2431841
  NeighborhoodSlab: 98 threads × 2304 KB = 220 MB
  Batch 7 [686,784) done in 82 ms  h_edges=2433822
  NeighborhoodSlab: 98 threads × 2304 KB = 220 MB
  Batch 8 [784,882) done in 88 ms  h_edges=2435648
  NeighborhoodSlab: 98 threads × 2304 KB = 220 MB
  Batch 9 [882,980) done in 108 ms  h_edges=2437002
  NeighborhoodSlab: 98 threads × 2304 KB = 220 MB
  Batch 10 [980,1078) done in 71 ms  h_edges=2438781
  NeighborhoodSlab: 98 threads × 2304 KB = 220 MB
  Batch 11 [1078,1176) done in 72 ms  h_edges=2441152
  NeighborhoodSlab: 98 threads × 2304 KB = 220 MB
  Batch 12 [1176,1274) done in 74 ms  h_edges=2443250
  NeighborhoodSlab: 98 threads × 2304 KB = 220 MB
  Batch 13 [1274,1372) done in 92 ms  h_edges=2445354
  NeighborhoodSlab: 98 threads × 2304 KB = 220 MB
  Batch 14 [1372,1470) done in 94 ms  h_edges=2446839
  NeighborhoodSlab: 98 threads × 2304 KB = 220 MB
  Batch 15 [1470,1568) done in 81 ms  h_edges=2448529
  NeighborhoodSlab: 98 threads × 2304 KB = 220 MB
  Batch 16 [1568,1666) done in 67 ms  h_edges=2450363
  NeighborhoodSlab: 98 threads × 2304 KB = 220 MB
  Batch 17 [1666,1764) done in 72 ms  h_edges=2452251
  NeighborhoodSlab: 98 threads × 2304 KB = 220 MB
  Batch 18 [1764,1862) done in 57 ms  h_edges=2453722
  NeighborhoodSlab: 98 threads × 2304 KB = 220 MB
  Batch 19 [1862,1960) done in 80 ms  h_edges=2455756
  NeighborhoodSlab: 98 threads × 2304 KB = 220 MB
  Batch 20 [1960,2058) done in 61 ms  h_edges=2457884
  NeighborhoodSlab: 98 threads × 2304 KB = 220 MB
  Batch 21 [2058,2156) done in 92 ms  h_edges=2459316
  NeighborhoodSlab: 98 threads × 2304 KB = 220 MB
  Batch 22 [2156,2254) done in 66 ms  h_edges=2461793
  NeighborhoodSlab: 98 threads × 2304 KB = 220 MB
  Batch 23 [2254,2352) done in 62 ms  h_edges=2463772
  NeighborhoodSlab: 88 threads × 2304 KB = 198 MB
  Batch 24 [2352,2440) done in 74 ms  h_edges=2465561
  DeviceGraph: fwd=1387113 bwd=1387113 edges
  Year 2021 total: 4338 ms  (pop: 83746)

--- Year 2022 (pop: 83746) ---
  Adding 2513 new papers
  DeviceGraph: fwd=1387113 bwd=1387113 edges
  Processing 2513 papers in 25 batches of ~101
  NeighborhoodSlab: 101 threads × 2304 KB = 227 MB
  Batch 0 [0,101) done in 99 ms  h_edges=2467486
  NeighborhoodSlab: 101 threads × 2304 KB = 227 MB
  Batch 1 [101,202) done in 109 ms  h_edges=2469515
  NeighborhoodSlab: 101 threads × 2304 KB = 227 MB
  Batch 2 [202,303) done in 95 ms  h_edges=2471589
  NeighborhoodSlab: 101 threads × 2304 KB = 227 MB
  Batch 3 [303,404) done in 75 ms  h_edges=2473342
  NeighborhoodSlab: 101 threads × 2304 KB = 227 MB
  Batch 4 [404,505) done in 80 ms  h_edges=2475410
  NeighborhoodSlab: 101 threads × 2304 KB = 227 MB
  Batch 5 [505,606) done in 85 ms  h_edges=2477595
  NeighborhoodSlab: 101 threads × 2304 KB = 227 MB
  Batch 6 [606,707) done in 57 ms  h_edges=2480164
  NeighborhoodSlab: 101 threads × 2304 KB = 227 MB
  Batch 7 [707,808) done in 82 ms  h_edges=2482331
  NeighborhoodSlab: 101 threads × 2304 KB = 227 MB
  Batch 8 [808,909) done in 74 ms  h_edges=2484639
  NeighborhoodSlab: 101 threads × 2304 KB = 227 MB
  Batch 9 [909,1010) done in 78 ms  h_edges=2486486
  NeighborhoodSlab: 101 threads × 2304 KB = 227 MB
  Batch 10 [1010,1111) done in 77 ms  h_edges=2488262
  NeighborhoodSlab: 101 threads × 2304 KB = 227 MB
  Batch 11 [1111,1212) done in 53 ms  h_edges=2490211
  NeighborhoodSlab: 101 threads × 2304 KB = 227 MB
  Batch 12 [1212,1313) done in 81 ms  h_edges=2491900
  NeighborhoodSlab: 101 threads × 2304 KB = 227 MB
  Batch 13 [1313,1414) done in 92 ms  h_edges=2494407
  NeighborhoodSlab: 101 threads × 2304 KB = 227 MB
  Batch 14 [1414,1515) done in 129 ms  h_edges=2496923
  NeighborhoodSlab: 101 threads × 2304 KB = 227 MB
  Batch 15 [1515,1616) done in 79 ms  h_edges=2498958
  NeighborhoodSlab: 101 threads × 2304 KB = 227 MB
  Batch 16 [1616,1717) done in 76 ms  h_edges=2500754
  NeighborhoodSlab: 101 threads × 2304 KB = 227 MB
  Batch 17 [1717,1818) done in 173 ms  h_edges=2503266
  NeighborhoodSlab: 101 threads × 2304 KB = 227 MB
  Batch 18 [1818,1919) done in 69 ms  h_edges=2505104
  NeighborhoodSlab: 101 threads × 2304 KB = 227 MB
  Batch 19 [1919,2020) done in 73 ms  h_edges=2507235
  NeighborhoodSlab: 101 threads × 2304 KB = 227 MB
  Batch 20 [2020,2121) done in 162 ms  h_edges=2509147
  NeighborhoodSlab: 101 threads × 2304 KB = 227 MB
  Batch 21 [2121,2222) done in 83 ms  h_edges=2511198
  NeighborhoodSlab: 101 threads × 2304 KB = 227 MB
  Batch 22 [2222,2323) done in 123 ms  h_edges=2513377
  NeighborhoodSlab: 101 threads × 2304 KB = 227 MB
  Batch 23 [2323,2424) done in 95 ms  h_edges=2515506
  NeighborhoodSlab: 89 threads × 2304 KB = 200 MB
  Batch 24 [2424,2513) done in 84 ms  h_edges=2517669
  DeviceGraph: fwd=1439221 bwd=1439221 edges
  Year 2022 total: 4861 ms  (pop: 86259)

--- Year 2023 (pop: 86259) ---
  Adding 2588 new papers
  DeviceGraph: fwd=1439221 bwd=1439221 edges
  Processing 2588 papers in 25 batches of ~104
  NeighborhoodSlab: 104 threads × 2304 KB = 234 MB
  Batch 0 [0,104) done in 96 ms  h_edges=2519422
  NeighborhoodSlab: 104 threads × 2304 KB = 234 MB
  Batch 1 [104,208) done in 80 ms  h_edges=2521221
  NeighborhoodSlab: 104 threads × 2304 KB = 234 MB
  Batch 2 [208,312) done in 107 ms  h_edges=2523375
  NeighborhoodSlab: 104 threads × 2304 KB = 234 MB
  Batch 3 [312,416) done in 114 ms  h_edges=2525013
  NeighborhoodSlab: 104 threads × 2304 KB = 234 MB
  Batch 4 [416,520) done in 159 ms  h_edges=2526770
  NeighborhoodSlab: 104 threads × 2304 KB = 234 MB
  Batch 5 [520,624) done in 99 ms  h_edges=2528700
  NeighborhoodSlab: 104 threads × 2304 KB = 234 MB
  Batch 6 [624,728) done in 110 ms  h_edges=2530772
  NeighborhoodSlab: 104 threads × 2304 KB = 234 MB
  Batch 7 [728,832) done in 77 ms  h_edges=2532592
  NeighborhoodSlab: 104 threads × 2304 KB = 234 MB
  Batch 8 [832,936) done in 85 ms  h_edges=2534896
  NeighborhoodSlab: 104 threads × 2304 KB = 234 MB
  Batch 9 [936,1040) done in 83 ms  h_edges=2536761
  NeighborhoodSlab: 104 threads × 2304 KB = 234 MB
  Batch 10 [1040,1144) done in 76 ms  h_edges=2538671
  NeighborhoodSlab: 104 threads × 2304 KB = 234 MB
  Batch 11 [1144,1248) done in 87 ms  h_edges=2540802
  NeighborhoodSlab: 104 threads × 2304 KB = 234 MB
  Batch 12 [1248,1352) done in 80 ms  h_edges=2542821
  NeighborhoodSlab: 104 threads × 2304 KB = 234 MB
  Batch 13 [1352,1456) done in 110 ms  h_edges=2544578
  NeighborhoodSlab: 104 threads × 2304 KB = 234 MB
  Batch 14 [1456,1560) done in 111 ms  h_edges=2546807
  NeighborhoodSlab: 104 threads × 2304 KB = 234 MB
  Batch 15 [1560,1664) done in 97 ms  h_edges=2549198
  NeighborhoodSlab: 104 threads × 2304 KB = 234 MB
  Batch 16 [1664,1768) done in 86 ms  h_edges=2551146
  NeighborhoodSlab: 104 threads × 2304 KB = 234 MB
  Batch 17 [1768,1872) done in 93 ms  h_edges=2553499
  NeighborhoodSlab: 104 threads × 2304 KB = 234 MB
  Batch 18 [1872,1976) done in 79 ms  h_edges=2555428
  NeighborhoodSlab: 104 threads × 2304 KB = 234 MB
  Batch 19 [1976,2080) done in 78 ms  h_edges=2557714
  NeighborhoodSlab: 104 threads × 2304 KB = 234 MB
  Batch 20 [2080,2184) done in 96 ms  h_edges=2560013
  NeighborhoodSlab: 104 threads × 2304 KB = 234 MB
  Batch 21 [2184,2288) done in 81 ms  h_edges=2561798
  NeighborhoodSlab: 104 threads × 2304 KB = 234 MB
  Batch 22 [2288,2392) done in 125 ms  h_edges=2563736
  NeighborhoodSlab: 104 threads × 2304 KB = 234 MB
  Batch 23 [2392,2496) done in 108 ms  h_edges=2565593
  NeighborhoodSlab: 92 threads × 2304 KB = 207 MB
  Batch 24 [2496,2588) done in 99 ms  h_edges=2567744
  DeviceGraph: fwd=1489296 bwd=1489296 edges
  Year 2023 total: 5010 ms  (pop: 88847)

=== Simulation Complete ===
Total: 14 s  Final pop: 88847

=== Exporting Results ===
Edges saved: ./output/3y/mass_cuda-twt-static-output-3y-3p.edgelist (2567744)
Attributes saved: ./output/3y/mass_cuda-twt-static-output-3y-3p.aux (88847 rows)

Done.

real	0m18.488s
user	0m17.526s
sys	0m0.862s
For GROWTH_PERCENT = 6 %, BFS_BATCH_SIZE = 60.
Running growth rate 6% for 3 years.
./output/3y/mass_cuda-amz-static-output-3y-6p.edgelist
./output/3y/mass_cuda-amz-static-output-3y-6p.aux
Citation Network ABM – MASS CUDA
=================================

Out-degree bag: 3980408 entries
Recency probs:  356 entries
BFS batches:    60 per year

=== Initializing Citation ABM ===

Inside parseNodelist...
Populating continuous node mappings (334863 nodes)...
parseNodelist done in 295 ms (334863 nodes)

Inside parseEdgelist...
parseEdgelist done in 128 ms (925872 edges)
Seed max year: 2020  → simulation starts at 2021
Max population: 400829
Seed population: 334863 papers
  DeviceGraph: fwd=925872 bwd=925872 edges
Initialization complete


=== Simulation Start ===

--- Year 2021 (pop: 334863) ---
  Adding 20092 new papers
  DeviceGraph: fwd=925872 bwd=925872 edges
  Processing 20092 papers in 60 batches of ~335
  NeighborhoodSlab: 335 threads × 2304 KB = 753 MB
  Batch 0 [0,335) done in 72 ms  h_edges=932727
  NeighborhoodSlab: 335 threads × 2304 KB = 753 MB
  Batch 1 [335,670) done in 71 ms  h_edges=939445
  NeighborhoodSlab: 335 threads × 2304 KB = 753 MB
  Batch 2 [670,1005) done in 71 ms  h_edges=946014
  NeighborhoodSlab: 335 threads × 2304 KB = 753 MB
  Batch 3 [1005,1340) done in 71 ms  h_edges=952280
  NeighborhoodSlab: 335 threads × 2304 KB = 753 MB
  Batch 4 [1340,1675) done in 71 ms  h_edges=958489
  NeighborhoodSlab: 335 threads × 2304 KB = 753 MB
  Batch 5 [1675,2010) done in 72 ms  h_edges=965306
  NeighborhoodSlab: 335 threads × 2304 KB = 753 MB
  Batch 6 [2010,2345) done in 72 ms  h_edges=972108
  NeighborhoodSlab: 335 threads × 2304 KB = 753 MB
  Batch 7 [2345,2680) done in 72 ms  h_edges=979421
  NeighborhoodSlab: 335 threads × 2304 KB = 753 MB
  Batch 8 [2680,3015) done in 72 ms  h_edges=986305
  NeighborhoodSlab: 335 threads × 2304 KB = 753 MB
  Batch 9 [3015,3350) done in 70 ms  h_edges=993512
  NeighborhoodSlab: 335 threads × 2304 KB = 753 MB
  Batch 10 [3350,3685) done in 71 ms  h_edges=1000023
  NeighborhoodSlab: 335 threads × 2304 KB = 753 MB
  Batch 11 [3685,4020) done in 71 ms  h_edges=1006533
  NeighborhoodSlab: 335 threads × 2304 KB = 753 MB
  Batch 12 [4020,4355) done in 72 ms  h_edges=1013674
  NeighborhoodSlab: 335 threads × 2304 KB = 753 MB
  Batch 13 [4355,4690) done in 75 ms  h_edges=1020323
  NeighborhoodSlab: 335 threads × 2304 KB = 753 MB
  Batch 14 [4690,5025) done in 72 ms  h_edges=1026966
  NeighborhoodSlab: 335 threads × 2304 KB = 753 MB
  Batch 15 [5025,5360) done in 72 ms  h_edges=1033384
  NeighborhoodSlab: 335 threads × 2304 KB = 753 MB
  Batch 16 [5360,5695) done in 72 ms  h_edges=1039430
  NeighborhoodSlab: 335 threads × 2304 KB = 753 MB
  Batch 17 [5695,6030) done in 71 ms  h_edges=1045860
  NeighborhoodSlab: 335 threads × 2304 KB = 753 MB
  Batch 18 [6030,6365) done in 75 ms  h_edges=1052271
  NeighborhoodSlab: 335 threads × 2304 KB = 753 MB
  Batch 19 [6365,6700) done in 72 ms  h_edges=1058830
  NeighborhoodSlab: 335 threads × 2304 KB = 753 MB
  Batch 20 [6700,7035) done in 71 ms  h_edges=1065070
  NeighborhoodSlab: 335 threads × 2304 KB = 753 MB
  Batch 21 [7035,7370) done in 72 ms  h_edges=1072805
  NeighborhoodSlab: 335 threads × 2304 KB = 753 MB
  Batch 22 [7370,7705) done in 71 ms  h_edges=1079362
  NeighborhoodSlab: 335 threads × 2304 KB = 753 MB
  Batch 23 [7705,8040) done in 73 ms  h_edges=1085329
  NeighborhoodSlab: 335 threads × 2304 KB = 753 MB
  Batch 24 [8040,8375) done in 71 ms  h_edges=1092320
  NeighborhoodSlab: 335 threads × 2304 KB = 753 MB
  Batch 25 [8375,8710) done in 73 ms  h_edges=1099359
  NeighborhoodSlab: 335 threads × 2304 KB = 753 MB
  Batch 26 [8710,9045) done in 72 ms  h_edges=1105753
  NeighborhoodSlab: 335 threads × 2304 KB = 753 MB
  Batch 27 [9045,9380) done in 72 ms  h_edges=1111991
  NeighborhoodSlab: 335 threads × 2304 KB = 753 MB
  Batch 28 [9380,9715) done in 71 ms  h_edges=1118725
  NeighborhoodSlab: 335 threads × 2304 KB = 753 MB
  Batch 29 [9715,10050) done in 72 ms  h_edges=1125126
  NeighborhoodSlab: 335 threads × 2304 KB = 753 MB
  Batch 30 [10050,10385) done in 71 ms  h_edges=1132720
  NeighborhoodSlab: 335 threads × 2304 KB = 753 MB
  Batch 31 [10385,10720) done in 72 ms  h_edges=1139925
  NeighborhoodSlab: 335 threads × 2304 KB = 753 MB
  Batch 32 [10720,11055) done in 72 ms  h_edges=1147258
  NeighborhoodSlab: 335 threads × 2304 KB = 753 MB
  Batch 33 [11055,11390) done in 71 ms  h_edges=1154179
  NeighborhoodSlab: 335 threads × 2304 KB = 753 MB
  Batch 34 [11390,11725) done in 71 ms  h_edges=1160412
  NeighborhoodSlab: 335 threads × 2304 KB = 753 MB
  Batch 35 [11725,12060) done in 71 ms  h_edges=1166611
  NeighborhoodSlab: 335 threads × 2304 KB = 753 MB
  Batch 36 [12060,12395) done in 71 ms  h_edges=1173159
  NeighborhoodSlab: 335 threads × 2304 KB = 753 MB
  Batch 37 [12395,12730) done in 71 ms  h_edges=1179088
  NeighborhoodSlab: 335 threads × 2304 KB = 753 MB
  Batch 38 [12730,13065) done in 71 ms  h_edges=1185087
  NeighborhoodSlab: 335 threads × 2304 KB = 753 MB
  Batch 39 [13065,13400) done in 71 ms  h_edges=1191238
  NeighborhoodSlab: 335 threads × 2304 KB = 753 MB
  Batch 40 [13400,13735) done in 72 ms  h_edges=1197526
  NeighborhoodSlab: 335 threads × 2304 KB = 753 MB
  Batch 41 [13735,14070) done in 72 ms  h_edges=1203829
  NeighborhoodSlab: 335 threads × 2304 KB = 753 MB
  Batch 42 [14070,14405) done in 72 ms  h_edges=1210657
  NeighborhoodSlab: 335 threads × 2304 KB = 753 MB
  Batch 43 [14405,14740) done in 71 ms  h_edges=1217101
  NeighborhoodSlab: 335 threads × 2304 KB = 753 MB
  Batch 44 [14740,15075) done in 72 ms  h_edges=1224496
  NeighborhoodSlab: 335 threads × 2304 KB = 753 MB
  Batch 45 [15075,15410) done in 71 ms  h_edges=1230302
  NeighborhoodSlab: 335 threads × 2304 KB = 753 MB
  Batch 46 [15410,15745) done in 72 ms  h_edges=1236602
  NeighborhoodSlab: 335 threads × 2304 KB = 753 MB
  Batch 47 [15745,16080) done in 71 ms  h_edges=1243069
  NeighborhoodSlab: 335 threads × 2304 KB = 753 MB
  Batch 48 [16080,16415) done in 71 ms  h_edges=1249976
  NeighborhoodSlab: 335 threads × 2304 KB = 753 MB
  Batch 49 [16415,16750) done in 71 ms  h_edges=1256523
  NeighborhoodSlab: 335 threads × 2304 KB = 753 MB
  Batch 50 [16750,17085) done in 71 ms  h_edges=1263107
  NeighborhoodSlab: 335 threads × 2304 KB = 753 MB
  Batch 51 [17085,17420) done in 72 ms  h_edges=1270563
  NeighborhoodSlab: 335 threads × 2304 KB = 753 MB
  Batch 52 [17420,17755) done in 72 ms  h_edges=1276575
  NeighborhoodSlab: 335 threads × 2304 KB = 753 MB
  Batch 53 [17755,18090) done in 71 ms  h_edges=1284053
  NeighborhoodSlab: 335 threads × 2304 KB = 753 MB
  Batch 54 [18090,18425) done in 72 ms  h_edges=1289942
  NeighborhoodSlab: 335 threads × 2304 KB = 753 MB
  Batch 55 [18425,18760) done in 72 ms  h_edges=1297243
  NeighborhoodSlab: 335 threads × 2304 KB = 753 MB
  Batch 56 [18760,19095) done in 72 ms  h_edges=1304348
  NeighborhoodSlab: 335 threads × 2304 KB = 753 MB
  Batch 57 [19095,19430) done in 71 ms  h_edges=1310668
  NeighborhoodSlab: 335 threads × 2304 KB = 753 MB
  Batch 58 [19430,19765) done in 72 ms  h_edges=1317102
  NeighborhoodSlab: 327 threads × 2304 KB = 735 MB
  Batch 59 [19765,20092) done in 71 ms  h_edges=1323614
  DeviceGraph: fwd=1323614 bwd=1323614 edges
  Year 2021 total: 6891 ms  (pop: 354955)

--- Year 2022 (pop: 354955) ---
  Adding 21298 new papers
  DeviceGraph: fwd=1323614 bwd=1323614 edges
  Processing 21298 papers in 60 batches of ~355
  NeighborhoodSlab: 355 threads × 2304 KB = 798 MB
  Batch 0 [0,355) done in 72 ms  h_edges=1330157
  NeighborhoodSlab: 355 threads × 2304 KB = 798 MB
  Batch 1 [355,710) done in 73 ms  h_edges=1336223
  NeighborhoodSlab: 355 threads × 2304 KB = 798 MB
  Batch 2 [710,1065) done in 72 ms  h_edges=1343049
  NeighborhoodSlab: 355 threads × 2304 KB = 798 MB
  Batch 3 [1065,1420) done in 72 ms  h_edges=1349620
  NeighborhoodSlab: 355 threads × 2304 KB = 798 MB
  Batch 4 [1420,1775) done in 73 ms  h_edges=1356828
  NeighborhoodSlab: 355 threads × 2304 KB = 798 MB
  Batch 5 [1775,2130) done in 72 ms  h_edges=1363669
  NeighborhoodSlab: 355 threads × 2304 KB = 798 MB
  Batch 6 [2130,2485) done in 72 ms  h_edges=1370017
  NeighborhoodSlab: 355 threads × 2304 KB = 798 MB
  Batch 7 [2485,2840) done in 72 ms  h_edges=1377594
  NeighborhoodSlab: 355 threads × 2304 KB = 798 MB
  Batch 8 [2840,3195) done in 74 ms  h_edges=1384458
  NeighborhoodSlab: 355 threads × 2304 KB = 798 MB
  Batch 9 [3195,3550) done in 73 ms  h_edges=1391231
  NeighborhoodSlab: 355 threads × 2304 KB = 798 MB
  Batch 10 [3550,3905) done in 73 ms  h_edges=1397360
  NeighborhoodSlab: 355 threads × 2304 KB = 798 MB
  Batch 11 [3905,4260) done in 71 ms  h_edges=1404527
  NeighborhoodSlab: 355 threads × 2304 KB = 798 MB
  Batch 12 [4260,4615) done in 75 ms  h_edges=1411889
  NeighborhoodSlab: 355 threads × 2304 KB = 798 MB
  Batch 13 [4615,4970) done in 71 ms  h_edges=1419147
  NeighborhoodSlab: 355 threads × 2304 KB = 798 MB
  Batch 14 [4970,5325) done in 72 ms  h_edges=1426147
  NeighborhoodSlab: 355 threads × 2304 KB = 798 MB
  Batch 15 [5325,5680) done in 72 ms  h_edges=1433341
  NeighborhoodSlab: 355 threads × 2304 KB = 798 MB
  Batch 16 [5680,6035) done in 72 ms  h_edges=1440536
  NeighborhoodSlab: 355 threads × 2304 KB = 798 MB
  Batch 17 [6035,6390) done in 72 ms  h_edges=1447360
  NeighborhoodSlab: 355 threads × 2304 KB = 798 MB
  Batch 18 [6390,6745) done in 72 ms  h_edges=1454184
  NeighborhoodSlab: 355 threads × 2304 KB = 798 MB
  Batch 19 [6745,7100) done in 75 ms  h_edges=1460466
  NeighborhoodSlab: 355 threads × 2304 KB = 798 MB
  Batch 20 [7100,7455) done in 72 ms  h_edges=1467640
  NeighborhoodSlab: 355 threads × 2304 KB = 798 MB
  Batch 21 [7455,7810) done in 73 ms  h_edges=1474235
  NeighborhoodSlab: 355 threads × 2304 KB = 798 MB
  Batch 22 [7810,8165) done in 72 ms  h_edges=1480813
  NeighborhoodSlab: 355 threads × 2304 KB = 798 MB
  Batch 23 [8165,8520) done in 73 ms  h_edges=1487814
  NeighborhoodSlab: 355 threads × 2304 KB = 798 MB
  Batch 24 [8520,8875) done in 73 ms  h_edges=1495310
  NeighborhoodSlab: 355 threads × 2304 KB = 798 MB
  Batch 25 [8875,9230) done in 72 ms  h_edges=1502414
  NeighborhoodSlab: 355 threads × 2304 KB = 798 MB
  Batch 26 [9230,9585) done in 73 ms  h_edges=1509153
  NeighborhoodSlab: 355 threads × 2304 KB = 798 MB
  Batch 27 [9585,9940) done in 72 ms  h_edges=1516197
  NeighborhoodSlab: 355 threads × 2304 KB = 798 MB
  Batch 28 [9940,10295) done in 73 ms  h_edges=1523671
  NeighborhoodSlab: 355 threads × 2304 KB = 798 MB
  Batch 29 [10295,10650) done in 71 ms  h_edges=1531377
  NeighborhoodSlab: 355 threads × 2304 KB = 798 MB
  Batch 30 [10650,11005) done in 74 ms  h_edges=1537874
  NeighborhoodSlab: 355 threads × 2304 KB = 798 MB
  Batch 31 [11005,11360) done in 72 ms  h_edges=1544807
  NeighborhoodSlab: 355 threads × 2304 KB = 798 MB
  Batch 32 [11360,11715) done in 72 ms  h_edges=1551106
  NeighborhoodSlab: 355 threads × 2304 KB = 798 MB
  Batch 33 [11715,12070) done in 72 ms  h_edges=1558106
  NeighborhoodSlab: 355 threads × 2304 KB = 798 MB
  Batch 34 [12070,12425) done in 72 ms  h_edges=1564594
  NeighborhoodSlab: 355 threads × 2304 KB = 798 MB
  Batch 35 [12425,12780) done in 72 ms  h_edges=1570959
  NeighborhoodSlab: 355 threads × 2304 KB = 798 MB
  Batch 36 [12780,13135) done in 72 ms  h_edges=1578418
  NeighborhoodSlab: 355 threads × 2304 KB = 798 MB
  Batch 37 [13135,13490) done in 75 ms  h_edges=1585894
  NeighborhoodSlab: 355 threads × 2304 KB = 798 MB
  Batch 38 [13490,13845) done in 73 ms  h_edges=1592986
  NeighborhoodSlab: 355 threads × 2304 KB = 798 MB
  Batch 39 [13845,14200) done in 72 ms  h_edges=1599271
  NeighborhoodSlab: 355 threads × 2304 KB = 798 MB
  Batch 40 [14200,14555) done in 72 ms  h_edges=1606119
  NeighborhoodSlab: 355 threads × 2304 KB = 798 MB
  Batch 41 [14555,14910) done in 72 ms  h_edges=1612942
  NeighborhoodSlab: 355 threads × 2304 KB = 798 MB
  Batch 42 [14910,15265) done in 73 ms  h_edges=1620450
  NeighborhoodSlab: 355 threads × 2304 KB = 798 MB
  Batch 43 [15265,15620) done in 73 ms  h_edges=1627642
  NeighborhoodSlab: 355 threads × 2304 KB = 798 MB
  Batch 44 [15620,15975) done in 74 ms  h_edges=1634747
  NeighborhoodSlab: 355 threads × 2304 KB = 798 MB
  Batch 45 [15975,16330) done in 72 ms  h_edges=1641433
  NeighborhoodSlab: 355 threads × 2304 KB = 798 MB
  Batch 46 [16330,16685) done in 72 ms  h_edges=1648736
  NeighborhoodSlab: 355 threads × 2304 KB = 798 MB
  Batch 47 [16685,17040) done in 72 ms  h_edges=1656224
  NeighborhoodSlab: 355 threads × 2304 KB = 798 MB
  Batch 48 [17040,17395) done in 73 ms  h_edges=1663711
  NeighborhoodSlab: 355 threads × 2304 KB = 798 MB
  Batch 49 [17395,17750) done in 72 ms  h_edges=1670597
  NeighborhoodSlab: 355 threads × 2304 KB = 798 MB
  Batch 50 [17750,18105) done in 72 ms  h_edges=1677487
  NeighborhoodSlab: 355 threads × 2304 KB = 798 MB
  Batch 51 [18105,18460) done in 72 ms  h_edges=1684733
  NeighborhoodSlab: 355 threads × 2304 KB = 798 MB
  Batch 52 [18460,18815) done in 73 ms  h_edges=1691790
  NeighborhoodSlab: 355 threads × 2304 KB = 798 MB
  Batch 53 [18815,19170) done in 73 ms  h_edges=1699040
  NeighborhoodSlab: 355 threads × 2304 KB = 798 MB
  Batch 54 [19170,19525) done in 74 ms  h_edges=1707362
  NeighborhoodSlab: 355 threads × 2304 KB = 798 MB
  Batch 55 [19525,19880) done in 72 ms  h_edges=1713563
  NeighborhoodSlab: 355 threads × 2304 KB = 798 MB
  Batch 56 [19880,20235) done in 72 ms  h_edges=1720705
  NeighborhoodSlab: 355 threads × 2304 KB = 798 MB
  Batch 57 [20235,20590) done in 72 ms  h_edges=1727613
  NeighborhoodSlab: 355 threads × 2304 KB = 798 MB
  Batch 58 [20590,20945) done in 72 ms  h_edges=1734885
  NeighborhoodSlab: 353 threads × 2304 KB = 794 MB
  Batch 59 [20945,21298) done in 72 ms  h_edges=1741666
  DeviceGraph: fwd=1741666 bwd=1741666 edges
  Year 2022 total: 7682 ms  (pop: 376253)

--- Year 2023 (pop: 376253) ---
  Adding 22576 new papers
  DeviceGraph: fwd=1741666 bwd=1741666 edges
  Processing 22576 papers in 60 batches of ~377
  NeighborhoodSlab: 377 threads × 2304 KB = 848 MB
  Batch 0 [0,377) done in 74 ms  h_edges=1748557
  NeighborhoodSlab: 377 threads × 2304 KB = 848 MB
  Batch 1 [377,754) done in 73 ms  h_edges=1755972
  NeighborhoodSlab: 377 threads × 2304 KB = 848 MB
  Batch 2 [754,1131) done in 73 ms  h_edges=1763425
  NeighborhoodSlab: 377 threads × 2304 KB = 848 MB
  Batch 3 [1131,1508) done in 74 ms  h_edges=1770646
  NeighborhoodSlab: 377 threads × 2304 KB = 848 MB
  Batch 4 [1508,1885) done in 74 ms  h_edges=1777936
  NeighborhoodSlab: 377 threads × 2304 KB = 848 MB
  Batch 5 [1885,2262) done in 73 ms  h_edges=1785578
  NeighborhoodSlab: 377 threads × 2304 KB = 848 MB
  Batch 6 [2262,2639) done in 75 ms  h_edges=1792636
  NeighborhoodSlab: 377 threads × 2304 KB = 848 MB
  Batch 7 [2639,3016) done in 73 ms  h_edges=1799639
  NeighborhoodSlab: 377 threads × 2304 KB = 848 MB
  Batch 8 [3016,3393) done in 73 ms  h_edges=1806185
  NeighborhoodSlab: 377 threads × 2304 KB = 848 MB
  Batch 9 [3393,3770) done in 73 ms  h_edges=1812436
  NeighborhoodSlab: 377 threads × 2304 KB = 848 MB
  Batch 10 [3770,4147) done in 73 ms  h_edges=1819249
  NeighborhoodSlab: 377 threads × 2304 KB = 848 MB
  Batch 11 [4147,4524) done in 74 ms  h_edges=1826761
  NeighborhoodSlab: 377 threads × 2304 KB = 848 MB
  Batch 12 [4524,4901) done in 74 ms  h_edges=1834555
  NeighborhoodSlab: 377 threads × 2304 KB = 848 MB
  Batch 13 [4901,5278) done in 73 ms  h_edges=1841440
  NeighborhoodSlab: 377 threads × 2304 KB = 848 MB
  Batch 14 [5278,5655) done in 74 ms  h_edges=1848760
  NeighborhoodSlab: 377 threads × 2304 KB = 848 MB
  Batch 15 [5655,6032) done in 73 ms  h_edges=1857081
  NeighborhoodSlab: 377 threads × 2304 KB = 848 MB
  Batch 16 [6032,6409) done in 73 ms  h_edges=1864596
  NeighborhoodSlab: 377 threads × 2304 KB = 848 MB
  Batch 17 [6409,6786) done in 73 ms  h_edges=1871551
  NeighborhoodSlab: 377 threads × 2304 KB = 848 MB
  Batch 18 [6786,7163) done in 73 ms  h_edges=1879932
  NeighborhoodSlab: 377 threads × 2304 KB = 848 MB
  Batch 19 [7163,7540) done in 73 ms  h_edges=1887032
  NeighborhoodSlab: 377 threads × 2304 KB = 848 MB
  Batch 20 [7540,7917) done in 76 ms  h_edges=1893715
  NeighborhoodSlab: 377 threads × 2304 KB = 848 MB
  Batch 21 [7917,8294) done in 73 ms  h_edges=1900619
  NeighborhoodSlab: 377 threads × 2304 KB = 848 MB
  Batch 22 [8294,8671) done in 73 ms  h_edges=1907497
  NeighborhoodSlab: 377 threads × 2304 KB = 848 MB
  Batch 23 [8671,9048) done in 74 ms  h_edges=1915072
  NeighborhoodSlab: 377 threads × 2304 KB = 848 MB
  Batch 24 [9048,9425) done in 74 ms  h_edges=1922503
  NeighborhoodSlab: 377 threads × 2304 KB = 848 MB
  Batch 25 [9425,9802) done in 74 ms  h_edges=1930217
  NeighborhoodSlab: 377 threads × 2304 KB = 848 MB
  Batch 26 [9802,10179) done in 73 ms  h_edges=1938608
  NeighborhoodSlab: 377 threads × 2304 KB = 848 MB
  Batch 27 [10179,10556) done in 73 ms  h_edges=1945989
  NeighborhoodSlab: 377 threads × 2304 KB = 848 MB
  Batch 28 [10556,10933) done in 75 ms  h_edges=1954341
  NeighborhoodSlab: 377 threads × 2304 KB = 848 MB
  Batch 29 [10933,11310) done in 73 ms  h_edges=1962195
  NeighborhoodSlab: 377 threads × 2304 KB = 848 MB
  Batch 30 [11310,11687) done in 73 ms  h_edges=1970182
  NeighborhoodSlab: 377 threads × 2304 KB = 848 MB
  Batch 31 [11687,12064) done in 73 ms  h_edges=1978172
  NeighborhoodSlab: 377 threads × 2304 KB = 848 MB
  Batch 32 [12064,12441) done in 73 ms  h_edges=1985763
  NeighborhoodSlab: 377 threads × 2304 KB = 848 MB
  Batch 33 [12441,12818) done in 73 ms  h_edges=1993285
  NeighborhoodSlab: 377 threads × 2304 KB = 848 MB
  Batch 34 [12818,13195) done in 73 ms  h_edges=2000904
  NeighborhoodSlab: 377 threads × 2304 KB = 848 MB
  Batch 35 [13195,13572) done in 73 ms  h_edges=2007603
  NeighborhoodSlab: 377 threads × 2304 KB = 848 MB
  Batch 36 [13572,13949) done in 74 ms  h_edges=2014665
  NeighborhoodSlab: 377 threads × 2304 KB = 848 MB
  Batch 37 [13949,14326) done in 74 ms  h_edges=2022086
  NeighborhoodSlab: 377 threads × 2304 KB = 848 MB
  Batch 38 [14326,14703) done in 74 ms  h_edges=2029507
  NeighborhoodSlab: 377 threads × 2304 KB = 848 MB
  Batch 39 [14703,15080) done in 73 ms  h_edges=2036850
  NeighborhoodSlab: 377 threads × 2304 KB = 848 MB
  Batch 40 [15080,15457) done in 73 ms  h_edges=2044444
  NeighborhoodSlab: 377 threads × 2304 KB = 848 MB
  Batch 41 [15457,15834) done in 74 ms  h_edges=2051857
  NeighborhoodSlab: 377 threads × 2304 KB = 848 MB
  Batch 42 [15834,16211) done in 75 ms  h_edges=2059899
  NeighborhoodSlab: 377 threads × 2304 KB = 848 MB
  Batch 43 [16211,16588) done in 73 ms  h_edges=2067430
  NeighborhoodSlab: 377 threads × 2304 KB = 848 MB
  Batch 44 [16588,16965) done in 73 ms  h_edges=2074595
  NeighborhoodSlab: 377 threads × 2304 KB = 848 MB
  Batch 45 [16965,17342) done in 74 ms  h_edges=2081766
  NeighborhoodSlab: 377 threads × 2304 KB = 848 MB
  Batch 46 [17342,17719) done in 73 ms  h_edges=2088792
  NeighborhoodSlab: 377 threads × 2304 KB = 848 MB
  Batch 47 [17719,18096) done in 74 ms  h_edges=2095550
  NeighborhoodSlab: 377 threads × 2304 KB = 848 MB
  Batch 48 [18096,18473) done in 78 ms  h_edges=2103216
  NeighborhoodSlab: 377 threads × 2304 KB = 848 MB
  Batch 49 [18473,18850) done in 74 ms  h_edges=2110359
  NeighborhoodSlab: 377 threads × 2304 KB = 848 MB
  Batch 50 [18850,19227) done in 73 ms  h_edges=2117495
  NeighborhoodSlab: 377 threads × 2304 KB = 848 MB
  Batch 51 [19227,19604) done in 74 ms  h_edges=2123754
  NeighborhoodSlab: 377 threads × 2304 KB = 848 MB
  Batch 52 [19604,19981) done in 74 ms  h_edges=2130497
  NeighborhoodSlab: 377 threads × 2304 KB = 848 MB
  Batch 53 [19981,20358) done in 74 ms  h_edges=2137315
  NeighborhoodSlab: 377 threads × 2304 KB = 848 MB
  Batch 54 [20358,20735) done in 74 ms  h_edges=2145270
  NeighborhoodSlab: 377 threads × 2304 KB = 848 MB
  Batch 55 [20735,21112) done in 73 ms  h_edges=2152160
  NeighborhoodSlab: 377 threads × 2304 KB = 848 MB
  Batch 56 [21112,21489) done in 75 ms  h_edges=2158721
  NeighborhoodSlab: 377 threads × 2304 KB = 848 MB
  Batch 57 [21489,21866) done in 74 ms  h_edges=2165698
  NeighborhoodSlab: 377 threads × 2304 KB = 848 MB
  Batch 58 [21866,22243) done in 73 ms  h_edges=2172902
  NeighborhoodSlab: 333 threads × 2304 KB = 749 MB
  Batch 59 [22243,22576) done in 75 ms  h_edges=2180429
  DeviceGraph: fwd=2180429 bwd=2180429 edges
  Year 2023 total: 8640 ms  (pop: 398829)

=== Simulation Complete ===
Total: 23 s  Final pop: 398829

=== Exporting Results ===
Edges saved: ./output/3y/mass_cuda-amz-static-output-3y-6p.edgelist (2180429)
Attributes saved: ./output/3y/mass_cuda-amz-static-output-3y-6p.aux (398829 rows)

Done.

real	0m29.154s
user	0m26.676s
sys	0m1.810s
For GROWTH_PERCENT = 6 %, BFS_BATCH_SIZE = 60.
Running growth rate 6% for 3 years.
./output/3y/mass_cuda-eu-static-output-3y-6p.edgelist
./output/3y/mass_cuda-eu-static-output-3y-6p.aux
Citation Network ABM – MASS CUDA
=================================

Out-degree bag: 3980408 entries
Recency probs:  356 entries
BFS batches:    60 per year

=== Initializing Citation ABM ===

Inside parseNodelist...
Populating continuous node mappings (265009 nodes)...
parseNodelist done in 210 ms (265009 nodes)

Inside parseEdgelist...
parseEdgelist done in 32 ms (418956 edges)
Seed max year: 2020  → simulation starts at 2021
Max population: 317631
Seed population: 265009 papers
  DeviceGraph: fwd=364481 bwd=364481 edges
Initialization complete


=== Simulation Start ===

--- Year 2021 (pop: 265009) ---
  Adding 15901 new papers
  DeviceGraph: fwd=364481 bwd=364481 edges
  Processing 15901 papers in 60 batches of ~266
  NeighborhoodSlab: 266 threads × 2304 KB = 598 MB
  Batch 0 [0,266) done in 88 ms  h_edges=423731
  NeighborhoodSlab: 266 threads × 2304 KB = 598 MB
  Batch 1 [266,532) done in 94 ms  h_edges=428618
  NeighborhoodSlab: 266 threads × 2304 KB = 598 MB
  Batch 2 [532,798) done in 163 ms  h_edges=433520
  NeighborhoodSlab: 266 threads × 2304 KB = 598 MB
  Batch 3 [798,1064) done in 123 ms  h_edges=439335
  NeighborhoodSlab: 266 threads × 2304 KB = 598 MB
  Batch 4 [1064,1330) done in 84 ms  h_edges=444474
  NeighborhoodSlab: 266 threads × 2304 KB = 598 MB
  Batch 5 [1330,1596) done in 83 ms  h_edges=449612
  NeighborhoodSlab: 266 threads × 2304 KB = 598 MB
  Batch 6 [1596,1862) done in 84 ms  h_edges=454236
  NeighborhoodSlab: 266 threads × 2304 KB = 598 MB
  Batch 7 [1862,2128) done in 119 ms  h_edges=459106
  NeighborhoodSlab: 266 threads × 2304 KB = 598 MB
  Batch 8 [2128,2394) done in 125 ms  h_edges=463210
  NeighborhoodSlab: 266 threads × 2304 KB = 598 MB
  Batch 9 [2394,2660) done in 93 ms  h_edges=468424
  NeighborhoodSlab: 266 threads × 2304 KB = 598 MB
  Batch 10 [2660,2926) done in 85 ms  h_edges=473776
  NeighborhoodSlab: 266 threads × 2304 KB = 598 MB
  Batch 11 [2926,3192) done in 84 ms  h_edges=478964
  NeighborhoodSlab: 266 threads × 2304 KB = 598 MB
  Batch 12 [3192,3458) done in 99 ms  h_edges=484447
  NeighborhoodSlab: 266 threads × 2304 KB = 598 MB
  Batch 13 [3458,3724) done in 84 ms  h_edges=489601
  NeighborhoodSlab: 266 threads × 2304 KB = 598 MB
  Batch 14 [3724,3990) done in 86 ms  h_edges=494842
  NeighborhoodSlab: 266 threads × 2304 KB = 598 MB
  Batch 15 [3990,4256) done in 102 ms  h_edges=499272
  NeighborhoodSlab: 266 threads × 2304 KB = 598 MB
  Batch 16 [4256,4522) done in 86 ms  h_edges=504580
  NeighborhoodSlab: 266 threads × 2304 KB = 598 MB
  Batch 17 [4522,4788) done in 96 ms  h_edges=509583
  NeighborhoodSlab: 266 threads × 2304 KB = 598 MB
  Batch 18 [4788,5054) done in 94 ms  h_edges=514524
  NeighborhoodSlab: 266 threads × 2304 KB = 598 MB
  Batch 19 [5054,5320) done in 101 ms  h_edges=520295
  NeighborhoodSlab: 266 threads × 2304 KB = 598 MB
  Batch 20 [5320,5586) done in 85 ms  h_edges=525787
  NeighborhoodSlab: 266 threads × 2304 KB = 598 MB
  Batch 21 [5586,5852) done in 84 ms  h_edges=531340
  NeighborhoodSlab: 266 threads × 2304 KB = 598 MB
  Batch 22 [5852,6118) done in 100 ms  h_edges=536872
  NeighborhoodSlab: 266 threads × 2304 KB = 598 MB
  Batch 23 [6118,6384) done in 126 ms  h_edges=542358
  NeighborhoodSlab: 266 threads × 2304 KB = 598 MB
  Batch 24 [6384,6650) done in 108 ms  h_edges=547960
  NeighborhoodSlab: 266 threads × 2304 KB = 598 MB
  Batch 25 [6650,6916) done in 87 ms  h_edges=553459
  NeighborhoodSlab: 266 threads × 2304 KB = 598 MB
  Batch 26 [6916,7182) done in 83 ms  h_edges=558488
  NeighborhoodSlab: 266 threads × 2304 KB = 598 MB
  Batch 27 [7182,7448) done in 84 ms  h_edges=564437
  NeighborhoodSlab: 266 threads × 2304 KB = 598 MB
  Batch 28 [7448,7714) done in 88 ms  h_edges=569319
  NeighborhoodSlab: 266 threads × 2304 KB = 598 MB
  Batch 29 [7714,7980) done in 100 ms  h_edges=574945
  NeighborhoodSlab: 266 threads × 2304 KB = 598 MB
  Batch 30 [7980,8246) done in 85 ms  h_edges=580098
  NeighborhoodSlab: 266 threads × 2304 KB = 598 MB
  Batch 31 [8246,8512) done in 91 ms  h_edges=584847
  NeighborhoodSlab: 266 threads × 2304 KB = 598 MB
  Batch 32 [8512,8778) done in 83 ms  h_edges=590163
  NeighborhoodSlab: 266 threads × 2304 KB = 598 MB
  Batch 33 [8778,9044) done in 88 ms  h_edges=595702
  NeighborhoodSlab: 266 threads × 2304 KB = 598 MB
  Batch 34 [9044,9310) done in 96 ms  h_edges=600783
  NeighborhoodSlab: 266 threads × 2304 KB = 598 MB
  Batch 35 [9310,9576) done in 108 ms  h_edges=606440
  NeighborhoodSlab: 266 threads × 2304 KB = 598 MB
  Batch 36 [9576,9842) done in 84 ms  h_edges=611216
  NeighborhoodSlab: 266 threads × 2304 KB = 598 MB
  Batch 37 [9842,10108) done in 107 ms  h_edges=616606
  NeighborhoodSlab: 266 threads × 2304 KB = 598 MB
  Batch 38 [10108,10374) done in 149 ms  h_edges=621401
  NeighborhoodSlab: 266 threads × 2304 KB = 598 MB
  Batch 39 [10374,10640) done in 102 ms  h_edges=626254
  NeighborhoodSlab: 266 threads × 2304 KB = 598 MB
  Batch 40 [10640,10906) done in 88 ms  h_edges=631723
  NeighborhoodSlab: 266 threads × 2304 KB = 598 MB
  Batch 41 [10906,11172) done in 85 ms  h_edges=637168
  NeighborhoodSlab: 266 threads × 2304 KB = 598 MB
  Batch 42 [11172,11438) done in 107 ms  h_edges=642514
  NeighborhoodSlab: 266 threads × 2304 KB = 598 MB
  Batch 43 [11438,11704) done in 98 ms  h_edges=647831
  NeighborhoodSlab: 266 threads × 2304 KB = 598 MB
  Batch 44 [11704,11970) done in 102 ms  h_edges=653079
  NeighborhoodSlab: 266 threads × 2304 KB = 598 MB
  Batch 45 [11970,12236) done in 87 ms  h_edges=658566
  NeighborhoodSlab: 266 threads × 2304 KB = 598 MB
  Batch 46 [12236,12502) done in 92 ms  h_edges=663914
  NeighborhoodSlab: 266 threads × 2304 KB = 598 MB
  Batch 47 [12502,12768) done in 113 ms  h_edges=669204
  NeighborhoodSlab: 266 threads × 2304 KB = 598 MB
  Batch 48 [12768,13034) done in 91 ms  h_edges=674137
  NeighborhoodSlab: 266 threads × 2304 KB = 598 MB
  Batch 49 [13034,13300) done in 100 ms  h_edges=678532
  NeighborhoodSlab: 266 threads × 2304 KB = 598 MB
  Batch 50 [13300,13566) done in 110 ms  h_edges=683961
  NeighborhoodSlab: 266 threads × 2304 KB = 598 MB
  Batch 51 [13566,13832) done in 88 ms  h_edges=690308
  NeighborhoodSlab: 266 threads × 2304 KB = 598 MB
  Batch 52 [13832,14098) done in 86 ms  h_edges=696137
  NeighborhoodSlab: 266 threads × 2304 KB = 598 MB
  Batch 53 [14098,14364) done in 105 ms  h_edges=700939
  NeighborhoodSlab: 266 threads × 2304 KB = 598 MB
  Batch 54 [14364,14630) done in 85 ms  h_edges=706317
  NeighborhoodSlab: 266 threads × 2304 KB = 598 MB
  Batch 55 [14630,14896) done in 84 ms  h_edges=711332
  NeighborhoodSlab: 266 threads × 2304 KB = 598 MB
  Batch 56 [14896,15162) done in 87 ms  h_edges=715892
  NeighborhoodSlab: 266 threads × 2304 KB = 598 MB
  Batch 57 [15162,15428) done in 97 ms  h_edges=720650
  NeighborhoodSlab: 266 threads × 2304 KB = 598 MB
  Batch 58 [15428,15694) done in 155 ms  h_edges=726086
  NeighborhoodSlab: 207 threads × 2304 KB = 465 MB
  Batch 59 [15694,15901) done in 70 ms  h_edges=729798
  DeviceGraph: fwd=675323 bwd=675323 edges
  Year 2021 total: 6866 ms  (pop: 280910)

--- Year 2022 (pop: 280910) ---
  Adding 16855 new papers
  DeviceGraph: fwd=675323 bwd=675323 edges
  Processing 16855 papers in 60 batches of ~281
  NeighborhoodSlab: 281 threads × 2304 KB = 632 MB
  Batch 0 [0,281) done in 103 ms  h_edges=735423
  NeighborhoodSlab: 281 threads × 2304 KB = 632 MB
  Batch 1 [281,562) done in 125 ms  h_edges=740901
  NeighborhoodSlab: 281 threads × 2304 KB = 632 MB
  Batch 2 [562,843) done in 107 ms  h_edges=746221
  NeighborhoodSlab: 281 threads × 2304 KB = 632 MB
  Batch 3 [843,1124) done in 151 ms  h_edges=751346
  NeighborhoodSlab: 281 threads × 2304 KB = 632 MB
  Batch 4 [1124,1405) done in 112 ms  h_edges=756580
  NeighborhoodSlab: 281 threads × 2304 KB = 632 MB
  Batch 5 [1405,1686) done in 124 ms  h_edges=762004
  NeighborhoodSlab: 281 threads × 2304 KB = 632 MB
  Batch 6 [1686,1967) done in 107 ms  h_edges=768066
  NeighborhoodSlab: 281 threads × 2304 KB = 632 MB
  Batch 7 [1967,2248) done in 103 ms  h_edges=773806
  NeighborhoodSlab: 281 threads × 2304 KB = 632 MB
  Batch 8 [2248,2529) done in 118 ms  h_edges=780239
  NeighborhoodSlab: 281 threads × 2304 KB = 632 MB
  Batch 9 [2529,2810) done in 147 ms  h_edges=785282
  NeighborhoodSlab: 281 threads × 2304 KB = 632 MB
  Batch 10 [2810,3091) done in 113 ms  h_edges=790823
  NeighborhoodSlab: 281 threads × 2304 KB = 632 MB
  Batch 11 [3091,3372) done in 119 ms  h_edges=797142
  NeighborhoodSlab: 281 threads × 2304 KB = 632 MB
  Batch 12 [3372,3653) done in 114 ms  h_edges=803170
  NeighborhoodSlab: 281 threads × 2304 KB = 632 MB
  Batch 13 [3653,3934) done in 111 ms  h_edges=808819
  NeighborhoodSlab: 281 threads × 2304 KB = 632 MB
  Batch 14 [3934,4215) done in 113 ms  h_edges=814933
  NeighborhoodSlab: 281 threads × 2304 KB = 632 MB
  Batch 15 [4215,4496) done in 127 ms  h_edges=821086
  NeighborhoodSlab: 281 threads × 2304 KB = 632 MB
  Batch 16 [4496,4777) done in 116 ms  h_edges=827404
  NeighborhoodSlab: 281 threads × 2304 KB = 632 MB
  Batch 17 [4777,5058) done in 103 ms  h_edges=832976
  NeighborhoodSlab: 281 threads × 2304 KB = 632 MB
  Batch 18 [5058,5339) done in 123 ms  h_edges=839007
  NeighborhoodSlab: 281 threads × 2304 KB = 632 MB
  Batch 19 [5339,5620) done in 110 ms  h_edges=844254
  NeighborhoodSlab: 281 threads × 2304 KB = 632 MB
  Batch 20 [5620,5901) done in 116 ms  h_edges=849282
  NeighborhoodSlab: 281 threads × 2304 KB = 632 MB
  Batch 21 [5901,6182) done in 96 ms  h_edges=855114
  NeighborhoodSlab: 281 threads × 2304 KB = 632 MB
  Batch 22 [6182,6463) done in 100 ms  h_edges=860568
  NeighborhoodSlab: 281 threads × 2304 KB = 632 MB
  Batch 23 [6463,6744) done in 109 ms  h_edges=865627
  NeighborhoodSlab: 281 threads × 2304 KB = 632 MB
  Batch 24 [6744,7025) done in 118 ms  h_edges=870409
  NeighborhoodSlab: 281 threads × 2304 KB = 632 MB
  Batch 25 [7025,7306) done in 107 ms  h_edges=875499
  NeighborhoodSlab: 281 threads × 2304 KB = 632 MB
  Batch 26 [7306,7587) done in 152 ms  h_edges=881716
  NeighborhoodSlab: 281 threads × 2304 KB = 632 MB
  Batch 27 [7587,7868) done in 121 ms  h_edges=886833
  NeighborhoodSlab: 281 threads × 2304 KB = 632 MB
  Batch 28 [7868,8149) done in 102 ms  h_edges=892983
  NeighborhoodSlab: 281 threads × 2304 KB = 632 MB
  Batch 29 [8149,8430) done in 105 ms  h_edges=897803
  NeighborhoodSlab: 281 threads × 2304 KB = 632 MB
  Batch 30 [8430,8711) done in 135 ms  h_edges=903431
  NeighborhoodSlab: 281 threads × 2304 KB = 632 MB
  Batch 31 [8711,8992) done in 113 ms  h_edges=908405
  NeighborhoodSlab: 281 threads × 2304 KB = 632 MB
  Batch 32 [8992,9273) done in 140 ms  h_edges=913467
  NeighborhoodSlab: 281 threads × 2304 KB = 632 MB
  Batch 33 [9273,9554) done in 103 ms  h_edges=918667
  NeighborhoodSlab: 281 threads × 2304 KB = 632 MB
  Batch 34 [9554,9835) done in 106 ms  h_edges=923477
  NeighborhoodSlab: 281 threads × 2304 KB = 632 MB
  Batch 35 [9835,10116) done in 110 ms  h_edges=929135
  NeighborhoodSlab: 281 threads × 2304 KB = 632 MB
  Batch 36 [10116,10397) done in 126 ms  h_edges=935075
  NeighborhoodSlab: 281 threads × 2304 KB = 632 MB
  Batch 37 [10397,10678) done in 104 ms  h_edges=940771
  NeighborhoodSlab: 281 threads × 2304 KB = 632 MB
  Batch 38 [10678,10959) done in 115 ms  h_edges=945159
  NeighborhoodSlab: 281 threads × 2304 KB = 632 MB
  Batch 39 [10959,11240) done in 116 ms  h_edges=950350
  NeighborhoodSlab: 281 threads × 2304 KB = 632 MB
  Batch 40 [11240,11521) done in 109 ms  h_edges=955232
  NeighborhoodSlab: 281 threads × 2304 KB = 632 MB
  Batch 41 [11521,11802) done in 155 ms  h_edges=960847
  NeighborhoodSlab: 281 threads × 2304 KB = 632 MB
  Batch 42 [11802,12083) done in 118 ms  h_edges=966938
  NeighborhoodSlab: 281 threads × 2304 KB = 632 MB
  Batch 43 [12083,12364) done in 161 ms  h_edges=972132
  NeighborhoodSlab: 281 threads × 2304 KB = 632 MB
  Batch 44 [12364,12645) done in 92 ms  h_edges=977383
  NeighborhoodSlab: 281 threads × 2304 KB = 632 MB
  Batch 45 [12645,12926) done in 133 ms  h_edges=982557
  NeighborhoodSlab: 281 threads × 2304 KB = 632 MB
  Batch 46 [12926,13207) done in 131 ms  h_edges=987804
  NeighborhoodSlab: 281 threads × 2304 KB = 632 MB
  Batch 47 [13207,13488) done in 114 ms  h_edges=993641
  NeighborhoodSlab: 281 threads × 2304 KB = 632 MB
  Batch 48 [13488,13769) done in 109 ms  h_edges=999344
  NeighborhoodSlab: 281 threads × 2304 KB = 632 MB
  Batch 49 [13769,14050) done in 116 ms  h_edges=1004727
  NeighborhoodSlab: 281 threads × 2304 KB = 632 MB
  Batch 50 [14050,14331) done in 123 ms  h_edges=1009805
  NeighborhoodSlab: 281 threads × 2304 KB = 632 MB
  Batch 51 [14331,14612) done in 97 ms  h_edges=1015764
  NeighborhoodSlab: 281 threads × 2304 KB = 632 MB
  Batch 52 [14612,14893) done in 117 ms  h_edges=1022265
  NeighborhoodSlab: 281 threads × 2304 KB = 632 MB
  Batch 53 [14893,15174) done in 113 ms  h_edges=1028278
  NeighborhoodSlab: 281 threads × 2304 KB = 632 MB
  Batch 54 [15174,15455) done in 118 ms  h_edges=1033591
  NeighborhoodSlab: 281 threads × 2304 KB = 632 MB
  Batch 55 [15455,15736) done in 113 ms  h_edges=1038539
  NeighborhoodSlab: 281 threads × 2304 KB = 632 MB
  Batch 56 [15736,16017) done in 142 ms  h_edges=1043579
  NeighborhoodSlab: 281 threads × 2304 KB = 632 MB
  Batch 57 [16017,16298) done in 117 ms  h_edges=1049249
  NeighborhoodSlab: 281 threads × 2304 KB = 632 MB
  Batch 58 [16298,16579) done in 124 ms  h_edges=1053777
  NeighborhoodSlab: 276 threads × 2304 KB = 621 MB
  Batch 59 [16579,16855) done in 135 ms  h_edges=1059227
  DeviceGraph: fwd=1004752 bwd=1004752 edges
  Year 2022 total: 8698 ms  (pop: 297765)

--- Year 2023 (pop: 297765) ---
  Adding 17866 new papers
  DeviceGraph: fwd=1004752 bwd=1004752 edges
  Processing 17866 papers in 60 batches of ~298
  NeighborhoodSlab: 298 threads × 2304 KB = 670 MB
  Batch 0 [0,298) done in 262 ms  h_edges=1064910
  NeighborhoodSlab: 298 threads × 2304 KB = 670 MB
  Batch 1 [298,596) done in 162 ms  h_edges=1070627
  NeighborhoodSlab: 298 threads × 2304 KB = 670 MB
  Batch 2 [596,894) done in 133 ms  h_edges=1076891
  NeighborhoodSlab: 298 threads × 2304 KB = 670 MB
  Batch 3 [894,1192) done in 178 ms  h_edges=1082271
  NeighborhoodSlab: 298 threads × 2304 KB = 670 MB
  Batch 4 [1192,1490) done in 141 ms  h_edges=1087927
  NeighborhoodSlab: 298 threads × 2304 KB = 670 MB
  Batch 5 [1490,1788) done in 144 ms  h_edges=1094063
  NeighborhoodSlab: 298 threads × 2304 KB = 670 MB
  Batch 6 [1788,2086) done in 159 ms  h_edges=1099562
  NeighborhoodSlab: 298 threads × 2304 KB = 670 MB
  Batch 7 [2086,2384) done in 136 ms  h_edges=1105288
  NeighborhoodSlab: 298 threads × 2304 KB = 670 MB
  Batch 8 [2384,2682) done in 154 ms  h_edges=1110806
  NeighborhoodSlab: 298 threads × 2304 KB = 670 MB
  Batch 9 [2682,2980) done in 130 ms  h_edges=1116141
  NeighborhoodSlab: 298 threads × 2304 KB = 670 MB
  Batch 10 [2980,3278) done in 138 ms  h_edges=1121433
  NeighborhoodSlab: 298 threads × 2304 KB = 670 MB
  Batch 11 [3278,3576) done in 192 ms  h_edges=1128077
  NeighborhoodSlab: 298 threads × 2304 KB = 670 MB
  Batch 12 [3576,3874) done in 128 ms  h_edges=1133576
  NeighborhoodSlab: 298 threads × 2304 KB = 670 MB
  Batch 13 [3874,4172) done in 134 ms  h_edges=1138926
  NeighborhoodSlab: 298 threads × 2304 KB = 670 MB
  Batch 14 [4172,4470) done in 167 ms  h_edges=1144243
  NeighborhoodSlab: 298 threads × 2304 KB = 670 MB
  Batch 15 [4470,4768) done in 165 ms  h_edges=1149909
  NeighborhoodSlab: 298 threads × 2304 KB = 670 MB
  Batch 16 [4768,5066) done in 142 ms  h_edges=1155542
  NeighborhoodSlab: 298 threads × 2304 KB = 670 MB
  Batch 17 [5066,5364) done in 152 ms  h_edges=1161221
  NeighborhoodSlab: 298 threads × 2304 KB = 670 MB
  Batch 18 [5364,5662) done in 157 ms  h_edges=1167159
  NeighborhoodSlab: 298 threads × 2304 KB = 670 MB
  Batch 19 [5662,5960) done in 193 ms  h_edges=1172638
  NeighborhoodSlab: 298 threads × 2304 KB = 670 MB
  Batch 20 [5960,6258) done in 179 ms  h_edges=1178982
  NeighborhoodSlab: 298 threads × 2304 KB = 670 MB
  Batch 21 [6258,6556) done in 155 ms  h_edges=1185617
  NeighborhoodSlab: 298 threads × 2304 KB = 670 MB
  Batch 22 [6556,6854) done in 143 ms  h_edges=1191737
  NeighborhoodSlab: 298 threads × 2304 KB = 670 MB
  Batch 23 [6854,7152) done in 132 ms  h_edges=1198124
  NeighborhoodSlab: 298 threads × 2304 KB = 670 MB
  Batch 24 [7152,7450) done in 155 ms  h_edges=1203739
  NeighborhoodSlab: 298 threads × 2304 KB = 670 MB
  Batch 25 [7450,7748) done in 181 ms  h_edges=1209365
  NeighborhoodSlab: 298 threads × 2304 KB = 670 MB
  Batch 26 [7748,8046) done in 128 ms  h_edges=1215477
  NeighborhoodSlab: 298 threads × 2304 KB = 670 MB
  Batch 27 [8046,8344) done in 147 ms  h_edges=1221506
  NeighborhoodSlab: 298 threads × 2304 KB = 670 MB
  Batch 28 [8344,8642) done in 141 ms  h_edges=1227398
  NeighborhoodSlab: 298 threads × 2304 KB = 670 MB
  Batch 29 [8642,8940) done in 142 ms  h_edges=1233517
  NeighborhoodSlab: 298 threads × 2304 KB = 670 MB
  Batch 30 [8940,9238) done in 147 ms  h_edges=1239870
  NeighborhoodSlab: 298 threads × 2304 KB = 670 MB
  Batch 31 [9238,9536) done in 139 ms  h_edges=1245853
  NeighborhoodSlab: 298 threads × 2304 KB = 670 MB
  Batch 32 [9536,9834) done in 115 ms  h_edges=1252519
  NeighborhoodSlab: 298 threads × 2304 KB = 670 MB
  Batch 33 [9834,10132) done in 125 ms  h_edges=1258189
  NeighborhoodSlab: 298 threads × 2304 KB = 670 MB
  Batch 34 [10132,10430) done in 131 ms  h_edges=1264210
  NeighborhoodSlab: 298 threads × 2304 KB = 670 MB
  Batch 35 [10430,10728) done in 158 ms  h_edges=1270599
  NeighborhoodSlab: 298 threads × 2304 KB = 670 MB
  Batch 36 [10728,11026) done in 150 ms  h_edges=1276567
  NeighborhoodSlab: 298 threads × 2304 KB = 670 MB
  Batch 37 [11026,11324) done in 121 ms  h_edges=1282822
  NeighborhoodSlab: 298 threads × 2304 KB = 670 MB
  Batch 38 [11324,11622) done in 185 ms  h_edges=1288963
  NeighborhoodSlab: 298 threads × 2304 KB = 670 MB
  Batch 39 [11622,11920) done in 152 ms  h_edges=1294393
  NeighborhoodSlab: 298 threads × 2304 KB = 670 MB
  Batch 40 [11920,12218) done in 153 ms  h_edges=1300395
  NeighborhoodSlab: 298 threads × 2304 KB = 670 MB
  Batch 41 [12218,12516) done in 163 ms  h_edges=1306603
  NeighborhoodSlab: 298 threads × 2304 KB = 670 MB
  Batch 42 [12516,12814) done in 134 ms  h_edges=1313167
  NeighborhoodSlab: 298 threads × 2304 KB = 670 MB
  Batch 43 [12814,13112) done in 140 ms  h_edges=1319908
  NeighborhoodSlab: 298 threads × 2304 KB = 670 MB
  Batch 44 [13112,13410) done in 156 ms  h_edges=1325365
  NeighborhoodSlab: 298 threads × 2304 KB = 670 MB
  Batch 45 [13410,13708) done in 228 ms  h_edges=1331852
  NeighborhoodSlab: 298 threads × 2304 KB = 670 MB
  Batch 46 [13708,14006) done in 143 ms  h_edges=1337235
  NeighborhoodSlab: 298 threads × 2304 KB = 670 MB
  Batch 47 [14006,14304) done in 159 ms  h_edges=1342406
  NeighborhoodSlab: 298 threads × 2304 KB = 670 MB
  Batch 48 [14304,14602) done in 128 ms  h_edges=1348999
  NeighborhoodSlab: 298 threads × 2304 KB = 670 MB
  Batch 49 [14602,14900) done in 140 ms  h_edges=1354472
  NeighborhoodSlab: 298 threads × 2304 KB = 670 MB
  Batch 50 [14900,15198) done in 130 ms  h_edges=1359977
  NeighborhoodSlab: 298 threads × 2304 KB = 670 MB
  Batch 51 [15198,15496) done in 157 ms  h_edges=1364789
  NeighborhoodSlab: 298 threads × 2304 KB = 670 MB
  Batch 52 [15496,15794) done in 140 ms  h_edges=1370020
  NeighborhoodSlab: 298 threads × 2304 KB = 670 MB
  Batch 53 [15794,16092) done in 158 ms  h_edges=1375581
  NeighborhoodSlab: 298 threads × 2304 KB = 670 MB
  Batch 54 [16092,16390) done in 203 ms  h_edges=1380991
  NeighborhoodSlab: 298 threads × 2304 KB = 670 MB
  Batch 55 [16390,16688) done in 264 ms  h_edges=1386618
  NeighborhoodSlab: 298 threads × 2304 KB = 670 MB
  Batch 56 [16688,16986) done in 219 ms  h_edges=1392494
  NeighborhoodSlab: 298 threads × 2304 KB = 670 MB
  Batch 57 [16986,17284) done in 151 ms  h_edges=1397842
  NeighborhoodSlab: 298 threads × 2304 KB = 670 MB
  Batch 58 [17284,17582) done in 126 ms  h_edges=1404590
  NeighborhoodSlab: 284 threads × 2304 KB = 639 MB
  Batch 59 [17582,17866) done in 158 ms  h_edges=1410047
  DeviceGraph: fwd=1355572 bwd=1355572 edges
  Year 2023 total: 11609 ms  (pop: 315631)

=== Simulation Complete ===
Total: 27 s  Final pop: 315631

=== Exporting Results ===
Edges saved: ./output/3y/mass_cuda-eu-static-output-3y-6p.edgelist (1410047)
Attributes saved: ./output/3y/mass_cuda-eu-static-output-3y-6p.aux (315631 rows)

Done.

real	0m30.679s
user	0m29.412s
sys	0m1.117s
For GROWTH_PERCENT = 6 %, BFS_BATCH_SIZE = 60.
Running growth rate 6% for 3 years.
./output/3y/mass_cuda-yutb-static-output-3y-6p.edgelist
./output/3y/mass_cuda-yutb-static-output-3y-6p.aux
Citation Network ABM – MASS CUDA
=================================

Out-degree bag: 3980408 entries
Recency probs:  356 entries
BFS batches:    60 per year

=== Initializing Citation ABM ===

Inside parseNodelist...
Populating continuous node mappings (1134890 nodes)...
parseNodelist done in 1109 ms (1134890 nodes)

Inside parseEdgelist...
parseEdgelist done in 255 ms (2987624 edges)
Seed max year: 2026  → simulation starts at 2027
Max population: 1353674
Seed population: 1134890 papers
  DeviceGraph: fwd=2987624 bwd=2987624 edges
Initialization complete


=== Simulation Start ===

--- Year 2027 (pop: 1134890) ---
  Adding 68094 new papers
  DeviceGraph: fwd=2987624 bwd=2987624 edges
  Processing 68094 papers in 60 batches of ~1135
  NeighborhoodSlab: 1135 threads × 2304 KB = 2553 MB
  Batch 0 [0,1135) done in 180 ms  h_edges=3009853
  NeighborhoodSlab: 1135 threads × 2304 KB = 2553 MB
  Batch 1 [1135,2270) done in 161 ms  h_edges=3032776
  NeighborhoodSlab: 1135 threads × 2304 KB = 2553 MB
  Batch 2 [2270,3405) done in 147 ms  h_edges=3056403
  NeighborhoodSlab: 1135 threads × 2304 KB = 2553 MB
  Batch 3 [3405,4540) done in 185 ms  h_edges=3079016
  NeighborhoodSlab: 1135 threads × 2304 KB = 2553 MB
  Batch 4 [4540,5675) done in 153 ms  h_edges=3100777
  NeighborhoodSlab: 1135 threads × 2304 KB = 2553 MB
  Batch 5 [5675,6810) done in 236 ms  h_edges=3123916
  NeighborhoodSlab: 1135 threads × 2304 KB = 2553 MB
  Batch 6 [6810,7945) done in 188 ms  h_edges=3146075
  NeighborhoodSlab: 1135 threads × 2304 KB = 2553 MB
  Batch 7 [7945,9080) done in 196 ms  h_edges=3167664
  NeighborhoodSlab: 1135 threads × 2304 KB = 2553 MB
  Batch 8 [9080,10215) done in 152 ms  h_edges=3190140
  NeighborhoodSlab: 1135 threads × 2304 KB = 2553 MB
  Batch 9 [10215,11350) done in 193 ms  h_edges=3212081
  NeighborhoodSlab: 1135 threads × 2304 KB = 2553 MB
  Batch 10 [11350,12485) done in 211 ms  h_edges=3234815
  NeighborhoodSlab: 1135 threads × 2304 KB = 2553 MB
  Batch 11 [12485,13620) done in 203 ms  h_edges=3257801
  NeighborhoodSlab: 1135 threads × 2304 KB = 2553 MB
  Batch 12 [13620,14755) done in 235 ms  h_edges=3280238
  NeighborhoodSlab: 1135 threads × 2304 KB = 2553 MB
  Batch 13 [14755,15890) done in 172 ms  h_edges=3301183
  NeighborhoodSlab: 1135 threads × 2304 KB = 2553 MB
  Batch 14 [15890,17025) done in 151 ms  h_edges=3324801
  NeighborhoodSlab: 1135 threads × 2304 KB = 2553 MB
  Batch 15 [17025,18160) done in 146 ms  h_edges=3346404
  NeighborhoodSlab: 1135 threads × 2304 KB = 2553 MB
  Batch 16 [18160,19295) done in 162 ms  h_edges=3367337
  NeighborhoodSlab: 1135 threads × 2304 KB = 2553 MB
  Batch 17 [19295,20430) done in 183 ms  h_edges=3388966
  NeighborhoodSlab: 1135 threads × 2304 KB = 2553 MB
  Batch 18 [20430,21565) done in 195 ms  h_edges=3410983
  NeighborhoodSlab: 1135 threads × 2304 KB = 2553 MB
  Batch 19 [21565,22700) done in 171 ms  h_edges=3431956
  NeighborhoodSlab: 1135 threads × 2304 KB = 2553 MB
  Batch 20 [22700,23835) done in 161 ms  h_edges=3456064
  NeighborhoodSlab: 1135 threads × 2304 KB = 2553 MB
  Batch 21 [23835,24970) done in 172 ms  h_edges=3477338
  NeighborhoodSlab: 1135 threads × 2304 KB = 2553 MB
  Batch 22 [24970,26105) done in 181 ms  h_edges=3498891
  NeighborhoodSlab: 1135 threads × 2304 KB = 2553 MB
  Batch 23 [26105,27240) done in 163 ms  h_edges=3520771
  NeighborhoodSlab: 1135 threads × 2304 KB = 2553 MB
  Batch 24 [27240,28375) done in 168 ms  h_edges=3542384
  NeighborhoodSlab: 1135 threads × 2304 KB = 2553 MB
  Batch 25 [28375,29510) done in 156 ms  h_edges=3564927
  NeighborhoodSlab: 1135 threads × 2304 KB = 2553 MB
  Batch 26 [29510,30645) done in 181 ms  h_edges=3586465
  NeighborhoodSlab: 1135 threads × 2304 KB = 2553 MB
  Batch 27 [30645,31780) done in 165 ms  h_edges=3609138
  NeighborhoodSlab: 1135 threads × 2304 KB = 2553 MB
  Batch 28 [31780,32915) done in 184 ms  h_edges=3631319
  NeighborhoodSlab: 1135 threads × 2304 KB = 2553 MB
  Batch 29 [32915,34050) done in 166 ms  h_edges=3655047
  NeighborhoodSlab: 1135 threads × 2304 KB = 2553 MB
  Batch 30 [34050,35185) done in 167 ms  h_edges=3678012
  NeighborhoodSlab: 1135 threads × 2304 KB = 2553 MB
  Batch 31 [35185,36320) done in 162 ms  h_edges=3700187
  NeighborhoodSlab: 1135 threads × 2304 KB = 2553 MB
  Batch 32 [36320,37455) done in 168 ms  h_edges=3722691
  NeighborhoodSlab: 1135 threads × 2304 KB = 2553 MB
  Batch 33 [37455,38590) done in 156 ms  h_edges=3744902
  NeighborhoodSlab: 1135 threads × 2304 KB = 2553 MB
  Batch 34 [38590,39725) done in 144 ms  h_edges=3765926
  NeighborhoodSlab: 1135 threads × 2304 KB = 2553 MB
  Batch 35 [39725,40860) done in 171 ms  h_edges=3789002
  NeighborhoodSlab: 1135 threads × 2304 KB = 2553 MB
  Batch 36 [40860,41995) done in 182 ms  h_edges=3811447
  NeighborhoodSlab: 1135 threads × 2304 KB = 2553 MB
  Batch 37 [41995,43130) done in 169 ms  h_edges=3832862
  NeighborhoodSlab: 1135 threads × 2304 KB = 2553 MB
  Batch 38 [43130,44265) done in 195 ms  h_edges=3855805
  NeighborhoodSlab: 1135 threads × 2304 KB = 2553 MB
  Batch 39 [44265,45400) done in 249 ms  h_edges=3877177
  NeighborhoodSlab: 1135 threads × 2304 KB = 2553 MB
  Batch 40 [45400,46535) done in 161 ms  h_edges=3900713
  NeighborhoodSlab: 1135 threads × 2304 KB = 2553 MB
  Batch 41 [46535,47670) done in 189 ms  h_edges=3922601
  NeighborhoodSlab: 1135 threads × 2304 KB = 2553 MB
  Batch 42 [47670,48805) done in 165 ms  h_edges=3945527
  NeighborhoodSlab: 1135 threads × 2304 KB = 2553 MB
  Batch 43 [48805,49940) done in 174 ms  h_edges=3968189
  NeighborhoodSlab: 1135 threads × 2304 KB = 2553 MB
  Batch 44 [49940,51075) done in 182 ms  h_edges=3991043
  NeighborhoodSlab: 1135 threads × 2304 KB = 2553 MB
  Batch 45 [51075,52210) done in 145 ms  h_edges=4012885
  NeighborhoodSlab: 1135 threads × 2304 KB = 2553 MB
  Batch 46 [52210,53345) done in 168 ms  h_edges=4036021
  NeighborhoodSlab: 1135 threads × 2304 KB = 2553 MB
  Batch 47 [53345,54480) done in 223 ms  h_edges=4058234
  NeighborhoodSlab: 1135 threads × 2304 KB = 2553 MB
  Batch 48 [54480,55615) done in 176 ms  h_edges=4079754
  NeighborhoodSlab: 1135 threads × 2304 KB = 2553 MB
  Batch 49 [55615,56750) done in 202 ms  h_edges=4099597
  NeighborhoodSlab: 1135 threads × 2304 KB = 2553 MB
  Batch 50 [56750,57885) done in 165 ms  h_edges=4122023
  NeighborhoodSlab: 1135 threads × 2304 KB = 2553 MB
  Batch 51 [57885,59020) done in 162 ms  h_edges=4145619
  NeighborhoodSlab: 1135 threads × 2304 KB = 2553 MB
  Batch 52 [59020,60155) done in 172 ms  h_edges=4166380
  NeighborhoodSlab: 1135 threads × 2304 KB = 2553 MB
  Batch 53 [60155,61290) done in 167 ms  h_edges=4188165
  NeighborhoodSlab: 1135 threads × 2304 KB = 2553 MB
  Batch 54 [61290,62425) done in 182 ms  h_edges=4211124
  NeighborhoodSlab: 1135 threads × 2304 KB = 2553 MB
  Batch 55 [62425,63560) done in 167 ms  h_edges=4234553
  NeighborhoodSlab: 1135 threads × 2304 KB = 2553 MB
  Batch 56 [63560,64695) done in 184 ms  h_edges=4257211
  NeighborhoodSlab: 1135 threads × 2304 KB = 2553 MB
  Batch 57 [64695,65830) done in 156 ms  h_edges=4279959
  NeighborhoodSlab: 1135 threads × 2304 KB = 2553 MB
  Batch 58 [65830,66965) done in 147 ms  h_edges=4302745
  NeighborhoodSlab: 1129 threads × 2304 KB = 2540 MB
  Batch 59 [66965,68094) done in 173 ms  h_edges=4325839
  DeviceGraph: fwd=4325839 bwd=4325839 edges
  Year 2027 total: 17941 ms  (pop: 1202984)

--- Year 2028 (pop: 1202984) ---
  Adding 72180 new papers
  DeviceGraph: fwd=4325839 bwd=4325839 edges
  Processing 72180 papers in 60 batches of ~1203
  NeighborhoodSlab: 1203 threads × 2304 KB = 2706 MB
  Batch 0 [0,1203) done in 281 ms  h_edges=4349900
  NeighborhoodSlab: 1203 threads × 2304 KB = 2706 MB
  Batch 1 [1203,2406) done in 306 ms  h_edges=4373738
  NeighborhoodSlab: 1203 threads × 2304 KB = 2706 MB
  Batch 2 [2406,3609) done in 279 ms  h_edges=4397561
  NeighborhoodSlab: 1203 threads × 2304 KB = 2706 MB
  Batch 3 [3609,4812) done in 281 ms  h_edges=4421790
  NeighborhoodSlab: 1203 threads × 2304 KB = 2706 MB
  Batch 4 [4812,6015) done in 282 ms  h_edges=4444843
  NeighborhoodSlab: 1203 threads × 2304 KB = 2706 MB
  Batch 5 [6015,7218) done in 320 ms  h_edges=4468556
  NeighborhoodSlab: 1203 threads × 2304 KB = 2706 MB
  Batch 6 [7218,8421) done in 321 ms  h_edges=4493703
  NeighborhoodSlab: 1203 threads × 2304 KB = 2706 MB
  Batch 7 [8421,9624) done in 257 ms  h_edges=4517700
  NeighborhoodSlab: 1203 threads × 2304 KB = 2706 MB
  Batch 8 [9624,10827) done in 365 ms  h_edges=4540562
  NeighborhoodSlab: 1203 threads × 2304 KB = 2706 MB
  Batch 9 [10827,12030) done in 309 ms  h_edges=4561970
  NeighborhoodSlab: 1203 threads × 2304 KB = 2706 MB
  Batch 10 [12030,13233) done in 334 ms  h_edges=4586563
  NeighborhoodSlab: 1203 threads × 2304 KB = 2706 MB
  Batch 11 [13233,14436) done in 276 ms  h_edges=4611162
  NeighborhoodSlab: 1203 threads × 2304 KB = 2706 MB
  Batch 12 [14436,15639) done in 277 ms  h_edges=4634625
  NeighborhoodSlab: 1203 threads × 2304 KB = 2706 MB
  Batch 13 [15639,16842) done in 294 ms  h_edges=4658165
  NeighborhoodSlab: 1203 threads × 2304 KB = 2706 MB
  Batch 14 [16842,18045) done in 275 ms  h_edges=4681732
  NeighborhoodSlab: 1203 threads × 2304 KB = 2706 MB
  Batch 15 [18045,19248) done in 306 ms  h_edges=4704908
  NeighborhoodSlab: 1203 threads × 2304 KB = 2706 MB
  Batch 16 [19248,20451) done in 257 ms  h_edges=4728211
  NeighborhoodSlab: 1203 threads × 2304 KB = 2706 MB
  Batch 17 [20451,21654) done in 255 ms  h_edges=4752037
  NeighborhoodSlab: 1203 threads × 2304 KB = 2706 MB
  Batch 18 [21654,22857) done in 276 ms  h_edges=4774431
  NeighborhoodSlab: 1203 threads × 2304 KB = 2706 MB
  Batch 19 [22857,24060) done in 294 ms  h_edges=4797861
  NeighborhoodSlab: 1203 threads × 2304 KB = 2706 MB
  Batch 20 [24060,25263) done in 290 ms  h_edges=4820634
  NeighborhoodSlab: 1203 threads × 2304 KB = 2706 MB
  Batch 21 [25263,26466) done in 334 ms  h_edges=4842524
  NeighborhoodSlab: 1203 threads × 2304 KB = 2706 MB
  Batch 22 [26466,27669) done in 246 ms  h_edges=4865643
  NeighborhoodSlab: 1203 threads × 2304 KB = 2706 MB
  Batch 23 [27669,28872) done in 277 ms  h_edges=4889818
  NeighborhoodSlab: 1203 threads × 2304 KB = 2706 MB
  Batch 24 [28872,30075) done in 270 ms  h_edges=4912734
  NeighborhoodSlab: 1203 threads × 2304 KB = 2706 MB
  Batch 25 [30075,31278) done in 284 ms  h_edges=4936880
  NeighborhoodSlab: 1203 threads × 2304 KB = 2706 MB
  Batch 26 [31278,32481) done in 265 ms  h_edges=4961494
  NeighborhoodSlab: 1203 threads × 2304 KB = 2706 MB
  Batch 27 [32481,33684) done in 288 ms  h_edges=4984288
  NeighborhoodSlab: 1203 threads × 2304 KB = 2706 MB
  Batch 28 [33684,34887) done in 328 ms  h_edges=5008955
  NeighborhoodSlab: 1203 threads × 2304 KB = 2706 MB
  Batch 29 [34887,36090) done in 278 ms  h_edges=5031517
  NeighborhoodSlab: 1203 threads × 2304 KB = 2706 MB
  Batch 30 [36090,37293) done in 286 ms  h_edges=5053806
  NeighborhoodSlab: 1203 threads × 2304 KB = 2706 MB
  Batch 31 [37293,38496) done in 245 ms  h_edges=5078534
  NeighborhoodSlab: 1203 threads × 2304 KB = 2706 MB
  Batch 32 [38496,39699) done in 310 ms  h_edges=5102598
  NeighborhoodSlab: 1203 threads × 2304 KB = 2706 MB
  Batch 33 [39699,40902) done in 313 ms  h_edges=5126456
  NeighborhoodSlab: 1203 threads × 2304 KB = 2706 MB
  Batch 34 [40902,42105) done in 328 ms  h_edges=5148949
  NeighborhoodSlab: 1203 threads × 2304 KB = 2706 MB
  Batch 35 [42105,43308) done in 290 ms  h_edges=5171562
  NeighborhoodSlab: 1203 threads × 2304 KB = 2706 MB
  Batch 36 [43308,44511) done in 304 ms  h_edges=5194037
  NeighborhoodSlab: 1203 threads × 2304 KB = 2706 MB
  Batch 37 [44511,45714) done in 316 ms  h_edges=5216045
  NeighborhoodSlab: 1203 threads × 2304 KB = 2706 MB
  Batch 38 [45714,46917) done in 284 ms  h_edges=5240939
  NeighborhoodSlab: 1203 threads × 2304 KB = 2706 MB
  Batch 39 [46917,48120) done in 256 ms  h_edges=5264972
  NeighborhoodSlab: 1203 threads × 2304 KB = 2706 MB
  Batch 40 [48120,49323) done in 222 ms  h_edges=5287768
  NeighborhoodSlab: 1203 threads × 2304 KB = 2706 MB
  Batch 41 [49323,50526) done in 257 ms  h_edges=5310231
  NeighborhoodSlab: 1203 threads × 2304 KB = 2706 MB
  Batch 42 [50526,51729) done in 257 ms  h_edges=5333808
  NeighborhoodSlab: 1203 threads × 2304 KB = 2706 MB
  Batch 43 [51729,52932) done in 328 ms  h_edges=5355536
  NeighborhoodSlab: 1203 threads × 2304 KB = 2706 MB
  Batch 44 [52932,54135) done in 268 ms  h_edges=5379705
  NeighborhoodSlab: 1203 threads × 2304 KB = 2706 MB
  Batch 45 [54135,55338) done in 327 ms  h_edges=5403613
  NeighborhoodSlab: 1203 threads × 2304 KB = 2706 MB
  Batch 46 [55338,56541) done in 299 ms  h_edges=5426759
  NeighborhoodSlab: 1203 threads × 2304 KB = 2706 MB
  Batch 47 [56541,57744) done in 323 ms  h_edges=5451724
  NeighborhoodSlab: 1203 threads × 2304 KB = 2706 MB
  Batch 48 [57744,58947) done in 352 ms  h_edges=5477192
  NeighborhoodSlab: 1203 threads × 2304 KB = 2706 MB
  Batch 49 [58947,60150) done in 249 ms  h_edges=5502238
  NeighborhoodSlab: 1203 threads × 2304 KB = 2706 MB
  Batch 50 [60150,61353) done in 309 ms  h_edges=5524141
  NeighborhoodSlab: 1203 threads × 2304 KB = 2706 MB
  Batch 51 [61353,62556) done in 313 ms  h_edges=5546260
  NeighborhoodSlab: 1203 threads × 2304 KB = 2706 MB
  Batch 52 [62556,63759) done in 279 ms  h_edges=5570327
  NeighborhoodSlab: 1203 threads × 2304 KB = 2706 MB
  Batch 53 [63759,64962) done in 279 ms  h_edges=5593250
  NeighborhoodSlab: 1203 threads × 2304 KB = 2706 MB
  Batch 54 [64962,66165) done in 324 ms  h_edges=5617030
  NeighborhoodSlab: 1203 threads × 2304 KB = 2706 MB
  Batch 55 [66165,67368) done in 293 ms  h_edges=5641352
  NeighborhoodSlab: 1203 threads × 2304 KB = 2706 MB
  Batch 56 [67368,68571) done in 289 ms  h_edges=5664344
  NeighborhoodSlab: 1203 threads × 2304 KB = 2706 MB
  Batch 57 [68571,69774) done in 256 ms  h_edges=5687433
  NeighborhoodSlab: 1203 threads × 2304 KB = 2706 MB
  Batch 58 [69774,70977) done in 269 ms  h_edges=5710564
  NeighborhoodSlab: 1203 threads × 2304 KB = 2706 MB
  Batch 59 [70977,72180) done in 263 ms  h_edges=5733218
  DeviceGraph: fwd=5733218 bwd=5733218 edges
  Year 2028 total: 27689 ms  (pop: 1275164)

--- Year 2029 (pop: 1275164) ---
  Adding 76510 new papers
  DeviceGraph: fwd=5733218 bwd=5733218 edges
  Processing 76510 papers in 60 batches of ~1276
  NeighborhoodSlab: 1276 threads × 2304 KB = 2871 MB
  Batch 0 [0,1276) done in 346 ms  h_edges=5758422
  NeighborhoodSlab: 1276 threads × 2304 KB = 2871 MB
  Batch 1 [1276,2552) done in 389 ms  h_edges=5783759
  NeighborhoodSlab: 1276 threads × 2304 KB = 2871 MB
  Batch 2 [2552,3828) done in 436 ms  h_edges=5810497
  NeighborhoodSlab: 1276 threads × 2304 KB = 2871 MB
  Batch 3 [3828,5104) done in 387 ms  h_edges=5835113
  NeighborhoodSlab: 1276 threads × 2304 KB = 2871 MB
  Batch 4 [5104,6380) done in 439 ms  h_edges=5859225
  NeighborhoodSlab: 1276 threads × 2304 KB = 2871 MB
  Batch 5 [6380,7656) done in 453 ms  h_edges=5883776
  NeighborhoodSlab: 1276 threads × 2304 KB = 2871 MB
  Batch 6 [7656,8932) done in 399 ms  h_edges=5907958
  NeighborhoodSlab: 1276 threads × 2304 KB = 2871 MB
  Batch 7 [8932,10208) done in 399 ms  h_edges=5932475
  NeighborhoodSlab: 1276 threads × 2304 KB = 2871 MB
  Batch 8 [10208,11484) done in 403 ms  h_edges=5956842
  NeighborhoodSlab: 1276 threads × 2304 KB = 2871 MB
  Batch 9 [11484,12760) done in 381 ms  h_edges=5981761
  NeighborhoodSlab: 1276 threads × 2304 KB = 2871 MB
  Batch 10 [12760,14036) done in 454 ms  h_edges=6007388
  NeighborhoodSlab: 1276 threads × 2304 KB = 2871 MB
  Batch 11 [14036,15312) done in 468 ms  h_edges=6033082
  NeighborhoodSlab: 1276 threads × 2304 KB = 2871 MB
  Batch 12 [15312,16588) done in 427 ms  h_edges=6056268
  NeighborhoodSlab: 1276 threads × 2304 KB = 2871 MB
  Batch 13 [16588,17864) done in 484 ms  h_edges=6080612
  NeighborhoodSlab: 1276 threads × 2304 KB = 2871 MB
  Batch 14 [17864,19140) done in 439 ms  h_edges=6104568
  NeighborhoodSlab: 1276 threads × 2304 KB = 2871 MB
  Batch 15 [19140,20416) done in 467 ms  h_edges=6129079
  NeighborhoodSlab: 1276 threads × 2304 KB = 2871 MB
  Batch 16 [20416,21692) done in 467 ms  h_edges=6154262
  NeighborhoodSlab: 1276 threads × 2304 KB = 2871 MB
  Batch 17 [21692,22968) done in 405 ms  h_edges=6177418
  NeighborhoodSlab: 1276 threads × 2304 KB = 2871 MB
  Batch 18 [22968,24244) done in 396 ms  h_edges=6203566
  NeighborhoodSlab: 1276 threads × 2304 KB = 2871 MB
  Batch 19 [24244,25520) done in 463 ms  h_edges=6226850
  NeighborhoodSlab: 1276 threads × 2304 KB = 2871 MB
  Batch 20 [25520,26796) done in 495 ms  h_edges=6250224
  NeighborhoodSlab: 1276 threads × 2304 KB = 2871 MB
  Batch 21 [26796,28072) done in 440 ms  h_edges=6274702
  NeighborhoodSlab: 1276 threads × 2304 KB = 2871 MB
  Batch 22 [28072,29348) done in 430 ms  h_edges=6299231
  NeighborhoodSlab: 1276 threads × 2304 KB = 2871 MB
  Batch 23 [29348,30624) done in 454 ms  h_edges=6324344
  NeighborhoodSlab: 1276 threads × 2304 KB = 2871 MB
  Batch 24 [30624,31900) done in 352 ms  h_edges=6348495
  NeighborhoodSlab: 1276 threads × 2304 KB = 2871 MB
  Batch 25 [31900,33176) done in 354 ms  h_edges=6373986
  NeighborhoodSlab: 1276 threads × 2304 KB = 2871 MB
  Batch 26 [33176,34452) done in 463 ms  h_edges=6400957
  NeighborhoodSlab: 1276 threads × 2304 KB = 2871 MB
  Batch 27 [34452,35728) done in 349 ms  h_edges=6425296
  NeighborhoodSlab: 1276 threads × 2304 KB = 2871 MB
  Batch 28 [35728,37004) done in 447 ms  h_edges=6451231
  NeighborhoodSlab: 1276 threads × 2304 KB = 2871 MB
  Batch 29 [37004,38280) done in 477 ms  h_edges=6477649
  NeighborhoodSlab: 1276 threads × 2304 KB = 2871 MB
  Batch 30 [38280,39556) done in 573 ms  h_edges=6501853
  NeighborhoodSlab: 1276 threads × 2304 KB = 2871 MB
  Batch 31 [39556,40832) done in 442 ms  h_edges=6525230
  NeighborhoodSlab: 1276 threads × 2304 KB = 2871 MB
  Batch 32 [40832,42108) done in 450 ms  h_edges=6549755
  NeighborhoodSlab: 1276 threads × 2304 KB = 2871 MB
  Batch 33 [42108,43384) done in 456 ms  h_edges=6574435
  NeighborhoodSlab: 1276 threads × 2304 KB = 2871 MB
  Batch 34 [43384,44660) done in 447 ms  h_edges=6599308
  NeighborhoodSlab: 1276 threads × 2304 KB = 2871 MB
  Batch 35 [44660,45936) done in 468 ms  h_edges=6625354
  NeighborhoodSlab: 1276 threads × 2304 KB = 2871 MB
  Batch 36 [45936,47212) done in 447 ms  h_edges=6650316
  NeighborhoodSlab: 1276 threads × 2304 KB = 2871 MB
  Batch 37 [47212,48488) done in 461 ms  h_edges=6673403
  NeighborhoodSlab: 1276 threads × 2304 KB = 2871 MB
  Batch 38 [48488,49764) done in 422 ms  h_edges=6698781
  NeighborhoodSlab: 1276 threads × 2304 KB = 2871 MB
  Batch 39 [49764,51040) done in 404 ms  h_edges=6722628
  NeighborhoodSlab: 1276 threads × 2304 KB = 2871 MB
  Batch 40 [51040,52316) done in 505 ms  h_edges=6749961
  NeighborhoodSlab: 1276 threads × 2304 KB = 2871 MB
  Batch 41 [52316,53592) done in 414 ms  h_edges=6774032
  NeighborhoodSlab: 1276 threads × 2304 KB = 2871 MB
  Batch 42 [53592,54868) done in 426 ms  h_edges=6798335
  NeighborhoodSlab: 1276 threads × 2304 KB = 2871 MB
  Batch 43 [54868,56144) done in 420 ms  h_edges=6822517
  NeighborhoodSlab: 1276 threads × 2304 KB = 2871 MB
  Batch 44 [56144,57420) done in 424 ms  h_edges=6846417
  NeighborhoodSlab: 1276 threads × 2304 KB = 2871 MB
  Batch 45 [57420,58696) done in 415 ms  h_edges=6871235
  NeighborhoodSlab: 1276 threads × 2304 KB = 2871 MB
  Batch 46 [58696,59972) done in 404 ms  h_edges=6895220
  NeighborhoodSlab: 1276 threads × 2304 KB = 2871 MB
  Batch 47 [59972,61248) done in 424 ms  h_edges=6920449
  NeighborhoodSlab: 1276 threads × 2304 KB = 2871 MB
  Batch 48 [61248,62524) done in 462 ms  h_edges=6946078
  NeighborhoodSlab: 1276 threads × 2304 KB = 2871 MB
  Batch 49 [62524,63800) done in 411 ms  h_edges=6969386
  NeighborhoodSlab: 1276 threads × 2304 KB = 2871 MB
  Batch 50 [63800,65076) done in 396 ms  h_edges=6993525
  NeighborhoodSlab: 1276 threads × 2304 KB = 2871 MB
  Batch 51 [65076,66352) done in 490 ms  h_edges=7018426
  NeighborhoodSlab: 1276 threads × 2304 KB = 2871 MB
  Batch 52 [66352,67628) done in 414 ms  h_edges=7044282
  NeighborhoodSlab: 1276 threads × 2304 KB = 2871 MB
  Batch 53 [67628,68904) done in 462 ms  h_edges=7068195
  NeighborhoodSlab: 1276 threads × 2304 KB = 2871 MB
  Batch 54 [68904,70180) done in 475 ms  h_edges=7093049
  NeighborhoodSlab: 1276 threads × 2304 KB = 2871 MB
  Batch 55 [70180,71456) done in 385 ms  h_edges=7118541
  NeighborhoodSlab: 1276 threads × 2304 KB = 2871 MB
  Batch 56 [71456,72732) done in 392 ms  h_edges=7142456
  NeighborhoodSlab: 1276 threads × 2304 KB = 2871 MB
  Batch 57 [72732,74008) done in 447 ms  h_edges=7166723
  NeighborhoodSlab: 1276 threads × 2304 KB = 2871 MB
  Batch 58 [74008,75284) done in 487 ms  h_edges=7191544
  NeighborhoodSlab: 1226 threads × 2304 KB = 2758 MB
  Batch 59 [75284,76510) done in 418 ms  h_edges=7215449
  DeviceGraph: fwd=7215449 bwd=7215449 edges
  Year 2029 total: 39241 ms  (pop: 1351674)

=== Simulation Complete ===
Total: 84 s  Final pop: 1351674

=== Exporting Results ===
Edges saved: ./output/3y/mass_cuda-yutb-static-output-3y-6p.edgelist (7215449)
Attributes saved: ./output/3y/mass_cuda-yutb-static-output-3y-6p.aux (1351674 rows)

Done.

real	1m41.006s
user	1m37.636s
sys	0m2.773s
For GROWTH_PERCENT = 6 %, BFS_BATCH_SIZE = 60.
Running growth rate 6% for 3 years.
./output/3y/mass_cuda-twt-static-output-3y-6p.edgelist
./output/3y/mass_cuda-twt-static-output-3y-6p.aux
Citation Network ABM – MASS CUDA
=================================

Out-degree bag: 3980408 entries
Recency probs:  356 entries
BFS batches:    60 per year

=== Initializing Citation ABM ===

Inside parseNodelist...
Populating continuous node mappings (81306 nodes)...
parseNodelist done in 56 ms (81306 nodes)

Inside parseEdgelist...
parseEdgelist done in 201 ms (2420744 edges)
Seed max year: 2020  → simulation starts at 2021
Max population: 98839
Seed population: 81306 papers
  DeviceGraph: fwd=1342296 bwd=1342296 edges
Initialization complete


=== Simulation Start ===

--- Year 2021 (pop: 81306) ---
  Adding 4879 new papers
  DeviceGraph: fwd=1342296 bwd=1342296 edges
  Processing 4879 papers in 60 batches of ~82
  NeighborhoodSlab: 82 threads × 2304 KB = 184 MB
  Batch 0 [0,82) done in 59 ms  h_edges=2422626
  NeighborhoodSlab: 82 threads × 2304 KB = 184 MB
  Batch 1 [82,164) done in 51 ms  h_edges=2424182
  NeighborhoodSlab: 82 threads × 2304 KB = 184 MB
  Batch 2 [164,246) done in 54 ms  h_edges=2425733
  NeighborhoodSlab: 82 threads × 2304 KB = 184 MB
  Batch 3 [246,328) done in 87 ms  h_edges=2427516
  NeighborhoodSlab: 82 threads × 2304 KB = 184 MB
  Batch 4 [328,410) done in 59 ms  h_edges=2428823
  NeighborhoodSlab: 82 threads × 2304 KB = 184 MB
  Batch 5 [410,492) done in 68 ms  h_edges=2430332
  NeighborhoodSlab: 82 threads × 2304 KB = 184 MB
  Batch 6 [492,574) done in 81 ms  h_edges=2431716
  NeighborhoodSlab: 82 threads × 2304 KB = 184 MB
  Batch 7 [574,656) done in 92 ms  h_edges=2433515
  NeighborhoodSlab: 82 threads × 2304 KB = 184 MB
  Batch 8 [656,738) done in 65 ms  h_edges=2435124
  NeighborhoodSlab: 82 threads × 2304 KB = 184 MB
  Batch 9 [738,820) done in 101 ms  h_edges=2436391
  NeighborhoodSlab: 82 threads × 2304 KB = 184 MB
  Batch 10 [820,902) done in 80 ms  h_edges=2438081
  NeighborhoodSlab: 82 threads × 2304 KB = 184 MB
  Batch 11 [902,984) done in 58 ms  h_edges=2439572
  NeighborhoodSlab: 82 threads × 2304 KB = 184 MB
  Batch 12 [984,1066) done in 80 ms  h_edges=2441348
  NeighborhoodSlab: 82 threads × 2304 KB = 184 MB
  Batch 13 [1066,1148) done in 74 ms  h_edges=2442786
  NeighborhoodSlab: 82 threads × 2304 KB = 184 MB
  Batch 14 [1148,1230) done in 63 ms  h_edges=2444394
  NeighborhoodSlab: 82 threads × 2304 KB = 184 MB
  Batch 15 [1230,1312) done in 60 ms  h_edges=2445873
  NeighborhoodSlab: 82 threads × 2304 KB = 184 MB
  Batch 16 [1312,1394) done in 62 ms  h_edges=2447516
  NeighborhoodSlab: 82 threads × 2304 KB = 184 MB
  Batch 17 [1394,1476) done in 60 ms  h_edges=2449126
  NeighborhoodSlab: 82 threads × 2304 KB = 184 MB
  Batch 18 [1476,1558) done in 72 ms  h_edges=2450363
  NeighborhoodSlab: 82 threads × 2304 KB = 184 MB
  Batch 19 [1558,1640) done in 78 ms  h_edges=2452022
  NeighborhoodSlab: 82 threads × 2304 KB = 184 MB
  Batch 20 [1640,1722) done in 78 ms  h_edges=2453687
  NeighborhoodSlab: 82 threads × 2304 KB = 184 MB
  Batch 21 [1722,1804) done in 58 ms  h_edges=2455127
  NeighborhoodSlab: 82 threads × 2304 KB = 184 MB
  Batch 22 [1804,1886) done in 66 ms  h_edges=2456858
  NeighborhoodSlab: 82 threads × 2304 KB = 184 MB
  Batch 23 [1886,1968) done in 89 ms  h_edges=2458257
  NeighborhoodSlab: 82 threads × 2304 KB = 184 MB
  Batch 24 [1968,2050) done in 74 ms  h_edges=2460233
  NeighborhoodSlab: 82 threads × 2304 KB = 184 MB
  Batch 25 [2050,2132) done in 55 ms  h_edges=2461760
  NeighborhoodSlab: 82 threads × 2304 KB = 184 MB
  Batch 26 [2132,2214) done in 59 ms  h_edges=2463755
  NeighborhoodSlab: 82 threads × 2304 KB = 184 MB
  Batch 27 [2214,2296) done in 63 ms  h_edges=2465027
  NeighborhoodSlab: 82 threads × 2304 KB = 184 MB
  Batch 28 [2296,2378) done in 61 ms  h_edges=2466813
  NeighborhoodSlab: 82 threads × 2304 KB = 184 MB
  Batch 29 [2378,2460) done in 93 ms  h_edges=2468623
  NeighborhoodSlab: 82 threads × 2304 KB = 184 MB
  Batch 30 [2460,2542) done in 47 ms  h_edges=2470224
  NeighborhoodSlab: 82 threads × 2304 KB = 184 MB
  Batch 31 [2542,2624) done in 117 ms  h_edges=2471867
  NeighborhoodSlab: 82 threads × 2304 KB = 184 MB
  Batch 32 [2624,2706) done in 79 ms  h_edges=2473578
  NeighborhoodSlab: 82 threads × 2304 KB = 184 MB
  Batch 33 [2706,2788) done in 65 ms  h_edges=2475323
  NeighborhoodSlab: 82 threads × 2304 KB = 184 MB
  Batch 34 [2788,2870) done in 86 ms  h_edges=2476813
  NeighborhoodSlab: 82 threads × 2304 KB = 184 MB
  Batch 35 [2870,2952) done in 71 ms  h_edges=2478660
  NeighborhoodSlab: 82 threads × 2304 KB = 184 MB
  Batch 36 [2952,3034) done in 72 ms  h_edges=2480293
  NeighborhoodSlab: 82 threads × 2304 KB = 184 MB
  Batch 37 [3034,3116) done in 71 ms  h_edges=2482036
  NeighborhoodSlab: 82 threads × 2304 KB = 184 MB
  Batch 38 [3116,3198) done in 64 ms  h_edges=2483742
  NeighborhoodSlab: 82 threads × 2304 KB = 184 MB
  Batch 39 [3198,3280) done in 58 ms  h_edges=2485258
  NeighborhoodSlab: 82 threads × 2304 KB = 184 MB
  Batch 40 [3280,3362) done in 86 ms  h_edges=2486957
  NeighborhoodSlab: 82 threads × 2304 KB = 184 MB
  Batch 41 [3362,3444) done in 67 ms  h_edges=2488361
  NeighborhoodSlab: 82 threads × 2304 KB = 184 MB
  Batch 42 [3444,3526) done in 67 ms  h_edges=2490348
  NeighborhoodSlab: 82 threads × 2304 KB = 184 MB
  Batch 43 [3526,3608) done in 72 ms  h_edges=2492526
  NeighborhoodSlab: 82 threads × 2304 KB = 184 MB
  Batch 44 [3608,3690) done in 93 ms  h_edges=2494039
  NeighborhoodSlab: 82 threads × 2304 KB = 184 MB
  Batch 45 [3690,3772) done in 92 ms  h_edges=2495810
  NeighborhoodSlab: 82 threads × 2304 KB = 184 MB
  Batch 46 [3772,3854) done in 83 ms  h_edges=2497241
  NeighborhoodSlab: 82 threads × 2304 KB = 184 MB
  Batch 47 [3854,3936) done in 116 ms  h_edges=2498981
  NeighborhoodSlab: 82 threads × 2304 KB = 184 MB
  Batch 48 [3936,4018) done in 70 ms  h_edges=2500577
  NeighborhoodSlab: 82 threads × 2304 KB = 184 MB
  Batch 49 [4018,4100) done in 70 ms  h_edges=2502126
  NeighborhoodSlab: 82 threads × 2304 KB = 184 MB
  Batch 50 [4100,4182) done in 68 ms  h_edges=2503771
  NeighborhoodSlab: 82 threads × 2304 KB = 184 MB
  Batch 51 [4182,4264) done in 83 ms  h_edges=2505365
  NeighborhoodSlab: 82 threads × 2304 KB = 184 MB
  Batch 52 [4264,4346) done in 79 ms  h_edges=2506961
  NeighborhoodSlab: 82 threads × 2304 KB = 184 MB
  Batch 53 [4346,4428) done in 68 ms  h_edges=2508629
  NeighborhoodSlab: 82 threads × 2304 KB = 184 MB
  Batch 54 [4428,4510) done in 58 ms  h_edges=2510173
  NeighborhoodSlab: 82 threads × 2304 KB = 184 MB
  Batch 55 [4510,4592) done in 108 ms  h_edges=2511446
  NeighborhoodSlab: 82 threads × 2304 KB = 184 MB
  Batch 56 [4592,4674) done in 71 ms  h_edges=2513071
  NeighborhoodSlab: 82 threads × 2304 KB = 184 MB
  Batch 57 [4674,4756) done in 70 ms  h_edges=2514588
  NeighborhoodSlab: 82 threads × 2304 KB = 184 MB
  Batch 58 [4756,4838) done in 65 ms  h_edges=2515817
  NeighborhoodSlab: 41 threads × 2304 KB = 92 MB
  Batch 59 [4838,4879) done in 97 ms  h_edges=2516582
  DeviceGraph: fwd=1438134 bwd=1438134 edges
  Year 2021 total: 6827 ms  (pop: 86185)

--- Year 2022 (pop: 86185) ---
  Adding 5172 new papers
  DeviceGraph: fwd=1438134 bwd=1438134 edges
  Processing 5172 papers in 60 batches of ~87
  NeighborhoodSlab: 87 threads × 2304 KB = 195 MB
  Batch 0 [0,87) done in 78 ms  h_edges=2518493
  NeighborhoodSlab: 87 threads × 2304 KB = 195 MB
  Batch 1 [87,174) done in 83 ms  h_edges=2519833
  NeighborhoodSlab: 87 threads × 2304 KB = 195 MB
  Batch 2 [174,261) done in 64 ms  h_edges=2521428
  NeighborhoodSlab: 87 threads × 2304 KB = 195 MB
  Batch 3 [261,348) done in 109 ms  h_edges=2522674
  NeighborhoodSlab: 87 threads × 2304 KB = 195 MB
  Batch 4 [348,435) done in 91 ms  h_edges=2524298
  NeighborhoodSlab: 87 threads × 2304 KB = 195 MB
  Batch 5 [435,522) done in 82 ms  h_edges=2525713
  NeighborhoodSlab: 87 threads × 2304 KB = 195 MB
  Batch 6 [522,609) done in 70 ms  h_edges=2527179
  NeighborhoodSlab: 87 threads × 2304 KB = 195 MB
  Batch 7 [609,696) done in 88 ms  h_edges=2528848
  NeighborhoodSlab: 87 threads × 2304 KB = 195 MB
  Batch 8 [696,783) done in 95 ms  h_edges=2531032
  NeighborhoodSlab: 87 threads × 2304 KB = 195 MB
  Batch 9 [783,870) done in 106 ms  h_edges=2532501
  NeighborhoodSlab: 87 threads × 2304 KB = 195 MB
  Batch 10 [870,957) done in 71 ms  h_edges=2533995
  NeighborhoodSlab: 87 threads × 2304 KB = 195 MB
  Batch 11 [957,1044) done in 102 ms  h_edges=2535645
  NeighborhoodSlab: 87 threads × 2304 KB = 195 MB
  Batch 12 [1044,1131) done in 88 ms  h_edges=2537118
  NeighborhoodSlab: 87 threads × 2304 KB = 195 MB
  Batch 13 [1131,1218) done in 93 ms  h_edges=2538801
  NeighborhoodSlab: 87 threads × 2304 KB = 195 MB
  Batch 14 [1218,1305) done in 75 ms  h_edges=2541007
  NeighborhoodSlab: 87 threads × 2304 KB = 195 MB
  Batch 15 [1305,1392) done in 85 ms  h_edges=2542780
  NeighborhoodSlab: 87 threads × 2304 KB = 195 MB
  Batch 16 [1392,1479) done in 135 ms  h_edges=2544739
  NeighborhoodSlab: 87 threads × 2304 KB = 195 MB
  Batch 17 [1479,1566) done in 68 ms  h_edges=2546471
  NeighborhoodSlab: 87 threads × 2304 KB = 195 MB
  Batch 18 [1566,1653) done in 71 ms  h_edges=2547942
  NeighborhoodSlab: 87 threads × 2304 KB = 195 MB
  Batch 19 [1653,1740) done in 111 ms  h_edges=2549495
  NeighborhoodSlab: 87 threads × 2304 KB = 195 MB
  Batch 20 [1740,1827) done in 93 ms  h_edges=2551292
  NeighborhoodSlab: 87 threads × 2304 KB = 195 MB
  Batch 21 [1827,1914) done in 76 ms  h_edges=2552728
  NeighborhoodSlab: 87 threads × 2304 KB = 195 MB
  Batch 22 [1914,2001) done in 65 ms  h_edges=2554875
  NeighborhoodSlab: 87 threads × 2304 KB = 195 MB
  Batch 23 [2001,2088) done in 77 ms  h_edges=2556749
  NeighborhoodSlab: 87 threads × 2304 KB = 195 MB
  Batch 24 [2088,2175) done in 67 ms  h_edges=2558380
  NeighborhoodSlab: 87 threads × 2304 KB = 195 MB
  Batch 25 [2175,2262) done in 65 ms  h_edges=2560153
  NeighborhoodSlab: 87 threads × 2304 KB = 195 MB
  Batch 26 [2262,2349) done in 92 ms  h_edges=2562002
  NeighborhoodSlab: 87 threads × 2304 KB = 195 MB
  Batch 27 [2349,2436) done in 79 ms  h_edges=2563496
  NeighborhoodSlab: 87 threads × 2304 KB = 195 MB
  Batch 28 [2436,2523) done in 101 ms  h_edges=2565297
  NeighborhoodSlab: 87 threads × 2304 KB = 195 MB
  Batch 29 [2523,2610) done in 97 ms  h_edges=2567429
  NeighborhoodSlab: 87 threads × 2304 KB = 195 MB
  Batch 30 [2610,2697) done in 83 ms  h_edges=2568954
  NeighborhoodSlab: 87 threads × 2304 KB = 195 MB
  Batch 31 [2697,2784) done in 74 ms  h_edges=2570769
  NeighborhoodSlab: 87 threads × 2304 KB = 195 MB
  Batch 32 [2784,2871) done in 128 ms  h_edges=2572244
  NeighborhoodSlab: 87 threads × 2304 KB = 195 MB
  Batch 33 [2871,2958) done in 67 ms  h_edges=2574009
  NeighborhoodSlab: 87 threads × 2304 KB = 195 MB
  Batch 34 [2958,3045) done in 59 ms  h_edges=2575554
  NeighborhoodSlab: 87 threads × 2304 KB = 195 MB
  Batch 35 [3045,3132) done in 96 ms  h_edges=2577267
  NeighborhoodSlab: 87 threads × 2304 KB = 195 MB
  Batch 36 [3132,3219) done in 83 ms  h_edges=2578597
  NeighborhoodSlab: 87 threads × 2304 KB = 195 MB
  Batch 37 [3219,3306) done in 93 ms  h_edges=2580611
  NeighborhoodSlab: 87 threads × 2304 KB = 195 MB
  Batch 38 [3306,3393) done in 78 ms  h_edges=2582189
  NeighborhoodSlab: 87 threads × 2304 KB = 195 MB
  Batch 39 [3393,3480) done in 60 ms  h_edges=2583739
  NeighborhoodSlab: 87 threads × 2304 KB = 195 MB
  Batch 40 [3480,3567) done in 136 ms  h_edges=2585387
  NeighborhoodSlab: 87 threads × 2304 KB = 195 MB
  Batch 41 [3567,3654) done in 88 ms  h_edges=2587211
  NeighborhoodSlab: 87 threads × 2304 KB = 195 MB
  Batch 42 [3654,3741) done in 72 ms  h_edges=2589138
  NeighborhoodSlab: 87 threads × 2304 KB = 195 MB
  Batch 43 [3741,3828) done in 81 ms  h_edges=2590751
  NeighborhoodSlab: 87 threads × 2304 KB = 195 MB
  Batch 44 [3828,3915) done in 123 ms  h_edges=2592324
  NeighborhoodSlab: 87 threads × 2304 KB = 195 MB
  Batch 45 [3915,4002) done in 69 ms  h_edges=2593848
  NeighborhoodSlab: 87 threads × 2304 KB = 195 MB
  Batch 46 [4002,4089) done in 85 ms  h_edges=2595321
  NeighborhoodSlab: 87 threads × 2304 KB = 195 MB
  Batch 47 [4089,4176) done in 82 ms  h_edges=2596554
  NeighborhoodSlab: 87 threads × 2304 KB = 195 MB
  Batch 48 [4176,4263) done in 74 ms  h_edges=2598229
  NeighborhoodSlab: 87 threads × 2304 KB = 195 MB
  Batch 49 [4263,4350) done in 65 ms  h_edges=2599975
  NeighborhoodSlab: 87 threads × 2304 KB = 195 MB
  Batch 50 [4350,4437) done in 70 ms  h_edges=2602128
  NeighborhoodSlab: 87 threads × 2304 KB = 195 MB
  Batch 51 [4437,4524) done in 92 ms  h_edges=2603910
  NeighborhoodSlab: 87 threads × 2304 KB = 195 MB
  Batch 52 [4524,4611) done in 92 ms  h_edges=2605448
  NeighborhoodSlab: 87 threads × 2304 KB = 195 MB
  Batch 53 [4611,4698) done in 93 ms  h_edges=2607151
  NeighborhoodSlab: 87 threads × 2304 KB = 195 MB
  Batch 54 [4698,4785) done in 83 ms  h_edges=2608687
  NeighborhoodSlab: 87 threads × 2304 KB = 195 MB
  Batch 55 [4785,4872) done in 82 ms  h_edges=2610183
  NeighborhoodSlab: 87 threads × 2304 KB = 195 MB
  Batch 56 [4872,4959) done in 78 ms  h_edges=2611825
  NeighborhoodSlab: 87 threads × 2304 KB = 195 MB
  Batch 57 [4959,5046) done in 109 ms  h_edges=2613504
  NeighborhoodSlab: 87 threads × 2304 KB = 195 MB
  Batch 58 [5046,5133) done in 62 ms  h_edges=2615299
  NeighborhoodSlab: 39 threads × 2304 KB = 87 MB
  Batch 59 [5133,5172) done in 84 ms  h_edges=2615977
  DeviceGraph: fwd=1537529 bwd=1537529 edges
  Year 2022 total: 7773 ms  (pop: 91357)

--- Year 2023 (pop: 91357) ---
  Adding 5482 new papers
  DeviceGraph: fwd=1537529 bwd=1537529 edges
  Processing 5482 papers in 60 batches of ~92
  NeighborhoodSlab: 92 threads × 2304 KB = 207 MB
  Batch 0 [0,92) done in 130 ms  h_edges=2617706
  NeighborhoodSlab: 92 threads × 2304 KB = 207 MB
  Batch 1 [92,184) done in 106 ms  h_edges=2619154
  NeighborhoodSlab: 92 threads × 2304 KB = 207 MB
  Batch 2 [184,276) done in 96 ms  h_edges=2620851
  NeighborhoodSlab: 92 threads × 2304 KB = 207 MB
  Batch 3 [276,368) done in 89 ms  h_edges=2622266
  NeighborhoodSlab: 92 threads × 2304 KB = 207 MB
  Batch 4 [368,460) done in 104 ms  h_edges=2624111
  NeighborhoodSlab: 92 threads × 2304 KB = 207 MB
  Batch 5 [460,552) done in 81 ms  h_edges=2625758
  NeighborhoodSlab: 92 threads × 2304 KB = 207 MB
  Batch 6 [552,644) done in 130 ms  h_edges=2627806
  NeighborhoodSlab: 92 threads × 2304 KB = 207 MB
  Batch 7 [644,736) done in 119 ms  h_edges=2629500
  NeighborhoodSlab: 92 threads × 2304 KB = 207 MB
  Batch 8 [736,828) done in 84 ms  h_edges=2631266
  NeighborhoodSlab: 92 threads × 2304 KB = 207 MB
  Batch 9 [828,920) done in 106 ms  h_edges=2632989
  NeighborhoodSlab: 92 threads × 2304 KB = 207 MB
  Batch 10 [920,1012) done in 126 ms  h_edges=2634873
  NeighborhoodSlab: 92 threads × 2304 KB = 207 MB
  Batch 11 [1012,1104) done in 112 ms  h_edges=2636781
  NeighborhoodSlab: 92 threads × 2304 KB = 207 MB
  Batch 12 [1104,1196) done in 55 ms  h_edges=2638352
  NeighborhoodSlab: 92 threads × 2304 KB = 207 MB
  Batch 13 [1196,1288) done in 90 ms  h_edges=2640247
  NeighborhoodSlab: 92 threads × 2304 KB = 207 MB
  Batch 14 [1288,1380) done in 76 ms  h_edges=2642233
  NeighborhoodSlab: 92 threads × 2304 KB = 207 MB
  Batch 15 [1380,1472) done in 103 ms  h_edges=2644029
  NeighborhoodSlab: 92 threads × 2304 KB = 207 MB
  Batch 16 [1472,1564) done in 109 ms  h_edges=2645773
  NeighborhoodSlab: 92 threads × 2304 KB = 207 MB
  Batch 17 [1564,1656) done in 124 ms  h_edges=2647389
  NeighborhoodSlab: 92 threads × 2304 KB = 207 MB
  Batch 18 [1656,1748) done in 76 ms  h_edges=2649265
  NeighborhoodSlab: 92 threads × 2304 KB = 207 MB
  Batch 19 [1748,1840) done in 103 ms  h_edges=2651016
  NeighborhoodSlab: 92 threads × 2304 KB = 207 MB
  Batch 20 [1840,1932) done in 124 ms  h_edges=2652716
  NeighborhoodSlab: 92 threads × 2304 KB = 207 MB
  Batch 21 [1932,2024) done in 98 ms  h_edges=2654530
  NeighborhoodSlab: 92 threads × 2304 KB = 207 MB
  Batch 22 [2024,2116) done in 88 ms  h_edges=2656346
  NeighborhoodSlab: 92 threads × 2304 KB = 207 MB
  Batch 23 [2116,2208) done in 103 ms  h_edges=2658361
  NeighborhoodSlab: 92 threads × 2304 KB = 207 MB
  Batch 24 [2208,2300) done in 114 ms  h_edges=2659848
  NeighborhoodSlab: 92 threads × 2304 KB = 207 MB
  Batch 25 [2300,2392) done in 84 ms  h_edges=2661463
  NeighborhoodSlab: 92 threads × 2304 KB = 207 MB
  Batch 26 [2392,2484) done in 100 ms  h_edges=2663322
  NeighborhoodSlab: 92 threads × 2304 KB = 207 MB
  Batch 27 [2484,2576) done in 83 ms  h_edges=2665284
  NeighborhoodSlab: 92 threads × 2304 KB = 207 MB
  Batch 28 [2576,2668) done in 105 ms  h_edges=2667108
  NeighborhoodSlab: 92 threads × 2304 KB = 207 MB
  Batch 29 [2668,2760) done in 103 ms  h_edges=2668784
  NeighborhoodSlab: 92 threads × 2304 KB = 207 MB
  Batch 30 [2760,2852) done in 91 ms  h_edges=2670457
  NeighborhoodSlab: 92 threads × 2304 KB = 207 MB
  Batch 31 [2852,2944) done in 91 ms  h_edges=2672080
  NeighborhoodSlab: 92 threads × 2304 KB = 207 MB
  Batch 32 [2944,3036) done in 89 ms  h_edges=2673556
  NeighborhoodSlab: 92 threads × 2304 KB = 207 MB
  Batch 33 [3036,3128) done in 81 ms  h_edges=2675325
  NeighborhoodSlab: 92 threads × 2304 KB = 207 MB
  Batch 34 [3128,3220) done in 99 ms  h_edges=2676998
  NeighborhoodSlab: 92 threads × 2304 KB = 207 MB
  Batch 35 [3220,3312) done in 122 ms  h_edges=2679055
  NeighborhoodSlab: 92 threads × 2304 KB = 207 MB
  Batch 36 [3312,3404) done in 87 ms  h_edges=2681079
  NeighborhoodSlab: 92 threads × 2304 KB = 207 MB
  Batch 37 [3404,3496) done in 118 ms  h_edges=2682699
  NeighborhoodSlab: 92 threads × 2304 KB = 207 MB
  Batch 38 [3496,3588) done in 95 ms  h_edges=2684080
  NeighborhoodSlab: 92 threads × 2304 KB = 207 MB
  Batch 39 [3588,3680) done in 81 ms  h_edges=2685920
  NeighborhoodSlab: 92 threads × 2304 KB = 207 MB
  Batch 40 [3680,3772) done in 92 ms  h_edges=2687744
  NeighborhoodSlab: 92 threads × 2304 KB = 207 MB
  Batch 41 [3772,3864) done in 124 ms  h_edges=2689712
  NeighborhoodSlab: 92 threads × 2304 KB = 207 MB
  Batch 42 [3864,3956) done in 96 ms  h_edges=2691800
  NeighborhoodSlab: 92 threads × 2304 KB = 207 MB
  Batch 43 [3956,4048) done in 101 ms  h_edges=2693182
  NeighborhoodSlab: 92 threads × 2304 KB = 207 MB
  Batch 44 [4048,4140) done in 89 ms  h_edges=2694967
  NeighborhoodSlab: 92 threads × 2304 KB = 207 MB
  Batch 45 [4140,4232) done in 122 ms  h_edges=2697132
  NeighborhoodSlab: 92 threads × 2304 KB = 207 MB
  Batch 46 [4232,4324) done in 92 ms  h_edges=2698794
  NeighborhoodSlab: 92 threads × 2304 KB = 207 MB
  Batch 47 [4324,4416) done in 131 ms  h_edges=2700706
  NeighborhoodSlab: 92 threads × 2304 KB = 207 MB
  Batch 48 [4416,4508) done in 91 ms  h_edges=2702565
  NeighborhoodSlab: 92 threads × 2304 KB = 207 MB
  Batch 49 [4508,4600) done in 110 ms  h_edges=2703841
  NeighborhoodSlab: 92 threads × 2304 KB = 207 MB
  Batch 50 [4600,4692) done in 97 ms  h_edges=2706117
  NeighborhoodSlab: 92 threads × 2304 KB = 207 MB
  Batch 51 [4692,4784) done in 86 ms  h_edges=2707875
  NeighborhoodSlab: 92 threads × 2304 KB = 207 MB
  Batch 52 [4784,4876) done in 84 ms  h_edges=2709440
  NeighborhoodSlab: 92 threads × 2304 KB = 207 MB
  Batch 53 [4876,4968) done in 150 ms  h_edges=2711254
  NeighborhoodSlab: 92 threads × 2304 KB = 207 MB
  Batch 54 [4968,5060) done in 83 ms  h_edges=2712752
  NeighborhoodSlab: 92 threads × 2304 KB = 207 MB
  Batch 55 [5060,5152) done in 117 ms  h_edges=2714607
  NeighborhoodSlab: 92 threads × 2304 KB = 207 MB
  Batch 56 [5152,5244) done in 117 ms  h_edges=2716352
  NeighborhoodSlab: 92 threads × 2304 KB = 207 MB
  Batch 57 [5244,5336) done in 96 ms  h_edges=2718551
  NeighborhoodSlab: 92 threads × 2304 KB = 207 MB
  Batch 58 [5336,5428) done in 81 ms  h_edges=2720255
  NeighborhoodSlab: 54 threads × 2304 KB = 121 MB
  Batch 59 [5428,5482) done in 93 ms  h_edges=2721066
  DeviceGraph: fwd=1642618 bwd=1642618 edges
  Year 2023 total: 8734 ms  (pop: 96839)

=== Simulation Complete ===
Total: 23 s  Final pop: 96839

=== Exporting Results ===
Edges saved: ./output/3y/mass_cuda-twt-static-output-3y-6p.edgelist (2721066)
Attributes saved: ./output/3y/mass_cuda-twt-static-output-3y-6p.aux (96839 rows)

Done.

real	0m27.720s
user	0m26.633s
sys	0m0.928s
