The following modules were not unloaded:
  (Use "module --force purge" to unload all):

  1) xalt/3.1.4
Running growth rate 1% for 30 years.
Profile output: erprofile/nsys-er-gnp-30y-1p.nsys-rep
CMD: nsys profile --trace=cuda,nvtx,osrt --gpu-metrics-device=all --gpu-metrics-frequency=10000 --stats=true --force-overwrite=true -o erprofile/nsys-er-gnp-30y-1p ./abm --model er-gnp --er-probability 0.0001 --edgelist sj_edgelist --nodelist sj_nodelist --out-degree-bag tcen_at_least_five --recency-probabilities sj_recprob --alpha 0.5 --preferential-weight 0.33 --recency-weight 0.33 --fitness-weight 0.33 --growth-rate .01 --fully-random-citations 0.05 --num-cycles 30 --same-year-proportion 0.12 --output-file ./output/30y/gpu-opt-static-output-30y-1p.edgelist --auxiliary-information-file ./output/30y/gpu-opt-static-output-30y-1p.aux --log-file ./output/30y/nsys-gpu-opt-static-er-gnp-30y-1p.log --num-processors 14 --log-level 1

Start ABM....
parse_args....
edgelist....
num-cycles....
output-file....
log-file = ./output/30y/nsys-gpu-opt-static-er-gnp-30y-1p.log....
num-processors = 14....
log-level = 0
er_probability = 0.000100
model = er-gnp
Init ABM....
Exec ABM....
Start execute.Init Graph
Inside  Graph ParseNodelist.....
Populating the continuous_node mappings..
Elapsed time: ParseNodelist : 1094 millisecs = 1 seconds

Inside Graph ParseEdgelist.....
Elapsed time: ParseEdgelist : 1705 millisecs = 1 seconds

In updateNodeInDegreeOutDegree: Update Outdegree first:
In updateNodeInDegreeOutDegree: Update Indegree:
Total (initial):: In-Degree = 899050, Out-Degree = 899050
Elapsed time: 0-1 : 1 seconds
Elapsed time: 1-2 : 1 seconds
Elapsed time: 2-3 : 0 seconds

Initialized Graph. Let us update the indegree and out-degrees... 
Graph init done...
calling InitializeFitness...
final graph size is 662527 from initial_graph_size of 491532.
 populated out degree array.
 Entering loop for year = 1983
Elapsed time: 70-71: total : 0.265 secs, iter cost : 0 seconds

Elapsed time: 71-72: total : 0.326 secs, iter cost : 0 seconds

Elapsed time: 72-73: total : 23 millisecs, iter cost : 23 mseconds

num_new_nodes = 4916, current_graph_size = 491532, growth rate = 0.010000 
Elapsed time: 73-74: total : 0 millisecs, iter cost : 0 mseconds

Elapsed time: 74-75: total : 8 millisecs, iter cost : 8 mseconds

all new nodes initialized with years and mapped. FillSameYearSourceNodes with new_nodes_vec.size() = 4916
checking same_year_source_nodes size.
Elapsed time: 75-76: total : 0 millisecs, iter cost : 0 mseconds

new_nodes_vec.size() b4 : 4916

updated  updateGraphAttributesGeneratorNode .... 
Elapsed time: 76-77: total : 13 millisecs, iter cost : 13 mseconds

continuous_node_mapping.size() b5 : 496448, reverse_continuous_node_mapping size = 496448

[ER Model] Building connections using Erdos-Renyi

[ER Model] Processing 4916 new nodes for year 1983 (graph size: 491532)

ALLOCATE DEVICE MEMORY
 Allocate RNG states.
 Estimate capacity based on ER model.
create_thread_vectors_bulk<int2>(num_new_nodes, per_thread_capacities.
Instead of batch - process all new nodes in parallel.
COLLECT RESULTS
[ER Model] Generated 241162 edges

Year 1983: 4916 new nodes, 241162 new edges

Elapsed time: 78-781 : total : 0.605 secs, this iter cost : 0.605 seconds

Elapsed time: 78-79 : total : 0.72 secs, this iter cost : 0.72 seconds

updateNodeInDegreeOutDegree(year=1983): updated 4916 out-degrees, 195491 in-degrees
Elapsed time: 79-81 : total : 0.128 secs, this iter cost : 0 seconds

Elapsed time: 79-80 : total : 0.102 secs, this iter cost : 0 seconds

Elapsed time: 80-81 : total : 0.026 secs, this iter cost : 0 seconds

Elapsed time: 70-81 : total : 1.486 secs, this iter cost : 1 seconds

 Entering loop for year = 1984
Elapsed time: 70-71: total : 0.542 secs, iter cost : 0 seconds

Elapsed time: 71-72: total : 0.669 secs, iter cost : 0 seconds

Elapsed time: 72-73: total : 41 millisecs, iter cost : 18 mseconds

num_new_nodes = 4965, current_graph_size = 496448, growth rate = 0.010000 
Elapsed time: 73-74: total : 0 millisecs, iter cost : 0 mseconds

Elapsed time: 74-75: total : 12 millisecs, iter cost : 4 mseconds

all new nodes initialized with years and mapped. FillSameYearSourceNodes with new_nodes_vec.size() = 4965
checking same_year_source_nodes size.
Elapsed time: 75-76: total : 0 millisecs, iter cost : 0 mseconds

new_nodes_vec.size() b4 : 4965

updated  updateGraphAttributesGeneratorNode .... 
Elapsed time: 76-77: total : 25 millisecs, iter cost : 12 mseconds

continuous_node_mapping.size() b5 : 501413, reverse_continuous_node_mapping size = 501413

[ER Model] Building connections using Erdos-Renyi

[ER Model] Processing 4965 new nodes for year 1984 (graph size: 496448)

ALLOCATE DEVICE MEMORY
 Allocate RNG states.
 Estimate capacity based on ER model.
create_thread_vectors_bulk<int2>(num_new_nodes, per_thread_capacities.
Instead of batch - process all new nodes in parallel.
COLLECT RESULTS
[ER Model] Generated 246433 edges

Year 1984: 4965 new nodes, 246433 new edges

Elapsed time: 78-781 : total : 0.868 secs, this iter cost : 0.263 seconds

Elapsed time: 78-79 : total : 1.097 secs, this iter cost : 0.377 seconds

updateNodeInDegreeOutDegree(year=1984): updated 4965 out-degrees, 199092 in-degrees
Elapsed time: 79-81 : total : 0.273 secs, this iter cost : 0 seconds

Elapsed time: 79-80 : total : 0.221 secs, this iter cost : 0 seconds

Elapsed time: 80-81 : total : 0.051 secs, this iter cost : 0 seconds

Elapsed time: 70-81 : total : 2.667 secs, this iter cost : 1 seconds

 Entering loop for year = 1985
Elapsed time: 70-71: total : 0.828 secs, iter cost : 0 seconds

Elapsed time: 71-72: total : 0.993 secs, iter cost : 0 seconds

Elapsed time: 72-73: total : 59 millisecs, iter cost : 18 mseconds

num_new_nodes = 5015, current_graph_size = 501413, growth rate = 0.010000 
Elapsed time: 73-74: total : 0 millisecs, iter cost : 0 mseconds

Elapsed time: 74-75: total : 17 millisecs, iter cost : 5 mseconds

all new nodes initialized with years and mapped. FillSameYearSourceNodes with new_nodes_vec.size() = 5015
checking same_year_source_nodes size.
Elapsed time: 75-76: total : 0 millisecs, iter cost : 0 mseconds

new_nodes_vec.size() b4 : 5015

updated  updateGraphAttributesGeneratorNode .... 
Elapsed time: 76-77: total : 38 millisecs, iter cost : 13 mseconds

continuous_node_mapping.size() b5 : 506428, reverse_continuous_node_mapping size = 506428

[ER Model] Building connections using Erdos-Renyi

[ER Model] Processing 5015 new nodes for year 1985 (graph size: 501413)

ALLOCATE DEVICE MEMORY
 Allocate RNG states.
 Estimate capacity based on ER model.
create_thread_vectors_bulk<int2>(num_new_nodes, per_thread_capacities.
Instead of batch - process all new nodes in parallel.
COLLECT RESULTS
[ER Model] Generated 250575 edges

Year 1985: 5015 new nodes, 250575 new edges

Elapsed time: 78-781 : total : 1.143 secs, this iter cost : 0.275 seconds

Elapsed time: 78-79 : total : 1.516 secs, this iter cost : 0.419 seconds

updateNodeInDegreeOutDegree(year=1985): updated 5015 out-degrees, 202277 in-degrees
Elapsed time: 79-81 : total : 0.419 secs, this iter cost : 0 seconds

Elapsed time: 79-80 : total : 0.343 secs, this iter cost : 0 seconds

Elapsed time: 80-81 : total : 0.075 secs, this iter cost : 0 seconds

Elapsed time: 70-81 : total : 3.88 secs, this iter cost : 1 seconds

 Entering loop for year = 1986
Elapsed time: 70-71: total : 1.109 secs, iter cost : 0 seconds

Elapsed time: 71-72: total : 1.326 secs, iter cost : 0 seconds

Elapsed time: 72-73: total : 77 millisecs, iter cost : 18 mseconds

num_new_nodes = 5065, current_graph_size = 506428, growth rate = 0.010000 
Elapsed time: 73-74: total : 4 millisecs, iter cost : 4 mseconds

Elapsed time: 74-75: total : 20 millisecs, iter cost : 3 mseconds

all new nodes initialized with years and mapped. FillSameYearSourceNodes with new_nodes_vec.size() = 5065
checking same_year_source_nodes size.
Elapsed time: 75-76: total : 0 millisecs, iter cost : 0 mseconds

new_nodes_vec.size() b4 : 5065

updated  updateGraphAttributesGeneratorNode .... 
Elapsed time: 76-77: total : 50 millisecs, iter cost : 12 mseconds

continuous_node_mapping.size() b5 : 511493, reverse_continuous_node_mapping size = 511493

[ER Model] Building connections using Erdos-Renyi

[ER Model] Processing 5065 new nodes for year 1986 (graph size: 506428)

ALLOCATE DEVICE MEMORY
 Allocate RNG states.
 Estimate capacity based on ER model.
create_thread_vectors_bulk<int2>(num_new_nodes, per_thread_capacities.
Instead of batch - process all new nodes in parallel.
COLLECT RESULTS
[ER Model] Generated 257659 edges

Year 1986: 5065 new nodes, 257659 new edges

Elapsed time: 78-781 : total : 1.414 secs, this iter cost : 0.271 seconds

Elapsed time: 78-79 : total : 1.891 secs, this iter cost : 0.375 seconds

updateNodeInDegreeOutDegree(year=1986): updated 5065 out-degrees, 206911 in-degrees
Elapsed time: 79-81 : total : 0.563 secs, this iter cost : 0 seconds

Elapsed time: 79-80 : total : 0.461 secs, this iter cost : 0 seconds

Elapsed time: 80-81 : total : 0.1 secs, this iter cost : 0 seconds

Elapsed time: 70-81 : total : 5.055 secs, this iter cost : 1 seconds

 Entering loop for year = 1987
Elapsed time: 70-71: total : 1.392 secs, iter cost : 0 seconds

Elapsed time: 71-72: total : 1.641 secs, iter cost : 0 seconds

Elapsed time: 72-73: total : 95 millisecs, iter cost : 18 mseconds

num_new_nodes = 5115, current_graph_size = 511493, growth rate = 0.010000 
Elapsed time: 73-74: total : 4 millisecs, iter cost : 0 mseconds

Elapsed time: 74-75: total : 23 millisecs, iter cost : 3 mseconds

all new nodes initialized with years and mapped. FillSameYearSourceNodes with new_nodes_vec.size() = 5115
checking same_year_source_nodes size.
Elapsed time: 75-76: total : 0 millisecs, iter cost : 0 mseconds

new_nodes_vec.size() b4 : 5115

updated  updateGraphAttributesGeneratorNode .... 
Elapsed time: 76-77: total : 62 millisecs, iter cost : 12 mseconds

continuous_node_mapping.size() b5 : 516608, reverse_continuous_node_mapping size = 516608

[ER Model] Building connections using Erdos-Renyi

[ER Model] Processing 5115 new nodes for year 1987 (graph size: 511493)

ALLOCATE DEVICE MEMORY
 Allocate RNG states.
 Estimate capacity based on ER model.
create_thread_vectors_bulk<int2>(num_new_nodes, per_thread_capacities.
Instead of batch - process all new nodes in parallel.
COLLECT RESULTS
[ER Model] Generated 261668 edges

Year 1987: 5115 new nodes, 261668 new edges

Elapsed time: 78-781 : total : 1.691 secs, this iter cost : 0.277 seconds

Elapsed time: 78-79 : total : 2.299 secs, this iter cost : 0.408 seconds

updateNodeInDegreeOutDegree(year=1987): updated 5115 out-degrees, 210133 in-degrees
Elapsed time: 79-81 : total : 0.708 secs, this iter cost : 0 seconds

Elapsed time: 79-80 : total : 0.58 secs, this iter cost : 0 seconds

Elapsed time: 80-81 : total : 0.125 secs, this iter cost : 0 seconds

Elapsed time: 70-81 : total : 6.242 secs, this iter cost : 1 seconds

 Entering loop for year = 1988
Elapsed time: 70-71: total : 1.681 secs, iter cost : 0 seconds

Elapsed time: 71-72: total : 1.951 secs, iter cost : 0 seconds

Elapsed time: 72-73: total : 112 millisecs, iter cost : 17 mseconds

num_new_nodes = 5167, current_graph_size = 516608, growth rate = 0.010000 
Elapsed time: 73-74: total : 4 millisecs, iter cost : 0 mseconds

Elapsed time: 74-75: total : 26 millisecs, iter cost : 3 mseconds

all new nodes initialized with years and mapped. FillSameYearSourceNodes with new_nodes_vec.size() = 5167
checking same_year_source_nodes size.
Elapsed time: 75-76: total : 0 millisecs, iter cost : 0 mseconds

new_nodes_vec.size() b4 : 5167

updated  updateGraphAttributesGeneratorNode .... 
Elapsed time: 76-77: total : 74 millisecs, iter cost : 12 mseconds

continuous_node_mapping.size() b5 : 521775, reverse_continuous_node_mapping size = 521775

[ER Model] Building connections using Erdos-Renyi

[ER Model] Processing 5167 new nodes for year 1988 (graph size: 516608)

ALLOCATE DEVICE MEMORY
 Allocate RNG states.
 Estimate capacity based on ER model.
create_thread_vectors_bulk<int2>(num_new_nodes, per_thread_capacities.
Instead of batch - process all new nodes in parallel.
COLLECT RESULTS
[ER Model] Generated 266755 edges

Year 1988: 5167 new nodes, 266755 new edges

Elapsed time: 78-781 : total : 1.966 secs, this iter cost : 0.275 seconds

Elapsed time: 78-79 : total : 2.754 secs, this iter cost : 0.455 seconds

updateNodeInDegreeOutDegree(year=1988): updated 5167 out-degrees, 213489 in-degrees
Elapsed time: 79-81 : total : 0.862 secs, this iter cost : 0 seconds

Elapsed time: 79-80 : total : 0.708 secs, this iter cost : 0 seconds

Elapsed time: 80-81 : total : 0.15 secs, this iter cost : 0 seconds

Elapsed time: 70-81 : total : 7.485 secs, this iter cost : 1 seconds

 Entering loop for year = 1989
Elapsed time: 70-71: total : 1.956 secs, iter cost : 0 seconds

Elapsed time: 71-72: total : 2.266 secs, iter cost : 0 seconds

Elapsed time: 72-73: total : 127 millisecs, iter cost : 15 mseconds

num_new_nodes = 5218, current_graph_size = 521775, growth rate = 0.010000 
Elapsed time: 73-74: total : 4 millisecs, iter cost : 0 mseconds

Elapsed time: 74-75: total : 29 millisecs, iter cost : 3 mseconds

all new nodes initialized with years and mapped. FillSameYearSourceNodes with new_nodes_vec.size() = 5218
checking same_year_source_nodes size.
Elapsed time: 75-76: total : 0 millisecs, iter cost : 0 mseconds

new_nodes_vec.size() b4 : 5218

updated  updateGraphAttributesGeneratorNode .... 
Elapsed time: 76-77: total : 86 millisecs, iter cost : 12 mseconds

continuous_node_mapping.size() b5 : 526993, reverse_continuous_node_mapping size = 526993

[ER Model] Building connections using Erdos-Renyi

[ER Model] Processing 5218 new nodes for year 1989 (graph size: 521775)

ALLOCATE DEVICE MEMORY
 Allocate RNG states.
 Estimate capacity based on ER model.
create_thread_vectors_bulk<int2>(num_new_nodes, per_thread_capacities.
Instead of batch - process all new nodes in parallel.
COLLECT RESULTS
[ER Model] Generated 272077 edges

Year 1989: 5218 new nodes, 272077 new edges

Elapsed time: 78-781 : total : 2.247 secs, this iter cost : 0.281 seconds

Elapsed time: 78-79 : total : 3.179 secs, this iter cost : 0.425 seconds

updateNodeInDegreeOutDegree(year=1989): updated 5218 out-degrees, 216938 in-degrees
Elapsed time: 79-81 : total : 1.008 secs, this iter cost : 0 seconds

Elapsed time: 79-80 : total : 0.825 secs, this iter cost : 0 seconds

Elapsed time: 80-81 : total : 0.178 secs, this iter cost : 0 seconds

Elapsed time: 70-81 : total : 8.68 secs, this iter cost : 1 seconds

 Entering loop for year = 1990
Elapsed time: 70-71: total : 2.256 secs, iter cost : 0 seconds

Elapsed time: 71-72: total : 2.582 secs, iter cost : 0 seconds

Elapsed time: 72-73: total : 145 millisecs, iter cost : 18 mseconds

num_new_nodes = 5270, current_graph_size = 526993, growth rate = 0.010000 
Elapsed time: 73-74: total : 4 millisecs, iter cost : 0 mseconds

Elapsed time: 74-75: total : 32 millisecs, iter cost : 3 mseconds

all new nodes initialized with years and mapped. FillSameYearSourceNodes with new_nodes_vec.size() = 5270
checking same_year_source_nodes size.
Elapsed time: 75-76: total : 0 millisecs, iter cost : 0 mseconds

new_nodes_vec.size() b4 : 5270

updated  updateGraphAttributesGeneratorNode .... 
Elapsed time: 76-77: total : 98 millisecs, iter cost : 12 mseconds

continuous_node_mapping.size() b5 : 532263, reverse_continuous_node_mapping size = 532263

[ER Model] Building connections using Erdos-Renyi

[ER Model] Processing 5270 new nodes for year 1990 (graph size: 526993)

ALLOCATE DEVICE MEMORY
 Allocate RNG states.
 Estimate capacity based on ER model.
create_thread_vectors_bulk<int2>(num_new_nodes, per_thread_capacities.
Instead of batch - process all new nodes in parallel.
COLLECT RESULTS
[ER Model] Generated 277302 edges

Year 1990: 5270 new nodes, 277302 new edges

Elapsed time: 78-781 : total : 2.528 secs, this iter cost : 0.281 seconds

Elapsed time: 78-79 : total : 3.63 secs, this iter cost : 0.451 seconds

updateNodeInDegreeOutDegree(year=1990): updated 5270 out-degrees, 221024 in-degrees
Elapsed time: 79-81 : total : 1.167 secs, this iter cost : 0 seconds

Elapsed time: 79-80 : total : 0.957 secs, this iter cost : 0 seconds

Elapsed time: 80-81 : total : 0.204 secs, this iter cost : 0 seconds

Elapsed time: 70-81 : total : 9.943 secs, this iter cost : 1 seconds

 Entering loop for year = 1991
Elapsed time: 70-71: total : 2.535 secs, iter cost : 0 seconds

Elapsed time: 71-72: total : 2.89 secs, iter cost : 0 seconds

Elapsed time: 72-73: total : 163 millisecs, iter cost : 18 mseconds

num_new_nodes = 5323, current_graph_size = 532263, growth rate = 0.010000 
Elapsed time: 73-74: total : 4 millisecs, iter cost : 0 mseconds

Elapsed time: 74-75: total : 35 millisecs, iter cost : 3 mseconds

all new nodes initialized with years and mapped. FillSameYearSourceNodes with new_nodes_vec.size() = 5323
checking same_year_source_nodes size.
Elapsed time: 75-76: total : 0 millisecs, iter cost : 0 mseconds

new_nodes_vec.size() b4 : 5323

updated  updateGraphAttributesGeneratorNode .... 
Elapsed time: 76-77: total : 111 millisecs, iter cost : 13 mseconds

continuous_node_mapping.size() b5 : 537586, reverse_continuous_node_mapping size = 537586

[ER Model] Building connections using Erdos-Renyi

[ER Model] Processing 5323 new nodes for year 1991 (graph size: 532263)

ALLOCATE DEVICE MEMORY
 Allocate RNG states.
 Estimate capacity based on ER model.
create_thread_vectors_bulk<int2>(num_new_nodes, per_thread_capacities.
Instead of batch - process all new nodes in parallel.
COLLECT RESULTS
[ER Model] Generated 284151 edges

Year 1991: 5323 new nodes, 284151 new edges

Elapsed time: 78-781 : total : 2.816 secs, this iter cost : 0.288 seconds

Elapsed time: 78-79 : total : 4.069 secs, this iter cost : 0.439 seconds

updateNodeInDegreeOutDegree(year=1991): updated 5323 out-degrees, 225713 in-degrees
Elapsed time: 79-81 : total : 1.323 secs, this iter cost : 0 seconds

Elapsed time: 79-80 : total : 1.076 secs, this iter cost : 0 seconds

Elapsed time: 80-81 : total : 0.24 secs, this iter cost : 0 seconds

Elapsed time: 70-81 : total : 11.162 secs, this iter cost : 1 seconds

 Entering loop for year = 1992
Elapsed time: 70-71: total : 2.83 secs, iter cost : 0 seconds

Elapsed time: 71-72: total : 3.208 secs, iter cost : 0 seconds

Elapsed time: 72-73: total : 181 millisecs, iter cost : 18 mseconds

num_new_nodes = 5376, current_graph_size = 537586, growth rate = 0.010000 
Elapsed time: 73-74: total : 4 millisecs, iter cost : 0 mseconds

Elapsed time: 74-75: total : 38 millisecs, iter cost : 3 mseconds

all new nodes initialized with years and mapped. FillSameYearSourceNodes with new_nodes_vec.size() = 5376
checking same_year_source_nodes size.
Elapsed time: 75-76: total : 0 millisecs, iter cost : 0 mseconds

new_nodes_vec.size() b4 : 5376

updated  updateGraphAttributesGeneratorNode .... 
Elapsed time: 76-77: total : 124 millisecs, iter cost : 13 mseconds

continuous_node_mapping.size() b5 : 542962, reverse_continuous_node_mapping size = 542962

[ER Model] Building connections using Erdos-Renyi

[ER Model] Processing 5376 new nodes for year 1992 (graph size: 537586)

ALLOCATE DEVICE MEMORY
 Allocate RNG states.
 Estimate capacity based on ER model.
create_thread_vectors_bulk<int2>(num_new_nodes, per_thread_capacities.
Instead of batch - process all new nodes in parallel.
COLLECT RESULTS
[ER Model] Generated 289616 edges

Year 1992: 5376 new nodes, 289616 new edges

Elapsed time: 78-781 : total : 3.107 secs, this iter cost : 0.291 seconds

Elapsed time: 78-79 : total : 4.532 secs, this iter cost : 0.463 seconds

updateNodeInDegreeOutDegree(year=1992): updated 5376 out-degrees, 229182 in-degrees
Elapsed time: 79-81 : total : 1.472 secs, this iter cost : 0 seconds

Elapsed time: 79-80 : total : 1.198 secs, this iter cost : 0 seconds

Elapsed time: 80-81 : total : 0.266 secs, this iter cost : 0 seconds

Elapsed time: 70-81 : total : 12.424 secs, this iter cost : 1 seconds

 Entering loop for year = 1993
Elapsed time: 70-71: total : 3.129 secs, iter cost : 0 seconds

Elapsed time: 71-72: total : 3.549 secs, iter cost : 0 seconds

Elapsed time: 72-73: total : 209 millisecs, iter cost : 28 mseconds

num_new_nodes = 5430, current_graph_size = 542962, growth rate = 0.010000 
Elapsed time: 73-74: total : 4 millisecs, iter cost : 0 mseconds

Elapsed time: 74-75: total : 42 millisecs, iter cost : 4 mseconds

all new nodes initialized with years and mapped. FillSameYearSourceNodes with new_nodes_vec.size() = 5430
checking same_year_source_nodes size.
Elapsed time: 75-76: total : 0 millisecs, iter cost : 0 mseconds

new_nodes_vec.size() b4 : 5430

updated  updateGraphAttributesGeneratorNode .... 
Elapsed time: 76-77: total : 137 millisecs, iter cost : 13 mseconds

continuous_node_mapping.size() b5 : 548392, reverse_continuous_node_mapping size = 548392

[ER Model] Building connections using Erdos-Renyi

[ER Model] Processing 5430 new nodes for year 1993 (graph size: 542962)

ALLOCATE DEVICE MEMORY
 Allocate RNG states.
 Estimate capacity based on ER model.
create_thread_vectors_bulk<int2>(num_new_nodes, per_thread_capacities.
Instead of batch - process all new nodes in parallel.
COLLECT RESULTS
[ER Model] Generated 294219 edges

Year 1993: 5430 new nodes, 294219 new edges

Elapsed time: 78-781 : total : 3.399 secs, this iter cost : 0.292 seconds

Elapsed time: 78-79 : total : 5.002 secs, this iter cost : 0.47 seconds

updateNodeInDegreeOutDegree(year=1993): updated 5430 out-degrees, 232500 in-degrees
Elapsed time: 79-81 : total : 1.621 secs, this iter cost : 0 seconds

Elapsed time: 79-80 : total : 1.32 secs, this iter cost : 0 seconds

Elapsed time: 80-81 : total : 0.292 secs, this iter cost : 0 seconds

Elapsed time: 70-81 : total : 13.731 secs, this iter cost : 1 seconds

 Entering loop for year = 1994
Elapsed time: 70-71: total : 3.427 secs, iter cost : 0 seconds

Elapsed time: 71-72: total : 3.871 secs, iter cost : 0 seconds

Elapsed time: 72-73: total : 227 millisecs, iter cost : 18 mseconds

num_new_nodes = 5484, current_graph_size = 548392, growth rate = 0.010000 
Elapsed time: 73-74: total : 4 millisecs, iter cost : 0 mseconds

Elapsed time: 74-75: total : 47 millisecs, iter cost : 5 mseconds

all new nodes initialized with years and mapped. FillSameYearSourceNodes with new_nodes_vec.size() = 5484
checking same_year_source_nodes size.
Elapsed time: 75-76: total : 0 millisecs, iter cost : 0 mseconds

new_nodes_vec.size() b4 : 5484

updated  updateGraphAttributesGeneratorNode .... 
Elapsed time: 76-77: total : 150 millisecs, iter cost : 13 mseconds

continuous_node_mapping.size() b5 : 553876, reverse_continuous_node_mapping size = 553876

[ER Model] Building connections using Erdos-Renyi

[ER Model] Processing 5484 new nodes for year 1994 (graph size: 548392)

ALLOCATE DEVICE MEMORY
 Allocate RNG states.
 Estimate capacity based on ER model.
create_thread_vectors_bulk<int2>(num_new_nodes, per_thread_capacities.
Instead of batch - process all new nodes in parallel.
COLLECT RESULTS
[ER Model] Generated 300859 edges

Year 1994: 5484 new nodes, 300859 new edges

Elapsed time: 78-781 : total : 3.747 secs, this iter cost : 0.348 seconds

Elapsed time: 78-79 : total : 5.541 secs, this iter cost : 0.539 seconds

updateNodeInDegreeOutDegree(year=1994): updated 5484 out-degrees, 237068 in-degrees
Elapsed time: 79-81 : total : 1.775 secs, this iter cost : 0 seconds

Elapsed time: 79-80 : total : 1.447 secs, this iter cost : 0 seconds

Elapsed time: 80-81 : total : 0.318 secs, this iter cost : 0 seconds

Elapsed time: 70-81 : total : 15.083 secs, this iter cost : 1 seconds

 Entering loop for year = 1995
Elapsed time: 70-71: total : 3.733 secs, iter cost : 0 seconds

Elapsed time: 71-72: total : 4.214 secs, iter cost : 0 seconds

Elapsed time: 72-73: total : 247 millisecs, iter cost : 20 mseconds

num_new_nodes = 5539, current_graph_size = 553876, growth rate = 0.010000 
Elapsed time: 73-74: total : 4 millisecs, iter cost : 0 mseconds

Elapsed time: 74-75: total : 51 millisecs, iter cost : 4 mseconds

all new nodes initialized with years and mapped. FillSameYearSourceNodes with new_nodes_vec.size() = 5539
checking same_year_source_nodes size.
Elapsed time: 75-76: total : 0 millisecs, iter cost : 0 mseconds

new_nodes_vec.size() b4 : 5539

updated  updateGraphAttributesGeneratorNode .... 
Elapsed time: 76-77: total : 163 millisecs, iter cost : 13 mseconds

continuous_node_mapping.size() b5 : 559415, reverse_continuous_node_mapping size = 559415

[ER Model] Building connections using Erdos-Renyi

[ER Model] Processing 5539 new nodes for year 1995 (graph size: 553876)

ALLOCATE DEVICE MEMORY
 Allocate RNG states.
 Estimate capacity based on ER model.
create_thread_vectors_bulk<int2>(num_new_nodes, per_thread_capacities.
Instead of batch - process all new nodes in parallel.
COLLECT RESULTS
[ER Model] Generated 306997 edges

Year 1995: 5539 new nodes, 306997 new edges

Elapsed time: 78-781 : total : 4.054 secs, this iter cost : 0.307 seconds

Elapsed time: 78-79 : total : 6.052 secs, this iter cost : 0.511 seconds

updateNodeInDegreeOutDegree(year=1995): updated 5539 out-degrees, 241448 in-degrees
Elapsed time: 79-81 : total : 1.955 secs, this iter cost : 0 seconds

Elapsed time: 79-80 : total : 1.6 secs, this iter cost : 0 seconds

Elapsed time: 80-81 : total : 0.345 secs, this iter cost : 0 seconds

Elapsed time: 70-81 : total : 16.464 secs, this iter cost : 1 seconds

 Entering loop for year = 1996
Elapsed time: 70-71: total : 4.022 secs, iter cost : 0 seconds

Elapsed time: 71-72: total : 4.547 secs, iter cost : 0 seconds

Elapsed time: 72-73: total : 266 millisecs, iter cost : 19 mseconds

num_new_nodes = 5595, current_graph_size = 559415, growth rate = 0.010000 
Elapsed time: 73-74: total : 4 millisecs, iter cost : 0 mseconds

Elapsed time: 74-75: total : 54 millisecs, iter cost : 3 mseconds

all new nodes initialized with years and mapped. FillSameYearSourceNodes with new_nodes_vec.size() = 5595
checking same_year_source_nodes size.
Elapsed time: 75-76: total : 0 millisecs, iter cost : 0 mseconds

new_nodes_vec.size() b4 : 5595

updated  updateGraphAttributesGeneratorNode .... 
Elapsed time: 76-77: total : 176 millisecs, iter cost : 13 mseconds

continuous_node_mapping.size() b5 : 565010, reverse_continuous_node_mapping size = 565010

[ER Model] Building connections using Erdos-Renyi

[ER Model] Processing 5595 new nodes for year 1996 (graph size: 559415)

ALLOCATE DEVICE MEMORY
 Allocate RNG states.
 Estimate capacity based on ER model.
create_thread_vectors_bulk<int2>(num_new_nodes, per_thread_capacities.
Instead of batch - process all new nodes in parallel.
COLLECT RESULTS
[ER Model] Generated 312632 edges

Year 1996: 5595 new nodes, 312632 new edges

Elapsed time: 78-781 : total : 4.356 secs, this iter cost : 0.302 seconds

Elapsed time: 78-79 : total : 6.516 secs, this iter cost : 0.464 seconds

updateNodeInDegreeOutDegree(year=1996): updated 5595 out-degrees, 245299 in-degrees
Elapsed time: 79-81 : total : 2.127 secs, this iter cost : 0 seconds

Elapsed time: 79-80 : total : 1.744 secs, this iter cost : 0 seconds

Elapsed time: 80-81 : total : 0.372 secs, this iter cost : 0 seconds

Elapsed time: 70-81 : total : 17.759 secs, this iter cost : 1 seconds

 Entering loop for year = 1997
Elapsed time: 70-71: total : 4.31 secs, iter cost : 0 seconds

Elapsed time: 71-72: total : 4.889 secs, iter cost : 0 seconds

Elapsed time: 72-73: total : 284 millisecs, iter cost : 18 mseconds

num_new_nodes = 5651, current_graph_size = 565010, growth rate = 0.010000 
Elapsed time: 73-74: total : 4 millisecs, iter cost : 0 mseconds

Elapsed time: 74-75: total : 57 millisecs, iter cost : 3 mseconds

all new nodes initialized with years and mapped. FillSameYearSourceNodes with new_nodes_vec.size() = 5651
checking same_year_source_nodes size.
Elapsed time: 75-76: total : 0 millisecs, iter cost : 0 mseconds

new_nodes_vec.size() b4 : 5651

updated  updateGraphAttributesGeneratorNode .... 
Elapsed time: 76-77: total : 190 millisecs, iter cost : 14 mseconds

continuous_node_mapping.size() b5 : 570661, reverse_continuous_node_mapping size = 570661

[ER Model] Building connections using Erdos-Renyi

[ER Model] Processing 5651 new nodes for year 1997 (graph size: 565010)

ALLOCATE DEVICE MEMORY
 Allocate RNG states.
 Estimate capacity based on ER model.
create_thread_vectors_bulk<int2>(num_new_nodes, per_thread_capacities.
Instead of batch - process all new nodes in parallel.
COLLECT RESULTS
[ER Model] Generated 319772 edges

Year 1997: 5651 new nodes, 319772 new edges

Elapsed time: 78-781 : total : 4.713 secs, this iter cost : 0.357 seconds

Elapsed time: 78-79 : total : 7.057 secs, this iter cost : 0.541 seconds

updateNodeInDegreeOutDegree(year=1997): updated 5651 out-degrees, 249829 in-degrees
Elapsed time: 79-81 : total : 2.274 secs, this iter cost : 0 seconds

Elapsed time: 79-80 : total : 1.859 secs, this iter cost : 0 seconds

Elapsed time: 80-81 : total : 0.404 secs, this iter cost : 0 seconds

Elapsed time: 70-81 : total : 19.114 secs, this iter cost : 1 seconds

 Entering loop for year = 1998
Elapsed time: 70-71: total : 4.653 secs, iter cost : 0 seconds

Elapsed time: 71-72: total : 5.231 secs, iter cost : 0 seconds

Elapsed time: 72-73: total : 303 millisecs, iter cost : 19 mseconds

num_new_nodes = 5707, current_graph_size = 570661, growth rate = 0.010000 
Elapsed time: 73-74: total : 4 millisecs, iter cost : 0 mseconds

Elapsed time: 74-75: total : 60 millisecs, iter cost : 3 mseconds

all new nodes initialized with years and mapped. FillSameYearSourceNodes with new_nodes_vec.size() = 5707
checking same_year_source_nodes size.
Elapsed time: 75-76: total : 0 millisecs, iter cost : 0 mseconds

new_nodes_vec.size() b4 : 5707

updated  updateGraphAttributesGeneratorNode .... 
Elapsed time: 76-77: total : 204 millisecs, iter cost : 14 mseconds

continuous_node_mapping.size() b5 : 576368, reverse_continuous_node_mapping size = 576368

[ER Model] Building connections using Erdos-Renyi

[ER Model] Processing 5707 new nodes for year 1998 (graph size: 570661)

ALLOCATE DEVICE MEMORY
 Allocate RNG states.
 Estimate capacity based on ER model.
create_thread_vectors_bulk<int2>(num_new_nodes, per_thread_capacities.
Instead of batch - process all new nodes in parallel.
COLLECT RESULTS
[ER Model] Generated 325878 edges

Year 1998: 5707 new nodes, 325878 new edges

Elapsed time: 78-781 : total : 5.025 secs, this iter cost : 0.312 seconds

Elapsed time: 78-79 : total : 7.566 secs, this iter cost : 0.509 seconds

updateNodeInDegreeOutDegree(year=1998): updated 5707 out-degrees, 254088 in-degrees
Elapsed time: 79-81 : total : 2.422 secs, this iter cost : 0 seconds

Elapsed time: 79-80 : total : 1.979 secs, this iter cost : 0 seconds

Elapsed time: 80-81 : total : 0.432 secs, this iter cost : 0 seconds

Elapsed time: 70-81 : total : 20.494 secs, this iter cost : 1 seconds

 Entering loop for year = 1999
Elapsed time: 70-71: total : 4.998 secs, iter cost : 0 seconds

Elapsed time: 71-72: total : 5.585 secs, iter cost : 0 seconds

Elapsed time: 72-73: total : 321 millisecs, iter cost : 18 mseconds

num_new_nodes = 5764, current_graph_size = 576368, growth rate = 0.010000 
Elapsed time: 73-74: total : 4 millisecs, iter cost : 0 mseconds

Elapsed time: 74-75: total : 63 millisecs, iter cost : 3 mseconds

all new nodes initialized with years and mapped. FillSameYearSourceNodes with new_nodes_vec.size() = 5764
checking same_year_source_nodes size.
Elapsed time: 75-76: total : 0 millisecs, iter cost : 0 mseconds

new_nodes_vec.size() b4 : 5764

updated  updateGraphAttributesGeneratorNode .... 
Elapsed time: 76-77: total : 218 millisecs, iter cost : 14 mseconds

continuous_node_mapping.size() b5 : 582132, reverse_continuous_node_mapping size = 582132

[ER Model] Building connections using Erdos-Renyi

[ER Model] Processing 5764 new nodes for year 1999 (graph size: 576368)

ALLOCATE DEVICE MEMORY
 Allocate RNG states.
 Estimate capacity based on ER model.
create_thread_vectors_bulk<int2>(num_new_nodes, per_thread_capacities.
Instead of batch - process all new nodes in parallel.
COLLECT RESULTS
[ER Model] Generated 331851 edges

Year 1999: 5764 new nodes, 331851 new edges

Elapsed time: 78-781 : total : 5.333 secs, this iter cost : 0.308 seconds

Elapsed time: 78-79 : total : 8.072 secs, this iter cost : 0.506 seconds

updateNodeInDegreeOutDegree(year=1999): updated 5764 out-degrees, 258081 in-degrees
Elapsed time: 79-81 : total : 2.571 secs, this iter cost : 0 seconds

Elapsed time: 79-80 : total : 2.099 secs, this iter cost : 0 seconds

Elapsed time: 80-81 : total : 0.46 secs, this iter cost : 0 seconds

Elapsed time: 70-81 : total : 21.887 secs, this iter cost : 1 seconds

 Entering loop for year = 2000
Elapsed time: 70-71: total : 5.289 secs, iter cost : 0 seconds

Elapsed time: 71-72: total : 5.972 secs, iter cost : 0 seconds

Elapsed time: 72-73: total : 340 millisecs, iter cost : 19 mseconds

num_new_nodes = 5822, current_graph_size = 582132, growth rate = 0.010000 
Elapsed time: 73-74: total : 4 millisecs, iter cost : 0 mseconds

Elapsed time: 74-75: total : 66 millisecs, iter cost : 3 mseconds

all new nodes initialized with years and mapped. FillSameYearSourceNodes with new_nodes_vec.size() = 5822
checking same_year_source_nodes size.
Elapsed time: 75-76: total : 0 millisecs, iter cost : 0 mseconds

new_nodes_vec.size() b4 : 5822

updated  updateGraphAttributesGeneratorNode .... 
Elapsed time: 76-77: total : 232 millisecs, iter cost : 14 mseconds

continuous_node_mapping.size() b5 : 587954, reverse_continuous_node_mapping size = 587954

[ER Model] Building connections using Erdos-Renyi

[ER Model] Processing 5822 new nodes for year 2000 (graph size: 582132)

ALLOCATE DEVICE MEMORY
 Allocate RNG states.
 Estimate capacity based on ER model.
create_thread_vectors_bulk<int2>(num_new_nodes, per_thread_capacities.
Instead of batch - process all new nodes in parallel.
COLLECT RESULTS
[ER Model] Generated 339537 edges

Year 2000: 5822 new nodes, 339537 new edges

Elapsed time: 78-781 : total : 5.646 secs, this iter cost : 0.313 seconds

Elapsed time: 78-79 : total : 8.574 secs, this iter cost : 0.502 seconds

updateNodeInDegreeOutDegree(year=2000): updated 5822 out-degrees, 262696 in-degrees
Elapsed time: 79-81 : total : 2.73 secs, this iter cost : 0 seconds

Elapsed time: 79-80 : total : 2.229 secs, this iter cost : 0 seconds

Elapsed time: 80-81 : total : 0.488 secs, this iter cost : 0 seconds

Elapsed time: 70-81 : total : 23.264 secs, this iter cost : 1 seconds

 Entering loop for year = 2001
Elapsed time: 70-71: total : 5.591 secs, iter cost : 0 seconds

Elapsed time: 71-72: total : 6.334 secs, iter cost : 0 seconds

Elapsed time: 72-73: total : 354 millisecs, iter cost : 14 mseconds

num_new_nodes = 5880, current_graph_size = 587954, growth rate = 0.010000 
Elapsed time: 73-74: total : 4 millisecs, iter cost : 0 mseconds

Elapsed time: 74-75: total : 70 millisecs, iter cost : 4 mseconds

all new nodes initialized with years and mapped. FillSameYearSourceNodes with new_nodes_vec.size() = 5880
checking same_year_source_nodes size.
Elapsed time: 75-76: total : 0 millisecs, iter cost : 0 mseconds

new_nodes_vec.size() b4 : 5880

updated  updateGraphAttributesGeneratorNode .... 
Elapsed time: 76-77: total : 246 millisecs, iter cost : 14 mseconds

continuous_node_mapping.size() b5 : 593834, reverse_continuous_node_mapping size = 593834

[ER Model] Building connections using Erdos-Renyi

[ER Model] Processing 5880 new nodes for year 2001 (graph size: 587954)

ALLOCATE DEVICE MEMORY
 Allocate RNG states.
 Estimate capacity based on ER model.
create_thread_vectors_bulk<int2>(num_new_nodes, per_thread_capacities.
Instead of batch - process all new nodes in parallel.
COLLECT RESULTS
[ER Model] Generated 345665 edges

Year 2001: 5880 new nodes, 345665 new edges

Elapsed time: 78-781 : total : 5.964 secs, this iter cost : 0.318 seconds

Elapsed time: 78-79 : total : 9.077 secs, this iter cost : 0.503 seconds

updateNodeInDegreeOutDegree(year=2001): updated 5880 out-degrees, 267294 in-degrees
Elapsed time: 79-81 : total : 2.88 secs, this iter cost : 0 seconds

Elapsed time: 79-80 : total : 2.35 secs, this iter cost : 0 seconds

Elapsed time: 80-81 : total : 0.516 secs, this iter cost : 0 seconds

Elapsed time: 70-81 : total : 24.615 secs, this iter cost : 1 seconds

 Entering loop for year = 2002
Elapsed time: 70-71: total : 5.895 secs, iter cost : 0 seconds

Elapsed time: 71-72: total : 6.686 secs, iter cost : 0 seconds

Elapsed time: 72-73: total : 372 millisecs, iter cost : 18 mseconds

num_new_nodes = 5939, current_graph_size = 593834, growth rate = 0.010000 
Elapsed time: 73-74: total : 4 millisecs, iter cost : 0 mseconds

Elapsed time: 74-75: total : 74 millisecs, iter cost : 4 mseconds

all new nodes initialized with years and mapped. FillSameYearSourceNodes with new_nodes_vec.size() = 5939
checking same_year_source_nodes size.
Elapsed time: 75-76: total : 0 millisecs, iter cost : 0 mseconds

new_nodes_vec.size() b4 : 5939

updated  updateGraphAttributesGeneratorNode .... 
Elapsed time: 76-77: total : 260 millisecs, iter cost : 14 mseconds

continuous_node_mapping.size() b5 : 599773, reverse_continuous_node_mapping size = 599773

[ER Model] Building connections using Erdos-Renyi

[ER Model] Processing 5939 new nodes for year 2002 (graph size: 593834)

ALLOCATE DEVICE MEMORY
 Allocate RNG states.
 Estimate capacity based on ER model.
create_thread_vectors_bulk<int2>(num_new_nodes, per_thread_capacities.
Instead of batch - process all new nodes in parallel.
COLLECT RESULTS
[ER Model] Generated 352351 edges

Year 2002: 5939 new nodes, 352351 new edges

Elapsed time: 78-781 : total : 6.276 secs, this iter cost : 0.312 seconds

Elapsed time: 78-79 : total : 9.534 secs, this iter cost : 0.457 seconds

updateNodeInDegreeOutDegree(year=2002): updated 5939 out-degrees, 271784 in-degrees
Elapsed time: 79-81 : total : 3.03 secs, this iter cost : 0 seconds

Elapsed time: 79-80 : total : 2.471 secs, this iter cost : 0 seconds

Elapsed time: 80-81 : total : 0.545 secs, this iter cost : 0 seconds

Elapsed time: 70-81 : total : 25.918 secs, this iter cost : 1 seconds

 Entering loop for year = 2003
Elapsed time: 70-71: total : 6.197 secs, iter cost : 0 seconds

Elapsed time: 71-72: total : 7.087 secs, iter cost : 0 seconds

Elapsed time: 72-73: total : 392 millisecs, iter cost : 20 mseconds

num_new_nodes = 5998, current_graph_size = 599773, growth rate = 0.010000 
Elapsed time: 73-74: total : 4 millisecs, iter cost : 0 mseconds

Elapsed time: 74-75: total : 78 millisecs, iter cost : 4 mseconds

all new nodes initialized with years and mapped. FillSameYearSourceNodes with new_nodes_vec.size() = 5998
checking same_year_source_nodes size.
Elapsed time: 75-76: total : 0 millisecs, iter cost : 0 mseconds

new_nodes_vec.size() b4 : 5998

updated  updateGraphAttributesGeneratorNode .... 
Elapsed time: 76-77: total : 274 millisecs, iter cost : 14 mseconds

continuous_node_mapping.size() b5 : 605771, reverse_continuous_node_mapping size = 605771

[ER Model] Building connections using Erdos-Renyi

[ER Model] Processing 5998 new nodes for year 2003 (graph size: 599773)

ALLOCATE DEVICE MEMORY
 Allocate RNG states.
 Estimate capacity based on ER model.
create_thread_vectors_bulk<int2>(num_new_nodes, per_thread_capacities.
Instead of batch - process all new nodes in parallel.
COLLECT RESULTS
[ER Model] Generated 359534 edges

Year 2003: 5998 new nodes, 359534 new edges

Elapsed time: 78-781 : total : 6.617 secs, this iter cost : 0.341 seconds

Elapsed time: 78-79 : total : 10.116 secs, this iter cost : 0.582 seconds

updateNodeInDegreeOutDegree(year=2003): updated 5998 out-degrees, 276306 in-degrees
Elapsed time: 79-81 : total : 3.195 secs, this iter cost : 0 seconds

Elapsed time: 79-80 : total : 2.606 secs, this iter cost : 0 seconds

Elapsed time: 80-81 : total : 0.574 secs, this iter cost : 0 seconds

Elapsed time: 70-81 : total : 27.41 secs, this iter cost : 1 seconds

 Entering loop for year = 2004
Elapsed time: 70-71: total : 6.545 secs, iter cost : 0 seconds

Elapsed time: 71-72: total : 7.468 secs, iter cost : 0 seconds

Elapsed time: 72-73: total : 417 millisecs, iter cost : 25 mseconds

num_new_nodes = 6058, current_graph_size = 605771, growth rate = 0.010000 
Elapsed time: 73-74: total : 4 millisecs, iter cost : 0 mseconds

Elapsed time: 74-75: total : 85 millisecs, iter cost : 7 mseconds

all new nodes initialized with years and mapped. FillSameYearSourceNodes with new_nodes_vec.size() = 6058
checking same_year_source_nodes size.
Elapsed time: 75-76: total : 0 millisecs, iter cost : 0 mseconds

new_nodes_vec.size() b4 : 6058

updated  updateGraphAttributesGeneratorNode .... 
Elapsed time: 76-77: total : 291 millisecs, iter cost : 17 mseconds

continuous_node_mapping.size() b5 : 611829, reverse_continuous_node_mapping size = 611829

[ER Model] Building connections using Erdos-Renyi

[ER Model] Processing 6058 new nodes for year 2004 (graph size: 605771)

ALLOCATE DEVICE MEMORY
 Allocate RNG states.
 Estimate capacity based on ER model.
create_thread_vectors_bulk<int2>(num_new_nodes, per_thread_capacities.
Instead of batch - process all new nodes in parallel.
COLLECT RESULTS
[ER Model] Generated 366235 edges

Year 2004: 6058 new nodes, 366235 new edges

Elapsed time: 78-781 : total : 6.956 secs, this iter cost : 0.339 seconds

Elapsed time: 78-79 : total : 10.704 secs, this iter cost : 0.588 seconds

updateNodeInDegreeOutDegree(year=2004): updated 6058 out-degrees, 281054 in-degrees
Elapsed time: 79-81 : total : 3.377 secs, this iter cost : 0 seconds

Elapsed time: 79-80 : total : 2.758 secs, this iter cost : 0 seconds

Elapsed time: 80-81 : total : 0.604 secs, this iter cost : 0 seconds

Elapsed time: 70-81 : total : 28.961 secs, this iter cost : 1 seconds

 Entering loop for year = 2005
Elapsed time: 70-71: total : 6.869 secs, iter cost : 0 seconds

Elapsed time: 71-72: total : 7.849 secs, iter cost : 0 seconds

Elapsed time: 72-73: total : 428 millisecs, iter cost : 11 mseconds

num_new_nodes = 6119, current_graph_size = 611829, growth rate = 0.010000 
Elapsed time: 73-74: total : 4 millisecs, iter cost : 0 mseconds

Elapsed time: 74-75: total : 89 millisecs, iter cost : 4 mseconds

all new nodes initialized with years and mapped. FillSameYearSourceNodes with new_nodes_vec.size() = 6119
checking same_year_source_nodes size.
Elapsed time: 75-76: total : 0 millisecs, iter cost : 0 mseconds

new_nodes_vec.size() b4 : 6119

updated  updateGraphAttributesGeneratorNode .... 
Elapsed time: 76-77: total : 306 millisecs, iter cost : 15 mseconds

continuous_node_mapping.size() b5 : 617948, reverse_continuous_node_mapping size = 617948

[ER Model] Building connections using Erdos-Renyi

[ER Model] Processing 6119 new nodes for year 2005 (graph size: 611829)

ALLOCATE DEVICE MEMORY
 Allocate RNG states.
 Estimate capacity based on ER model.
create_thread_vectors_bulk<int2>(num_new_nodes, per_thread_capacities.
Instead of batch - process all new nodes in parallel.
COLLECT RESULTS
[ER Model] Generated 374177 edges

Year 2005: 6119 new nodes, 374177 new edges

Elapsed time: 78-781 : total : 7.305 secs, this iter cost : 0.349 seconds

Elapsed time: 78-79 : total : 11.338 secs, this iter cost : 0.634 seconds

updateNodeInDegreeOutDegree(year=2005): updated 6119 out-degrees, 285665 in-degrees
Elapsed time: 79-81 : total : 3.568 secs, this iter cost : 0 seconds

Elapsed time: 79-80 : total : 2.919 secs, this iter cost : 0 seconds

Elapsed time: 80-81 : total : 0.634 secs, this iter cost : 0 seconds

Elapsed time: 70-81 : total : 30.524 secs, this iter cost : 1 seconds

 Entering loop for year = 2006
Elapsed time: 70-71: total : 7.189 secs, iter cost : 0 seconds

Elapsed time: 71-72: total : 8.253 secs, iter cost : 0 seconds

Elapsed time: 72-73: total : 456 millisecs, iter cost : 28 mseconds

num_new_nodes = 6180, current_graph_size = 617948, growth rate = 0.010000 
Elapsed time: 73-74: total : 4 millisecs, iter cost : 0 mseconds

Elapsed time: 74-75: total : 92 millisecs, iter cost : 3 mseconds

all new nodes initialized with years and mapped. FillSameYearSourceNodes with new_nodes_vec.size() = 6180
checking same_year_source_nodes size.
Elapsed time: 75-76: total : 0 millisecs, iter cost : 0 mseconds

new_nodes_vec.size() b4 : 6180

updated  updateGraphAttributesGeneratorNode .... 
Elapsed time: 76-77: total : 321 millisecs, iter cost : 15 mseconds

continuous_node_mapping.size() b5 : 624128, reverse_continuous_node_mapping size = 624128

[ER Model] Building connections using Erdos-Renyi

[ER Model] Processing 6180 new nodes for year 2006 (graph size: 617948)

ALLOCATE DEVICE MEMORY
 Allocate RNG states.
 Estimate capacity based on ER model.
create_thread_vectors_bulk<int2>(num_new_nodes, per_thread_capacities.
Instead of batch - process all new nodes in parallel.
COLLECT RESULTS
[ER Model] Generated 382456 edges

Year 2006: 6180 new nodes, 382456 new edges

Elapsed time: 78-781 : total : 7.64 secs, this iter cost : 0.335 seconds

Elapsed time: 78-79 : total : 11.95 secs, this iter cost : 0.612 seconds

updateNodeInDegreeOutDegree(year=2006): updated 6180 out-degrees, 291642 in-degrees
Elapsed time: 79-81 : total : 3.748 secs, this iter cost : 0 seconds

Elapsed time: 79-80 : total : 3.068 secs, this iter cost : 0 seconds

Elapsed time: 80-81 : total : 0.664 secs, this iter cost : 0 seconds

Elapsed time: 70-81 : total : 32.088 secs, this iter cost : 1 seconds

 Entering loop for year = 2007
Elapsed time: 70-71: total : 7.505 secs, iter cost : 0 seconds

Elapsed time: 71-72: total : 8.653 secs, iter cost : 0 seconds

Elapsed time: 72-73: total : 472 millisecs, iter cost : 16 mseconds

num_new_nodes = 6242, current_graph_size = 624128, growth rate = 0.010000 
Elapsed time: 73-74: total : 4 millisecs, iter cost : 0 mseconds

Elapsed time: 74-75: total : 95 millisecs, iter cost : 3 mseconds

all new nodes initialized with years and mapped. FillSameYearSourceNodes with new_nodes_vec.size() = 6242
checking same_year_source_nodes size.
Elapsed time: 75-76: total : 0 millisecs, iter cost : 0 mseconds

new_nodes_vec.size() b4 : 6242

updated  updateGraphAttributesGeneratorNode .... 
Elapsed time: 76-77: total : 336 millisecs, iter cost : 15 mseconds

continuous_node_mapping.size() b5 : 630370, reverse_continuous_node_mapping size = 630370

[ER Model] Building connections using Erdos-Renyi

[ER Model] Processing 6242 new nodes for year 2007 (graph size: 624128)

ALLOCATE DEVICE MEMORY
 Allocate RNG states.
 Estimate capacity based on ER model.
create_thread_vectors_bulk<int2>(num_new_nodes, per_thread_capacities.
Instead of batch - process all new nodes in parallel.
COLLECT RESULTS
[ER Model] Generated 388821 edges

Year 2007: 6242 new nodes, 388821 new edges

Elapsed time: 78-781 : total : 7.985 secs, this iter cost : 0.345 seconds

Elapsed time: 78-79 : total : 12.576 secs, this iter cost : 0.626 seconds

updateNodeInDegreeOutDegree(year=2007): updated 6242 out-degrees, 295162 in-degrees
Elapsed time: 79-81 : total : 3.921 secs, this iter cost : 0 seconds

Elapsed time: 79-80 : total : 3.211 secs, this iter cost : 0 seconds

Elapsed time: 80-81 : total : 0.694 secs, this iter cost : 0 seconds

Elapsed time: 70-81 : total : 33.64 secs, this iter cost : 1 seconds

 Entering loop for year = 2008
Elapsed time: 70-71: total : 7.846 secs, iter cost : 0 seconds

Elapsed time: 71-72: total : 9.04 secs, iter cost : 0 seconds

Elapsed time: 72-73: total : 491 millisecs, iter cost : 19 mseconds

num_new_nodes = 6304, current_graph_size = 630370, growth rate = 0.010000 
Elapsed time: 73-74: total : 4 millisecs, iter cost : 0 mseconds

Elapsed time: 74-75: total : 98 millisecs, iter cost : 3 mseconds

all new nodes initialized with years and mapped. FillSameYearSourceNodes with new_nodes_vec.size() = 6304
checking same_year_source_nodes size.
Elapsed time: 75-76: total : 0 millisecs, iter cost : 0 mseconds

new_nodes_vec.size() b4 : 6304

updated  updateGraphAttributesGeneratorNode .... 
Elapsed time: 76-77: total : 354 millisecs, iter cost : 18 mseconds

continuous_node_mapping.size() b5 : 636674, reverse_continuous_node_mapping size = 636674

[ER Model] Building connections using Erdos-Renyi

[ER Model] Processing 6304 new nodes for year 2008 (graph size: 630370)

ALLOCATE DEVICE MEMORY
 Allocate RNG states.
 Estimate capacity based on ER model.
create_thread_vectors_bulk<int2>(num_new_nodes, per_thread_capacities.
Instead of batch - process all new nodes in parallel.
COLLECT RESULTS
[ER Model] Generated 398740 edges

Year 2008: 6304 new nodes, 398740 new edges

Elapsed time: 78-781 : total : 8.329 secs, this iter cost : 0.344 seconds

Elapsed time: 78-79 : total : 13.196 secs, this iter cost : 0.62 seconds

updateNodeInDegreeOutDegree(year=2008): updated 6304 out-degrees, 301917 in-degrees
Elapsed time: 79-81 : total : 4.112 secs, this iter cost : 0 seconds

Elapsed time: 79-80 : total : 3.372 secs, this iter cost : 0 seconds

Elapsed time: 80-81 : total : 0.724 secs, this iter cost : 0 seconds

Elapsed time: 70-81 : total : 35.222 secs, this iter cost : 1 seconds

 Entering loop for year = 2009
Elapsed time: 70-71: total : 8.202 secs, iter cost : 0 seconds

Elapsed time: 71-72: total : 9.417 secs, iter cost : 0 seconds

Elapsed time: 72-73: total : 506 millisecs, iter cost : 15 mseconds

num_new_nodes = 6367, current_graph_size = 636674, growth rate = 0.010000 
Elapsed time: 73-74: total : 4 millisecs, iter cost : 0 mseconds

Elapsed time: 74-75: total : 106 millisecs, iter cost : 8 mseconds

all new nodes initialized with years and mapped. FillSameYearSourceNodes with new_nodes_vec.size() = 6367
checking same_year_source_nodes size.
Elapsed time: 75-76: total : 0 millisecs, iter cost : 0 mseconds

new_nodes_vec.size() b4 : 6367

updated  updateGraphAttributesGeneratorNode .... 
Elapsed time: 76-77: total : 369 millisecs, iter cost : 15 mseconds

continuous_node_mapping.size() b5 : 643041, reverse_continuous_node_mapping size = 643041

[ER Model] Building connections using Erdos-Renyi

[ER Model] Processing 6367 new nodes for year 2009 (graph size: 636674)

ALLOCATE DEVICE MEMORY
 Allocate RNG states.
 Estimate capacity based on ER model.
create_thread_vectors_bulk<int2>(num_new_nodes, per_thread_capacities.
Instead of batch - process all new nodes in parallel.
COLLECT RESULTS
[ER Model] Generated 405910 edges

Year 2009: 6367 new nodes, 405910 new edges

Elapsed time: 78-781 : total : 8.677 secs, this iter cost : 0.348 seconds

Elapsed time: 78-79 : total : 13.858 secs, this iter cost : 0.662 seconds

updateNodeInDegreeOutDegree(year=2009): updated 6367 out-degrees, 306422 in-degrees
Elapsed time: 79-81 : total : 4.304 secs, this iter cost : 0 seconds

Elapsed time: 79-80 : total : 3.533 secs, this iter cost : 0 seconds

Elapsed time: 80-81 : total : 0.755 secs, this iter cost : 0 seconds

Elapsed time: 70-81 : total : 36.849 secs, this iter cost : 1 seconds

 Entering loop for year = 2010
Elapsed time: 70-71: total : 8.554 secs, iter cost : 0 seconds

Elapsed time: 71-72: total : 9.785 secs, iter cost : 0 seconds

Elapsed time: 72-73: total : 525 millisecs, iter cost : 19 mseconds

num_new_nodes = 6431, current_graph_size = 643041, growth rate = 0.010000 
Elapsed time: 73-74: total : 4 millisecs, iter cost : 0 mseconds

Elapsed time: 74-75: total : 110 millisecs, iter cost : 4 mseconds

all new nodes initialized with years and mapped. FillSameYearSourceNodes with new_nodes_vec.size() = 6431
checking same_year_source_nodes size.
Elapsed time: 75-76: total : 0 millisecs, iter cost : 0 mseconds

new_nodes_vec.size() b4 : 6431

updated  updateGraphAttributesGeneratorNode .... 
Elapsed time: 76-77: total : 384 millisecs, iter cost : 15 mseconds

continuous_node_mapping.size() b5 : 649472, reverse_continuous_node_mapping size = 649472

[ER Model] Building connections using Erdos-Renyi

[ER Model] Processing 6431 new nodes for year 2010 (graph size: 643041)

ALLOCATE DEVICE MEMORY
 Allocate RNG states.
 Estimate capacity based on ER model.
create_thread_vectors_bulk<int2>(num_new_nodes, per_thread_capacities.
Instead of batch - process all new nodes in parallel.
COLLECT RESULTS
[ER Model] Generated 414100 edges

Year 2010: 6431 new nodes, 414100 new edges

Elapsed time: 78-781 : total : 9.022 secs, this iter cost : 0.345 seconds

Elapsed time: 78-79 : total : 14.526 secs, this iter cost : 0.668 seconds

updateNodeInDegreeOutDegree(year=2010): updated 6431 out-degrees, 311833 in-degrees
Elapsed time: 79-81 : total : 4.496 secs, this iter cost : 0 seconds

Elapsed time: 79-80 : total : 3.694 secs, this iter cost : 0 seconds

Elapsed time: 80-81 : total : 0.786 secs, this iter cost : 0 seconds

Elapsed time: 70-81 : total : 38.469 secs, this iter cost : 1 seconds

 Entering loop for year = 2011
Elapsed time: 70-71: total : 8.876 secs, iter cost : 0 seconds

Elapsed time: 71-72: total : 10.149 secs, iter cost : 0 seconds

Elapsed time: 72-73: total : 539 millisecs, iter cost : 14 mseconds

num_new_nodes = 6495, current_graph_size = 649472, growth rate = 0.010000 
Elapsed time: 73-74: total : 4 millisecs, iter cost : 0 mseconds

Elapsed time: 74-75: total : 113 millisecs, iter cost : 3 mseconds

all new nodes initialized with years and mapped. FillSameYearSourceNodes with new_nodes_vec.size() = 6495
checking same_year_source_nodes size.
Elapsed time: 75-76: total : 0 millisecs, iter cost : 0 mseconds

new_nodes_vec.size() b4 : 6495

updated  updateGraphAttributesGeneratorNode .... 
Elapsed time: 76-77: total : 400 millisecs, iter cost : 16 mseconds

continuous_node_mapping.size() b5 : 655967, reverse_continuous_node_mapping size = 655967

[ER Model] Building connections using Erdos-Renyi

[ER Model] Processing 6495 new nodes for year 2011 (graph size: 649472)

ALLOCATE DEVICE MEMORY
 Allocate RNG states.
 Estimate capacity based on ER model.
create_thread_vectors_bulk<int2>(num_new_nodes, per_thread_capacities.
Instead of batch - process all new nodes in parallel.
COLLECT RESULTS
[ER Model] Generated 423274 edges

Year 2011: 6495 new nodes, 423274 new edges

Elapsed time: 78-781 : total : 9.369 secs, this iter cost : 0.347 seconds

Elapsed time: 78-79 : total : 15.064 secs, this iter cost : 0.538 seconds

updateNodeInDegreeOutDegree(year=2011): updated 6495 out-degrees, 317383 in-degrees
Elapsed time: 79-81 : total : 4.662 secs, this iter cost : 0 seconds

Elapsed time: 79-80 : total : 3.828 secs, this iter cost : 0 seconds

Elapsed time: 80-81 : total : 0.818 secs, this iter cost : 0 seconds

Elapsed time: 70-81 : total : 39.896 secs, this iter cost : 1 seconds

 Entering loop for year = 2012
Elapsed time: 70-71: total : 9.204 secs, iter cost : 0 seconds

Elapsed time: 71-72: total : 10.518 secs, iter cost : 0 seconds

Elapsed time: 72-73: total : 557 millisecs, iter cost : 18 mseconds

num_new_nodes = 6560, current_graph_size = 655967, growth rate = 0.010000 
Elapsed time: 73-74: total : 4 millisecs, iter cost : 0 mseconds

Elapsed time: 74-75: total : 119 millisecs, iter cost : 6 mseconds

all new nodes initialized with years and mapped. FillSameYearSourceNodes with new_nodes_vec.size() = 6560
checking same_year_source_nodes size.
Elapsed time: 75-76: total : 0 millisecs, iter cost : 0 mseconds

new_nodes_vec.size() b4 : 6560

updated  updateGraphAttributesGeneratorNode .... 
Elapsed time: 76-77: total : 416 millisecs, iter cost : 16 mseconds

continuous_node_mapping.size() b5 : 662527, reverse_continuous_node_mapping size = 662527

[ER Model] Building connections using Erdos-Renyi

[ER Model] Processing 6560 new nodes for year 2012 (graph size: 655967)

ALLOCATE DEVICE MEMORY
 Allocate RNG states.
 Estimate capacity based on ER model.
create_thread_vectors_bulk<int2>(num_new_nodes, per_thread_capacities.
Instead of batch - process all new nodes in parallel.
COLLECT RESULTS
[ER Model] Generated 430641 edges

Year 2012: 6560 new nodes, 430641 new edges

Elapsed time: 78-781 : total : 9.724 secs, this iter cost : 0.355 seconds

Elapsed time: 78-79 : total : 15.741 secs, this iter cost : 0.677 seconds

updateNodeInDegreeOutDegree(year=2012): updated 6560 out-degrees, 322197 in-degrees
Elapsed time: 79-81 : total : 4.885 secs, this iter cost : 0 seconds

Elapsed time: 79-80 : total : 4.015 secs, this iter cost : 0 seconds

Elapsed time: 80-81 : total : 0.853 secs, this iter cost : 0 seconds

Elapsed time: 70-81 : total : 41.536 secs, this iter cost : 1 seconds

Elapsed time: 7-8 :  41 seconds

compute done:: graph size = 662527
Elapsed time: 8-8.1 :  0 seconds

Writing Graph to file: ./output/30y/gpu-opt-static-output-30y-1p.edgelist

Elapsed time: 8.1-9 :  0 seconds

Elapsed time: 9-10 :  0 seconds

 graph size = 662527
WriteAttributes: graph size = 662527

Elapsed time: 0-1 : 3 seconds

Elapsed time: 1-4 : 0 seconds

Elapsed time: 4-7 : 0 seconds

Elapsed time: 70-71: total : 9.204 seconds.

Elapsed time: 71-72: total : 10.518 seconds.

Elapsed time: 72-73: total : 0.557 seconds.

Elapsed time: 73-74: total : 0.004 seconds.

Elapsed time: 74-75: total : 0.119 seconds.

Elapsed time: 75-76: total : 0 seconds.

Elapsed time: 76-77: total : 0.416 seconds.

Elapsed time: 77-79: total : 15.741 seconds.

Elapsed time: 79-81 : total : 4.885 seconds.

Elapsed time: 79-80 : total : 4.015 seconds.

Elapsed time: 80-81 : total : 0.853 seconds.

Elapsed time: 70-81 : total : 41.536 seconds.

Elapsed time: 7-8 : 41 seconds

Elapsed time: 8-8.1 :  0 seconds

Elapsed time: 8.1-9 :  0 seconds

Elapsed time: 9-10 : 0 seconds

Elapsed time: 11-12 : 1 seconds

Elapsed time: 10-12 : 1 seconds

Elapsed time: 0-7 : 3 seconds

Elapsed time: 7-8 : 41 seconds

Elapsed time: 8-12 : 2 seconds

E2E Time for num_cycles = 30 with growth_rate = 1 % = 50 seconds.
GPU 0: General Metrics for NVIDIA GH100 (any frequency)
Generating '/tmp/nsys-report-c106.qdstrm'
[1/8] [0%                          ] nsys-er-gnp-30y-1p.nsys-rep[1/8] [0%                          ] nsys-er-gnp-30y-1p.nsys-rep[1/8] [9%                          ] nsys-er-gnp-30y-1p.nsys-rep[1/8] [8%                          ] nsys-er-gnp-30y-1p.nsys-rep[1/8] [7%                          ] nsys-er-gnp-30y-1p.nsys-rep[1/8] [8%                          ] nsys-er-gnp-30y-1p.nsys-rep[1/8] [7%                          ] nsys-er-gnp-30y-1p.nsys-rep[1/8] [6%                          ] nsys-er-gnp-30y-1p.nsys-rep[1/8] [5%                          ] nsys-er-gnp-30y-1p.nsys-rep[1/8] [9%                          ] nsys-er-gnp-30y-1p.nsys-rep[1/8] [8%                          ] nsys-er-gnp-30y-1p.nsys-rep[1/8] [9%                          ] nsys-er-gnp-30y-1p.nsys-rep[1/8] [8%                          ] nsys-er-gnp-30y-1p.nsys-rep[1/8] [9%                          ] nsys-er-gnp-30y-1p.nsys-rep[1/8] [8%                          ] nsys-er-gnp-30y-1p.nsys-rep[1/8] [9%                          ] nsys-er-gnp-30y-1p.nsys-rep[1/8] [8%                          ] nsys-er-gnp-30y-1p.nsys-rep[1/8] [9%                          ] nsys-er-gnp-30y-1p.nsys-rep[1/8] [8%                          ] nsys-er-gnp-30y-1p.nsys-rep[1/8] [9%                          ] nsys-er-gnp-30y-1p.nsys-rep[1/8] [8%                          ] nsys-er-gnp-30y-1p.nsys-rep[1/8] [9%                          ] nsys-er-gnp-30y-1p.nsys-rep[1/8] [8%                          ] nsys-er-gnp-30y-1p.nsys-rep[1/8] [9%                          ] nsys-er-gnp-30y-1p.nsys-rep[1/8] [8%                          ] nsys-er-gnp-30y-1p.nsys-rep[1/8] [9%                          ] nsys-er-gnp-30y-1p.nsys-rep[1/8] [8%                          ] nsys-er-gnp-30y-1p.nsys-rep[1/8] [9%                          ] nsys-er-gnp-30y-1p.nsys-rep[1/8] [8%                          ] nsys-er-gnp-30y-1p.nsys-rep[1/8] [9%                          ] nsys-er-gnp-30y-1p.nsys-rep[1/8] [10%                         ] nsys-er-gnp-30y-1p.nsys-rep[1/8] [9%                          ] nsys-er-gnp-30y-1p.nsys-rep[1/8] [10%                         ] nsys-er-gnp-30y-1p.nsys-rep[1/8] [9%                          ] nsys-er-gnp-30y-1p.nsys-rep[1/8] [10%                         ] nsys-er-gnp-30y-1p.nsys-rep[1/8] [9%                          ] nsys-er-gnp-30y-1p.nsys-rep[1/8] [10%                         ] nsys-er-gnp-30y-1p.nsys-rep[1/8] [9%                          ] nsys-er-gnp-30y-1p.nsys-rep[1/8] [10%                         ] nsys-er-gnp-30y-1p.nsys-rep[1/8] [9%                          ] nsys-er-gnp-30y-1p.nsys-rep[1/8] [10%                         ] nsys-er-gnp-30y-1p.nsys-rep[1/8] [11%                         ] nsys-er-gnp-30y-1p.nsys-rep[1/8] [10%                         ] nsys-er-gnp-30y-1p.nsys-rep[1/8] [11%                         ] nsys-er-gnp-30y-1p.nsys-rep[1/8] [12%                         ] nsys-er-gnp-30y-1p.nsys-rep[1/8] [13%                         ] nsys-er-gnp-30y-1p.nsys-rep[1/8] [14%                         ] nsys-er-gnp-30y-1p.nsys-rep[1/8] [=15%                        ] nsys-er-gnp-30y-1p.nsys-rep[1/8] [=16%                        ] nsys-er-gnp-30y-1p.nsys-rep[1/8] [=17%                        ] nsys-er-gnp-30y-1p.nsys-rep[1/8] [==18%                       ] nsys-er-gnp-30y-1p.nsys-rep[1/8] [==19%                       ] nsys-er-gnp-30y-1p.nsys-rep[1/8] [==20%                       ] nsys-er-gnp-30y-1p.nsys-rep[1/8] [==21%                       ] nsys-er-gnp-30y-1p.nsys-rep[1/8] [===22%                      ] nsys-er-gnp-30y-1p.nsys-rep[1/8] [===23%                      ] nsys-er-gnp-30y-1p.nsys-rep[1/8] [===24%                      ] nsys-er-gnp-30y-1p.nsys-rep[1/8] [====25%                     ] nsys-er-gnp-30y-1p.nsys-rep[1/8] [====26%                     ] nsys-er-gnp-30y-1p.nsys-rep[1/8] [====27%                     ] nsys-er-gnp-30y-1p.nsys-rep[1/8] [====28%                     ] nsys-er-gnp-30y-1p.nsys-rep[1/8] [=====29%                    ] nsys-er-gnp-30y-1p.nsys-rep[1/8] [=====30%                    ] nsys-er-gnp-30y-1p.nsys-rep[1/8] [=====31%                    ] nsys-er-gnp-30y-1p.nsys-rep[1/8] [=====32%                    ] nsys-er-gnp-30y-1p.nsys-rep[1/8] [======33%                   ] nsys-er-gnp-30y-1p.nsys-rep[1/8] [======34%                   ] nsys-er-gnp-30y-1p.nsys-rep[1/8] [======35%                   ] nsys-er-gnp-30y-1p.nsys-rep[1/8] [=======36%                  ] nsys-er-gnp-30y-1p.nsys-rep[1/8] [=======37%                  ] nsys-er-gnp-30y-1p.nsys-rep[1/8] [=======38%                  ] nsys-er-gnp-30y-1p.nsys-rep[1/8] [=======39%                  ] nsys-er-gnp-30y-1p.nsys-rep[1/8] [========40%                 ] nsys-er-gnp-30y-1p.nsys-rep[1/8] [========41%                 ] nsys-er-gnp-30y-1p.nsys-rep[1/8] [========42%                 ] nsys-er-gnp-30y-1p.nsys-rep[1/8] [=========43%                ] nsys-er-gnp-30y-1p.nsys-rep[1/8] [=========44%                ] nsys-er-gnp-30y-1p.nsys-rep[1/8] [=========45%                ] nsys-er-gnp-30y-1p.nsys-rep[1/8] [=========46%                ] nsys-er-gnp-30y-1p.nsys-rep[1/8] [==========47%               ] nsys-er-gnp-30y-1p.nsys-rep[1/8] [==========48%               ] nsys-er-gnp-30y-1p.nsys-rep[1/8] [==========49%               ] nsys-er-gnp-30y-1p.nsys-rep[1/8] [===========50%              ] nsys-er-gnp-30y-1p.nsys-rep[1/8] [===========51%              ] nsys-er-gnp-30y-1p.nsys-rep[1/8] [===========52%              ] nsys-er-gnp-30y-1p.nsys-rep[1/8] [===========53%              ] nsys-er-gnp-30y-1p.nsys-rep[1/8] [============54%             ] nsys-er-gnp-30y-1p.nsys-rep[1/8] [============55%             ] nsys-er-gnp-30y-1p.nsys-rep[1/8] [============56%             ] nsys-er-gnp-30y-1p.nsys-rep[1/8] [============57%             ] nsys-er-gnp-30y-1p.nsys-rep[1/8] [=============58%            ] nsys-er-gnp-30y-1p.nsys-rep[1/8] [=============59%            ] nsys-er-gnp-30y-1p.nsys-rep[1/8] [=============60%            ] nsys-er-gnp-30y-1p.nsys-rep[1/8] [==============61%           ] nsys-er-gnp-30y-1p.nsys-rep[1/8] [==============62%           ] nsys-er-gnp-30y-1p.nsys-rep[1/8] [==============63%           ] nsys-er-gnp-30y-1p.nsys-rep[1/8] [==============64%           ] nsys-er-gnp-30y-1p.nsys-rep[1/8] [===============65%          ] nsys-er-gnp-30y-1p.nsys-rep[1/8] [===============66%          ] nsys-er-gnp-30y-1p.nsys-rep[1/8] [===============67%          ] nsys-er-gnp-30y-1p.nsys-rep[1/8] [================68%         ] nsys-er-gnp-30y-1p.nsys-rep[1/8] [================69%         ] nsys-er-gnp-30y-1p.nsys-rep[1/8] [================70%         ] nsys-er-gnp-30y-1p.nsys-rep[1/8] [================71%         ] nsys-er-gnp-30y-1p.nsys-rep[1/8] [=================72%        ] nsys-er-gnp-30y-1p.nsys-rep[1/8] [=================73%        ] nsys-er-gnp-30y-1p.nsys-rep[1/8] [=================74%        ] nsys-er-gnp-30y-1p.nsys-rep[1/8] [==================75%       ] nsys-er-gnp-30y-1p.nsys-rep[1/8] [==================76%       ] nsys-er-gnp-30y-1p.nsys-rep[1/8] [==================77%       ] nsys-er-gnp-30y-1p.nsys-rep[1/8] [==================78%       ] nsys-er-gnp-30y-1p.nsys-rep[1/8] [========================100%] nsys-er-gnp-30y-1p.nsys-rep[1/8] [========================100%] nsys-er-gnp-30y-1p.nsys-rep
[2/8] [0%                          ] nsys-er-gnp-30y-1p.sqlite[2/8] [1%                          ] nsys-er-gnp-30y-1p.sqlite[2/8] [2%                          ] nsys-er-gnp-30y-1p.sqlite[2/8] [3%                          ] nsys-er-gnp-30y-1p.sqlite[2/8] [4%                          ] nsys-er-gnp-30y-1p.sqlite[2/8] [5%                          ] nsys-er-gnp-30y-1p.sqlite[2/8] [6%                          ] nsys-er-gnp-30y-1p.sqlite[2/8] [7%                          ] nsys-er-gnp-30y-1p.sqlite[2/8] [8%                          ] nsys-er-gnp-30y-1p.sqlite[2/8] [9%                          ] nsys-er-gnp-30y-1p.sqlite[2/8] [10%                         ] nsys-er-gnp-30y-1p.sqlite[2/8] [11%                         ] nsys-er-gnp-30y-1p.sqlite[2/8] [12%                         ] nsys-er-gnp-30y-1p.sqlite[2/8] [13%                         ] nsys-er-gnp-30y-1p.sqlite[2/8] [14%                         ] nsys-er-gnp-30y-1p.sqlite[2/8] [=15%                        ] nsys-er-gnp-30y-1p.sqlite[2/8] [=16%                        ] nsys-er-gnp-30y-1p.sqlite[2/8] [=17%                        ] nsys-er-gnp-30y-1p.sqlite[2/8] [==18%                       ] nsys-er-gnp-30y-1p.sqlite[2/8] [==19%                       ] nsys-er-gnp-30y-1p.sqlite[2/8] [==20%                       ] nsys-er-gnp-30y-1p.sqlite[2/8] [==21%                       ] nsys-er-gnp-30y-1p.sqlite[2/8] [===22%                      ] nsys-er-gnp-30y-1p.sqlite[2/8] [===23%                      ] nsys-er-gnp-30y-1p.sqlite[2/8] [===24%                      ] nsys-er-gnp-30y-1p.sqlite[2/8] [====25%                     ] nsys-er-gnp-30y-1p.sqlite[2/8] [====26%                     ] nsys-er-gnp-30y-1p.sqlite[2/8] [====27%                     ] nsys-er-gnp-30y-1p.sqlite[2/8] [====28%                     ] nsys-er-gnp-30y-1p.sqlite[2/8] [=====29%                    ] nsys-er-gnp-30y-1p.sqlite[2/8] [=====30%                    ] nsys-er-gnp-30y-1p.sqlite[2/8] [=====31%                    ] nsys-er-gnp-30y-1p.sqlite[2/8] [=====32%                    ] nsys-er-gnp-30y-1p.sqlite[2/8] [======33%                   ] nsys-er-gnp-30y-1p.sqlite[2/8] [======34%                   ] nsys-er-gnp-30y-1p.sqlite[2/8] [======35%                   ] nsys-er-gnp-30y-1p.sqlite[2/8] [=======36%                  ] nsys-er-gnp-30y-1p.sqlite[2/8] [=======37%                  ] nsys-er-gnp-30y-1p.sqlite[2/8] [=======38%                  ] nsys-er-gnp-30y-1p.sqlite[2/8] [=======39%                  ] nsys-er-gnp-30y-1p.sqlite[2/8] [========40%                 ] nsys-er-gnp-30y-1p.sqlite[2/8] [========41%                 ] nsys-er-gnp-30y-1p.sqlite[2/8] [========42%                 ] nsys-er-gnp-30y-1p.sqlite[2/8] [=========43%                ] nsys-er-gnp-30y-1p.sqlite[2/8] [=========44%                ] nsys-er-gnp-30y-1p.sqlite[2/8] [=========45%                ] nsys-er-gnp-30y-1p.sqlite[2/8] [=========46%                ] nsys-er-gnp-30y-1p.sqlite[2/8] [==========47%               ] nsys-er-gnp-30y-1p.sqlite[2/8] [==========48%               ] nsys-er-gnp-30y-1p.sqlite[2/8] [==========49%               ] nsys-er-gnp-30y-1p.sqlite[2/8] [===========50%              ] nsys-er-gnp-30y-1p.sqlite[2/8] [===========51%              ] nsys-er-gnp-30y-1p.sqlite[2/8] [===========52%              ] nsys-er-gnp-30y-1p.sqlite[2/8] [===========53%              ] nsys-er-gnp-30y-1p.sqlite[2/8] [============54%             ] nsys-er-gnp-30y-1p.sqlite[2/8] [============55%             ] nsys-er-gnp-30y-1p.sqlite[2/8] [============56%             ] nsys-er-gnp-30y-1p.sqlite[2/8] [============57%             ] nsys-er-gnp-30y-1p.sqlite[2/8] [=============58%            ] nsys-er-gnp-30y-1p.sqlite[2/8] [=============59%            ] nsys-er-gnp-30y-1p.sqlite[2/8] [=============60%            ] nsys-er-gnp-30y-1p.sqlite[2/8] [==============61%           ] nsys-er-gnp-30y-1p.sqlite[2/8] [==============62%           ] nsys-er-gnp-30y-1p.sqlite[2/8] [==============63%           ] nsys-er-gnp-30y-1p.sqlite[2/8] [==============64%           ] nsys-er-gnp-30y-1p.sqlite[2/8] [===============65%          ] nsys-er-gnp-30y-1p.sqlite[2/8] [===============66%          ] nsys-er-gnp-30y-1p.sqlite[2/8] [===============67%          ] nsys-er-gnp-30y-1p.sqlite[2/8] [================68%         ] nsys-er-gnp-30y-1p.sqlite[2/8] [================69%         ] nsys-er-gnp-30y-1p.sqlite[2/8] [================70%         ] nsys-er-gnp-30y-1p.sqlite[2/8] [================71%         ] nsys-er-gnp-30y-1p.sqlite[2/8] [=================72%        ] nsys-er-gnp-30y-1p.sqlite[2/8] [=================73%        ] nsys-er-gnp-30y-1p.sqlite[2/8] [=================74%        ] nsys-er-gnp-30y-1p.sqlite[2/8] [==================75%       ] nsys-er-gnp-30y-1p.sqlite[2/8] [==================76%       ] nsys-er-gnp-30y-1p.sqlite[2/8] [==================77%       ] nsys-er-gnp-30y-1p.sqlite[2/8] [==================78%       ] nsys-er-gnp-30y-1p.sqlite[2/8] [===================79%      ] nsys-er-gnp-30y-1p.sqlite[2/8] [===================80%      ] nsys-er-gnp-30y-1p.sqlite[2/8] [===================81%      ] nsys-er-gnp-30y-1p.sqlite[2/8] [===================82%      ] nsys-er-gnp-30y-1p.sqlite[2/8] [====================83%     ] nsys-er-gnp-30y-1p.sqlite[2/8] [====================84%     ] nsys-er-gnp-30y-1p.sqlite[2/8] [====================85%     ] nsys-er-gnp-30y-1p.sqlite[2/8] [=====================86%    ] nsys-er-gnp-30y-1p.sqlite[2/8] [=====================87%    ] nsys-er-gnp-30y-1p.sqlite[2/8] [=====================88%    ] nsys-er-gnp-30y-1p.sqlite[2/8] [=====================89%    ] nsys-er-gnp-30y-1p.sqlite[2/8] [======================90%   ] nsys-er-gnp-30y-1p.sqlite[2/8] [======================91%   ] nsys-er-gnp-30y-1p.sqlite[2/8] [======================92%   ] nsys-er-gnp-30y-1p.sqlite[2/8] [=======================93%  ] nsys-er-gnp-30y-1p.sqlite[2/8] [=======================94%  ] nsys-er-gnp-30y-1p.sqlite[2/8] [=======================95%  ] nsys-er-gnp-30y-1p.sqlite[2/8] [=======================96%  ] nsys-er-gnp-30y-1p.sqlite[2/8] [========================97% ] nsys-er-gnp-30y-1p.sqlite[2/8] [========================98% ] nsys-er-gnp-30y-1p.sqlite[2/8] [========================99% ] nsys-er-gnp-30y-1p.sqlite[2/8] [========================100%] nsys-er-gnp-30y-1p.sqlite[2/8] [========================100%] nsys-er-gnp-30y-1p.sqlite
SKIPPED: /home/jmukher/workspace/uiuc/citation_abm/erprofile/nsys-er-gnp-30y-1p.sqlite does not contain NV Tools Extension (NVTX) data.
[3/8] Executing 'nvtx_sum' stats report
[4/8] Executing 'osrt_sum' stats report

 Time (%)  Total Time (ns)  Num Calls    Avg (ns)      Med (ns)    Min (ns)   Max (ns)    StdDev (ns)            Name         
 --------  ---------------  ---------  ------------  ------------  --------  -----------  ------------  ----------------------
     99.0   80,335,551,039      4,065  19,762,743.2  10,059,988.0     1,335  104,103,992  27,975,136.1  poll                  
      0.4      302,615,483      1,429     211,767.3     203,933.0   146,239      427,298      48,658.3  pthread_create        
      0.4      297,495,657      1,610     184,779.9      29,025.0     1,020   42,423,319   1,443,999.6  ioctl                 
      0.2      150,555,359         96   1,568,285.0     546,424.5   138,537   12,150,975   2,588,047.2  writev                
      0.0       16,369,882          9   1,818,875.8     338,959.0    82,769    5,657,826   2,418,961.5  fopen64               
      0.0       11,652,159      5,973       1,950.8       1,612.0     1,058    1,902,311      24,594.5  read                  
      0.0       11,626,407        367      31,679.6       4,546.0     1,005    4,560,262     332,430.6  fflush                
      0.0        8,421,031         66     127,591.4      32,729.5    23,707      484,333     162,415.1  pthread_rwlock_wrlock 
      0.0        1,559,855         60      25,997.6      27,516.5     1,285       53,864      13,108.2  pthread_rwlock_rdlock 
      0.0        1,374,014         76      18,079.1      16,084.5     1,263      130,891      19,994.0  write                 
      0.0        1,307,252         30      43,575.1       5,779.0     3,541      825,743     149,289.7  mmap64                
      0.0          700,743         13      53,903.3       4,545.0     1,118      255,635      96,987.9  fclose                
      0.0          312,546         11      28,413.3      24,272.0    19,136       61,627      11,895.7  sem_timedwait         
      0.0          197,195         58       3,399.9       2,341.0     1,004       10,159       2,395.0  open64                
      0.0          194,612         16      12,163.3       7,870.0     3,451       57,651      13,498.1  mmap                  
      0.0          175,874         41       4,289.6       1,769.0     1,210       23,441       5,282.1  fopen                 
      0.0          129,952         58       2,240.6       2,007.0     1,037        5,377       1,024.7  fwrite                
      0.0           51,324          1      51,324.0      51,324.0    51,324       51,324           0.0  pthread_cond_wait     
      0.0           36,259          1      36,259.0      36,259.0    36,259       36,259           0.0  fgets                 
      0.0           23,324          6       3,887.3       4,201.5     1,202        6,681       2,122.4  open                  
      0.0           19,828          4       4,957.0       4,472.0     3,417        7,467       1,747.7  munmap                
      0.0           17,127          3       5,709.0       6,373.0     2,303        8,451       3,127.3  pipe2                 
      0.0           16,943          2       8,471.5       8,471.5     5,120       11,823       4,739.7  socket                
      0.0           12,006          1      12,006.0      12,006.0    12,006       12,006           0.0  connect               
      0.0            5,800          2       2,900.0       2,900.0     1,718        4,082       1,671.6  pthread_cond_broadcast
      0.0            2,922          2       1,461.0       1,461.0     1,202        1,720         366.3  pthread_mutex_lock    
      0.0            2,489          1       2,489.0       2,489.0     2,489        2,489           0.0  bind                  
      0.0            1,194          1       1,194.0       1,194.0     1,194        1,194           0.0  fcntl                 

[5/8] Executing 'cuda_api_sum' stats report

 Time (%)  Total Time (ns)  Num Calls    Avg (ns)      Med (ns)     Min (ns)    Max (ns)    StdDev (ns)            Name         
 --------  ---------------  ---------  ------------  ------------  ----------  -----------  ------------  ----------------------
     61.1    5,670,537,329    684,070       8,289.4      10,463.0       2,348    6,876,599      19,153.1  cudaMemcpy            
     15.3    1,424,225,066    342,110       4,163.1       3,878.0       3,087   46,242,215      79,961.0  cudaFree              
     11.0    1,018,011,996         30  33,933,733.2  33,807,250.5  29,243,943   39,082,857   2,975,024.9  cudaStreamSynchronize 
     10.7      990,274,286    342,110       2,894.6       2,487.0       1,638   22,776,389      40,202.7  cudaMalloc            
      1.7      157,726,827         30   5,257,560.9      66,491.0      39,886  155,222,286  28,323,907.7  cudaStreamCreate      
      0.2       20,673,600         30     689,120.0      26,947.5      18,437   19,875,886   3,623,808.7  cudaLaunchKernel      
      0.0        1,467,487         30      48,916.2      46,084.5      22,955       94,815      12,030.9  cudaMemcpyAsync       
      0.0        1,409,094         30      46,969.8      46,510.5      28,827       75,312       9,435.5  cudaMemset            
      0.0          396,340         30      13,211.3      12,818.0       9,266       19,807       2,531.1  cudaStreamDestroy     
      0.0            1,306          1       1,306.0       1,306.0       1,306        1,306           0.0  cuModuleGetLoadingMode

[6/8] Executing 'cuda_gpu_kern_sum' stats report

 Time (%)  Total Time (ns)  Instances    Avg (ns)      Med (ns)     Min (ns)    Max (ns)   StdDev (ns)                                                  Name                                                
 --------  ---------------  ---------  ------------  ------------  ----------  ----------  -----------  ----------------------------------------------------------------------------------------------------
    100.0    1,017,988,843         30  33,932,961.4  33,804,404.5  29,246,426  39,081,648  2,974,431.4  kernelErdosRenyiGNP(int, int, int, ABM *, curandStateXORWOW *, unsigned long long, int *, device_ve…

[7/8] Executing 'cuda_gpu_mem_time_sum' stats report

 Time (%)  Total Time (ns)   Count   Avg (ns)  Med (ns)  Min (ns)  Max (ns)  StdDev (ns)           Operation          
 --------  ---------------  -------  --------  --------  --------  --------  -----------  ----------------------------
     75.1      800,061,774  342,050   2,339.0   2,336.0     1,696    34,240        240.7  [CUDA memcpy Device-to-Host]
     24.9      265,733,704  342,050     776.9     768.0       703    17,504        145.1  [CUDA memcpy Host-to-Device]
      0.0           84,704       30   2,823.5   2,816.5     2,560     3,200        197.2  [CUDA memset]               

[8/8] Executing 'cuda_gpu_mem_size_sum' stats report

 Total (MB)   Count   Avg (MB)  Med (MB)  Min (MB)  Max (MB)  StdDev (MB)           Operation          
 ----------  -------  --------  --------  --------  --------  -----------  ----------------------------
    156.458       30     5.215     5.157     3.854     6.875        0.911  [CUDA memset]               
     90.196  342,050     0.000     0.000     0.000     0.210        0.002  [CUDA memcpy Device-to-Host]
      7.524  342,050     0.000     0.000     0.000     0.210        0.002  [CUDA memcpy Host-to-Device]

Generated:
    /home/jmukher/workspace/uiuc/citation_abm/erprofile/nsys-er-gnp-30y-1p.nsys-rep
    /home/jmukher/workspace/uiuc/citation_abm/erprofile/nsys-er-gnp-30y-1p.sqlite
SUCCESS: 45M → erprofile/nsys-er-gnp-30y-1p.nsys-rep
Running growth rate 3% for 30 years.
Profile output: erprofile/nsys-er-gnp-30y-3p.nsys-rep
CMD: nsys profile --trace=cuda,nvtx,osrt --gpu-metrics-device=all --gpu-metrics-frequency=10000 --stats=true --force-overwrite=true -o erprofile/nsys-er-gnp-30y-3p ./abm --model er-gnp --er-probability 0.0001 --edgelist sj_edgelist --nodelist sj_nodelist --out-degree-bag tcen_at_least_five --recency-probabilities sj_recprob --alpha 0.5 --preferential-weight 0.33 --recency-weight 0.33 --fitness-weight 0.33 --growth-rate .03 --fully-random-citations 0.05 --num-cycles 30 --same-year-proportion 0.12 --output-file ./output/30y/gpu-opt-static-output-30y-3p.edgelist --auxiliary-information-file ./output/30y/gpu-opt-static-output-30y-3p.aux --log-file ./output/30y/nsys-gpu-opt-static-er-gnp-30y-3p.log --num-processors 14 --log-level 1

Start ABM....
parse_args....
edgelist....
num-cycles....
output-file....
log-file = ./output/30y/nsys-gpu-opt-static-er-gnp-30y-3p.log....
num-processors = 14....
log-level = 0
er_probability = 0.000100
model = er-gnp
Init ABM....
Exec ABM....
Start execute.Init Graph
Inside  Graph ParseNodelist.....
Populating the continuous_node mappings..
Elapsed time: ParseNodelist : 1107 millisecs = 1 seconds

Inside Graph ParseEdgelist.....
Elapsed time: ParseEdgelist : 1710 millisecs = 1 seconds

In updateNodeInDegreeOutDegree: Update Outdegree first:
In updateNodeInDegreeOutDegree: Update Indegree:
Total (initial):: In-Degree = 899050, Out-Degree = 899050
Elapsed time: 0-1 : 1 seconds
Elapsed time: 1-2 : 1 seconds
Elapsed time: 2-3 : 0 seconds

Initialized Graph. Let us update the indegree and out-degrees... 
Graph init done...
calling InitializeFitness...
final graph size is 1193102 from initial_graph_size of 491532.
 populated out degree array.
 Entering loop for year = 1983
Elapsed time: 70-71: total : 0.275 secs, iter cost : 0 seconds

Elapsed time: 71-72: total : 0.34 secs, iter cost : 0 seconds

Elapsed time: 72-73: total : 19 millisecs, iter cost : 19 mseconds

num_new_nodes = 14746, current_graph_size = 491532, growth rate = 0.030000 
Elapsed time: 73-74: total : 0 millisecs, iter cost : 0 mseconds

Elapsed time: 74-75: total : 14 millisecs, iter cost : 14 mseconds

all new nodes initialized with years and mapped. FillSameYearSourceNodes with new_nodes_vec.size() = 14746
checking same_year_source_nodes size.
Elapsed time: 75-76: total : 0 millisecs, iter cost : 0 mseconds

new_nodes_vec.size() b4 : 14746

updated  updateGraphAttributesGeneratorNode .... 
Elapsed time: 76-77: total : 37 millisecs, iter cost : 37 mseconds

continuous_node_mapping.size() b5 : 506278, reverse_continuous_node_mapping size = 506278

[ER Model] Building connections using Erdos-Renyi

[ER Model] Processing 14746 new nodes for year 1983 (graph size: 491532)

ALLOCATE DEVICE MEMORY
 Allocate RNG states.
 Estimate capacity based on ER model.
create_thread_vectors_bulk<int2>(num_new_nodes, per_thread_capacities.
Instead of batch - process all new nodes in parallel.
COLLECT RESULTS
[ER Model] Generated 724781 edges

Year 1983: 14746 new nodes, 724781 new edges

Elapsed time: 78-781 : total : 1.027 secs, this iter cost : 1.027 seconds

Elapsed time: 78-79 : total : 1.24 secs, this iter cost : 1.24 seconds

updateNodeInDegreeOutDegree(year=1983): updated 14746 out-degrees, 393944 in-degrees
Elapsed time: 79-81 : total : 0.256 secs, this iter cost : 0 seconds

Elapsed time: 79-80 : total : 0.18 secs, this iter cost : 0 seconds

Elapsed time: 80-81 : total : 0.076 secs, this iter cost : 0 seconds

Elapsed time: 70-81 : total : 2.185 secs, this iter cost : 2 seconds

 Entering loop for year = 1984
Elapsed time: 70-71: total : 0.553 secs, iter cost : 0 seconds

Elapsed time: 71-72: total : 0.665 secs, iter cost : 0 seconds

Elapsed time: 72-73: total : 37 millisecs, iter cost : 18 mseconds

num_new_nodes = 15189, current_graph_size = 506278, growth rate = 0.030000 
Elapsed time: 73-74: total : 0 millisecs, iter cost : 0 mseconds

Elapsed time: 74-75: total : 25 millisecs, iter cost : 11 mseconds

all new nodes initialized with years and mapped. FillSameYearSourceNodes with new_nodes_vec.size() = 15189
checking same_year_source_nodes size.
Elapsed time: 75-76: total : 0 millisecs, iter cost : 0 mseconds

new_nodes_vec.size() b4 : 15189

updated  updateGraphAttributesGeneratorNode .... 
Elapsed time: 76-77: total : 75 millisecs, iter cost : 38 mseconds

continuous_node_mapping.size() b5 : 521467, reverse_continuous_node_mapping size = 521467

[ER Model] Building connections using Erdos-Renyi

[ER Model] Processing 15189 new nodes for year 1984 (graph size: 506278)

ALLOCATE DEVICE MEMORY
 Allocate RNG states.
 Estimate capacity based on ER model.
create_thread_vectors_bulk<int2>(num_new_nodes, per_thread_capacities.
Instead of batch - process all new nodes in parallel.
COLLECT RESULTS
[ER Model] Generated 768468 edges

Year 1984: 15189 new nodes, 768468 new edges

Elapsed time: 78-781 : total : 1.778 secs, this iter cost : 0.751 seconds

Elapsed time: 78-79 : total : 2.258 secs, this iter cost : 1.018 seconds

updateNodeInDegreeOutDegree(year=1984): updated 15189 out-degrees, 410415 in-degrees
Elapsed time: 79-81 : total : 0.497 secs, this iter cost : 0 seconds

Elapsed time: 79-80 : total : 0.343 secs, this iter cost : 0 seconds

Elapsed time: 80-81 : total : 0.153 secs, this iter cost : 0 seconds

Elapsed time: 70-81 : total : 4.117 secs, this iter cost : 1 seconds

 Entering loop for year = 1985
Elapsed time: 70-71: total : 0.824 secs, iter cost : 0 seconds

Elapsed time: 71-72: total : 0.985 secs, iter cost : 0 seconds

Elapsed time: 72-73: total : 58 millisecs, iter cost : 21 mseconds

num_new_nodes = 15645, current_graph_size = 521467, growth rate = 0.030000 
Elapsed time: 73-74: total : 0 millisecs, iter cost : 0 mseconds

Elapsed time: 74-75: total : 37 millisecs, iter cost : 12 mseconds

all new nodes initialized with years and mapped. FillSameYearSourceNodes with new_nodes_vec.size() = 15645
checking same_year_source_nodes size.
Elapsed time: 75-76: total : 0 millisecs, iter cost : 0 mseconds

new_nodes_vec.size() b4 : 15645

updated  updateGraphAttributesGeneratorNode .... 
Elapsed time: 76-77: total : 113 millisecs, iter cost : 38 mseconds

continuous_node_mapping.size() b5 : 537112, reverse_continuous_node_mapping size = 537112

[ER Model] Building connections using Erdos-Renyi

[ER Model] Processing 15645 new nodes for year 1985 (graph size: 521467)

ALLOCATE DEVICE MEMORY
 Allocate RNG states.
 Estimate capacity based on ER model.
create_thread_vectors_bulk<int2>(num_new_nodes, per_thread_capacities.
Instead of batch - process all new nodes in parallel.
COLLECT RESULTS
[ER Model] Generated 814764 edges

Year 1985: 15645 new nodes, 814764 new edges

Elapsed time: 78-781 : total : 2.558 secs, this iter cost : 0.78 seconds

Elapsed time: 78-79 : total : 3.269 secs, this iter cost : 1.011 seconds

updateNodeInDegreeOutDegree(year=1985): updated 15645 out-degrees, 428058 in-degrees
Elapsed time: 79-81 : total : 0.768 secs, this iter cost : 0 seconds

Elapsed time: 79-80 : total : 0.537 secs, this iter cost : 0 seconds

Elapsed time: 80-81 : total : 0.23 secs, this iter cost : 0 seconds

Elapsed time: 70-81 : total : 6.064 secs, this iter cost : 1 seconds

 Entering loop for year = 1986
Elapsed time: 70-71: total : 1.118 secs, iter cost : 0 seconds

Elapsed time: 71-72: total : 1.316 secs, iter cost : 0 seconds

Elapsed time: 72-73: total : 77 millisecs, iter cost : 19 mseconds

num_new_nodes = 16114, current_graph_size = 537112, growth rate = 0.030000 
Elapsed time: 73-74: total : 0 millisecs, iter cost : 0 mseconds

Elapsed time: 74-75: total : 49 millisecs, iter cost : 12 mseconds

all new nodes initialized with years and mapped. FillSameYearSourceNodes with new_nodes_vec.size() = 16114
checking same_year_source_nodes size.
Elapsed time: 75-76: total : 0 millisecs, iter cost : 0 mseconds

new_nodes_vec.size() b4 : 16114

updated  updateGraphAttributesGeneratorNode .... 
Elapsed time: 76-77: total : 154 millisecs, iter cost : 41 mseconds

continuous_node_mapping.size() b5 : 553226, reverse_continuous_node_mapping size = 553226

[ER Model] Building connections using Erdos-Renyi

[ER Model] Processing 16114 new nodes for year 1986 (graph size: 537112)

ALLOCATE DEVICE MEMORY
 Allocate RNG states.
 Estimate capacity based on ER model.
create_thread_vectors_bulk<int2>(num_new_nodes, per_thread_capacities.
Instead of batch - process all new nodes in parallel.
COLLECT RESULTS
[ER Model] Generated 865122 edges

Year 1986: 16114 new nodes, 865122 new edges

Elapsed time: 78-781 : total : 3.371 secs, this iter cost : 0.813 seconds

Elapsed time: 78-79 : total : 4.4 secs, this iter cost : 1.131 seconds

updateNodeInDegreeOutDegree(year=1986): updated 16114 out-degrees, 445827 in-degrees
Elapsed time: 79-81 : total : 1.033 secs, this iter cost : 0 seconds

Elapsed time: 79-80 : total : 0.721 secs, this iter cost : 0 seconds

Elapsed time: 80-81 : total : 0.311 secs, this iter cost : 0 seconds

Elapsed time: 70-81 : total : 8.16 secs, this iter cost : 2 seconds

 Entering loop for year = 1987
Elapsed time: 70-71: total : 1.434 secs, iter cost : 0 seconds

Elapsed time: 71-72: total : 1.666 secs, iter cost : 0 seconds

Elapsed time: 72-73: total : 95 millisecs, iter cost : 18 mseconds

num_new_nodes = 16597, current_graph_size = 553226, growth rate = 0.030000 
Elapsed time: 73-74: total : 0 millisecs, iter cost : 0 mseconds

Elapsed time: 74-75: total : 59 millisecs, iter cost : 10 mseconds

all new nodes initialized with years and mapped. FillSameYearSourceNodes with new_nodes_vec.size() = 16597
checking same_year_source_nodes size.
Elapsed time: 75-76: total : 0 millisecs, iter cost : 0 mseconds

new_nodes_vec.size() b4 : 16597

updated  updateGraphAttributesGeneratorNode .... 
Elapsed time: 76-77: total : 195 millisecs, iter cost : 41 mseconds

continuous_node_mapping.size() b5 : 569823, reverse_continuous_node_mapping size = 569823

[ER Model] Building connections using Erdos-Renyi

[ER Model] Processing 16597 new nodes for year 1987 (graph size: 553226)

ALLOCATE DEVICE MEMORY
 Allocate RNG states.
 Estimate capacity based on ER model.
create_thread_vectors_bulk<int2>(num_new_nodes, per_thread_capacities.
Instead of batch - process all new nodes in parallel.
COLLECT RESULTS
[ER Model] Generated 917765 edges

Year 1987: 16597 new nodes, 917765 new edges

Elapsed time: 78-781 : total : 4.227 secs, this iter cost : 0.856 seconds

Elapsed time: 78-79 : total : 5.593 secs, this iter cost : 1.193 seconds

updateNodeInDegreeOutDegree(year=1987): updated 16597 out-degrees, 464710 in-degrees
Elapsed time: 79-81 : total : 1.311 secs, this iter cost : 0 seconds

Elapsed time: 79-80 : total : 0.915 secs, this iter cost : 0 seconds

Elapsed time: 80-81 : total : 0.395 secs, this iter cost : 0 seconds

Elapsed time: 70-81 : total : 10.369 secs, this iter cost : 2 seconds

 Entering loop for year = 1988
Elapsed time: 70-71: total : 1.721 secs, iter cost : 0 seconds

Elapsed time: 71-72: total : 2.007 secs, iter cost : 0 seconds

Elapsed time: 72-73: total : 109 millisecs, iter cost : 14 mseconds

num_new_nodes = 17095, current_graph_size = 569823, growth rate = 0.030000 
Elapsed time: 73-74: total : 0 millisecs, iter cost : 0 mseconds

Elapsed time: 74-75: total : 70 millisecs, iter cost : 11 mseconds

all new nodes initialized with years and mapped. FillSameYearSourceNodes with new_nodes_vec.size() = 17095
checking same_year_source_nodes size.
Elapsed time: 75-76: total : 0 millisecs, iter cost : 0 mseconds

new_nodes_vec.size() b4 : 17095

updated  updateGraphAttributesGeneratorNode .... 
Elapsed time: 76-77: total : 238 millisecs, iter cost : 43 mseconds

continuous_node_mapping.size() b5 : 586918, reverse_continuous_node_mapping size = 586918

[ER Model] Building connections using Erdos-Renyi

[ER Model] Processing 17095 new nodes for year 1988 (graph size: 569823)

ALLOCATE DEVICE MEMORY
 Allocate RNG states.
 Estimate capacity based on ER model.
create_thread_vectors_bulk<int2>(num_new_nodes, per_thread_capacities.
Instead of batch - process all new nodes in parallel.
COLLECT RESULTS
[ER Model] Generated 973623 edges

Year 1988: 17095 new nodes, 973623 new edges

Elapsed time: 78-781 : total : 5.105 secs, this iter cost : 0.878 seconds

Elapsed time: 78-79 : total : 6.837 secs, this iter cost : 1.244 seconds

updateNodeInDegreeOutDegree(year=1988): updated 17095 out-degrees, 483552 in-degrees
Elapsed time: 79-81 : total : 1.599 secs, this iter cost : 0 seconds

Elapsed time: 79-80 : total : 1.115 secs, this iter cost : 0 seconds

Elapsed time: 80-81 : total : 0.483 secs, this iter cost : 0 seconds

Elapsed time: 70-81 : total : 12.601 secs, this iter cost : 2 seconds

 Entering loop for year = 1989
Elapsed time: 70-71: total : 2.014 secs, iter cost : 0 seconds

Elapsed time: 71-72: total : 2.345 secs, iter cost : 0 seconds

Elapsed time: 72-73: total : 126 millisecs, iter cost : 17 mseconds

num_new_nodes = 17608, current_graph_size = 586918, growth rate = 0.030000 
Elapsed time: 73-74: total : 0 millisecs, iter cost : 0 mseconds

Elapsed time: 74-75: total : 81 millisecs, iter cost : 11 mseconds

all new nodes initialized with years and mapped. FillSameYearSourceNodes with new_nodes_vec.size() = 17608
checking same_year_source_nodes size.
Elapsed time: 75-76: total : 0 millisecs, iter cost : 0 mseconds

new_nodes_vec.size() b4 : 17608

updated  updateGraphAttributesGeneratorNode .... 
Elapsed time: 76-77: total : 280 millisecs, iter cost : 42 mseconds

continuous_node_mapping.size() b5 : 604526, reverse_continuous_node_mapping size = 604526

[ER Model] Building connections using Erdos-Renyi

[ER Model] Processing 17608 new nodes for year 1989 (graph size: 586918)

ALLOCATE DEVICE MEMORY
 Allocate RNG states.
 Estimate capacity based on ER model.
create_thread_vectors_bulk<int2>(num_new_nodes, per_thread_capacities.
Instead of batch - process all new nodes in parallel.
COLLECT RESULTS
[ER Model] Generated 1032706 edges

Year 1989: 17608 new nodes, 1032706 new edges

Elapsed time: 78-781 : total : 5.993 secs, this iter cost : 0.888 seconds

Elapsed time: 78-79 : total : 8.141 secs, this iter cost : 1.304 seconds

updateNodeInDegreeOutDegree(year=1989): updated 17608 out-degrees, 503450 in-degrees
Elapsed time: 79-81 : total : 1.885 secs, this iter cost : 0 seconds

Elapsed time: 79-80 : total : 1.315 secs, this iter cost : 0 seconds

Elapsed time: 80-81 : total : 0.568 secs, this iter cost : 0 seconds

Elapsed time: 70-81 : total : 14.895 secs, this iter cost : 2 seconds

 Entering loop for year = 1990
Elapsed time: 70-71: total : 2.349 secs, iter cost : 0 seconds

Elapsed time: 71-72: total : 2.701 secs, iter cost : 0 seconds

Elapsed time: 72-73: total : 144 millisecs, iter cost : 18 mseconds

num_new_nodes = 18136, current_graph_size = 604526, growth rate = 0.030000 
Elapsed time: 73-74: total : 0 millisecs, iter cost : 0 mseconds

Elapsed time: 74-75: total : 94 millisecs, iter cost : 13 mseconds

all new nodes initialized with years and mapped. FillSameYearSourceNodes with new_nodes_vec.size() = 18136
checking same_year_source_nodes size.
Elapsed time: 75-76: total : 0 millisecs, iter cost : 0 mseconds

new_nodes_vec.size() b4 : 18136

updated  updateGraphAttributesGeneratorNode .... 
Elapsed time: 76-77: total : 325 millisecs, iter cost : 45 mseconds

continuous_node_mapping.size() b5 : 622662, reverse_continuous_node_mapping size = 622662

[ER Model] Building connections using Erdos-Renyi

[ER Model] Processing 18136 new nodes for year 1990 (graph size: 604526)

ALLOCATE DEVICE MEMORY
 Allocate RNG states.
 Estimate capacity based on ER model.
create_thread_vectors_bulk<int2>(num_new_nodes, per_thread_capacities.
Instead of batch - process all new nodes in parallel.
COLLECT RESULTS
[ER Model] Generated 1093914 edges

Year 1990: 18136 new nodes, 1093914 new edges

Elapsed time: 78-781 : total : 7.021 secs, this iter cost : 1.028 seconds

Elapsed time: 78-79 : total : 9.656 secs, this iter cost : 1.515 seconds

updateNodeInDegreeOutDegree(year=1990): updated 18136 out-degrees, 523581 in-degrees
Elapsed time: 79-81 : total : 2.185 secs, this iter cost : 0 seconds

Elapsed time: 79-80 : total : 1.523 secs, this iter cost : 0 seconds

Elapsed time: 80-81 : total : 0.66 secs, this iter cost : 0 seconds

Elapsed time: 70-81 : total : 17.48 secs, this iter cost : 2 seconds

 Entering loop for year = 1991
Elapsed time: 70-71: total : 2.651 secs, iter cost : 0 seconds

Elapsed time: 71-72: total : 3.049 secs, iter cost : 0 seconds

Elapsed time: 72-73: total : 162 millisecs, iter cost : 18 mseconds

num_new_nodes = 18680, current_graph_size = 622662, growth rate = 0.030000 
Elapsed time: 73-74: total : 0 millisecs, iter cost : 0 mseconds

Elapsed time: 74-75: total : 107 millisecs, iter cost : 13 mseconds

all new nodes initialized with years and mapped. FillSameYearSourceNodes with new_nodes_vec.size() = 18680
checking same_year_source_nodes size.
Elapsed time: 75-76: total : 0 millisecs, iter cost : 0 mseconds

new_nodes_vec.size() b4 : 18680

updated  updateGraphAttributesGeneratorNode .... 
Elapsed time: 76-77: total : 370 millisecs, iter cost : 45 mseconds

continuous_node_mapping.size() b5 : 641342, reverse_continuous_node_mapping size = 641342

[ER Model] Building connections using Erdos-Renyi

[ER Model] Processing 18680 new nodes for year 1991 (graph size: 622662)

ALLOCATE DEVICE MEMORY
 Allocate RNG states.
 Estimate capacity based on ER model.
create_thread_vectors_bulk<int2>(num_new_nodes, per_thread_capacities.
Instead of batch - process all new nodes in parallel.
COLLECT RESULTS
[ER Model] Generated 1162996 edges

Year 1991: 18680 new nodes, 1162996 new edges

Elapsed time: 78-781 : total : 7.985 secs, this iter cost : 0.964 seconds

Elapsed time: 78-79 : total : 11.017 secs, this iter cost : 1.361 seconds

updateNodeInDegreeOutDegree(year=1991): updated 18680 out-degrees, 545218 in-degrees
Elapsed time: 79-81 : total : 2.505 secs, this iter cost : 0 seconds

Elapsed time: 79-80 : total : 1.75 secs, this iter cost : 0 seconds

Elapsed time: 80-81 : total : 0.752 secs, this iter cost : 0 seconds

Elapsed time: 70-81 : total : 19.891 secs, this iter cost : 2 seconds

 Entering loop for year = 1992
Elapsed time: 70-71: total : 2.962 secs, iter cost : 0 seconds

Elapsed time: 71-72: total : 3.407 secs, iter cost : 0 seconds

Elapsed time: 72-73: total : 181 millisecs, iter cost : 19 mseconds

num_new_nodes = 19241, current_graph_size = 641342, growth rate = 0.030000 
Elapsed time: 73-74: total : 0 millisecs, iter cost : 0 mseconds

Elapsed time: 74-75: total : 118 millisecs, iter cost : 11 mseconds

all new nodes initialized with years and mapped. FillSameYearSourceNodes with new_nodes_vec.size() = 19241
checking same_year_source_nodes size.
Elapsed time: 75-76: total : 0 millisecs, iter cost : 0 mseconds

new_nodes_vec.size() b4 : 19241

updated  updateGraphAttributesGeneratorNode .... 
Elapsed time: 76-77: total : 416 millisecs, iter cost : 46 mseconds

continuous_node_mapping.size() b5 : 660583, reverse_continuous_node_mapping size = 660583

[ER Model] Building connections using Erdos-Renyi

[ER Model] Processing 19241 new nodes for year 1992 (graph size: 641342)

ALLOCATE DEVICE MEMORY
 Allocate RNG states.
 Estimate capacity based on ER model.
create_thread_vectors_bulk<int2>(num_new_nodes, per_thread_capacities.
Instead of batch - process all new nodes in parallel.
COLLECT RESULTS
[ER Model] Generated 1235210 edges

Year 1992: 19241 new nodes, 1235210 new edges

Elapsed time: 78-781 : total : 9.001 secs, this iter cost : 1.016 seconds

Elapsed time: 78-79 : total : 12.541 secs, this iter cost : 1.524 seconds

updateNodeInDegreeOutDegree(year=1992): updated 19241 out-degrees, 567448 in-degrees
Elapsed time: 79-81 : total : 2.823 secs, this iter cost : 0 seconds

Elapsed time: 79-80 : total : 1.974 secs, this iter cost : 0 seconds

Elapsed time: 80-81 : total : 0.845 secs, this iter cost : 0 seconds

Elapsed time: 70-81 : total : 22.483 secs, this iter cost : 2 seconds

 Entering loop for year = 1993
Elapsed time: 70-71: total : 3.271 secs, iter cost : 0 seconds

Elapsed time: 71-72: total : 3.78 secs, iter cost : 0 seconds

Elapsed time: 72-73: total : 200 millisecs, iter cost : 19 mseconds

num_new_nodes = 19818, current_graph_size = 660583, growth rate = 0.030000 
Elapsed time: 73-74: total : 0 millisecs, iter cost : 0 mseconds

Elapsed time: 74-75: total : 131 millisecs, iter cost : 13 mseconds

all new nodes initialized with years and mapped. FillSameYearSourceNodes with new_nodes_vec.size() = 19818
checking same_year_source_nodes size.
Elapsed time: 75-76: total : 0 millisecs, iter cost : 0 mseconds

new_nodes_vec.size() b4 : 19818

updated  updateGraphAttributesGeneratorNode .... 
Elapsed time: 76-77: total : 463 millisecs, iter cost : 47 mseconds

continuous_node_mapping.size() b5 : 680401, reverse_continuous_node_mapping size = 680401

[ER Model] Building connections using Erdos-Renyi

[ER Model] Processing 19818 new nodes for year 1993 (graph size: 660583)

ALLOCATE DEVICE MEMORY
 Allocate RNG states.
 Estimate capacity based on ER model.
create_thread_vectors_bulk<int2>(num_new_nodes, per_thread_capacities.
Instead of batch - process all new nodes in parallel.
COLLECT RESULTS
[ER Model] Generated 1309591 edges

Year 1993: 19818 new nodes, 1309591 new edges

Elapsed time: 78-781 : total : 10.023 secs, this iter cost : 1.022 seconds

Elapsed time: 78-79 : total : 14.121 secs, this iter cost : 1.58 seconds

updateNodeInDegreeOutDegree(year=1993): updated 19818 out-degrees, 589458 in-degrees
Elapsed time: 79-81 : total : 3.152 secs, this iter cost : 0 seconds

Elapsed time: 79-80 : total : 2.206 secs, this iter cost : 0 seconds

Elapsed time: 80-81 : total : 0.942 secs, this iter cost : 0 seconds

Elapsed time: 70-81 : total : 25.157 secs, this iter cost : 2 seconds

 Entering loop for year = 1994
Elapsed time: 70-71: total : 3.579 secs, iter cost : 0 seconds

Elapsed time: 71-72: total : 4.147 secs, iter cost : 0 seconds

Elapsed time: 72-73: total : 218 millisecs, iter cost : 18 mseconds

num_new_nodes = 20413, current_graph_size = 680401, growth rate = 0.030000 
Elapsed time: 73-74: total : 0 millisecs, iter cost : 0 mseconds

Elapsed time: 74-75: total : 148 millisecs, iter cost : 17 mseconds

all new nodes initialized with years and mapped. FillSameYearSourceNodes with new_nodes_vec.size() = 20413
checking same_year_source_nodes size.
Elapsed time: 75-76: total : 0 millisecs, iter cost : 0 mseconds

new_nodes_vec.size() b4 : 20413

updated  updateGraphAttributesGeneratorNode .... 
Elapsed time: 76-77: total : 513 millisecs, iter cost : 50 mseconds

continuous_node_mapping.size() b5 : 700814, reverse_continuous_node_mapping size = 700814

[ER Model] Building connections using Erdos-Renyi

[ER Model] Processing 20413 new nodes for year 1994 (graph size: 680401)

ALLOCATE DEVICE MEMORY
 Allocate RNG states.
 Estimate capacity based on ER model.
create_thread_vectors_bulk<int2>(num_new_nodes, per_thread_capacities.
Instead of batch - process all new nodes in parallel.
COLLECT RESULTS
[ER Model] Generated 1389319 edges

Year 1994: 20413 new nodes, 1389319 new edges

Elapsed time: 78-781 : total : 11.069 secs, this iter cost : 1.046 seconds

Elapsed time: 78-79 : total : 15.749 secs, this iter cost : 1.628 seconds

updateNodeInDegreeOutDegree(year=1994): updated 20413 out-degrees, 612463 in-degrees
Elapsed time: 79-81 : total : 3.478 secs, this iter cost : 0 seconds

Elapsed time: 79-80 : total : 2.431 secs, this iter cost : 0 seconds

Elapsed time: 80-81 : total : 1.042 secs, this iter cost : 0 seconds

Elapsed time: 70-81 : total : 27.874 secs, this iter cost : 2 seconds

 Entering loop for year = 1995
Elapsed time: 70-71: total : 3.887 secs, iter cost : 0 seconds

Elapsed time: 71-72: total : 4.509 secs, iter cost : 0 seconds

Elapsed time: 72-73: total : 238 millisecs, iter cost : 20 mseconds

num_new_nodes = 21025, current_graph_size = 700814, growth rate = 0.030000 
Elapsed time: 73-74: total : 0 millisecs, iter cost : 0 mseconds

Elapsed time: 74-75: total : 161 millisecs, iter cost : 13 mseconds

all new nodes initialized with years and mapped. FillSameYearSourceNodes with new_nodes_vec.size() = 21025
checking same_year_source_nodes size.
Elapsed time: 75-76: total : 0 millisecs, iter cost : 0 mseconds

new_nodes_vec.size() b4 : 21025

updated  updateGraphAttributesGeneratorNode .... 
Elapsed time: 76-77: total : 564 millisecs, iter cost : 51 mseconds

continuous_node_mapping.size() b5 : 721839, reverse_continuous_node_mapping size = 721839

[ER Model] Building connections using Erdos-Renyi

[ER Model] Processing 21025 new nodes for year 1995 (graph size: 700814)

ALLOCATE DEVICE MEMORY
 Allocate RNG states.
 Estimate capacity based on ER model.
create_thread_vectors_bulk<int2>(num_new_nodes, per_thread_capacities.
Instead of batch - process all new nodes in parallel.
COLLECT RESULTS
[ER Model] Generated 1472477 edges

Year 1995: 21025 new nodes, 1472477 new edges

Elapsed time: 78-781 : total : 12.15 secs, this iter cost : 1.081 seconds

Elapsed time: 78-79 : total : 17.428 secs, this iter cost : 1.679 seconds

updateNodeInDegreeOutDegree(year=1995): updated 21025 out-degrees, 636437 in-degrees
Elapsed time: 79-81 : total : 3.816 secs, this iter cost : 0 seconds

Elapsed time: 79-80 : total : 2.664 secs, this iter cost : 0 seconds

Elapsed time: 80-81 : total : 1.146 secs, this iter cost : 0 seconds

Elapsed time: 70-81 : total : 30.649 secs, this iter cost : 2 seconds

 Entering loop for year = 1996
Elapsed time: 70-71: total : 4.198 secs, iter cost : 0 seconds

Elapsed time: 71-72: total : 4.876 secs, iter cost : 0 seconds

Elapsed time: 72-73: total : 257 millisecs, iter cost : 19 mseconds

num_new_nodes = 21656, current_graph_size = 721839, growth rate = 0.030000 
Elapsed time: 73-74: total : 0 millisecs, iter cost : 0 mseconds

Elapsed time: 74-75: total : 177 millisecs, iter cost : 16 mseconds

all new nodes initialized with years and mapped. FillSameYearSourceNodes with new_nodes_vec.size() = 21656
checking same_year_source_nodes size.
Elapsed time: 75-76: total : 0 millisecs, iter cost : 0 mseconds

new_nodes_vec.size() b4 : 21656

updated  updateGraphAttributesGeneratorNode .... 
Elapsed time: 76-77: total : 617 millisecs, iter cost : 53 mseconds

continuous_node_mapping.size() b5 : 743495, reverse_continuous_node_mapping size = 743495

[ER Model] Building connections using Erdos-Renyi

[ER Model] Processing 21656 new nodes for year 1996 (graph size: 721839)

ALLOCATE DEVICE MEMORY
 Allocate RNG states.
 Estimate capacity based on ER model.
create_thread_vectors_bulk<int2>(num_new_nodes, per_thread_capacities.
Instead of batch - process all new nodes in parallel.
COLLECT RESULTS
[ER Model] Generated 1562852 edges

Year 1996: 21656 new nodes, 1562852 new edges

Elapsed time: 78-781 : total : 13.273 secs, this iter cost : 1.123 seconds

Elapsed time: 78-79 : total : 19.186 secs, this iter cost : 1.758 seconds

updateNodeInDegreeOutDegree(year=1996): updated 21656 out-degrees, 660519 in-degrees
Elapsed time: 79-81 : total : 4.198 secs, this iter cost : 0 seconds

Elapsed time: 79-80 : total : 2.935 secs, this iter cost : 0 seconds

Elapsed time: 80-81 : total : 1.256 secs, this iter cost : 0 seconds

Elapsed time: 70-81 : total : 33.557 secs, this iter cost : 2 seconds

 Entering loop for year = 1997
Elapsed time: 70-71: total : 4.518 secs, iter cost : 0 seconds

Elapsed time: 71-72: total : 5.256 secs, iter cost : 0 seconds

Elapsed time: 72-73: total : 276 millisecs, iter cost : 19 mseconds

num_new_nodes = 22305, current_graph_size = 743495, growth rate = 0.030000 
Elapsed time: 73-74: total : 0 millisecs, iter cost : 0 mseconds

Elapsed time: 74-75: total : 193 millisecs, iter cost : 16 mseconds

all new nodes initialized with years and mapped. FillSameYearSourceNodes with new_nodes_vec.size() = 22305
checking same_year_source_nodes size.
Elapsed time: 75-76: total : 0 millisecs, iter cost : 0 mseconds

new_nodes_vec.size() b4 : 22305

updated  updateGraphAttributesGeneratorNode .... 
Elapsed time: 76-77: total : 672 millisecs, iter cost : 55 mseconds

continuous_node_mapping.size() b5 : 765800, reverse_continuous_node_mapping size = 765800

[ER Model] Building connections using Erdos-Renyi

[ER Model] Processing 22305 new nodes for year 1997 (graph size: 743495)

ALLOCATE DEVICE MEMORY
 Allocate RNG states.
 Estimate capacity based on ER model.
create_thread_vectors_bulk<int2>(num_new_nodes, per_thread_capacities.
Instead of batch - process all new nodes in parallel.
COLLECT RESULTS
[ER Model] Generated 1658435 edges

Year 1997: 22305 new nodes, 1658435 new edges

Elapsed time: 78-781 : total : 14.408 secs, this iter cost : 1.135 seconds

Elapsed time: 78-79 : total : 21.094 secs, this iter cost : 1.908 seconds

updateNodeInDegreeOutDegree(year=1997): updated 22305 out-degrees, 685942 in-degrees
Elapsed time: 79-81 : total : 4.564 secs, this iter cost : 0 seconds

Elapsed time: 79-80 : total : 3.191 secs, this iter cost : 0 seconds

Elapsed time: 80-81 : total : 1.366 secs, this iter cost : 0 seconds

Elapsed time: 70-81 : total : 36.624 secs, this iter cost : 3 seconds

 Entering loop for year = 1998
Elapsed time: 70-71: total : 4.841 secs, iter cost : 0 seconds

Elapsed time: 71-72: total : 5.683 secs, iter cost : 0 seconds

Elapsed time: 72-73: total : 290 millisecs, iter cost : 14 mseconds

num_new_nodes = 22974, current_graph_size = 765800, growth rate = 0.030000 
Elapsed time: 73-74: total : 0 millisecs, iter cost : 0 mseconds

Elapsed time: 74-75: total : 207 millisecs, iter cost : 14 mseconds

all new nodes initialized with years and mapped. FillSameYearSourceNodes with new_nodes_vec.size() = 22974
checking same_year_source_nodes size.
Elapsed time: 75-76: total : 0 millisecs, iter cost : 0 mseconds

new_nodes_vec.size() b4 : 22974

updated  updateGraphAttributesGeneratorNode .... 
Elapsed time: 76-77: total : 731 millisecs, iter cost : 59 mseconds

continuous_node_mapping.size() b5 : 788774, reverse_continuous_node_mapping size = 788774

[ER Model] Building connections using Erdos-Renyi

[ER Model] Processing 22974 new nodes for year 1998 (graph size: 765800)

ALLOCATE DEVICE MEMORY
 Allocate RNG states.
 Estimate capacity based on ER model.
create_thread_vectors_bulk<int2>(num_new_nodes, per_thread_capacities.
Instead of batch - process all new nodes in parallel.
COLLECT RESULTS
[ER Model] Generated 1758781 edges

Year 1998: 22974 new nodes, 1758781 new edges

Elapsed time: 78-781 : total : 15.606 secs, this iter cost : 1.198 seconds

Elapsed time: 78-79 : total : 23.076 secs, this iter cost : 1.982 seconds

updateNodeInDegreeOutDegree(year=1998): updated 22974 out-degrees, 712019 in-degrees
Elapsed time: 79-81 : total : 4.953 secs, this iter cost : 0 seconds

Elapsed time: 79-80 : total : 3.464 secs, this iter cost : 0 seconds

Elapsed time: 80-81 : total : 1.481 secs, this iter cost : 0 seconds

Elapsed time: 70-81 : total : 39.835 secs, this iter cost : 3 seconds

 Entering loop for year = 1999
Elapsed time: 70-71: total : 5.189 secs, iter cost : 0 seconds

Elapsed time: 71-72: total : 6.076 secs, iter cost : 0 seconds

Elapsed time: 72-73: total : 309 millisecs, iter cost : 19 mseconds

num_new_nodes = 23664, current_graph_size = 788774, growth rate = 0.030000 
Elapsed time: 73-74: total : 0 millisecs, iter cost : 0 mseconds

Elapsed time: 74-75: total : 223 millisecs, iter cost : 16 mseconds

all new nodes initialized with years and mapped. FillSameYearSourceNodes with new_nodes_vec.size() = 23664
checking same_year_source_nodes size.
Elapsed time: 75-76: total : 0 millisecs, iter cost : 0 mseconds

new_nodes_vec.size() b4 : 23664

updated  updateGraphAttributesGeneratorNode .... 
Elapsed time: 76-77: total : 790 millisecs, iter cost : 59 mseconds

continuous_node_mapping.size() b5 : 812438, reverse_continuous_node_mapping size = 812438

[ER Model] Building connections using Erdos-Renyi

[ER Model] Processing 23664 new nodes for year 1999 (graph size: 788774)

ALLOCATE DEVICE MEMORY
 Allocate RNG states.
 Estimate capacity based on ER model.
create_thread_vectors_bulk<int2>(num_new_nodes, per_thread_capacities.
Instead of batch - process all new nodes in parallel.
COLLECT RESULTS
[ER Model] Generated 1864853 edges

Year 1999: 23664 new nodes, 1864853 new edges

Elapsed time: 78-781 : total : 16.849 secs, this iter cost : 1.243 seconds

Elapsed time: 78-79 : total : 25.146 secs, this iter cost : 2.07 seconds

updateNodeInDegreeOutDegree(year=1999): updated 23664 out-degrees, 737962 in-degrees
Elapsed time: 79-81 : total : 5.344 secs, this iter cost : 0 seconds

Elapsed time: 79-80 : total : 3.735 secs, this iter cost : 0 seconds

Elapsed time: 80-81 : total : 1.601 secs, this iter cost : 0 seconds

Elapsed time: 70-81 : total : 43.135 secs, this iter cost : 3 seconds

 Entering loop for year = 2000
Elapsed time: 70-71: total : 5.53 secs, iter cost : 0 seconds

Elapsed time: 71-72: total : 6.479 secs, iter cost : 0 seconds

Elapsed time: 72-73: total : 329 millisecs, iter cost : 20 mseconds

num_new_nodes = 24374, current_graph_size = 812438, growth rate = 0.030000 
Elapsed time: 73-74: total : 0 millisecs, iter cost : 0 mseconds

Elapsed time: 74-75: total : 239 millisecs, iter cost : 16 mseconds

all new nodes initialized with years and mapped. FillSameYearSourceNodes with new_nodes_vec.size() = 24374
checking same_year_source_nodes size.
Elapsed time: 75-76: total : 0 millisecs, iter cost : 0 mseconds

new_nodes_vec.size() b4 : 24374

updated  updateGraphAttributesGeneratorNode .... 
Elapsed time: 76-77: total : 848 millisecs, iter cost : 58 mseconds

continuous_node_mapping.size() b5 : 836812, reverse_continuous_node_mapping size = 836812

[ER Model] Building connections using Erdos-Renyi

[ER Model] Processing 24374 new nodes for year 2000 (graph size: 812438)

ALLOCATE DEVICE MEMORY
 Allocate RNG states.
 Estimate capacity based on ER model.
create_thread_vectors_bulk<int2>(num_new_nodes, per_thread_capacities.
Instead of batch - process all new nodes in parallel.
COLLECT RESULTS
[ER Model] Generated 1979186 edges

Year 2000: 24374 new nodes, 1979186 new edges

Elapsed time: 78-781 : total : 18.114 secs, this iter cost : 1.265 seconds

Elapsed time: 78-79 : total : 27.371 secs, this iter cost : 2.225 seconds

updateNodeInDegreeOutDegree(year=2000): updated 24374 out-degrees, 765583 in-degrees
Elapsed time: 79-81 : total : 5.736 secs, this iter cost : 0 seconds

Elapsed time: 79-80 : total : 4.008 secs, this iter cost : 0 seconds

Elapsed time: 80-81 : total : 1.719 secs, this iter cost : 0 seconds

Elapsed time: 70-81 : total : 46.593 secs, this iter cost : 3 seconds

 Entering loop for year = 2001
Elapsed time: 70-71: total : 5.877 secs, iter cost : 0 seconds

Elapsed time: 71-72: total : 6.893 secs, iter cost : 0 seconds

Elapsed time: 72-73: total : 348 millisecs, iter cost : 19 mseconds

num_new_nodes = 25105, current_graph_size = 836812, growth rate = 0.030000 
Elapsed time: 73-74: total : 0 millisecs, iter cost : 0 mseconds

Elapsed time: 74-75: total : 257 millisecs, iter cost : 18 mseconds

all new nodes initialized with years and mapped. FillSameYearSourceNodes with new_nodes_vec.size() = 25105
checking same_year_source_nodes size.
Elapsed time: 75-76: total : 0 millisecs, iter cost : 0 mseconds

new_nodes_vec.size() b4 : 25105

updated  updateGraphAttributesGeneratorNode .... 
Elapsed time: 76-77: total : 909 millisecs, iter cost : 61 mseconds

continuous_node_mapping.size() b5 : 861917, reverse_continuous_node_mapping size = 861917

[ER Model] Building connections using Erdos-Renyi

[ER Model] Processing 25105 new nodes for year 2001 (graph size: 836812)

ALLOCATE DEVICE MEMORY
 Allocate RNG states.
 Estimate capacity based on ER model.
create_thread_vectors_bulk<int2>(num_new_nodes, per_thread_capacities.
Instead of batch - process all new nodes in parallel.
COLLECT RESULTS
[ER Model] Generated 2100735 edges

Year 2001: 25105 new nodes, 2100735 new edges

Elapsed time: 78-781 : total : 19.418 secs, this iter cost : 1.304 seconds

Elapsed time: 78-79 : total : 29.608 secs, this iter cost : 2.237 seconds

updateNodeInDegreeOutDegree(year=2001): updated 25105 out-degrees, 794053 in-degrees
Elapsed time: 79-81 : total : 6.141 secs, this iter cost : 0 seconds

Elapsed time: 79-80 : total : 4.289 secs, this iter cost : 0 seconds

Elapsed time: 80-81 : total : 1.843 secs, this iter cost : 0 seconds

Elapsed time: 70-81 : total : 50.096 secs, this iter cost : 3 seconds

 Entering loop for year = 2002
Elapsed time: 70-71: total : 6.23 secs, iter cost : 0 seconds

Elapsed time: 71-72: total : 7.303 secs, iter cost : 0 seconds

Elapsed time: 72-73: total : 367 millisecs, iter cost : 19 mseconds

num_new_nodes = 25858, current_graph_size = 861917, growth rate = 0.030000 
Elapsed time: 73-74: total : 1 millisecs, iter cost : 1 mseconds

Elapsed time: 74-75: total : 276 millisecs, iter cost : 19 mseconds

all new nodes initialized with years and mapped. FillSameYearSourceNodes with new_nodes_vec.size() = 25858
checking same_year_source_nodes size.
Elapsed time: 75-76: total : 0 millisecs, iter cost : 0 mseconds

new_nodes_vec.size() b4 : 25858

updated  updateGraphAttributesGeneratorNode .... 
Elapsed time: 76-77: total : 972 millisecs, iter cost : 63 mseconds

continuous_node_mapping.size() b5 : 887775, reverse_continuous_node_mapping size = 887775

[ER Model] Building connections using Erdos-Renyi

[ER Model] Processing 25858 new nodes for year 2002 (graph size: 861917)

ALLOCATE DEVICE MEMORY
 Allocate RNG states.
 Estimate capacity based on ER model.
create_thread_vectors_bulk<int2>(num_new_nodes, per_thread_capacities.
Instead of batch - process all new nodes in parallel.
COLLECT RESULTS
[ER Model] Generated 2226971 edges

Year 2002: 25858 new nodes, 2226971 new edges

Elapsed time: 78-781 : total : 20.781 secs, this iter cost : 1.363 seconds

Elapsed time: 78-79 : total : 32.12 secs, this iter cost : 2.512 seconds

updateNodeInDegreeOutDegree(year=2002): updated 25858 out-degrees, 822938 in-degrees
Elapsed time: 79-81 : total : 6.609 secs, this iter cost : 0 seconds

Elapsed time: 79-80 : total : 4.624 secs, this iter cost : 0 seconds

Elapsed time: 80-81 : total : 1.975 secs, this iter cost : 0 seconds

Elapsed time: 70-81 : total : 53.943 secs, this iter cost : 3 seconds

 Entering loop for year = 2003
Elapsed time: 70-71: total : 6.665 secs, iter cost : 0 seconds

Elapsed time: 71-72: total : 7.734 secs, iter cost : 0 seconds

Elapsed time: 72-73: total : 385 millisecs, iter cost : 18 mseconds

num_new_nodes = 26634, current_graph_size = 887775, growth rate = 0.030000 
Elapsed time: 73-74: total : 1 millisecs, iter cost : 0 mseconds

Elapsed time: 74-75: total : 295 millisecs, iter cost : 19 mseconds

all new nodes initialized with years and mapped. FillSameYearSourceNodes with new_nodes_vec.size() = 26634
checking same_year_source_nodes size.
Elapsed time: 75-76: total : 0 millisecs, iter cost : 0 mseconds

new_nodes_vec.size() b4 : 26634

updated  updateGraphAttributesGeneratorNode .... 
Elapsed time: 76-77: total : 1039 millisecs, iter cost : 67 mseconds

continuous_node_mapping.size() b5 : 914409, reverse_continuous_node_mapping size = 914409

[ER Model] Building connections using Erdos-Renyi

[ER Model] Processing 26634 new nodes for year 2003 (graph size: 887775)

ALLOCATE DEVICE MEMORY
 Allocate RNG states.
 Estimate capacity based on ER model.
create_thread_vectors_bulk<int2>(num_new_nodes, per_thread_capacities.
Instead of batch - process all new nodes in parallel.
COLLECT RESULTS
[ER Model] Generated 2364454 edges

Year 2003: 26634 new nodes, 2364454 new edges

Elapsed time: 78-781 : total : 22.179 secs, this iter cost : 1.398 seconds

Elapsed time: 78-79 : total : 34.565 secs, this iter cost : 2.445 seconds

updateNodeInDegreeOutDegree(year=2003): updated 26634 out-degrees, 852353 in-degrees
Elapsed time: 79-81 : total : 7.044 secs, this iter cost : 0 seconds

Elapsed time: 79-80 : total : 4.925 secs, this iter cost : 0 seconds

Elapsed time: 80-81 : total : 2.108 secs, this iter cost : 0 seconds

Elapsed time: 70-81 : total : 57.795 secs, this iter cost : 3 seconds

 Entering loop for year = 2004
Elapsed time: 70-71: total : 7.022 secs, iter cost : 0 seconds

Elapsed time: 71-72: total : 8.159 secs, iter cost : 0 seconds

Elapsed time: 72-73: total : 404 millisecs, iter cost : 19 mseconds

num_new_nodes = 27433, current_graph_size = 914409, growth rate = 0.030000 
Elapsed time: 73-74: total : 1 millisecs, iter cost : 0 mseconds

Elapsed time: 74-75: total : 312 millisecs, iter cost : 17 mseconds

all new nodes initialized with years and mapped. FillSameYearSourceNodes with new_nodes_vec.size() = 27433
checking same_year_source_nodes size.
Elapsed time: 75-76: total : 0 millisecs, iter cost : 0 mseconds

new_nodes_vec.size() b4 : 27433

updated  updateGraphAttributesGeneratorNode .... 
Elapsed time: 76-77: total : 1107 millisecs, iter cost : 68 mseconds

continuous_node_mapping.size() b5 : 941842, reverse_continuous_node_mapping size = 941842

[ER Model] Building connections using Erdos-Renyi

[ER Model] Processing 27433 new nodes for year 2004 (graph size: 914409)

ALLOCATE DEVICE MEMORY
 Allocate RNG states.
 Estimate capacity based on ER model.
create_thread_vectors_bulk<int2>(num_new_nodes, per_thread_capacities.
Instead of batch - process all new nodes in parallel.
COLLECT RESULTS
[ER Model] Generated 2506625 edges

Year 2004: 27433 new nodes, 2506625 new edges

Elapsed time: 78-781 : total : 23.62 secs, this iter cost : 1.441 seconds

Elapsed time: 78-79 : total : 37.16 secs, this iter cost : 2.595 seconds

updateNodeInDegreeOutDegree(year=2004): updated 27433 out-degrees, 883053 in-degrees
Elapsed time: 79-81 : total : 7.589 secs, this iter cost : 0 seconds

Elapsed time: 79-80 : total : 5.332 secs, this iter cost : 0 seconds

Elapsed time: 80-81 : total : 2.245 secs, this iter cost : 0 seconds

Elapsed time: 70-81 : total : 61.824 secs, this iter cost : 4 seconds

 Entering loop for year = 2005
Elapsed time: 70-71: total : 7.412 secs, iter cost : 0 seconds

Elapsed time: 71-72: total : 8.692 secs, iter cost : 0 seconds

Elapsed time: 72-73: total : 418 millisecs, iter cost : 14 mseconds

num_new_nodes = 28256, current_graph_size = 941842, growth rate = 0.030000 
Elapsed time: 73-74: total : 5 millisecs, iter cost : 4 mseconds

Elapsed time: 74-75: total : 333 millisecs, iter cost : 21 mseconds

all new nodes initialized with years and mapped. FillSameYearSourceNodes with new_nodes_vec.size() = 28256
checking same_year_source_nodes size.
Elapsed time: 75-76: total : 0 millisecs, iter cost : 0 mseconds

new_nodes_vec.size() b4 : 28256

updated  updateGraphAttributesGeneratorNode .... 
Elapsed time: 76-77: total : 1177 millisecs, iter cost : 70 mseconds

continuous_node_mapping.size() b5 : 970098, reverse_continuous_node_mapping size = 970098

[ER Model] Building connections using Erdos-Renyi

[ER Model] Processing 28256 new nodes for year 2005 (graph size: 941842)

ALLOCATE DEVICE MEMORY
 Allocate RNG states.
 Estimate capacity based on ER model.
create_thread_vectors_bulk<int2>(num_new_nodes, per_thread_capacities.
Instead of batch - process all new nodes in parallel.
COLLECT RESULTS
[ER Model] Generated 2660780 edges

Year 2005: 28256 new nodes, 2660780 new edges

Elapsed time: 78-781 : total : 25.122 secs, this iter cost : 1.502 seconds

Elapsed time: 78-79 : total : 39.831 secs, this iter cost : 2.671 seconds

updateNodeInDegreeOutDegree(year=2005): updated 28256 out-degrees, 914390 in-degrees
Elapsed time: 79-81 : total : 8.106 secs, this iter cost : 0 seconds

Elapsed time: 79-80 : total : 5.704 secs, this iter cost : 0 seconds

Elapsed time: 80-81 : total : 2.39 secs, this iter cost : 0 seconds

Elapsed time: 70-81 : total : 66.048 secs, this iter cost : 4 seconds

 Entering loop for year = 2006
Elapsed time: 70-71: total : 7.792 secs, iter cost : 0 seconds

Elapsed time: 71-72: total : 9.13 secs, iter cost : 0 seconds

Elapsed time: 72-73: total : 436 millisecs, iter cost : 18 mseconds

num_new_nodes = 29103, current_graph_size = 970098, growth rate = 0.030000 
Elapsed time: 73-74: total : 5 millisecs, iter cost : 0 mseconds

Elapsed time: 74-75: total : 354 millisecs, iter cost : 21 mseconds

all new nodes initialized with years and mapped. FillSameYearSourceNodes with new_nodes_vec.size() = 29103
checking same_year_source_nodes size.
Elapsed time: 75-76: total : 0 millisecs, iter cost : 0 mseconds

new_nodes_vec.size() b4 : 29103

updated  updateGraphAttributesGeneratorNode .... 
Elapsed time: 76-77: total : 1248 millisecs, iter cost : 71 mseconds

continuous_node_mapping.size() b5 : 999201, reverse_continuous_node_mapping size = 999201

[ER Model] Building connections using Erdos-Renyi

[ER Model] Processing 29103 new nodes for year 2006 (graph size: 970098)

ALLOCATE DEVICE MEMORY
 Allocate RNG states.
 Estimate capacity based on ER model.
create_thread_vectors_bulk<int2>(num_new_nodes, per_thread_capacities.
Instead of batch - process all new nodes in parallel.
COLLECT RESULTS
[ER Model] Generated 2823289 edges

Year 2006: 29103 new nodes, 2823289 new edges

Elapsed time: 78-781 : total : 26.665 secs, this iter cost : 1.543 seconds

Elapsed time: 78-79 : total : 42.702 secs, this iter cost : 2.871 seconds

updateNodeInDegreeOutDegree(year=2006): updated 29103 out-degrees, 946656 in-degrees
Elapsed time: 79-81 : total : 8.578 secs, this iter cost : 0 seconds

Elapsed time: 79-80 : total : 6.033 secs, this iter cost : 0 seconds

Elapsed time: 80-81 : total : 2.532 secs, this iter cost : 0 seconds

Elapsed time: 70-81 : total : 70.322 secs, this iter cost : 4 seconds

 Entering loop for year = 2007
Elapsed time: 70-71: total : 8.177 secs, iter cost : 0 seconds

Elapsed time: 71-72: total : 9.597 secs, iter cost : 0 seconds

Elapsed time: 72-73: total : 450 millisecs, iter cost : 14 mseconds

num_new_nodes = 29977, current_graph_size = 999201, growth rate = 0.030000 
Elapsed time: 73-74: total : 5 millisecs, iter cost : 0 mseconds

Elapsed time: 74-75: total : 378 millisecs, iter cost : 24 mseconds

all new nodes initialized with years and mapped. FillSameYearSourceNodes with new_nodes_vec.size() = 29977
checking same_year_source_nodes size.
Elapsed time: 75-76: total : 0 millisecs, iter cost : 0 mseconds

new_nodes_vec.size() b4 : 29977

updated  updateGraphAttributesGeneratorNode .... 
Elapsed time: 76-77: total : 1322 millisecs, iter cost : 74 mseconds

continuous_node_mapping.size() b5 : 1029178, reverse_continuous_node_mapping size = 1029178

[ER Model] Building connections using Erdos-Renyi

[ER Model] Processing 29977 new nodes for year 2007 (graph size: 999201)

ALLOCATE DEVICE MEMORY
 Allocate RNG states.
 Estimate capacity based on ER model.
create_thread_vectors_bulk<int2>(num_new_nodes, per_thread_capacities.
Instead of batch - process all new nodes in parallel.
COLLECT RESULTS
[ER Model] Generated 2993535 edges

Year 2007: 29977 new nodes, 2993535 new edges

Elapsed time: 78-781 : total : 28.234 secs, this iter cost : 1.569 seconds

Elapsed time: 78-79 : total : 45.615 secs, this iter cost : 2.913 seconds

updateNodeInDegreeOutDegree(year=2007): updated 29977 out-degrees, 979303 in-degrees
Elapsed time: 79-81 : total : 9.118 secs, this iter cost : 0 seconds

Elapsed time: 79-80 : total : 6.422 secs, this iter cost : 0 seconds

Elapsed time: 80-81 : total : 2.683 secs, this iter cost : 0 seconds

Elapsed time: 70-81 : total : 74.743 secs, this iter cost : 4 seconds

 Entering loop for year = 2008
Elapsed time: 70-71: total : 8.571 secs, iter cost : 0 seconds

Elapsed time: 71-72: total : 10.046 secs, iter cost : 0 seconds

Elapsed time: 72-73: total : 473 millisecs, iter cost : 23 mseconds

num_new_nodes = 30876, current_graph_size = 1029178, growth rate = 0.030000 
Elapsed time: 73-74: total : 5 millisecs, iter cost : 0 mseconds

Elapsed time: 74-75: total : 402 millisecs, iter cost : 24 mseconds

all new nodes initialized with years and mapped. FillSameYearSourceNodes with new_nodes_vec.size() = 30876
checking same_year_source_nodes size.
Elapsed time: 75-76: total : 0 millisecs, iter cost : 0 mseconds

new_nodes_vec.size() b4 : 30876

updated  updateGraphAttributesGeneratorNode .... 
Elapsed time: 76-77: total : 1398 millisecs, iter cost : 76 mseconds

continuous_node_mapping.size() b5 : 1060054, reverse_continuous_node_mapping size = 1060054

[ER Model] Building connections using Erdos-Renyi

[ER Model] Processing 30876 new nodes for year 2008 (graph size: 1029178)

ALLOCATE DEVICE MEMORY
 Allocate RNG states.
 Estimate capacity based on ER model.
create_thread_vectors_bulk<int2>(num_new_nodes, per_thread_capacities.
Instead of batch - process all new nodes in parallel.
COLLECT RESULTS
[ER Model] Generated 3179276 edges

Year 2008: 30876 new nodes, 3179276 new edges

Elapsed time: 78-781 : total : 29.871 secs, this iter cost : 1.637 seconds

Elapsed time: 78-79 : total : 48.667 secs, this iter cost : 3.052 seconds

updateNodeInDegreeOutDegree(year=2008): updated 30876 out-degrees, 1013289 in-degrees
Elapsed time: 79-81 : total : 9.645 secs, this iter cost : 0 seconds

Elapsed time: 79-80 : total : 6.794 secs, this iter cost : 0 seconds

Elapsed time: 80-81 : total : 2.838 secs, this iter cost : 0 seconds

Elapsed time: 70-81 : total : 79.292 secs, this iter cost : 4 seconds

 Entering loop for year = 2009
Elapsed time: 70-71: total : 8.962 secs, iter cost : 0 seconds

Elapsed time: 71-72: total : 10.52 secs, iter cost : 0 seconds

Elapsed time: 72-73: total : 492 millisecs, iter cost : 19 mseconds

num_new_nodes = 31802, current_graph_size = 1060054, growth rate = 0.030000 
Elapsed time: 73-74: total : 5 millisecs, iter cost : 0 mseconds

Elapsed time: 74-75: total : 430 millisecs, iter cost : 28 mseconds

all new nodes initialized with years and mapped. FillSameYearSourceNodes with new_nodes_vec.size() = 31802
checking same_year_source_nodes size.
Elapsed time: 75-76: total : 0 millisecs, iter cost : 0 mseconds

new_nodes_vec.size() b4 : 31802

updated  updateGraphAttributesGeneratorNode .... 
Elapsed time: 76-77: total : 1477 millisecs, iter cost : 79 mseconds

continuous_node_mapping.size() b5 : 1091856, reverse_continuous_node_mapping size = 1091856

[ER Model] Building connections using Erdos-Renyi

[ER Model] Processing 31802 new nodes for year 2009 (graph size: 1060054)

ALLOCATE DEVICE MEMORY
 Allocate RNG states.
 Estimate capacity based on ER model.
create_thread_vectors_bulk<int2>(num_new_nodes, per_thread_capacities.
Instead of batch - process all new nodes in parallel.
COLLECT RESULTS
[ER Model] Generated 3372234 edges

Year 2009: 31802 new nodes, 3372234 new edges

Elapsed time: 78-781 : total : 31.548 secs, this iter cost : 1.677 seconds

Elapsed time: 78-79 : total : 51.946 secs, this iter cost : 3.279 seconds

updateNodeInDegreeOutDegree(year=2009): updated 31802 out-degrees, 1047638 in-degrees
Elapsed time: 79-81 : total : 10.168 secs, this iter cost : 0 seconds

Elapsed time: 79-80 : total : 7.156 secs, this iter cost : 0 seconds

Elapsed time: 80-81 : total : 2.998 secs, this iter cost : 0 seconds

Elapsed time: 70-81 : total : 84.088 secs, this iter cost : 4 seconds

 Entering loop for year = 2010
Elapsed time: 70-71: total : 9.355 secs, iter cost : 0 seconds

Elapsed time: 71-72: total : 11.036 secs, iter cost : 0 seconds

Elapsed time: 72-73: total : 511 millisecs, iter cost : 19 mseconds

num_new_nodes = 32756, current_graph_size = 1091856, growth rate = 0.030000 
Elapsed time: 73-74: total : 5 millisecs, iter cost : 0 mseconds

Elapsed time: 74-75: total : 458 millisecs, iter cost : 28 mseconds

all new nodes initialized with years and mapped. FillSameYearSourceNodes with new_nodes_vec.size() = 32756
checking same_year_source_nodes size.
Elapsed time: 75-76: total : 0 millisecs, iter cost : 0 mseconds

new_nodes_vec.size() b4 : 32756

updated  updateGraphAttributesGeneratorNode .... 
Elapsed time: 76-77: total : 1556 millisecs, iter cost : 79 mseconds

continuous_node_mapping.size() b5 : 1124612, reverse_continuous_node_mapping size = 1124612

[ER Model] Building connections using Erdos-Renyi

[ER Model] Processing 32756 new nodes for year 2010 (graph size: 1091856)

ALLOCATE DEVICE MEMORY
 Allocate RNG states.
 Estimate capacity based on ER model.
create_thread_vectors_bulk<int2>(num_new_nodes, per_thread_capacities.
Instead of batch - process all new nodes in parallel.
COLLECT RESULTS
[ER Model] Generated 3576117 edges

Year 2010: 32756 new nodes, 3576117 new edges

Elapsed time: 78-781 : total : 33.266 secs, this iter cost : 1.718 seconds

Elapsed time: 78-79 : total : 55.139 secs, this iter cost : 3.193 seconds

updateNodeInDegreeOutDegree(year=2010): updated 32756 out-degrees, 1083459 in-degrees
Elapsed time: 79-81 : total : 10.727 secs, this iter cost : 0 seconds

Elapsed time: 79-80 : total : 7.55 secs, this iter cost : 0 seconds

Elapsed time: 80-81 : total : 3.162 secs, this iter cost : 0 seconds

Elapsed time: 70-81 : total : 88.876 secs, this iter cost : 4 seconds

 Entering loop for year = 2011
Elapsed time: 70-71: total : 9.79 secs, iter cost : 0 seconds

Elapsed time: 71-72: total : 11.531 secs, iter cost : 0 seconds

Elapsed time: 72-73: total : 530 millisecs, iter cost : 19 mseconds

num_new_nodes = 33739, current_graph_size = 1124612, growth rate = 0.030000 
Elapsed time: 73-74: total : 5 millisecs, iter cost : 0 mseconds

Elapsed time: 74-75: total : 482 millisecs, iter cost : 24 mseconds

all new nodes initialized with years and mapped. FillSameYearSourceNodes with new_nodes_vec.size() = 33739
checking same_year_source_nodes size.
Elapsed time: 75-76: total : 0 millisecs, iter cost : 0 mseconds

new_nodes_vec.size() b4 : 33739

updated  updateGraphAttributesGeneratorNode .... 
Elapsed time: 76-77: total : 1638 millisecs, iter cost : 82 mseconds

continuous_node_mapping.size() b5 : 1158351, reverse_continuous_node_mapping size = 1158351

[ER Model] Building connections using Erdos-Renyi

[ER Model] Processing 33739 new nodes for year 2011 (graph size: 1124612)

ALLOCATE DEVICE MEMORY
 Allocate RNG states.
 Estimate capacity based on ER model.
create_thread_vectors_bulk<int2>(num_new_nodes, per_thread_capacities.
Instead of batch - process all new nodes in parallel.
COLLECT RESULTS
[ER Model] Generated 3796823 edges

Year 2011: 33739 new nodes, 3796823 new edges

Elapsed time: 78-781 : total : 35.045 secs, this iter cost : 1.779 seconds

Elapsed time: 78-79 : total : 58.496 secs, this iter cost : 3.357 seconds

updateNodeInDegreeOutDegree(year=2011): updated 33739 out-degrees, 1120014 in-degrees
Elapsed time: 79-81 : total : 11.254 secs, this iter cost : 0 seconds

Elapsed time: 79-80 : total : 7.909 secs, this iter cost : 0 seconds

Elapsed time: 80-81 : total : 3.329 secs, this iter cost : 0 seconds

Elapsed time: 70-81 : total : 93.817 secs, this iter cost : 4 seconds

 Entering loop for year = 2012
Elapsed time: 70-71: total : 10.263 secs, iter cost : 0 seconds

Elapsed time: 71-72: total : 12.042 secs, iter cost : 0 seconds

Elapsed time: 72-73: total : 549 millisecs, iter cost : 19 mseconds

num_new_nodes = 34751, current_graph_size = 1158351, growth rate = 0.030000 
Elapsed time: 73-74: total : 5 millisecs, iter cost : 0 mseconds

Elapsed time: 74-75: total : 512 millisecs, iter cost : 30 mseconds

all new nodes initialized with years and mapped. FillSameYearSourceNodes with new_nodes_vec.size() = 34751
checking same_year_source_nodes size.
Elapsed time: 75-76: total : 0 millisecs, iter cost : 0 mseconds

new_nodes_vec.size() b4 : 34751

updated  updateGraphAttributesGeneratorNode .... 
Elapsed time: 76-77: total : 1725 millisecs, iter cost : 87 mseconds

continuous_node_mapping.size() b5 : 1193102, reverse_continuous_node_mapping size = 1193102

[ER Model] Building connections using Erdos-Renyi

[ER Model] Processing 34751 new nodes for year 2012 (graph size: 1158351)

ALLOCATE DEVICE MEMORY
 Allocate RNG states.
 Estimate capacity based on ER model.
create_thread_vectors_bulk<int2>(num_new_nodes, per_thread_capacities.
Instead of batch - process all new nodes in parallel.
COLLECT RESULTS
[ER Model] Generated 4025660 edges

Year 2012: 34751 new nodes, 4025660 new edges

Elapsed time: 78-781 : total : 36.896 secs, this iter cost : 1.851 seconds

Elapsed time: 78-79 : total : 62.191 secs, this iter cost : 3.695 seconds

updateNodeInDegreeOutDegree(year=2012): updated 34751 out-degrees, 1157057 in-degrees
Elapsed time: 79-81 : total : 11.833 secs, this iter cost : 0 seconds

Elapsed time: 79-80 : total : 8.311 secs, this iter cost : 0 seconds

Elapsed time: 80-81 : total : 3.505 secs, this iter cost : 0 seconds

Elapsed time: 70-81 : total : 99.214 secs, this iter cost : 5 seconds

Elapsed time: 7-8 :  99 seconds

compute done:: graph size = 1193102
Elapsed time: 8-8.1 :  0 seconds

Writing Graph to file: ./output/30y/gpu-opt-static-output-30y-3p.edgelist

Elapsed time: 8.1-9 :  1 seconds

Elapsed time: 9-10 :  0 seconds

 graph size = 1193102
WriteAttributes: graph size = 1193102

Elapsed time: 0-1 : 3 seconds

Elapsed time: 1-4 : 0 seconds

Elapsed time: 4-7 : 0 seconds

Elapsed time: 70-71: total : 10.263 seconds.

Elapsed time: 71-72: total : 12.042 seconds.

Elapsed time: 72-73: total : 0.549 seconds.

Elapsed time: 73-74: total : 0.005 seconds.

Elapsed time: 74-75: total : 0.512 seconds.

Elapsed time: 75-76: total : 0 seconds.

Elapsed time: 76-77: total : 1.725 seconds.

Elapsed time: 77-79: total : 62.191 seconds.

Elapsed time: 79-81 : total : 11.833 seconds.

Elapsed time: 79-80 : total : 8.311 seconds.

Elapsed time: 80-81 : total : 3.505 seconds.

Elapsed time: 70-81 : total : 99.214 seconds.

Elapsed time: 7-8 : 99 seconds

Elapsed time: 8-8.1 :  0 seconds

Elapsed time: 8.1-9 :  1 seconds

Elapsed time: 9-10 : 0 seconds

Elapsed time: 11-12 : 4 seconds

Elapsed time: 10-12 : 4 seconds

Elapsed time: 0-7 : 3 seconds

Elapsed time: 7-8 : 99 seconds

Elapsed time: 8-12 : 7 seconds

E2E Time for num_cycles = 30 with growth_rate = 3 % = 114 seconds.
GPU 0: General Metrics for NVIDIA GH100 (any frequency)
Generating '/tmp/nsys-report-6f35.qdstrm'
[1/8] [0%                          ] nsys-er-gnp-30y-3p.nsys-rep[1/8] [0%                          ] nsys-er-gnp-30y-3p.nsys-rep[1/8] [8%                          ] nsys-er-gnp-30y-3p.nsys-rep[1/8] [7%                          ] nsys-er-gnp-30y-3p.nsys-rep[1/8] [8%                          ] nsys-er-gnp-30y-3p.nsys-rep[1/8] [7%                          ] nsys-er-gnp-30y-3p.nsys-rep[1/8] [6%                          ] nsys-er-gnp-30y-3p.nsys-rep[1/8] [5%                          ] nsys-er-gnp-30y-3p.nsys-rep[1/8] [8%                          ] nsys-er-gnp-30y-3p.nsys-rep[1/8] [7%                          ] nsys-er-gnp-30y-3p.nsys-rep[1/8] [6%                          ] nsys-er-gnp-30y-3p.nsys-rep[1/8] [8%                          ] nsys-er-gnp-30y-3p.nsys-rep[1/8] [7%                          ] nsys-er-gnp-30y-3p.nsys-rep[1/8] [9%                          ] nsys-er-gnp-30y-3p.nsys-rep[1/8] [8%                          ] nsys-er-gnp-30y-3p.nsys-rep[1/8] [9%                          ] nsys-er-gnp-30y-3p.nsys-rep[1/8] [8%                          ] nsys-er-gnp-30y-3p.nsys-rep[1/8] [9%                          ] nsys-er-gnp-30y-3p.nsys-rep[1/8] [8%                          ] nsys-er-gnp-30y-3p.nsys-rep[1/8] [9%                          ] nsys-er-gnp-30y-3p.nsys-rep[1/8] [8%                          ] nsys-er-gnp-30y-3p.nsys-rep[1/8] [9%                          ] nsys-er-gnp-30y-3p.nsys-rep[1/8] [8%                          ] nsys-er-gnp-30y-3p.nsys-rep[1/8] [9%                          ] nsys-er-gnp-30y-3p.nsys-rep[1/8] [8%                          ] nsys-er-gnp-30y-3p.nsys-rep[1/8] [9%                          ] nsys-er-gnp-30y-3p.nsys-rep[1/8] [8%                          ] nsys-er-gnp-30y-3p.nsys-rep[1/8] [9%                          ] nsys-er-gnp-30y-3p.nsys-rep[1/8] [8%                          ] nsys-er-gnp-30y-3p.nsys-rep[1/8] [9%                          ] nsys-er-gnp-30y-3p.nsys-rep[1/8] [8%                          ] nsys-er-gnp-30y-3p.nsys-rep[1/8] [9%                          ] nsys-er-gnp-30y-3p.nsys-rep[1/8] [8%                          ] nsys-er-gnp-30y-3p.nsys-rep[1/8] [9%                          ] nsys-er-gnp-30y-3p.nsys-rep[1/8] [8%                          ] nsys-er-gnp-30y-3p.nsys-rep[1/8] [9%                          ] nsys-er-gnp-30y-3p.nsys-rep[1/8] [8%                          ] nsys-er-gnp-30y-3p.nsys-rep[1/8] [9%                          ] nsys-er-gnp-30y-3p.nsys-rep[1/8] [8%                          ] nsys-er-gnp-30y-3p.nsys-rep[1/8] [9%                          ] nsys-er-gnp-30y-3p.nsys-rep[1/8] [8%                          ] nsys-er-gnp-30y-3p.nsys-rep[1/8] [9%                          ] nsys-er-gnp-30y-3p.nsys-rep[1/8] [8%                          ] nsys-er-gnp-30y-3p.nsys-rep[1/8] [9%                          ] nsys-er-gnp-30y-3p.nsys-rep[1/8] [8%                          ] nsys-er-gnp-30y-3p.nsys-rep[1/8] [9%                          ] nsys-er-gnp-30y-3p.nsys-rep[1/8] [10%                         ] nsys-er-gnp-30y-3p.nsys-rep[1/8] [9%                          ] nsys-er-gnp-30y-3p.nsys-rep[1/8] [10%                         ] nsys-er-gnp-30y-3p.nsys-rep[1/8] [9%                          ] nsys-er-gnp-30y-3p.nsys-rep[1/8] [10%                         ] nsys-er-gnp-30y-3p.nsys-rep[1/8] [9%                          ] nsys-er-gnp-30y-3p.nsys-rep[1/8] [10%                         ] nsys-er-gnp-30y-3p.nsys-rep[1/8] [11%                         ] nsys-er-gnp-30y-3p.nsys-rep[1/8] [10%                         ] nsys-er-gnp-30y-3p.nsys-rep[1/8] [11%                         ] nsys-er-gnp-30y-3p.nsys-rep[1/8] [10%                         ] nsys-er-gnp-30y-3p.nsys-rep[1/8] [11%                         ] nsys-er-gnp-30y-3p.nsys-rep[1/8] [10%                         ] nsys-er-gnp-30y-3p.nsys-rep[1/8] [11%                         ] nsys-er-gnp-30y-3p.nsys-rep[1/8] [10%                         ] nsys-er-gnp-30y-3p.nsys-rep[1/8] [11%                         ] nsys-er-gnp-30y-3p.nsys-rep[1/8] [10%                         ] nsys-er-gnp-30y-3p.nsys-rep[1/8] [9%                          ] nsys-er-gnp-30y-3p.nsys-rep[1/8] [8%                          ] nsys-er-gnp-30y-3p.nsys-rep[1/8] [7%                          ] nsys-er-gnp-30y-3p.nsys-rep[1/8] [8%                          ] nsys-er-gnp-30y-3p.nsys-rep[1/8] [9%                          ] nsys-er-gnp-30y-3p.nsys-rep[1/8] [10%                         ] nsys-er-gnp-30y-3p.nsys-rep[1/8] [11%                         ] nsys-er-gnp-30y-3p.nsys-rep[1/8] [12%                         ] nsys-er-gnp-30y-3p.nsys-rep[1/8] [13%                         ] nsys-er-gnp-30y-3p.nsys-rep[1/8] [14%                         ] nsys-er-gnp-30y-3p.nsys-rep[1/8] [=15%                        ] nsys-er-gnp-30y-3p.nsys-rep[1/8] [=16%                        ] nsys-er-gnp-30y-3p.nsys-rep[1/8] [=17%                        ] nsys-er-gnp-30y-3p.nsys-rep[1/8] [==18%                       ] nsys-er-gnp-30y-3p.nsys-rep[1/8] [==19%                       ] nsys-er-gnp-30y-3p.nsys-rep[1/8] [==20%                       ] nsys-er-gnp-30y-3p.nsys-rep[1/8] [==21%                       ] nsys-er-gnp-30y-3p.nsys-rep[1/8] [===22%                      ] nsys-er-gnp-30y-3p.nsys-rep[1/8] [===23%                      ] nsys-er-gnp-30y-3p.nsys-rep[1/8] [===24%                      ] nsys-er-gnp-30y-3p.nsys-rep[1/8] [====25%                     ] nsys-er-gnp-30y-3p.nsys-rep[1/8] [====26%                     ] nsys-er-gnp-30y-3p.nsys-rep[1/8] [====27%                     ] nsys-er-gnp-30y-3p.nsys-rep[1/8] [====28%                     ] nsys-er-gnp-30y-3p.nsys-rep[1/8] [=====29%                    ] nsys-er-gnp-30y-3p.nsys-rep[1/8] [=====30%                    ] nsys-er-gnp-30y-3p.nsys-rep[1/8] [=====31%                    ] nsys-er-gnp-30y-3p.nsys-rep[1/8] [=====32%                    ] nsys-er-gnp-30y-3p.nsys-rep[1/8] [======33%                   ] nsys-er-gnp-30y-3p.nsys-rep[1/8] [======34%                   ] nsys-er-gnp-30y-3p.nsys-rep[1/8] [======35%                   ] nsys-er-gnp-30y-3p.nsys-rep[1/8] [=======36%                  ] nsys-er-gnp-30y-3p.nsys-rep[1/8] [=======37%                  ] nsys-er-gnp-30y-3p.nsys-rep[1/8] [=======38%                  ] nsys-er-gnp-30y-3p.nsys-rep[1/8] [=======39%                  ] nsys-er-gnp-30y-3p.nsys-rep[1/8] [========40%                 ] nsys-er-gnp-30y-3p.nsys-rep[1/8] [========41%                 ] nsys-er-gnp-30y-3p.nsys-rep[1/8] [========42%                 ] nsys-er-gnp-30y-3p.nsys-rep[1/8] [=========43%                ] nsys-er-gnp-30y-3p.nsys-rep[1/8] [=========44%                ] nsys-er-gnp-30y-3p.nsys-rep[1/8] [=========45%                ] nsys-er-gnp-30y-3p.nsys-rep[1/8] [=========46%                ] nsys-er-gnp-30y-3p.nsys-rep[1/8] [==========47%               ] nsys-er-gnp-30y-3p.nsys-rep[1/8] [==========48%               ] nsys-er-gnp-30y-3p.nsys-rep[1/8] [==========49%               ] nsys-er-gnp-30y-3p.nsys-rep[1/8] [===========50%              ] nsys-er-gnp-30y-3p.nsys-rep[1/8] [===========51%              ] nsys-er-gnp-30y-3p.nsys-rep[1/8] [===========52%              ] nsys-er-gnp-30y-3p.nsys-rep[1/8] [===========53%              ] nsys-er-gnp-30y-3p.nsys-rep[1/8] [============54%             ] nsys-er-gnp-30y-3p.nsys-rep[1/8] [============55%             ] nsys-er-gnp-30y-3p.nsys-rep[1/8] [============56%             ] nsys-er-gnp-30y-3p.nsys-rep[1/8] [============57%             ] nsys-er-gnp-30y-3p.nsys-rep[1/8] [=============58%            ] nsys-er-gnp-30y-3p.nsys-rep[1/8] [=============59%            ] nsys-er-gnp-30y-3p.nsys-rep[1/8] [=============60%            ] nsys-er-gnp-30y-3p.nsys-rep[1/8] [==============61%           ] nsys-er-gnp-30y-3p.nsys-rep[1/8] [==============62%           ] nsys-er-gnp-30y-3p.nsys-rep[1/8] [==============63%           ] nsys-er-gnp-30y-3p.nsys-rep[1/8] [==============64%           ] nsys-er-gnp-30y-3p.nsys-rep[1/8] [===============65%          ] nsys-er-gnp-30y-3p.nsys-rep[1/8] [===============66%          ] nsys-er-gnp-30y-3p.nsys-rep[1/8] [===============67%          ] nsys-er-gnp-30y-3p.nsys-rep[1/8] [================68%         ] nsys-er-gnp-30y-3p.nsys-rep[1/8] [================69%         ] nsys-er-gnp-30y-3p.nsys-rep[1/8] [================70%         ] nsys-er-gnp-30y-3p.nsys-rep[1/8] [================71%         ] nsys-er-gnp-30y-3p.nsys-rep[1/8] [=================72%        ] nsys-er-gnp-30y-3p.nsys-rep[1/8] [=================73%        ] nsys-er-gnp-30y-3p.nsys-rep[1/8] [=================74%        ] nsys-er-gnp-30y-3p.nsys-rep[1/8] [==================75%       ] nsys-er-gnp-30y-3p.nsys-rep[1/8] [==================76%       ] nsys-er-gnp-30y-3p.nsys-rep[1/8] [==================77%       ] nsys-er-gnp-30y-3p.nsys-rep[1/8] [==================78%       ] nsys-er-gnp-30y-3p.nsys-rep[1/8] [===================79%      ] nsys-er-gnp-30y-3p.nsys-rep[1/8] [========================100%] nsys-er-gnp-30y-3p.nsys-rep[1/8] [========================100%] nsys-er-gnp-30y-3p.nsys-rep
[2/8] [0%                          ] nsys-er-gnp-30y-3p.sqlite[2/8] [1%                          ] nsys-er-gnp-30y-3p.sqlite[2/8] [2%                          ] nsys-er-gnp-30y-3p.sqlite[2/8] [3%                          ] nsys-er-gnp-30y-3p.sqlite[2/8] [4%                          ] nsys-er-gnp-30y-3p.sqlite[2/8] [5%                          ] nsys-er-gnp-30y-3p.sqlite[2/8] [6%                          ] nsys-er-gnp-30y-3p.sqlite[2/8] [7%                          ] nsys-er-gnp-30y-3p.sqlite[2/8] [8%                          ] nsys-er-gnp-30y-3p.sqlite[2/8] [9%                          ] nsys-er-gnp-30y-3p.sqlite[2/8] [10%                         ] nsys-er-gnp-30y-3p.sqlite[2/8] [11%                         ] nsys-er-gnp-30y-3p.sqlite[2/8] [12%                         ] nsys-er-gnp-30y-3p.sqlite[2/8] [13%                         ] nsys-er-gnp-30y-3p.sqlite[2/8] [14%                         ] nsys-er-gnp-30y-3p.sqlite[2/8] [=15%                        ] nsys-er-gnp-30y-3p.sqlite[2/8] [=16%                        ] nsys-er-gnp-30y-3p.sqlite[2/8] [=17%                        ] nsys-er-gnp-30y-3p.sqlite[2/8] [==18%                       ] nsys-er-gnp-30y-3p.sqlite[2/8] [==19%                       ] nsys-er-gnp-30y-3p.sqlite[2/8] [==20%                       ] nsys-er-gnp-30y-3p.sqlite[2/8] [==21%                       ] nsys-er-gnp-30y-3p.sqlite[2/8] [===22%                      ] nsys-er-gnp-30y-3p.sqlite[2/8] [===23%                      ] nsys-er-gnp-30y-3p.sqlite[2/8] [===24%                      ] nsys-er-gnp-30y-3p.sqlite[2/8] [====25%                     ] nsys-er-gnp-30y-3p.sqlite[2/8] [====26%                     ] nsys-er-gnp-30y-3p.sqlite[2/8] [====27%                     ] nsys-er-gnp-30y-3p.sqlite[2/8] [====28%                     ] nsys-er-gnp-30y-3p.sqlite[2/8] [=====29%                    ] nsys-er-gnp-30y-3p.sqlite[2/8] [=====30%                    ] nsys-er-gnp-30y-3p.sqlite[2/8] [=====31%                    ] nsys-er-gnp-30y-3p.sqlite[2/8] [=====32%                    ] nsys-er-gnp-30y-3p.sqlite[2/8] [======33%                   ] nsys-er-gnp-30y-3p.sqlite[2/8] [======34%                   ] nsys-er-gnp-30y-3p.sqlite[2/8] [======35%                   ] nsys-er-gnp-30y-3p.sqlite[2/8] [=======36%                  ] nsys-er-gnp-30y-3p.sqlite[2/8] [=======37%                  ] nsys-er-gnp-30y-3p.sqlite[2/8] [=======38%                  ] nsys-er-gnp-30y-3p.sqlite[2/8] [=======39%                  ] nsys-er-gnp-30y-3p.sqlite[2/8] [========40%                 ] nsys-er-gnp-30y-3p.sqlite[2/8] [========41%                 ] nsys-er-gnp-30y-3p.sqlite[2/8] [========42%                 ] nsys-er-gnp-30y-3p.sqlite[2/8] [=========43%                ] nsys-er-gnp-30y-3p.sqlite[2/8] [=========44%                ] nsys-er-gnp-30y-3p.sqlite[2/8] [=========45%                ] nsys-er-gnp-30y-3p.sqlite[2/8] [=========46%                ] nsys-er-gnp-30y-3p.sqlite[2/8] [==========47%               ] nsys-er-gnp-30y-3p.sqlite[2/8] [==========48%               ] nsys-er-gnp-30y-3p.sqlite[2/8] [==========49%               ] nsys-er-gnp-30y-3p.sqlite[2/8] [===========50%              ] nsys-er-gnp-30y-3p.sqlite[2/8] [===========51%              ] nsys-er-gnp-30y-3p.sqlite[2/8] [===========52%              ] nsys-er-gnp-30y-3p.sqlite[2/8] [===========53%              ] nsys-er-gnp-30y-3p.sqlite[2/8] [============54%             ] nsys-er-gnp-30y-3p.sqlite[2/8] [============55%             ] nsys-er-gnp-30y-3p.sqlite[2/8] [============56%             ] nsys-er-gnp-30y-3p.sqlite[2/8] [============57%             ] nsys-er-gnp-30y-3p.sqlite[2/8] [=============58%            ] nsys-er-gnp-30y-3p.sqlite[2/8] [=============59%            ] nsys-er-gnp-30y-3p.sqlite[2/8] [=============60%            ] nsys-er-gnp-30y-3p.sqlite[2/8] [==============61%           ] nsys-er-gnp-30y-3p.sqlite[2/8] [==============62%           ] nsys-er-gnp-30y-3p.sqlite[2/8] [==============63%           ] nsys-er-gnp-30y-3p.sqlite[2/8] [==============64%           ] nsys-er-gnp-30y-3p.sqlite[2/8] [===============65%          ] nsys-er-gnp-30y-3p.sqlite[2/8] [===============66%          ] nsys-er-gnp-30y-3p.sqlite[2/8] [===============67%          ] nsys-er-gnp-30y-3p.sqlite[2/8] [================68%         ] nsys-er-gnp-30y-3p.sqlite[2/8] [================69%         ] nsys-er-gnp-30y-3p.sqlite[2/8] [================70%         ] nsys-er-gnp-30y-3p.sqlite[2/8] [================71%         ] nsys-er-gnp-30y-3p.sqlite[2/8] [=================72%        ] nsys-er-gnp-30y-3p.sqlite[2/8] [=================73%        ] nsys-er-gnp-30y-3p.sqlite[2/8] [=================74%        ] nsys-er-gnp-30y-3p.sqlite[2/8] [==================75%       ] nsys-er-gnp-30y-3p.sqlite[2/8] [==================76%       ] nsys-er-gnp-30y-3p.sqlite[2/8] [==================77%       ] nsys-er-gnp-30y-3p.sqlite[2/8] [==================78%       ] nsys-er-gnp-30y-3p.sqlite[2/8] [===================79%      ] nsys-er-gnp-30y-3p.sqlite[2/8] [===================80%      ] nsys-er-gnp-30y-3p.sqlite[2/8] [===================81%      ] nsys-er-gnp-30y-3p.sqlite[2/8] [===================82%      ] nsys-er-gnp-30y-3p.sqlite[2/8] [====================83%     ] nsys-er-gnp-30y-3p.sqlite[2/8] [====================84%     ] nsys-er-gnp-30y-3p.sqlite[2/8] [====================85%     ] nsys-er-gnp-30y-3p.sqlite[2/8] [=====================86%    ] nsys-er-gnp-30y-3p.sqlite[2/8] [=====================87%    ] nsys-er-gnp-30y-3p.sqlite[2/8] [=====================88%    ] nsys-er-gnp-30y-3p.sqlite[2/8] [=====================89%    ] nsys-er-gnp-30y-3p.sqlite[2/8] [======================90%   ] nsys-er-gnp-30y-3p.sqlite[2/8] [======================91%   ] nsys-er-gnp-30y-3p.sqlite[2/8] [======================92%   ] nsys-er-gnp-30y-3p.sqlite[2/8] [=======================93%  ] nsys-er-gnp-30y-3p.sqlite[2/8] [=======================94%  ] nsys-er-gnp-30y-3p.sqlite[2/8] [=======================95%  ] nsys-er-gnp-30y-3p.sqlite[2/8] [=======================96%  ] nsys-er-gnp-30y-3p.sqlite[2/8] [========================97% ] nsys-er-gnp-30y-3p.sqlite[2/8] [========================98% ] nsys-er-gnp-30y-3p.sqlite[2/8] [========================99% ] nsys-er-gnp-30y-3p.sqlite[2/8] [========================100%] nsys-er-gnp-30y-3p.sqlite[2/8] [========================100%] nsys-er-gnp-30y-3p.sqlite
SKIPPED: /home/jmukher/workspace/uiuc/citation_abm/erprofile/nsys-er-gnp-30y-3p.sqlite does not contain NV Tools Extension (NVTX) data.
[3/8] Executing 'nvtx_sum' stats report
[4/8] Executing 'osrt_sum' stats report

 Time (%)  Total Time (ns)  Num Calls    Avg (ns)      Med (ns)    Min (ns)   Max (ns)    StdDev (ns)            Name         
 --------  ---------------  ---------  ------------  ------------  --------  -----------  ------------  ----------------------
     99.3  197,877,346,776     10,004  19,779,822.7  10,059,235.0     1,749  106,635,511  28,008,650.4  poll                  
      0.3      684,079,949         96   7,125,832.8   1,505,321.5   267,899   30,381,398   9,515,814.7  writev                
      0.2      308,548,266      1,429     215,919.0     204,860.0   147,235      527,633      45,740.8  pthread_create        
      0.1      252,634,251      3,575      70,666.9      28,169.0     1,001   26,592,504     506,555.4  ioctl                 
      0.0       28,822,866        280     102,938.8      29,442.5    19,592      590,139     137,736.8  pthread_rwlock_wrlock 
      0.0       19,950,415          9   2,216,712.8     184,169.0    76,206   12,319,093   4,039,128.5  fopen64               
      0.0       12,232,747        346      35,354.8       4,926.0     1,021    4,553,098     347,152.2  fflush                
      0.0       11,285,360      5,972       1,889.7       1,555.0     1,008    1,851,661      23,942.1  read                  
      0.0        6,173,609        257      24,021.8      24,260.0     1,007       64,779      10,214.9  pthread_rwlock_rdlock 
      0.0        1,565,716         76      20,601.5      16,364.0     1,458      108,189      23,018.6  write                 
      0.0        1,269,991         30      42,333.0       6,440.0     3,269      786,377     142,294.5  mmap64                
      0.0          739,043         14      52,788.8       3,915.5     1,040      300,603     100,827.5  fclose                
      0.0          317,333         11      28,848.5      28,007.0    19,328       56,663      10,266.3  sem_timedwait         
      0.0          191,021         17      11,236.5       8,561.0     2,998       53,048      11,761.2  mmap                  
      0.0          180,821         41       4,410.3       1,814.0     1,260       29,450       5,727.5  fopen                 
      0.0          170,253         85       2,003.0       1,729.0     1,034        5,102         907.4  fwrite                
      0.0          157,160         52       3,022.3       2,136.5     1,022        9,781       1,949.8  open64                
      0.0           90,905          1      90,905.0      90,905.0    90,905       90,905           0.0  pthread_cond_wait     
      0.0           36,671          1      36,671.0      36,671.0    36,671       36,671           0.0  fgets                 
      0.0           31,821          5       6,364.2       6,852.0     3,235       10,604       2,882.8  munmap                
      0.0           24,316          6       4,052.7       4,176.0     1,224        6,919       2,229.2  open                  
      0.0           17,054          3       5,684.7       6,752.0     1,889        8,413       3,390.4  pipe2                 
      0.0           14,995          2       7,497.5       7,497.5     4,635       10,360       4,048.2  socket                
      0.0           12,114          1      12,114.0      12,114.0    12,114       12,114           0.0  connect               
      0.0            5,267          2       2,633.5       2,633.5     1,683        3,584       1,344.2  pthread_cond_broadcast
      0.0            4,059          2       2,029.5       2,029.5     1,072        2,987       1,354.1  pthread_mutex_lock    
      0.0            3,391          1       3,391.0       3,391.0     3,391        3,391           0.0  bind                  
      0.0            2,616          2       1,308.0       1,308.0     1,290        1,326          25.5  fcntl                 
      0.0            1,742          1       1,742.0       1,742.0     1,742        1,742           0.0  pthread_mutex_trylock 

[5/8] Executing 'cuda_api_sum' stats report

 Time (%)  Total Time (ns)  Num Calls    Avg (ns)      Med (ns)     Min (ns)    Max (ns)    StdDev (ns)            Name         
 --------  ---------------  ---------  ------------  ------------  ----------  -----------  ------------  ----------------------
     65.7   23,393,583,983  2,806,370       8,335.9      10,547.0       2,329    4,151,574      12,354.8  cudaMemcpy            
     17.5    6,222,635,293  1,403,260       4,434.4       4,233.0       3,087    4,308,379       9,577.0  cudaFree              
     12.4    4,427,692,578  1,403,260       3,155.3       2,805.0       1,699    4,170,287      13,216.1  cudaMalloc            
      3.9    1,400,729,220         30  46,690,974.0  44,935,188.0  29,323,186   77,337,914  12,603,551.4  cudaStreamSynchronize 
      0.4      136,321,114         30   4,544,037.1      67,399.0      39,461  134,539,555  24,552,237.4  cudaStreamCreate      
      0.0       14,529,891         30     484,329.7      33,540.0      19,101   13,574,306   2,472,304.9  cudaLaunchKernel      
      0.0        1,762,465         30      58,748.8      60,123.5      31,317       75,487       7,656.6  cudaMemcpyAsync       
      0.0        1,411,916         30      47,063.9      47,053.5      37,336       55,407       3,332.5  cudaMemset            
      0.0          492,832         30      16,427.7      17,416.0      11,360       20,524       2,893.3  cudaStreamDestroy     
      0.0            1,696          1       1,696.0       1,696.0       1,696        1,696           0.0  cuModuleGetLoadingMode

[6/8] Executing 'cuda_gpu_kern_sum' stats report

 Time (%)  Total Time (ns)  Instances    Avg (ns)      Med (ns)     Min (ns)    Max (ns)   StdDev (ns)                                                   Name                                                
 --------  ---------------  ---------  ------------  ------------  ----------  ----------  ------------  ----------------------------------------------------------------------------------------------------
    100.0    1,400,656,053         30  46,688,535.1  44,931,505.5  29,328,463  77,335,262  12,602,728.9  kernelErdosRenyiGNP(int, int, int, ABM *, curandStateXORWOW *, unsigned long long, int *, device_ve…

[7/8] Executing 'cuda_gpu_mem_time_sum' stats report

 Time (%)  Total Time (ns)    Count    Avg (ns)  Med (ns)  Min (ns)  Max (ns)  StdDev (ns)           Operation          
 --------  ---------------  ---------  --------  --------  --------  --------  -----------  ----------------------------
     75.3    3,320,122,889  1,403,200   2,366.1   2,336.0     1,728    38,144        212.9  [CUDA memcpy Device-to-Host]
     24.7    1,088,936,221  1,403,200     776.0     768.0       703    30,880        157.0  [CUDA memcpy Host-to-Device]
      0.0          310,427         30  10,347.6   9,071.5     4,768    21,184      5,101.6  [CUDA memset]               

[8/8] Executing 'cuda_gpu_mem_size_sum' stats report

 Total (MB)    Count    Avg (MB)  Med (MB)  Min (MB)  Max (MB)  StdDev (MB)           Operation          
 ----------  ---------  --------  --------  --------  --------  -----------  ----------------------------
    928.846         30    30.962    27.265    11.561    64.220       15.724  [CUDA memset]               
    513.397  1,403,200     0.000     0.000     0.000     1.112        0.005  [CUDA memcpy Device-to-Host]
     30.869  1,403,200     0.000     0.000     0.000     1.112        0.004  [CUDA memcpy Host-to-Device]

Generated:
    /home/jmukher/workspace/uiuc/citation_abm/erprofile/nsys-er-gnp-30y-3p.nsys-rep
    /home/jmukher/workspace/uiuc/citation_abm/erprofile/nsys-er-gnp-30y-3p.sqlite
SUCCESS: 164M → erprofile/nsys-er-gnp-30y-3p.nsys-rep
Running growth rate 5% for 30 years.
Profile output: erprofile/nsys-er-gnp-30y-5p.nsys-rep
CMD: nsys profile --trace=cuda,nvtx,osrt --gpu-metrics-device=all --gpu-metrics-frequency=10000 --stats=true --force-overwrite=true -o erprofile/nsys-er-gnp-30y-5p ./abm --model er-gnp --er-probability 0.0001 --edgelist sj_edgelist --nodelist sj_nodelist --out-degree-bag tcen_at_least_five --recency-probabilities sj_recprob --alpha 0.5 --preferential-weight 0.33 --recency-weight 0.33 --fitness-weight 0.33 --growth-rate .05 --fully-random-citations 0.05 --num-cycles 30 --same-year-proportion 0.12 --output-file ./output/30y/gpu-opt-static-output-30y-5p.edgelist --auxiliary-information-file ./output/30y/gpu-opt-static-output-30y-5p.aux --log-file ./output/30y/nsys-gpu-opt-static-er-gnp-30y-5p.log --num-processors 14 --log-level 1

Start ABM....
parse_args....
edgelist....
num-cycles....
output-file....
log-file = ./output/30y/nsys-gpu-opt-static-er-gnp-30y-5p.log....
num-processors = 14....
log-level = 0
er_probability = 0.000100
model = er-gnp
Init ABM....
Exec ABM....
Start execute.Init Graph
Inside  Graph ParseNodelist.....
Populating the continuous_node mappings..
Elapsed time: ParseNodelist : 1092 millisecs = 1 seconds

Inside Graph ParseEdgelist.....
Elapsed time: ParseEdgelist : 1627 millisecs = 1 seconds

In updateNodeInDegreeOutDegree: Update Outdegree first:
In updateNodeInDegreeOutDegree: Update Indegree:
Total (initial):: In-Degree = 899050, Out-Degree = 899050
Elapsed time: 0-1 : 1 seconds
Elapsed time: 1-2 : 1 seconds
Elapsed time: 2-3 : 0 seconds

Initialized Graph. Let us update the indegree and out-degrees... 
Graph init done...
calling InitializeFitness...
final graph size is 2124405 from initial_graph_size of 491532.
 populated out degree array.
 Entering loop for year = 1983
Elapsed time: 70-71: total : 0.268 secs, iter cost : 0 seconds

Elapsed time: 71-72: total : 0.326 secs, iter cost : 0 seconds

Elapsed time: 72-73: total : 19 millisecs, iter cost : 19 mseconds

num_new_nodes = 24577, current_graph_size = 491532, growth rate = 0.050000 
Elapsed time: 73-74: total : 0 millisecs, iter cost : 0 mseconds

Elapsed time: 74-75: total : 22 millisecs, iter cost : 22 mseconds

all new nodes initialized with years and mapped. FillSameYearSourceNodes with new_nodes_vec.size() = 24577
checking same_year_source_nodes size.
Elapsed time: 75-76: total : 0 millisecs, iter cost : 0 mseconds

new_nodes_vec.size() b4 : 24577

updated  updateGraphAttributesGeneratorNode .... 
Elapsed time: 76-77: total : 61 millisecs, iter cost : 61 mseconds

continuous_node_mapping.size() b5 : 516109, reverse_continuous_node_mapping size = 516109

[ER Model] Building connections using Erdos-Renyi

[ER Model] Processing 24577 new nodes for year 1983 (graph size: 491532)

ALLOCATE DEVICE MEMORY
 Allocate RNG states.
 Estimate capacity based on ER model.
create_thread_vectors_bulk<int2>(num_new_nodes, per_thread_capacities.
Instead of batch - process all new nodes in parallel.
COLLECT RESULTS
[ER Model] Generated 1207804 edges

Year 1983: 24577 new nodes, 1207804 new edges

Elapsed time: 78-781 : total : 1.59 secs, this iter cost : 1.59 seconds

Elapsed time: 78-79 : total : 1.938 secs, this iter cost : 1.938 seconds

updateNodeInDegreeOutDegree(year=1983): updated 24577 out-degrees, 473971 in-degrees
Elapsed time: 79-81 : total : 0.32 secs, this iter cost : 0 seconds

Elapsed time: 79-80 : total : 0.195 secs, this iter cost : 0 seconds

Elapsed time: 80-81 : total : 0.125 secs, this iter cost : 0 seconds

Elapsed time: 70-81 : total : 2.957 secs, this iter cost : 2 seconds

 Entering loop for year = 1984
Elapsed time: 70-71: total : 0.549 secs, iter cost : 0 seconds

Elapsed time: 71-72: total : 0.65 secs, iter cost : 0 seconds

Elapsed time: 72-73: total : 36 millisecs, iter cost : 17 mseconds

num_new_nodes = 25806, current_graph_size = 516109, growth rate = 0.050000 
Elapsed time: 73-74: total : 0 millisecs, iter cost : 0 mseconds

Elapsed time: 74-75: total : 45 millisecs, iter cost : 23 mseconds

all new nodes initialized with years and mapped. FillSameYearSourceNodes with new_nodes_vec.size() = 25806
checking same_year_source_nodes size.
Elapsed time: 75-76: total : 0 millisecs, iter cost : 0 mseconds

new_nodes_vec.size() b4 : 25806

updated  updateGraphAttributesGeneratorNode .... 
Elapsed time: 76-77: total : 126 millisecs, iter cost : 65 mseconds

continuous_node_mapping.size() b5 : 541915, reverse_continuous_node_mapping size = 541915

[ER Model] Building connections using Erdos-Renyi

[ER Model] Processing 25806 new nodes for year 1984 (graph size: 516109)

ALLOCATE DEVICE MEMORY
 Allocate RNG states.
 Estimate capacity based on ER model.
create_thread_vectors_bulk<int2>(num_new_nodes, per_thread_capacities.
Instead of batch - process all new nodes in parallel.
COLLECT RESULTS
[ER Model] Generated 1331200 edges

Year 1984: 25806 new nodes, 1331200 new edges

Elapsed time: 78-781 : total : 2.971 secs, this iter cost : 1.381 seconds

Elapsed time: 78-79 : total : 3.726 secs, this iter cost : 1.788 seconds

updateNodeInDegreeOutDegree(year=1984): updated 25806 out-degrees, 503032 in-degrees
Elapsed time: 79-81 : total : 0.652 secs, this iter cost : 0 seconds

Elapsed time: 79-80 : total : 0.398 secs, this iter cost : 0 seconds

Elapsed time: 80-81 : total : 0.253 secs, this iter cost : 0 seconds

Elapsed time: 70-81 : total : 5.79 secs, this iter cost : 2 seconds

 Entering loop for year = 1985
Elapsed time: 70-71: total : 0.837 secs, iter cost : 0 seconds

Elapsed time: 71-72: total : 0.993 secs, iter cost : 0 seconds

Elapsed time: 72-73: total : 54 millisecs, iter cost : 18 mseconds

num_new_nodes = 27096, current_graph_size = 541915, growth rate = 0.050000 
Elapsed time: 73-74: total : 0 millisecs, iter cost : 0 mseconds

Elapsed time: 74-75: total : 70 millisecs, iter cost : 25 mseconds

all new nodes initialized with years and mapped. FillSameYearSourceNodes with new_nodes_vec.size() = 27096
checking same_year_source_nodes size.
Elapsed time: 75-76: total : 0 millisecs, iter cost : 0 mseconds

new_nodes_vec.size() b4 : 27096

updated  updateGraphAttributesGeneratorNode .... 
Elapsed time: 76-77: total : 193 millisecs, iter cost : 67 mseconds

continuous_node_mapping.size() b5 : 569011, reverse_continuous_node_mapping size = 569011

[ER Model] Building connections using Erdos-Renyi

[ER Model] Processing 27096 new nodes for year 1985 (graph size: 541915)

ALLOCATE DEVICE MEMORY
 Allocate RNG states.
 Estimate capacity based on ER model.
create_thread_vectors_bulk<int2>(num_new_nodes, per_thread_capacities.
Instead of batch - process all new nodes in parallel.
COLLECT RESULTS
[ER Model] Generated 1467461 edges

Year 1985: 27096 new nodes, 1467461 new edges

Elapsed time: 78-781 : total : 4.392 secs, this iter cost : 1.421 seconds

Elapsed time: 78-79 : total : 5.684 secs, this iter cost : 1.958 seconds

updateNodeInDegreeOutDegree(year=1985): updated 27096 out-degrees, 532839 in-degrees
Elapsed time: 79-81 : total : 1.003 secs, this iter cost : 0 seconds

Elapsed time: 79-80 : total : 0.608 secs, this iter cost : 0 seconds

Elapsed time: 80-81 : total : 0.393 secs, this iter cost : 0 seconds

Elapsed time: 70-81 : total : 8.842 secs, this iter cost : 3 seconds

 Entering loop for year = 1986
Elapsed time: 70-71: total : 1.165 secs, iter cost : 0 seconds

Elapsed time: 71-72: total : 1.373 secs, iter cost : 0 seconds

Elapsed time: 72-73: total : 72 millisecs, iter cost : 18 mseconds

num_new_nodes = 28451, current_graph_size = 569011, growth rate = 0.050000 
Elapsed time: 73-74: total : 0 millisecs, iter cost : 0 mseconds

Elapsed time: 74-75: total : 95 millisecs, iter cost : 25 mseconds

all new nodes initialized with years and mapped. FillSameYearSourceNodes with new_nodes_vec.size() = 28451
checking same_year_source_nodes size.
Elapsed time: 75-76: total : 0 millisecs, iter cost : 0 mseconds

new_nodes_vec.size() b4 : 28451

updated  updateGraphAttributesGeneratorNode .... 
Elapsed time: 76-77: total : 264 millisecs, iter cost : 71 mseconds

continuous_node_mapping.size() b5 : 597462, reverse_continuous_node_mapping size = 597462

[ER Model] Building connections using Erdos-Renyi

[ER Model] Processing 28451 new nodes for year 1986 (graph size: 569011)

ALLOCATE DEVICE MEMORY
 Allocate RNG states.
 Estimate capacity based on ER model.
create_thread_vectors_bulk<int2>(num_new_nodes, per_thread_capacities.
Instead of batch - process all new nodes in parallel.
COLLECT RESULTS
[ER Model] Generated 1618308 edges

Year 1986: 28451 new nodes, 1618308 new edges

Elapsed time: 78-781 : total : 5.897 secs, this iter cost : 1.505 seconds

Elapsed time: 78-79 : total : 7.783 secs, this iter cost : 2.099 seconds

updateNodeInDegreeOutDegree(year=1986): updated 28451 out-degrees, 564379 in-degrees
Elapsed time: 79-81 : total : 1.363 secs, this iter cost : 0 seconds

Elapsed time: 79-80 : total : 0.825 secs, this iter cost : 0 seconds

Elapsed time: 80-81 : total : 0.536 secs, this iter cost : 0 seconds

Elapsed time: 70-81 : total : 12.127 secs, this iter cost : 3 seconds

 Entering loop for year = 1987
Elapsed time: 70-71: total : 1.463 secs, iter cost : 0 seconds

Elapsed time: 71-72: total : 1.725 secs, iter cost : 0 seconds

Elapsed time: 72-73: total : 86 millisecs, iter cost : 14 mseconds

num_new_nodes = 29874, current_graph_size = 597462, growth rate = 0.050000 
Elapsed time: 73-74: total : 0 millisecs, iter cost : 0 mseconds

Elapsed time: 74-75: total : 116 millisecs, iter cost : 21 mseconds

all new nodes initialized with years and mapped. FillSameYearSourceNodes with new_nodes_vec.size() = 29874
checking same_year_source_nodes size.
Elapsed time: 75-76: total : 0 millisecs, iter cost : 0 mseconds

new_nodes_vec.size() b4 : 29874

updated  updateGraphAttributesGeneratorNode .... 
Elapsed time: 76-77: total : 339 millisecs, iter cost : 75 mseconds

continuous_node_mapping.size() b5 : 627336, reverse_continuous_node_mapping size = 627336

[ER Model] Building connections using Erdos-Renyi

[ER Model] Processing 29874 new nodes for year 1987 (graph size: 597462)

ALLOCATE DEVICE MEMORY
 Allocate RNG states.
 Estimate capacity based on ER model.
create_thread_vectors_bulk<int2>(num_new_nodes, per_thread_capacities.
Instead of batch - process all new nodes in parallel.
COLLECT RESULTS
[ER Model] Generated 1783177 edges

Year 1987: 29874 new nodes, 1783177 new edges

Elapsed time: 78-781 : total : 7.47 secs, this iter cost : 1.573 seconds

Elapsed time: 78-79 : total : 9.953 secs, this iter cost : 2.17 seconds

updateNodeInDegreeOutDegree(year=1987): updated 29874 out-degrees, 597101 in-degrees
Elapsed time: 79-81 : total : 1.737 secs, this iter cost : 0 seconds

Elapsed time: 79-80 : total : 1.047 secs, this iter cost : 0 seconds

Elapsed time: 80-81 : total : 0.687 secs, this iter cost : 0 seconds

Elapsed time: 70-81 : total : 15.434 secs, this iter cost : 3 seconds

 Entering loop for year = 1988
Elapsed time: 70-71: total : 1.765 secs, iter cost : 0 seconds

Elapsed time: 71-72: total : 2.077 secs, iter cost : 0 seconds

Elapsed time: 72-73: total : 104 millisecs, iter cost : 18 mseconds

num_new_nodes = 31367, current_graph_size = 627336, growth rate = 0.050000 
Elapsed time: 73-74: total : 0 millisecs, iter cost : 0 mseconds

Elapsed time: 74-75: total : 137 millisecs, iter cost : 21 mseconds

all new nodes initialized with years and mapped. FillSameYearSourceNodes with new_nodes_vec.size() = 31367
checking same_year_source_nodes size.
Elapsed time: 75-76: total : 0 millisecs, iter cost : 0 mseconds

new_nodes_vec.size() b4 : 31367

updated  updateGraphAttributesGeneratorNode .... 
Elapsed time: 76-77: total : 415 millisecs, iter cost : 76 mseconds

continuous_node_mapping.size() b5 : 658703, reverse_continuous_node_mapping size = 658703

[ER Model] Building connections using Erdos-Renyi

[ER Model] Processing 31367 new nodes for year 1988 (graph size: 627336)

ALLOCATE DEVICE MEMORY
 Allocate RNG states.
 Estimate capacity based on ER model.
create_thread_vectors_bulk<int2>(num_new_nodes, per_thread_capacities.
Instead of batch - process all new nodes in parallel.
COLLECT RESULTS
[ER Model] Generated 1966265 edges

Year 1988: 31367 new nodes, 1966265 new edges

Elapsed time: 78-781 : total : 9.135 secs, this iter cost : 1.665 seconds

Elapsed time: 78-79 : total : 12.272 secs, this iter cost : 2.319 seconds

updateNodeInDegreeOutDegree(year=1988): updated 31367 out-degrees, 631335 in-degrees
Elapsed time: 79-81 : total : 2.152 secs, this iter cost : 0 seconds

Elapsed time: 79-80 : total : 1.307 secs, this iter cost : 0 seconds

Elapsed time: 80-81 : total : 0.841 secs, this iter cost : 0 seconds

Elapsed time: 70-81 : total : 18.942 secs, this iter cost : 3 seconds

 Entering loop for year = 1989
Elapsed time: 70-71: total : 2.077 secs, iter cost : 0 seconds

Elapsed time: 71-72: total : 2.432 secs, iter cost : 0 seconds

Elapsed time: 72-73: total : 122 millisecs, iter cost : 18 mseconds

num_new_nodes = 32936, current_graph_size = 658703, growth rate = 0.050000 
Elapsed time: 73-74: total : 0 millisecs, iter cost : 0 mseconds

Elapsed time: 74-75: total : 164 millisecs, iter cost : 27 mseconds

all new nodes initialized with years and mapped. FillSameYearSourceNodes with new_nodes_vec.size() = 32936
checking same_year_source_nodes size.
Elapsed time: 75-76: total : 0 millisecs, iter cost : 0 mseconds

new_nodes_vec.size() b4 : 32936

updated  updateGraphAttributesGeneratorNode .... 
Elapsed time: 76-77: total : 499 millisecs, iter cost : 84 mseconds

continuous_node_mapping.size() b5 : 691639, reverse_continuous_node_mapping size = 691639

[ER Model] Building connections using Erdos-Renyi

[ER Model] Processing 32936 new nodes for year 1989 (graph size: 658703)

ALLOCATE DEVICE MEMORY
 Allocate RNG states.
 Estimate capacity based on ER model.
create_thread_vectors_bulk<int2>(num_new_nodes, per_thread_capacities.
Instead of batch - process all new nodes in parallel.
COLLECT RESULTS
[ER Model] Generated 2168431 edges

Year 1989: 32936 new nodes, 2168431 new edges

Elapsed time: 78-781 : total : 10.922 secs, this iter cost : 1.787 seconds

Elapsed time: 78-79 : total : 14.768 secs, this iter cost : 2.496 seconds

updateNodeInDegreeOutDegree(year=1989): updated 32936 out-degrees, 667113 in-degrees
Elapsed time: 79-81 : total : 2.589 secs, this iter cost : 0 seconds

Elapsed time: 79-80 : total : 1.573 secs, this iter cost : 0 seconds

Elapsed time: 80-81 : total : 1.012 secs, this iter cost : 0 seconds

Elapsed time: 70-81 : total : 22.675 secs, this iter cost : 3 seconds

 Entering loop for year = 1990
Elapsed time: 70-71: total : 2.415 secs, iter cost : 0 seconds

Elapsed time: 71-72: total : 2.824 secs, iter cost : 0 seconds

Elapsed time: 72-73: total : 132 millisecs, iter cost : 10 mseconds

num_new_nodes = 34582, current_graph_size = 691639, growth rate = 0.050000 
Elapsed time: 73-74: total : 0 millisecs, iter cost : 0 mseconds

Elapsed time: 74-75: total : 192 millisecs, iter cost : 28 mseconds

all new nodes initialized with years and mapped. FillSameYearSourceNodes with new_nodes_vec.size() = 34582
checking same_year_source_nodes size.
Elapsed time: 75-76: total : 0 millisecs, iter cost : 0 mseconds

new_nodes_vec.size() b4 : 34582

updated  updateGraphAttributesGeneratorNode .... 
Elapsed time: 76-77: total : 583 millisecs, iter cost : 84 mseconds

continuous_node_mapping.size() b5 : 726221, reverse_continuous_node_mapping size = 726221

[ER Model] Building connections using Erdos-Renyi

[ER Model] Processing 34582 new nodes for year 1990 (graph size: 691639)

ALLOCATE DEVICE MEMORY
 Allocate RNG states.
 Estimate capacity based on ER model.
create_thread_vectors_bulk<int2>(num_new_nodes, per_thread_capacities.
Instead of batch - process all new nodes in parallel.
COLLECT RESULTS
[ER Model] Generated 2389791 edges

Year 1990: 34582 new nodes, 2389791 new edges

Elapsed time: 78-781 : total : 12.76 secs, this iter cost : 1.838 seconds

Elapsed time: 78-79 : total : 17.31 secs, this iter cost : 2.542 seconds

updateNodeInDegreeOutDegree(year=1990): updated 34582 out-degrees, 704467 in-degrees
Elapsed time: 79-81 : total : 3.015 secs, this iter cost : 0 seconds

Elapsed time: 79-80 : total : 1.828 secs, this iter cost : 0 seconds

Elapsed time: 80-81 : total : 1.183 secs, this iter cost : 0 seconds

Elapsed time: 70-81 : total : 26.497 secs, this iter cost : 3 seconds

 Entering loop for year = 1991
Elapsed time: 70-71: total : 2.726 secs, iter cost : 0 seconds

Elapsed time: 71-72: total : 3.201 secs, iter cost : 0 seconds

Elapsed time: 72-73: total : 142 millisecs, iter cost : 10 mseconds

num_new_nodes = 36312, current_graph_size = 726221, growth rate = 0.050000 
Elapsed time: 73-74: total : 0 millisecs, iter cost : 0 mseconds

Elapsed time: 74-75: total : 223 millisecs, iter cost : 31 mseconds

all new nodes initialized with years and mapped. FillSameYearSourceNodes with new_nodes_vec.size() = 36312
checking same_year_source_nodes size.
Elapsed time: 75-76: total : 0 millisecs, iter cost : 0 mseconds

new_nodes_vec.size() b4 : 36312

updated  updateGraphAttributesGeneratorNode .... 
Elapsed time: 76-77: total : 670 millisecs, iter cost : 87 mseconds

continuous_node_mapping.size() b5 : 762533, reverse_continuous_node_mapping size = 762533

[ER Model] Building connections using Erdos-Renyi

[ER Model] Processing 36312 new nodes for year 1991 (graph size: 726221)

ALLOCATE DEVICE MEMORY
 Allocate RNG states.
 Estimate capacity based on ER model.
create_thread_vectors_bulk<int2>(num_new_nodes, per_thread_capacities.
Instead of batch - process all new nodes in parallel.
COLLECT RESULTS
[ER Model] Generated 2638793 edges

Year 1991: 36312 new nodes, 2638793 new edges

Elapsed time: 78-781 : total : 14.736 secs, this iter cost : 1.976 seconds

Elapsed time: 78-79 : total : 20.304 secs, this iter cost : 2.994 seconds

updateNodeInDegreeOutDegree(year=1991): updated 36312 out-degrees, 743287 in-degrees
Elapsed time: 79-81 : total : 3.466 secs, this iter cost : 0 seconds

Elapsed time: 79-80 : total : 2.1 secs, this iter cost : 0 seconds

Elapsed time: 80-81 : total : 1.362 secs, this iter cost : 0 seconds

Elapsed time: 70-81 : total : 30.762 secs, this iter cost : 4 seconds

 Entering loop for year = 1992
Elapsed time: 70-71: total : 3.057 secs, iter cost : 0 seconds

Elapsed time: 71-72: total : 3.598 secs, iter cost : 0 seconds

Elapsed time: 72-73: total : 160 millisecs, iter cost : 18 mseconds

num_new_nodes = 38127, current_graph_size = 762533, growth rate = 0.050000 
Elapsed time: 73-74: total : 0 millisecs, iter cost : 0 mseconds

Elapsed time: 74-75: total : 254 millisecs, iter cost : 31 mseconds

all new nodes initialized with years and mapped. FillSameYearSourceNodes with new_nodes_vec.size() = 38127
checking same_year_source_nodes size.
Elapsed time: 75-76: total : 0 millisecs, iter cost : 0 mseconds

new_nodes_vec.size() b4 : 38127

updated  updateGraphAttributesGeneratorNode .... 
Elapsed time: 76-77: total : 762 millisecs, iter cost : 92 mseconds

continuous_node_mapping.size() b5 : 800660, reverse_continuous_node_mapping size = 800660

[ER Model] Building connections using Erdos-Renyi

[ER Model] Processing 38127 new nodes for year 1992 (graph size: 762533)

ALLOCATE DEVICE MEMORY
 Allocate RNG states.
 Estimate capacity based on ER model.
create_thread_vectors_bulk<int2>(num_new_nodes, per_thread_capacities.
Instead of batch - process all new nodes in parallel.
COLLECT RESULTS
[ER Model] Generated 2907534 edges

Year 1992: 38127 new nodes, 2907534 new edges

Elapsed time: 78-781 : total : 16.805 secs, this iter cost : 2.069 seconds

Elapsed time: 78-79 : total : 23.413 secs, this iter cost : 3.109 seconds

updateNodeInDegreeOutDegree(year=1992): updated 38127 out-degrees, 783901 in-degrees
Elapsed time: 79-81 : total : 3.937 secs, this iter cost : 0 seconds

Elapsed time: 79-80 : total : 2.384 secs, this iter cost : 0 seconds

Elapsed time: 80-81 : total : 1.549 secs, this iter cost : 0 seconds

Elapsed time: 70-81 : total : 35.215 secs, this iter cost : 4 seconds

 Entering loop for year = 1993
Elapsed time: 70-71: total : 3.388 secs, iter cost : 0 seconds

Elapsed time: 71-72: total : 3.99 secs, iter cost : 0 seconds

Elapsed time: 72-73: total : 179 millisecs, iter cost : 19 mseconds

num_new_nodes = 40033, current_graph_size = 800660, growth rate = 0.050000 
Elapsed time: 73-74: total : 4 millisecs, iter cost : 4 mseconds

Elapsed time: 74-75: total : 286 millisecs, iter cost : 32 mseconds

all new nodes initialized with years and mapped. FillSameYearSourceNodes with new_nodes_vec.size() = 40033
checking same_year_source_nodes size.
Elapsed time: 75-76: total : 0 millisecs, iter cost : 0 mseconds

new_nodes_vec.size() b4 : 40033

updated  updateGraphAttributesGeneratorNode .... 
Elapsed time: 76-77: total : 860 millisecs, iter cost : 98 mseconds

continuous_node_mapping.size() b5 : 840693, reverse_continuous_node_mapping size = 840693

[ER Model] Building connections using Erdos-Renyi

[ER Model] Processing 40033 new nodes for year 1993 (graph size: 800660)

ALLOCATE DEVICE MEMORY
 Allocate RNG states.
 Estimate capacity based on ER model.
create_thread_vectors_bulk<int2>(num_new_nodes, per_thread_capacities.
Instead of batch - process all new nodes in parallel.
COLLECT RESULTS
[ER Model] Generated 3201409 edges

Year 1993: 40033 new nodes, 3201409 new edges

Elapsed time: 78-781 : total : 18.97 secs, this iter cost : 2.165 seconds

Elapsed time: 78-79 : total : 26.667 secs, this iter cost : 3.254 seconds

updateNodeInDegreeOutDegree(year=1993): updated 40033 out-degrees, 826171 in-degrees
Elapsed time: 79-81 : total : 4.434 secs, this iter cost : 0 seconds

Elapsed time: 79-80 : total : 2.682 secs, this iter cost : 0 seconds

Elapsed time: 80-81 : total : 1.748 secs, this iter cost : 0 seconds

Elapsed time: 70-81 : total : 39.845 secs, this iter cost : 4 seconds

 Entering loop for year = 1994
Elapsed time: 70-71: total : 3.723 secs, iter cost : 0 seconds

Elapsed time: 71-72: total : 4.391 secs, iter cost : 0 seconds

Elapsed time: 72-73: total : 203 millisecs, iter cost : 24 mseconds

num_new_nodes = 42035, current_graph_size = 840693, growth rate = 0.050000 
Elapsed time: 73-74: total : 4 millisecs, iter cost : 0 mseconds

Elapsed time: 74-75: total : 319 millisecs, iter cost : 33 mseconds

all new nodes initialized with years and mapped. FillSameYearSourceNodes with new_nodes_vec.size() = 42035
checking same_year_source_nodes size.
Elapsed time: 75-76: total : 0 millisecs, iter cost : 0 mseconds

new_nodes_vec.size() b4 : 42035

updated  updateGraphAttributesGeneratorNode .... 
Elapsed time: 76-77: total : 964 millisecs, iter cost : 104 mseconds

continuous_node_mapping.size() b5 : 882728, reverse_continuous_node_mapping size = 882728

[ER Model] Building connections using Erdos-Renyi

[ER Model] Processing 42035 new nodes for year 1994 (graph size: 840693)

ALLOCATE DEVICE MEMORY
 Allocate RNG states.
 Estimate capacity based on ER model.
create_thread_vectors_bulk<int2>(num_new_nodes, per_thread_capacities.
Instead of batch - process all new nodes in parallel.
COLLECT RESULTS
[ER Model] Generated 3532417 edges

Year 1994: 42035 new nodes, 3532417 new edges

Elapsed time: 78-781 : total : 21.259 secs, this iter cost : 2.289 seconds

Elapsed time: 78-79 : total : 30.115 secs, this iter cost : 3.448 seconds

updateNodeInDegreeOutDegree(year=1994): updated 42035 out-degrees, 870051 in-degrees
Elapsed time: 79-81 : total : 4.953 secs, this iter cost : 0 seconds

Elapsed time: 79-80 : total : 2.992 secs, this iter cost : 0 seconds

Elapsed time: 80-81 : total : 1.956 secs, this iter cost : 0 seconds

Elapsed time: 70-81 : total : 44.712 secs, this iter cost : 4 seconds

 Entering loop for year = 1995
Elapsed time: 70-71: total : 4.068 secs, iter cost : 0 seconds

Elapsed time: 71-72: total : 4.798 secs, iter cost : 0 seconds

Elapsed time: 72-73: total : 222 millisecs, iter cost : 19 mseconds

num_new_nodes = 44137, current_graph_size = 882728, growth rate = 0.050000 
Elapsed time: 73-74: total : 4 millisecs, iter cost : 0 mseconds

Elapsed time: 74-75: total : 356 millisecs, iter cost : 37 mseconds

all new nodes initialized with years and mapped. FillSameYearSourceNodes with new_nodes_vec.size() = 44137
checking same_year_source_nodes size.
Elapsed time: 75-76: total : 0 millisecs, iter cost : 0 mseconds

new_nodes_vec.size() b4 : 44137

updated  updateGraphAttributesGeneratorNode .... 
Elapsed time: 76-77: total : 1070 millisecs, iter cost : 106 mseconds

continuous_node_mapping.size() b5 : 926865, reverse_continuous_node_mapping size = 926865

[ER Model] Building connections using Erdos-Renyi

[ER Model] Processing 44137 new nodes for year 1995 (graph size: 882728)

ALLOCATE DEVICE MEMORY
 Allocate RNG states.
 Estimate capacity based on ER model.
create_thread_vectors_bulk<int2>(num_new_nodes, per_thread_capacities.
Instead of batch - process all new nodes in parallel.
COLLECT RESULTS
[ER Model] Generated 3892602 edges

Year 1995: 44137 new nodes, 3892602 new edges

Elapsed time: 78-781 : total : 23.668 secs, this iter cost : 2.409 seconds

Elapsed time: 78-79 : total : 33.798 secs, this iter cost : 3.683 seconds

updateNodeInDegreeOutDegree(year=1995): updated 44137 out-degrees, 916193 in-degrees
Elapsed time: 79-81 : total : 5.497 secs, this iter cost : 0 seconds

Elapsed time: 79-80 : total : 3.32 secs, this iter cost : 0 seconds

Elapsed time: 80-81 : total : 2.172 secs, this iter cost : 0 seconds

Elapsed time: 70-81 : total : 49.857 secs, this iter cost : 5 seconds

 Entering loop for year = 1996
Elapsed time: 70-71: total : 4.43 secs, iter cost : 0 seconds

Elapsed time: 71-72: total : 5.229 secs, iter cost : 0 seconds

Elapsed time: 72-73: total : 241 millisecs, iter cost : 19 mseconds

num_new_nodes = 46344, current_graph_size = 926865, growth rate = 0.050000 
Elapsed time: 73-74: total : 4 millisecs, iter cost : 0 mseconds

Elapsed time: 74-75: total : 409 millisecs, iter cost : 53 mseconds

all new nodes initialized with years and mapped. FillSameYearSourceNodes with new_nodes_vec.size() = 46344
checking same_year_source_nodes size.
Elapsed time: 75-76: total : 0 millisecs, iter cost : 0 mseconds

new_nodes_vec.size() b4 : 46344

updated  updateGraphAttributesGeneratorNode .... 
Elapsed time: 76-77: total : 1186 millisecs, iter cost : 116 mseconds

continuous_node_mapping.size() b5 : 973209, reverse_continuous_node_mapping size = 973209

[ER Model] Building connections using Erdos-Renyi

[ER Model] Processing 46344 new nodes for year 1996 (graph size: 926865)

ALLOCATE DEVICE MEMORY
 Allocate RNG states.
 Estimate capacity based on ER model.
create_thread_vectors_bulk<int2>(num_new_nodes, per_thread_capacities.
Instead of batch - process all new nodes in parallel.
COLLECT RESULTS
[ER Model] Generated 4294866 edges

Year 1996: 46344 new nodes, 4294866 new edges

Elapsed time: 78-781 : total : 26.271 secs, this iter cost : 2.603 seconds

Elapsed time: 78-79 : total : 37.845 secs, this iter cost : 4.047 seconds

updateNodeInDegreeOutDegree(year=1996): updated 46344 out-degrees, 964181 in-degrees
Elapsed time: 79-81 : total : 6.073 secs, this iter cost : 0 seconds

Elapsed time: 79-80 : total : 3.667 secs, this iter cost : 0 seconds

Elapsed time: 80-81 : total : 2.401 secs, this iter cost : 0 seconds

Elapsed time: 70-81 : total : 55.464 secs, this iter cost : 5 seconds

 Entering loop for year = 1997
Elapsed time: 70-71: total : 4.805 secs, iter cost : 0 seconds

Elapsed time: 71-72: total : 5.68 secs, iter cost : 0 seconds

Elapsed time: 72-73: total : 258 millisecs, iter cost : 17 mseconds

num_new_nodes = 48661, current_graph_size = 973209, growth rate = 0.050000 
Elapsed time: 73-74: total : 4 millisecs, iter cost : 0 mseconds

Elapsed time: 74-75: total : 453 millisecs, iter cost : 44 mseconds

all new nodes initialized with years and mapped. FillSameYearSourceNodes with new_nodes_vec.size() = 48661
checking same_year_source_nodes size.
Elapsed time: 75-76: total : 0 millisecs, iter cost : 0 mseconds

new_nodes_vec.size() b4 : 48661

updated  updateGraphAttributesGeneratorNode .... 
Elapsed time: 76-77: total : 1309 millisecs, iter cost : 123 mseconds

continuous_node_mapping.size() b5 : 1021870, reverse_continuous_node_mapping size = 1021870

[ER Model] Building connections using Erdos-Renyi

[ER Model] Processing 48661 new nodes for year 1997 (graph size: 973209)

ALLOCATE DEVICE MEMORY
 Allocate RNG states.
 Estimate capacity based on ER model.
create_thread_vectors_bulk<int2>(num_new_nodes, per_thread_capacities.
Instead of batch - process all new nodes in parallel.
COLLECT RESULTS
[ER Model] Generated 4734695 edges

Year 1997: 48661 new nodes, 4734695 new edges

Elapsed time: 78-781 : total : 28.948 secs, this iter cost : 2.677 seconds

Elapsed time: 78-79 : total : 42.223 secs, this iter cost : 4.378 seconds

updateNodeInDegreeOutDegree(year=1997): updated 48661 out-degrees, 1014425 in-degrees
Elapsed time: 79-81 : total : 6.679 secs, this iter cost : 0 seconds

Elapsed time: 79-80 : total : 4.028 secs, this iter cost : 0 seconds

Elapsed time: 80-81 : total : 2.646 secs, this iter cost : 0 seconds

Elapsed time: 70-81 : total : 61.463 secs, this iter cost : 5 seconds

 Entering loop for year = 1998
Elapsed time: 70-71: total : 5.184 secs, iter cost : 0 seconds

Elapsed time: 71-72: total : 6.134 secs, iter cost : 0 seconds

Elapsed time: 72-73: total : 268 millisecs, iter cost : 10 mseconds

num_new_nodes = 51094, current_graph_size = 1021870, growth rate = 0.050000 
Elapsed time: 73-74: total : 4 millisecs, iter cost : 0 mseconds

Elapsed time: 74-75: total : 496 millisecs, iter cost : 43 mseconds

all new nodes initialized with years and mapped. FillSameYearSourceNodes with new_nodes_vec.size() = 51094
checking same_year_source_nodes size.
Elapsed time: 75-76: total : 0 millisecs, iter cost : 0 mseconds

new_nodes_vec.size() b4 : 51094

updated  updateGraphAttributesGeneratorNode .... 
Elapsed time: 76-77: total : 1437 millisecs, iter cost : 128 mseconds

continuous_node_mapping.size() b5 : 1072964, reverse_continuous_node_mapping size = 1072964

[ER Model] Building connections using Erdos-Renyi

[ER Model] Processing 51094 new nodes for year 1998 (graph size: 1021870)

ALLOCATE DEVICE MEMORY
 Allocate RNG states.
 Estimate capacity based on ER model.
create_thread_vectors_bulk<int2>(num_new_nodes, per_thread_capacities.
Instead of batch - process all new nodes in parallel.
COLLECT RESULTS
[ER Model] Generated 5217603 edges

Year 1998: 51094 new nodes, 5217603 new edges

Elapsed time: 78-781 : total : 31.717 secs, this iter cost : 2.769 seconds

Elapsed time: 78-79 : total : 46.684 secs, this iter cost : 4.461 seconds

updateNodeInDegreeOutDegree(year=1998): updated 51094 out-degrees, 1066766 in-degrees
Elapsed time: 79-81 : total : 7.315 secs, this iter cost : 0 seconds

Elapsed time: 79-80 : total : 4.405 secs, this iter cost : 0 seconds

Elapsed time: 80-81 : total : 2.905 secs, this iter cost : 0 seconds

Elapsed time: 70-81 : total : 67.577 secs, this iter cost : 6 seconds

 Entering loop for year = 1999
Elapsed time: 70-71: total : 5.571 secs, iter cost : 0 seconds

Elapsed time: 71-72: total : 6.592 secs, iter cost : 0 seconds

Elapsed time: 72-73: total : 287 millisecs, iter cost : 19 mseconds

num_new_nodes = 53649, current_graph_size = 1072964, growth rate = 0.050000 
Elapsed time: 73-74: total : 4 millisecs, iter cost : 0 mseconds

Elapsed time: 74-75: total : 546 millisecs, iter cost : 50 mseconds

all new nodes initialized with years and mapped. FillSameYearSourceNodes with new_nodes_vec.size() = 53649
checking same_year_source_nodes size.
Elapsed time: 75-76: total : 0 millisecs, iter cost : 0 mseconds

new_nodes_vec.size() b4 : 53649

updated  updateGraphAttributesGeneratorNode .... 
Elapsed time: 76-77: total : 1569 millisecs, iter cost : 132 mseconds

continuous_node_mapping.size() b5 : 1126613, reverse_continuous_node_mapping size = 1126613

[ER Model] Building connections using Erdos-Renyi

[ER Model] Processing 53649 new nodes for year 1999 (graph size: 1072964)

ALLOCATE DEVICE MEMORY
 Allocate RNG states.
 Estimate capacity based on ER model.
create_thread_vectors_bulk<int2>(num_new_nodes, per_thread_capacities.
Instead of batch - process all new nodes in parallel.
COLLECT RESULTS
[ER Model] Generated 5752877 edges

Year 1999: 53649 new nodes, 5752877 new edges

Elapsed time: 78-781 : total : 34.648 secs, this iter cost : 2.931 seconds

Elapsed time: 78-79 : total : 51.584 secs, this iter cost : 4.9 seconds

updateNodeInDegreeOutDegree(year=1999): updated 53649 out-degrees, 1121626 in-degrees
Elapsed time: 79-81 : total : 7.979 secs, this iter cost : 0 seconds

Elapsed time: 79-80 : total : 4.803 secs, this iter cost : 0 seconds

Elapsed time: 80-81 : total : 3.17 secs, this iter cost : 0 seconds

Elapsed time: 70-81 : total : 74.19 secs, this iter cost : 6 seconds

 Entering loop for year = 2000
Elapsed time: 70-71: total : 5.985 secs, iter cost : 0 seconds

Elapsed time: 71-72: total : 7.087 secs, iter cost : 0 seconds

Elapsed time: 72-73: total : 310 millisecs, iter cost : 23 mseconds

num_new_nodes = 56331, current_graph_size = 1126613, growth rate = 0.050000 
Elapsed time: 73-74: total : 4 millisecs, iter cost : 0 mseconds

Elapsed time: 74-75: total : 597 millisecs, iter cost : 51 mseconds

all new nodes initialized with years and mapped. FillSameYearSourceNodes with new_nodes_vec.size() = 56331
checking same_year_source_nodes size.
Elapsed time: 75-76: total : 0 millisecs, iter cost : 0 mseconds

new_nodes_vec.size() b4 : 56331

updated  updateGraphAttributesGeneratorNode .... 
Elapsed time: 76-77: total : 1707 millisecs, iter cost : 138 mseconds

continuous_node_mapping.size() b5 : 1182944, reverse_continuous_node_mapping size = 1182944

[ER Model] Building connections using Erdos-Renyi

[ER Model] Processing 56331 new nodes for year 2000 (graph size: 1126613)

ALLOCATE DEVICE MEMORY
 Allocate RNG states.
 Estimate capacity based on ER model.
create_thread_vectors_bulk<int2>(num_new_nodes, per_thread_capacities.
Instead of batch - process all new nodes in parallel.
COLLECT RESULTS
[ER Model] Generated 6340709 edges

Year 2000: 56331 new nodes, 6340709 new edges

Elapsed time: 78-781 : total : 37.743 secs, this iter cost : 3.095 seconds

Elapsed time: 78-79 : total : 56.918 secs, this iter cost : 5.334 seconds

updateNodeInDegreeOutDegree(year=2000): updated 56331 out-degrees, 1179006 in-degrees
Elapsed time: 79-81 : total : 8.675 secs, this iter cost : 0 seconds

Elapsed time: 79-80 : total : 5.219 secs, this iter cost : 0 seconds

Elapsed time: 80-81 : total : 3.449 secs, this iter cost : 0 seconds

Elapsed time: 70-81 : total : 81.344 secs, this iter cost : 7 seconds

 Entering loop for year = 2001
Elapsed time: 70-71: total : 6.402 secs, iter cost : 0 seconds

Elapsed time: 71-72: total : 7.571 secs, iter cost : 0 seconds

Elapsed time: 72-73: total : 329 millisecs, iter cost : 19 mseconds

num_new_nodes = 59148, current_graph_size = 1182944, growth rate = 0.050000 
Elapsed time: 73-74: total : 4 millisecs, iter cost : 0 mseconds

Elapsed time: 74-75: total : 650 millisecs, iter cost : 53 mseconds

all new nodes initialized with years and mapped. FillSameYearSourceNodes with new_nodes_vec.size() = 59148
checking same_year_source_nodes size.
Elapsed time: 75-76: total : 0 millisecs, iter cost : 0 mseconds

new_nodes_vec.size() b4 : 59148

updated  updateGraphAttributesGeneratorNode .... 
Elapsed time: 76-77: total : 1853 millisecs, iter cost : 146 mseconds

continuous_node_mapping.size() b5 : 1242092, reverse_continuous_node_mapping size = 1242092

[ER Model] Building connections using Erdos-Renyi

[ER Model] Processing 59148 new nodes for year 2001 (graph size: 1182944)

ALLOCATE DEVICE MEMORY
 Allocate RNG states.
 Estimate capacity based on ER model.
create_thread_vectors_bulk<int2>(num_new_nodes, per_thread_capacities.
Instead of batch - process all new nodes in parallel.
COLLECT RESULTS
[ER Model] Generated 6996900 edges

Year 2001: 59148 new nodes, 6996900 new edges

Elapsed time: 78-781 : total : 40.975 secs, this iter cost : 3.232 seconds

Elapsed time: 78-79 : total : 62.777 secs, this iter cost : 5.859 seconds

updateNodeInDegreeOutDegree(year=2001): updated 59148 out-degrees, 1238903 in-degrees
Elapsed time: 79-81 : total : 9.392 secs, this iter cost : 0 seconds

Elapsed time: 79-80 : total : 5.642 secs, this iter cost : 0 seconds

Elapsed time: 80-81 : total : 3.743 secs, this iter cost : 0 seconds

Elapsed time: 70-81 : total : 89.043 secs, this iter cost : 7 seconds

 Entering loop for year = 2002
Elapsed time: 70-71: total : 6.874 secs, iter cost : 0 seconds

Elapsed time: 71-72: total : 8.08 secs, iter cost : 0 seconds

Elapsed time: 72-73: total : 348 millisecs, iter cost : 19 mseconds

num_new_nodes = 62105, current_graph_size = 1242092, growth rate = 0.050000 
Elapsed time: 73-74: total : 4 millisecs, iter cost : 0 mseconds

Elapsed time: 74-75: total : 707 millisecs, iter cost : 57 mseconds

all new nodes initialized with years and mapped. FillSameYearSourceNodes with new_nodes_vec.size() = 62105
checking same_year_source_nodes size.
Elapsed time: 75-76: total : 0 millisecs, iter cost : 0 mseconds

new_nodes_vec.size() b4 : 62105

updated  updateGraphAttributesGeneratorNode .... 
Elapsed time: 76-77: total : 2010 millisecs, iter cost : 157 mseconds

continuous_node_mapping.size() b5 : 1304197, reverse_continuous_node_mapping size = 1304197

[ER Model] Building connections using Erdos-Renyi

[ER Model] Processing 62105 new nodes for year 2002 (graph size: 1242092)

ALLOCATE DEVICE MEMORY
 Allocate RNG states.
 Estimate capacity based on ER model.
create_thread_vectors_bulk<int2>(num_new_nodes, per_thread_capacities.
Instead of batch - process all new nodes in parallel.
COLLECT RESULTS
[ER Model] Generated 7710869 edges

Year 2002: 62105 new nodes, 7710869 new edges

Elapsed time: 78-781 : total : 44.424 secs, this iter cost : 3.449 seconds

Elapsed time: 78-79 : total : 68.863 secs, this iter cost : 6.086 seconds

updateNodeInDegreeOutDegree(year=2002): updated 62105 out-degrees, 1301773 in-degrees
Elapsed time: 79-81 : total : 10.176 secs, this iter cost : 0 seconds

Elapsed time: 79-80 : total : 6.106 secs, this iter cost : 0 seconds

Elapsed time: 80-81 : total : 4.063 secs, this iter cost : 0 seconds

Elapsed time: 70-81 : total : 97.131 secs, this iter cost : 8 seconds

 Entering loop for year = 2003
Elapsed time: 70-71: total : 7.324 secs, iter cost : 0 seconds

Elapsed time: 71-72: total : 8.6 secs, iter cost : 0 seconds

Elapsed time: 72-73: total : 363 millisecs, iter cost : 15 mseconds

num_new_nodes = 65210, current_graph_size = 1304197, growth rate = 0.050000 
Elapsed time: 73-74: total : 4 millisecs, iter cost : 0 mseconds

Elapsed time: 74-75: total : 768 millisecs, iter cost : 61 mseconds

all new nodes initialized with years and mapped. FillSameYearSourceNodes with new_nodes_vec.size() = 65210
checking same_year_source_nodes size.
Elapsed time: 75-76: total : 0 millisecs, iter cost : 0 mseconds

new_nodes_vec.size() b4 : 65210

updated  updateGraphAttributesGeneratorNode .... 
Elapsed time: 76-77: total : 2168 millisecs, iter cost : 158 mseconds

continuous_node_mapping.size() b5 : 1369407, reverse_continuous_node_mapping size = 1369407

[ER Model] Building connections using Erdos-Renyi

[ER Model] Processing 65210 new nodes for year 2003 (graph size: 1304197)

ALLOCATE DEVICE MEMORY
 Allocate RNG states.
 Estimate capacity based on ER model.
create_thread_vectors_bulk<int2>(num_new_nodes, per_thread_capacities.
Instead of batch - process all new nodes in parallel.
COLLECT RESULTS
[ER Model] Generated 8505952 edges

Year 2003: 65210 new nodes, 8505952 new edges

Elapsed time: 78-781 : total : 48.046 secs, this iter cost : 3.622 seconds

Elapsed time: 78-79 : total : 76.056 secs, this iter cost : 7.193 seconds

updateNodeInDegreeOutDegree(year=2003): updated 65210 out-degrees, 1367506 in-degrees
Elapsed time: 79-81 : total : 11.104 secs, this iter cost : 0 seconds

Elapsed time: 79-80 : total : 6.711 secs, this iter cost : 0 seconds

Elapsed time: 80-81 : total : 4.385 secs, this iter cost : 0 seconds

Elapsed time: 70-81 : total : 106.46 secs, this iter cost : 9 seconds

 Entering loop for year = 2004
Elapsed time: 70-71: total : 7.931 secs, iter cost : 0 seconds

Elapsed time: 71-72: total : 9.149 secs, iter cost : 0 seconds

Elapsed time: 72-73: total : 382 millisecs, iter cost : 19 mseconds

num_new_nodes = 68471, current_graph_size = 1369407, growth rate = 0.050000 
Elapsed time: 73-74: total : 4 millisecs, iter cost : 0 mseconds

Elapsed time: 74-75: total : 830 millisecs, iter cost : 62 mseconds

all new nodes initialized with years and mapped. FillSameYearSourceNodes with new_nodes_vec.size() = 68471
checking same_year_source_nodes size.
Elapsed time: 75-76: total : 0 millisecs, iter cost : 0 mseconds

new_nodes_vec.size() b4 : 68471

updated  updateGraphAttributesGeneratorNode .... 
Elapsed time: 76-77: total : 2334 millisecs, iter cost : 166 mseconds

continuous_node_mapping.size() b5 : 1437878, reverse_continuous_node_mapping size = 1437878

[ER Model] Building connections using Erdos-Renyi

[ER Model] Processing 68471 new nodes for year 2004 (graph size: 1369407)

ALLOCATE DEVICE MEMORY
 Allocate RNG states.
 Estimate capacity based on ER model.
create_thread_vectors_bulk<int2>(num_new_nodes, per_thread_capacities.
Instead of batch - process all new nodes in parallel.
COLLECT RESULTS
[ER Model] Generated 9376109 edges

Year 2004: 68471 new nodes, 9376109 new edges

Elapsed time: 78-781 : total : 51.859 secs, this iter cost : 3.813 seconds

Elapsed time: 78-79 : total : 84.372 secs, this iter cost : 8.316 seconds

updateNodeInDegreeOutDegree(year=2004): updated 68471 out-degrees, 1436399 in-degrees
Elapsed time: 79-81 : total : 12.07 secs, this iter cost : 0 seconds

Elapsed time: 79-80 : total : 7.336 secs, this iter cost : 0 seconds

Elapsed time: 80-81 : total : 4.725 secs, this iter cost : 0 seconds

Elapsed time: 70-81 : total : 117.149 secs, this iter cost : 10 seconds

 Entering loop for year = 2005
Elapsed time: 70-71: total : 8.528 secs, iter cost : 0 seconds

Elapsed time: 71-72: total : 9.769 secs, iter cost : 0 seconds

Elapsed time: 72-73: total : 401 millisecs, iter cost : 19 mseconds

num_new_nodes = 71894, current_graph_size = 1437878, growth rate = 0.050000 
Elapsed time: 73-74: total : 8 millisecs, iter cost : 4 mseconds

Elapsed time: 74-75: total : 899 millisecs, iter cost : 69 mseconds

all new nodes initialized with years and mapped. FillSameYearSourceNodes with new_nodes_vec.size() = 71894
checking same_year_source_nodes size.
Elapsed time: 75-76: total : 0 millisecs, iter cost : 0 mseconds

new_nodes_vec.size() b4 : 71894

updated  updateGraphAttributesGeneratorNode .... 
Elapsed time: 76-77: total : 2510 millisecs, iter cost : 176 mseconds

continuous_node_mapping.size() b5 : 1509772, reverse_continuous_node_mapping size = 1509772

[ER Model] Building connections using Erdos-Renyi

[ER Model] Processing 71894 new nodes for year 2005 (graph size: 1437878)

ALLOCATE DEVICE MEMORY
 Allocate RNG states.
 Estimate capacity based on ER model.
create_thread_vectors_bulk<int2>(num_new_nodes, per_thread_capacities.
Instead of batch - process all new nodes in parallel.
COLLECT RESULTS
[ER Model] Generated 10334413 edges

Year 2005: 71894 new nodes, 10334413 new edges

Elapsed time: 78-781 : total : 55.936 secs, this iter cost : 4.077 seconds

Elapsed time: 78-79 : total : 92.254 secs, this iter cost : 7.882 seconds

updateNodeInDegreeOutDegree(year=2005): updated 71894 out-degrees, 1508731 in-degrees
Elapsed time: 79-81 : total : 13.102 secs, this iter cost : 1 seconds

Elapsed time: 79-80 : total : 8.007 secs, this iter cost : 0 seconds

Elapsed time: 80-81 : total : 5.085 secs, this iter cost : 0 seconds

Elapsed time: 70-81 : total : 127.551 secs, this iter cost : 10 seconds

 Entering loop for year = 2006
Elapsed time: 70-71: total : 9.074 secs, iter cost : 0 seconds

Elapsed time: 71-72: total : 10.401 secs, iter cost : 0 seconds

Elapsed time: 72-73: total : 421 millisecs, iter cost : 20 mseconds

num_new_nodes = 75489, current_graph_size = 1509772, growth rate = 0.050000 
Elapsed time: 73-74: total : 8 millisecs, iter cost : 0 mseconds

Elapsed time: 74-75: total : 978 millisecs, iter cost : 79 mseconds

all new nodes initialized with years and mapped. FillSameYearSourceNodes with new_nodes_vec.size() = 75489
checking same_year_source_nodes size.
Elapsed time: 75-76: total : 0 millisecs, iter cost : 0 mseconds

new_nodes_vec.size() b4 : 75489

updated  updateGraphAttributesGeneratorNode .... 
Elapsed time: 76-77: total : 2701 millisecs, iter cost : 191 mseconds

continuous_node_mapping.size() b5 : 1585261, reverse_continuous_node_mapping size = 1585261

[ER Model] Building connections using Erdos-Renyi

[ER Model] Processing 75489 new nodes for year 2006 (graph size: 1509772)

ALLOCATE DEVICE MEMORY
 Allocate RNG states.
 Estimate capacity based on ER model.
create_thread_vectors_bulk<int2>(num_new_nodes, per_thread_capacities.
Instead of batch - process all new nodes in parallel.
COLLECT RESULTS
[ER Model] Generated 11400935 edges

Year 2006: 75489 new nodes, 11400935 new edges

Elapsed time: 78-781 : total : 60.269 secs, this iter cost : 4.333 seconds

Elapsed time: 78-79 : total : 100.68 secs, this iter cost : 8.426 seconds

updateNodeInDegreeOutDegree(year=2006): updated 75489 out-degrees, 1584472 in-degrees
Elapsed time: 79-81 : total : 14.095 secs, this iter cost : 0 seconds

Elapsed time: 79-80 : total : 8.591 secs, this iter cost : 0 seconds

Elapsed time: 80-81 : total : 5.493 secs, this iter cost : 0 seconds

Elapsed time: 70-81 : total : 138.441 secs, this iter cost : 10 seconds

 Entering loop for year = 2007
Elapsed time: 70-71: total : 9.59 secs, iter cost : 0 seconds

Elapsed time: 71-72: total : 11.005 secs, iter cost : 0 seconds

Elapsed time: 72-73: total : 440 millisecs, iter cost : 19 mseconds

num_new_nodes = 79264, current_graph_size = 1585261, growth rate = 0.050000 
Elapsed time: 73-74: total : 8 millisecs, iter cost : 0 mseconds

Elapsed time: 74-75: total : 1056 millisecs, iter cost : 78 mseconds

all new nodes initialized with years and mapped. FillSameYearSourceNodes with new_nodes_vec.size() = 79264
checking same_year_source_nodes size.
Elapsed time: 75-76: total : 0 millisecs, iter cost : 0 mseconds

new_nodes_vec.size() b4 : 79264

updated  updateGraphAttributesGeneratorNode .... 
Elapsed time: 76-77: total : 2906 millisecs, iter cost : 205 mseconds

continuous_node_mapping.size() b5 : 1664525, reverse_continuous_node_mapping size = 1664525

[ER Model] Building connections using Erdos-Renyi

[ER Model] Processing 79264 new nodes for year 2007 (graph size: 1585261)

ALLOCATE DEVICE MEMORY
 Allocate RNG states.
 Estimate capacity based on ER model.
create_thread_vectors_bulk<int2>(num_new_nodes, per_thread_capacities.
Instead of batch - process all new nodes in parallel.
COLLECT RESULTS
[ER Model] Generated 12564110 edges

Year 2007: 79264 new nodes, 12564110 new edges

Elapsed time: 78-781 : total : 64.808 secs, this iter cost : 4.539 seconds

Elapsed time: 78-79 : total : 109.494 secs, this iter cost : 8.814 seconds

updateNodeInDegreeOutDegree(year=2007): updated 79264 out-degrees, 1663948 in-degrees
Elapsed time: 79-81 : total : 15.06 secs, this iter cost : 0 seconds

Elapsed time: 79-80 : total : 9.163 secs, this iter cost : 0 seconds

Elapsed time: 80-81 : total : 5.886 secs, this iter cost : 0 seconds

Elapsed time: 70-81 : total : 149.645 secs, this iter cost : 11 seconds

 Entering loop for year = 2008
Elapsed time: 70-71: total : 10.091 secs, iter cost : 0 seconds

Elapsed time: 71-72: total : 11.642 secs, iter cost : 0 seconds

Elapsed time: 72-73: total : 459 millisecs, iter cost : 19 mseconds

num_new_nodes = 83227, current_graph_size = 1664525, growth rate = 0.050000 
Elapsed time: 73-74: total : 8 millisecs, iter cost : 0 mseconds

Elapsed time: 74-75: total : 1137 millisecs, iter cost : 81 mseconds

all new nodes initialized with years and mapped. FillSameYearSourceNodes with new_nodes_vec.size() = 83227
checking same_year_source_nodes size.
Elapsed time: 75-76: total : 0 millisecs, iter cost : 0 mseconds

new_nodes_vec.size() b4 : 83227

updated  updateGraphAttributesGeneratorNode .... 
Elapsed time: 76-77: total : 3115 millisecs, iter cost : 209 mseconds

continuous_node_mapping.size() b5 : 1747752, reverse_continuous_node_mapping size = 1747752

[ER Model] Building connections using Erdos-Renyi

[ER Model] Processing 83227 new nodes for year 2008 (graph size: 1664525)

ALLOCATE DEVICE MEMORY
 Allocate RNG states.
 Estimate capacity based on ER model.
create_thread_vectors_bulk<int2>(num_new_nodes, per_thread_capacities.
Instead of batch - process all new nodes in parallel.
COLLECT RESULTS
[ER Model] Generated 13856144 edges

Year 2008: 83227 new nodes, 13856144 new edges

Elapsed time: 78-781 : total : 69.528 secs, this iter cost : 4.72 seconds

Elapsed time: 78-79 : total : 119.101 secs, this iter cost : 9.607 seconds

updateNodeInDegreeOutDegree(year=2008): updated 83227 out-degrees, 1747342 in-degrees
Elapsed time: 79-81 : total : 16.13 secs, this iter cost : 1 seconds

Elapsed time: 79-80 : total : 9.806 secs, this iter cost : 0 seconds

Elapsed time: 80-81 : total : 6.312 secs, this iter cost : 0 seconds

Elapsed time: 70-81 : total : 161.772 secs, this iter cost : 12 seconds

 Entering loop for year = 2009
Elapsed time: 70-71: total : 10.627 secs, iter cost : 0 seconds

Elapsed time: 71-72: total : 12.3 secs, iter cost : 0 seconds

Elapsed time: 72-73: total : 482 millisecs, iter cost : 23 mseconds

num_new_nodes = 87388, current_graph_size = 1747752, growth rate = 0.050000 
Elapsed time: 73-74: total : 8 millisecs, iter cost : 0 mseconds

Elapsed time: 74-75: total : 1229 millisecs, iter cost : 92 mseconds

all new nodes initialized with years and mapped. FillSameYearSourceNodes with new_nodes_vec.size() = 87388
checking same_year_source_nodes size.
Elapsed time: 75-76: total : 0 millisecs, iter cost : 0 mseconds

new_nodes_vec.size() b4 : 87388

updated  updateGraphAttributesGeneratorNode .... 
Elapsed time: 76-77: total : 3347 millisecs, iter cost : 232 mseconds

continuous_node_mapping.size() b5 : 1835140, reverse_continuous_node_mapping size = 1835140

[ER Model] Building connections using Erdos-Renyi

[ER Model] Processing 87388 new nodes for year 2009 (graph size: 1747752)

ALLOCATE DEVICE MEMORY
 Allocate RNG states.
 Estimate capacity based on ER model.
create_thread_vectors_bulk<int2>(num_new_nodes, per_thread_capacities.
Instead of batch - process all new nodes in parallel.
COLLECT RESULTS
[ER Model] Generated 15281286 edges

Year 2009: 87388 new nodes, 15281286 new edges

Elapsed time: 78-781 : total : 74.536 secs, this iter cost : 5.008 seconds

Elapsed time: 78-79 : total : 129.585 secs, this iter cost : 10.484 seconds

updateNodeInDegreeOutDegree(year=2009): updated 87388 out-degrees, 1834873 in-degrees
Elapsed time: 79-81 : total : 17.27 secs, this iter cost : 1 seconds

Elapsed time: 79-80 : total : 10.497 secs, this iter cost : 0 seconds

Elapsed time: 80-81 : total : 6.76 secs, this iter cost : 0 seconds

Elapsed time: 70-81 : total : 174.939 secs, this iter cost : 13 seconds

 Entering loop for year = 2010
Elapsed time: 70-71: total : 11.187 secs, iter cost : 0 seconds

Elapsed time: 71-72: total : 12.958 secs, iter cost : 0 seconds

Elapsed time: 72-73: total : 497 millisecs, iter cost : 15 mseconds

num_new_nodes = 91757, current_graph_size = 1835140, growth rate = 0.050000 
Elapsed time: 73-74: total : 8 millisecs, iter cost : 0 mseconds

Elapsed time: 74-75: total : 1335 millisecs, iter cost : 106 mseconds

all new nodes initialized with years and mapped. FillSameYearSourceNodes with new_nodes_vec.size() = 91757
checking same_year_source_nodes size.
Elapsed time: 75-76: total : 0 millisecs, iter cost : 0 mseconds

new_nodes_vec.size() b4 : 91757

updated  updateGraphAttributesGeneratorNode .... 
Elapsed time: 76-77: total : 3577 millisecs, iter cost : 230 mseconds

continuous_node_mapping.size() b5 : 1926897, reverse_continuous_node_mapping size = 1926897

[ER Model] Building connections using Erdos-Renyi

[ER Model] Processing 91757 new nodes for year 2010 (graph size: 1835140)

ALLOCATE DEVICE MEMORY
 Allocate RNG states.
 Estimate capacity based on ER model.
create_thread_vectors_bulk<int2>(num_new_nodes, per_thread_capacities.
Instead of batch - process all new nodes in parallel.
COLLECT RESULTS
[ER Model] Generated 16838419 edges

Year 2010: 91757 new nodes, 16838419 new edges

Elapsed time: 78-781 : total : 79.774 secs, this iter cost : 5.238 seconds

Elapsed time: 78-79 : total : 141.119 secs, this iter cost : 11.534 seconds

updateNodeInDegreeOutDegree(year=2010): updated 91757 out-degrees, 1926712 in-degrees
Elapsed time: 79-81 : total : 18.426 secs, this iter cost : 1 seconds

Elapsed time: 79-80 : total : 11.189 secs, this iter cost : 0 seconds

Elapsed time: 80-81 : total : 7.223 secs, this iter cost : 0 seconds

Elapsed time: 70-81 : total : 189.202 secs, this iter cost : 14 seconds

 Entering loop for year = 2011
Elapsed time: 70-71: total : 11.757 secs, iter cost : 0 seconds

Elapsed time: 71-72: total : 13.652 secs, iter cost : 0 seconds

Elapsed time: 72-73: total : 517 millisecs, iter cost : 20 mseconds

num_new_nodes = 96345, current_graph_size = 1926897, growth rate = 0.050000 
Elapsed time: 73-74: total : 8 millisecs, iter cost : 0 mseconds

Elapsed time: 74-75: total : 1426 millisecs, iter cost : 91 mseconds

all new nodes initialized with years and mapped. FillSameYearSourceNodes with new_nodes_vec.size() = 96345
checking same_year_source_nodes size.
Elapsed time: 75-76: total : 0 millisecs, iter cost : 0 mseconds

new_nodes_vec.size() b4 : 96345

updated  updateGraphAttributesGeneratorNode .... 
Elapsed time: 76-77: total : 3820 millisecs, iter cost : 243 mseconds

continuous_node_mapping.size() b5 : 2023242, reverse_continuous_node_mapping size = 2023242

[ER Model] Building connections using Erdos-Renyi

[ER Model] Processing 96345 new nodes for year 2011 (graph size: 1926897)

ALLOCATE DEVICE MEMORY
 Allocate RNG states.
 Estimate capacity based on ER model.
create_thread_vectors_bulk<int2>(num_new_nodes, per_thread_capacities.
Instead of batch - process all new nodes in parallel.
COLLECT RESULTS
[ER Model] Generated 18565318 edges

Year 2011: 96345 new nodes, 18565318 new edges

Elapsed time: 78-781 : total : 85.22 secs, this iter cost : 5.446 seconds

Elapsed time: 78-79 : total : 152.895 secs, this iter cost : 11.776 seconds

updateNodeInDegreeOutDegree(year=2011): updated 96345 out-degrees, 2023124 in-degrees
Elapsed time: 79-81 : total : 19.641 secs, this iter cost : 1 seconds

Elapsed time: 79-80 : total : 11.915 secs, this iter cost : 0 seconds

Elapsed time: 80-81 : total : 7.711 secs, this iter cost : 0 seconds

Elapsed time: 70-81 : total : 203.815 secs, this iter cost : 14 seconds

 Entering loop for year = 2012
Elapsed time: 70-71: total : 12.392 secs, iter cost : 0 seconds

Elapsed time: 71-72: total : 14.364 secs, iter cost : 0 seconds

Elapsed time: 72-73: total : 532 millisecs, iter cost : 15 mseconds

num_new_nodes = 101163, current_graph_size = 2023242, growth rate = 0.050000 
Elapsed time: 73-74: total : 8 millisecs, iter cost : 0 mseconds

Elapsed time: 74-75: total : 1511 millisecs, iter cost : 85 mseconds

all new nodes initialized with years and mapped. FillSameYearSourceNodes with new_nodes_vec.size() = 101163
checking same_year_source_nodes size.
Elapsed time: 75-76: total : 0 millisecs, iter cost : 0 mseconds

new_nodes_vec.size() b4 : 101163

updated  updateGraphAttributesGeneratorNode .... 
Elapsed time: 76-77: total : 4070 millisecs, iter cost : 250 mseconds

continuous_node_mapping.size() b5 : 2124405, reverse_continuous_node_mapping size = 2124405

[ER Model] Building connections using Erdos-Renyi

[ER Model] Processing 101163 new nodes for year 2012 (graph size: 2023242)

ALLOCATE DEVICE MEMORY
 Allocate RNG states.
 Estimate capacity based on ER model.
create_thread_vectors_bulk<int2>(num_new_nodes, per_thread_capacities.
Instead of batch - process all new nodes in parallel.
COLLECT RESULTS
[ER Model] Generated 20466893 edges

Year 2012: 101163 new nodes, 20466893 new edges

Elapsed time: 78-781 : total : 90.996 secs, this iter cost : 5.776 seconds

Elapsed time: 78-79 : total : 166.175 secs, this iter cost : 13.28 seconds

updateNodeInDegreeOutDegree(year=2012): updated 101163 out-degrees, 2124339 in-degrees
Elapsed time: 79-81 : total : 20.903 secs, this iter cost : 1 seconds

Elapsed time: 79-80 : total : 12.676 secs, this iter cost : 0 seconds

Elapsed time: 80-81 : total : 8.211 secs, this iter cost : 0 seconds

Elapsed time: 70-81 : total : 220.057 secs, this iter cost : 16 seconds

Elapsed time: 7-8 :  220 seconds

compute done:: graph size = 2124405
Elapsed time: 8-8.1 :  0 seconds

Writing Graph to file: ./output/30y/gpu-opt-static-output-30y-5p.edgelist

Elapsed time: 8.1-9 :  8 seconds

Elapsed time: 9-10 :  1 seconds

 graph size = 2124405
WriteAttributes: graph size = 2124405

Elapsed time: 0-1 : 3 seconds

Elapsed time: 1-4 : 0 seconds

Elapsed time: 4-7 : 0 seconds

Elapsed time: 70-71: total : 12.392 seconds.

Elapsed time: 71-72: total : 14.364 seconds.

Elapsed time: 72-73: total : 0.532 seconds.

Elapsed time: 73-74: total : 0.008 seconds.

Elapsed time: 74-75: total : 1.511 seconds.

Elapsed time: 75-76: total : 0 seconds.

Elapsed time: 76-77: total : 4.07 seconds.

Elapsed time: 77-79: total : 166.175 seconds.

Elapsed time: 79-81 : total : 20.903 seconds.

Elapsed time: 79-80 : total : 12.676 seconds.

Elapsed time: 80-81 : total : 8.211 seconds.

Elapsed time: 70-81 : total : 220.057 seconds.

Elapsed time: 7-8 : 220 seconds

Elapsed time: 8-8.1 :  0 seconds

Elapsed time: 8.1-9 :  8 seconds

Elapsed time: 9-10 : 1 seconds

Elapsed time: 11-12 : 13 seconds

Elapsed time: 10-12 : 13 seconds

Elapsed time: 0-7 : 3 seconds

Elapsed time: 7-8 : 220 seconds

Elapsed time: 8-12 : 24 seconds

E2E Time for num_cycles = 30 with growth_rate = 5 % = 253 seconds.
GPU 0: General Metrics for NVIDIA GH100 (any frequency)
Generating '/tmp/nsys-report-91e1.qdstrm'
[1/8] [0%                          ] nsys-er-gnp-30y-5p.nsys-rep[1/8] [0%                          ] nsys-er-gnp-30y-5p.nsys-rep[1/8] [6%                          ] nsys-er-gnp-30y-5p.nsys-rep[1/8] [9%                          ] nsys-er-gnp-30y-5p.nsys-rep[1/8] [8%                          ] nsys-er-gnp-30y-5p.nsys-rep[1/8] [9%                          ] nsys-er-gnp-30y-5p.nsys-rep[1/8] [8%                          ] nsys-er-gnp-30y-5p.nsys-rep[1/8] [7%                          ] nsys-er-gnp-30y-5p.nsys-rep[1/8] [6%                          ] nsys-er-gnp-30y-5p.nsys-rep[1/8] [9%                          ] nsys-er-gnp-30y-5p.nsys-rep[1/8] [8%                          ] nsys-er-gnp-30y-5p.nsys-rep[1/8] [9%                          ] nsys-er-gnp-30y-5p.nsys-rep[1/8] [8%                          ] nsys-er-gnp-30y-5p.nsys-rep[1/8] [7%                          ] nsys-er-gnp-30y-5p.nsys-rep[1/8] [9%                          ] nsys-er-gnp-30y-5p.nsys-rep[1/8] [8%                          ] nsys-er-gnp-30y-5p.nsys-rep[1/8] [9%                          ] nsys-er-gnp-30y-5p.nsys-rep[1/8] [8%                          ] nsys-er-gnp-30y-5p.nsys-rep[1/8] [7%                          ] nsys-er-gnp-30y-5p.nsys-rep[1/8] [9%                          ] nsys-er-gnp-30y-5p.nsys-rep[1/8] [8%                          ] nsys-er-gnp-30y-5p.nsys-rep[1/8] [9%                          ] nsys-er-gnp-30y-5p.nsys-rep[1/8] [8%                          ] nsys-er-gnp-30y-5p.nsys-rep[1/8] [9%                          ] nsys-er-gnp-30y-5p.nsys-rep[1/8] [8%                          ] nsys-er-gnp-30y-5p.nsys-rep[1/8] [9%                          ] nsys-er-gnp-30y-5p.nsys-rep[1/8] [8%                          ] nsys-er-gnp-30y-5p.nsys-rep[1/8] [9%                          ] nsys-er-gnp-30y-5p.nsys-rep[1/8] [8%                          ] nsys-er-gnp-30y-5p.nsys-rep[1/8] [9%                          ] nsys-er-gnp-30y-5p.nsys-rep[1/8] [8%                          ] nsys-er-gnp-30y-5p.nsys-rep[1/8] [9%                          ] nsys-er-gnp-30y-5p.nsys-rep[1/8] [8%                          ] nsys-er-gnp-30y-5p.nsys-rep[1/8] [9%                          ] nsys-er-gnp-30y-5p.nsys-rep[1/8] [8%                          ] nsys-er-gnp-30y-5p.nsys-rep[1/8] [9%                          ] nsys-er-gnp-30y-5p.nsys-rep[1/8] [8%                          ] nsys-er-gnp-30y-5p.nsys-rep[1/8] [9%                          ] nsys-er-gnp-30y-5p.nsys-rep[1/8] [8%                          ] nsys-er-gnp-30y-5p.nsys-rep[1/8] [9%                          ] nsys-er-gnp-30y-5p.nsys-rep[1/8] [8%                          ] nsys-er-gnp-30y-5p.nsys-rep[1/8] [9%                          ] nsys-er-gnp-30y-5p.nsys-rep[1/8] [8%                          ] nsys-er-gnp-30y-5p.nsys-rep[1/8] [9%                          ] nsys-er-gnp-30y-5p.nsys-rep[1/8] [8%                          ] nsys-er-gnp-30y-5p.nsys-rep[1/8] [9%                          ] nsys-er-gnp-30y-5p.nsys-rep[1/8] [8%                          ] nsys-er-gnp-30y-5p.nsys-rep[1/8] [9%                          ] nsys-er-gnp-30y-5p.nsys-rep[1/8] [8%                          ] nsys-er-gnp-30y-5p.nsys-rep[1/8] [9%                          ] nsys-er-gnp-30y-5p.nsys-rep[1/8] [8%                          ] nsys-er-gnp-30y-5p.nsys-rep[1/8] [9%                          ] nsys-er-gnp-30y-5p.nsys-rep[1/8] [8%                          ] nsys-er-gnp-30y-5p.nsys-rep[1/8] [9%                          ] nsys-er-gnp-30y-5p.nsys-rep[1/8] [8%                          ] nsys-er-gnp-30y-5p.nsys-rep[1/8] [9%                          ] nsys-er-gnp-30y-5p.nsys-rep[1/8] [8%                          ] nsys-er-gnp-30y-5p.nsys-rep[1/8] [9%                          ] nsys-er-gnp-30y-5p.nsys-rep[1/8] [8%                          ] nsys-er-gnp-30y-5p.nsys-rep[1/8] [9%                          ] nsys-er-gnp-30y-5p.nsys-rep[1/8] [8%                          ] nsys-er-gnp-30y-5p.nsys-rep[1/8] [9%                          ] nsys-er-gnp-30y-5p.nsys-rep[1/8] [8%                          ] nsys-er-gnp-30y-5p.nsys-rep[1/8] [9%                          ] nsys-er-gnp-30y-5p.nsys-rep[1/8] [10%                         ] nsys-er-gnp-30y-5p.nsys-rep[1/8] [9%                          ] nsys-er-gnp-30y-5p.nsys-rep[1/8] [10%                         ] nsys-er-gnp-30y-5p.nsys-rep[1/8] [9%                          ] nsys-er-gnp-30y-5p.nsys-rep[1/8] [10%                         ] nsys-er-gnp-30y-5p.nsys-rep[1/8] [11%                         ] nsys-er-gnp-30y-5p.nsys-rep[1/8] [10%                         ] nsys-er-gnp-30y-5p.nsys-rep[1/8] [11%                         ] nsys-er-gnp-30y-5p.nsys-rep[1/8] [10%                         ] nsys-er-gnp-30y-5p.nsys-rep[1/8] [11%                         ] nsys-er-gnp-30y-5p.nsys-rep[1/8] [10%                         ] nsys-er-gnp-30y-5p.nsys-rep[1/8] [11%                         ] nsys-er-gnp-30y-5p.nsys-rep[1/8] [10%                         ] nsys-er-gnp-30y-5p.nsys-rep[1/8] [11%                         ] nsys-er-gnp-30y-5p.nsys-rep[1/8] [10%                         ] nsys-er-gnp-30y-5p.nsys-rep[1/8] [11%                         ] nsys-er-gnp-30y-5p.nsys-rep[1/8] [10%                         ] nsys-er-gnp-30y-5p.nsys-rep[1/8] [11%                         ] nsys-er-gnp-30y-5p.nsys-rep[1/8] [10%                         ] nsys-er-gnp-30y-5p.nsys-rep[1/8] [11%                         ] nsys-er-gnp-30y-5p.nsys-rep[1/8] [10%                         ] nsys-er-gnp-30y-5p.nsys-rep[1/8] [9%                          ] nsys-er-gnp-30y-5p.nsys-rep[1/8] [8%                          ] nsys-er-gnp-30y-5p.nsys-rep[1/8] [7%                          ] nsys-er-gnp-30y-5p.nsys-rep[1/8] [6%                          ] nsys-er-gnp-30y-5p.nsys-rep[1/8] [7%                          ] nsys-er-gnp-30y-5p.nsys-rep[1/8] [8%                          ] nsys-er-gnp-30y-5p.nsys-rep[1/8] [9%                          ] nsys-er-gnp-30y-5p.nsys-rep[1/8] [10%                         ] nsys-er-gnp-30y-5p.nsys-rep[1/8] [11%                         ] nsys-er-gnp-30y-5p.nsys-rep[1/8] [12%                         ] nsys-er-gnp-30y-5p.nsys-rep[1/8] [13%                         ] nsys-er-gnp-30y-5p.nsys-rep[1/8] [14%                         ] nsys-er-gnp-30y-5p.nsys-rep[1/8] [=15%                        ] nsys-er-gnp-30y-5p.nsys-rep[1/8] [=16%                        ] nsys-er-gnp-30y-5p.nsys-rep[1/8] [=17%                        ] nsys-er-gnp-30y-5p.nsys-rep[1/8] [==18%                       ] nsys-er-gnp-30y-5p.nsys-rep[1/8] [==19%                       ] nsys-er-gnp-30y-5p.nsys-rep[1/8] [==20%                       ] nsys-er-gnp-30y-5p.nsys-rep[1/8] [==21%                       ] nsys-er-gnp-30y-5p.nsys-rep[1/8] [===22%                      ] nsys-er-gnp-30y-5p.nsys-rep[1/8] [===23%                      ] nsys-er-gnp-30y-5p.nsys-rep[1/8] [===24%                      ] nsys-er-gnp-30y-5p.nsys-rep[1/8] [====25%                     ] nsys-er-gnp-30y-5p.nsys-rep[1/8] [====26%                     ] nsys-er-gnp-30y-5p.nsys-rep[1/8] [====27%                     ] nsys-er-gnp-30y-5p.nsys-rep[1/8] [====28%                     ] nsys-er-gnp-30y-5p.nsys-rep[1/8] [=====29%                    ] nsys-er-gnp-30y-5p.nsys-rep[1/8] [=====30%                    ] nsys-er-gnp-30y-5p.nsys-rep[1/8] [=====31%                    ] nsys-er-gnp-30y-5p.nsys-rep[1/8] [=====32%                    ] nsys-er-gnp-30y-5p.nsys-rep[1/8] [======33%                   ] nsys-er-gnp-30y-5p.nsys-rep[1/8] [======34%                   ] nsys-er-gnp-30y-5p.nsys-rep[1/8] [======35%                   ] nsys-er-gnp-30y-5p.nsys-rep[1/8] [=======36%                  ] nsys-er-gnp-30y-5p.nsys-rep[1/8] [=======37%                  ] nsys-er-gnp-30y-5p.nsys-rep[1/8] [=======38%                  ] nsys-er-gnp-30y-5p.nsys-rep[1/8] [=======39%                  ] nsys-er-gnp-30y-5p.nsys-rep[1/8] [========40%                 ] nsys-er-gnp-30y-5p.nsys-rep[1/8] [========41%                 ] nsys-er-gnp-30y-5p.nsys-rep[1/8] [========42%                 ] nsys-er-gnp-30y-5p.nsys-rep[1/8] [=========43%                ] nsys-er-gnp-30y-5p.nsys-rep[1/8] [=========44%                ] nsys-er-gnp-30y-5p.nsys-rep[1/8] [=========45%                ] nsys-er-gnp-30y-5p.nsys-rep[1/8] [=========46%                ] nsys-er-gnp-30y-5p.nsys-rep[1/8] [==========47%               ] nsys-er-gnp-30y-5p.nsys-rep[1/8] [==========48%               ] nsys-er-gnp-30y-5p.nsys-rep[1/8] [==========49%               ] nsys-er-gnp-30y-5p.nsys-rep[1/8] [===========50%              ] nsys-er-gnp-30y-5p.nsys-rep[1/8] [===========51%              ] nsys-er-gnp-30y-5p.nsys-rep[1/8] [===========52%              ] nsys-er-gnp-30y-5p.nsys-rep[1/8] [===========53%              ] nsys-er-gnp-30y-5p.nsys-rep[1/8] [============54%             ] nsys-er-gnp-30y-5p.nsys-rep[1/8] [============55%             ] nsys-er-gnp-30y-5p.nsys-rep[1/8] [============56%             ] nsys-er-gnp-30y-5p.nsys-rep[1/8] [============57%             ] nsys-er-gnp-30y-5p.nsys-rep[1/8] [=============58%            ] nsys-er-gnp-30y-5p.nsys-rep[1/8] [=============59%            ] nsys-er-gnp-30y-5p.nsys-rep[1/8] [=============60%            ] nsys-er-gnp-30y-5p.nsys-rep[1/8] [==============61%           ] nsys-er-gnp-30y-5p.nsys-rep[1/8] [==============62%           ] nsys-er-gnp-30y-5p.nsys-rep[1/8] [==============63%           ] nsys-er-gnp-30y-5p.nsys-rep[1/8] [==============64%           ] nsys-er-gnp-30y-5p.nsys-rep[1/8] [===============65%          ] nsys-er-gnp-30y-5p.nsys-rep[1/8] [===============66%          ] nsys-er-gnp-30y-5p.nsys-rep[1/8] [===============67%          ] nsys-er-gnp-30y-5p.nsys-rep[1/8] [================68%         ] nsys-er-gnp-30y-5p.nsys-rep[1/8] [================69%         ] nsys-er-gnp-30y-5p.nsys-rep[1/8] [================70%         ] nsys-er-gnp-30y-5p.nsys-rep[1/8] [================71%         ] nsys-er-gnp-30y-5p.nsys-rep[1/8] [=================72%        ] nsys-er-gnp-30y-5p.nsys-rep[1/8] [=================73%        ] nsys-er-gnp-30y-5p.nsys-rep[1/8] [=================74%        ] nsys-er-gnp-30y-5p.nsys-rep[1/8] [==================75%       ] nsys-er-gnp-30y-5p.nsys-rep[1/8] [==================76%       ] nsys-er-gnp-30y-5p.nsys-rep[1/8] [==================77%       ] nsys-er-gnp-30y-5p.nsys-rep[1/8] [==================78%       ] nsys-er-gnp-30y-5p.nsys-rep[1/8] [===================79%      ] nsys-er-gnp-30y-5p.nsys-rep[1/8] [===================80%      ] nsys-er-gnp-30y-5p.nsys-rep[1/8] [========================100%] nsys-er-gnp-30y-5p.nsys-rep[1/8] [========================100%] nsys-er-gnp-30y-5p.nsys-rep
[2/8] [0%                          ] nsys-er-gnp-30y-5p.sqlite[2/8] [1%                          ] nsys-er-gnp-30y-5p.sqlite[2/8] [2%                          ] nsys-er-gnp-30y-5p.sqlite[2/8] [3%                          ] nsys-er-gnp-30y-5p.sqlite[2/8] [4%                          ] nsys-er-gnp-30y-5p.sqlite[2/8] [5%                          ] nsys-er-gnp-30y-5p.sqlite[2/8] [6%                          ] nsys-er-gnp-30y-5p.sqlite[2/8] [7%                          ] nsys-er-gnp-30y-5p.sqlite[2/8] [8%                          ] nsys-er-gnp-30y-5p.sqlite[2/8] [9%                          ] nsys-er-gnp-30y-5p.sqlite[2/8] [10%                         ] nsys-er-gnp-30y-5p.sqlite[2/8] [11%                         ] nsys-er-gnp-30y-5p.sqlite[2/8] [12%                         ] nsys-er-gnp-30y-5p.sqlite[2/8] [13%                         ] nsys-er-gnp-30y-5p.sqlite[2/8] [14%                         ] nsys-er-gnp-30y-5p.sqlite[2/8] [=15%                        ] nsys-er-gnp-30y-5p.sqlite[2/8] [=16%                        ] nsys-er-gnp-30y-5p.sqlite[2/8] [=17%                        ] nsys-er-gnp-30y-5p.sqlite[2/8] [==18%                       ] nsys-er-gnp-30y-5p.sqlite[2/8] [==19%                       ] nsys-er-gnp-30y-5p.sqlite[2/8] [==20%                       ] nsys-er-gnp-30y-5p.sqlite[2/8] [==21%                       ] nsys-er-gnp-30y-5p.sqlite[2/8] [===22%                      ] nsys-er-gnp-30y-5p.sqlite[2/8] [===23%                      ] nsys-er-gnp-30y-5p.sqlite[2/8] [===24%                      ] nsys-er-gnp-30y-5p.sqlite[2/8] [====25%                     ] nsys-er-gnp-30y-5p.sqlite[2/8] [====26%                     ] nsys-er-gnp-30y-5p.sqlite[2/8] [====27%                     ] nsys-er-gnp-30y-5p.sqlite[2/8] [====28%                     ] nsys-er-gnp-30y-5p.sqlite[2/8] [=====29%                    ] nsys-er-gnp-30y-5p.sqlite[2/8] [=====30%                    ] nsys-er-gnp-30y-5p.sqlite[2/8] [=====31%                    ] nsys-er-gnp-30y-5p.sqlite[2/8] [=====32%                    ] nsys-er-gnp-30y-5p.sqlite[2/8] [======33%                   ] nsys-er-gnp-30y-5p.sqlite[2/8] [======34%                   ] nsys-er-gnp-30y-5p.sqlite[2/8] [======35%                   ] nsys-er-gnp-30y-5p.sqlite[2/8] [=======36%                  ] nsys-er-gnp-30y-5p.sqlite[2/8] [=======37%                  ] nsys-er-gnp-30y-5p.sqlite[2/8] [=======38%                  ] nsys-er-gnp-30y-5p.sqlite[2/8] [=======39%                  ] nsys-er-gnp-30y-5p.sqlite[2/8] [========40%                 ] nsys-er-gnp-30y-5p.sqlite[2/8] [========41%                 ] nsys-er-gnp-30y-5p.sqlite[2/8] [========42%                 ] nsys-er-gnp-30y-5p.sqlite[2/8] [=========43%                ] nsys-er-gnp-30y-5p.sqlite[2/8] [=========44%                ] nsys-er-gnp-30y-5p.sqlite[2/8] [=========45%                ] nsys-er-gnp-30y-5p.sqlite[2/8] [=========46%                ] nsys-er-gnp-30y-5p.sqlite[2/8] [==========47%               ] nsys-er-gnp-30y-5p.sqlite[2/8] [==========48%               ] nsys-er-gnp-30y-5p.sqlite[2/8] [==========49%               ] nsys-er-gnp-30y-5p.sqlite[2/8] [===========50%              ] nsys-er-gnp-30y-5p.sqlite[2/8] [===========51%              ] nsys-er-gnp-30y-5p.sqlite[2/8] [===========52%              ] nsys-er-gnp-30y-5p.sqlite[2/8] [===========53%              ] nsys-er-gnp-30y-5p.sqlite[2/8] [============54%             ] nsys-er-gnp-30y-5p.sqlite[2/8] [============55%             ] nsys-er-gnp-30y-5p.sqlite[2/8] [============56%             ] nsys-er-gnp-30y-5p.sqlite[2/8] [============57%             ] nsys-er-gnp-30y-5p.sqlite[2/8] [=============58%            ] nsys-er-gnp-30y-5p.sqlite[2/8] [=============59%            ] nsys-er-gnp-30y-5p.sqlite[2/8] [=============60%            ] nsys-er-gnp-30y-5p.sqlite[2/8] [==============61%           ] nsys-er-gnp-30y-5p.sqlite[2/8] [==============62%           ] nsys-er-gnp-30y-5p.sqlite[2/8] [==============63%           ] nsys-er-gnp-30y-5p.sqlite[2/8] [==============64%           ] nsys-er-gnp-30y-5p.sqlite[2/8] [===============65%          ] nsys-er-gnp-30y-5p.sqlite[2/8] [===============66%          ] nsys-er-gnp-30y-5p.sqlite[2/8] [===============67%          ] nsys-er-gnp-30y-5p.sqlite[2/8] [================68%         ] nsys-er-gnp-30y-5p.sqlite[2/8] [================69%         ] nsys-er-gnp-30y-5p.sqlite[2/8] [================70%         ] nsys-er-gnp-30y-5p.sqlite[2/8] [================71%         ] nsys-er-gnp-30y-5p.sqlite[2/8] [=================72%        ] nsys-er-gnp-30y-5p.sqlite[2/8] [=================73%        ] nsys-er-gnp-30y-5p.sqlite[2/8] [=================74%        ] nsys-er-gnp-30y-5p.sqlite[2/8] [==================75%       ] nsys-er-gnp-30y-5p.sqlite[2/8] [==================76%       ] nsys-er-gnp-30y-5p.sqlite[2/8] [==================77%       ] nsys-er-gnp-30y-5p.sqlite[2/8] [==================78%       ] nsys-er-gnp-30y-5p.sqlite[2/8] [===================79%      ] nsys-er-gnp-30y-5p.sqlite[2/8] [===================80%      ] nsys-er-gnp-30y-5p.sqlite[2/8] [===================81%      ] nsys-er-gnp-30y-5p.sqlite[2/8] [===================82%      ] nsys-er-gnp-30y-5p.sqlite[2/8] [====================83%     ] nsys-er-gnp-30y-5p.sqlite[2/8] [====================84%     ] nsys-er-gnp-30y-5p.sqlite[2/8] [====================85%     ] nsys-er-gnp-30y-5p.sqlite[2/8] [=====================86%    ] nsys-er-gnp-30y-5p.sqlite[2/8] [=====================87%    ] nsys-er-gnp-30y-5p.sqlite[2/8] [=====================88%    ] nsys-er-gnp-30y-5p.sqlite[2/8] [=====================89%    ] nsys-er-gnp-30y-5p.sqlite[2/8] [======================90%   ] nsys-er-gnp-30y-5p.sqlite[2/8] [======================91%   ] nsys-er-gnp-30y-5p.sqlite[2/8] [======================92%   ] nsys-er-gnp-30y-5p.sqlite[2/8] [=======================93%  ] nsys-er-gnp-30y-5p.sqlite[2/8] [=======================94%  ] nsys-er-gnp-30y-5p.sqlite[2/8] [=======================95%  ] nsys-er-gnp-30y-5p.sqlite[2/8] [=======================96%  ] nsys-er-gnp-30y-5p.sqlite[2/8] [========================97% ] nsys-er-gnp-30y-5p.sqlite[2/8] [========================98% ] nsys-er-gnp-30y-5p.sqlite[2/8] [========================99% ] nsys-er-gnp-30y-5p.sqlite[2/8] [========================100%] nsys-er-gnp-30y-5p.sqlite[2/8] [========================100%] nsys-er-gnp-30y-5p.sqlite
SKIPPED: /home/jmukher/workspace/uiuc/citation_abm/erprofile/nsys-er-gnp-30y-5p.sqlite does not contain NV Tools Extension (NVTX) data.
[3/8] Executing 'nvtx_sum' stats report
[4/8] Executing 'osrt_sum' stats report

 Time (%)  Total Time (ns)  Num Calls    Avg (ns)      Med (ns)    Min (ns)   Max (ns)    StdDev (ns)            Name         
 --------  ---------------  ---------  ------------  ------------  --------  -----------  ------------  ----------------------
     99.3  453,001,713,819     22,893  19,787,782.9  10,061,484.0     1,481  104,582,157  28,020,007.3  poll                  
      0.5    2,435,796,766         96  25,372,883.0   2,831,115.0   561,315  103,028,550  31,998,361.4  writev                
      0.1      374,966,303      6,929      54,115.5      26,930.0     1,010   28,301,794     425,753.9  ioctl                 
      0.1      313,267,047      1,429     219,221.2     205,494.0   153,292    1,913,583      74,917.8  pthread_create        
      0.0       63,117,364          9   7,013,040.4     308,365.0    96,448   47,176,144  15,568,720.4  fopen64               
      0.0       57,601,504        629      91,576.3      29,537.0    20,161      895,592     119,295.8  pthread_rwlock_wrlock 
      0.0       14,665,404        591      24,814.6      24,894.0     1,024       55,826      10,356.7  pthread_rwlock_rdlock 
      0.0       14,422,468      5,973       2,414.6       1,992.0     1,165    2,414,152      31,212.4  read                  
      0.0       11,703,062        358      32,690.1       5,958.0     1,002    4,535,973     336,036.6  fflush                
      0.0        1,889,076         76      24,856.3      16,724.0     1,355      117,181      29,416.4  write                 
      0.0        1,292,495         30      43,083.2       6,006.0     3,463      809,490     146,485.4  mmap64                
      0.0          764,087         13      58,775.9       4,170.0     1,218      266,576     105,951.1  fclose                
      0.0          351,103        162       2,167.3       1,507.5     1,017       12,166       1,624.6  fwrite                
      0.0          344,364         11      31,305.8      30,901.0    18,414       59,689      11,296.7  sem_timedwait         
      0.0          189,973         17      11,174.9       6,967.0     2,784       47,914      11,075.0  mmap                  
      0.0          169,533         41       4,135.0       1,661.0     1,275       22,673       5,065.3  fopen                 
      0.0          157,038         53       2,963.0       2,040.0     1,115        9,289       1,942.8  open64                
      0.0           88,457          1      88,457.0      88,457.0    88,457       88,457           0.0  pthread_cond_wait     
      0.0           38,101          1      38,101.0      38,101.0    38,101       38,101           0.0  fgets                 
      0.0           30,326         12       2,527.2       1,364.5     1,168       14,767       3,861.6  pthread_mutex_lock    
      0.0           24,081          6       4,013.5       4,826.0     1,289        6,432       2,060.8  open                  
      0.0           23,996          5       4,799.2       5,478.0     3,004        6,308       1,500.3  munmap                
      0.0           16,661          3       5,553.7       6,581.0     2,445        7,635       2,743.3  pipe2                 
      0.0           16,585          2       8,292.5       8,292.5     4,654       11,931       5,145.6  socket                
      0.0           13,497          1      13,497.0      13,497.0    13,497       13,497           0.0  connect               
      0.0            5,596          2       2,798.0       2,798.0     1,894        3,702       1,278.4  pthread_cond_broadcast
      0.0            3,964          1       3,964.0       3,964.0     3,964        3,964           0.0  pthread_mutex_trylock 
      0.0            2,452          2       1,226.0       1,226.0     1,127        1,325         140.0  fcntl                 
      0.0            1,731          1       1,731.0       1,731.0     1,731        1,731           0.0  bind                  
      0.0            1,035          1       1,035.0       1,035.0     1,035        1,035           0.0  listen                

[5/8] Executing 'cuda_api_sum' stats report

 Time (%)  Total Time (ns)  Num Calls    Avg (ns)      Med (ns)     Min (ns)    Max (ns)    StdDev (ns)            Name         
 --------  ---------------  ---------  ------------  ------------  ----------  -----------  ------------  ----------------------
     66.8   58,564,190,892  6,531,582       8,966.3      11,168.0       2,610    5,650,716      14,477.6  cudaMemcpy            
     17.3   15,151,792,975  3,265,866       4,639.4       4,438.0       3,120    4,869,758       9,027.3  cudaFree              
     13.0   11,439,195,409  3,265,866       3,502.7       3,061.0       1,680    5,745,929      15,779.2  cudaMalloc            
      2.7    2,344,206,938         30  78,140,231.3  66,605,409.0  29,267,515  161,876,043  40,931,247.4  cudaStreamSynchronize 
      0.2      138,919,845         30   4,630,661.5      62,019.0      33,862  136,835,049  24,969,532.3  cudaStreamCreate      
      0.0       15,226,144         30     507,538.1      39,722.0      25,473   14,096,917   2,566,632.7  cudaLaunchKernel      
      0.0        2,220,518         30      74,017.3      68,330.5      36,237      112,927      16,878.9  cudaMemcpyAsync       
      0.0        1,436,416         30      47,880.5      47,992.5      35,626       71,919       6,702.7  cudaMemset            
      0.0          599,276         30      19,975.9      21,353.5      12,137       26,562       4,423.4  cudaStreamDestroy     
      0.0            1,241          1       1,241.0       1,241.0       1,241        1,241           0.0  cuModuleGetLoadingMode

[6/8] Executing 'cuda_gpu_kern_sum' stats report

 Time (%)  Total Time (ns)  Instances    Avg (ns)      Med (ns)     Min (ns)    Max (ns)    StdDev (ns)                                                   Name                                                
 --------  ---------------  ---------  ------------  ------------  ----------  -----------  ------------  ----------------------------------------------------------------------------------------------------
    100.0    2,344,115,106         30  78,137,170.2  66,606,275.0  29,272,329  161,871,096  40,931,177.1  kernelErdosRenyiGNP(int, int, int, ABM *, curandStateXORWOW *, unsigned long long, int *, device_ve…

[7/8] Executing 'cuda_gpu_mem_time_sum' stats report

 Time (%)  Total Time (ns)    Count    Avg (ns)  Med (ns)  Min (ns)  Max (ns)  StdDev (ns)           Operation          
 --------  ---------------  ---------  --------  --------  --------  --------  -----------  ----------------------------
     75.8    7,918,878,593  3,265,806   2,424.8   2,368.0     1,792   302,017        475.7  [CUDA memcpy Device-to-Host]
     24.2    2,532,174,953  3,265,806     775.4     768.0       703   194,465        300.3  [CUDA memcpy Host-to-Device]
      0.0        1,206,662         30  40,222.1  31,664.0     6,976   109,760     30,228.2  [CUDA memset]               

[8/8] Executing 'cuda_gpu_mem_size_sum' stats report

 Total (MB)    Count    Avg (MB)  Med (MB)  Min (MB)  Max (MB)  StdDev (MB)           Operation          
 ----------  ---------  --------  --------  --------  --------  -----------  ----------------------------
  3,327.335         30   110.911    79.454    19.268   326.959       89.472  [CUDA memset]               
  1,777.782  3,265,806     0.001     0.000     0.000     3.237        0.008  [CUDA memcpy Device-to-Host]
     71.846  3,265,806     0.000     0.000     0.000     3.237        0.006  [CUDA memcpy Host-to-Device]

Generated:
    /home/jmukher/workspace/uiuc/citation_abm/erprofile/nsys-er-gnp-30y-5p.nsys-rep
    /home/jmukher/workspace/uiuc/citation_abm/erprofile/nsys-er-gnp-30y-5p.sqlite
SUCCESS: 380M → erprofile/nsys-er-gnp-30y-5p.nsys-rep
Running growth rate 6% for 30 years.
Profile output: erprofile/nsys-er-gnp-30y-6p.nsys-rep
CMD: nsys profile --trace=cuda,nvtx,osrt --gpu-metrics-device=all --gpu-metrics-frequency=10000 --stats=true --force-overwrite=true -o erprofile/nsys-er-gnp-30y-6p ./abm --model er-gnp --er-probability 0.0001 --edgelist sj_edgelist --nodelist sj_nodelist --out-degree-bag tcen_at_least_five --recency-probabilities sj_recprob --alpha 0.5 --preferential-weight 0.33 --recency-weight 0.33 --fitness-weight 0.33 --growth-rate .06 --fully-random-citations 0.05 --num-cycles 30 --same-year-proportion 0.12 --output-file ./output/30y/gpu-opt-static-output-30y-6p.edgelist --auxiliary-information-file ./output/30y/gpu-opt-static-output-30y-6p.aux --log-file ./output/30y/nsys-gpu-opt-static-er-gnp-30y-6p.log --num-processors 14 --log-level 1

Start ABM....
parse_args....
edgelist....
num-cycles....
output-file....
log-file = ./output/30y/nsys-gpu-opt-static-er-gnp-30y-6p.log....
num-processors = 14....
log-level = 0
er_probability = 0.000100
model = er-gnp
Init ABM....
Exec ABM....
Start execute.Init Graph
Inside  Graph ParseNodelist.....
Populating the continuous_node mappings..
Elapsed time: ParseNodelist : 1096 millisecs = 1 seconds

Inside Graph ParseEdgelist.....
Elapsed time: ParseEdgelist : 1655 millisecs = 1 seconds

In updateNodeInDegreeOutDegree: Update Outdegree first:
In updateNodeInDegreeOutDegree: Update Indegree:
Total (initial):: In-Degree = 899050, Out-Degree = 899050
Elapsed time: 0-1 : 1 seconds
Elapsed time: 1-2 : 1 seconds
Elapsed time: 2-3 : 0 seconds

Initialized Graph. Let us update the indegree and out-degrees... 
Graph init done...
calling InitializeFitness...
final graph size is 2823139 from initial_graph_size of 491532.
 populated out degree array.
 Entering loop for year = 1983
Elapsed time: 70-71: total : 0.277 secs, iter cost : 0 seconds

Elapsed time: 71-72: total : 0.334 secs, iter cost : 0 seconds

Elapsed time: 72-73: total : 15 millisecs, iter cost : 15 mseconds

num_new_nodes = 29492, current_graph_size = 491532, growth rate = 0.060000 
Elapsed time: 73-74: total : 0 millisecs, iter cost : 0 mseconds

Elapsed time: 74-75: total : 25 millisecs, iter cost : 25 mseconds

all new nodes initialized with years and mapped. FillSameYearSourceNodes with new_nodes_vec.size() = 29492
checking same_year_source_nodes size.
Elapsed time: 75-76: total : 0 millisecs, iter cost : 0 mseconds

new_nodes_vec.size() b4 : 29492

updated  updateGraphAttributesGeneratorNode .... 
Elapsed time: 76-77: total : 75 millisecs, iter cost : 75 mseconds

continuous_node_mapping.size() b5 : 521024, reverse_continuous_node_mapping size = 521024

[ER Model] Building connections using Erdos-Renyi

[ER Model] Processing 29492 new nodes for year 1983 (graph size: 491532)

ALLOCATE DEVICE MEMORY
 Allocate RNG states.
 Estimate capacity based on ER model.
create_thread_vectors_bulk<int2>(num_new_nodes, per_thread_capacities.
Instead of batch - process all new nodes in parallel.
COLLECT RESULTS
[ER Model] Generated 1449563 edges

Year 1983: 29492 new nodes, 1449563 new edges

Elapsed time: 78-781 : total : 1.763 secs, this iter cost : 1.763 seconds

Elapsed time: 78-79 : total : 2.118 secs, this iter cost : 2.118 seconds

updateNodeInDegreeOutDegree(year=1983): updated 29492 out-degrees, 495177 in-degrees
Elapsed time: 79-81 : total : 0.331 secs, this iter cost : 0 seconds

Elapsed time: 79-80 : total : 0.172 secs, this iter cost : 0 seconds

Elapsed time: 80-81 : total : 0.158 secs, this iter cost : 0 seconds

Elapsed time: 70-81 : total : 3.178 secs, this iter cost : 3 seconds

 Entering loop for year = 1984
Elapsed time: 70-71: total : 0.562 secs, iter cost : 0 seconds

Elapsed time: 71-72: total : 0.702 secs, iter cost : 0 seconds

Elapsed time: 72-73: total : 32 millisecs, iter cost : 17 mseconds

num_new_nodes = 31262, current_graph_size = 521024, growth rate = 0.060000 
Elapsed time: 73-74: total : 0 millisecs, iter cost : 0 mseconds

Elapsed time: 74-75: total : 53 millisecs, iter cost : 28 mseconds

all new nodes initialized with years and mapped. FillSameYearSourceNodes with new_nodes_vec.size() = 31262
checking same_year_source_nodes size.
Elapsed time: 75-76: total : 0 millisecs, iter cost : 0 mseconds

new_nodes_vec.size() b4 : 31262

updated  updateGraphAttributesGeneratorNode .... 
Elapsed time: 76-77: total : 156 millisecs, iter cost : 81 mseconds

continuous_node_mapping.size() b5 : 552286, reverse_continuous_node_mapping size = 552286

[ER Model] Building connections using Erdos-Renyi

[ER Model] Processing 31262 new nodes for year 1984 (graph size: 521024)

ALLOCATE DEVICE MEMORY
 Allocate RNG states.
 Estimate capacity based on ER model.
create_thread_vectors_bulk<int2>(num_new_nodes, per_thread_capacities.
Instead of batch - process all new nodes in parallel.
COLLECT RESULTS
[ER Model] Generated 1628095 edges

Year 1984: 31262 new nodes, 1628095 new edges

Elapsed time: 78-781 : total : 3.33 secs, this iter cost : 1.567 seconds

Elapsed time: 78-79 : total : 4.15 secs, this iter cost : 2.032 seconds

updateNodeInDegreeOutDegree(year=1984): updated 31262 out-degrees, 529743 in-degrees
Elapsed time: 79-81 : total : 0.704 secs, this iter cost : 0 seconds

Elapsed time: 79-80 : total : 0.38 secs, this iter cost : 0 seconds

Elapsed time: 80-81 : total : 0.322 secs, this iter cost : 0 seconds

Elapsed time: 70-81 : total : 6.366 secs, this iter cost : 3 seconds

 Entering loop for year = 1985
Elapsed time: 70-71: total : 0.911 secs, iter cost : 0 seconds

Elapsed time: 71-72: total : 1.047 secs, iter cost : 0 seconds

Elapsed time: 72-73: total : 50 millisecs, iter cost : 18 mseconds

num_new_nodes = 33138, current_graph_size = 552286, growth rate = 0.060000 
Elapsed time: 73-74: total : 0 millisecs, iter cost : 0 mseconds

Elapsed time: 74-75: total : 88 millisecs, iter cost : 35 mseconds

all new nodes initialized with years and mapped. FillSameYearSourceNodes with new_nodes_vec.size() = 33138
checking same_year_source_nodes size.
Elapsed time: 75-76: total : 0 millisecs, iter cost : 0 mseconds

new_nodes_vec.size() b4 : 33138

updated  updateGraphAttributesGeneratorNode .... 
Elapsed time: 76-77: total : 239 millisecs, iter cost : 83 mseconds

continuous_node_mapping.size() b5 : 585424, reverse_continuous_node_mapping size = 585424

[ER Model] Building connections using Erdos-Renyi

[ER Model] Processing 33138 new nodes for year 1985 (graph size: 552286)

ALLOCATE DEVICE MEMORY
 Allocate RNG states.
 Estimate capacity based on ER model.
create_thread_vectors_bulk<int2>(num_new_nodes, per_thread_capacities.
Instead of batch - process all new nodes in parallel.
COLLECT RESULTS
[ER Model] Generated 1829559 edges

Year 1985: 33138 new nodes, 1829559 new edges

Elapsed time: 78-781 : total : 5.178 secs, this iter cost : 1.848 seconds

Elapsed time: 78-79 : total : 6.557 secs, this iter cost : 2.407 seconds

updateNodeInDegreeOutDegree(year=1985): updated 33138 out-degrees, 565152 in-degrees
Elapsed time: 79-81 : total : 1.093 secs, this iter cost : 0 seconds

Elapsed time: 79-80 : total : 0.604 secs, this iter cost : 0 seconds

Elapsed time: 80-81 : total : 0.487 secs, this iter cost : 0 seconds

Elapsed time: 70-81 : total : 9.996 secs, this iter cost : 3 seconds

 Entering loop for year = 1986
Elapsed time: 70-71: total : 1.208 secs, iter cost : 0 seconds

Elapsed time: 71-72: total : 1.416 secs, iter cost : 0 seconds

Elapsed time: 72-73: total : 76 millisecs, iter cost : 26 mseconds

num_new_nodes = 35126, current_graph_size = 585424, growth rate = 0.060000 
Elapsed time: 73-74: total : 0 millisecs, iter cost : 0 mseconds

Elapsed time: 74-75: total : 117 millisecs, iter cost : 29 mseconds

all new nodes initialized with years and mapped. FillSameYearSourceNodes with new_nodes_vec.size() = 35126
checking same_year_source_nodes size.
Elapsed time: 75-76: total : 0 millisecs, iter cost : 0 mseconds

new_nodes_vec.size() b4 : 35126

updated  updateGraphAttributesGeneratorNode .... 
Elapsed time: 76-77: total : 339 millisecs, iter cost : 100 mseconds

continuous_node_mapping.size() b5 : 620550, reverse_continuous_node_mapping size = 620550

[ER Model] Building connections using Erdos-Renyi

[ER Model] Processing 35126 new nodes for year 1986 (graph size: 585424)

ALLOCATE DEVICE MEMORY
 Allocate RNG states.
 Estimate capacity based on ER model.
create_thread_vectors_bulk<int2>(num_new_nodes, per_thread_capacities.
Instead of batch - process all new nodes in parallel.
COLLECT RESULTS
[ER Model] Generated 2056870 edges

Year 1986: 35126 new nodes, 2056870 new edges

Elapsed time: 78-781 : total : 6.978 secs, this iter cost : 1.8 seconds

Elapsed time: 78-79 : total : 9.025 secs, this iter cost : 2.468 seconds

updateNodeInDegreeOutDegree(year=1986): updated 35126 out-degrees, 603167 in-degrees
Elapsed time: 79-81 : total : 1.508 secs, this iter cost : 0 seconds

Elapsed time: 79-80 : total : 0.834 secs, this iter cost : 0 seconds

Elapsed time: 80-81 : total : 0.671 secs, this iter cost : 0 seconds

Elapsed time: 70-81 : total : 13.703 secs, this iter cost : 3 seconds

 Entering loop for year = 1987
Elapsed time: 70-71: total : 1.516 secs, iter cost : 0 seconds

Elapsed time: 71-72: total : 1.764 secs, iter cost : 0 seconds

Elapsed time: 72-73: total : 95 millisecs, iter cost : 19 mseconds

num_new_nodes = 37233, current_graph_size = 620550, growth rate = 0.060000 
Elapsed time: 73-74: total : 0 millisecs, iter cost : 0 mseconds

Elapsed time: 74-75: total : 146 millisecs, iter cost : 29 mseconds

all new nodes initialized with years and mapped. FillSameYearSourceNodes with new_nodes_vec.size() = 37233
checking same_year_source_nodes size.
Elapsed time: 75-76: total : 0 millisecs, iter cost : 0 mseconds

new_nodes_vec.size() b4 : 37233

updated  updateGraphAttributesGeneratorNode .... 
Elapsed time: 76-77: total : 430 millisecs, iter cost : 91 mseconds

continuous_node_mapping.size() b5 : 657783, reverse_continuous_node_mapping size = 657783

[ER Model] Building connections using Erdos-Renyi

[ER Model] Processing 37233 new nodes for year 1987 (graph size: 620550)

ALLOCATE DEVICE MEMORY
 Allocate RNG states.
 Estimate capacity based on ER model.
create_thread_vectors_bulk<int2>(num_new_nodes, per_thread_capacities.
Instead of batch - process all new nodes in parallel.
COLLECT RESULTS
[ER Model] Generated 2308647 edges

Year 1987: 37233 new nodes, 2308647 new edges

Elapsed time: 78-781 : total : 8.889 secs, this iter cost : 1.911 seconds

Elapsed time: 78-79 : total : 11.674 secs, this iter cost : 2.649 seconds

updateNodeInDegreeOutDegree(year=1987): updated 37233 out-degrees, 642706 in-degrees
Elapsed time: 79-81 : total : 1.935 secs, this iter cost : 0 seconds

Elapsed time: 79-80 : total : 1.074 secs, this iter cost : 0 seconds

Elapsed time: 80-81 : total : 0.857 secs, this iter cost : 0 seconds

Elapsed time: 70-81 : total : 17.577 secs, this iter cost : 3 seconds

 Entering loop for year = 1988
Elapsed time: 70-71: total : 1.818 secs, iter cost : 0 seconds

Elapsed time: 71-72: total : 2.126 secs, iter cost : 0 seconds

Elapsed time: 72-73: total : 113 millisecs, iter cost : 18 mseconds

num_new_nodes = 39467, current_graph_size = 657783, growth rate = 0.060000 
Elapsed time: 73-74: total : 0 millisecs, iter cost : 0 mseconds

Elapsed time: 74-75: total : 177 millisecs, iter cost : 31 mseconds

all new nodes initialized with years and mapped. FillSameYearSourceNodes with new_nodes_vec.size() = 39467
checking same_year_source_nodes size.
Elapsed time: 75-76: total : 0 millisecs, iter cost : 0 mseconds

new_nodes_vec.size() b4 : 39467

updated  updateGraphAttributesGeneratorNode .... 
Elapsed time: 76-77: total : 527 millisecs, iter cost : 97 mseconds

continuous_node_mapping.size() b5 : 697250, reverse_continuous_node_mapping size = 697250

[ER Model] Building connections using Erdos-Renyi

[ER Model] Processing 39467 new nodes for year 1988 (graph size: 657783)

ALLOCATE DEVICE MEMORY
 Allocate RNG states.
 Estimate capacity based on ER model.
create_thread_vectors_bulk<int2>(num_new_nodes, per_thread_capacities.
Instead of batch - process all new nodes in parallel.
COLLECT RESULTS
[ER Model] Generated 2593332 edges

Year 1988: 39467 new nodes, 2593332 new edges

Elapsed time: 78-781 : total : 10.927 secs, this iter cost : 2.038 seconds

Elapsed time: 78-79 : total : 14.466 secs, this iter cost : 2.792 seconds

updateNodeInDegreeOutDegree(year=1988): updated 39467 out-degrees, 684438 in-degrees
Elapsed time: 79-81 : total : 2.389 secs, this iter cost : 0 seconds

Elapsed time: 79-80 : total : 1.317 secs, this iter cost : 0 seconds

Elapsed time: 80-81 : total : 1.067 secs, this iter cost : 0 seconds

Elapsed time: 70-81 : total : 21.637 secs, this iter cost : 4 seconds

 Entering loop for year = 1989
Elapsed time: 70-71: total : 2.159 secs, iter cost : 0 seconds

Elapsed time: 71-72: total : 2.522 secs, iter cost : 0 seconds

Elapsed time: 72-73: total : 132 millisecs, iter cost : 19 mseconds

num_new_nodes = 41835, current_graph_size = 697250, growth rate = 0.060000 
Elapsed time: 73-74: total : 0 millisecs, iter cost : 0 mseconds

Elapsed time: 74-75: total : 215 millisecs, iter cost : 38 mseconds

all new nodes initialized with years and mapped. FillSameYearSourceNodes with new_nodes_vec.size() = 41835
checking same_year_source_nodes size.
Elapsed time: 75-76: total : 0 millisecs, iter cost : 0 mseconds

new_nodes_vec.size() b4 : 41835

updated  updateGraphAttributesGeneratorNode .... 
Elapsed time: 76-77: total : 634 millisecs, iter cost : 107 mseconds

continuous_node_mapping.size() b5 : 739085, reverse_continuous_node_mapping size = 739085

[ER Model] Building connections using Erdos-Renyi

[ER Model] Processing 41835 new nodes for year 1989 (graph size: 697250)

ALLOCATE DEVICE MEMORY
 Allocate RNG states.
 Estimate capacity based on ER model.
create_thread_vectors_bulk<int2>(num_new_nodes, per_thread_capacities.
Instead of batch - process all new nodes in parallel.
COLLECT RESULTS
[ER Model] Generated 2914914 edges

Year 1989: 41835 new nodes, 2914914 new edges

Elapsed time: 78-781 : total : 13.138 secs, this iter cost : 2.211 seconds

Elapsed time: 78-79 : total : 17.631 secs, this iter cost : 3.165 seconds

updateNodeInDegreeOutDegree(year=1989): updated 41835 out-degrees, 728463 in-degrees
Elapsed time: 79-81 : total : 2.873 secs, this iter cost : 0 seconds

Elapsed time: 79-80 : total : 1.584 secs, this iter cost : 0 seconds

Elapsed time: 80-81 : total : 1.283 secs, this iter cost : 0 seconds

Elapsed time: 70-81 : total : 26.189 secs, this iter cost : 4 seconds

 Entering loop for year = 1990
Elapsed time: 70-71: total : 2.477 secs, iter cost : 0 seconds

Elapsed time: 71-72: total : 2.911 secs, iter cost : 0 seconds

Elapsed time: 72-73: total : 163 millisecs, iter cost : 31 mseconds

num_new_nodes = 44346, current_graph_size = 739085, growth rate = 0.060000 
Elapsed time: 73-74: total : 0 millisecs, iter cost : 0 mseconds

Elapsed time: 74-75: total : 252 millisecs, iter cost : 37 mseconds

all new nodes initialized with years and mapped. FillSameYearSourceNodes with new_nodes_vec.size() = 44346
checking same_year_source_nodes size.
Elapsed time: 75-76: total : 0 millisecs, iter cost : 0 mseconds

new_nodes_vec.size() b4 : 44346

updated  updateGraphAttributesGeneratorNode .... 
Elapsed time: 76-77: total : 746 millisecs, iter cost : 112 mseconds

continuous_node_mapping.size() b5 : 783431, reverse_continuous_node_mapping size = 783431

[ER Model] Building connections using Erdos-Renyi

[ER Model] Processing 44346 new nodes for year 1990 (graph size: 739085)

ALLOCATE DEVICE MEMORY
 Allocate RNG states.
 Estimate capacity based on ER model.
create_thread_vectors_bulk<int2>(num_new_nodes, per_thread_capacities.
Instead of batch - process all new nodes in parallel.
COLLECT RESULTS
[ER Model] Generated 3275567 edges

Year 1990: 44346 new nodes, 3275567 new edges

Elapsed time: 78-781 : total : 15.463 secs, this iter cost : 2.325 seconds

Elapsed time: 78-79 : total : 20.973 secs, this iter cost : 3.342 seconds

updateNodeInDegreeOutDegree(year=1990): updated 44346 out-degrees, 774630 in-degrees
Elapsed time: 79-81 : total : 3.389 secs, this iter cost : 0 seconds

Elapsed time: 79-80 : total : 1.872 secs, this iter cost : 0 seconds

Elapsed time: 80-81 : total : 1.511 secs, this iter cost : 0 seconds

Elapsed time: 70-81 : total : 30.937 secs, this iter cost : 4 seconds

 Entering loop for year = 1991
Elapsed time: 70-71: total : 2.805 secs, iter cost : 0 seconds

Elapsed time: 71-72: total : 3.299 secs, iter cost : 0 seconds

Elapsed time: 72-73: total : 181 millisecs, iter cost : 18 mseconds

num_new_nodes = 47006, current_graph_size = 783431, growth rate = 0.060000 
Elapsed time: 73-74: total : 0 millisecs, iter cost : 0 mseconds

Elapsed time: 74-75: total : 294 millisecs, iter cost : 42 mseconds

all new nodes initialized with years and mapped. FillSameYearSourceNodes with new_nodes_vec.size() = 47006
checking same_year_source_nodes size.
Elapsed time: 75-76: total : 0 millisecs, iter cost : 0 mseconds

new_nodes_vec.size() b4 : 47006

updated  updateGraphAttributesGeneratorNode .... 
Elapsed time: 76-77: total : 873 millisecs, iter cost : 127 mseconds

continuous_node_mapping.size() b5 : 830437, reverse_continuous_node_mapping size = 830437

[ER Model] Building connections using Erdos-Renyi

[ER Model] Processing 47006 new nodes for year 1991 (graph size: 783431)

ALLOCATE DEVICE MEMORY
 Allocate RNG states.
 Estimate capacity based on ER model.
create_thread_vectors_bulk<int2>(num_new_nodes, per_thread_capacities.
Instead of batch - process all new nodes in parallel.
COLLECT RESULTS
[ER Model] Generated 3684037 edges

Year 1991: 47006 new nodes, 3684037 new edges

Elapsed time: 78-781 : total : 17.909 secs, this iter cost : 2.446 seconds

Elapsed time: 78-79 : total : 24.66 secs, this iter cost : 3.687 seconds

updateNodeInDegreeOutDegree(year=1991): updated 47006 out-degrees, 823336 in-degrees
Elapsed time: 79-81 : total : 3.935 secs, this iter cost : 0 seconds

Elapsed time: 79-80 : total : 2.182 secs, this iter cost : 0 seconds

Elapsed time: 80-81 : total : 1.746 secs, this iter cost : 0 seconds

Elapsed time: 70-81 : total : 36.076 secs, this iter cost : 5 seconds

 Entering loop for year = 1992
Elapsed time: 70-71: total : 3.137 secs, iter cost : 0 seconds

Elapsed time: 71-72: total : 3.702 secs, iter cost : 0 seconds

Elapsed time: 72-73: total : 195 millisecs, iter cost : 14 mseconds

num_new_nodes = 49827, current_graph_size = 830437, growth rate = 0.060000 
Elapsed time: 73-74: total : 0 millisecs, iter cost : 0 mseconds

Elapsed time: 74-75: total : 339 millisecs, iter cost : 45 mseconds

all new nodes initialized with years and mapped. FillSameYearSourceNodes with new_nodes_vec.size() = 49827
checking same_year_source_nodes size.
Elapsed time: 75-76: total : 0 millisecs, iter cost : 0 mseconds

new_nodes_vec.size() b4 : 49827

updated  updateGraphAttributesGeneratorNode .... 
Elapsed time: 76-77: total : 995 millisecs, iter cost : 122 mseconds

continuous_node_mapping.size() b5 : 880264, reverse_continuous_node_mapping size = 880264

[ER Model] Building connections using Erdos-Renyi

[ER Model] Processing 49827 new nodes for year 1992 (graph size: 830437)

ALLOCATE DEVICE MEMORY
 Allocate RNG states.
 Estimate capacity based on ER model.
create_thread_vectors_bulk<int2>(num_new_nodes, per_thread_capacities.
Instead of batch - process all new nodes in parallel.
COLLECT RESULTS
[ER Model] Generated 4139053 edges

Year 1992: 49827 new nodes, 4139053 new edges

Elapsed time: 78-781 : total : 20.509 secs, this iter cost : 2.6 seconds

Elapsed time: 78-79 : total : 28.548 secs, this iter cost : 3.888 seconds

updateNodeInDegreeOutDegree(year=1992): updated 49827 out-degrees, 874676 in-degrees
Elapsed time: 79-81 : total : 4.502 secs, this iter cost : 0 seconds

Elapsed time: 79-80 : total : 2.502 secs, this iter cost : 0 seconds

Elapsed time: 80-81 : total : 1.992 secs, this iter cost : 0 seconds

Elapsed time: 70-81 : total : 41.451 secs, this iter cost : 5 seconds

 Entering loop for year = 1993
Elapsed time: 70-71: total : 3.484 secs, iter cost : 0 seconds

Elapsed time: 71-72: total : 4.116 secs, iter cost : 0 seconds

Elapsed time: 72-73: total : 210 millisecs, iter cost : 15 mseconds

num_new_nodes = 52816, current_graph_size = 880264, growth rate = 0.060000 
Elapsed time: 73-74: total : 0 millisecs, iter cost : 0 mseconds

Elapsed time: 74-75: total : 385 millisecs, iter cost : 46 mseconds

all new nodes initialized with years and mapped. FillSameYearSourceNodes with new_nodes_vec.size() = 52816
checking same_year_source_nodes size.
Elapsed time: 75-76: total : 0 millisecs, iter cost : 0 mseconds

new_nodes_vec.size() b4 : 52816

updated  updateGraphAttributesGeneratorNode .... 
Elapsed time: 76-77: total : 1124 millisecs, iter cost : 129 mseconds

continuous_node_mapping.size() b5 : 933080, reverse_continuous_node_mapping size = 933080

[ER Model] Building connections using Erdos-Renyi

[ER Model] Processing 52816 new nodes for year 1993 (graph size: 880264)

ALLOCATE DEVICE MEMORY
 Allocate RNG states.
 Estimate capacity based on ER model.
create_thread_vectors_bulk<int2>(num_new_nodes, per_thread_capacities.
Instead of batch - process all new nodes in parallel.
COLLECT RESULTS
[ER Model] Generated 4644873 edges

Year 1993: 52816 new nodes, 4644873 new edges

Elapsed time: 78-781 : total : 23.245 secs, this iter cost : 2.736 seconds

Elapsed time: 78-79 : total : 32.82 secs, this iter cost : 4.272 seconds

updateNodeInDegreeOutDegree(year=1993): updated 52816 out-degrees, 928642 in-degrees
Elapsed time: 79-81 : total : 5.098 secs, this iter cost : 0 seconds

Elapsed time: 79-80 : total : 2.835 secs, this iter cost : 0 seconds

Elapsed time: 80-81 : total : 2.255 secs, this iter cost : 0 seconds

Elapsed time: 70-81 : total : 47.272 secs, this iter cost : 5 seconds

 Entering loop for year = 1994
Elapsed time: 70-71: total : 3.857 secs, iter cost : 0 seconds

Elapsed time: 71-72: total : 4.544 secs, iter cost : 0 seconds

Elapsed time: 72-73: total : 229 millisecs, iter cost : 19 mseconds

num_new_nodes = 55985, current_graph_size = 933080, growth rate = 0.060000 
Elapsed time: 73-74: total : 0 millisecs, iter cost : 0 mseconds

Elapsed time: 74-75: total : 436 millisecs, iter cost : 51 mseconds

all new nodes initialized with years and mapped. FillSameYearSourceNodes with new_nodes_vec.size() = 55985
checking same_year_source_nodes size.
Elapsed time: 75-76: total : 0 millisecs, iter cost : 0 mseconds

new_nodes_vec.size() b4 : 55985

updated  updateGraphAttributesGeneratorNode .... 
Elapsed time: 76-77: total : 1261 millisecs, iter cost : 137 mseconds

continuous_node_mapping.size() b5 : 989065, reverse_continuous_node_mapping size = 989065

[ER Model] Building connections using Erdos-Renyi

[ER Model] Processing 55985 new nodes for year 1994 (graph size: 933080)

ALLOCATE DEVICE MEMORY
 Allocate RNG states.
 Estimate capacity based on ER model.
create_thread_vectors_bulk<int2>(num_new_nodes, per_thread_capacities.
Instead of batch - process all new nodes in parallel.
COLLECT RESULTS
[ER Model] Generated 5222781 edges

Year 1994: 55985 new nodes, 5222781 new edges

Elapsed time: 78-781 : total : 26.171 secs, this iter cost : 2.926 seconds

Elapsed time: 78-79 : total : 37.282 secs, this iter cost : 4.462 seconds

updateNodeInDegreeOutDegree(year=1994): updated 55985 out-degrees, 985572 in-degrees
Elapsed time: 79-81 : total : 5.739 secs, this iter cost : 0 seconds

Elapsed time: 79-80 : total : 3.198 secs, this iter cost : 0 seconds

Elapsed time: 80-81 : total : 2.533 secs, this iter cost : 0 seconds

Elapsed time: 70-81 : total : 53.386 secs, this iter cost : 6 seconds

 Entering loop for year = 1995
Elapsed time: 70-71: total : 4.225 secs, iter cost : 0 seconds

Elapsed time: 71-72: total : 4.993 secs, iter cost : 0 seconds

Elapsed time: 72-73: total : 255 millisecs, iter cost : 26 mseconds

num_new_nodes = 59344, current_graph_size = 989065, growth rate = 0.060000 
Elapsed time: 73-74: total : 0 millisecs, iter cost : 0 mseconds

Elapsed time: 74-75: total : 491 millisecs, iter cost : 55 mseconds

all new nodes initialized with years and mapped. FillSameYearSourceNodes with new_nodes_vec.size() = 59344
checking same_year_source_nodes size.
Elapsed time: 75-76: total : 0 millisecs, iter cost : 0 mseconds

new_nodes_vec.size() b4 : 59344

updated  updateGraphAttributesGeneratorNode .... 
Elapsed time: 76-77: total : 1404 millisecs, iter cost : 143 mseconds

continuous_node_mapping.size() b5 : 1048409, reverse_continuous_node_mapping size = 1048409

[ER Model] Building connections using Erdos-Renyi

[ER Model] Processing 59344 new nodes for year 1995 (graph size: 989065)

ALLOCATE DEVICE MEMORY
 Allocate RNG states.
 Estimate capacity based on ER model.
create_thread_vectors_bulk<int2>(num_new_nodes, per_thread_capacities.
Instead of batch - process all new nodes in parallel.
COLLECT RESULTS
[ER Model] Generated 5865312 edges

Year 1995: 59344 new nodes, 5865312 new edges

Elapsed time: 78-781 : total : 29.316 secs, this iter cost : 3.145 seconds

Elapsed time: 78-79 : total : 42.305 secs, this iter cost : 5.023 seconds

updateNodeInDegreeOutDegree(year=1995): updated 59344 out-degrees, 1045768 in-degrees
Elapsed time: 79-81 : total : 6.428 secs, this iter cost : 0 seconds

Elapsed time: 79-80 : total : 3.584 secs, this iter cost : 0 seconds

Elapsed time: 80-81 : total : 2.835 secs, this iter cost : 0 seconds

Elapsed time: 70-81 : total : 60.142 secs, this iter cost : 6 seconds

 Entering loop for year = 1996
Elapsed time: 70-71: total : 4.611 secs, iter cost : 0 seconds

Elapsed time: 71-72: total : 5.448 secs, iter cost : 0 seconds

Elapsed time: 72-73: total : 279 millisecs, iter cost : 24 mseconds

num_new_nodes = 62905, current_graph_size = 1048409, growth rate = 0.060000 
Elapsed time: 73-74: total : 0 millisecs, iter cost : 0 mseconds

Elapsed time: 74-75: total : 553 millisecs, iter cost : 62 mseconds

all new nodes initialized with years and mapped. FillSameYearSourceNodes with new_nodes_vec.size() = 62905
checking same_year_source_nodes size.
Elapsed time: 75-76: total : 0 millisecs, iter cost : 0 mseconds

new_nodes_vec.size() b4 : 62905

updated  updateGraphAttributesGeneratorNode .... 
Elapsed time: 76-77: total : 1572 millisecs, iter cost : 168 mseconds

continuous_node_mapping.size() b5 : 1111314, reverse_continuous_node_mapping size = 1111314

[ER Model] Building connections using Erdos-Renyi

[ER Model] Processing 62905 new nodes for year 1996 (graph size: 1048409)

ALLOCATE DEVICE MEMORY
 Allocate RNG states.
 Estimate capacity based on ER model.
create_thread_vectors_bulk<int2>(num_new_nodes, per_thread_capacities.
Instead of batch - process all new nodes in parallel.
COLLECT RESULTS
[ER Model] Generated 6593806 edges

Year 1996: 62905 new nodes, 6593806 new edges

Elapsed time: 78-781 : total : 32.656 secs, this iter cost : 3.34 seconds

Elapsed time: 78-79 : total : 47.758 secs, this iter cost : 5.453 seconds

updateNodeInDegreeOutDegree(year=1996): updated 62905 out-degrees, 1109342 in-degrees
Elapsed time: 79-81 : total : 7.143 secs, this iter cost : 0 seconds

Elapsed time: 79-80 : total : 3.979 secs, this iter cost : 0 seconds

Elapsed time: 80-81 : total : 3.155 secs, this iter cost : 0 seconds

Elapsed time: 70-81 : total : 67.408 secs, this iter cost : 7 seconds

 Entering loop for year = 1997
Elapsed time: 70-71: total : 5.018 secs, iter cost : 0 seconds

Elapsed time: 71-72: total : 5.94 secs, iter cost : 0 seconds

Elapsed time: 72-73: total : 304 millisecs, iter cost : 25 mseconds

num_new_nodes = 66679, current_graph_size = 1111314, growth rate = 0.060000 
Elapsed time: 73-74: total : 0 millisecs, iter cost : 0 mseconds

Elapsed time: 74-75: total : 617 millisecs, iter cost : 64 mseconds

all new nodes initialized with years and mapped. FillSameYearSourceNodes with new_nodes_vec.size() = 66679
checking same_year_source_nodes size.
Elapsed time: 75-76: total : 0 millisecs, iter cost : 0 mseconds

new_nodes_vec.size() b4 : 66679

updated  updateGraphAttributesGeneratorNode .... 
Elapsed time: 76-77: total : 1743 millisecs, iter cost : 171 mseconds

continuous_node_mapping.size() b5 : 1177993, reverse_continuous_node_mapping size = 1177993

[ER Model] Building connections using Erdos-Renyi

[ER Model] Processing 66679 new nodes for year 1997 (graph size: 1111314)

ALLOCATE DEVICE MEMORY
 Allocate RNG states.
 Estimate capacity based on ER model.
create_thread_vectors_bulk<int2>(num_new_nodes, per_thread_capacities.
Instead of batch - process all new nodes in parallel.
COLLECT RESULTS
[ER Model] Generated 7408437 edges

Year 1997: 66679 new nodes, 7408437 new edges

Elapsed time: 78-781 : total : 36.176 secs, this iter cost : 3.52 seconds

Elapsed time: 78-79 : total : 53.665 secs, this iter cost : 5.907 seconds

updateNodeInDegreeOutDegree(year=1997): updated 66679 out-degrees, 1176564 in-degrees
Elapsed time: 79-81 : total : 7.92 secs, this iter cost : 0 seconds

Elapsed time: 79-80 : total : 4.402 secs, this iter cost : 0 seconds

Elapsed time: 80-81 : total : 3.508 secs, this iter cost : 0 seconds

Elapsed time: 70-81 : total : 75.254 secs, this iter cost : 7 seconds

 Entering loop for year = 1998
Elapsed time: 70-71: total : 5.423 secs, iter cost : 0 seconds

Elapsed time: 71-72: total : 6.466 secs, iter cost : 0 seconds

Elapsed time: 72-73: total : 323 millisecs, iter cost : 19 mseconds

num_new_nodes = 70680, current_graph_size = 1177993, growth rate = 0.060000 
Elapsed time: 73-74: total : 0 millisecs, iter cost : 0 mseconds

Elapsed time: 74-75: total : 682 millisecs, iter cost : 65 mseconds

all new nodes initialized with years and mapped. FillSameYearSourceNodes with new_nodes_vec.size() = 70680
checking same_year_source_nodes size.
Elapsed time: 75-76: total : 0 millisecs, iter cost : 0 mseconds

new_nodes_vec.size() b4 : 70680

updated  updateGraphAttributesGeneratorNode .... 
Elapsed time: 76-77: total : 1924 millisecs, iter cost : 181 mseconds

continuous_node_mapping.size() b5 : 1248673, reverse_continuous_node_mapping size = 1248673

[ER Model] Building connections using Erdos-Renyi

[ER Model] Processing 70680 new nodes for year 1998 (graph size: 1177993)

ALLOCATE DEVICE MEMORY
 Allocate RNG states.
 Estimate capacity based on ER model.
create_thread_vectors_bulk<int2>(num_new_nodes, per_thread_capacities.
Instead of batch - process all new nodes in parallel.
COLLECT RESULTS
[ER Model] Generated 8323443 edges

Year 1998: 70680 new nodes, 8323443 new edges

Elapsed time: 78-781 : total : 39.97 secs, this iter cost : 3.794 seconds

Elapsed time: 78-79 : total : 60.184 secs, this iter cost : 6.519 seconds

updateNodeInDegreeOutDegree(year=1998): updated 70680 out-degrees, 1247714 in-degrees
Elapsed time: 79-81 : total : 8.738 secs, this iter cost : 0 seconds

Elapsed time: 79-80 : total : 4.865 secs, this iter cost : 0 seconds

Elapsed time: 80-81 : total : 3.863 secs, this iter cost : 0 seconds

Elapsed time: 70-81 : total : 83.792 secs, this iter cost : 8 seconds

 Entering loop for year = 1999
Elapsed time: 70-71: total : 5.845 secs, iter cost : 0 seconds

Elapsed time: 71-72: total : 7.025 secs, iter cost : 0 seconds

Elapsed time: 72-73: total : 344 millisecs, iter cost : 21 mseconds

num_new_nodes = 74921, current_graph_size = 1248673, growth rate = 0.060000 
Elapsed time: 73-74: total : 4 millisecs, iter cost : 4 mseconds

Elapsed time: 74-75: total : 756 millisecs, iter cost : 74 mseconds

all new nodes initialized with years and mapped. FillSameYearSourceNodes with new_nodes_vec.size() = 74921
checking same_year_source_nodes size.
Elapsed time: 75-76: total : 0 millisecs, iter cost : 0 mseconds

new_nodes_vec.size() b4 : 74921

updated  updateGraphAttributesGeneratorNode .... 
Elapsed time: 76-77: total : 2106 millisecs, iter cost : 182 mseconds

continuous_node_mapping.size() b5 : 1323594, reverse_continuous_node_mapping size = 1323594

[ER Model] Building connections using Erdos-Renyi

[ER Model] Processing 74921 new nodes for year 1999 (graph size: 1248673)

ALLOCATE DEVICE MEMORY
 Allocate RNG states.
 Estimate capacity based on ER model.
create_thread_vectors_bulk<int2>(num_new_nodes, per_thread_capacities.
Instead of batch - process all new nodes in parallel.
COLLECT RESULTS
[ER Model] Generated 9351943 edges

Year 1999: 74921 new nodes, 9351943 new edges

Elapsed time: 78-781 : total : 43.987 secs, this iter cost : 4.017 seconds

Elapsed time: 78-79 : total : 67.336 secs, this iter cost : 7.152 seconds

updateNodeInDegreeOutDegree(year=1999): updated 74921 out-degrees, 1322912 in-degrees
Elapsed time: 79-81 : total : 9.594 secs, this iter cost : 0 seconds

Elapsed time: 79-80 : total : 5.344 secs, this iter cost : 0 seconds

Elapsed time: 80-81 : total : 4.24 secs, this iter cost : 0 seconds

Elapsed time: 70-81 : total : 93.066 secs, this iter cost : 9 seconds

 Entering loop for year = 2000
Elapsed time: 70-71: total : 6.292 secs, iter cost : 0 seconds

Elapsed time: 71-72: total : 7.544 secs, iter cost : 0 seconds

Elapsed time: 72-73: total : 380 millisecs, iter cost : 36 mseconds

num_new_nodes = 79416, current_graph_size = 1323594, growth rate = 0.060000 
Elapsed time: 73-74: total : 4 millisecs, iter cost : 0 mseconds

Elapsed time: 74-75: total : 832 millisecs, iter cost : 76 mseconds

all new nodes initialized with years and mapped. FillSameYearSourceNodes with new_nodes_vec.size() = 79416
checking same_year_source_nodes size.
Elapsed time: 75-76: total : 0 millisecs, iter cost : 0 mseconds

new_nodes_vec.size() b4 : 79416

updated  updateGraphAttributesGeneratorNode .... 
Elapsed time: 76-77: total : 2306 millisecs, iter cost : 200 mseconds

continuous_node_mapping.size() b5 : 1403010, reverse_continuous_node_mapping size = 1403010

[ER Model] Building connections using Erdos-Renyi

[ER Model] Processing 79416 new nodes for year 2000 (graph size: 1323594)

ALLOCATE DEVICE MEMORY
 Allocate RNG states.
 Estimate capacity based on ER model.
create_thread_vectors_bulk<int2>(num_new_nodes, per_thread_capacities.
Instead of batch - process all new nodes in parallel.
COLLECT RESULTS
[ER Model] Generated 10509649 edges

Year 2000: 79416 new nodes, 10509649 new edges

Elapsed time: 78-781 : total : 48.213 secs, this iter cost : 4.226 seconds

Elapsed time: 78-79 : total : 75.119 secs, this iter cost : 7.783 seconds

updateNodeInDegreeOutDegree(year=2000): updated 79416 out-degrees, 1402537 in-degrees
Elapsed time: 79-81 : total : 10.497 secs, this iter cost : 0 seconds

Elapsed time: 79-80 : total : 5.843 secs, this iter cost : 0 seconds

Elapsed time: 80-81 : total : 4.643 secs, this iter cost : 0 seconds

Elapsed time: 70-81 : total : 103.033 secs, this iter cost : 9 seconds

 Entering loop for year = 2001
Elapsed time: 70-71: total : 6.742 secs, iter cost : 0 seconds

Elapsed time: 71-72: total : 8.082 secs, iter cost : 0 seconds

Elapsed time: 72-73: total : 396 millisecs, iter cost : 16 mseconds

num_new_nodes = 84181, current_graph_size = 1403010, growth rate = 0.060000 
Elapsed time: 73-74: total : 4 millisecs, iter cost : 0 mseconds

Elapsed time: 74-75: total : 915 millisecs, iter cost : 83 mseconds

all new nodes initialized with years and mapped. FillSameYearSourceNodes with new_nodes_vec.size() = 84181
checking same_year_source_nodes size.
Elapsed time: 75-76: total : 0 millisecs, iter cost : 0 mseconds

new_nodes_vec.size() b4 : 84181

updated  updateGraphAttributesGeneratorNode .... 
Elapsed time: 76-77: total : 2522 millisecs, iter cost : 216 mseconds

continuous_node_mapping.size() b5 : 1487191, reverse_continuous_node_mapping size = 1487191

[ER Model] Building connections using Erdos-Renyi

[ER Model] Processing 84181 new nodes for year 2001 (graph size: 1403010)

ALLOCATE DEVICE MEMORY
 Allocate RNG states.
 Estimate capacity based on ER model.
create_thread_vectors_bulk<int2>(num_new_nodes, per_thread_capacities.
Instead of batch - process all new nodes in parallel.
COLLECT RESULTS
[ER Model] Generated 11811118 edges

Year 2001: 84181 new nodes, 11811118 new edges

Elapsed time: 78-781 : total : 52.658 secs, this iter cost : 4.445 seconds

Elapsed time: 78-79 : total : 83.498 secs, this iter cost : 8.379 seconds

updateNodeInDegreeOutDegree(year=2001): updated 84181 out-degrees, 1486856 in-degrees
Elapsed time: 79-81 : total : 11.483 secs, this iter cost : 0 seconds

Elapsed time: 79-80 : total : 6.391 secs, this iter cost : 0 seconds

Elapsed time: 80-81 : total : 5.08 secs, this iter cost : 0 seconds

Elapsed time: 70-81 : total : 113.704 secs, this iter cost : 10 seconds

 Entering loop for year = 2002
Elapsed time: 70-71: total : 7.217 secs, iter cost : 0 seconds

Elapsed time: 71-72: total : 8.634 secs, iter cost : 0 seconds

Elapsed time: 72-73: total : 415 millisecs, iter cost : 19 mseconds

num_new_nodes = 89232, current_graph_size = 1487191, growth rate = 0.060000 
Elapsed time: 73-74: total : 4 millisecs, iter cost : 0 mseconds

Elapsed time: 74-75: total : 1006 millisecs, iter cost : 91 mseconds

all new nodes initialized with years and mapped. FillSameYearSourceNodes with new_nodes_vec.size() = 89232
checking same_year_source_nodes size.
Elapsed time: 75-76: total : 0 millisecs, iter cost : 0 mseconds

new_nodes_vec.size() b4 : 89232

updated  updateGraphAttributesGeneratorNode .... 
Elapsed time: 76-77: total : 2748 millisecs, iter cost : 226 mseconds

continuous_node_mapping.size() b5 : 1576423, reverse_continuous_node_mapping size = 1576423

[ER Model] Building connections using Erdos-Renyi

[ER Model] Processing 89232 new nodes for year 2002 (graph size: 1487191)

ALLOCATE DEVICE MEMORY
 Allocate RNG states.
 Estimate capacity based on ER model.
create_thread_vectors_bulk<int2>(num_new_nodes, per_thread_capacities.
Instead of batch - process all new nodes in parallel.
COLLECT RESULTS
[ER Model] Generated 13266037 edges

Year 2002: 89232 new nodes, 13266037 new edges

Elapsed time: 78-781 : total : 57.814 secs, this iter cost : 5.156 seconds

Elapsed time: 78-79 : total : 92.901 secs, this iter cost : 9.403 seconds

updateNodeInDegreeOutDegree(year=2002): updated 89232 out-degrees, 1576231 in-degrees
Elapsed time: 79-81 : total : 12.524 secs, this iter cost : 1 seconds

Elapsed time: 79-80 : total : 6.965 secs, this iter cost : 0 seconds

Elapsed time: 80-81 : total : 5.547 secs, this iter cost : 0 seconds

Elapsed time: 70-81 : total : 125.516 secs, this iter cost : 11 seconds

 Entering loop for year = 2003
Elapsed time: 70-71: total : 7.711 secs, iter cost : 0 seconds

Elapsed time: 71-72: total : 9.221 secs, iter cost : 0 seconds

Elapsed time: 72-73: total : 430 millisecs, iter cost : 15 mseconds

num_new_nodes = 94586, current_graph_size = 1576423, growth rate = 0.060000 
Elapsed time: 73-74: total : 4 millisecs, iter cost : 0 mseconds

Elapsed time: 74-75: total : 1105 millisecs, iter cost : 99 mseconds

all new nodes initialized with years and mapped. FillSameYearSourceNodes with new_nodes_vec.size() = 94586
checking same_year_source_nodes size.
Elapsed time: 75-76: total : 0 millisecs, iter cost : 0 mseconds

new_nodes_vec.size() b4 : 94586

updated  updateGraphAttributesGeneratorNode .... 
Elapsed time: 76-77: total : 2993 millisecs, iter cost : 245 mseconds

continuous_node_mapping.size() b5 : 1671009, reverse_continuous_node_mapping size = 1671009

[ER Model] Building connections using Erdos-Renyi

[ER Model] Processing 94586 new nodes for year 2003 (graph size: 1576423)

ALLOCATE DEVICE MEMORY
 Allocate RNG states.
 Estimate capacity based on ER model.
create_thread_vectors_bulk<int2>(num_new_nodes, per_thread_capacities.
Instead of batch - process all new nodes in parallel.
COLLECT RESULTS
[ER Model] Generated 14916231 edges

Year 2003: 94586 new nodes, 14916231 new edges

Elapsed time: 78-781 : total : 62.886 secs, this iter cost : 5.072 seconds

Elapsed time: 78-79 : total : 103.283 secs, this iter cost : 10.382 seconds

updateNodeInDegreeOutDegree(year=2003): updated 94586 out-degrees, 1670889 in-degrees
Elapsed time: 79-81 : total : 13.637 secs, this iter cost : 1 seconds

Elapsed time: 79-80 : total : 7.584 secs, this iter cost : 0 seconds

Elapsed time: 80-81 : total : 6.041 secs, this iter cost : 0 seconds

Elapsed time: 70-81 : total : 138.456 secs, this iter cost : 12 seconds

 Entering loop for year = 2004
Elapsed time: 70-71: total : 8.237 secs, iter cost : 0 seconds

Elapsed time: 71-72: total : 9.855 secs, iter cost : 0 seconds

Elapsed time: 72-73: total : 464 millisecs, iter cost : 34 mseconds

num_new_nodes = 100261, current_graph_size = 1671009, growth rate = 0.060000 
Elapsed time: 73-74: total : 4 millisecs, iter cost : 0 mseconds

Elapsed time: 74-75: total : 1211 millisecs, iter cost : 106 mseconds

all new nodes initialized with years and mapped. FillSameYearSourceNodes with new_nodes_vec.size() = 100261
checking same_year_source_nodes size.
Elapsed time: 75-76: total : 0 millisecs, iter cost : 0 mseconds

new_nodes_vec.size() b4 : 100261

updated  updateGraphAttributesGeneratorNode .... 
Elapsed time: 76-77: total : 3247 millisecs, iter cost : 254 mseconds

continuous_node_mapping.size() b5 : 1771270, reverse_continuous_node_mapping size = 1771270

[ER Model] Building connections using Erdos-Renyi

[ER Model] Processing 100261 new nodes for year 2004 (graph size: 1671009)

ALLOCATE DEVICE MEMORY
 Allocate RNG states.
 Estimate capacity based on ER model.
create_thread_vectors_bulk<int2>(num_new_nodes, per_thread_capacities.
Instead of batch - process all new nodes in parallel.
COLLECT RESULTS
[ER Model] Generated 16749013 edges

Year 2004: 100261 new nodes, 16749013 new edges

Elapsed time: 78-781 : total : 68.293 secs, this iter cost : 5.407 seconds

Elapsed time: 78-79 : total : 114.267 secs, this iter cost : 10.984 seconds

updateNodeInDegreeOutDegree(year=2004): updated 100261 out-degrees, 1771191 in-degrees
Elapsed time: 79-81 : total : 14.806 secs, this iter cost : 1 seconds

Elapsed time: 79-80 : total : 8.228 secs, this iter cost : 0 seconds

Elapsed time: 80-81 : total : 6.565 secs, this iter cost : 0 seconds

Elapsed time: 70-81 : total : 152.166 secs, this iter cost : 13 seconds

 Entering loop for year = 2005
Elapsed time: 70-71: total : 8.775 secs, iter cost : 0 seconds

Elapsed time: 71-72: total : 10.52 secs, iter cost : 0 seconds

Elapsed time: 72-73: total : 480 millisecs, iter cost : 16 mseconds

num_new_nodes = 106277, current_graph_size = 1771270, growth rate = 0.060000 
Elapsed time: 73-74: total : 4 millisecs, iter cost : 0 mseconds

Elapsed time: 74-75: total : 1324 millisecs, iter cost : 113 mseconds

all new nodes initialized with years and mapped. FillSameYearSourceNodes with new_nodes_vec.size() = 106277
checking same_year_source_nodes size.
Elapsed time: 75-76: total : 0 millisecs, iter cost : 0 mseconds

new_nodes_vec.size() b4 : 106277

updated  updateGraphAttributesGeneratorNode .... 
Elapsed time: 76-77: total : 3511 millisecs, iter cost : 264 mseconds

continuous_node_mapping.size() b5 : 1877547, reverse_continuous_node_mapping size = 1877547

[ER Model] Building connections using Erdos-Renyi

[ER Model] Processing 106277 new nodes for year 2005 (graph size: 1771270)

ALLOCATE DEVICE MEMORY
 Allocate RNG states.
 Estimate capacity based on ER model.
create_thread_vectors_bulk<int2>(num_new_nodes, per_thread_capacities.
Instead of batch - process all new nodes in parallel.
COLLECT RESULTS
[ER Model] Generated 18819664 edges

Year 2005: 106277 new nodes, 18819664 new edges

Elapsed time: 78-781 : total : 74.121 secs, this iter cost : 5.828 seconds

Elapsed time: 78-79 : total : 126.053 secs, this iter cost : 11.786 seconds

updateNodeInDegreeOutDegree(year=2005): updated 106277 out-degrees, 1877509 in-degrees
Elapsed time: 79-81 : total : 16.036 secs, this iter cost : 1 seconds

Elapsed time: 79-80 : total : 8.91 secs, this iter cost : 0 seconds

Elapsed time: 80-81 : total : 7.113 secs, this iter cost : 0 seconds

Elapsed time: 70-81 : total : 166.783 secs, this iter cost : 14 seconds

 Entering loop for year = 2006
Elapsed time: 70-71: total : 9.335 secs, iter cost : 0 seconds

Elapsed time: 71-72: total : 11.213 secs, iter cost : 0 seconds

Elapsed time: 72-73: total : 509 millisecs, iter cost : 29 mseconds

num_new_nodes = 112653, current_graph_size = 1877547, growth rate = 0.060000 
Elapsed time: 73-74: total : 4 millisecs, iter cost : 0 mseconds

Elapsed time: 74-75: total : 1422 millisecs, iter cost : 98 mseconds

all new nodes initialized with years and mapped. FillSameYearSourceNodes with new_nodes_vec.size() = 112653
checking same_year_source_nodes size.
Elapsed time: 75-76: total : 0 millisecs, iter cost : 0 mseconds

new_nodes_vec.size() b4 : 112653

updated  updateGraphAttributesGeneratorNode .... 
Elapsed time: 76-77: total : 3787 millisecs, iter cost : 276 mseconds

continuous_node_mapping.size() b5 : 1990200, reverse_continuous_node_mapping size = 1990200

[ER Model] Building connections using Erdos-Renyi

[ER Model] Processing 112653 new nodes for year 2006 (graph size: 1877547)

ALLOCATE DEVICE MEMORY
 Allocate RNG states.
 Estimate capacity based on ER model.
create_thread_vectors_bulk<int2>(num_new_nodes, per_thread_capacities.
Instead of batch - process all new nodes in parallel.
COLLECT RESULTS
[ER Model] Generated 21154526 edges

Year 2006: 112653 new nodes, 21154526 new edges

Elapsed time: 78-781 : total : 80.183 secs, this iter cost : 6.062 seconds

Elapsed time: 78-79 : total : 139.422 secs, this iter cost : 13.369 seconds

updateNodeInDegreeOutDegree(year=2006): updated 112653 out-degrees, 1990177 in-degrees
Elapsed time: 79-81 : total : 17.376 secs, this iter cost : 1 seconds

Elapsed time: 79-80 : total : 9.668 secs, this iter cost : 0 seconds

Elapsed time: 80-81 : total : 7.695 secs, this iter cost : 0 seconds

Elapsed time: 70-81 : total : 183.15 secs, this iter cost : 16 seconds

 Entering loop for year = 2007
Elapsed time: 70-71: total : 9.924 secs, iter cost : 0 seconds

Elapsed time: 71-72: total : 11.917 secs, iter cost : 0 seconds

Elapsed time: 72-73: total : 529 millisecs, iter cost : 20 mseconds

num_new_nodes = 119412, current_graph_size = 1990200, growth rate = 0.060000 
Elapsed time: 73-74: total : 4 millisecs, iter cost : 0 mseconds

Elapsed time: 74-75: total : 1521 millisecs, iter cost : 99 mseconds

all new nodes initialized with years and mapped. FillSameYearSourceNodes with new_nodes_vec.size() = 119412
checking same_year_source_nodes size.
Elapsed time: 75-76: total : 0 millisecs, iter cost : 0 mseconds

new_nodes_vec.size() b4 : 119412

updated  updateGraphAttributesGeneratorNode .... 
Elapsed time: 76-77: total : 4093 millisecs, iter cost : 306 mseconds

continuous_node_mapping.size() b5 : 2109612, reverse_continuous_node_mapping size = 2109612

[ER Model] Building connections using Erdos-Renyi

[ER Model] Processing 119412 new nodes for year 2007 (graph size: 1990200)

ALLOCATE DEVICE MEMORY
 Allocate RNG states.
 Estimate capacity based on ER model.
create_thread_vectors_bulk<int2>(num_new_nodes, per_thread_capacities.
Instead of batch - process all new nodes in parallel.
COLLECT RESULTS
[ER Model] Generated 23765683 edges

Year 2007: 119412 new nodes, 23765683 new edges

Elapsed time: 78-781 : total : 86.657 secs, this iter cost : 6.474 seconds

Elapsed time: 78-79 : total : 153.004 secs, this iter cost : 13.582 seconds

updateNodeInDegreeOutDegree(year=2007): updated 119412 out-degrees, 2109597 in-degrees
Elapsed time: 79-81 : total : 18.756 secs, this iter cost : 1 seconds

Elapsed time: 79-80 : total : 10.433 secs, this iter cost : 0 seconds

Elapsed time: 80-81 : total : 8.31 secs, this iter cost : 0 seconds

Elapsed time: 70-81 : total : 199.835 secs, this iter cost : 16 seconds

 Entering loop for year = 2008
Elapsed time: 70-71: total : 10.535 secs, iter cost : 0 seconds

Elapsed time: 71-72: total : 12.636 secs, iter cost : 0 seconds

Elapsed time: 72-73: total : 549 millisecs, iter cost : 20 mseconds

num_new_nodes = 126577, current_graph_size = 2109612, growth rate = 0.060000 
Elapsed time: 73-74: total : 4 millisecs, iter cost : 0 mseconds

Elapsed time: 74-75: total : 1627 millisecs, iter cost : 106 mseconds

all new nodes initialized with years and mapped. FillSameYearSourceNodes with new_nodes_vec.size() = 126577
checking same_year_source_nodes size.
Elapsed time: 75-76: total : 0 millisecs, iter cost : 0 mseconds

new_nodes_vec.size() b4 : 126577

updated  updateGraphAttributesGeneratorNode .... 
Elapsed time: 76-77: total : 4415 millisecs, iter cost : 322 mseconds

continuous_node_mapping.size() b5 : 2236189, reverse_continuous_node_mapping size = 2236189

[ER Model] Building connections using Erdos-Renyi

[ER Model] Processing 126577 new nodes for year 2008 (graph size: 2109612)

ALLOCATE DEVICE MEMORY
 Allocate RNG states.
 Estimate capacity based on ER model.
create_thread_vectors_bulk<int2>(num_new_nodes, per_thread_capacities.
Instead of batch - process all new nodes in parallel.
COLLECT RESULTS
[ER Model] Generated 26708626 edges

Year 2008: 126577 new nodes, 26708626 new edges

Elapsed time: 78-781 : total : 93.493 secs, this iter cost : 6.836 seconds

Elapsed time: 78-79 : total : 168.137 secs, this iter cost : 15.133 seconds

updateNodeInDegreeOutDegree(year=2008): updated 126577 out-degrees, 2236183 in-degrees
Elapsed time: 79-81 : total : 20.217 secs, this iter cost : 1 seconds

Elapsed time: 79-80 : total : 11.244 secs, this iter cost : 0 seconds

Elapsed time: 80-81 : total : 8.96 secs, this iter cost : 0 seconds

Elapsed time: 70-81 : total : 218.211 secs, this iter cost : 18 seconds

 Entering loop for year = 2009
Elapsed time: 70-71: total : 11.18 secs, iter cost : 0 seconds

Elapsed time: 71-72: total : 13.4 secs, iter cost : 0 seconds

Elapsed time: 72-73: total : 564 millisecs, iter cost : 15 mseconds

num_new_nodes = 134172, current_graph_size = 2236189, growth rate = 0.060000 
Elapsed time: 73-74: total : 4 millisecs, iter cost : 0 mseconds

Elapsed time: 74-75: total : 1739 millisecs, iter cost : 112 mseconds

all new nodes initialized with years and mapped. FillSameYearSourceNodes with new_nodes_vec.size() = 134172
checking same_year_source_nodes size.
Elapsed time: 75-76: total : 0 millisecs, iter cost : 0 mseconds

new_nodes_vec.size() b4 : 134172

updated  updateGraphAttributesGeneratorNode .... 
Elapsed time: 76-77: total : 4749 millisecs, iter cost : 334 mseconds

continuous_node_mapping.size() b5 : 2370361, reverse_continuous_node_mapping size = 2370361

[ER Model] Building connections using Erdos-Renyi

[ER Model] Processing 134172 new nodes for year 2009 (graph size: 2236189)

ALLOCATE DEVICE MEMORY
 Allocate RNG states.
 Estimate capacity based on ER model.
create_thread_vectors_bulk<int2>(num_new_nodes, per_thread_capacities.
Instead of batch - process all new nodes in parallel.
COLLECT RESULTS
[ER Model] Generated 30013865 edges

Year 2009: 134172 new nodes, 30013865 new edges

Elapsed time: 78-781 : total : 100.751 secs, this iter cost : 7.258 seconds

Elapsed time: 78-79 : total : 185.346 secs, this iter cost : 17.209 seconds

updateNodeInDegreeOutDegree(year=2009): updated 134172 out-degrees, 2370358 in-degrees
Elapsed time: 79-81 : total : 21.734 secs, this iter cost : 1 seconds

Elapsed time: 79-80 : total : 12.088 secs, this iter cost : 0 seconds

Elapsed time: 80-81 : total : 9.633 secs, this iter cost : 0 seconds

Elapsed time: 70-81 : total : 238.81 secs, this iter cost : 20 seconds

 Entering loop for year = 2010
Elapsed time: 70-71: total : 11.841 secs, iter cost : 0 seconds

Elapsed time: 71-72: total : 14.191 secs, iter cost : 0 seconds

Elapsed time: 72-73: total : 580 millisecs, iter cost : 16 mseconds

num_new_nodes = 142222, current_graph_size = 2370361, growth rate = 0.060000 
Elapsed time: 73-74: total : 4 millisecs, iter cost : 0 mseconds

Elapsed time: 74-75: total : 1854 millisecs, iter cost : 115 mseconds

all new nodes initialized with years and mapped. FillSameYearSourceNodes with new_nodes_vec.size() = 142222
checking same_year_source_nodes size.
Elapsed time: 75-76: total : 0 millisecs, iter cost : 0 mseconds

new_nodes_vec.size() b4 : 142222

updated  updateGraphAttributesGeneratorNode .... 
Elapsed time: 76-77: total : 5104 millisecs, iter cost : 355 mseconds

continuous_node_mapping.size() b5 : 2512583, reverse_continuous_node_mapping size = 2512583

[ER Model] Building connections using Erdos-Renyi

[ER Model] Processing 142222 new nodes for year 2010 (graph size: 2370361)

ALLOCATE DEVICE MEMORY
 Allocate RNG states.
 Estimate capacity based on ER model.
create_thread_vectors_bulk<int2>(num_new_nodes, per_thread_capacities.
Instead of batch - process all new nodes in parallel.
COLLECT RESULTS
[ER Model] Generated 33709584 edges

Year 2010: 142222 new nodes, 33709584 new edges

Elapsed time: 78-781 : total : 108.59 secs, this iter cost : 7.839 seconds

Elapsed time: 78-79 : total : 203.194 secs, this iter cost : 17.848 seconds

updateNodeInDegreeOutDegree(year=2010): updated 142222 out-degrees, 2512583 in-degrees
Elapsed time: 79-81 : total : 23.376 secs, this iter cost : 1 seconds

Elapsed time: 79-80 : total : 12.999 secs, this iter cost : 0 seconds

Elapsed time: 80-81 : total : 10.363 secs, this iter cost : 0 seconds

Elapsed time: 70-81 : total : 260.241 secs, this iter cost : 21 seconds

 Entering loop for year = 2011
Elapsed time: 70-71: total : 12.542 secs, iter cost : 0 seconds

Elapsed time: 71-72: total : 15.029 secs, iter cost : 0 seconds

Elapsed time: 72-73: total : 600 millisecs, iter cost : 20 mseconds

num_new_nodes = 150755, current_graph_size = 2512583, growth rate = 0.060000 
Elapsed time: 73-74: total : 4 millisecs, iter cost : 0 mseconds

Elapsed time: 74-75: total : 1992 millisecs, iter cost : 138 mseconds

all new nodes initialized with years and mapped. FillSameYearSourceNodes with new_nodes_vec.size() = 150755
checking same_year_source_nodes size.
Elapsed time: 75-76: total : 0 millisecs, iter cost : 0 mseconds

new_nodes_vec.size() b4 : 150755

updated  updateGraphAttributesGeneratorNode .... 
Elapsed time: 76-77: total : 5478 millisecs, iter cost : 374 mseconds

continuous_node_mapping.size() b5 : 2663338, reverse_continuous_node_mapping size = 2663338

[ER Model] Building connections using Erdos-Renyi

[ER Model] Processing 150755 new nodes for year 2011 (graph size: 2512583)

ALLOCATE DEVICE MEMORY
 Allocate RNG states.
 Estimate capacity based on ER model.
create_thread_vectors_bulk<int2>(num_new_nodes, per_thread_capacities.
Instead of batch - process all new nodes in parallel.
COLLECT RESULTS
[ER Model] Generated 37880726 edges

Year 2011: 150755 new nodes, 37880726 new edges

Elapsed time: 78-781 : total : 116.94 secs, this iter cost : 8.35 seconds

Elapsed time: 78-79 : total : 223.485 secs, this iter cost : 20.291 seconds

updateNodeInDegreeOutDegree(year=2011): updated 150755 out-degrees, 2663337 in-degrees
Elapsed time: 79-81 : total : 25.184 secs, this iter cost : 1 seconds

Elapsed time: 79-80 : total : 14.02 secs, this iter cost : 1 seconds

Elapsed time: 80-81 : total : 11.149 secs, this iter cost : 0 seconds

Elapsed time: 70-81 : total : 284.415 secs, this iter cost : 24 seconds

 Entering loop for year = 2012
Elapsed time: 70-71: total : 13.285 secs, iter cost : 0 seconds

Elapsed time: 71-72: total : 15.902 secs, iter cost : 0 seconds

Elapsed time: 72-73: total : 621 millisecs, iter cost : 21 mseconds

num_new_nodes = 159801, current_graph_size = 2663338, growth rate = 0.060000 
Elapsed time: 73-74: total : 4 millisecs, iter cost : 0 mseconds

Elapsed time: 74-75: total : 2122 millisecs, iter cost : 130 mseconds

all new nodes initialized with years and mapped. FillSameYearSourceNodes with new_nodes_vec.size() = 159801
checking same_year_source_nodes size.
Elapsed time: 75-76: total : 0 millisecs, iter cost : 0 mseconds

new_nodes_vec.size() b4 : 159801

updated  updateGraphAttributesGeneratorNode .... 
Elapsed time: 76-77: total : 5872 millisecs, iter cost : 394 mseconds

continuous_node_mapping.size() b5 : 2823139, reverse_continuous_node_mapping size = 2823139

[ER Model] Building connections using Erdos-Renyi

[ER Model] Processing 159801 new nodes for year 2012 (graph size: 2663338)

ALLOCATE DEVICE MEMORY
 Allocate RNG states.
 Estimate capacity based on ER model.
create_thread_vectors_bulk<int2>(num_new_nodes, per_thread_capacities.
Instead of batch - process all new nodes in parallel.
COLLECT RESULTS
[ER Model] Generated 42565141 edges

Year 2012: 159801 new nodes, 42565141 new edges

Elapsed time: 78-781 : total : 125.794 secs, this iter cost : 8.854 seconds

Elapsed time: 78-79 : total : 246.872 secs, this iter cost : 23.387 seconds

updateNodeInDegreeOutDegree(year=2012): updated 159801 out-degrees, 2823139 in-degrees
Elapsed time: 79-81 : total : 27.033 secs, this iter cost : 1 seconds

Elapsed time: 79-80 : total : 15.07 secs, this iter cost : 1 seconds

Elapsed time: 80-81 : total : 11.948 secs, this iter cost : 0 seconds

Elapsed time: 70-81 : total : 311.816 secs, this iter cost : 27 seconds

Elapsed time: 7-8 :  313 seconds

compute done:: graph size = 2823139
Elapsed time: 8-8.1 :  0 seconds

Writing Graph to file: ./output/30y/gpu-opt-static-output-30y-6p.edgelist

Elapsed time: 8.1-9 :  12 seconds

Elapsed time: 9-10 :  2 seconds

 graph size = 2823139
WriteAttributes: graph size = 2823139

Elapsed time: 0-1 : 3 seconds

Elapsed time: 1-4 : 0 seconds

Elapsed time: 4-7 : 0 seconds

Elapsed time: 70-71: total : 13.285 seconds.

Elapsed time: 71-72: total : 15.902 seconds.

Elapsed time: 72-73: total : 0.621 seconds.

Elapsed time: 73-74: total : 0.004 seconds.

Elapsed time: 74-75: total : 2.122 seconds.

Elapsed time: 75-76: total : 0 seconds.

Elapsed time: 76-77: total : 5.872 seconds.

Elapsed time: 77-79: total : 246.872 seconds.

Elapsed time: 79-81 : total : 27.033 seconds.

Elapsed time: 79-80 : total : 15.07 seconds.

Elapsed time: 80-81 : total : 11.948 seconds.

Elapsed time: 70-81 : total : 311.816 seconds.

Elapsed time: 7-8 : 313 seconds

Elapsed time: 8-8.1 :  0 seconds

Elapsed time: 8.1-9 :  12 seconds

Elapsed time: 9-10 : 2 seconds

Elapsed time: 11-12 : 25 seconds

Elapsed time: 10-12 : 25 seconds

Elapsed time: 0-7 : 3 seconds

Elapsed time: 7-8 : 313 seconds

Elapsed time: 8-12 : 40 seconds

E2E Time for num_cycles = 30 with growth_rate = 6 % = 365 seconds.
GPU 0: General Metrics for NVIDIA GH100 (any frequency)
Generating '/tmp/nsys-report-007b.qdstrm'
[1/8] [0%                          ] nsys-er-gnp-30y-6p.nsys-rep[1/8] [0%                          ] nsys-er-gnp-30y-6p.nsys-rep[1/8] [0%                          ] nsys-er-gnp-30y-6p.nsys-rep[1/8] [5%                          ] nsys-er-gnp-30y-6p.nsys-rep[1/8] [6%                          ] nsys-er-gnp-30y-6p.nsys-rep[1/8] [7%                          ] nsys-er-gnp-30y-6p.nsys-rep[1/8] [8%                          ] nsys-er-gnp-30y-6p.nsys-rep[1/8] [9%                          ] nsys-er-gnp-30y-6p.nsys-rep[1/8] [10%                         ] nsys-er-gnp-30y-6p.nsys-rep[1/8] [11%                         ] nsys-er-gnp-30y-6p.nsys-rep[1/8] [12%                         ] nsys-er-gnp-30y-6p.nsys-rep[1/8] [13%                         ] nsys-er-gnp-30y-6p.nsys-rep[1/8] [14%                         ] nsys-er-gnp-30y-6p.nsys-rep[1/8] [=15%                        ] nsys-er-gnp-30y-6p.nsys-rep[1/8] [=16%                        ] nsys-er-gnp-30y-6p.nsys-rep[1/8] [=17%                        ] nsys-er-gnp-30y-6p.nsys-rep[1/8] [==18%                       ] nsys-er-gnp-30y-6p.nsys-rep[1/8] [==19%                       ] nsys-er-gnp-30y-6p.nsys-rep[1/8] [==20%                       ] nsys-er-gnp-30y-6p.nsys-rep[1/8] [==21%                       ] nsys-er-gnp-30y-6p.nsys-rep[1/8] [===22%                      ] nsys-er-gnp-30y-6p.nsys-rep[1/8] [===23%                      ] nsys-er-gnp-30y-6p.nsys-rep[1/8] [===24%                      ] nsys-er-gnp-30y-6p.nsys-rep[1/8] [====25%                     ] nsys-er-gnp-30y-6p.nsys-rep[1/8] [====26%                     ] nsys-er-gnp-30y-6p.nsys-rep[1/8] [====27%                     ] nsys-er-gnp-30y-6p.nsys-rep[1/8] [====28%                     ] nsys-er-gnp-30y-6p.nsys-rep[1/8] [=====29%                    ] nsys-er-gnp-30y-6p.nsys-rep[1/8] [=====30%                    ] nsys-er-gnp-30y-6p.nsys-rep[1/8] [=====31%                    ] nsys-er-gnp-30y-6p.nsys-rep[1/8] [=====32%                    ] nsys-er-gnp-30y-6p.nsys-rep[1/8] [======33%                   ] nsys-er-gnp-30y-6p.nsys-rep[1/8] [======34%                   ] nsys-er-gnp-30y-6p.nsys-rep[1/8] [======35%                   ] nsys-er-gnp-30y-6p.nsys-rep[1/8] [=======36%                  ] nsys-er-gnp-30y-6p.nsys-rep[1/8] [=======37%                  ] nsys-er-gnp-30y-6p.nsys-rep[1/8] [=======38%                  ] nsys-er-gnp-30y-6p.nsys-rep[1/8] [=======39%                  ] nsys-er-gnp-30y-6p.nsys-rep[1/8] [========40%                 ] nsys-er-gnp-30y-6p.nsys-rep[1/8] [========41%                 ] nsys-er-gnp-30y-6p.nsys-rep[1/8] [========42%                 ] nsys-er-gnp-30y-6p.nsys-rep[1/8] [=========43%                ] nsys-er-gnp-30y-6p.nsys-rep[1/8] [=========44%                ] nsys-er-gnp-30y-6p.nsys-rep[1/8] [=========45%                ] nsys-er-gnp-30y-6p.nsys-rep[1/8] [=========46%                ] nsys-er-gnp-30y-6p.nsys-rep[1/8] [==========47%               ] nsys-er-gnp-30y-6p.nsys-rep[1/8] [==========48%               ] nsys-er-gnp-30y-6p.nsys-rep[1/8] [==========49%               ] nsys-er-gnp-30y-6p.nsys-rep[1/8] [===========50%              ] nsys-er-gnp-30y-6p.nsys-rep[1/8] [===========51%              ] nsys-er-gnp-30y-6p.nsys-rep[1/8] [===========52%              ] nsys-er-gnp-30y-6p.nsys-rep[1/8] [===========53%              ] nsys-er-gnp-30y-6p.nsys-rep[1/8] [============54%             ] nsys-er-gnp-30y-6p.nsys-rep[1/8] [============55%             ] nsys-er-gnp-30y-6p.nsys-rep[1/8] [============56%             ] nsys-er-gnp-30y-6p.nsys-rep[1/8] [============57%             ] nsys-er-gnp-30y-6p.nsys-rep[1/8] [=============58%            ] nsys-er-gnp-30y-6p.nsys-rep[1/8] [=============59%            ] nsys-er-gnp-30y-6p.nsys-rep[1/8] [=============60%            ] nsys-er-gnp-30y-6p.nsys-rep[1/8] [==============61%           ] nsys-er-gnp-30y-6p.nsys-rep[1/8] [==============62%           ] nsys-er-gnp-30y-6p.nsys-rep[1/8] [==============63%           ] nsys-er-gnp-30y-6p.nsys-rep[1/8] [==============64%           ] nsys-er-gnp-30y-6p.nsys-rep[1/8] [===============65%          ] nsys-er-gnp-30y-6p.nsys-rep[1/8] [===============66%          ] nsys-er-gnp-30y-6p.nsys-rep[1/8] [===============67%          ] nsys-er-gnp-30y-6p.nsys-rep[1/8] [================68%         ] nsys-er-gnp-30y-6p.nsys-rep[1/8] [================69%         ] nsys-er-gnp-30y-6p.nsys-rep[1/8] [================70%         ] nsys-er-gnp-30y-6p.nsys-rep[1/8] [================71%         ] nsys-er-gnp-30y-6p.nsys-rep[1/8] [=================72%        ] nsys-er-gnp-30y-6p.nsys-rep[1/8] [=================73%        ] nsys-er-gnp-30y-6p.nsys-rep[1/8] [=================74%        ] nsys-er-gnp-30y-6p.nsys-rep[1/8] [==================75%       ] nsys-er-gnp-30y-6p.nsys-rep[1/8] [==================76%       ] nsys-er-gnp-30y-6p.nsys-rep[1/8] [==================77%       ] nsys-er-gnp-30y-6p.nsys-rep[1/8] [==================78%       ] nsys-er-gnp-30y-6p.nsys-rep[1/8] [===================79%      ] nsys-er-gnp-30y-6p.nsys-rep[1/8] [===================80%      ] nsys-er-gnp-30y-6p.nsys-rep[1/8] [========================100%] nsys-er-gnp-30y-6p.nsys-rep[1/8] [========================100%] nsys-er-gnp-30y-6p.nsys-rep
[2/8] [0%                          ] nsys-er-gnp-30y-6p.sqlite[2/8] [1%                          ] nsys-er-gnp-30y-6p.sqlite[2/8] [2%                          ] nsys-er-gnp-30y-6p.sqlite[2/8] [3%                          ] nsys-er-gnp-30y-6p.sqlite[2/8] [4%                          ] nsys-er-gnp-30y-6p.sqlite[2/8] [5%                          ] nsys-er-gnp-30y-6p.sqlite[2/8] [6%                          ] nsys-er-gnp-30y-6p.sqlite[2/8] [7%                          ] nsys-er-gnp-30y-6p.sqlite[2/8] [8%                          ] nsys-er-gnp-30y-6p.sqlite[2/8] [9%                          ] nsys-er-gnp-30y-6p.sqlite[2/8] [10%                         ] nsys-er-gnp-30y-6p.sqlite[2/8] [11%                         ] nsys-er-gnp-30y-6p.sqlite[2/8] [12%                         ] nsys-er-gnp-30y-6p.sqlite[2/8] [13%                         ] nsys-er-gnp-30y-6p.sqlite[2/8] [14%                         ] nsys-er-gnp-30y-6p.sqlite[2/8] [=15%                        ] nsys-er-gnp-30y-6p.sqlite[2/8] [=16%                        ] nsys-er-gnp-30y-6p.sqlite[2/8] [=17%                        ] nsys-er-gnp-30y-6p.sqlite[2/8] [==18%                       ] nsys-er-gnp-30y-6p.sqlite[2/8] [==19%                       ] nsys-er-gnp-30y-6p.sqlite[2/8] [==20%                       ] nsys-er-gnp-30y-6p.sqlite[2/8] [==21%                       ] nsys-er-gnp-30y-6p.sqlite[2/8] [===22%                      ] nsys-er-gnp-30y-6p.sqlite[2/8] [===23%                      ] nsys-er-gnp-30y-6p.sqlite[2/8] [===24%                      ] nsys-er-gnp-30y-6p.sqlite[2/8] [====25%                     ] nsys-er-gnp-30y-6p.sqlite[2/8] [====26%                     ] nsys-er-gnp-30y-6p.sqlite[2/8] [====27%                     ] nsys-er-gnp-30y-6p.sqlite[2/8] [====28%                     ] nsys-er-gnp-30y-6p.sqlite[2/8] [=====29%                    ] nsys-er-gnp-30y-6p.sqlite[2/8] [=====30%                    ] nsys-er-gnp-30y-6p.sqlite[2/8] [=====31%                    ] nsys-er-gnp-30y-6p.sqlite[2/8] [=====32%                    ] nsys-er-gnp-30y-6p.sqlite[2/8] [======33%                   ] nsys-er-gnp-30y-6p.sqlite[2/8] [======34%                   ] nsys-er-gnp-30y-6p.sqlite[2/8] [======35%                   ] nsys-er-gnp-30y-6p.sqlite[2/8] [=======36%                  ] nsys-er-gnp-30y-6p.sqlite[2/8] [=======37%                  ] nsys-er-gnp-30y-6p.sqlite[2/8] [=======38%                  ] nsys-er-gnp-30y-6p.sqlite[2/8] [=======39%                  ] nsys-er-gnp-30y-6p.sqlite[2/8] [========40%                 ] nsys-er-gnp-30y-6p.sqlite[2/8] [========41%                 ] nsys-er-gnp-30y-6p.sqlite[2/8] [========42%                 ] nsys-er-gnp-30y-6p.sqlite[2/8] [=========43%                ] nsys-er-gnp-30y-6p.sqlite[2/8] [=========44%                ] nsys-er-gnp-30y-6p.sqlite[2/8] [=========45%                ] nsys-er-gnp-30y-6p.sqlite[2/8] [=========46%                ] nsys-er-gnp-30y-6p.sqlite[2/8] [==========47%               ] nsys-er-gnp-30y-6p.sqlite[2/8] [==========48%               ] nsys-er-gnp-30y-6p.sqlite[2/8] [==========49%               ] nsys-er-gnp-30y-6p.sqlite[2/8] [===========50%              ] nsys-er-gnp-30y-6p.sqlite[2/8] [===========51%              ] nsys-er-gnp-30y-6p.sqlite[2/8] [===========52%              ] nsys-er-gnp-30y-6p.sqlite[2/8] [===========53%              ] nsys-er-gnp-30y-6p.sqlite[2/8] [============54%             ] nsys-er-gnp-30y-6p.sqlite[2/8] [============55%             ] nsys-er-gnp-30y-6p.sqlite[2/8] [============56%             ] nsys-er-gnp-30y-6p.sqlite[2/8] [============57%             ] nsys-er-gnp-30y-6p.sqlite[2/8] [=============58%            ] nsys-er-gnp-30y-6p.sqlite[2/8] [=============59%            ] nsys-er-gnp-30y-6p.sqlite[2/8] [=============60%            ] nsys-er-gnp-30y-6p.sqlite[2/8] [==============61%           ] nsys-er-gnp-30y-6p.sqlite[2/8] [==============62%           ] nsys-er-gnp-30y-6p.sqlite[2/8] [==============63%           ] nsys-er-gnp-30y-6p.sqlite[2/8] [==============64%           ] nsys-er-gnp-30y-6p.sqlite[2/8] [===============65%          ] nsys-er-gnp-30y-6p.sqlite[2/8] [===============66%          ] nsys-er-gnp-30y-6p.sqlite[2/8] [===============67%          ] nsys-er-gnp-30y-6p.sqlite[2/8] [================68%         ] nsys-er-gnp-30y-6p.sqlite[2/8] [================69%         ] nsys-er-gnp-30y-6p.sqlite[2/8] [================70%         ] nsys-er-gnp-30y-6p.sqlite[2/8] [================71%         ] nsys-er-gnp-30y-6p.sqlite[2/8] [=================72%        ] nsys-er-gnp-30y-6p.sqlite[2/8] [=================73%        ] nsys-er-gnp-30y-6p.sqlite[2/8] [=================74%        ] nsys-er-gnp-30y-6p.sqlite[2/8] [==================75%       ] nsys-er-gnp-30y-6p.sqlite[2/8] [==================76%       ] nsys-er-gnp-30y-6p.sqlite[2/8] [==================77%       ] nsys-er-gnp-30y-6p.sqlite[2/8] [==================78%       ] nsys-er-gnp-30y-6p.sqlite[2/8] [===================79%      ] nsys-er-gnp-30y-6p.sqlite[2/8] [===================80%      ] nsys-er-gnp-30y-6p.sqlite[2/8] [===================81%      ] nsys-er-gnp-30y-6p.sqlite[2/8] [===================82%      ] nsys-er-gnp-30y-6p.sqlite[2/8] [====================83%     ] nsys-er-gnp-30y-6p.sqlite[2/8] [====================84%     ] nsys-er-gnp-30y-6p.sqlite[2/8] [====================85%     ] nsys-er-gnp-30y-6p.sqlite[2/8] [=====================86%    ] nsys-er-gnp-30y-6p.sqlite[2/8] [=====================87%    ] nsys-er-gnp-30y-6p.sqlite[2/8] [=====================88%    ] nsys-er-gnp-30y-6p.sqlite[2/8] [=====================89%    ] nsys-er-gnp-30y-6p.sqlite[2/8] [======================90%   ] nsys-er-gnp-30y-6p.sqlite[2/8] [======================91%   ] nsys-er-gnp-30y-6p.sqlite[2/8] [======================92%   ] nsys-er-gnp-30y-6p.sqlite[2/8] [=======================93%  ] nsys-er-gnp-30y-6p.sqlite[2/8] [=======================94%  ] nsys-er-gnp-30y-6p.sqlite[2/8] [=======================95%  ] nsys-er-gnp-30y-6p.sqlite[2/8] [=======================96%  ] nsys-er-gnp-30y-6p.sqlite[2/8] [========================97% ] nsys-er-gnp-30y-6p.sqlite[2/8] [========================98% ] nsys-er-gnp-30y-6p.sqlite[2/8] [========================99% ] nsys-er-gnp-30y-6p.sqlite[2/8] [========================100%] nsys-er-gnp-30y-6p.sqlite[2/8] [========================100%] nsys-er-gnp-30y-6p.sqlite
SKIPPED: /home/jmukher/workspace/uiuc/citation_abm/erprofile/nsys-er-gnp-30y-6p.sqlite does not contain NV Tools Extension (NVTX) data.
[3/8] Executing 'nvtx_sum' stats report
[4/8] Executing 'osrt_sum' stats report

 Time (%)  Total Time (ns)  Num Calls    Avg (ns)      Med (ns)    Min (ns)   Max (ns)    StdDev (ns)            Name         
 --------  ---------------  ---------  ------------  ------------  --------  -----------  ------------  ----------------------
     99.2  656,872,964,042     33,197  19,787,118.2  10,059,279.0     1,995  110,310,814  28,021,514.7  poll                  
      0.7    4,360,364,349         96  45,420,462.0   3,561,565.0   776,215  173,868,351  56,613,224.1  writev                
      0.1      446,438,001      9,352      47,737.2      26,894.0     1,002   26,498,085     310,134.1  ioctl                 
      0.0      305,150,123      1,429     213,541.0     204,396.0   148,391      464,658      41,685.0  pthread_create        
      0.0       67,928,272        873      77,810.2      28,348.0    18,283      928,562     103,645.3  pthread_rwlock_wrlock 
      0.0       37,390,334          9   4,154,481.6     244,310.0    67,779   27,494,657   8,940,659.1  fopen64               
      0.0       20,762,254        811      25,600.8      23,348.0     1,128    1,486,022      52,517.1  pthread_rwlock_rdlock 
      0.0       13,152,169      5,973       2,201.9       1,765.0     1,117    2,174,618      28,122.8  read                  
      0.0        2,617,232         76      34,437.3      17,523.0     1,492      319,470      50,432.5  write                 
      0.0        2,315,086        340       6,809.1       5,332.0     1,029       51,672       8,353.2  fflush                
      0.0        1,260,369         30      42,012.3       6,142.5     3,123      790,652     143,115.9  mmap64                
      0.0          755,669         13      58,128.4       4,241.0     1,257      288,001     105,501.4  fclose                
      0.0          754,097         11      68,554.3      26,767.0    16,248      497,896     142,468.7  sem_timedwait         
      0.0          311,191         25      12,447.6      10,772.0     3,668       52,489       9,936.0  mmap                  
      0.0          273,674        135       2,027.2       1,632.0     1,004        6,719       1,114.1  fwrite                
      0.0          226,069         27       8,372.9       8,073.0     2,471       20,937       4,815.7  munmap                
      0.0          168,782         41       4,116.6       1,779.0     1,182       23,074       4,925.9  fopen                 
      0.0          160,252         56       2,861.6       2,097.5     1,007        9,758       1,980.7  open64                
      0.0           79,156          1      79,156.0      79,156.0    79,156       79,156           0.0  pthread_cond_wait     
      0.0           73,329         17       4,313.5       1,282.0     1,009       35,661       8,364.3  pthread_mutex_lock    
      0.0           34,488          1      34,488.0      34,488.0    34,488       34,488           0.0  fgets                 
      0.0           24,380          6       4,063.3       4,063.5     1,187        7,002       2,336.1  open                  
      0.0           15,433          3       5,144.3       6,326.0     2,425        6,682       2,361.7  pipe2                 
      0.0           14,981          2       7,490.5       7,490.5     4,628       10,353       4,048.2  socket                
      0.0           12,602          1      12,602.0      12,602.0    12,602       12,602           0.0  connect               
      0.0            3,680          1       3,680.0       3,680.0     3,680        3,680           0.0  pthread_cond_broadcast
      0.0            1,805          1       1,805.0       1,805.0     1,805        1,805           0.0  bind                  
      0.0            1,319          1       1,319.0       1,319.0     1,319        1,319           0.0  fcntl                 

[5/8] Executing 'cuda_api_sum' stats report

 Time (%)  Total Time (ns)  Num Calls    Avg (ns)       Med (ns)     Min (ns)    Max (ns)    StdDev (ns)            Name         
 --------  ---------------  ---------  -------------  ------------  ----------  -----------  ------------  ----------------------
     65.2   78,767,023,721  9,326,518        8,445.5      10,582.0       2,254    7,718,727      13,173.3  cudaMemcpy            
     17.9   21,617,332,517  4,663,334        4,635.6       4,452.0       3,072    6,169,752       7,909.8  cudaFree              
     13.8   16,649,670,656  4,663,334        3,570.3       3,079.0       1,693   16,807,033      19,202.6  cudaMalloc            
      3.0    3,619,425,605         30  120,647,520.2  84,440,244.5  29,508,600  372,496,259  97,329,423.9  cudaStreamSynchronize 
      0.1      133,623,726         30    4,454,124.2      66,282.5      41,630  131,389,473  23,974,385.1  cudaStreamCreate      
      0.0       15,392,698         30      513,089.9      33,862.0      26,607   14,367,676   2,616,719.4  cudaLaunchKernel      
      0.0        2,383,748         30       79,458.3      76,746.0      30,040      145,815      22,380.1  cudaMemcpyAsync       
      0.0        1,566,453         30       52,215.1      50,039.5      37,347       75,820       8,109.6  cudaMemset            
      0.0          569,767         30       18,992.2      19,587.0      11,585       28,623       3,838.3  cudaStreamDestroy     
      0.0            1,737          1        1,737.0       1,737.0       1,737        1,737           0.0  cuModuleGetLoadingMode

[6/8] Executing 'cuda_gpu_kern_sum' stats report

 Time (%)  Total Time (ns)  Instances    Avg (ns)       Med (ns)     Min (ns)    Max (ns)    StdDev (ns)                                                   Name                                                
 --------  ---------------  ---------  -------------  ------------  ----------  -----------  ------------  ----------------------------------------------------------------------------------------------------
    100.0    3,619,295,448         30  120,643,181.6  84,438,927.0  29,514,025  372,488,074  97,327,384.3  kernelErdosRenyiGNP(int, int, int, ABM *, curandStateXORWOW *, unsigned long long, int *, device_ve…

[7/8] Executing 'cuda_gpu_mem_time_sum' stats report

 Time (%)  Total Time (ns)    Count    Avg (ns)  Med (ns)  Min (ns)  Max (ns)  StdDev (ns)           Operation          
 --------  ---------------  ---------  --------  --------  --------  --------  -----------  ----------------------------
     76.0   11,460,800,330  4,663,274   2,457.7   2,464.0     1,664   366,081        690.2  [CUDA memcpy Device-to-Host]
     24.0    3,620,965,296  4,663,274     776.5     768.0       703   358,625        440.4  [CUDA memcpy Host-to-Device]
      0.0        2,051,137         30  68,371.2  48,128.0     9,536   218,337     59,094.5  [CUDA memset]               

[8/8] Executing 'cuda_gpu_mem_size_sum' stats report

 Total (MB)    Count    Avg (MB)  Med (MB)  Min (MB)  Max (MB)  StdDev (MB)           Operation          
 ----------  ---------  --------  --------  --------  --------  -----------  ----------------------------
  5,994.556         30   199.819   125.650    23.122   680.113      188.077  [CUDA memset]               
  3,159.830  4,663,274     0.001     0.000     0.000     5.114        0.010  [CUDA memcpy Device-to-Host]
    102.591  4,663,274     0.000     0.000     0.000     5.114        0.007  [CUDA memcpy Host-to-Device]

Generated:
    /home/jmukher/workspace/uiuc/citation_abm/erprofile/nsys-er-gnp-30y-6p.nsys-rep
    /home/jmukher/workspace/uiuc/citation_abm/erprofile/nsys-er-gnp-30y-6p.sqlite
SUCCESS: 537M → erprofile/nsys-er-gnp-30y-6p.nsys-rep
