processor	: 0
vendor_id	: GenuineIntel
cpu family	: 6
model		: 143
model name	: Intel(R) Xeon(R) Platinum 8480+
stepping	: 8
microcode	: 0x2b000639
cpu MHz		: 2929.088
cache size	: 107520 KB
physical id	: 0
siblings	: 56
core id		: 0
cpu cores	: 56
apicid		: 0
initial apicid	: 0
fpu		: yes
fpu_exception	: yes
cpuid level	: 32
wp		: yes
flags		: fpu vme de pse tsc msr pae mce cx8 apic sep mtrr pge mca cmov pat pse36 clflush dts acpi mmx fxsr sse sse2 ss ht tm pbe syscall nx pdpe1gb rdtscp lm constant_tsc art arch_perfmon pebs bts rep_good nopl xtopology nonstop_tsc cpuid aperfmperf tsc_known_freq pni pclmulqdq dtes64 monitor ds_cpl vmx smx est tm2 ssse3 sdbg fma cx16 xtpr pdcm pcid dca sse4_1 sse4_2 x2apic movbe popcnt tsc_deadline_timer aes xsave avx f16c rdrand lahf_lm abm 3dnowprefetch cpuid_fault epb cat_l3 cat_l2 cdp_l3 cdp_l2 ssbd mba ibrs ibpb stibp ibrs_enhanced tpr_shadow flexpriority ept vpid ept_ad fsgsbase tsc_adjust bmi1 avx2 smep bmi2 erms invpcid cqm rdt_a avx512f avx512dq rdseed adx smap avx512ifma clflushopt clwb intel_pt avx512cd sha_ni avx512bw avx512vl xsaveopt xsavec xgetbv1 xsaves cqm_llc cqm_occup_llc cqm_mbm_total cqm_mbm_local split_lock_detect user_shstk avx_vnni avx512_bf16 wbnoinvd dtherm ida arat pln pts vnmi avx512vbmi umip pku ospke waitpkg avx512_vbmi2 gfni vaes vpclmulqdq avx512_vnni avx512_bitalg avx512_vpopcntdq la57 rdpid bus_lock_detect cldemote movdiri movdir64b enqcmd fsrm md_clear serialize tsxldtrk pconfig arch_lbr ibt amx_bf16 avx512_fp16 amx_tile amx_int8 flush_l1d arch_capabilities
vmx flags	: vnmi preemption_timer posted_intr invvpid ept_x_only ept_ad ept_1gb ept_5level flexpriority apicv tsc_offset vtpr mtf vapic ept vpid unrestricted_guest vapic_reg vid ple shadow_vmcs pml ept_violation_ve ept_mode_based_exec tsc_scaling usr_wait_pause notify_vm_exiting ipi_virt
bugs		: spectre_v1 spectre_v2 spec_store_bypass swapgs eibrs_pbrsb bhi spectre_v2_user old_microcode vmscape
bogomips	: 4000.00
clflush size	: 64
cache_alignment	: 64
address sizes	: 46 bits physical, 57 bits virtual
power management:

processor	: 1
vendor_id	: GenuineIntel
cpu family	: 6
model		: 143
model name	: Intel(R) Xeon(R) Platinum 8480+
stepping	: 8
microcode	: 0x2b000639
cpu MHz		: 2609.631
cache size	: 107520 KB
physical id	: 1
siblings	: 56
core id		: 0
cpu cores	: 56
apicid		: 128
initial apicid	: 128
fpu		: yes
fpu_exception	: yes
cpuid level	: 32
wp		: yes
flags		: fpu vme de pse tsc msr pae mce cx8 apic sep mtrr pge mca cmov pat pse36 clflush dts acpi mmx fxsr sse sse2 ss ht tm pbe syscall nx pdpe1gb rdtscp lm constant_tsc art arch_perfmon pebs bts rep_good nopl xtopology nonstop_tsc cpuid aperfmperf tsc_known_freq pni pclmulqdq dtes64 monitor ds_cpl vmx smx est tm2 ssse3 sdbg fma cx16 xtpr pdcm pcid dca sse4_1 sse4_2 x2apic movbe popcnt tsc_deadline_timer aes xsave avx f16c rdrand lahf_lm abm 3dnowprefetch cpuid_fault epb cat_l3 cat_l2 cdp_l3 cdp_l2 ssbd mba ibrs ibpb stibp ibrs_enhanced tpr_shadow flexpriority ept vpid ept_ad fsgsbase tsc_adjust bmi1 avx2 smep bmi2 erms invpcid cqm rdt_a avx512f avx512dq rdseed adx smap avx512ifma clflushopt clwb intel_pt avx512cd sha_ni avx512bw avx512vl xsaveopt xsavec xgetbv1 xsaves cqm_llc cqm_occup_llc cqm_mbm_total cqm_mbm_local split_lock_detect user_shstk avx_vnni avx512_bf16 wbnoinvd dtherm ida arat pln pts vnmi avx512vbmi umip pku ospke waitpkg avx512_vbmi2 gfni vaes vpclmulqdq avx512_vnni avx512_bitalg avx512_vpopcntdq la57 rdpid bus_lock_detect cldemote movdiri movdir64b enqcmd fsrm md_clear serialize tsxldtrk pconfig arch_lbr ibt amx_bf16 avx512_fp16 amx_tile amx_int8 flush_l1d arch_capabilities
vmx flags	: vnmi preemption_timer posted_intr invvpid ept_x_only ept_ad ept_1gb ept_5level flexpriority apicv tsc_offset vtpr mtf vapic ept vpid unrestricted_guest vapic_reg vid ple shadow_vmcs pml ept_violation_ve ept_mode_based_exec tsc_scaling usr_wait_pause notify_vm_exiting ipi_virt
bugs		: spectre_v1 spectre_v2 spec_store_bypass swapgs eibrs_pbrsb bhi spectre_v2_user old_microcode vmscape
bogomips	: 4000.00
clflush size	: 64
cache_alignment	: 64
address sizes	: 46 bits physical, 57 bits virtual
power management:

processor	: 2
vendor_id	: GenuineIntel
cpu family	: 6
model		: 143
model name	: Intel(R) Xeon(R) Platinum 8480+
stepping	: 8
microcode	: 0x2b000639
cpu MHz		: 3800.000
cache size	: 107520 KB
physical id	: 0
siblings	: 56
core id		: 31
cpu cores	: 56
apicid		: 62
initial apicid	: 62
fpu		: yes
fpu_exception	: yes
cpuid level	: 32
wp		: yes
flags		: fpu vme de pse tsc msr pae mce cx8 apic sep mtrr pge mca cmov pat pse36 clflush dts acpi mmx fxsr sse sse2 ss ht tm pbe syscall nx pdpe1gb rdtscp lm constant_tsc art arch_perfmon pebs bts rep_good nopl xtopology nonstop_tsc cpuid aperfmperf tsc_known_freq pni pclmulqdq dtes64 monitor ds_cpl vmx smx est tm2 ssse3 sdbg fma cx16 xtpr pdcm pcid dca sse4_1 sse4_2 x2apic movbe popcnt tsc_deadline_timer aes xsave avx f16c rdrand lahf_lm abm 3dnowprefetch cpuid_fault epb cat_l3 cat_l2 cdp_l3 cdp_l2 ssbd mba ibrs ibpb stibp ibrs_enhanced tpr_shadow flexpriority ept vpid ept_ad fsgsbase tsc_adjust bmi1 avx2 smep bmi2 erms invpcid cqm rdt_a avx512f avx512dq rdseed adx smap avx512ifma clflushopt clwb intel_pt avx512cd sha_ni avx512bw avx512vl xsaveopt xsavec xgetbv1 xsaves cqm_llc cqm_occup_llc cqm_mbm_total cqm_mbm_local split_lock_detect user_shstk avx_vnni avx512_bf16 wbnoinvd dtherm ida arat pln pts vnmi avx512vbmi umip pku ospke waitpkg avx512_vbmi2 gfni vaes vpclmulqdq avx512_vnni avx512_bitalg avx512_vpopcntdq la57 rdpid bus_lock_detect cldemote movdiri movdir64b enqcmd fsrm md_clear serialize tsxldtrk pconfig arch_lbr ibt amx_bf16 avx512_fp16 amx_tile amx_int8 flush_l1d arch_capabilities
vmx flags	: vnmi preemption_timer posted_intr invvpid ept_x_only ept_ad ept_1gb ept_5level flexpriority apicv tsc_offset vtpr mtf vapic ept vpid unrestricted_guest vapic_reg vid ple shadow_vmcs pml ept_violation_ve ept_mode_based_exec tsc_scaling usr_wait_pause notify_vm_exiting ipi_virt
bugs		: spectre_v1 spectre_v2 spec_store_bypass swapgs eibrs_pbrsb bhi spectre_v2_user old_microcode vmscape
bogomips	: 4000.00
clflush size	: 64
cache_alignment	: 64
address sizes	: 46 bits physical, 57 bits virtual
power management:

processor	: 3
vendor_id	: GenuineIntel
cpu family	: 6
model		: 143
model name	: Intel(R) Xeon(R) Platinum 8480+
stepping	: 8
microcode	: 0x2b000639
cpu MHz		: 2706.179
cache size	: 107520 KB
physical id	: 1
siblings	: 56
core id		: 31
cpu cores	: 56
apicid		: 190
initial apicid	: 190
fpu		: yes
fpu_exception	: yes
cpuid level	: 32
wp		: yes
flags		: fpu vme de pse tsc msr pae mce cx8 apic sep mtrr pge mca cmov pat pse36 clflush dts acpi mmx fxsr sse sse2 ss ht tm pbe syscall nx pdpe1gb rdtscp lm constant_tsc art arch_perfmon pebs bts rep_good nopl xtopology nonstop_tsc cpuid aperfmperf tsc_known_freq pni pclmulqdq dtes64 monitor ds_cpl vmx smx est tm2 ssse3 sdbg fma cx16 xtpr pdcm pcid dca sse4_1 sse4_2 x2apic movbe popcnt tsc_deadline_timer aes xsave avx f16c rdrand lahf_lm abm 3dnowprefetch cpuid_fault epb cat_l3 cat_l2 cdp_l3 cdp_l2 ssbd mba ibrs ibpb stibp ibrs_enhanced tpr_shadow flexpriority ept vpid ept_ad fsgsbase tsc_adjust bmi1 avx2 smep bmi2 erms invpcid cqm rdt_a avx512f avx512dq rdseed adx smap avx512ifma clflushopt clwb intel_pt avx512cd sha_ni avx512bw avx512vl xsaveopt xsavec xgetbv1 xsaves cqm_llc cqm_occup_llc cqm_mbm_total cqm_mbm_local split_lock_detect user_shstk avx_vnni avx512_bf16 wbnoinvd dtherm ida arat pln pts vnmi avx512vbmi umip pku ospke waitpkg avx512_vbmi2 gfni vaes vpclmulqdq avx512_vnni avx512_bitalg avx512_vpopcntdq la57 rdpid bus_lock_detect cldemote movdiri movdir64b enqcmd fsrm md_clear serialize tsxldtrk pconfig arch_lbr ibt amx_bf16 avx512_fp16 amx_tile amx_int8 flush_l1d arch_capabilities
vmx flags	: vnmi preemption_timer posted_intr invvpid ept_x_only ept_ad ept_1gb ept_5level flexpriority apicv tsc_offset vtpr mtf vapic ept vpid unrestricted_guest vapic_reg vid ple shadow_vmcs pml ept_violation_ve ept_mode_based_exec tsc_scaling usr_wait_pause notify_vm_exiting ipi_virt
bugs		: spectre_v1 spectre_v2 spec_store_bypass swapgs eibrs_pbrsb bhi spectre_v2_user old_microcode vmscape
bogomips	: 4000.00
clflush size	: 64
cache_alignment	: 64
address sizes	: 46 bits physical, 57 bits virtual
power management:

processor	: 4
vendor_id	: GenuineIntel
cpu family	: 6
model		: 143
model name	: Intel(R) Xeon(R) Platinum 8480+
stepping	: 8
microcode	: 0x2b000639
cpu MHz		: 3800.000
cache size	: 107520 KB
physical id	: 0
siblings	: 56
core id		: 24
cpu cores	: 56
apicid		: 48
initial apicid	: 48
fpu		: yes
fpu_exception	: yes
cpuid level	: 32
wp		: yes
flags		: fpu vme de pse tsc msr pae mce cx8 apic sep mtrr pge mca cmov pat pse36 clflush dts acpi mmx fxsr sse sse2 ss ht tm pbe syscall nx pdpe1gb rdtscp lm constant_tsc art arch_perfmon pebs bts rep_good nopl xtopology nonstop_tsc cpuid aperfmperf tsc_known_freq pni pclmulqdq dtes64 monitor ds_cpl vmx smx est tm2 ssse3 sdbg fma cx16 xtpr pdcm pcid dca sse4_1 sse4_2 x2apic movbe popcnt tsc_deadline_timer aes xsave avx f16c rdrand lahf_lm abm 3dnowprefetch cpuid_fault epb cat_l3 cat_l2 cdp_l3 cdp_l2 ssbd mba ibrs ibpb stibp ibrs_enhanced tpr_shadow flexpriority ept vpid ept_ad fsgsbase tsc_adjust bmi1 avx2 smep bmi2 erms invpcid cqm rdt_a avx512f avx512dq rdseed adx smap avx512ifma clflushopt clwb intel_pt avx512cd sha_ni avx512bw avx512vl xsaveopt xsavec xgetbv1 xsaves cqm_llc cqm_occup_llc cqm_mbm_total cqm_mbm_local split_lock_detect user_shstk avx_vnni avx512_bf16 wbnoinvd dtherm ida arat pln pts vnmi avx512vbmi umip pku ospke waitpkg avx512_vbmi2 gfni vaes vpclmulqdq avx512_vnni avx512_bitalg avx512_vpopcntdq la57 rdpid bus_lock_detect cldemote movdiri movdir64b enqcmd fsrm md_clear serialize tsxldtrk pconfig arch_lbr ibt amx_bf16 avx512_fp16 amx_tile amx_int8 flush_l1d arch_capabilities
vmx flags	: vnmi preemption_timer posted_intr invvpid ept_x_only ept_ad ept_1gb ept_5level flexpriority apicv tsc_offset vtpr mtf vapic ept vpid unrestricted_guest vapic_reg vid ple shadow_vmcs pml ept_violation_ve ept_mode_based_exec tsc_scaling usr_wait_pause notify_vm_exiting ipi_virt
bugs		: spectre_v1 spectre_v2 spec_store_bypass swapgs eibrs_pbrsb bhi spectre_v2_user old_microcode vmscape
bogomips	: 4000.00
clflush size	: 64
cache_alignment	: 64
address sizes	: 46 bits physical, 57 bits virtual
power management:

processor	: 5
vendor_id	: GenuineIntel
cpu family	: 6
model		: 143
model name	: Intel(R) Xeon(R) Platinum 8480+
stepping	: 8
microcode	: 0x2b000639
cpu MHz		: 2924.821
cache size	: 107520 KB
physical id	: 1
siblings	: 56
core id		: 24
cpu cores	: 56
apicid		: 176
initial apicid	: 176
fpu		: yes
fpu_exception	: yes
cpuid level	: 32
wp		: yes
flags		: fpu vme de pse tsc msr pae mce cx8 apic sep mtrr pge mca cmov pat pse36 clflush dts acpi mmx fxsr sse sse2 ss ht tm pbe syscall nx pdpe1gb rdtscp lm constant_tsc art arch_perfmon pebs bts rep_good nopl xtopology nonstop_tsc cpuid aperfmperf tsc_known_freq pni pclmulqdq dtes64 monitor ds_cpl vmx smx est tm2 ssse3 sdbg fma cx16 xtpr pdcm pcid dca sse4_1 sse4_2 x2apic movbe popcnt tsc_deadline_timer aes xsave avx f16c rdrand lahf_lm abm 3dnowprefetch cpuid_fault epb cat_l3 cat_l2 cdp_l3 cdp_l2 ssbd mba ibrs ibpb stibp ibrs_enhanced tpr_shadow flexpriority ept vpid ept_ad fsgsbase tsc_adjust bmi1 avx2 smep bmi2 erms invpcid cqm rdt_a avx512f avx512dq rdseed adx smap avx512ifma clflushopt clwb intel_pt avx512cd sha_ni avx512bw avx512vl xsaveopt xsavec xgetbv1 xsaves cqm_llc cqm_occup_llc cqm_mbm_total cqm_mbm_local split_lock_detect user_shstk avx_vnni avx512_bf16 wbnoinvd dtherm ida arat pln pts vnmi avx512vbmi umip pku ospke waitpkg avx512_vbmi2 gfni vaes vpclmulqdq avx512_vnni avx512_bitalg avx512_vpopcntdq la57 rdpid bus_lock_detect cldemote movdiri movdir64b enqcmd fsrm md_clear serialize tsxldtrk pconfig arch_lbr ibt amx_bf16 avx512_fp16 amx_tile amx_int8 flush_l1d arch_capabilities
vmx flags	: vnmi preemption_timer posted_intr invvpid ept_x_only ept_ad ept_1gb ept_5level flexpriority apicv tsc_offset vtpr mtf vapic ept vpid unrestricted_guest vapic_reg vid ple shadow_vmcs pml ept_violation_ve ept_mode_based_exec tsc_scaling usr_wait_pause notify_vm_exiting ipi_virt
bugs		: spectre_v1 spectre_v2 spec_store_bypass swapgs eibrs_pbrsb bhi spectre_v2_user old_microcode vmscape
bogomips	: 4000.00
clflush size	: 64
cache_alignment	: 64
address sizes	: 46 bits physical, 57 bits virtual
power management:

processor	: 6
vendor_id	: GenuineIntel
cpu family	: 6
model		: 143
model name	: Intel(R) Xeon(R) Platinum 8480+
stepping	: 8
microcode	: 0x2b000639
cpu MHz		: 3800.000
cache size	: 107520 KB
physical id	: 0
siblings	: 56
core id		: 55
cpu cores	: 56
apicid		: 110
initial apicid	: 110
fpu		: yes
fpu_exception	: yes
cpuid level	: 32
wp		: yes
flags		: fpu vme de pse tsc msr pae mce cx8 apic sep mtrr pge mca cmov pat pse36 clflush dts acpi mmx fxsr sse sse2 ss ht tm pbe syscall nx pdpe1gb rdtscp lm constant_tsc art arch_perfmon pebs bts rep_good nopl xtopology nonstop_tsc cpuid aperfmperf tsc_known_freq pni pclmulqdq dtes64 monitor ds_cpl vmx smx est tm2 ssse3 sdbg fma cx16 xtpr pdcm pcid dca sse4_1 sse4_2 x2apic movbe popcnt tsc_deadline_timer aes xsave avx f16c rdrand lahf_lm abm 3dnowprefetch cpuid_fault epb cat_l3 cat_l2 cdp_l3 cdp_l2 ssbd mba ibrs ibpb stibp ibrs_enhanced tpr_shadow flexpriority ept vpid ept_ad fsgsbase tsc_adjust bmi1 avx2 smep bmi2 erms invpcid cqm rdt_a avx512f avx512dq rdseed adx smap avx512ifma clflushopt clwb intel_pt avx512cd sha_ni avx512bw avx512vl xsaveopt xsavec xgetbv1 xsaves cqm_llc cqm_occup_llc cqm_mbm_total cqm_mbm_local split_lock_detect user_shstk avx_vnni avx512_bf16 wbnoinvd dtherm ida arat pln pts vnmi avx512vbmi umip pku ospke waitpkg avx512_vbmi2 gfni vaes vpclmulqdq avx512_vnni avx512_bitalg avx512_vpopcntdq la57 rdpid bus_lock_detect cldemote movdiri movdir64b enqcmd fsrm md_clear serialize tsxldtrk pconfig arch_lbr ibt amx_bf16 avx512_fp16 amx_tile amx_int8 flush_l1d arch_capabilities
vmx flags	: vnmi preemption_timer posted_intr invvpid ept_x_only ept_ad ept_1gb ept_5level flexpriority apicv tsc_offset vtpr mtf vapic ept vpid unrestricted_guest vapic_reg vid ple shadow_vmcs pml ept_violation_ve ept_mode_based_exec tsc_scaling usr_wait_pause notify_vm_exiting ipi_virt
bugs		: spectre_v1 spectre_v2 spec_store_bypass swapgs eibrs_pbrsb bhi spectre_v2_user old_microcode vmscape
bogomips	: 4000.00
clflush size	: 64
cache_alignment	: 64
address sizes	: 46 bits physical, 57 bits virtual
power management:

processor	: 7
vendor_id	: GenuineIntel
cpu family	: 6
model		: 143
model name	: Intel(R) Xeon(R) Platinum 8480+
stepping	: 8
microcode	: 0x2b000639
cpu MHz		: 2945.079
cache size	: 107520 KB
physical id	: 1
siblings	: 56
core id		: 55
cpu cores	: 56
apicid		: 238
initial apicid	: 238
fpu		: yes
fpu_exception	: yes
cpuid level	: 32
wp		: yes
flags		: fpu vme de pse tsc msr pae mce cx8 apic sep mtrr pge mca cmov pat pse36 clflush dts acpi mmx fxsr sse sse2 ss ht tm pbe syscall nx pdpe1gb rdtscp lm constant_tsc art arch_perfmon pebs bts rep_good nopl xtopology nonstop_tsc cpuid aperfmperf tsc_known_freq pni pclmulqdq dtes64 monitor ds_cpl vmx smx est tm2 ssse3 sdbg fma cx16 xtpr pdcm pcid dca sse4_1 sse4_2 x2apic movbe popcnt tsc_deadline_timer aes xsave avx f16c rdrand lahf_lm abm 3dnowprefetch cpuid_fault epb cat_l3 cat_l2 cdp_l3 cdp_l2 ssbd mba ibrs ibpb stibp ibrs_enhanced tpr_shadow flexpriority ept vpid ept_ad fsgsbase tsc_adjust bmi1 avx2 smep bmi2 erms invpcid cqm rdt_a avx512f avx512dq rdseed adx smap avx512ifma clflushopt clwb intel_pt avx512cd sha_ni avx512bw avx512vl xsaveopt xsavec xgetbv1 xsaves cqm_llc cqm_occup_llc cqm_mbm_total cqm_mbm_local split_lock_detect user_shstk avx_vnni avx512_bf16 wbnoinvd dtherm ida arat pln pts vnmi avx512vbmi umip pku ospke waitpkg avx512_vbmi2 gfni vaes vpclmulqdq avx512_vnni avx512_bitalg avx512_vpopcntdq la57 rdpid bus_lock_detect cldemote movdiri movdir64b enqcmd fsrm md_clear serialize tsxldtrk pconfig arch_lbr ibt amx_bf16 avx512_fp16 amx_tile amx_int8 flush_l1d arch_capabilities
vmx flags	: vnmi preemption_timer posted_intr invvpid ept_x_only ept_ad ept_1gb ept_5level flexpriority apicv tsc_offset vtpr mtf vapic ept vpid unrestricted_guest vapic_reg vid ple shadow_vmcs pml ept_violation_ve ept_mode_based_exec tsc_scaling usr_wait_pause notify_vm_exiting ipi_virt
bugs		: spectre_v1 spectre_v2 spec_store_bypass swapgs eibrs_pbrsb bhi spectre_v2_user old_microcode vmscape
bogomips	: 4000.00
clflush size	: 64
cache_alignment	: 64
address sizes	: 46 bits physical, 57 bits virtual
power management:

processor	: 8
vendor_id	: GenuineIntel
cpu family	: 6
model		: 143
model name	: Intel(R) Xeon(R) Platinum 8480+
stepping	: 8
microcode	: 0x2b000639
cpu MHz		: 3800.000
cache size	: 107520 KB
physical id	: 0
siblings	: 56
core id		: 4
cpu cores	: 56
apicid		: 8
initial apicid	: 8
fpu		: yes
fpu_exception	: yes
cpuid level	: 32
wp		: yes
flags		: fpu vme de pse tsc msr pae mce cx8 apic sep mtrr pge mca cmov pat pse36 clflush dts acpi mmx fxsr sse sse2 ss ht tm pbe syscall nx pdpe1gb rdtscp lm constant_tsc art arch_perfmon pebs bts rep_good nopl xtopology nonstop_tsc cpuid aperfmperf tsc_known_freq pni pclmulqdq dtes64 monitor ds_cpl vmx smx est tm2 ssse3 sdbg fma cx16 xtpr pdcm pcid dca sse4_1 sse4_2 x2apic movbe popcnt tsc_deadline_timer aes xsave avx f16c rdrand lahf_lm abm 3dnowprefetch cpuid_fault epb cat_l3 cat_l2 cdp_l3 cdp_l2 ssbd mba ibrs ibpb stibp ibrs_enhanced tpr_shadow flexpriority ept vpid ept_ad fsgsbase tsc_adjust bmi1 avx2 smep bmi2 erms invpcid cqm rdt_a avx512f avx512dq rdseed adx smap avx512ifma clflushopt clwb intel_pt avx512cd sha_ni avx512bw avx512vl xsaveopt xsavec xgetbv1 xsaves cqm_llc cqm_occup_llc cqm_mbm_total cqm_mbm_local split_lock_detect user_shstk avx_vnni avx512_bf16 wbnoinvd dtherm ida arat pln pts vnmi avx512vbmi umip pku ospke waitpkg avx512_vbmi2 gfni vaes vpclmulqdq avx512_vnni avx512_bitalg avx512_vpopcntdq la57 rdpid bus_lock_detect cldemote movdiri movdir64b enqcmd fsrm md_clear serialize tsxldtrk pconfig arch_lbr ibt amx_bf16 avx512_fp16 amx_tile amx_int8 flush_l1d arch_capabilities
vmx flags	: vnmi preemption_timer posted_intr invvpid ept_x_only ept_ad ept_1gb ept_5level flexpriority apicv tsc_offset vtpr mtf vapic ept vpid unrestricted_guest vapic_reg vid ple shadow_vmcs pml ept_violation_ve ept_mode_based_exec tsc_scaling usr_wait_pause notify_vm_exiting ipi_virt
bugs		: spectre_v1 spectre_v2 spec_store_bypass swapgs eibrs_pbrsb bhi spectre_v2_user old_microcode vmscape
bogomips	: 4000.00
clflush size	: 64
cache_alignment	: 64
address sizes	: 46 bits physical, 57 bits virtual
power management:

processor	: 9
vendor_id	: GenuineIntel
cpu family	: 6
model		: 143
model name	: Intel(R) Xeon(R) Platinum 8480+
stepping	: 8
microcode	: 0x2b000639
cpu MHz		: 2978.988
cache size	: 107520 KB
physical id	: 1
siblings	: 56
core id		: 4
cpu cores	: 56
apicid		: 136
initial apicid	: 136
fpu		: yes
fpu_exception	: yes
cpuid level	: 32
wp		: yes
flags		: fpu vme de pse tsc msr pae mce cx8 apic sep mtrr pge mca cmov pat pse36 clflush dts acpi mmx fxsr sse sse2 ss ht tm pbe syscall nx pdpe1gb rdtscp lm constant_tsc art arch_perfmon pebs bts rep_good nopl xtopology nonstop_tsc cpuid aperfmperf tsc_known_freq pni pclmulqdq dtes64 monitor ds_cpl vmx smx est tm2 ssse3 sdbg fma cx16 xtpr pdcm pcid dca sse4_1 sse4_2 x2apic movbe popcnt tsc_deadline_timer aes xsave avx f16c rdrand lahf_lm abm 3dnowprefetch cpuid_fault epb cat_l3 cat_l2 cdp_l3 cdp_l2 ssbd mba ibrs ibpb stibp ibrs_enhanced tpr_shadow flexpriority ept vpid ept_ad fsgsbase tsc_adjust bmi1 avx2 smep bmi2 erms invpcid cqm rdt_a avx512f avx512dq rdseed adx smap avx512ifma clflushopt clwb intel_pt avx512cd sha_ni avx512bw avx512vl xsaveopt xsavec xgetbv1 xsaves cqm_llc cqm_occup_llc cqm_mbm_total cqm_mbm_local split_lock_detect user_shstk avx_vnni avx512_bf16 wbnoinvd dtherm ida arat pln pts vnmi avx512vbmi umip pku ospke waitpkg avx512_vbmi2 gfni vaes vpclmulqdq avx512_vnni avx512_bitalg avx512_vpopcntdq la57 rdpid bus_lock_detect cldemote movdiri movdir64b enqcmd fsrm md_clear serialize tsxldtrk pconfig arch_lbr ibt amx_bf16 avx512_fp16 amx_tile amx_int8 flush_l1d arch_capabilities
vmx flags	: vnmi preemption_timer posted_intr invvpid ept_x_only ept_ad ept_1gb ept_5level flexpriority apicv tsc_offset vtpr mtf vapic ept vpid unrestricted_guest vapic_reg vid ple shadow_vmcs pml ept_violation_ve ept_mode_based_exec tsc_scaling usr_wait_pause notify_vm_exiting ipi_virt
bugs		: spectre_v1 spectre_v2 spec_store_bypass swapgs eibrs_pbrsb bhi spectre_v2_user old_microcode vmscape
bogomips	: 4000.00
clflush size	: 64
cache_alignment	: 64
address sizes	: 46 bits physical, 57 bits virtual
power management:

processor	: 10
vendor_id	: GenuineIntel
cpu family	: 6
model		: 143
model name	: Intel(R) Xeon(R) Platinum 8480+
stepping	: 8
microcode	: 0x2b000639
cpu MHz		: 3800.000
cache size	: 107520 KB
physical id	: 0
siblings	: 56
core id		: 34
cpu cores	: 56
apicid		: 68
initial apicid	: 68
fpu		: yes
fpu_exception	: yes
cpuid level	: 32
wp		: yes
flags		: fpu vme de pse tsc msr pae mce cx8 apic sep mtrr pge mca cmov pat pse36 clflush dts acpi mmx fxsr sse sse2 ss ht tm pbe syscall nx pdpe1gb rdtscp lm constant_tsc art arch_perfmon pebs bts rep_good nopl xtopology nonstop_tsc cpuid aperfmperf tsc_known_freq pni pclmulqdq dtes64 monitor ds_cpl vmx smx est tm2 ssse3 sdbg fma cx16 xtpr pdcm pcid dca sse4_1 sse4_2 x2apic movbe popcnt tsc_deadline_timer aes xsave avx f16c rdrand lahf_lm abm 3dnowprefetch cpuid_fault epb cat_l3 cat_l2 cdp_l3 cdp_l2 ssbd mba ibrs ibpb stibp ibrs_enhanced tpr_shadow flexpriority ept vpid ept_ad fsgsbase tsc_adjust bmi1 avx2 smep bmi2 erms invpcid cqm rdt_a avx512f avx512dq rdseed adx smap avx512ifma clflushopt clwb intel_pt avx512cd sha_ni avx512bw avx512vl xsaveopt xsavec xgetbv1 xsaves cqm_llc cqm_occup_llc cqm_mbm_total cqm_mbm_local split_lock_detect user_shstk avx_vnni avx512_bf16 wbnoinvd dtherm ida arat pln pts vnmi avx512vbmi umip pku ospke waitpkg avx512_vbmi2 gfni vaes vpclmulqdq avx512_vnni avx512_bitalg avx512_vpopcntdq la57 rdpid bus_lock_detect cldemote movdiri movdir64b enqcmd fsrm md_clear serialize tsxldtrk pconfig arch_lbr ibt amx_bf16 avx512_fp16 amx_tile amx_int8 flush_l1d arch_capabilities
vmx flags	: vnmi preemption_timer posted_intr invvpid ept_x_only ept_ad ept_1gb ept_5level flexpriority apicv tsc_offset vtpr mtf vapic ept vpid unrestricted_guest vapic_reg vid ple shadow_vmcs pml ept_violation_ve ept_mode_based_exec tsc_scaling usr_wait_pause notify_vm_exiting ipi_virt
bugs		: spectre_v1 spectre_v2 spec_store_bypass swapgs eibrs_pbrsb bhi spectre_v2_user old_microcode vmscape
bogomips	: 4000.00
clflush size	: 64
cache_alignment	: 64
address sizes	: 46 bits physical, 57 bits virtual
power management:

processor	: 11
vendor_id	: GenuineIntel
cpu family	: 6
model		: 143
model name	: Intel(R) Xeon(R) Platinum 8480+
stepping	: 8
microcode	: 0x2b000639
cpu MHz		: 2697.747
cache size	: 107520 KB
physical id	: 1
siblings	: 56
core id		: 34
cpu cores	: 56
apicid		: 196
initial apicid	: 196
fpu		: yes
fpu_exception	: yes
cpuid level	: 32
wp		: yes
flags		: fpu vme de pse tsc msr pae mce cx8 apic sep mtrr pge mca cmov pat pse36 clflush dts acpi mmx fxsr sse sse2 ss ht tm pbe syscall nx pdpe1gb rdtscp lm constant_tsc art arch_perfmon pebs bts rep_good nopl xtopology nonstop_tsc cpuid aperfmperf tsc_known_freq pni pclmulqdq dtes64 monitor ds_cpl vmx smx est tm2 ssse3 sdbg fma cx16 xtpr pdcm pcid dca sse4_1 sse4_2 x2apic movbe popcnt tsc_deadline_timer aes xsave avx f16c rdrand lahf_lm abm 3dnowprefetch cpuid_fault epb cat_l3 cat_l2 cdp_l3 cdp_l2 ssbd mba ibrs ibpb stibp ibrs_enhanced tpr_shadow flexpriority ept vpid ept_ad fsgsbase tsc_adjust bmi1 avx2 smep bmi2 erms invpcid cqm rdt_a avx512f avx512dq rdseed adx smap avx512ifma clflushopt clwb intel_pt avx512cd sha_ni avx512bw avx512vl xsaveopt xsavec xgetbv1 xsaves cqm_llc cqm_occup_llc cqm_mbm_total cqm_mbm_local split_lock_detect user_shstk avx_vnni avx512_bf16 wbnoinvd dtherm ida arat pln pts vnmi avx512vbmi umip pku ospke waitpkg avx512_vbmi2 gfni vaes vpclmulqdq avx512_vnni avx512_bitalg avx512_vpopcntdq la57 rdpid bus_lock_detect cldemote movdiri movdir64b enqcmd fsrm md_clear serialize tsxldtrk pconfig arch_lbr ibt amx_bf16 avx512_fp16 amx_tile amx_int8 flush_l1d arch_capabilities
vmx flags	: vnmi preemption_timer posted_intr invvpid ept_x_only ept_ad ept_1gb ept_5level flexpriority apicv tsc_offset vtpr mtf vapic ept vpid unrestricted_guest vapic_reg vid ple shadow_vmcs pml ept_violation_ve ept_mode_based_exec tsc_scaling usr_wait_pause notify_vm_exiting ipi_virt
bugs		: spectre_v1 spectre_v2 spec_store_bypass swapgs eibrs_pbrsb bhi spectre_v2_user old_microcode vmscape
bogomips	: 4000.00
clflush size	: 64
cache_alignment	: 64
address sizes	: 46 bits physical, 57 bits virtual
power management:

processor	: 12
vendor_id	: GenuineIntel
cpu family	: 6
model		: 143
model name	: Intel(R) Xeon(R) Platinum 8480+
stepping	: 8
microcode	: 0x2b000639
cpu MHz		: 3800.000
cache size	: 107520 KB
physical id	: 0
siblings	: 56
core id		: 21
cpu cores	: 56
apicid		: 42
initial apicid	: 42
fpu		: yes
fpu_exception	: yes
cpuid level	: 32
wp		: yes
flags		: fpu vme de pse tsc msr pae mce cx8 apic sep mtrr pge mca cmov pat pse36 clflush dts acpi mmx fxsr sse sse2 ss ht tm pbe syscall nx pdpe1gb rdtscp lm constant_tsc art arch_perfmon pebs bts rep_good nopl xtopology nonstop_tsc cpuid aperfmperf tsc_known_freq pni pclmulqdq dtes64 monitor ds_cpl vmx smx est tm2 ssse3 sdbg fma cx16 xtpr pdcm pcid dca sse4_1 sse4_2 x2apic movbe popcnt tsc_deadline_timer aes xsave avx f16c rdrand lahf_lm abm 3dnowprefetch cpuid_fault epb cat_l3 cat_l2 cdp_l3 cdp_l2 ssbd mba ibrs ibpb stibp ibrs_enhanced tpr_shadow flexpriority ept vpid ept_ad fsgsbase tsc_adjust bmi1 avx2 smep bmi2 erms invpcid cqm rdt_a avx512f avx512dq rdseed adx smap avx512ifma clflushopt clwb intel_pt avx512cd sha_ni avx512bw avx512vl xsaveopt xsavec xgetbv1 xsaves cqm_llc cqm_occup_llc cqm_mbm_total cqm_mbm_local split_lock_detect user_shstk avx_vnni avx512_bf16 wbnoinvd dtherm ida arat pln pts vnmi avx512vbmi umip pku ospke waitpkg avx512_vbmi2 gfni vaes vpclmulqdq avx512_vnni avx512_bitalg avx512_vpopcntdq la57 rdpid bus_lock_detect cldemote movdiri movdir64b enqcmd fsrm md_clear serialize tsxldtrk pconfig arch_lbr ibt amx_bf16 avx512_fp16 amx_tile amx_int8 flush_l1d arch_capabilities
vmx flags	: vnmi preemption_timer posted_intr invvpid ept_x_only ept_ad ept_1gb ept_5level flexpriority apicv tsc_offset vtpr mtf vapic ept vpid unrestricted_guest vapic_reg vid ple shadow_vmcs pml ept_violation_ve ept_mode_based_exec tsc_scaling usr_wait_pause notify_vm_exiting ipi_virt
bugs		: spectre_v1 spectre_v2 spec_store_bypass swapgs eibrs_pbrsb bhi spectre_v2_user old_microcode vmscape
bogomips	: 4000.00
clflush size	: 64
cache_alignment	: 64
address sizes	: 46 bits physical, 57 bits virtual
power management:

processor	: 13
vendor_id	: GenuineIntel
cpu family	: 6
model		: 143
model name	: Intel(R) Xeon(R) Platinum 8480+
stepping	: 8
microcode	: 0x2b000639
cpu MHz		: 2671.693
cache size	: 107520 KB
physical id	: 1
siblings	: 56
core id		: 21
cpu cores	: 56
apicid		: 170
initial apicid	: 170
fpu		: yes
fpu_exception	: yes
cpuid level	: 32
wp		: yes
flags		: fpu vme de pse tsc msr pae mce cx8 apic sep mtrr pge mca cmov pat pse36 clflush dts acpi mmx fxsr sse sse2 ss ht tm pbe syscall nx pdpe1gb rdtscp lm constant_tsc art arch_perfmon pebs bts rep_good nopl xtopology nonstop_tsc cpuid aperfmperf tsc_known_freq pni pclmulqdq dtes64 monitor ds_cpl vmx smx est tm2 ssse3 sdbg fma cx16 xtpr pdcm pcid dca sse4_1 sse4_2 x2apic movbe popcnt tsc_deadline_timer aes xsave avx f16c rdrand lahf_lm abm 3dnowprefetch cpuid_fault epb cat_l3 cat_l2 cdp_l3 cdp_l2 ssbd mba ibrs ibpb stibp ibrs_enhanced tpr_shadow flexpriority ept vpid ept_ad fsgsbase tsc_adjust bmi1 avx2 smep bmi2 erms invpcid cqm rdt_a avx512f avx512dq rdseed adx smap avx512ifma clflushopt clwb intel_pt avx512cd sha_ni avx512bw avx512vl xsaveopt xsavec xgetbv1 xsaves cqm_llc cqm_occup_llc cqm_mbm_total cqm_mbm_local split_lock_detect user_shstk avx_vnni avx512_bf16 wbnoinvd dtherm ida arat pln pts vnmi avx512vbmi umip pku ospke waitpkg avx512_vbmi2 gfni vaes vpclmulqdq avx512_vnni avx512_bitalg avx512_vpopcntdq la57 rdpid bus_lock_detect cldemote movdiri movdir64b enqcmd fsrm md_clear serialize tsxldtrk pconfig arch_lbr ibt amx_bf16 avx512_fp16 amx_tile amx_int8 flush_l1d arch_capabilities
vmx flags	: vnmi preemption_timer posted_intr invvpid ept_x_only ept_ad ept_1gb ept_5level flexpriority apicv tsc_offset vtpr mtf vapic ept vpid unrestricted_guest vapic_reg vid ple shadow_vmcs pml ept_violation_ve ept_mode_based_exec tsc_scaling usr_wait_pause notify_vm_exiting ipi_virt
bugs		: spectre_v1 spectre_v2 spec_store_bypass swapgs eibrs_pbrsb bhi spectre_v2_user old_microcode vmscape
bogomips	: 4000.00
clflush size	: 64
cache_alignment	: 64
address sizes	: 46 bits physical, 57 bits virtual
power management:

processor	: 14
vendor_id	: GenuineIntel
cpu family	: 6
model		: 143
model name	: Intel(R) Xeon(R) Platinum 8480+
stepping	: 8
microcode	: 0x2b000639
cpu MHz		: 2771.856
cache size	: 107520 KB
physical id	: 0
siblings	: 56
core id		: 51
cpu cores	: 56
apicid		: 102
initial apicid	: 102
fpu		: yes
fpu_exception	: yes
cpuid level	: 32
wp		: yes
flags		: fpu vme de pse tsc msr pae mce cx8 apic sep mtrr pge mca cmov pat pse36 clflush dts acpi mmx fxsr sse sse2 ss ht tm pbe syscall nx pdpe1gb rdtscp lm constant_tsc art arch_perfmon pebs bts rep_good nopl xtopology nonstop_tsc cpuid aperfmperf tsc_known_freq pni pclmulqdq dtes64 monitor ds_cpl vmx smx est tm2 ssse3 sdbg fma cx16 xtpr pdcm pcid dca sse4_1 sse4_2 x2apic movbe popcnt tsc_deadline_timer aes xsave avx f16c rdrand lahf_lm abm 3dnowprefetch cpuid_fault epb cat_l3 cat_l2 cdp_l3 cdp_l2 ssbd mba ibrs ibpb stibp ibrs_enhanced tpr_shadow flexpriority ept vpid ept_ad fsgsbase tsc_adjust bmi1 avx2 smep bmi2 erms invpcid cqm rdt_a avx512f avx512dq rdseed adx smap avx512ifma clflushopt clwb intel_pt avx512cd sha_ni avx512bw avx512vl xsaveopt xsavec xgetbv1 xsaves cqm_llc cqm_occup_llc cqm_mbm_total cqm_mbm_local split_lock_detect user_shstk avx_vnni avx512_bf16 wbnoinvd dtherm ida arat pln pts vnmi avx512vbmi umip pku ospke waitpkg avx512_vbmi2 gfni vaes vpclmulqdq avx512_vnni avx512_bitalg avx512_vpopcntdq la57 rdpid bus_lock_detect cldemote movdiri movdir64b enqcmd fsrm md_clear serialize tsxldtrk pconfig arch_lbr ibt amx_bf16 avx512_fp16 amx_tile amx_int8 flush_l1d arch_capabilities
vmx flags	: vnmi preemption_timer posted_intr invvpid ept_x_only ept_ad ept_1gb ept_5level flexpriority apicv tsc_offset vtpr mtf vapic ept vpid unrestricted_guest vapic_reg vid ple shadow_vmcs pml ept_violation_ve ept_mode_based_exec tsc_scaling usr_wait_pause notify_vm_exiting ipi_virt
bugs		: spectre_v1 spectre_v2 spec_store_bypass swapgs eibrs_pbrsb bhi spectre_v2_user old_microcode vmscape
bogomips	: 4000.00
clflush size	: 64
cache_alignment	: 64
address sizes	: 46 bits physical, 57 bits virtual
power management:

processor	: 15
vendor_id	: GenuineIntel
cpu family	: 6
model		: 143
model name	: Intel(R) Xeon(R) Platinum 8480+
stepping	: 8
microcode	: 0x2b000639
cpu MHz		: 2702.459
cache size	: 107520 KB
physical id	: 1
siblings	: 56
core id		: 51
cpu cores	: 56
apicid		: 230
initial apicid	: 230
fpu		: yes
fpu_exception	: yes
cpuid level	: 32
wp		: yes
flags		: fpu vme de pse tsc msr pae mce cx8 apic sep mtrr pge mca cmov pat pse36 clflush dts acpi mmx fxsr sse sse2 ss ht tm pbe syscall nx pdpe1gb rdtscp lm constant_tsc art arch_perfmon pebs bts rep_good nopl xtopology nonstop_tsc cpuid aperfmperf tsc_known_freq pni pclmulqdq dtes64 monitor ds_cpl vmx smx est tm2 ssse3 sdbg fma cx16 xtpr pdcm pcid dca sse4_1 sse4_2 x2apic movbe popcnt tsc_deadline_timer aes xsave avx f16c rdrand lahf_lm abm 3dnowprefetch cpuid_fault epb cat_l3 cat_l2 cdp_l3 cdp_l2 ssbd mba ibrs ibpb stibp ibrs_enhanced tpr_shadow flexpriority ept vpid ept_ad fsgsbase tsc_adjust bmi1 avx2 smep bmi2 erms invpcid cqm rdt_a avx512f avx512dq rdseed adx smap avx512ifma clflushopt clwb intel_pt avx512cd sha_ni avx512bw avx512vl xsaveopt xsavec xgetbv1 xsaves cqm_llc cqm_occup_llc cqm_mbm_total cqm_mbm_local split_lock_detect user_shstk avx_vnni avx512_bf16 wbnoinvd dtherm ida arat pln pts vnmi avx512vbmi umip pku ospke waitpkg avx512_vbmi2 gfni vaes vpclmulqdq avx512_vnni avx512_bitalg avx512_vpopcntdq la57 rdpid bus_lock_detect cldemote movdiri movdir64b enqcmd fsrm md_clear serialize tsxldtrk pconfig arch_lbr ibt amx_bf16 avx512_fp16 amx_tile amx_int8 flush_l1d arch_capabilities
vmx flags	: vnmi preemption_timer posted_intr invvpid ept_x_only ept_ad ept_1gb ept_5level flexpriority apicv tsc_offset vtpr mtf vapic ept vpid unrestricted_guest vapic_reg vid ple shadow_vmcs pml ept_violation_ve ept_mode_based_exec tsc_scaling usr_wait_pause notify_vm_exiting ipi_virt
bugs		: spectre_v1 spectre_v2 spec_store_bypass swapgs eibrs_pbrsb bhi spectre_v2_user old_microcode vmscape
bogomips	: 4000.00
clflush size	: 64
cache_alignment	: 64
address sizes	: 46 bits physical, 57 bits virtual
power management:

processor	: 16
vendor_id	: GenuineIntel
cpu family	: 6
model		: 143
model name	: Intel(R) Xeon(R) Platinum 8480+
stepping	: 8
microcode	: 0x2b000639
cpu MHz		: 3800.000
cache size	: 107520 KB
physical id	: 0
siblings	: 56
core id		: 7
cpu cores	: 56
apicid		: 14
initial apicid	: 14
fpu		: yes
fpu_exception	: yes
cpuid level	: 32
wp		: yes
flags		: fpu vme de pse tsc msr pae mce cx8 apic sep mtrr pge mca cmov pat pse36 clflush dts acpi mmx fxsr sse sse2 ss ht tm pbe syscall nx pdpe1gb rdtscp lm constant_tsc art arch_perfmon pebs bts rep_good nopl xtopology nonstop_tsc cpuid aperfmperf tsc_known_freq pni pclmulqdq dtes64 monitor ds_cpl vmx smx est tm2 ssse3 sdbg fma cx16 xtpr pdcm pcid dca sse4_1 sse4_2 x2apic movbe popcnt tsc_deadline_timer aes xsave avx f16c rdrand lahf_lm abm 3dnowprefetch cpuid_fault epb cat_l3 cat_l2 cdp_l3 cdp_l2 ssbd mba ibrs ibpb stibp ibrs_enhanced tpr_shadow flexpriority ept vpid ept_ad fsgsbase tsc_adjust bmi1 avx2 smep bmi2 erms invpcid cqm rdt_a avx512f avx512dq rdseed adx smap avx512ifma clflushopt clwb intel_pt avx512cd sha_ni avx512bw avx512vl xsaveopt xsavec xgetbv1 xsaves cqm_llc cqm_occup_llc cqm_mbm_total cqm_mbm_local split_lock_detect user_shstk avx_vnni avx512_bf16 wbnoinvd dtherm ida arat pln pts vnmi avx512vbmi umip pku ospke waitpkg avx512_vbmi2 gfni vaes vpclmulqdq avx512_vnni avx512_bitalg avx512_vpopcntdq la57 rdpid bus_lock_detect cldemote movdiri movdir64b enqcmd fsrm md_clear serialize tsxldtrk pconfig arch_lbr ibt amx_bf16 avx512_fp16 amx_tile amx_int8 flush_l1d arch_capabilities
vmx flags	: vnmi preemption_timer posted_intr invvpid ept_x_only ept_ad ept_1gb ept_5level flexpriority apicv tsc_offset vtpr mtf vapic ept vpid unrestricted_guest vapic_reg vid ple shadow_vmcs pml ept_violation_ve ept_mode_based_exec tsc_scaling usr_wait_pause notify_vm_exiting ipi_virt
bugs		: spectre_v1 spectre_v2 spec_store_bypass swapgs eibrs_pbrsb bhi spectre_v2_user old_microcode vmscape
bogomips	: 4000.00
clflush size	: 64
cache_alignment	: 64
address sizes	: 46 bits physical, 57 bits virtual
power management:

processor	: 17
vendor_id	: GenuineIntel
cpu family	: 6
model		: 143
model name	: Intel(R) Xeon(R) Platinum 8480+
stepping	: 8
microcode	: 0x2b000639
cpu MHz		: 2813.363
cache size	: 107520 KB
physical id	: 1
siblings	: 56
core id		: 7
cpu cores	: 56
apicid		: 142
initial apicid	: 142
fpu		: yes
fpu_exception	: yes
cpuid level	: 32
wp		: yes
flags		: fpu vme de pse tsc msr pae mce cx8 apic sep mtrr pge mca cmov pat pse36 clflush dts acpi mmx fxsr sse sse2 ss ht tm pbe syscall nx pdpe1gb rdtscp lm constant_tsc art arch_perfmon pebs bts rep_good nopl xtopology nonstop_tsc cpuid aperfmperf tsc_known_freq pni pclmulqdq dtes64 monitor ds_cpl vmx smx est tm2 ssse3 sdbg fma cx16 xtpr pdcm pcid dca sse4_1 sse4_2 x2apic movbe popcnt tsc_deadline_timer aes xsave avx f16c rdrand lahf_lm abm 3dnowprefetch cpuid_fault epb cat_l3 cat_l2 cdp_l3 cdp_l2 ssbd mba ibrs ibpb stibp ibrs_enhanced tpr_shadow flexpriority ept vpid ept_ad fsgsbase tsc_adjust bmi1 avx2 smep bmi2 erms invpcid cqm rdt_a avx512f avx512dq rdseed adx smap avx512ifma clflushopt clwb intel_pt avx512cd sha_ni avx512bw avx512vl xsaveopt xsavec xgetbv1 xsaves cqm_llc cqm_occup_llc cqm_mbm_total cqm_mbm_local split_lock_detect user_shstk avx_vnni avx512_bf16 wbnoinvd dtherm ida arat pln pts vnmi avx512vbmi umip pku ospke waitpkg avx512_vbmi2 gfni vaes vpclmulqdq avx512_vnni avx512_bitalg avx512_vpopcntdq la57 rdpid bus_lock_detect cldemote movdiri movdir64b enqcmd fsrm md_clear serialize tsxldtrk pconfig arch_lbr ibt amx_bf16 avx512_fp16 amx_tile amx_int8 flush_l1d arch_capabilities
vmx flags	: vnmi preemption_timer posted_intr invvpid ept_x_only ept_ad ept_1gb ept_5level flexpriority apicv tsc_offset vtpr mtf vapic ept vpid unrestricted_guest vapic_reg vid ple shadow_vmcs pml ept_violation_ve ept_mode_based_exec tsc_scaling usr_wait_pause notify_vm_exiting ipi_virt
bugs		: spectre_v1 spectre_v2 spec_store_bypass swapgs eibrs_pbrsb bhi spectre_v2_user old_microcode vmscape
bogomips	: 4000.00
clflush size	: 64
cache_alignment	: 64
address sizes	: 46 bits physical, 57 bits virtual
power management:

processor	: 18
vendor_id	: GenuineIntel
cpu family	: 6
model		: 143
model name	: Intel(R) Xeon(R) Platinum 8480+
stepping	: 8
microcode	: 0x2b000639
cpu MHz		: 3800.000
cache size	: 107520 KB
physical id	: 0
siblings	: 56
core id		: 38
cpu cores	: 56
apicid		: 76
initial apicid	: 76
fpu		: yes
fpu_exception	: yes
cpuid level	: 32
wp		: yes
flags		: fpu vme de pse tsc msr pae mce cx8 apic sep mtrr pge mca cmov pat pse36 clflush dts acpi mmx fxsr sse sse2 ss ht tm pbe syscall nx pdpe1gb rdtscp lm constant_tsc art arch_perfmon pebs bts rep_good nopl xtopology nonstop_tsc cpuid aperfmperf tsc_known_freq pni pclmulqdq dtes64 monitor ds_cpl vmx smx est tm2 ssse3 sdbg fma cx16 xtpr pdcm pcid dca sse4_1 sse4_2 x2apic movbe popcnt tsc_deadline_timer aes xsave avx f16c rdrand lahf_lm abm 3dnowprefetch cpuid_fault epb cat_l3 cat_l2 cdp_l3 cdp_l2 ssbd mba ibrs ibpb stibp ibrs_enhanced tpr_shadow flexpriority ept vpid ept_ad fsgsbase tsc_adjust bmi1 avx2 smep bmi2 erms invpcid cqm rdt_a avx512f avx512dq rdseed adx smap avx512ifma clflushopt clwb intel_pt avx512cd sha_ni avx512bw avx512vl xsaveopt xsavec xgetbv1 xsaves cqm_llc cqm_occup_llc cqm_mbm_total cqm_mbm_local split_lock_detect user_shstk avx_vnni avx512_bf16 wbnoinvd dtherm ida arat pln pts vnmi avx512vbmi umip pku ospke waitpkg avx512_vbmi2 gfni vaes vpclmulqdq avx512_vnni avx512_bitalg avx512_vpopcntdq la57 rdpid bus_lock_detect cldemote movdiri movdir64b enqcmd fsrm md_clear serialize tsxldtrk pconfig arch_lbr ibt amx_bf16 avx512_fp16 amx_tile amx_int8 flush_l1d arch_capabilities
vmx flags	: vnmi preemption_timer posted_intr invvpid ept_x_only ept_ad ept_1gb ept_5level flexpriority apicv tsc_offset vtpr mtf vapic ept vpid unrestricted_guest vapic_reg vid ple shadow_vmcs pml ept_violation_ve ept_mode_based_exec tsc_scaling usr_wait_pause notify_vm_exiting ipi_virt
bugs		: spectre_v1 spectre_v2 spec_store_bypass swapgs eibrs_pbrsb bhi spectre_v2_user old_microcode vmscape
bogomips	: 4000.00
clflush size	: 64
cache_alignment	: 64
address sizes	: 46 bits physical, 57 bits virtual
power management:

processor	: 19
vendor_id	: GenuineIntel
cpu family	: 6
model		: 143
model name	: Intel(R) Xeon(R) Platinum 8480+
stepping	: 8
microcode	: 0x2b000639
cpu MHz		: 2684.145
cache size	: 107520 KB
physical id	: 1
siblings	: 56
core id		: 30
cpu cores	: 56
apicid		: 188
initial apicid	: 188
fpu		: yes
fpu_exception	: yes
cpuid level	: 32
wp		: yes
flags		: fpu vme de pse tsc msr pae mce cx8 apic sep mtrr pge mca cmov pat pse36 clflush dts acpi mmx fxsr sse sse2 ss ht tm pbe syscall nx pdpe1gb rdtscp lm constant_tsc art arch_perfmon pebs bts rep_good nopl xtopology nonstop_tsc cpuid aperfmperf tsc_known_freq pni pclmulqdq dtes64 monitor ds_cpl vmx smx est tm2 ssse3 sdbg fma cx16 xtpr pdcm pcid dca sse4_1 sse4_2 x2apic movbe popcnt tsc_deadline_timer aes xsave avx f16c rdrand lahf_lm abm 3dnowprefetch cpuid_fault epb cat_l3 cat_l2 cdp_l3 cdp_l2 ssbd mba ibrs ibpb stibp ibrs_enhanced tpr_shadow flexpriority ept vpid ept_ad fsgsbase tsc_adjust bmi1 avx2 smep bmi2 erms invpcid cqm rdt_a avx512f avx512dq rdseed adx smap avx512ifma clflushopt clwb intel_pt avx512cd sha_ni avx512bw avx512vl xsaveopt xsavec xgetbv1 xsaves cqm_llc cqm_occup_llc cqm_mbm_total cqm_mbm_local split_lock_detect user_shstk avx_vnni avx512_bf16 wbnoinvd dtherm ida arat pln pts vnmi avx512vbmi umip pku ospke waitpkg avx512_vbmi2 gfni vaes vpclmulqdq avx512_vnni avx512_bitalg avx512_vpopcntdq la57 rdpid bus_lock_detect cldemote movdiri movdir64b enqcmd fsrm md_clear serialize tsxldtrk pconfig arch_lbr ibt amx_bf16 avx512_fp16 amx_tile amx_int8 flush_l1d arch_capabilities
vmx flags	: vnmi preemption_timer posted_intr invvpid ept_x_only ept_ad ept_1gb ept_5level flexpriority apicv tsc_offset vtpr mtf vapic ept vpid unrestricted_guest vapic_reg vid ple shadow_vmcs pml ept_violation_ve ept_mode_based_exec tsc_scaling usr_wait_pause notify_vm_exiting ipi_virt
bugs		: spectre_v1 spectre_v2 spec_store_bypass swapgs eibrs_pbrsb bhi spectre_v2_user old_microcode vmscape
bogomips	: 4000.00
clflush size	: 64
cache_alignment	: 64
address sizes	: 46 bits physical, 57 bits virtual
power management:

processor	: 20
vendor_id	: GenuineIntel
cpu family	: 6
model		: 143
model name	: Intel(R) Xeon(R) Platinum 8480+
stepping	: 8
microcode	: 0x2b000639
cpu MHz		: 3800.000
cache size	: 107520 KB
physical id	: 0
siblings	: 56
core id		: 17
cpu cores	: 56
apicid		: 34
initial apicid	: 34
fpu		: yes
fpu_exception	: yes
cpuid level	: 32
wp		: yes
flags		: fpu vme de pse tsc msr pae mce cx8 apic sep mtrr pge mca cmov pat pse36 clflush dts acpi mmx fxsr sse sse2 ss ht tm pbe syscall nx pdpe1gb rdtscp lm constant_tsc art arch_perfmon pebs bts rep_good nopl xtopology nonstop_tsc cpuid aperfmperf tsc_known_freq pni pclmulqdq dtes64 monitor ds_cpl vmx smx est tm2 ssse3 sdbg fma cx16 xtpr pdcm pcid dca sse4_1 sse4_2 x2apic movbe popcnt tsc_deadline_timer aes xsave avx f16c rdrand lahf_lm abm 3dnowprefetch cpuid_fault epb cat_l3 cat_l2 cdp_l3 cdp_l2 ssbd mba ibrs ibpb stibp ibrs_enhanced tpr_shadow flexpriority ept vpid ept_ad fsgsbase tsc_adjust bmi1 avx2 smep bmi2 erms invpcid cqm rdt_a avx512f avx512dq rdseed adx smap avx512ifma clflushopt clwb intel_pt avx512cd sha_ni avx512bw avx512vl xsaveopt xsavec xgetbv1 xsaves cqm_llc cqm_occup_llc cqm_mbm_total cqm_mbm_local split_lock_detect user_shstk avx_vnni avx512_bf16 wbnoinvd dtherm ida arat pln pts vnmi avx512vbmi umip pku ospke waitpkg avx512_vbmi2 gfni vaes vpclmulqdq avx512_vnni avx512_bitalg avx512_vpopcntdq la57 rdpid bus_lock_detect cldemote movdiri movdir64b enqcmd fsrm md_clear serialize tsxldtrk pconfig arch_lbr ibt amx_bf16 avx512_fp16 amx_tile amx_int8 flush_l1d arch_capabilities
vmx flags	: vnmi preemption_timer posted_intr invvpid ept_x_only ept_ad ept_1gb ept_5level flexpriority apicv tsc_offset vtpr mtf vapic ept vpid unrestricted_guest vapic_reg vid ple shadow_vmcs pml ept_violation_ve ept_mode_based_exec tsc_scaling usr_wait_pause notify_vm_exiting ipi_virt
bugs		: spectre_v1 spectre_v2 spec_store_bypass swapgs eibrs_pbrsb bhi spectre_v2_user old_microcode vmscape
bogomips	: 4000.00
clflush size	: 64
cache_alignment	: 64
address sizes	: 46 bits physical, 57 bits virtual
power management:

processor	: 21
vendor_id	: GenuineIntel
cpu family	: 6
model		: 143
model name	: Intel(R) Xeon(R) Platinum 8480+
stepping	: 8
microcode	: 0x2b000639
cpu MHz		: 2788.325
cache size	: 107520 KB
physical id	: 1
siblings	: 56
core id		: 17
cpu cores	: 56
apicid		: 162
initial apicid	: 162
fpu		: yes
fpu_exception	: yes
cpuid level	: 32
wp		: yes
flags		: fpu vme de pse tsc msr pae mce cx8 apic sep mtrr pge mca cmov pat pse36 clflush dts acpi mmx fxsr sse sse2 ss ht tm pbe syscall nx pdpe1gb rdtscp lm constant_tsc art arch_perfmon pebs bts rep_good nopl xtopology nonstop_tsc cpuid aperfmperf tsc_known_freq pni pclmulqdq dtes64 monitor ds_cpl vmx smx est tm2 ssse3 sdbg fma cx16 xtpr pdcm pcid dca sse4_1 sse4_2 x2apic movbe popcnt tsc_deadline_timer aes xsave avx f16c rdrand lahf_lm abm 3dnowprefetch cpuid_fault epb cat_l3 cat_l2 cdp_l3 cdp_l2 ssbd mba ibrs ibpb stibp ibrs_enhanced tpr_shadow flexpriority ept vpid ept_ad fsgsbase tsc_adjust bmi1 avx2 smep bmi2 erms invpcid cqm rdt_a avx512f avx512dq rdseed adx smap avx512ifma clflushopt clwb intel_pt avx512cd sha_ni avx512bw avx512vl xsaveopt xsavec xgetbv1 xsaves cqm_llc cqm_occup_llc cqm_mbm_total cqm_mbm_local split_lock_detect user_shstk avx_vnni avx512_bf16 wbnoinvd dtherm ida arat pln pts vnmi avx512vbmi umip pku ospke waitpkg avx512_vbmi2 gfni vaes vpclmulqdq avx512_vnni avx512_bitalg avx512_vpopcntdq la57 rdpid bus_lock_detect cldemote movdiri movdir64b enqcmd fsrm md_clear serialize tsxldtrk pconfig arch_lbr ibt amx_bf16 avx512_fp16 amx_tile amx_int8 flush_l1d arch_capabilities
vmx flags	: vnmi preemption_timer posted_intr invvpid ept_x_only ept_ad ept_1gb ept_5level flexpriority apicv tsc_offset vtpr mtf vapic ept vpid unrestricted_guest vapic_reg vid ple shadow_vmcs pml ept_violation_ve ept_mode_based_exec tsc_scaling usr_wait_pause notify_vm_exiting ipi_virt
bugs		: spectre_v1 spectre_v2 spec_store_bypass swapgs eibrs_pbrsb bhi spectre_v2_user old_microcode vmscape
bogomips	: 4000.00
clflush size	: 64
cache_alignment	: 64
address sizes	: 46 bits physical, 57 bits virtual
power management:

processor	: 22
vendor_id	: GenuineIntel
cpu family	: 6
model		: 143
model name	: Intel(R) Xeon(R) Platinum 8480+
stepping	: 8
microcode	: 0x2b000639
cpu MHz		: 3800.000
cache size	: 107520 KB
physical id	: 0
siblings	: 56
core id		: 49
cpu cores	: 56
apicid		: 98
initial apicid	: 98
fpu		: yes
fpu_exception	: yes
cpuid level	: 32
wp		: yes
flags		: fpu vme de pse tsc msr pae mce cx8 apic sep mtrr pge mca cmov pat pse36 clflush dts acpi mmx fxsr sse sse2 ss ht tm pbe syscall nx pdpe1gb rdtscp lm constant_tsc art arch_perfmon pebs bts rep_good nopl xtopology nonstop_tsc cpuid aperfmperf tsc_known_freq pni pclmulqdq dtes64 monitor ds_cpl vmx smx est tm2 ssse3 sdbg fma cx16 xtpr pdcm pcid dca sse4_1 sse4_2 x2apic movbe popcnt tsc_deadline_timer aes xsave avx f16c rdrand lahf_lm abm 3dnowprefetch cpuid_fault epb cat_l3 cat_l2 cdp_l3 cdp_l2 ssbd mba ibrs ibpb stibp ibrs_enhanced tpr_shadow flexpriority ept vpid ept_ad fsgsbase tsc_adjust bmi1 avx2 smep bmi2 erms invpcid cqm rdt_a avx512f avx512dq rdseed adx smap avx512ifma clflushopt clwb intel_pt avx512cd sha_ni avx512bw avx512vl xsaveopt xsavec xgetbv1 xsaves cqm_llc cqm_occup_llc cqm_mbm_total cqm_mbm_local split_lock_detect user_shstk avx_vnni avx512_bf16 wbnoinvd dtherm ida arat pln pts vnmi avx512vbmi umip pku ospke waitpkg avx512_vbmi2 gfni vaes vpclmulqdq avx512_vnni avx512_bitalg avx512_vpopcntdq la57 rdpid bus_lock_detect cldemote movdiri movdir64b enqcmd fsrm md_clear serialize tsxldtrk pconfig arch_lbr ibt amx_bf16 avx512_fp16 amx_tile amx_int8 flush_l1d arch_capabilities
vmx flags	: vnmi preemption_timer posted_intr invvpid ept_x_only ept_ad ept_1gb ept_5level flexpriority apicv tsc_offset vtpr mtf vapic ept vpid unrestricted_guest vapic_reg vid ple shadow_vmcs pml ept_violation_ve ept_mode_based_exec tsc_scaling usr_wait_pause notify_vm_exiting ipi_virt
bugs		: spectre_v1 spectre_v2 spec_store_bypass swapgs eibrs_pbrsb bhi spectre_v2_user old_microcode vmscape
bogomips	: 4000.00
clflush size	: 64
cache_alignment	: 64
address sizes	: 46 bits physical, 57 bits virtual
power management:

processor	: 23
vendor_id	: GenuineIntel
cpu family	: 6
model		: 143
model name	: Intel(R) Xeon(R) Platinum 8480+
stepping	: 8
microcode	: 0x2b000639
cpu MHz		: 2808.717
cache size	: 107520 KB
physical id	: 1
siblings	: 56
core id		: 54
cpu cores	: 56
apicid		: 236
initial apicid	: 236
fpu		: yes
fpu_exception	: yes
cpuid level	: 32
wp		: yes
flags		: fpu vme de pse tsc msr pae mce cx8 apic sep mtrr pge mca cmov pat pse36 clflush dts acpi mmx fxsr sse sse2 ss ht tm pbe syscall nx pdpe1gb rdtscp lm constant_tsc art arch_perfmon pebs bts rep_good nopl xtopology nonstop_tsc cpuid aperfmperf tsc_known_freq pni pclmulqdq dtes64 monitor ds_cpl vmx smx est tm2 ssse3 sdbg fma cx16 xtpr pdcm pcid dca sse4_1 sse4_2 x2apic movbe popcnt tsc_deadline_timer aes xsave avx f16c rdrand lahf_lm abm 3dnowprefetch cpuid_fault epb cat_l3 cat_l2 cdp_l3 cdp_l2 ssbd mba ibrs ibpb stibp ibrs_enhanced tpr_shadow flexpriority ept vpid ept_ad fsgsbase tsc_adjust bmi1 avx2 smep bmi2 erms invpcid cqm rdt_a avx512f avx512dq rdseed adx smap avx512ifma clflushopt clwb intel_pt avx512cd sha_ni avx512bw avx512vl xsaveopt xsavec xgetbv1 xsaves cqm_llc cqm_occup_llc cqm_mbm_total cqm_mbm_local split_lock_detect user_shstk avx_vnni avx512_bf16 wbnoinvd dtherm ida arat pln pts vnmi avx512vbmi umip pku ospke waitpkg avx512_vbmi2 gfni vaes vpclmulqdq avx512_vnni avx512_bitalg avx512_vpopcntdq la57 rdpid bus_lock_detect cldemote movdiri movdir64b enqcmd fsrm md_clear serialize tsxldtrk pconfig arch_lbr ibt amx_bf16 avx512_fp16 amx_tile amx_int8 flush_l1d arch_capabilities
vmx flags	: vnmi preemption_timer posted_intr invvpid ept_x_only ept_ad ept_1gb ept_5level flexpriority apicv tsc_offset vtpr mtf vapic ept vpid unrestricted_guest vapic_reg vid ple shadow_vmcs pml ept_violation_ve ept_mode_based_exec tsc_scaling usr_wait_pause notify_vm_exiting ipi_virt
bugs		: spectre_v1 spectre_v2 spec_store_bypass swapgs eibrs_pbrsb bhi spectre_v2_user old_microcode vmscape
bogomips	: 4000.00
clflush size	: 64
cache_alignment	: 64
address sizes	: 46 bits physical, 57 bits virtual
power management:

processor	: 24
vendor_id	: GenuineIntel
cpu family	: 6
model		: 143
model name	: Intel(R) Xeon(R) Platinum 8480+
stepping	: 8
microcode	: 0x2b000639
cpu MHz		: 3800.000
cache size	: 107520 KB
physical id	: 0
siblings	: 56
core id		: 1
cpu cores	: 56
apicid		: 2
initial apicid	: 2
fpu		: yes
fpu_exception	: yes
cpuid level	: 32
wp		: yes
flags		: fpu vme de pse tsc msr pae mce cx8 apic sep mtrr pge mca cmov pat pse36 clflush dts acpi mmx fxsr sse sse2 ss ht tm pbe syscall nx pdpe1gb rdtscp lm constant_tsc art arch_perfmon pebs bts rep_good nopl xtopology nonstop_tsc cpuid aperfmperf tsc_known_freq pni pclmulqdq dtes64 monitor ds_cpl vmx smx est tm2 ssse3 sdbg fma cx16 xtpr pdcm pcid dca sse4_1 sse4_2 x2apic movbe popcnt tsc_deadline_timer aes xsave avx f16c rdrand lahf_lm abm 3dnowprefetch cpuid_fault epb cat_l3 cat_l2 cdp_l3 cdp_l2 ssbd mba ibrs ibpb stibp ibrs_enhanced tpr_shadow flexpriority ept vpid ept_ad fsgsbase tsc_adjust bmi1 avx2 smep bmi2 erms invpcid cqm rdt_a avx512f avx512dq rdseed adx smap avx512ifma clflushopt clwb intel_pt avx512cd sha_ni avx512bw avx512vl xsaveopt xsavec xgetbv1 xsaves cqm_llc cqm_occup_llc cqm_mbm_total cqm_mbm_local split_lock_detect user_shstk avx_vnni avx512_bf16 wbnoinvd dtherm ida arat pln pts vnmi avx512vbmi umip pku ospke waitpkg avx512_vbmi2 gfni vaes vpclmulqdq avx512_vnni avx512_bitalg avx512_vpopcntdq la57 rdpid bus_lock_detect cldemote movdiri movdir64b enqcmd fsrm md_clear serialize tsxldtrk pconfig arch_lbr ibt amx_bf16 avx512_fp16 amx_tile amx_int8 flush_l1d arch_capabilities
vmx flags	: vnmi preemption_timer posted_intr invvpid ept_x_only ept_ad ept_1gb ept_5level flexpriority apicv tsc_offset vtpr mtf vapic ept vpid unrestricted_guest vapic_reg vid ple shadow_vmcs pml ept_violation_ve ept_mode_based_exec tsc_scaling usr_wait_pause notify_vm_exiting ipi_virt
bugs		: spectre_v1 spectre_v2 spec_store_bypass swapgs eibrs_pbrsb bhi spectre_v2_user old_microcode vmscape
bogomips	: 4000.00
clflush size	: 64
cache_alignment	: 64
address sizes	: 46 bits physical, 57 bits virtual
power management:

processor	: 25
vendor_id	: GenuineIntel
cpu family	: 6
model		: 143
model name	: Intel(R) Xeon(R) Platinum 8480+
stepping	: 8
microcode	: 0x2b000639
cpu MHz		: 2679.746
cache size	: 107520 KB
physical id	: 1
siblings	: 56
core id		: 1
cpu cores	: 56
apicid		: 130
initial apicid	: 130
fpu		: yes
fpu_exception	: yes
cpuid level	: 32
wp		: yes
flags		: fpu vme de pse tsc msr pae mce cx8 apic sep mtrr pge mca cmov pat pse36 clflush dts acpi mmx fxsr sse sse2 ss ht tm pbe syscall nx pdpe1gb rdtscp lm constant_tsc art arch_perfmon pebs bts rep_good nopl xtopology nonstop_tsc cpuid aperfmperf tsc_known_freq pni pclmulqdq dtes64 monitor ds_cpl vmx smx est tm2 ssse3 sdbg fma cx16 xtpr pdcm pcid dca sse4_1 sse4_2 x2apic movbe popcnt tsc_deadline_timer aes xsave avx f16c rdrand lahf_lm abm 3dnowprefetch cpuid_fault epb cat_l3 cat_l2 cdp_l3 cdp_l2 ssbd mba ibrs ibpb stibp ibrs_enhanced tpr_shadow flexpriority ept vpid ept_ad fsgsbase tsc_adjust bmi1 avx2 smep bmi2 erms invpcid cqm rdt_a avx512f avx512dq rdseed adx smap avx512ifma clflushopt clwb intel_pt avx512cd sha_ni avx512bw avx512vl xsaveopt xsavec xgetbv1 xsaves cqm_llc cqm_occup_llc cqm_mbm_total cqm_mbm_local split_lock_detect user_shstk avx_vnni avx512_bf16 wbnoinvd dtherm ida arat pln pts vnmi avx512vbmi umip pku ospke waitpkg avx512_vbmi2 gfni vaes vpclmulqdq avx512_vnni avx512_bitalg avx512_vpopcntdq la57 rdpid bus_lock_detect cldemote movdiri movdir64b enqcmd fsrm md_clear serialize tsxldtrk pconfig arch_lbr ibt amx_bf16 avx512_fp16 amx_tile amx_int8 flush_l1d arch_capabilities
vmx flags	: vnmi preemption_timer posted_intr invvpid ept_x_only ept_ad ept_1gb ept_5level flexpriority apicv tsc_offset vtpr mtf vapic ept vpid unrestricted_guest vapic_reg vid ple shadow_vmcs pml ept_violation_ve ept_mode_based_exec tsc_scaling usr_wait_pause notify_vm_exiting ipi_virt
bugs		: spectre_v1 spectre_v2 spec_store_bypass swapgs eibrs_pbrsb bhi spectre_v2_user old_microcode vmscape
bogomips	: 4000.00
clflush size	: 64
cache_alignment	: 64
address sizes	: 46 bits physical, 57 bits virtual
power management:

processor	: 26
vendor_id	: GenuineIntel
cpu family	: 6
model		: 143
model name	: Intel(R) Xeon(R) Platinum 8480+
stepping	: 8
microcode	: 0x2b000639
cpu MHz		: 2759.773
cache size	: 107520 KB
physical id	: 0
siblings	: 56
core id		: 30
cpu cores	: 56
apicid		: 60
initial apicid	: 60
fpu		: yes
fpu_exception	: yes
cpuid level	: 32
wp		: yes
flags		: fpu vme de pse tsc msr pae mce cx8 apic sep mtrr pge mca cmov pat pse36 clflush dts acpi mmx fxsr sse sse2 ss ht tm pbe syscall nx pdpe1gb rdtscp lm constant_tsc art arch_perfmon pebs bts rep_good nopl xtopology nonstop_tsc cpuid aperfmperf tsc_known_freq pni pclmulqdq dtes64 monitor ds_cpl vmx smx est tm2 ssse3 sdbg fma cx16 xtpr pdcm pcid dca sse4_1 sse4_2 x2apic movbe popcnt tsc_deadline_timer aes xsave avx f16c rdrand lahf_lm abm 3dnowprefetch cpuid_fault epb cat_l3 cat_l2 cdp_l3 cdp_l2 ssbd mba ibrs ibpb stibp ibrs_enhanced tpr_shadow flexpriority ept vpid ept_ad fsgsbase tsc_adjust bmi1 avx2 smep bmi2 erms invpcid cqm rdt_a avx512f avx512dq rdseed adx smap avx512ifma clflushopt clwb intel_pt avx512cd sha_ni avx512bw avx512vl xsaveopt xsavec xgetbv1 xsaves cqm_llc cqm_occup_llc cqm_mbm_total cqm_mbm_local split_lock_detect user_shstk avx_vnni avx512_bf16 wbnoinvd dtherm ida arat pln pts vnmi avx512vbmi umip pku ospke waitpkg avx512_vbmi2 gfni vaes vpclmulqdq avx512_vnni avx512_bitalg avx512_vpopcntdq la57 rdpid bus_lock_detect cldemote movdiri movdir64b enqcmd fsrm md_clear serialize tsxldtrk pconfig arch_lbr ibt amx_bf16 avx512_fp16 amx_tile amx_int8 flush_l1d arch_capabilities
vmx flags	: vnmi preemption_timer posted_intr invvpid ept_x_only ept_ad ept_1gb ept_5level flexpriority apicv tsc_offset vtpr mtf vapic ept vpid unrestricted_guest vapic_reg vid ple shadow_vmcs pml ept_violation_ve ept_mode_based_exec tsc_scaling usr_wait_pause notify_vm_exiting ipi_virt
bugs		: spectre_v1 spectre_v2 spec_store_bypass swapgs eibrs_pbrsb bhi spectre_v2_user old_microcode vmscape
bogomips	: 4000.00
clflush size	: 64
cache_alignment	: 64
address sizes	: 46 bits physical, 57 bits virtual
power management:

processor	: 27
vendor_id	: GenuineIntel
cpu family	: 6
model		: 143
model name	: Intel(R) Xeon(R) Platinum 8480+
stepping	: 8
microcode	: 0x2b000639
cpu MHz		: 2699.881
cache size	: 107520 KB
physical id	: 1
siblings	: 56
core id		: 37
cpu cores	: 56
apicid		: 202
initial apicid	: 202
fpu		: yes
fpu_exception	: yes
cpuid level	: 32
wp		: yes
flags		: fpu vme de pse tsc msr pae mce cx8 apic sep mtrr pge mca cmov pat pse36 clflush dts acpi mmx fxsr sse sse2 ss ht tm pbe syscall nx pdpe1gb rdtscp lm constant_tsc art arch_perfmon pebs bts rep_good nopl xtopology nonstop_tsc cpuid aperfmperf tsc_known_freq pni pclmulqdq dtes64 monitor ds_cpl vmx smx est tm2 ssse3 sdbg fma cx16 xtpr pdcm pcid dca sse4_1 sse4_2 x2apic movbe popcnt tsc_deadline_timer aes xsave avx f16c rdrand lahf_lm abm 3dnowprefetch cpuid_fault epb cat_l3 cat_l2 cdp_l3 cdp_l2 ssbd mba ibrs ibpb stibp ibrs_enhanced tpr_shadow flexpriority ept vpid ept_ad fsgsbase tsc_adjust bmi1 avx2 smep bmi2 erms invpcid cqm rdt_a avx512f avx512dq rdseed adx smap avx512ifma clflushopt clwb intel_pt avx512cd sha_ni avx512bw avx512vl xsaveopt xsavec xgetbv1 xsaves cqm_llc cqm_occup_llc cqm_mbm_total cqm_mbm_local split_lock_detect user_shstk avx_vnni avx512_bf16 wbnoinvd dtherm ida arat pln pts vnmi avx512vbmi umip pku ospke waitpkg avx512_vbmi2 gfni vaes vpclmulqdq avx512_vnni avx512_bitalg avx512_vpopcntdq la57 rdpid bus_lock_detect cldemote movdiri movdir64b enqcmd fsrm md_clear serialize tsxldtrk pconfig arch_lbr ibt amx_bf16 avx512_fp16 amx_tile amx_int8 flush_l1d arch_capabilities
vmx flags	: vnmi preemption_timer posted_intr invvpid ept_x_only ept_ad ept_1gb ept_5level flexpriority apicv tsc_offset vtpr mtf vapic ept vpid unrestricted_guest vapic_reg vid ple shadow_vmcs pml ept_violation_ve ept_mode_based_exec tsc_scaling usr_wait_pause notify_vm_exiting ipi_virt
bugs		: spectre_v1 spectre_v2 spec_store_bypass swapgs eibrs_pbrsb bhi spectre_v2_user old_microcode vmscape
bogomips	: 4000.00
clflush size	: 64
cache_alignment	: 64
address sizes	: 46 bits physical, 57 bits virtual
power management:

processor	: 28
vendor_id	: GenuineIntel
cpu family	: 6
model		: 143
model name	: Intel(R) Xeon(R) Platinum 8480+
stepping	: 8
microcode	: 0x2b000639
cpu MHz		: 3800.000
cache size	: 107520 KB
physical id	: 0
siblings	: 56
core id		: 25
cpu cores	: 56
apicid		: 50
initial apicid	: 50
fpu		: yes
fpu_exception	: yes
cpuid level	: 32
wp		: yes
flags		: fpu vme de pse tsc msr pae mce cx8 apic sep mtrr pge mca cmov pat pse36 clflush dts acpi mmx fxsr sse sse2 ss ht tm pbe syscall nx pdpe1gb rdtscp lm constant_tsc art arch_perfmon pebs bts rep_good nopl xtopology nonstop_tsc cpuid aperfmperf tsc_known_freq pni pclmulqdq dtes64 monitor ds_cpl vmx smx est tm2 ssse3 sdbg fma cx16 xtpr pdcm pcid dca sse4_1 sse4_2 x2apic movbe popcnt tsc_deadline_timer aes xsave avx f16c rdrand lahf_lm abm 3dnowprefetch cpuid_fault epb cat_l3 cat_l2 cdp_l3 cdp_l2 ssbd mba ibrs ibpb stibp ibrs_enhanced tpr_shadow flexpriority ept vpid ept_ad fsgsbase tsc_adjust bmi1 avx2 smep bmi2 erms invpcid cqm rdt_a avx512f avx512dq rdseed adx smap avx512ifma clflushopt clwb intel_pt avx512cd sha_ni avx512bw avx512vl xsaveopt xsavec xgetbv1 xsaves cqm_llc cqm_occup_llc cqm_mbm_total cqm_mbm_local split_lock_detect user_shstk avx_vnni avx512_bf16 wbnoinvd dtherm ida arat pln pts vnmi avx512vbmi umip pku ospke waitpkg avx512_vbmi2 gfni vaes vpclmulqdq avx512_vnni avx512_bitalg avx512_vpopcntdq la57 rdpid bus_lock_detect cldemote movdiri movdir64b enqcmd fsrm md_clear serialize tsxldtrk pconfig arch_lbr ibt amx_bf16 avx512_fp16 amx_tile amx_int8 flush_l1d arch_capabilities
vmx flags	: vnmi preemption_timer posted_intr invvpid ept_x_only ept_ad ept_1gb ept_5level flexpriority apicv tsc_offset vtpr mtf vapic ept vpid unrestricted_guest vapic_reg vid ple shadow_vmcs pml ept_violation_ve ept_mode_based_exec tsc_scaling usr_wait_pause notify_vm_exiting ipi_virt
bugs		: spectre_v1 spectre_v2 spec_store_bypass swapgs eibrs_pbrsb bhi spectre_v2_user old_microcode vmscape
bogomips	: 4000.00
clflush size	: 64
cache_alignment	: 64
address sizes	: 46 bits physical, 57 bits virtual
power management:

processor	: 29
vendor_id	: GenuineIntel
cpu family	: 6
model		: 143
model name	: Intel(R) Xeon(R) Platinum 8480+
stepping	: 8
microcode	: 0x2b000639
cpu MHz		: 2675.434
cache size	: 107520 KB
physical id	: 1
siblings	: 56
core id		: 25
cpu cores	: 56
apicid		: 178
initial apicid	: 178
fpu		: yes
fpu_exception	: yes
cpuid level	: 32
wp		: yes
flags		: fpu vme de pse tsc msr pae mce cx8 apic sep mtrr pge mca cmov pat pse36 clflush dts acpi mmx fxsr sse sse2 ss ht tm pbe syscall nx pdpe1gb rdtscp lm constant_tsc art arch_perfmon pebs bts rep_good nopl xtopology nonstop_tsc cpuid aperfmperf tsc_known_freq pni pclmulqdq dtes64 monitor ds_cpl vmx smx est tm2 ssse3 sdbg fma cx16 xtpr pdcm pcid dca sse4_1 sse4_2 x2apic movbe popcnt tsc_deadline_timer aes xsave avx f16c rdrand lahf_lm abm 3dnowprefetch cpuid_fault epb cat_l3 cat_l2 cdp_l3 cdp_l2 ssbd mba ibrs ibpb stibp ibrs_enhanced tpr_shadow flexpriority ept vpid ept_ad fsgsbase tsc_adjust bmi1 avx2 smep bmi2 erms invpcid cqm rdt_a avx512f avx512dq rdseed adx smap avx512ifma clflushopt clwb intel_pt avx512cd sha_ni avx512bw avx512vl xsaveopt xsavec xgetbv1 xsaves cqm_llc cqm_occup_llc cqm_mbm_total cqm_mbm_local split_lock_detect user_shstk avx_vnni avx512_bf16 wbnoinvd dtherm ida arat pln pts vnmi avx512vbmi umip pku ospke waitpkg avx512_vbmi2 gfni vaes vpclmulqdq avx512_vnni avx512_bitalg avx512_vpopcntdq la57 rdpid bus_lock_detect cldemote movdiri movdir64b enqcmd fsrm md_clear serialize tsxldtrk pconfig arch_lbr ibt amx_bf16 avx512_fp16 amx_tile amx_int8 flush_l1d arch_capabilities
vmx flags	: vnmi preemption_timer posted_intr invvpid ept_x_only ept_ad ept_1gb ept_5level flexpriority apicv tsc_offset vtpr mtf vapic ept vpid unrestricted_guest vapic_reg vid ple shadow_vmcs pml ept_violation_ve ept_mode_based_exec tsc_scaling usr_wait_pause notify_vm_exiting ipi_virt
bugs		: spectre_v1 spectre_v2 spec_store_bypass swapgs eibrs_pbrsb bhi spectre_v2_user old_microcode vmscape
bogomips	: 4000.00
clflush size	: 64
cache_alignment	: 64
address sizes	: 46 bits physical, 57 bits virtual
power management:

processor	: 30
vendor_id	: GenuineIntel
cpu family	: 6
model		: 143
model name	: Intel(R) Xeon(R) Platinum 8480+
stepping	: 8
microcode	: 0x2b000639
cpu MHz		: 3800.000
cache size	: 107520 KB
physical id	: 0
siblings	: 56
core id		: 54
cpu cores	: 56
apicid		: 108
initial apicid	: 108
fpu		: yes
fpu_exception	: yes
cpuid level	: 32
wp		: yes
flags		: fpu vme de pse tsc msr pae mce cx8 apic sep mtrr pge mca cmov pat pse36 clflush dts acpi mmx fxsr sse sse2 ss ht tm pbe syscall nx pdpe1gb rdtscp lm constant_tsc art arch_perfmon pebs bts rep_good nopl xtopology nonstop_tsc cpuid aperfmperf tsc_known_freq pni pclmulqdq dtes64 monitor ds_cpl vmx smx est tm2 ssse3 sdbg fma cx16 xtpr pdcm pcid dca sse4_1 sse4_2 x2apic movbe popcnt tsc_deadline_timer aes xsave avx f16c rdrand lahf_lm abm 3dnowprefetch cpuid_fault epb cat_l3 cat_l2 cdp_l3 cdp_l2 ssbd mba ibrs ibpb stibp ibrs_enhanced tpr_shadow flexpriority ept vpid ept_ad fsgsbase tsc_adjust bmi1 avx2 smep bmi2 erms invpcid cqm rdt_a avx512f avx512dq rdseed adx smap avx512ifma clflushopt clwb intel_pt avx512cd sha_ni avx512bw avx512vl xsaveopt xsavec xgetbv1 xsaves cqm_llc cqm_occup_llc cqm_mbm_total cqm_mbm_local split_lock_detect user_shstk avx_vnni avx512_bf16 wbnoinvd dtherm ida arat pln pts vnmi avx512vbmi umip pku ospke waitpkg avx512_vbmi2 gfni vaes vpclmulqdq avx512_vnni avx512_bitalg avx512_vpopcntdq la57 rdpid bus_lock_detect cldemote movdiri movdir64b enqcmd fsrm md_clear serialize tsxldtrk pconfig arch_lbr ibt amx_bf16 avx512_fp16 amx_tile amx_int8 flush_l1d arch_capabilities
vmx flags	: vnmi preemption_timer posted_intr invvpid ept_x_only ept_ad ept_1gb ept_5level flexpriority apicv tsc_offset vtpr mtf vapic ept vpid unrestricted_guest vapic_reg vid ple shadow_vmcs pml ept_violation_ve ept_mode_based_exec tsc_scaling usr_wait_pause notify_vm_exiting ipi_virt
bugs		: spectre_v1 spectre_v2 spec_store_bypass swapgs eibrs_pbrsb bhi spectre_v2_user old_microcode vmscape
bogomips	: 4000.00
clflush size	: 64
cache_alignment	: 64
address sizes	: 46 bits physical, 57 bits virtual
power management:

processor	: 31
vendor_id	: GenuineIntel
cpu family	: 6
model		: 143
model name	: Intel(R) Xeon(R) Platinum 8480+
stepping	: 8
microcode	: 0x2b000639
cpu MHz		: 2700.473
cache size	: 107520 KB
physical id	: 1
siblings	: 56
core id		: 48
cpu cores	: 56
apicid		: 224
initial apicid	: 224
fpu		: yes
fpu_exception	: yes
cpuid level	: 32
wp		: yes
flags		: fpu vme de pse tsc msr pae mce cx8 apic sep mtrr pge mca cmov pat pse36 clflush dts acpi mmx fxsr sse sse2 ss ht tm pbe syscall nx pdpe1gb rdtscp lm constant_tsc art arch_perfmon pebs bts rep_good nopl xtopology nonstop_tsc cpuid aperfmperf tsc_known_freq pni pclmulqdq dtes64 monitor ds_cpl vmx smx est tm2 ssse3 sdbg fma cx16 xtpr pdcm pcid dca sse4_1 sse4_2 x2apic movbe popcnt tsc_deadline_timer aes xsave avx f16c rdrand lahf_lm abm 3dnowprefetch cpuid_fault epb cat_l3 cat_l2 cdp_l3 cdp_l2 ssbd mba ibrs ibpb stibp ibrs_enhanced tpr_shadow flexpriority ept vpid ept_ad fsgsbase tsc_adjust bmi1 avx2 smep bmi2 erms invpcid cqm rdt_a avx512f avx512dq rdseed adx smap avx512ifma clflushopt clwb intel_pt avx512cd sha_ni avx512bw avx512vl xsaveopt xsavec xgetbv1 xsaves cqm_llc cqm_occup_llc cqm_mbm_total cqm_mbm_local split_lock_detect user_shstk avx_vnni avx512_bf16 wbnoinvd dtherm ida arat pln pts vnmi avx512vbmi umip pku ospke waitpkg avx512_vbmi2 gfni vaes vpclmulqdq avx512_vnni avx512_bitalg avx512_vpopcntdq la57 rdpid bus_lock_detect cldemote movdiri movdir64b enqcmd fsrm md_clear serialize tsxldtrk pconfig arch_lbr ibt amx_bf16 avx512_fp16 amx_tile amx_int8 flush_l1d arch_capabilities
vmx flags	: vnmi preemption_timer posted_intr invvpid ept_x_only ept_ad ept_1gb ept_5level flexpriority apicv tsc_offset vtpr mtf vapic ept vpid unrestricted_guest vapic_reg vid ple shadow_vmcs pml ept_violation_ve ept_mode_based_exec tsc_scaling usr_wait_pause notify_vm_exiting ipi_virt
bugs		: spectre_v1 spectre_v2 spec_store_bypass swapgs eibrs_pbrsb bhi spectre_v2_user old_microcode vmscape
bogomips	: 4000.00
clflush size	: 64
cache_alignment	: 64
address sizes	: 46 bits physical, 57 bits virtual
power management:

processor	: 32
vendor_id	: GenuineIntel
cpu family	: 6
model		: 143
model name	: Intel(R) Xeon(R) Platinum 8480+
stepping	: 8
microcode	: 0x2b000639
cpu MHz		: 3800.000
cache size	: 107520 KB
physical id	: 0
siblings	: 56
core id		: 8
cpu cores	: 56
apicid		: 16
initial apicid	: 16
fpu		: yes
fpu_exception	: yes
cpuid level	: 32
wp		: yes
flags		: fpu vme de pse tsc msr pae mce cx8 apic sep mtrr pge mca cmov pat pse36 clflush dts acpi mmx fxsr sse sse2 ss ht tm pbe syscall nx pdpe1gb rdtscp lm constant_tsc art arch_perfmon pebs bts rep_good nopl xtopology nonstop_tsc cpuid aperfmperf tsc_known_freq pni pclmulqdq dtes64 monitor ds_cpl vmx smx est tm2 ssse3 sdbg fma cx16 xtpr pdcm pcid dca sse4_1 sse4_2 x2apic movbe popcnt tsc_deadline_timer aes xsave avx f16c rdrand lahf_lm abm 3dnowprefetch cpuid_fault epb cat_l3 cat_l2 cdp_l3 cdp_l2 ssbd mba ibrs ibpb stibp ibrs_enhanced tpr_shadow flexpriority ept vpid ept_ad fsgsbase tsc_adjust bmi1 avx2 smep bmi2 erms invpcid cqm rdt_a avx512f avx512dq rdseed adx smap avx512ifma clflushopt clwb intel_pt avx512cd sha_ni avx512bw avx512vl xsaveopt xsavec xgetbv1 xsaves cqm_llc cqm_occup_llc cqm_mbm_total cqm_mbm_local split_lock_detect user_shstk avx_vnni avx512_bf16 wbnoinvd dtherm ida arat pln pts vnmi avx512vbmi umip pku ospke waitpkg avx512_vbmi2 gfni vaes vpclmulqdq avx512_vnni avx512_bitalg avx512_vpopcntdq la57 rdpid bus_lock_detect cldemote movdiri movdir64b enqcmd fsrm md_clear serialize tsxldtrk pconfig arch_lbr ibt amx_bf16 avx512_fp16 amx_tile amx_int8 flush_l1d arch_capabilities
vmx flags	: vnmi preemption_timer posted_intr invvpid ept_x_only ept_ad ept_1gb ept_5level flexpriority apicv tsc_offset vtpr mtf vapic ept vpid unrestricted_guest vapic_reg vid ple shadow_vmcs pml ept_violation_ve ept_mode_based_exec tsc_scaling usr_wait_pause notify_vm_exiting ipi_virt
bugs		: spectre_v1 spectre_v2 spec_store_bypass swapgs eibrs_pbrsb bhi spectre_v2_user old_microcode vmscape
bogomips	: 4000.00
clflush size	: 64
cache_alignment	: 64
address sizes	: 46 bits physical, 57 bits virtual
power management:

processor	: 33
vendor_id	: GenuineIntel
cpu family	: 6
model		: 143
model name	: Intel(R) Xeon(R) Platinum 8480+
stepping	: 8
microcode	: 0x2b000639
cpu MHz		: 2693.729
cache size	: 107520 KB
physical id	: 1
siblings	: 56
core id		: 8
cpu cores	: 56
apicid		: 144
initial apicid	: 144
fpu		: yes
fpu_exception	: yes
cpuid level	: 32
wp		: yes
flags		: fpu vme de pse tsc msr pae mce cx8 apic sep mtrr pge mca cmov pat pse36 clflush dts acpi mmx fxsr sse sse2 ss ht tm pbe syscall nx pdpe1gb rdtscp lm constant_tsc art arch_perfmon pebs bts rep_good nopl xtopology nonstop_tsc cpuid aperfmperf tsc_known_freq pni pclmulqdq dtes64 monitor ds_cpl vmx smx est tm2 ssse3 sdbg fma cx16 xtpr pdcm pcid dca sse4_1 sse4_2 x2apic movbe popcnt tsc_deadline_timer aes xsave avx f16c rdrand lahf_lm abm 3dnowprefetch cpuid_fault epb cat_l3 cat_l2 cdp_l3 cdp_l2 ssbd mba ibrs ibpb stibp ibrs_enhanced tpr_shadow flexpriority ept vpid ept_ad fsgsbase tsc_adjust bmi1 avx2 smep bmi2 erms invpcid cqm rdt_a avx512f avx512dq rdseed adx smap avx512ifma clflushopt clwb intel_pt avx512cd sha_ni avx512bw avx512vl xsaveopt xsavec xgetbv1 xsaves cqm_llc cqm_occup_llc cqm_mbm_total cqm_mbm_local split_lock_detect user_shstk avx_vnni avx512_bf16 wbnoinvd dtherm ida arat pln pts vnmi avx512vbmi umip pku ospke waitpkg avx512_vbmi2 gfni vaes vpclmulqdq avx512_vnni avx512_bitalg avx512_vpopcntdq la57 rdpid bus_lock_detect cldemote movdiri movdir64b enqcmd fsrm md_clear serialize tsxldtrk pconfig arch_lbr ibt amx_bf16 avx512_fp16 amx_tile amx_int8 flush_l1d arch_capabilities
vmx flags	: vnmi preemption_timer posted_intr invvpid ept_x_only ept_ad ept_1gb ept_5level flexpriority apicv tsc_offset vtpr mtf vapic ept vpid unrestricted_guest vapic_reg vid ple shadow_vmcs pml ept_violation_ve ept_mode_based_exec tsc_scaling usr_wait_pause notify_vm_exiting ipi_virt
bugs		: spectre_v1 spectre_v2 spec_store_bypass swapgs eibrs_pbrsb bhi spectre_v2_user old_microcode vmscape
bogomips	: 4000.00
clflush size	: 64
cache_alignment	: 64
address sizes	: 46 bits physical, 57 bits virtual
power management:

processor	: 34
vendor_id	: GenuineIntel
cpu family	: 6
model		: 143
model name	: Intel(R) Xeon(R) Platinum 8480+
stepping	: 8
microcode	: 0x2b000639
cpu MHz		: 2738.683
cache size	: 107520 KB
physical id	: 0
siblings	: 56
core id		: 37
cpu cores	: 56
apicid		: 74
initial apicid	: 74
fpu		: yes
fpu_exception	: yes
cpuid level	: 32
wp		: yes
flags		: fpu vme de pse tsc msr pae mce cx8 apic sep mtrr pge mca cmov pat pse36 clflush dts acpi mmx fxsr sse sse2 ss ht tm pbe syscall nx pdpe1gb rdtscp lm constant_tsc art arch_perfmon pebs bts rep_good nopl xtopology nonstop_tsc cpuid aperfmperf tsc_known_freq pni pclmulqdq dtes64 monitor ds_cpl vmx smx est tm2 ssse3 sdbg fma cx16 xtpr pdcm pcid dca sse4_1 sse4_2 x2apic movbe popcnt tsc_deadline_timer aes xsave avx f16c rdrand lahf_lm abm 3dnowprefetch cpuid_fault epb cat_l3 cat_l2 cdp_l3 cdp_l2 ssbd mba ibrs ibpb stibp ibrs_enhanced tpr_shadow flexpriority ept vpid ept_ad fsgsbase tsc_adjust bmi1 avx2 smep bmi2 erms invpcid cqm rdt_a avx512f avx512dq rdseed adx smap avx512ifma clflushopt clwb intel_pt avx512cd sha_ni avx512bw avx512vl xsaveopt xsavec xgetbv1 xsaves cqm_llc cqm_occup_llc cqm_mbm_total cqm_mbm_local split_lock_detect user_shstk avx_vnni avx512_bf16 wbnoinvd dtherm ida arat pln pts vnmi avx512vbmi umip pku ospke waitpkg avx512_vbmi2 gfni vaes vpclmulqdq avx512_vnni avx512_bitalg avx512_vpopcntdq la57 rdpid bus_lock_detect cldemote movdiri movdir64b enqcmd fsrm md_clear serialize tsxldtrk pconfig arch_lbr ibt amx_bf16 avx512_fp16 amx_tile amx_int8 flush_l1d arch_capabilities
vmx flags	: vnmi preemption_timer posted_intr invvpid ept_x_only ept_ad ept_1gb ept_5level flexpriority apicv tsc_offset vtpr mtf vapic ept vpid unrestricted_guest vapic_reg vid ple shadow_vmcs pml ept_violation_ve ept_mode_based_exec tsc_scaling usr_wait_pause notify_vm_exiting ipi_virt
bugs		: spectre_v1 spectre_v2 spec_store_bypass swapgs eibrs_pbrsb bhi spectre_v2_user old_microcode vmscape
bogomips	: 4000.00
clflush size	: 64
cache_alignment	: 64
address sizes	: 46 bits physical, 57 bits virtual
power management:

processor	: 35
vendor_id	: GenuineIntel
cpu family	: 6
model		: 143
model name	: Intel(R) Xeon(R) Platinum 8480+
stepping	: 8
microcode	: 0x2b000639
cpu MHz		: 2779.513
cache size	: 107520 KB
physical id	: 1
siblings	: 56
core id		: 33
cpu cores	: 56
apicid		: 194
initial apicid	: 194
fpu		: yes
fpu_exception	: yes
cpuid level	: 32
wp		: yes
flags		: fpu vme de pse tsc msr pae mce cx8 apic sep mtrr pge mca cmov pat pse36 clflush dts acpi mmx fxsr sse sse2 ss ht tm pbe syscall nx pdpe1gb rdtscp lm constant_tsc art arch_perfmon pebs bts rep_good nopl xtopology nonstop_tsc cpuid aperfmperf tsc_known_freq pni pclmulqdq dtes64 monitor ds_cpl vmx smx est tm2 ssse3 sdbg fma cx16 xtpr pdcm pcid dca sse4_1 sse4_2 x2apic movbe popcnt tsc_deadline_timer aes xsave avx f16c rdrand lahf_lm abm 3dnowprefetch cpuid_fault epb cat_l3 cat_l2 cdp_l3 cdp_l2 ssbd mba ibrs ibpb stibp ibrs_enhanced tpr_shadow flexpriority ept vpid ept_ad fsgsbase tsc_adjust bmi1 avx2 smep bmi2 erms invpcid cqm rdt_a avx512f avx512dq rdseed adx smap avx512ifma clflushopt clwb intel_pt avx512cd sha_ni avx512bw avx512vl xsaveopt xsavec xgetbv1 xsaves cqm_llc cqm_occup_llc cqm_mbm_total cqm_mbm_local split_lock_detect user_shstk avx_vnni avx512_bf16 wbnoinvd dtherm ida arat pln pts vnmi avx512vbmi umip pku ospke waitpkg avx512_vbmi2 gfni vaes vpclmulqdq avx512_vnni avx512_bitalg avx512_vpopcntdq la57 rdpid bus_lock_detect cldemote movdiri movdir64b enqcmd fsrm md_clear serialize tsxldtrk pconfig arch_lbr ibt amx_bf16 avx512_fp16 amx_tile amx_int8 flush_l1d arch_capabilities
vmx flags	: vnmi preemption_timer posted_intr invvpid ept_x_only ept_ad ept_1gb ept_5level flexpriority apicv tsc_offset vtpr mtf vapic ept vpid unrestricted_guest vapic_reg vid ple shadow_vmcs pml ept_violation_ve ept_mode_based_exec tsc_scaling usr_wait_pause notify_vm_exiting ipi_virt
bugs		: spectre_v1 spectre_v2 spec_store_bypass swapgs eibrs_pbrsb bhi spectre_v2_user old_microcode vmscape
bogomips	: 4000.00
clflush size	: 64
cache_alignment	: 64
address sizes	: 46 bits physical, 57 bits virtual
power management:

processor	: 36
vendor_id	: GenuineIntel
cpu family	: 6
model		: 143
model name	: Intel(R) Xeon(R) Platinum 8480+
stepping	: 8
microcode	: 0x2b000639
cpu MHz		: 2587.912
cache size	: 107520 KB
physical id	: 0
siblings	: 56
core id		: 18
cpu cores	: 56
apicid		: 36
initial apicid	: 36
fpu		: yes
fpu_exception	: yes
cpuid level	: 32
wp		: yes
flags		: fpu vme de pse tsc msr pae mce cx8 apic sep mtrr pge mca cmov pat pse36 clflush dts acpi mmx fxsr sse sse2 ss ht tm pbe syscall nx pdpe1gb rdtscp lm constant_tsc art arch_perfmon pebs bts rep_good nopl xtopology nonstop_tsc cpuid aperfmperf tsc_known_freq pni pclmulqdq dtes64 monitor ds_cpl vmx smx est tm2 ssse3 sdbg fma cx16 xtpr pdcm pcid dca sse4_1 sse4_2 x2apic movbe popcnt tsc_deadline_timer aes xsave avx f16c rdrand lahf_lm abm 3dnowprefetch cpuid_fault epb cat_l3 cat_l2 cdp_l3 cdp_l2 ssbd mba ibrs ibpb stibp ibrs_enhanced tpr_shadow flexpriority ept vpid ept_ad fsgsbase tsc_adjust bmi1 avx2 smep bmi2 erms invpcid cqm rdt_a avx512f avx512dq rdseed adx smap avx512ifma clflushopt clwb intel_pt avx512cd sha_ni avx512bw avx512vl xsaveopt xsavec xgetbv1 xsaves cqm_llc cqm_occup_llc cqm_mbm_total cqm_mbm_local split_lock_detect user_shstk avx_vnni avx512_bf16 wbnoinvd dtherm ida arat pln pts vnmi avx512vbmi umip pku ospke waitpkg avx512_vbmi2 gfni vaes vpclmulqdq avx512_vnni avx512_bitalg avx512_vpopcntdq la57 rdpid bus_lock_detect cldemote movdiri movdir64b enqcmd fsrm md_clear serialize tsxldtrk pconfig arch_lbr ibt amx_bf16 avx512_fp16 amx_tile amx_int8 flush_l1d arch_capabilities
vmx flags	: vnmi preemption_timer posted_intr invvpid ept_x_only ept_ad ept_1gb ept_5level flexpriority apicv tsc_offset vtpr mtf vapic ept vpid unrestricted_guest vapic_reg vid ple shadow_vmcs pml ept_violation_ve ept_mode_based_exec tsc_scaling usr_wait_pause notify_vm_exiting ipi_virt
bugs		: spectre_v1 spectre_v2 spec_store_bypass swapgs eibrs_pbrsb bhi spectre_v2_user old_microcode vmscape
bogomips	: 4000.00
clflush size	: 64
cache_alignment	: 64
address sizes	: 46 bits physical, 57 bits virtual
power management:

processor	: 37
vendor_id	: GenuineIntel
cpu family	: 6
model		: 143
model name	: Intel(R) Xeon(R) Platinum 8480+
stepping	: 8
microcode	: 0x2b000639
cpu MHz		: 2783.817
cache size	: 107520 KB
physical id	: 1
siblings	: 56
core id		: 18
cpu cores	: 56
apicid		: 164
initial apicid	: 164
fpu		: yes
fpu_exception	: yes
cpuid level	: 32
wp		: yes
flags		: fpu vme de pse tsc msr pae mce cx8 apic sep mtrr pge mca cmov pat pse36 clflush dts acpi mmx fxsr sse sse2 ss ht tm pbe syscall nx pdpe1gb rdtscp lm constant_tsc art arch_perfmon pebs bts rep_good nopl xtopology nonstop_tsc cpuid aperfmperf tsc_known_freq pni pclmulqdq dtes64 monitor ds_cpl vmx smx est tm2 ssse3 sdbg fma cx16 xtpr pdcm pcid dca sse4_1 sse4_2 x2apic movbe popcnt tsc_deadline_timer aes xsave avx f16c rdrand lahf_lm abm 3dnowprefetch cpuid_fault epb cat_l3 cat_l2 cdp_l3 cdp_l2 ssbd mba ibrs ibpb stibp ibrs_enhanced tpr_shadow flexpriority ept vpid ept_ad fsgsbase tsc_adjust bmi1 avx2 smep bmi2 erms invpcid cqm rdt_a avx512f avx512dq rdseed adx smap avx512ifma clflushopt clwb intel_pt avx512cd sha_ni avx512bw avx512vl xsaveopt xsavec xgetbv1 xsaves cqm_llc cqm_occup_llc cqm_mbm_total cqm_mbm_local split_lock_detect user_shstk avx_vnni avx512_bf16 wbnoinvd dtherm ida arat pln pts vnmi avx512vbmi umip pku ospke waitpkg avx512_vbmi2 gfni vaes vpclmulqdq avx512_vnni avx512_bitalg avx512_vpopcntdq la57 rdpid bus_lock_detect cldemote movdiri movdir64b enqcmd fsrm md_clear serialize tsxldtrk pconfig arch_lbr ibt amx_bf16 avx512_fp16 amx_tile amx_int8 flush_l1d arch_capabilities
vmx flags	: vnmi preemption_timer posted_intr invvpid ept_x_only ept_ad ept_1gb ept_5level flexpriority apicv tsc_offset vtpr mtf vapic ept vpid unrestricted_guest vapic_reg vid ple shadow_vmcs pml ept_violation_ve ept_mode_based_exec tsc_scaling usr_wait_pause notify_vm_exiting ipi_virt
bugs		: spectre_v1 spectre_v2 spec_store_bypass swapgs eibrs_pbrsb bhi spectre_v2_user old_microcode vmscape
bogomips	: 4000.00
clflush size	: 64
cache_alignment	: 64
address sizes	: 46 bits physical, 57 bits virtual
power management:

processor	: 38
vendor_id	: GenuineIntel
cpu family	: 6
model		: 143
model name	: Intel(R) Xeon(R) Platinum 8480+
stepping	: 8
microcode	: 0x2b000639
cpu MHz		: 3800.000
cache size	: 107520 KB
physical id	: 0
siblings	: 56
core id		: 48
cpu cores	: 56
apicid		: 96
initial apicid	: 96
fpu		: yes
fpu_exception	: yes
cpuid level	: 32
wp		: yes
flags		: fpu vme de pse tsc msr pae mce cx8 apic sep mtrr pge mca cmov pat pse36 clflush dts acpi mmx fxsr sse sse2 ss ht tm pbe syscall nx pdpe1gb rdtscp lm constant_tsc art arch_perfmon pebs bts rep_good nopl xtopology nonstop_tsc cpuid aperfmperf tsc_known_freq pni pclmulqdq dtes64 monitor ds_cpl vmx smx est tm2 ssse3 sdbg fma cx16 xtpr pdcm pcid dca sse4_1 sse4_2 x2apic movbe popcnt tsc_deadline_timer aes xsave avx f16c rdrand lahf_lm abm 3dnowprefetch cpuid_fault epb cat_l3 cat_l2 cdp_l3 cdp_l2 ssbd mba ibrs ibpb stibp ibrs_enhanced tpr_shadow flexpriority ept vpid ept_ad fsgsbase tsc_adjust bmi1 avx2 smep bmi2 erms invpcid cqm rdt_a avx512f avx512dq rdseed adx smap avx512ifma clflushopt clwb intel_pt avx512cd sha_ni avx512bw avx512vl xsaveopt xsavec xgetbv1 xsaves cqm_llc cqm_occup_llc cqm_mbm_total cqm_mbm_local split_lock_detect user_shstk avx_vnni avx512_bf16 wbnoinvd dtherm ida arat pln pts vnmi avx512vbmi umip pku ospke waitpkg avx512_vbmi2 gfni vaes vpclmulqdq avx512_vnni avx512_bitalg avx512_vpopcntdq la57 rdpid bus_lock_detect cldemote movdiri movdir64b enqcmd fsrm md_clear serialize tsxldtrk pconfig arch_lbr ibt amx_bf16 avx512_fp16 amx_tile amx_int8 flush_l1d arch_capabilities
vmx flags	: vnmi preemption_timer posted_intr invvpid ept_x_only ept_ad ept_1gb ept_5level flexpriority apicv tsc_offset vtpr mtf vapic ept vpid unrestricted_guest vapic_reg vid ple shadow_vmcs pml ept_violation_ve ept_mode_based_exec tsc_scaling usr_wait_pause notify_vm_exiting ipi_virt
bugs		: spectre_v1 spectre_v2 spec_store_bypass swapgs eibrs_pbrsb bhi spectre_v2_user old_microcode vmscape
bogomips	: 4000.00
clflush size	: 64
cache_alignment	: 64
address sizes	: 46 bits physical, 57 bits virtual
power management:

processor	: 39
vendor_id	: GenuineIntel
cpu family	: 6
model		: 143
model name	: Intel(R) Xeon(R) Platinum 8480+
stepping	: 8
microcode	: 0x2b000639
cpu MHz		: 2766.829
cache size	: 107520 KB
physical id	: 1
siblings	: 56
core id		: 50
cpu cores	: 56
apicid		: 228
initial apicid	: 228
fpu		: yes
fpu_exception	: yes
cpuid level	: 32
wp		: yes
flags		: fpu vme de pse tsc msr pae mce cx8 apic sep mtrr pge mca cmov pat pse36 clflush dts acpi mmx fxsr sse sse2 ss ht tm pbe syscall nx pdpe1gb rdtscp lm constant_tsc art arch_perfmon pebs bts rep_good nopl xtopology nonstop_tsc cpuid aperfmperf tsc_known_freq pni pclmulqdq dtes64 monitor ds_cpl vmx smx est tm2 ssse3 sdbg fma cx16 xtpr pdcm pcid dca sse4_1 sse4_2 x2apic movbe popcnt tsc_deadline_timer aes xsave avx f16c rdrand lahf_lm abm 3dnowprefetch cpuid_fault epb cat_l3 cat_l2 cdp_l3 cdp_l2 ssbd mba ibrs ibpb stibp ibrs_enhanced tpr_shadow flexpriority ept vpid ept_ad fsgsbase tsc_adjust bmi1 avx2 smep bmi2 erms invpcid cqm rdt_a avx512f avx512dq rdseed adx smap avx512ifma clflushopt clwb intel_pt avx512cd sha_ni avx512bw avx512vl xsaveopt xsavec xgetbv1 xsaves cqm_llc cqm_occup_llc cqm_mbm_total cqm_mbm_local split_lock_detect user_shstk avx_vnni avx512_bf16 wbnoinvd dtherm ida arat pln pts vnmi avx512vbmi umip pku ospke waitpkg avx512_vbmi2 gfni vaes vpclmulqdq avx512_vnni avx512_bitalg avx512_vpopcntdq la57 rdpid bus_lock_detect cldemote movdiri movdir64b enqcmd fsrm md_clear serialize tsxldtrk pconfig arch_lbr ibt amx_bf16 avx512_fp16 amx_tile amx_int8 flush_l1d arch_capabilities
vmx flags	: vnmi preemption_timer posted_intr invvpid ept_x_only ept_ad ept_1gb ept_5level flexpriority apicv tsc_offset vtpr mtf vapic ept vpid unrestricted_guest vapic_reg vid ple shadow_vmcs pml ept_violation_ve ept_mode_based_exec tsc_scaling usr_wait_pause notify_vm_exiting ipi_virt
bugs		: spectre_v1 spectre_v2 spec_store_bypass swapgs eibrs_pbrsb bhi spectre_v2_user old_microcode vmscape
bogomips	: 4000.00
clflush size	: 64
cache_alignment	: 64
address sizes	: 46 bits physical, 57 bits virtual
power management:

processor	: 40
vendor_id	: GenuineIntel
cpu family	: 6
model		: 143
model name	: Intel(R) Xeon(R) Platinum 8480+
stepping	: 8
microcode	: 0x2b000639
cpu MHz		: 3800.000
cache size	: 107520 KB
physical id	: 0
siblings	: 56
core id		: 5
cpu cores	: 56
apicid		: 10
initial apicid	: 10
fpu		: yes
fpu_exception	: yes
cpuid level	: 32
wp		: yes
flags		: fpu vme de pse tsc msr pae mce cx8 apic sep mtrr pge mca cmov pat pse36 clflush dts acpi mmx fxsr sse sse2 ss ht tm pbe syscall nx pdpe1gb rdtscp lm constant_tsc art arch_perfmon pebs bts rep_good nopl xtopology nonstop_tsc cpuid aperfmperf tsc_known_freq pni pclmulqdq dtes64 monitor ds_cpl vmx smx est tm2 ssse3 sdbg fma cx16 xtpr pdcm pcid dca sse4_1 sse4_2 x2apic movbe popcnt tsc_deadline_timer aes xsave avx f16c rdrand lahf_lm abm 3dnowprefetch cpuid_fault epb cat_l3 cat_l2 cdp_l3 cdp_l2 ssbd mba ibrs ibpb stibp ibrs_enhanced tpr_shadow flexpriority ept vpid ept_ad fsgsbase tsc_adjust bmi1 avx2 smep bmi2 erms invpcid cqm rdt_a avx512f avx512dq rdseed adx smap avx512ifma clflushopt clwb intel_pt avx512cd sha_ni avx512bw avx512vl xsaveopt xsavec xgetbv1 xsaves cqm_llc cqm_occup_llc cqm_mbm_total cqm_mbm_local split_lock_detect user_shstk avx_vnni avx512_bf16 wbnoinvd dtherm ida arat pln pts vnmi avx512vbmi umip pku ospke waitpkg avx512_vbmi2 gfni vaes vpclmulqdq avx512_vnni avx512_bitalg avx512_vpopcntdq la57 rdpid bus_lock_detect cldemote movdiri movdir64b enqcmd fsrm md_clear serialize tsxldtrk pconfig arch_lbr ibt amx_bf16 avx512_fp16 amx_tile amx_int8 flush_l1d arch_capabilities
vmx flags	: vnmi preemption_timer posted_intr invvpid ept_x_only ept_ad ept_1gb ept_5level flexpriority apicv tsc_offset vtpr mtf vapic ept vpid unrestricted_guest vapic_reg vid ple shadow_vmcs pml ept_violation_ve ept_mode_based_exec tsc_scaling usr_wait_pause notify_vm_exiting ipi_virt
bugs		: spectre_v1 spectre_v2 spec_store_bypass swapgs eibrs_pbrsb bhi spectre_v2_user old_microcode vmscape
bogomips	: 4000.00
clflush size	: 64
cache_alignment	: 64
address sizes	: 46 bits physical, 57 bits virtual
power management:

processor	: 41
vendor_id	: GenuineIntel
cpu family	: 6
model		: 143
model name	: Intel(R) Xeon(R) Platinum 8480+
stepping	: 8
microcode	: 0x2b000639
cpu MHz		: 2573.825
cache size	: 107520 KB
physical id	: 1
siblings	: 56
core id		: 5
cpu cores	: 56
apicid		: 138
initial apicid	: 138
fpu		: yes
fpu_exception	: yes
cpuid level	: 32
wp		: yes
flags		: fpu vme de pse tsc msr pae mce cx8 apic sep mtrr pge mca cmov pat pse36 clflush dts acpi mmx fxsr sse sse2 ss ht tm pbe syscall nx pdpe1gb rdtscp lm constant_tsc art arch_perfmon pebs bts rep_good nopl xtopology nonstop_tsc cpuid aperfmperf tsc_known_freq pni pclmulqdq dtes64 monitor ds_cpl vmx smx est tm2 ssse3 sdbg fma cx16 xtpr pdcm pcid dca sse4_1 sse4_2 x2apic movbe popcnt tsc_deadline_timer aes xsave avx f16c rdrand lahf_lm abm 3dnowprefetch cpuid_fault epb cat_l3 cat_l2 cdp_l3 cdp_l2 ssbd mba ibrs ibpb stibp ibrs_enhanced tpr_shadow flexpriority ept vpid ept_ad fsgsbase tsc_adjust bmi1 avx2 smep bmi2 erms invpcid cqm rdt_a avx512f avx512dq rdseed adx smap avx512ifma clflushopt clwb intel_pt avx512cd sha_ni avx512bw avx512vl xsaveopt xsavec xgetbv1 xsaves cqm_llc cqm_occup_llc cqm_mbm_total cqm_mbm_local split_lock_detect user_shstk avx_vnni avx512_bf16 wbnoinvd dtherm ida arat pln pts vnmi avx512vbmi umip pku ospke waitpkg avx512_vbmi2 gfni vaes vpclmulqdq avx512_vnni avx512_bitalg avx512_vpopcntdq la57 rdpid bus_lock_detect cldemote movdiri movdir64b enqcmd fsrm md_clear serialize tsxldtrk pconfig arch_lbr ibt amx_bf16 avx512_fp16 amx_tile amx_int8 flush_l1d arch_capabilities
vmx flags	: vnmi preemption_timer posted_intr invvpid ept_x_only ept_ad ept_1gb ept_5level flexpriority apicv tsc_offset vtpr mtf vapic ept vpid unrestricted_guest vapic_reg vid ple shadow_vmcs pml ept_violation_ve ept_mode_based_exec tsc_scaling usr_wait_pause notify_vm_exiting ipi_virt
bugs		: spectre_v1 spectre_v2 spec_store_bypass swapgs eibrs_pbrsb bhi spectre_v2_user old_microcode vmscape
bogomips	: 4000.00
clflush size	: 64
cache_alignment	: 64
address sizes	: 46 bits physical, 57 bits virtual
power management:

processor	: 42
vendor_id	: GenuineIntel
cpu family	: 6
model		: 143
model name	: Intel(R) Xeon(R) Platinum 8480+
stepping	: 8
microcode	: 0x2b000639
cpu MHz		: 3800.000
cache size	: 107520 KB
physical id	: 0
siblings	: 56
core id		: 33
cpu cores	: 56
apicid		: 66
initial apicid	: 66
fpu		: yes
fpu_exception	: yes
cpuid level	: 32
wp		: yes
flags		: fpu vme de pse tsc msr pae mce cx8 apic sep mtrr pge mca cmov pat pse36 clflush dts acpi mmx fxsr sse sse2 ss ht tm pbe syscall nx pdpe1gb rdtscp lm constant_tsc art arch_perfmon pebs bts rep_good nopl xtopology nonstop_tsc cpuid aperfmperf tsc_known_freq pni pclmulqdq dtes64 monitor ds_cpl vmx smx est tm2 ssse3 sdbg fma cx16 xtpr pdcm pcid dca sse4_1 sse4_2 x2apic movbe popcnt tsc_deadline_timer aes xsave avx f16c rdrand lahf_lm abm 3dnowprefetch cpuid_fault epb cat_l3 cat_l2 cdp_l3 cdp_l2 ssbd mba ibrs ibpb stibp ibrs_enhanced tpr_shadow flexpriority ept vpid ept_ad fsgsbase tsc_adjust bmi1 avx2 smep bmi2 erms invpcid cqm rdt_a avx512f avx512dq rdseed adx smap avx512ifma clflushopt clwb intel_pt avx512cd sha_ni avx512bw avx512vl xsaveopt xsavec xgetbv1 xsaves cqm_llc cqm_occup_llc cqm_mbm_total cqm_mbm_local split_lock_detect user_shstk avx_vnni avx512_bf16 wbnoinvd dtherm ida arat pln pts vnmi avx512vbmi umip pku ospke waitpkg avx512_vbmi2 gfni vaes vpclmulqdq avx512_vnni avx512_bitalg avx512_vpopcntdq la57 rdpid bus_lock_detect cldemote movdiri movdir64b enqcmd fsrm md_clear serialize tsxldtrk pconfig arch_lbr ibt amx_bf16 avx512_fp16 amx_tile amx_int8 flush_l1d arch_capabilities
vmx flags	: vnmi preemption_timer posted_intr invvpid ept_x_only ept_ad ept_1gb ept_5level flexpriority apicv tsc_offset vtpr mtf vapic ept vpid unrestricted_guest vapic_reg vid ple shadow_vmcs pml ept_violation_ve ept_mode_based_exec tsc_scaling usr_wait_pause notify_vm_exiting ipi_virt
bugs		: spectre_v1 spectre_v2 spec_store_bypass swapgs eibrs_pbrsb bhi spectre_v2_user old_microcode vmscape
bogomips	: 4000.00
clflush size	: 64
cache_alignment	: 64
address sizes	: 46 bits physical, 57 bits virtual
power management:

processor	: 43
vendor_id	: GenuineIntel
cpu family	: 6
model		: 143
model name	: Intel(R) Xeon(R) Platinum 8480+
stepping	: 8
microcode	: 0x2b000639
cpu MHz		: 2591.201
cache size	: 107520 KB
physical id	: 1
siblings	: 56
core id		: 41
cpu cores	: 56
apicid		: 210
initial apicid	: 210
fpu		: yes
fpu_exception	: yes
cpuid level	: 32
wp		: yes
flags		: fpu vme de pse tsc msr pae mce cx8 apic sep mtrr pge mca cmov pat pse36 clflush dts acpi mmx fxsr sse sse2 ss ht tm pbe syscall nx pdpe1gb rdtscp lm constant_tsc art arch_perfmon pebs bts rep_good nopl xtopology nonstop_tsc cpuid aperfmperf tsc_known_freq pni pclmulqdq dtes64 monitor ds_cpl vmx smx est tm2 ssse3 sdbg fma cx16 xtpr pdcm pcid dca sse4_1 sse4_2 x2apic movbe popcnt tsc_deadline_timer aes xsave avx f16c rdrand lahf_lm abm 3dnowprefetch cpuid_fault epb cat_l3 cat_l2 cdp_l3 cdp_l2 ssbd mba ibrs ibpb stibp ibrs_enhanced tpr_shadow flexpriority ept vpid ept_ad fsgsbase tsc_adjust bmi1 avx2 smep bmi2 erms invpcid cqm rdt_a avx512f avx512dq rdseed adx smap avx512ifma clflushopt clwb intel_pt avx512cd sha_ni avx512bw avx512vl xsaveopt xsavec xgetbv1 xsaves cqm_llc cqm_occup_llc cqm_mbm_total cqm_mbm_local split_lock_detect user_shstk avx_vnni avx512_bf16 wbnoinvd dtherm ida arat pln pts vnmi avx512vbmi umip pku ospke waitpkg avx512_vbmi2 gfni vaes vpclmulqdq avx512_vnni avx512_bitalg avx512_vpopcntdq la57 rdpid bus_lock_detect cldemote movdiri movdir64b enqcmd fsrm md_clear serialize tsxldtrk pconfig arch_lbr ibt amx_bf16 avx512_fp16 amx_tile amx_int8 flush_l1d arch_capabilities
vmx flags	: vnmi preemption_timer posted_intr invvpid ept_x_only ept_ad ept_1gb ept_5level flexpriority apicv tsc_offset vtpr mtf vapic ept vpid unrestricted_guest vapic_reg vid ple shadow_vmcs pml ept_violation_ve ept_mode_based_exec tsc_scaling usr_wait_pause notify_vm_exiting ipi_virt
bugs		: spectre_v1 spectre_v2 spec_store_bypass swapgs eibrs_pbrsb bhi spectre_v2_user old_microcode vmscape
bogomips	: 4000.00
clflush size	: 64
cache_alignment	: 64
address sizes	: 46 bits physical, 57 bits virtual
power management:

processor	: 44
vendor_id	: GenuineIntel
cpu family	: 6
model		: 143
model name	: Intel(R) Xeon(R) Platinum 8480+
stepping	: 8
microcode	: 0x2b000639
cpu MHz		: 3800.000
cache size	: 107520 KB
physical id	: 0
siblings	: 56
core id		: 22
cpu cores	: 56
apicid		: 44
initial apicid	: 44
fpu		: yes
fpu_exception	: yes
cpuid level	: 32
wp		: yes
flags		: fpu vme de pse tsc msr pae mce cx8 apic sep mtrr pge mca cmov pat pse36 clflush dts acpi mmx fxsr sse sse2 ss ht tm pbe syscall nx pdpe1gb rdtscp lm constant_tsc art arch_perfmon pebs bts rep_good nopl xtopology nonstop_tsc cpuid aperfmperf tsc_known_freq pni pclmulqdq dtes64 monitor ds_cpl vmx smx est tm2 ssse3 sdbg fma cx16 xtpr pdcm pcid dca sse4_1 sse4_2 x2apic movbe popcnt tsc_deadline_timer aes xsave avx f16c rdrand lahf_lm abm 3dnowprefetch cpuid_fault epb cat_l3 cat_l2 cdp_l3 cdp_l2 ssbd mba ibrs ibpb stibp ibrs_enhanced tpr_shadow flexpriority ept vpid ept_ad fsgsbase tsc_adjust bmi1 avx2 smep bmi2 erms invpcid cqm rdt_a avx512f avx512dq rdseed adx smap avx512ifma clflushopt clwb intel_pt avx512cd sha_ni avx512bw avx512vl xsaveopt xsavec xgetbv1 xsaves cqm_llc cqm_occup_llc cqm_mbm_total cqm_mbm_local split_lock_detect user_shstk avx_vnni avx512_bf16 wbnoinvd dtherm ida arat pln pts vnmi avx512vbmi umip pku ospke waitpkg avx512_vbmi2 gfni vaes vpclmulqdq avx512_vnni avx512_bitalg avx512_vpopcntdq la57 rdpid bus_lock_detect cldemote movdiri movdir64b enqcmd fsrm md_clear serialize tsxldtrk pconfig arch_lbr ibt amx_bf16 avx512_fp16 amx_tile amx_int8 flush_l1d arch_capabilities
vmx flags	: vnmi preemption_timer posted_intr invvpid ept_x_only ept_ad ept_1gb ept_5level flexpriority apicv tsc_offset vtpr mtf vapic ept vpid unrestricted_guest vapic_reg vid ple shadow_vmcs pml ept_violation_ve ept_mode_based_exec tsc_scaling usr_wait_pause notify_vm_exiting ipi_virt
bugs		: spectre_v1 spectre_v2 spec_store_bypass swapgs eibrs_pbrsb bhi spectre_v2_user old_microcode vmscape
bogomips	: 4000.00
clflush size	: 64
cache_alignment	: 64
address sizes	: 46 bits physical, 57 bits virtual
power management:

processor	: 45
vendor_id	: GenuineIntel
cpu family	: 6
model		: 143
model name	: Intel(R) Xeon(R) Platinum 8480+
stepping	: 8
microcode	: 0x2b000639
cpu MHz		: 2670.826
cache size	: 107520 KB
physical id	: 1
siblings	: 56
core id		: 22
cpu cores	: 56
apicid		: 172
initial apicid	: 172
fpu		: yes
fpu_exception	: yes
cpuid level	: 32
wp		: yes
flags		: fpu vme de pse tsc msr pae mce cx8 apic sep mtrr pge mca cmov pat pse36 clflush dts acpi mmx fxsr sse sse2 ss ht tm pbe syscall nx pdpe1gb rdtscp lm constant_tsc art arch_perfmon pebs bts rep_good nopl xtopology nonstop_tsc cpuid aperfmperf tsc_known_freq pni pclmulqdq dtes64 monitor ds_cpl vmx smx est tm2 ssse3 sdbg fma cx16 xtpr pdcm pcid dca sse4_1 sse4_2 x2apic movbe popcnt tsc_deadline_timer aes xsave avx f16c rdrand lahf_lm abm 3dnowprefetch cpuid_fault epb cat_l3 cat_l2 cdp_l3 cdp_l2 ssbd mba ibrs ibpb stibp ibrs_enhanced tpr_shadow flexpriority ept vpid ept_ad fsgsbase tsc_adjust bmi1 avx2 smep bmi2 erms invpcid cqm rdt_a avx512f avx512dq rdseed adx smap avx512ifma clflushopt clwb intel_pt avx512cd sha_ni avx512bw avx512vl xsaveopt xsavec xgetbv1 xsaves cqm_llc cqm_occup_llc cqm_mbm_total cqm_mbm_local split_lock_detect user_shstk avx_vnni avx512_bf16 wbnoinvd dtherm ida arat pln pts vnmi avx512vbmi umip pku ospke waitpkg avx512_vbmi2 gfni vaes vpclmulqdq avx512_vnni avx512_bitalg avx512_vpopcntdq la57 rdpid bus_lock_detect cldemote movdiri movdir64b enqcmd fsrm md_clear serialize tsxldtrk pconfig arch_lbr ibt amx_bf16 avx512_fp16 amx_tile amx_int8 flush_l1d arch_capabilities
vmx flags	: vnmi preemption_timer posted_intr invvpid ept_x_only ept_ad ept_1gb ept_5level flexpriority apicv tsc_offset vtpr mtf vapic ept vpid unrestricted_guest vapic_reg vid ple shadow_vmcs pml ept_violation_ve ept_mode_based_exec tsc_scaling usr_wait_pause notify_vm_exiting ipi_virt
bugs		: spectre_v1 spectre_v2 spec_store_bypass swapgs eibrs_pbrsb bhi spectre_v2_user old_microcode vmscape
bogomips	: 4000.00
clflush size	: 64
cache_alignment	: 64
address sizes	: 46 bits physical, 57 bits virtual
power management:

processor	: 46
vendor_id	: GenuineIntel
cpu family	: 6
model		: 143
model name	: Intel(R) Xeon(R) Platinum 8480+
stepping	: 8
microcode	: 0x2b000639
cpu MHz		: 3800.000
cache size	: 107520 KB
physical id	: 0
siblings	: 56
core id		: 45
cpu cores	: 56
apicid		: 90
initial apicid	: 90
fpu		: yes
fpu_exception	: yes
cpuid level	: 32
wp		: yes
flags		: fpu vme de pse tsc msr pae mce cx8 apic sep mtrr pge mca cmov pat pse36 clflush dts acpi mmx fxsr sse sse2 ss ht tm pbe syscall nx pdpe1gb rdtscp lm constant_tsc art arch_perfmon pebs bts rep_good nopl xtopology nonstop_tsc cpuid aperfmperf tsc_known_freq pni pclmulqdq dtes64 monitor ds_cpl vmx smx est tm2 ssse3 sdbg fma cx16 xtpr pdcm pcid dca sse4_1 sse4_2 x2apic movbe popcnt tsc_deadline_timer aes xsave avx f16c rdrand lahf_lm abm 3dnowprefetch cpuid_fault epb cat_l3 cat_l2 cdp_l3 cdp_l2 ssbd mba ibrs ibpb stibp ibrs_enhanced tpr_shadow flexpriority ept vpid ept_ad fsgsbase tsc_adjust bmi1 avx2 smep bmi2 erms invpcid cqm rdt_a avx512f avx512dq rdseed adx smap avx512ifma clflushopt clwb intel_pt avx512cd sha_ni avx512bw avx512vl xsaveopt xsavec xgetbv1 xsaves cqm_llc cqm_occup_llc cqm_mbm_total cqm_mbm_local split_lock_detect user_shstk avx_vnni avx512_bf16 wbnoinvd dtherm ida arat pln pts vnmi avx512vbmi umip pku ospke waitpkg avx512_vbmi2 gfni vaes vpclmulqdq avx512_vnni avx512_bitalg avx512_vpopcntdq la57 rdpid bus_lock_detect cldemote movdiri movdir64b enqcmd fsrm md_clear serialize tsxldtrk pconfig arch_lbr ibt amx_bf16 avx512_fp16 amx_tile amx_int8 flush_l1d arch_capabilities
vmx flags	: vnmi preemption_timer posted_intr invvpid ept_x_only ept_ad ept_1gb ept_5level flexpriority apicv tsc_offset vtpr mtf vapic ept vpid unrestricted_guest vapic_reg vid ple shadow_vmcs pml ept_violation_ve ept_mode_based_exec tsc_scaling usr_wait_pause notify_vm_exiting ipi_virt
bugs		: spectre_v1 spectre_v2 spec_store_bypass swapgs eibrs_pbrsb bhi spectre_v2_user old_microcode vmscape
bogomips	: 4000.00
clflush size	: 64
cache_alignment	: 64
address sizes	: 46 bits physical, 57 bits virtual
power management:

processor	: 47
vendor_id	: GenuineIntel
cpu family	: 6
model		: 143
model name	: Intel(R) Xeon(R) Platinum 8480+
stepping	: 8
microcode	: 0x2b000639
cpu MHz		: 2624.629
cache size	: 107520 KB
physical id	: 1
siblings	: 56
core id		: 45
cpu cores	: 56
apicid		: 218
initial apicid	: 218
fpu		: yes
fpu_exception	: yes
cpuid level	: 32
wp		: yes
flags		: fpu vme de pse tsc msr pae mce cx8 apic sep mtrr pge mca cmov pat pse36 clflush dts acpi mmx fxsr sse sse2 ss ht tm pbe syscall nx pdpe1gb rdtscp lm constant_tsc art arch_perfmon pebs bts rep_good nopl xtopology nonstop_tsc cpuid aperfmperf tsc_known_freq pni pclmulqdq dtes64 monitor ds_cpl vmx smx est tm2 ssse3 sdbg fma cx16 xtpr pdcm pcid dca sse4_1 sse4_2 x2apic movbe popcnt tsc_deadline_timer aes xsave avx f16c rdrand lahf_lm abm 3dnowprefetch cpuid_fault epb cat_l3 cat_l2 cdp_l3 cdp_l2 ssbd mba ibrs ibpb stibp ibrs_enhanced tpr_shadow flexpriority ept vpid ept_ad fsgsbase tsc_adjust bmi1 avx2 smep bmi2 erms invpcid cqm rdt_a avx512f avx512dq rdseed adx smap avx512ifma clflushopt clwb intel_pt avx512cd sha_ni avx512bw avx512vl xsaveopt xsavec xgetbv1 xsaves cqm_llc cqm_occup_llc cqm_mbm_total cqm_mbm_local split_lock_detect user_shstk avx_vnni avx512_bf16 wbnoinvd dtherm ida arat pln pts vnmi avx512vbmi umip pku ospke waitpkg avx512_vbmi2 gfni vaes vpclmulqdq avx512_vnni avx512_bitalg avx512_vpopcntdq la57 rdpid bus_lock_detect cldemote movdiri movdir64b enqcmd fsrm md_clear serialize tsxldtrk pconfig arch_lbr ibt amx_bf16 avx512_fp16 amx_tile amx_int8 flush_l1d arch_capabilities
vmx flags	: vnmi preemption_timer posted_intr invvpid ept_x_only ept_ad ept_1gb ept_5level flexpriority apicv tsc_offset vtpr mtf vapic ept vpid unrestricted_guest vapic_reg vid ple shadow_vmcs pml ept_violation_ve ept_mode_based_exec tsc_scaling usr_wait_pause notify_vm_exiting ipi_virt
bugs		: spectre_v1 spectre_v2 spec_store_bypass swapgs eibrs_pbrsb bhi spectre_v2_user old_microcode vmscape
bogomips	: 4000.00
clflush size	: 64
cache_alignment	: 64
address sizes	: 46 bits physical, 57 bits virtual
power management:

processor	: 48
vendor_id	: GenuineIntel
cpu family	: 6
model		: 143
model name	: Intel(R) Xeon(R) Platinum 8480+
stepping	: 8
microcode	: 0x2b000639
cpu MHz		: 3800.000
cache size	: 107520 KB
physical id	: 0
siblings	: 56
core id		: 10
cpu cores	: 56
apicid		: 20
initial apicid	: 20
fpu		: yes
fpu_exception	: yes
cpuid level	: 32
wp		: yes
flags		: fpu vme de pse tsc msr pae mce cx8 apic sep mtrr pge mca cmov pat pse36 clflush dts acpi mmx fxsr sse sse2 ss ht tm pbe syscall nx pdpe1gb rdtscp lm constant_tsc art arch_perfmon pebs bts rep_good nopl xtopology nonstop_tsc cpuid aperfmperf tsc_known_freq pni pclmulqdq dtes64 monitor ds_cpl vmx smx est tm2 ssse3 sdbg fma cx16 xtpr pdcm pcid dca sse4_1 sse4_2 x2apic movbe popcnt tsc_deadline_timer aes xsave avx f16c rdrand lahf_lm abm 3dnowprefetch cpuid_fault epb cat_l3 cat_l2 cdp_l3 cdp_l2 ssbd mba ibrs ibpb stibp ibrs_enhanced tpr_shadow flexpriority ept vpid ept_ad fsgsbase tsc_adjust bmi1 avx2 smep bmi2 erms invpcid cqm rdt_a avx512f avx512dq rdseed adx smap avx512ifma clflushopt clwb intel_pt avx512cd sha_ni avx512bw avx512vl xsaveopt xsavec xgetbv1 xsaves cqm_llc cqm_occup_llc cqm_mbm_total cqm_mbm_local split_lock_detect user_shstk avx_vnni avx512_bf16 wbnoinvd dtherm ida arat pln pts vnmi avx512vbmi umip pku ospke waitpkg avx512_vbmi2 gfni vaes vpclmulqdq avx512_vnni avx512_bitalg avx512_vpopcntdq la57 rdpid bus_lock_detect cldemote movdiri movdir64b enqcmd fsrm md_clear serialize tsxldtrk pconfig arch_lbr ibt amx_bf16 avx512_fp16 amx_tile amx_int8 flush_l1d arch_capabilities
vmx flags	: vnmi preemption_timer posted_intr invvpid ept_x_only ept_ad ept_1gb ept_5level flexpriority apicv tsc_offset vtpr mtf vapic ept vpid unrestricted_guest vapic_reg vid ple shadow_vmcs pml ept_violation_ve ept_mode_based_exec tsc_scaling usr_wait_pause notify_vm_exiting ipi_virt
bugs		: spectre_v1 spectre_v2 spec_store_bypass swapgs eibrs_pbrsb bhi spectre_v2_user old_microcode vmscape
bogomips	: 4000.00
clflush size	: 64
cache_alignment	: 64
address sizes	: 46 bits physical, 57 bits virtual
power management:

processor	: 49
vendor_id	: GenuineIntel
cpu family	: 6
model		: 143
model name	: Intel(R) Xeon(R) Platinum 8480+
stepping	: 8
microcode	: 0x2b000639
cpu MHz		: 2679.514
cache size	: 107520 KB
physical id	: 1
siblings	: 56
core id		: 11
cpu cores	: 56
apicid		: 150
initial apicid	: 150
fpu		: yes
fpu_exception	: yes
cpuid level	: 32
wp		: yes
flags		: fpu vme de pse tsc msr pae mce cx8 apic sep mtrr pge mca cmov pat pse36 clflush dts acpi mmx fxsr sse sse2 ss ht tm pbe syscall nx pdpe1gb rdtscp lm constant_tsc art arch_perfmon pebs bts rep_good nopl xtopology nonstop_tsc cpuid aperfmperf tsc_known_freq pni pclmulqdq dtes64 monitor ds_cpl vmx smx est tm2 ssse3 sdbg fma cx16 xtpr pdcm pcid dca sse4_1 sse4_2 x2apic movbe popcnt tsc_deadline_timer aes xsave avx f16c rdrand lahf_lm abm 3dnowprefetch cpuid_fault epb cat_l3 cat_l2 cdp_l3 cdp_l2 ssbd mba ibrs ibpb stibp ibrs_enhanced tpr_shadow flexpriority ept vpid ept_ad fsgsbase tsc_adjust bmi1 avx2 smep bmi2 erms invpcid cqm rdt_a avx512f avx512dq rdseed adx smap avx512ifma clflushopt clwb intel_pt avx512cd sha_ni avx512bw avx512vl xsaveopt xsavec xgetbv1 xsaves cqm_llc cqm_occup_llc cqm_mbm_total cqm_mbm_local split_lock_detect user_shstk avx_vnni avx512_bf16 wbnoinvd dtherm ida arat pln pts vnmi avx512vbmi umip pku ospke waitpkg avx512_vbmi2 gfni vaes vpclmulqdq avx512_vnni avx512_bitalg avx512_vpopcntdq la57 rdpid bus_lock_detect cldemote movdiri movdir64b enqcmd fsrm md_clear serialize tsxldtrk pconfig arch_lbr ibt amx_bf16 avx512_fp16 amx_tile amx_int8 flush_l1d arch_capabilities
vmx flags	: vnmi preemption_timer posted_intr invvpid ept_x_only ept_ad ept_1gb ept_5level flexpriority apicv tsc_offset vtpr mtf vapic ept vpid unrestricted_guest vapic_reg vid ple shadow_vmcs pml ept_violation_ve ept_mode_based_exec tsc_scaling usr_wait_pause notify_vm_exiting ipi_virt
bugs		: spectre_v1 spectre_v2 spec_store_bypass swapgs eibrs_pbrsb bhi spectre_v2_user old_microcode vmscape
bogomips	: 4000.00
clflush size	: 64
cache_alignment	: 64
address sizes	: 46 bits physical, 57 bits virtual
power management:

processor	: 50
vendor_id	: GenuineIntel
cpu family	: 6
model		: 143
model name	: Intel(R) Xeon(R) Platinum 8480+
stepping	: 8
microcode	: 0x2b000639
cpu MHz		: 3800.000
cache size	: 107520 KB
physical id	: 0
siblings	: 56
core id		: 29
cpu cores	: 56
apicid		: 58
initial apicid	: 58
fpu		: yes
fpu_exception	: yes
cpuid level	: 32
wp		: yes
flags		: fpu vme de pse tsc msr pae mce cx8 apic sep mtrr pge mca cmov pat pse36 clflush dts acpi mmx fxsr sse sse2 ss ht tm pbe syscall nx pdpe1gb rdtscp lm constant_tsc art arch_perfmon pebs bts rep_good nopl xtopology nonstop_tsc cpuid aperfmperf tsc_known_freq pni pclmulqdq dtes64 monitor ds_cpl vmx smx est tm2 ssse3 sdbg fma cx16 xtpr pdcm pcid dca sse4_1 sse4_2 x2apic movbe popcnt tsc_deadline_timer aes xsave avx f16c rdrand lahf_lm abm 3dnowprefetch cpuid_fault epb cat_l3 cat_l2 cdp_l3 cdp_l2 ssbd mba ibrs ibpb stibp ibrs_enhanced tpr_shadow flexpriority ept vpid ept_ad fsgsbase tsc_adjust bmi1 avx2 smep bmi2 erms invpcid cqm rdt_a avx512f avx512dq rdseed adx smap avx512ifma clflushopt clwb intel_pt avx512cd sha_ni avx512bw avx512vl xsaveopt xsavec xgetbv1 xsaves cqm_llc cqm_occup_llc cqm_mbm_total cqm_mbm_local split_lock_detect user_shstk avx_vnni avx512_bf16 wbnoinvd dtherm ida arat pln pts vnmi avx512vbmi umip pku ospke waitpkg avx512_vbmi2 gfni vaes vpclmulqdq avx512_vnni avx512_bitalg avx512_vpopcntdq la57 rdpid bus_lock_detect cldemote movdiri movdir64b enqcmd fsrm md_clear serialize tsxldtrk pconfig arch_lbr ibt amx_bf16 avx512_fp16 amx_tile amx_int8 flush_l1d arch_capabilities
vmx flags	: vnmi preemption_timer posted_intr invvpid ept_x_only ept_ad ept_1gb ept_5level flexpriority apicv tsc_offset vtpr mtf vapic ept vpid unrestricted_guest vapic_reg vid ple shadow_vmcs pml ept_violation_ve ept_mode_based_exec tsc_scaling usr_wait_pause notify_vm_exiting ipi_virt
bugs		: spectre_v1 spectre_v2 spec_store_bypass swapgs eibrs_pbrsb bhi spectre_v2_user old_microcode vmscape
bogomips	: 4000.00
clflush size	: 64
cache_alignment	: 64
address sizes	: 46 bits physical, 57 bits virtual
power management:

processor	: 51
vendor_id	: GenuineIntel
cpu family	: 6
model		: 143
model name	: Intel(R) Xeon(R) Platinum 8480+
stepping	: 8
microcode	: 0x2b000639
cpu MHz		: 2777.661
cache size	: 107520 KB
physical id	: 1
siblings	: 56
core id		: 29
cpu cores	: 56
apicid		: 186
initial apicid	: 186
fpu		: yes
fpu_exception	: yes
cpuid level	: 32
wp		: yes
flags		: fpu vme de pse tsc msr pae mce cx8 apic sep mtrr pge mca cmov pat pse36 clflush dts acpi mmx fxsr sse sse2 ss ht tm pbe syscall nx pdpe1gb rdtscp lm constant_tsc art arch_perfmon pebs bts rep_good nopl xtopology nonstop_tsc cpuid aperfmperf tsc_known_freq pni pclmulqdq dtes64 monitor ds_cpl vmx smx est tm2 ssse3 sdbg fma cx16 xtpr pdcm pcid dca sse4_1 sse4_2 x2apic movbe popcnt tsc_deadline_timer aes xsave avx f16c rdrand lahf_lm abm 3dnowprefetch cpuid_fault epb cat_l3 cat_l2 cdp_l3 cdp_l2 ssbd mba ibrs ibpb stibp ibrs_enhanced tpr_shadow flexpriority ept vpid ept_ad fsgsbase tsc_adjust bmi1 avx2 smep bmi2 erms invpcid cqm rdt_a avx512f avx512dq rdseed adx smap avx512ifma clflushopt clwb intel_pt avx512cd sha_ni avx512bw avx512vl xsaveopt xsavec xgetbv1 xsaves cqm_llc cqm_occup_llc cqm_mbm_total cqm_mbm_local split_lock_detect user_shstk avx_vnni avx512_bf16 wbnoinvd dtherm ida arat pln pts vnmi avx512vbmi umip pku ospke waitpkg avx512_vbmi2 gfni vaes vpclmulqdq avx512_vnni avx512_bitalg avx512_vpopcntdq la57 rdpid bus_lock_detect cldemote movdiri movdir64b enqcmd fsrm md_clear serialize tsxldtrk pconfig arch_lbr ibt amx_bf16 avx512_fp16 amx_tile amx_int8 flush_l1d arch_capabilities
vmx flags	: vnmi preemption_timer posted_intr invvpid ept_x_only ept_ad ept_1gb ept_5level flexpriority apicv tsc_offset vtpr mtf vapic ept vpid unrestricted_guest vapic_reg vid ple shadow_vmcs pml ept_violation_ve ept_mode_based_exec tsc_scaling usr_wait_pause notify_vm_exiting ipi_virt
bugs		: spectre_v1 spectre_v2 spec_store_bypass swapgs eibrs_pbrsb bhi spectre_v2_user old_microcode vmscape
bogomips	: 4000.00
clflush size	: 64
cache_alignment	: 64
address sizes	: 46 bits physical, 57 bits virtual
power management:

processor	: 52
vendor_id	: GenuineIntel
cpu family	: 6
model		: 143
model name	: Intel(R) Xeon(R) Platinum 8480+
stepping	: 8
microcode	: 0x2b000639
cpu MHz		: 3800.000
cache size	: 107520 KB
physical id	: 0
siblings	: 56
core id		: 14
cpu cores	: 56
apicid		: 28
initial apicid	: 28
fpu		: yes
fpu_exception	: yes
cpuid level	: 32
wp		: yes
flags		: fpu vme de pse tsc msr pae mce cx8 apic sep mtrr pge mca cmov pat pse36 clflush dts acpi mmx fxsr sse sse2 ss ht tm pbe syscall nx pdpe1gb rdtscp lm constant_tsc art arch_perfmon pebs bts rep_good nopl xtopology nonstop_tsc cpuid aperfmperf tsc_known_freq pni pclmulqdq dtes64 monitor ds_cpl vmx smx est tm2 ssse3 sdbg fma cx16 xtpr pdcm pcid dca sse4_1 sse4_2 x2apic movbe popcnt tsc_deadline_timer aes xsave avx f16c rdrand lahf_lm abm 3dnowprefetch cpuid_fault epb cat_l3 cat_l2 cdp_l3 cdp_l2 ssbd mba ibrs ibpb stibp ibrs_enhanced tpr_shadow flexpriority ept vpid ept_ad fsgsbase tsc_adjust bmi1 avx2 smep bmi2 erms invpcid cqm rdt_a avx512f avx512dq rdseed adx smap avx512ifma clflushopt clwb intel_pt avx512cd sha_ni avx512bw avx512vl xsaveopt xsavec xgetbv1 xsaves cqm_llc cqm_occup_llc cqm_mbm_total cqm_mbm_local split_lock_detect user_shstk avx_vnni avx512_bf16 wbnoinvd dtherm ida arat pln pts vnmi avx512vbmi umip pku ospke waitpkg avx512_vbmi2 gfni vaes vpclmulqdq avx512_vnni avx512_bitalg avx512_vpopcntdq la57 rdpid bus_lock_detect cldemote movdiri movdir64b enqcmd fsrm md_clear serialize tsxldtrk pconfig arch_lbr ibt amx_bf16 avx512_fp16 amx_tile amx_int8 flush_l1d arch_capabilities
vmx flags	: vnmi preemption_timer posted_intr invvpid ept_x_only ept_ad ept_1gb ept_5level flexpriority apicv tsc_offset vtpr mtf vapic ept vpid unrestricted_guest vapic_reg vid ple shadow_vmcs pml ept_violation_ve ept_mode_based_exec tsc_scaling usr_wait_pause notify_vm_exiting ipi_virt
bugs		: spectre_v1 spectre_v2 spec_store_bypass swapgs eibrs_pbrsb bhi spectre_v2_user old_microcode vmscape
bogomips	: 4000.00
clflush size	: 64
cache_alignment	: 64
address sizes	: 46 bits physical, 57 bits virtual
power management:

processor	: 53
vendor_id	: GenuineIntel
cpu family	: 6
model		: 143
model name	: Intel(R) Xeon(R) Platinum 8480+
stepping	: 8
microcode	: 0x2b000639
cpu MHz		: 2626.104
cache size	: 107520 KB
physical id	: 1
siblings	: 56
core id		: 14
cpu cores	: 56
apicid		: 156
initial apicid	: 156
fpu		: yes
fpu_exception	: yes
cpuid level	: 32
wp		: yes
flags		: fpu vme de pse tsc msr pae mce cx8 apic sep mtrr pge mca cmov pat pse36 clflush dts acpi mmx fxsr sse sse2 ss ht tm pbe syscall nx pdpe1gb rdtscp lm constant_tsc art arch_perfmon pebs bts rep_good nopl xtopology nonstop_tsc cpuid aperfmperf tsc_known_freq pni pclmulqdq dtes64 monitor ds_cpl vmx smx est tm2 ssse3 sdbg fma cx16 xtpr pdcm pcid dca sse4_1 sse4_2 x2apic movbe popcnt tsc_deadline_timer aes xsave avx f16c rdrand lahf_lm abm 3dnowprefetch cpuid_fault epb cat_l3 cat_l2 cdp_l3 cdp_l2 ssbd mba ibrs ibpb stibp ibrs_enhanced tpr_shadow flexpriority ept vpid ept_ad fsgsbase tsc_adjust bmi1 avx2 smep bmi2 erms invpcid cqm rdt_a avx512f avx512dq rdseed adx smap avx512ifma clflushopt clwb intel_pt avx512cd sha_ni avx512bw avx512vl xsaveopt xsavec xgetbv1 xsaves cqm_llc cqm_occup_llc cqm_mbm_total cqm_mbm_local split_lock_detect user_shstk avx_vnni avx512_bf16 wbnoinvd dtherm ida arat pln pts vnmi avx512vbmi umip pku ospke waitpkg avx512_vbmi2 gfni vaes vpclmulqdq avx512_vnni avx512_bitalg avx512_vpopcntdq la57 rdpid bus_lock_detect cldemote movdiri movdir64b enqcmd fsrm md_clear serialize tsxldtrk pconfig arch_lbr ibt amx_bf16 avx512_fp16 amx_tile amx_int8 flush_l1d arch_capabilities
vmx flags	: vnmi preemption_timer posted_intr invvpid ept_x_only ept_ad ept_1gb ept_5level flexpriority apicv tsc_offset vtpr mtf vapic ept vpid unrestricted_guest vapic_reg vid ple shadow_vmcs pml ept_violation_ve ept_mode_based_exec tsc_scaling usr_wait_pause notify_vm_exiting ipi_virt
bugs		: spectre_v1 spectre_v2 spec_store_bypass swapgs eibrs_pbrsb bhi spectre_v2_user old_microcode vmscape
bogomips	: 4000.00
clflush size	: 64
cache_alignment	: 64
address sizes	: 46 bits physical, 57 bits virtual
power management:

processor	: 54
vendor_id	: GenuineIntel
cpu family	: 6
model		: 143
model name	: Intel(R) Xeon(R) Platinum 8480+
stepping	: 8
microcode	: 0x2b000639
cpu MHz		: 3800.000
cache size	: 107520 KB
physical id	: 0
siblings	: 56
core id		: 53
cpu cores	: 56
apicid		: 106
initial apicid	: 106
fpu		: yes
fpu_exception	: yes
cpuid level	: 32
wp		: yes
flags		: fpu vme de pse tsc msr pae mce cx8 apic sep mtrr pge mca cmov pat pse36 clflush dts acpi mmx fxsr sse sse2 ss ht tm pbe syscall nx pdpe1gb rdtscp lm constant_tsc art arch_perfmon pebs bts rep_good nopl xtopology nonstop_tsc cpuid aperfmperf tsc_known_freq pni pclmulqdq dtes64 monitor ds_cpl vmx smx est tm2 ssse3 sdbg fma cx16 xtpr pdcm pcid dca sse4_1 sse4_2 x2apic movbe popcnt tsc_deadline_timer aes xsave avx f16c rdrand lahf_lm abm 3dnowprefetch cpuid_fault epb cat_l3 cat_l2 cdp_l3 cdp_l2 ssbd mba ibrs ibpb stibp ibrs_enhanced tpr_shadow flexpriority ept vpid ept_ad fsgsbase tsc_adjust bmi1 avx2 smep bmi2 erms invpcid cqm rdt_a avx512f avx512dq rdseed adx smap avx512ifma clflushopt clwb intel_pt avx512cd sha_ni avx512bw avx512vl xsaveopt xsavec xgetbv1 xsaves cqm_llc cqm_occup_llc cqm_mbm_total cqm_mbm_local split_lock_detect user_shstk avx_vnni avx512_bf16 wbnoinvd dtherm ida arat pln pts vnmi avx512vbmi umip pku ospke waitpkg avx512_vbmi2 gfni vaes vpclmulqdq avx512_vnni avx512_bitalg avx512_vpopcntdq la57 rdpid bus_lock_detect cldemote movdiri movdir64b enqcmd fsrm md_clear serialize tsxldtrk pconfig arch_lbr ibt amx_bf16 avx512_fp16 amx_tile amx_int8 flush_l1d arch_capabilities
vmx flags	: vnmi preemption_timer posted_intr invvpid ept_x_only ept_ad ept_1gb ept_5level flexpriority apicv tsc_offset vtpr mtf vapic ept vpid unrestricted_guest vapic_reg vid ple shadow_vmcs pml ept_violation_ve ept_mode_based_exec tsc_scaling usr_wait_pause notify_vm_exiting ipi_virt
bugs		: spectre_v1 spectre_v2 spec_store_bypass swapgs eibrs_pbrsb bhi spectre_v2_user old_microcode vmscape
bogomips	: 4000.00
clflush size	: 64
cache_alignment	: 64
address sizes	: 46 bits physical, 57 bits virtual
power management:

processor	: 55
vendor_id	: GenuineIntel
cpu family	: 6
model		: 143
model name	: Intel(R) Xeon(R) Platinum 8480+
stepping	: 8
microcode	: 0x2b000639
cpu MHz		: 2558.004
cache size	: 107520 KB
physical id	: 1
siblings	: 56
core id		: 53
cpu cores	: 56
apicid		: 234
initial apicid	: 234
fpu		: yes
fpu_exception	: yes
cpuid level	: 32
wp		: yes
flags		: fpu vme de pse tsc msr pae mce cx8 apic sep mtrr pge mca cmov pat pse36 clflush dts acpi mmx fxsr sse sse2 ss ht tm pbe syscall nx pdpe1gb rdtscp lm constant_tsc art arch_perfmon pebs bts rep_good nopl xtopology nonstop_tsc cpuid aperfmperf tsc_known_freq pni pclmulqdq dtes64 monitor ds_cpl vmx smx est tm2 ssse3 sdbg fma cx16 xtpr pdcm pcid dca sse4_1 sse4_2 x2apic movbe popcnt tsc_deadline_timer aes xsave avx f16c rdrand lahf_lm abm 3dnowprefetch cpuid_fault epb cat_l3 cat_l2 cdp_l3 cdp_l2 ssbd mba ibrs ibpb stibp ibrs_enhanced tpr_shadow flexpriority ept vpid ept_ad fsgsbase tsc_adjust bmi1 avx2 smep bmi2 erms invpcid cqm rdt_a avx512f avx512dq rdseed adx smap avx512ifma clflushopt clwb intel_pt avx512cd sha_ni avx512bw avx512vl xsaveopt xsavec xgetbv1 xsaves cqm_llc cqm_occup_llc cqm_mbm_total cqm_mbm_local split_lock_detect user_shstk avx_vnni avx512_bf16 wbnoinvd dtherm ida arat pln pts vnmi avx512vbmi umip pku ospke waitpkg avx512_vbmi2 gfni vaes vpclmulqdq avx512_vnni avx512_bitalg avx512_vpopcntdq la57 rdpid bus_lock_detect cldemote movdiri movdir64b enqcmd fsrm md_clear serialize tsxldtrk pconfig arch_lbr ibt amx_bf16 avx512_fp16 amx_tile amx_int8 flush_l1d arch_capabilities
vmx flags	: vnmi preemption_timer posted_intr invvpid ept_x_only ept_ad ept_1gb ept_5level flexpriority apicv tsc_offset vtpr mtf vapic ept vpid unrestricted_guest vapic_reg vid ple shadow_vmcs pml ept_violation_ve ept_mode_based_exec tsc_scaling usr_wait_pause notify_vm_exiting ipi_virt
bugs		: spectre_v1 spectre_v2 spec_store_bypass swapgs eibrs_pbrsb bhi spectre_v2_user old_microcode vmscape
bogomips	: 4000.00
clflush size	: 64
cache_alignment	: 64
address sizes	: 46 bits physical, 57 bits virtual
power management:

processor	: 56
vendor_id	: GenuineIntel
cpu family	: 6
model		: 143
model name	: Intel(R) Xeon(R) Platinum 8480+
stepping	: 8
microcode	: 0x2b000639
cpu MHz		: 3800.000
cache size	: 107520 KB
physical id	: 0
siblings	: 56
core id		: 2
cpu cores	: 56
apicid		: 4
initial apicid	: 4
fpu		: yes
fpu_exception	: yes
cpuid level	: 32
wp		: yes
flags		: fpu vme de pse tsc msr pae mce cx8 apic sep mtrr pge mca cmov pat pse36 clflush dts acpi mmx fxsr sse sse2 ss ht tm pbe syscall nx pdpe1gb rdtscp lm constant_tsc art arch_perfmon pebs bts rep_good nopl xtopology nonstop_tsc cpuid aperfmperf tsc_known_freq pni pclmulqdq dtes64 monitor ds_cpl vmx smx est tm2 ssse3 sdbg fma cx16 xtpr pdcm pcid dca sse4_1 sse4_2 x2apic movbe popcnt tsc_deadline_timer aes xsave avx f16c rdrand lahf_lm abm 3dnowprefetch cpuid_fault epb cat_l3 cat_l2 cdp_l3 cdp_l2 ssbd mba ibrs ibpb stibp ibrs_enhanced tpr_shadow flexpriority ept vpid ept_ad fsgsbase tsc_adjust bmi1 avx2 smep bmi2 erms invpcid cqm rdt_a avx512f avx512dq rdseed adx smap avx512ifma clflushopt clwb intel_pt avx512cd sha_ni avx512bw avx512vl xsaveopt xsavec xgetbv1 xsaves cqm_llc cqm_occup_llc cqm_mbm_total cqm_mbm_local split_lock_detect user_shstk avx_vnni avx512_bf16 wbnoinvd dtherm ida arat pln pts vnmi avx512vbmi umip pku ospke waitpkg avx512_vbmi2 gfni vaes vpclmulqdq avx512_vnni avx512_bitalg avx512_vpopcntdq la57 rdpid bus_lock_detect cldemote movdiri movdir64b enqcmd fsrm md_clear serialize tsxldtrk pconfig arch_lbr ibt amx_bf16 avx512_fp16 amx_tile amx_int8 flush_l1d arch_capabilities
vmx flags	: vnmi preemption_timer posted_intr invvpid ept_x_only ept_ad ept_1gb ept_5level flexpriority apicv tsc_offset vtpr mtf vapic ept vpid unrestricted_guest vapic_reg vid ple shadow_vmcs pml ept_violation_ve ept_mode_based_exec tsc_scaling usr_wait_pause notify_vm_exiting ipi_virt
bugs		: spectre_v1 spectre_v2 spec_store_bypass swapgs eibrs_pbrsb bhi spectre_v2_user old_microcode vmscape
bogomips	: 4000.00
clflush size	: 64
cache_alignment	: 64
address sizes	: 46 bits physical, 57 bits virtual
power management:

processor	: 57
vendor_id	: GenuineIntel
cpu family	: 6
model		: 143
model name	: Intel(R) Xeon(R) Platinum 8480+
stepping	: 8
microcode	: 0x2b000639
cpu MHz		: 2597.251
cache size	: 107520 KB
physical id	: 1
siblings	: 56
core id		: 2
cpu cores	: 56
apicid		: 132
initial apicid	: 132
fpu		: yes
fpu_exception	: yes
cpuid level	: 32
wp		: yes
flags		: fpu vme de pse tsc msr pae mce cx8 apic sep mtrr pge mca cmov pat pse36 clflush dts acpi mmx fxsr sse sse2 ss ht tm pbe syscall nx pdpe1gb rdtscp lm constant_tsc art arch_perfmon pebs bts rep_good nopl xtopology nonstop_tsc cpuid aperfmperf tsc_known_freq pni pclmulqdq dtes64 monitor ds_cpl vmx smx est tm2 ssse3 sdbg fma cx16 xtpr pdcm pcid dca sse4_1 sse4_2 x2apic movbe popcnt tsc_deadline_timer aes xsave avx f16c rdrand lahf_lm abm 3dnowprefetch cpuid_fault epb cat_l3 cat_l2 cdp_l3 cdp_l2 ssbd mba ibrs ibpb stibp ibrs_enhanced tpr_shadow flexpriority ept vpid ept_ad fsgsbase tsc_adjust bmi1 avx2 smep bmi2 erms invpcid cqm rdt_a avx512f avx512dq rdseed adx smap avx512ifma clflushopt clwb intel_pt avx512cd sha_ni avx512bw avx512vl xsaveopt xsavec xgetbv1 xsaves cqm_llc cqm_occup_llc cqm_mbm_total cqm_mbm_local split_lock_detect user_shstk avx_vnni avx512_bf16 wbnoinvd dtherm ida arat pln pts vnmi avx512vbmi umip pku ospke waitpkg avx512_vbmi2 gfni vaes vpclmulqdq avx512_vnni avx512_bitalg avx512_vpopcntdq la57 rdpid bus_lock_detect cldemote movdiri movdir64b enqcmd fsrm md_clear serialize tsxldtrk pconfig arch_lbr ibt amx_bf16 avx512_fp16 amx_tile amx_int8 flush_l1d arch_capabilities
vmx flags	: vnmi preemption_timer posted_intr invvpid ept_x_only ept_ad ept_1gb ept_5level flexpriority apicv tsc_offset vtpr mtf vapic ept vpid unrestricted_guest vapic_reg vid ple shadow_vmcs pml ept_violation_ve ept_mode_based_exec tsc_scaling usr_wait_pause notify_vm_exiting ipi_virt
bugs		: spectre_v1 spectre_v2 spec_store_bypass swapgs eibrs_pbrsb bhi spectre_v2_user old_microcode vmscape
bogomips	: 4000.00
clflush size	: 64
cache_alignment	: 64
address sizes	: 46 bits physical, 57 bits virtual
power management:

processor	: 58
vendor_id	: GenuineIntel
cpu family	: 6
model		: 143
model name	: Intel(R) Xeon(R) Platinum 8480+
stepping	: 8
microcode	: 0x2b000639
cpu MHz		: 3800.000
cache size	: 107520 KB
physical id	: 0
siblings	: 56
core id		: 32
cpu cores	: 56
apicid		: 64
initial apicid	: 64
fpu		: yes
fpu_exception	: yes
cpuid level	: 32
wp		: yes
flags		: fpu vme de pse tsc msr pae mce cx8 apic sep mtrr pge mca cmov pat pse36 clflush dts acpi mmx fxsr sse sse2 ss ht tm pbe syscall nx pdpe1gb rdtscp lm constant_tsc art arch_perfmon pebs bts rep_good nopl xtopology nonstop_tsc cpuid aperfmperf tsc_known_freq pni pclmulqdq dtes64 monitor ds_cpl vmx smx est tm2 ssse3 sdbg fma cx16 xtpr pdcm pcid dca sse4_1 sse4_2 x2apic movbe popcnt tsc_deadline_timer aes xsave avx f16c rdrand lahf_lm abm 3dnowprefetch cpuid_fault epb cat_l3 cat_l2 cdp_l3 cdp_l2 ssbd mba ibrs ibpb stibp ibrs_enhanced tpr_shadow flexpriority ept vpid ept_ad fsgsbase tsc_adjust bmi1 avx2 smep bmi2 erms invpcid cqm rdt_a avx512f avx512dq rdseed adx smap avx512ifma clflushopt clwb intel_pt avx512cd sha_ni avx512bw avx512vl xsaveopt xsavec xgetbv1 xsaves cqm_llc cqm_occup_llc cqm_mbm_total cqm_mbm_local split_lock_detect user_shstk avx_vnni avx512_bf16 wbnoinvd dtherm ida arat pln pts vnmi avx512vbmi umip pku ospke waitpkg avx512_vbmi2 gfni vaes vpclmulqdq avx512_vnni avx512_bitalg avx512_vpopcntdq la57 rdpid bus_lock_detect cldemote movdiri movdir64b enqcmd fsrm md_clear serialize tsxldtrk pconfig arch_lbr ibt amx_bf16 avx512_fp16 amx_tile amx_int8 flush_l1d arch_capabilities
vmx flags	: vnmi preemption_timer posted_intr invvpid ept_x_only ept_ad ept_1gb ept_5level flexpriority apicv tsc_offset vtpr mtf vapic ept vpid unrestricted_guest vapic_reg vid ple shadow_vmcs pml ept_violation_ve ept_mode_based_exec tsc_scaling usr_wait_pause notify_vm_exiting ipi_virt
bugs		: spectre_v1 spectre_v2 spec_store_bypass swapgs eibrs_pbrsb bhi spectre_v2_user old_microcode vmscape
bogomips	: 4000.00
clflush size	: 64
cache_alignment	: 64
address sizes	: 46 bits physical, 57 bits virtual
power management:

processor	: 59
vendor_id	: GenuineIntel
cpu family	: 6
model		: 143
model name	: Intel(R) Xeon(R) Platinum 8480+
stepping	: 8
microcode	: 0x2b000639
cpu MHz		: 2683.028
cache size	: 107520 KB
physical id	: 1
siblings	: 56
core id		: 32
cpu cores	: 56
apicid		: 192
initial apicid	: 192
fpu		: yes
fpu_exception	: yes
cpuid level	: 32
wp		: yes
flags		: fpu vme de pse tsc msr pae mce cx8 apic sep mtrr pge mca cmov pat pse36 clflush dts acpi mmx fxsr sse sse2 ss ht tm pbe syscall nx pdpe1gb rdtscp lm constant_tsc art arch_perfmon pebs bts rep_good nopl xtopology nonstop_tsc cpuid aperfmperf tsc_known_freq pni pclmulqdq dtes64 monitor ds_cpl vmx smx est tm2 ssse3 sdbg fma cx16 xtpr pdcm pcid dca sse4_1 sse4_2 x2apic movbe popcnt tsc_deadline_timer aes xsave avx f16c rdrand lahf_lm abm 3dnowprefetch cpuid_fault epb cat_l3 cat_l2 cdp_l3 cdp_l2 ssbd mba ibrs ibpb stibp ibrs_enhanced tpr_shadow flexpriority ept vpid ept_ad fsgsbase tsc_adjust bmi1 avx2 smep bmi2 erms invpcid cqm rdt_a avx512f avx512dq rdseed adx smap avx512ifma clflushopt clwb intel_pt avx512cd sha_ni avx512bw avx512vl xsaveopt xsavec xgetbv1 xsaves cqm_llc cqm_occup_llc cqm_mbm_total cqm_mbm_local split_lock_detect user_shstk avx_vnni avx512_bf16 wbnoinvd dtherm ida arat pln pts vnmi avx512vbmi umip pku ospke waitpkg avx512_vbmi2 gfni vaes vpclmulqdq avx512_vnni avx512_bitalg avx512_vpopcntdq la57 rdpid bus_lock_detect cldemote movdiri movdir64b enqcmd fsrm md_clear serialize tsxldtrk pconfig arch_lbr ibt amx_bf16 avx512_fp16 amx_tile amx_int8 flush_l1d arch_capabilities
vmx flags	: vnmi preemption_timer posted_intr invvpid ept_x_only ept_ad ept_1gb ept_5level flexpriority apicv tsc_offset vtpr mtf vapic ept vpid unrestricted_guest vapic_reg vid ple shadow_vmcs pml ept_violation_ve ept_mode_based_exec tsc_scaling usr_wait_pause notify_vm_exiting ipi_virt
bugs		: spectre_v1 spectre_v2 spec_store_bypass swapgs eibrs_pbrsb bhi spectre_v2_user old_microcode vmscape
bogomips	: 4000.00
clflush size	: 64
cache_alignment	: 64
address sizes	: 46 bits physical, 57 bits virtual
power management:

processor	: 60
vendor_id	: GenuineIntel
cpu family	: 6
model		: 143
model name	: Intel(R) Xeon(R) Platinum 8480+
stepping	: 8
microcode	: 0x2b000639
cpu MHz		: 3000.000
cache size	: 107520 KB
physical id	: 0
siblings	: 56
core id		: 26
cpu cores	: 56
apicid		: 52
initial apicid	: 52
fpu		: yes
fpu_exception	: yes
cpuid level	: 32
wp		: yes
flags		: fpu vme de pse tsc msr pae mce cx8 apic sep mtrr pge mca cmov pat pse36 clflush dts acpi mmx fxsr sse sse2 ss ht tm pbe syscall nx pdpe1gb rdtscp lm constant_tsc art arch_perfmon pebs bts rep_good nopl xtopology nonstop_tsc cpuid aperfmperf tsc_known_freq pni pclmulqdq dtes64 monitor ds_cpl vmx smx est tm2 ssse3 sdbg fma cx16 xtpr pdcm pcid dca sse4_1 sse4_2 x2apic movbe popcnt tsc_deadline_timer aes xsave avx f16c rdrand lahf_lm abm 3dnowprefetch cpuid_fault epb cat_l3 cat_l2 cdp_l3 cdp_l2 ssbd mba ibrs ibpb stibp ibrs_enhanced tpr_shadow flexpriority ept vpid ept_ad fsgsbase tsc_adjust bmi1 avx2 smep bmi2 erms invpcid cqm rdt_a avx512f avx512dq rdseed adx smap avx512ifma clflushopt clwb intel_pt avx512cd sha_ni avx512bw avx512vl xsaveopt xsavec xgetbv1 xsaves cqm_llc cqm_occup_llc cqm_mbm_total cqm_mbm_local split_lock_detect user_shstk avx_vnni avx512_bf16 wbnoinvd dtherm ida arat pln pts vnmi avx512vbmi umip pku ospke waitpkg avx512_vbmi2 gfni vaes vpclmulqdq avx512_vnni avx512_bitalg avx512_vpopcntdq la57 rdpid bus_lock_detect cldemote movdiri movdir64b enqcmd fsrm md_clear serialize tsxldtrk pconfig arch_lbr ibt amx_bf16 avx512_fp16 amx_tile amx_int8 flush_l1d arch_capabilities
vmx flags	: vnmi preemption_timer posted_intr invvpid ept_x_only ept_ad ept_1gb ept_5level flexpriority apicv tsc_offset vtpr mtf vapic ept vpid unrestricted_guest vapic_reg vid ple shadow_vmcs pml ept_violation_ve ept_mode_based_exec tsc_scaling usr_wait_pause notify_vm_exiting ipi_virt
bugs		: spectre_v1 spectre_v2 spec_store_bypass swapgs eibrs_pbrsb bhi spectre_v2_user old_microcode vmscape
bogomips	: 4000.00
clflush size	: 64
cache_alignment	: 64
address sizes	: 46 bits physical, 57 bits virtual
power management:

processor	: 61
vendor_id	: GenuineIntel
cpu family	: 6
model		: 143
model name	: Intel(R) Xeon(R) Platinum 8480+
stepping	: 8
microcode	: 0x2b000639
cpu MHz		: 2903.445
cache size	: 107520 KB
physical id	: 1
siblings	: 56
core id		: 26
cpu cores	: 56
apicid		: 180
initial apicid	: 180
fpu		: yes
fpu_exception	: yes
cpuid level	: 32
wp		: yes
flags		: fpu vme de pse tsc msr pae mce cx8 apic sep mtrr pge mca cmov pat pse36 clflush dts acpi mmx fxsr sse sse2 ss ht tm pbe syscall nx pdpe1gb rdtscp lm constant_tsc art arch_perfmon pebs bts rep_good nopl xtopology nonstop_tsc cpuid aperfmperf tsc_known_freq pni pclmulqdq dtes64 monitor ds_cpl vmx smx est tm2 ssse3 sdbg fma cx16 xtpr pdcm pcid dca sse4_1 sse4_2 x2apic movbe popcnt tsc_deadline_timer aes xsave avx f16c rdrand lahf_lm abm 3dnowprefetch cpuid_fault epb cat_l3 cat_l2 cdp_l3 cdp_l2 ssbd mba ibrs ibpb stibp ibrs_enhanced tpr_shadow flexpriority ept vpid ept_ad fsgsbase tsc_adjust bmi1 avx2 smep bmi2 erms invpcid cqm rdt_a avx512f avx512dq rdseed adx smap avx512ifma clflushopt clwb intel_pt avx512cd sha_ni avx512bw avx512vl xsaveopt xsavec xgetbv1 xsaves cqm_llc cqm_occup_llc cqm_mbm_total cqm_mbm_local split_lock_detect user_shstk avx_vnni avx512_bf16 wbnoinvd dtherm ida arat pln pts vnmi avx512vbmi umip pku ospke waitpkg avx512_vbmi2 gfni vaes vpclmulqdq avx512_vnni avx512_bitalg avx512_vpopcntdq la57 rdpid bus_lock_detect cldemote movdiri movdir64b enqcmd fsrm md_clear serialize tsxldtrk pconfig arch_lbr ibt amx_bf16 avx512_fp16 amx_tile amx_int8 flush_l1d arch_capabilities
vmx flags	: vnmi preemption_timer posted_intr invvpid ept_x_only ept_ad ept_1gb ept_5level flexpriority apicv tsc_offset vtpr mtf vapic ept vpid unrestricted_guest vapic_reg vid ple shadow_vmcs pml ept_violation_ve ept_mode_based_exec tsc_scaling usr_wait_pause notify_vm_exiting ipi_virt
bugs		: spectre_v1 spectre_v2 spec_store_bypass swapgs eibrs_pbrsb bhi spectre_v2_user old_microcode vmscape
bogomips	: 4000.00
clflush size	: 64
cache_alignment	: 64
address sizes	: 46 bits physical, 57 bits virtual
power management:

processor	: 62
vendor_id	: GenuineIntel
cpu family	: 6
model		: 143
model name	: Intel(R) Xeon(R) Platinum 8480+
stepping	: 8
microcode	: 0x2b000639
cpu MHz		: 3800.000
cache size	: 107520 KB
physical id	: 0
siblings	: 56
core id		: 50
cpu cores	: 56
apicid		: 100
initial apicid	: 100
fpu		: yes
fpu_exception	: yes
cpuid level	: 32
wp		: yes
flags		: fpu vme de pse tsc msr pae mce cx8 apic sep mtrr pge mca cmov pat pse36 clflush dts acpi mmx fxsr sse sse2 ss ht tm pbe syscall nx pdpe1gb rdtscp lm constant_tsc art arch_perfmon pebs bts rep_good nopl xtopology nonstop_tsc cpuid aperfmperf tsc_known_freq pni pclmulqdq dtes64 monitor ds_cpl vmx smx est tm2 ssse3 sdbg fma cx16 xtpr pdcm pcid dca sse4_1 sse4_2 x2apic movbe popcnt tsc_deadline_timer aes xsave avx f16c rdrand lahf_lm abm 3dnowprefetch cpuid_fault epb cat_l3 cat_l2 cdp_l3 cdp_l2 ssbd mba ibrs ibpb stibp ibrs_enhanced tpr_shadow flexpriority ept vpid ept_ad fsgsbase tsc_adjust bmi1 avx2 smep bmi2 erms invpcid cqm rdt_a avx512f avx512dq rdseed adx smap avx512ifma clflushopt clwb intel_pt avx512cd sha_ni avx512bw avx512vl xsaveopt xsavec xgetbv1 xsaves cqm_llc cqm_occup_llc cqm_mbm_total cqm_mbm_local split_lock_detect user_shstk avx_vnni avx512_bf16 wbnoinvd dtherm ida arat pln pts vnmi avx512vbmi umip pku ospke waitpkg avx512_vbmi2 gfni vaes vpclmulqdq avx512_vnni avx512_bitalg avx512_vpopcntdq la57 rdpid bus_lock_detect cldemote movdiri movdir64b enqcmd fsrm md_clear serialize tsxldtrk pconfig arch_lbr ibt amx_bf16 avx512_fp16 amx_tile amx_int8 flush_l1d arch_capabilities
vmx flags	: vnmi preemption_timer posted_intr invvpid ept_x_only ept_ad ept_1gb ept_5level flexpriority apicv tsc_offset vtpr mtf vapic ept vpid unrestricted_guest vapic_reg vid ple shadow_vmcs pml ept_violation_ve ept_mode_based_exec tsc_scaling usr_wait_pause notify_vm_exiting ipi_virt
bugs		: spectre_v1 spectre_v2 spec_store_bypass swapgs eibrs_pbrsb bhi spectre_v2_user old_microcode vmscape
bogomips	: 4000.00
clflush size	: 64
cache_alignment	: 64
address sizes	: 46 bits physical, 57 bits virtual
power management:

processor	: 63
vendor_id	: GenuineIntel
cpu family	: 6
model		: 143
model name	: Intel(R) Xeon(R) Platinum 8480+
stepping	: 8
microcode	: 0x2b000639
cpu MHz		: 2616.564
cache size	: 107520 KB
physical id	: 1
siblings	: 56
core id		: 49
cpu cores	: 56
apicid		: 226
initial apicid	: 226
fpu		: yes
fpu_exception	: yes
cpuid level	: 32
wp		: yes
flags		: fpu vme de pse tsc msr pae mce cx8 apic sep mtrr pge mca cmov pat pse36 clflush dts acpi mmx fxsr sse sse2 ss ht tm pbe syscall nx pdpe1gb rdtscp lm constant_tsc art arch_perfmon pebs bts rep_good nopl xtopology nonstop_tsc cpuid aperfmperf tsc_known_freq pni pclmulqdq dtes64 monitor ds_cpl vmx smx est tm2 ssse3 sdbg fma cx16 xtpr pdcm pcid dca sse4_1 sse4_2 x2apic movbe popcnt tsc_deadline_timer aes xsave avx f16c rdrand lahf_lm abm 3dnowprefetch cpuid_fault epb cat_l3 cat_l2 cdp_l3 cdp_l2 ssbd mba ibrs ibpb stibp ibrs_enhanced tpr_shadow flexpriority ept vpid ept_ad fsgsbase tsc_adjust bmi1 avx2 smep bmi2 erms invpcid cqm rdt_a avx512f avx512dq rdseed adx smap avx512ifma clflushopt clwb intel_pt avx512cd sha_ni avx512bw avx512vl xsaveopt xsavec xgetbv1 xsaves cqm_llc cqm_occup_llc cqm_mbm_total cqm_mbm_local split_lock_detect user_shstk avx_vnni avx512_bf16 wbnoinvd dtherm ida arat pln pts vnmi avx512vbmi umip pku ospke waitpkg avx512_vbmi2 gfni vaes vpclmulqdq avx512_vnni avx512_bitalg avx512_vpopcntdq la57 rdpid bus_lock_detect cldemote movdiri movdir64b enqcmd fsrm md_clear serialize tsxldtrk pconfig arch_lbr ibt amx_bf16 avx512_fp16 amx_tile amx_int8 flush_l1d arch_capabilities
vmx flags	: vnmi preemption_timer posted_intr invvpid ept_x_only ept_ad ept_1gb ept_5level flexpriority apicv tsc_offset vtpr mtf vapic ept vpid unrestricted_guest vapic_reg vid ple shadow_vmcs pml ept_violation_ve ept_mode_based_exec tsc_scaling usr_wait_pause notify_vm_exiting ipi_virt
bugs		: spectre_v1 spectre_v2 spec_store_bypass swapgs eibrs_pbrsb bhi spectre_v2_user old_microcode vmscape
bogomips	: 4000.00
clflush size	: 64
cache_alignment	: 64
address sizes	: 46 bits physical, 57 bits virtual
power management:

processor	: 64
vendor_id	: GenuineIntel
cpu family	: 6
model		: 143
model name	: Intel(R) Xeon(R) Platinum 8480+
stepping	: 8
microcode	: 0x2b000639
cpu MHz		: 2748.841
cache size	: 107520 KB
physical id	: 0
siblings	: 56
core id		: 6
cpu cores	: 56
apicid		: 12
initial apicid	: 12
fpu		: yes
fpu_exception	: yes
cpuid level	: 32
wp		: yes
flags		: fpu vme de pse tsc msr pae mce cx8 apic sep mtrr pge mca cmov pat pse36 clflush dts acpi mmx fxsr sse sse2 ss ht tm pbe syscall nx pdpe1gb rdtscp lm constant_tsc art arch_perfmon pebs bts rep_good nopl xtopology nonstop_tsc cpuid aperfmperf tsc_known_freq pni pclmulqdq dtes64 monitor ds_cpl vmx smx est tm2 ssse3 sdbg fma cx16 xtpr pdcm pcid dca sse4_1 sse4_2 x2apic movbe popcnt tsc_deadline_timer aes xsave avx f16c rdrand lahf_lm abm 3dnowprefetch cpuid_fault epb cat_l3 cat_l2 cdp_l3 cdp_l2 ssbd mba ibrs ibpb stibp ibrs_enhanced tpr_shadow flexpriority ept vpid ept_ad fsgsbase tsc_adjust bmi1 avx2 smep bmi2 erms invpcid cqm rdt_a avx512f avx512dq rdseed adx smap avx512ifma clflushopt clwb intel_pt avx512cd sha_ni avx512bw avx512vl xsaveopt xsavec xgetbv1 xsaves cqm_llc cqm_occup_llc cqm_mbm_total cqm_mbm_local split_lock_detect user_shstk avx_vnni avx512_bf16 wbnoinvd dtherm ida arat pln pts vnmi avx512vbmi umip pku ospke waitpkg avx512_vbmi2 gfni vaes vpclmulqdq avx512_vnni avx512_bitalg avx512_vpopcntdq la57 rdpid bus_lock_detect cldemote movdiri movdir64b enqcmd fsrm md_clear serialize tsxldtrk pconfig arch_lbr ibt amx_bf16 avx512_fp16 amx_tile amx_int8 flush_l1d arch_capabilities
vmx flags	: vnmi preemption_timer posted_intr invvpid ept_x_only ept_ad ept_1gb ept_5level flexpriority apicv tsc_offset vtpr mtf vapic ept vpid unrestricted_guest vapic_reg vid ple shadow_vmcs pml ept_violation_ve ept_mode_based_exec tsc_scaling usr_wait_pause notify_vm_exiting ipi_virt
bugs		: spectre_v1 spectre_v2 spec_store_bypass swapgs eibrs_pbrsb bhi spectre_v2_user old_microcode vmscape
bogomips	: 4000.00
clflush size	: 64
cache_alignment	: 64
address sizes	: 46 bits physical, 57 bits virtual
power management:

processor	: 65
vendor_id	: GenuineIntel
cpu family	: 6
model		: 143
model name	: Intel(R) Xeon(R) Platinum 8480+
stepping	: 8
microcode	: 0x2b000639
cpu MHz		: 2787.004
cache size	: 107520 KB
physical id	: 1
siblings	: 56
core id		: 6
cpu cores	: 56
apicid		: 140
initial apicid	: 140
fpu		: yes
fpu_exception	: yes
cpuid level	: 32
wp		: yes
flags		: fpu vme de pse tsc msr pae mce cx8 apic sep mtrr pge mca cmov pat pse36 clflush dts acpi mmx fxsr sse sse2 ss ht tm pbe syscall nx pdpe1gb rdtscp lm constant_tsc art arch_perfmon pebs bts rep_good nopl xtopology nonstop_tsc cpuid aperfmperf tsc_known_freq pni pclmulqdq dtes64 monitor ds_cpl vmx smx est tm2 ssse3 sdbg fma cx16 xtpr pdcm pcid dca sse4_1 sse4_2 x2apic movbe popcnt tsc_deadline_timer aes xsave avx f16c rdrand lahf_lm abm 3dnowprefetch cpuid_fault epb cat_l3 cat_l2 cdp_l3 cdp_l2 ssbd mba ibrs ibpb stibp ibrs_enhanced tpr_shadow flexpriority ept vpid ept_ad fsgsbase tsc_adjust bmi1 avx2 smep bmi2 erms invpcid cqm rdt_a avx512f avx512dq rdseed adx smap avx512ifma clflushopt clwb intel_pt avx512cd sha_ni avx512bw avx512vl xsaveopt xsavec xgetbv1 xsaves cqm_llc cqm_occup_llc cqm_mbm_total cqm_mbm_local split_lock_detect user_shstk avx_vnni avx512_bf16 wbnoinvd dtherm ida arat pln pts vnmi avx512vbmi umip pku ospke waitpkg avx512_vbmi2 gfni vaes vpclmulqdq avx512_vnni avx512_bitalg avx512_vpopcntdq la57 rdpid bus_lock_detect cldemote movdiri movdir64b enqcmd fsrm md_clear serialize tsxldtrk pconfig arch_lbr ibt amx_bf16 avx512_fp16 amx_tile amx_int8 flush_l1d arch_capabilities
vmx flags	: vnmi preemption_timer posted_intr invvpid ept_x_only ept_ad ept_1gb ept_5level flexpriority apicv tsc_offset vtpr mtf vapic ept vpid unrestricted_guest vapic_reg vid ple shadow_vmcs pml ept_violation_ve ept_mode_based_exec tsc_scaling usr_wait_pause notify_vm_exiting ipi_virt
bugs		: spectre_v1 spectre_v2 spec_store_bypass swapgs eibrs_pbrsb bhi spectre_v2_user old_microcode vmscape
bogomips	: 4000.00
clflush size	: 64
cache_alignment	: 64
address sizes	: 46 bits physical, 57 bits virtual
power management:

processor	: 66
vendor_id	: GenuineIntel
cpu family	: 6
model		: 143
model name	: Intel(R) Xeon(R) Platinum 8480+
stepping	: 8
microcode	: 0x2b000639
cpu MHz		: 3800.000
cache size	: 107520 KB
physical id	: 0
siblings	: 56
core id		: 36
cpu cores	: 56
apicid		: 72
initial apicid	: 72
fpu		: yes
fpu_exception	: yes
cpuid level	: 32
wp		: yes
flags		: fpu vme de pse tsc msr pae mce cx8 apic sep mtrr pge mca cmov pat pse36 clflush dts acpi mmx fxsr sse sse2 ss ht tm pbe syscall nx pdpe1gb rdtscp lm constant_tsc art arch_perfmon pebs bts rep_good nopl xtopology nonstop_tsc cpuid aperfmperf tsc_known_freq pni pclmulqdq dtes64 monitor ds_cpl vmx smx est tm2 ssse3 sdbg fma cx16 xtpr pdcm pcid dca sse4_1 sse4_2 x2apic movbe popcnt tsc_deadline_timer aes xsave avx f16c rdrand lahf_lm abm 3dnowprefetch cpuid_fault epb cat_l3 cat_l2 cdp_l3 cdp_l2 ssbd mba ibrs ibpb stibp ibrs_enhanced tpr_shadow flexpriority ept vpid ept_ad fsgsbase tsc_adjust bmi1 avx2 smep bmi2 erms invpcid cqm rdt_a avx512f avx512dq rdseed adx smap avx512ifma clflushopt clwb intel_pt avx512cd sha_ni avx512bw avx512vl xsaveopt xsavec xgetbv1 xsaves cqm_llc cqm_occup_llc cqm_mbm_total cqm_mbm_local split_lock_detect user_shstk avx_vnni avx512_bf16 wbnoinvd dtherm ida arat pln pts vnmi avx512vbmi umip pku ospke waitpkg avx512_vbmi2 gfni vaes vpclmulqdq avx512_vnni avx512_bitalg avx512_vpopcntdq la57 rdpid bus_lock_detect cldemote movdiri movdir64b enqcmd fsrm md_clear serialize tsxldtrk pconfig arch_lbr ibt amx_bf16 avx512_fp16 amx_tile amx_int8 flush_l1d arch_capabilities
vmx flags	: vnmi preemption_timer posted_intr invvpid ept_x_only ept_ad ept_1gb ept_5level flexpriority apicv tsc_offset vtpr mtf vapic ept vpid unrestricted_guest vapic_reg vid ple shadow_vmcs pml ept_violation_ve ept_mode_based_exec tsc_scaling usr_wait_pause notify_vm_exiting ipi_virt
bugs		: spectre_v1 spectre_v2 spec_store_bypass swapgs eibrs_pbrsb bhi spectre_v2_user old_microcode vmscape
bogomips	: 4000.00
clflush size	: 64
cache_alignment	: 64
address sizes	: 46 bits physical, 57 bits virtual
power management:

processor	: 67
vendor_id	: GenuineIntel
cpu family	: 6
model		: 143
model name	: Intel(R) Xeon(R) Platinum 8480+
stepping	: 8
microcode	: 0x2b000639
cpu MHz		: 2818.624
cache size	: 107520 KB
physical id	: 1
siblings	: 56
core id		: 36
cpu cores	: 56
apicid		: 200
initial apicid	: 200
fpu		: yes
fpu_exception	: yes
cpuid level	: 32
wp		: yes
flags		: fpu vme de pse tsc msr pae mce cx8 apic sep mtrr pge mca cmov pat pse36 clflush dts acpi mmx fxsr sse sse2 ss ht tm pbe syscall nx pdpe1gb rdtscp lm constant_tsc art arch_perfmon pebs bts rep_good nopl xtopology nonstop_tsc cpuid aperfmperf tsc_known_freq pni pclmulqdq dtes64 monitor ds_cpl vmx smx est tm2 ssse3 sdbg fma cx16 xtpr pdcm pcid dca sse4_1 sse4_2 x2apic movbe popcnt tsc_deadline_timer aes xsave avx f16c rdrand lahf_lm abm 3dnowprefetch cpuid_fault epb cat_l3 cat_l2 cdp_l3 cdp_l2 ssbd mba ibrs ibpb stibp ibrs_enhanced tpr_shadow flexpriority ept vpid ept_ad fsgsbase tsc_adjust bmi1 avx2 smep bmi2 erms invpcid cqm rdt_a avx512f avx512dq rdseed adx smap avx512ifma clflushopt clwb intel_pt avx512cd sha_ni avx512bw avx512vl xsaveopt xsavec xgetbv1 xsaves cqm_llc cqm_occup_llc cqm_mbm_total cqm_mbm_local split_lock_detect user_shstk avx_vnni avx512_bf16 wbnoinvd dtherm ida arat pln pts vnmi avx512vbmi umip pku ospke waitpkg avx512_vbmi2 gfni vaes vpclmulqdq avx512_vnni avx512_bitalg avx512_vpopcntdq la57 rdpid bus_lock_detect cldemote movdiri movdir64b enqcmd fsrm md_clear serialize tsxldtrk pconfig arch_lbr ibt amx_bf16 avx512_fp16 amx_tile amx_int8 flush_l1d arch_capabilities
vmx flags	: vnmi preemption_timer posted_intr invvpid ept_x_only ept_ad ept_1gb ept_5level flexpriority apicv tsc_offset vtpr mtf vapic ept vpid unrestricted_guest vapic_reg vid ple shadow_vmcs pml ept_violation_ve ept_mode_based_exec tsc_scaling usr_wait_pause notify_vm_exiting ipi_virt
bugs		: spectre_v1 spectre_v2 spec_store_bypass swapgs eibrs_pbrsb bhi spectre_v2_user old_microcode vmscape
bogomips	: 4000.00
clflush size	: 64
cache_alignment	: 64
address sizes	: 46 bits physical, 57 bits virtual
power management:

processor	: 68
vendor_id	: GenuineIntel
cpu family	: 6
model		: 143
model name	: Intel(R) Xeon(R) Platinum 8480+
stepping	: 8
microcode	: 0x2b000639
cpu MHz		: 3800.000
cache size	: 107520 KB
physical id	: 0
siblings	: 56
core id		: 23
cpu cores	: 56
apicid		: 46
initial apicid	: 46
fpu		: yes
fpu_exception	: yes
cpuid level	: 32
wp		: yes
flags		: fpu vme de pse tsc msr pae mce cx8 apic sep mtrr pge mca cmov pat pse36 clflush dts acpi mmx fxsr sse sse2 ss ht tm pbe syscall nx pdpe1gb rdtscp lm constant_tsc art arch_perfmon pebs bts rep_good nopl xtopology nonstop_tsc cpuid aperfmperf tsc_known_freq pni pclmulqdq dtes64 monitor ds_cpl vmx smx est tm2 ssse3 sdbg fma cx16 xtpr pdcm pcid dca sse4_1 sse4_2 x2apic movbe popcnt tsc_deadline_timer aes xsave avx f16c rdrand lahf_lm abm 3dnowprefetch cpuid_fault epb cat_l3 cat_l2 cdp_l3 cdp_l2 ssbd mba ibrs ibpb stibp ibrs_enhanced tpr_shadow flexpriority ept vpid ept_ad fsgsbase tsc_adjust bmi1 avx2 smep bmi2 erms invpcid cqm rdt_a avx512f avx512dq rdseed adx smap avx512ifma clflushopt clwb intel_pt avx512cd sha_ni avx512bw avx512vl xsaveopt xsavec xgetbv1 xsaves cqm_llc cqm_occup_llc cqm_mbm_total cqm_mbm_local split_lock_detect user_shstk avx_vnni avx512_bf16 wbnoinvd dtherm ida arat pln pts vnmi avx512vbmi umip pku ospke waitpkg avx512_vbmi2 gfni vaes vpclmulqdq avx512_vnni avx512_bitalg avx512_vpopcntdq la57 rdpid bus_lock_detect cldemote movdiri movdir64b enqcmd fsrm md_clear serialize tsxldtrk pconfig arch_lbr ibt amx_bf16 avx512_fp16 amx_tile amx_int8 flush_l1d arch_capabilities
vmx flags	: vnmi preemption_timer posted_intr invvpid ept_x_only ept_ad ept_1gb ept_5level flexpriority apicv tsc_offset vtpr mtf vapic ept vpid unrestricted_guest vapic_reg vid ple shadow_vmcs pml ept_violation_ve ept_mode_based_exec tsc_scaling usr_wait_pause notify_vm_exiting ipi_virt
bugs		: spectre_v1 spectre_v2 spec_store_bypass swapgs eibrs_pbrsb bhi spectre_v2_user old_microcode vmscape
bogomips	: 4000.00
clflush size	: 64
cache_alignment	: 64
address sizes	: 46 bits physical, 57 bits virtual
power management:

processor	: 69
vendor_id	: GenuineIntel
cpu family	: 6
model		: 143
model name	: Intel(R) Xeon(R) Platinum 8480+
stepping	: 8
microcode	: 0x2b000639
cpu MHz		: 2808.719
cache size	: 107520 KB
physical id	: 1
siblings	: 56
core id		: 23
cpu cores	: 56
apicid		: 174
initial apicid	: 174
fpu		: yes
fpu_exception	: yes
cpuid level	: 32
wp		: yes
flags		: fpu vme de pse tsc msr pae mce cx8 apic sep mtrr pge mca cmov pat pse36 clflush dts acpi mmx fxsr sse sse2 ss ht tm pbe syscall nx pdpe1gb rdtscp lm constant_tsc art arch_perfmon pebs bts rep_good nopl xtopology nonstop_tsc cpuid aperfmperf tsc_known_freq pni pclmulqdq dtes64 monitor ds_cpl vmx smx est tm2 ssse3 sdbg fma cx16 xtpr pdcm pcid dca sse4_1 sse4_2 x2apic movbe popcnt tsc_deadline_timer aes xsave avx f16c rdrand lahf_lm abm 3dnowprefetch cpuid_fault epb cat_l3 cat_l2 cdp_l3 cdp_l2 ssbd mba ibrs ibpb stibp ibrs_enhanced tpr_shadow flexpriority ept vpid ept_ad fsgsbase tsc_adjust bmi1 avx2 smep bmi2 erms invpcid cqm rdt_a avx512f avx512dq rdseed adx smap avx512ifma clflushopt clwb intel_pt avx512cd sha_ni avx512bw avx512vl xsaveopt xsavec xgetbv1 xsaves cqm_llc cqm_occup_llc cqm_mbm_total cqm_mbm_local split_lock_detect user_shstk avx_vnni avx512_bf16 wbnoinvd dtherm ida arat pln pts vnmi avx512vbmi umip pku ospke waitpkg avx512_vbmi2 gfni vaes vpclmulqdq avx512_vnni avx512_bitalg avx512_vpopcntdq la57 rdpid bus_lock_detect cldemote movdiri movdir64b enqcmd fsrm md_clear serialize tsxldtrk pconfig arch_lbr ibt amx_bf16 avx512_fp16 amx_tile amx_int8 flush_l1d arch_capabilities
vmx flags	: vnmi preemption_timer posted_intr invvpid ept_x_only ept_ad ept_1gb ept_5level flexpriority apicv tsc_offset vtpr mtf vapic ept vpid unrestricted_guest vapic_reg vid ple shadow_vmcs pml ept_violation_ve ept_mode_based_exec tsc_scaling usr_wait_pause notify_vm_exiting ipi_virt
bugs		: spectre_v1 spectre_v2 spec_store_bypass swapgs eibrs_pbrsb bhi spectre_v2_user old_microcode vmscape
bogomips	: 4000.00
clflush size	: 64
cache_alignment	: 64
address sizes	: 46 bits physical, 57 bits virtual
power management:

processor	: 70
vendor_id	: GenuineIntel
cpu family	: 6
model		: 143
model name	: Intel(R) Xeon(R) Platinum 8480+
stepping	: 8
microcode	: 0x2b000639
cpu MHz		: 3800.000
cache size	: 107520 KB
physical id	: 0
siblings	: 56
core id		: 47
cpu cores	: 56
apicid		: 94
initial apicid	: 94
fpu		: yes
fpu_exception	: yes
cpuid level	: 32
wp		: yes
flags		: fpu vme de pse tsc msr pae mce cx8 apic sep mtrr pge mca cmov pat pse36 clflush dts acpi mmx fxsr sse sse2 ss ht tm pbe syscall nx pdpe1gb rdtscp lm constant_tsc art arch_perfmon pebs bts rep_good nopl xtopology nonstop_tsc cpuid aperfmperf tsc_known_freq pni pclmulqdq dtes64 monitor ds_cpl vmx smx est tm2 ssse3 sdbg fma cx16 xtpr pdcm pcid dca sse4_1 sse4_2 x2apic movbe popcnt tsc_deadline_timer aes xsave avx f16c rdrand lahf_lm abm 3dnowprefetch cpuid_fault epb cat_l3 cat_l2 cdp_l3 cdp_l2 ssbd mba ibrs ibpb stibp ibrs_enhanced tpr_shadow flexpriority ept vpid ept_ad fsgsbase tsc_adjust bmi1 avx2 smep bmi2 erms invpcid cqm rdt_a avx512f avx512dq rdseed adx smap avx512ifma clflushopt clwb intel_pt avx512cd sha_ni avx512bw avx512vl xsaveopt xsavec xgetbv1 xsaves cqm_llc cqm_occup_llc cqm_mbm_total cqm_mbm_local split_lock_detect user_shstk avx_vnni avx512_bf16 wbnoinvd dtherm ida arat pln pts vnmi avx512vbmi umip pku ospke waitpkg avx512_vbmi2 gfni vaes vpclmulqdq avx512_vnni avx512_bitalg avx512_vpopcntdq la57 rdpid bus_lock_detect cldemote movdiri movdir64b enqcmd fsrm md_clear serialize tsxldtrk pconfig arch_lbr ibt amx_bf16 avx512_fp16 amx_tile amx_int8 flush_l1d arch_capabilities
vmx flags	: vnmi preemption_timer posted_intr invvpid ept_x_only ept_ad ept_1gb ept_5level flexpriority apicv tsc_offset vtpr mtf vapic ept vpid unrestricted_guest vapic_reg vid ple shadow_vmcs pml ept_violation_ve ept_mode_based_exec tsc_scaling usr_wait_pause notify_vm_exiting ipi_virt
bugs		: spectre_v1 spectre_v2 spec_store_bypass swapgs eibrs_pbrsb bhi spectre_v2_user old_microcode vmscape
bogomips	: 4000.00
clflush size	: 64
cache_alignment	: 64
address sizes	: 46 bits physical, 57 bits virtual
power management:

processor	: 71
vendor_id	: GenuineIntel
cpu family	: 6
model		: 143
model name	: Intel(R) Xeon(R) Platinum 8480+
stepping	: 8
microcode	: 0x2b000639
cpu MHz		: 2512.594
cache size	: 107520 KB
physical id	: 1
siblings	: 56
core id		: 47
cpu cores	: 56
apicid		: 222
initial apicid	: 222
fpu		: yes
fpu_exception	: yes
cpuid level	: 32
wp		: yes
flags		: fpu vme de pse tsc msr pae mce cx8 apic sep mtrr pge mca cmov pat pse36 clflush dts acpi mmx fxsr sse sse2 ss ht tm pbe syscall nx pdpe1gb rdtscp lm constant_tsc art arch_perfmon pebs bts rep_good nopl xtopology nonstop_tsc cpuid aperfmperf tsc_known_freq pni pclmulqdq dtes64 monitor ds_cpl vmx smx est tm2 ssse3 sdbg fma cx16 xtpr pdcm pcid dca sse4_1 sse4_2 x2apic movbe popcnt tsc_deadline_timer aes xsave avx f16c rdrand lahf_lm abm 3dnowprefetch cpuid_fault epb cat_l3 cat_l2 cdp_l3 cdp_l2 ssbd mba ibrs ibpb stibp ibrs_enhanced tpr_shadow flexpriority ept vpid ept_ad fsgsbase tsc_adjust bmi1 avx2 smep bmi2 erms invpcid cqm rdt_a avx512f avx512dq rdseed adx smap avx512ifma clflushopt clwb intel_pt avx512cd sha_ni avx512bw avx512vl xsaveopt xsavec xgetbv1 xsaves cqm_llc cqm_occup_llc cqm_mbm_total cqm_mbm_local split_lock_detect user_shstk avx_vnni avx512_bf16 wbnoinvd dtherm ida arat pln pts vnmi avx512vbmi umip pku ospke waitpkg avx512_vbmi2 gfni vaes vpclmulqdq avx512_vnni avx512_bitalg avx512_vpopcntdq la57 rdpid bus_lock_detect cldemote movdiri movdir64b enqcmd fsrm md_clear serialize tsxldtrk pconfig arch_lbr ibt amx_bf16 avx512_fp16 amx_tile amx_int8 flush_l1d arch_capabilities
vmx flags	: vnmi preemption_timer posted_intr invvpid ept_x_only ept_ad ept_1gb ept_5level flexpriority apicv tsc_offset vtpr mtf vapic ept vpid unrestricted_guest vapic_reg vid ple shadow_vmcs pml ept_violation_ve ept_mode_based_exec tsc_scaling usr_wait_pause notify_vm_exiting ipi_virt
bugs		: spectre_v1 spectre_v2 spec_store_bypass swapgs eibrs_pbrsb bhi spectre_v2_user old_microcode vmscape
bogomips	: 4000.00
clflush size	: 64
cache_alignment	: 64
address sizes	: 46 bits physical, 57 bits virtual
power management:

processor	: 72
vendor_id	: GenuineIntel
cpu family	: 6
model		: 143
model name	: Intel(R) Xeon(R) Platinum 8480+
stepping	: 8
microcode	: 0x2b000639
cpu MHz		: 3800.000
cache size	: 107520 KB
physical id	: 0
siblings	: 56
core id		: 9
cpu cores	: 56
apicid		: 18
initial apicid	: 18
fpu		: yes
fpu_exception	: yes
cpuid level	: 32
wp		: yes
flags		: fpu vme de pse tsc msr pae mce cx8 apic sep mtrr pge mca cmov pat pse36 clflush dts acpi mmx fxsr sse sse2 ss ht tm pbe syscall nx pdpe1gb rdtscp lm constant_tsc art arch_perfmon pebs bts rep_good nopl xtopology nonstop_tsc cpuid aperfmperf tsc_known_freq pni pclmulqdq dtes64 monitor ds_cpl vmx smx est tm2 ssse3 sdbg fma cx16 xtpr pdcm pcid dca sse4_1 sse4_2 x2apic movbe popcnt tsc_deadline_timer aes xsave avx f16c rdrand lahf_lm abm 3dnowprefetch cpuid_fault epb cat_l3 cat_l2 cdp_l3 cdp_l2 ssbd mba ibrs ibpb stibp ibrs_enhanced tpr_shadow flexpriority ept vpid ept_ad fsgsbase tsc_adjust bmi1 avx2 smep bmi2 erms invpcid cqm rdt_a avx512f avx512dq rdseed adx smap avx512ifma clflushopt clwb intel_pt avx512cd sha_ni avx512bw avx512vl xsaveopt xsavec xgetbv1 xsaves cqm_llc cqm_occup_llc cqm_mbm_total cqm_mbm_local split_lock_detect user_shstk avx_vnni avx512_bf16 wbnoinvd dtherm ida arat pln pts vnmi avx512vbmi umip pku ospke waitpkg avx512_vbmi2 gfni vaes vpclmulqdq avx512_vnni avx512_bitalg avx512_vpopcntdq la57 rdpid bus_lock_detect cldemote movdiri movdir64b enqcmd fsrm md_clear serialize tsxldtrk pconfig arch_lbr ibt amx_bf16 avx512_fp16 amx_tile amx_int8 flush_l1d arch_capabilities
vmx flags	: vnmi preemption_timer posted_intr invvpid ept_x_only ept_ad ept_1gb ept_5level flexpriority apicv tsc_offset vtpr mtf vapic ept vpid unrestricted_guest vapic_reg vid ple shadow_vmcs pml ept_violation_ve ept_mode_based_exec tsc_scaling usr_wait_pause notify_vm_exiting ipi_virt
bugs		: spectre_v1 spectre_v2 spec_store_bypass swapgs eibrs_pbrsb bhi spectre_v2_user old_microcode vmscape
bogomips	: 4000.00
clflush size	: 64
cache_alignment	: 64
address sizes	: 46 bits physical, 57 bits virtual
power management:

processor	: 73
vendor_id	: GenuineIntel
cpu family	: 6
model		: 143
model name	: Intel(R) Xeon(R) Platinum 8480+
stepping	: 8
microcode	: 0x2b000639
cpu MHz		: 2553.864
cache size	: 107520 KB
physical id	: 1
siblings	: 56
core id		: 9
cpu cores	: 56
apicid		: 146
initial apicid	: 146
fpu		: yes
fpu_exception	: yes
cpuid level	: 32
wp		: yes
flags		: fpu vme de pse tsc msr pae mce cx8 apic sep mtrr pge mca cmov pat pse36 clflush dts acpi mmx fxsr sse sse2 ss ht tm pbe syscall nx pdpe1gb rdtscp lm constant_tsc art arch_perfmon pebs bts rep_good nopl xtopology nonstop_tsc cpuid aperfmperf tsc_known_freq pni pclmulqdq dtes64 monitor ds_cpl vmx smx est tm2 ssse3 sdbg fma cx16 xtpr pdcm pcid dca sse4_1 sse4_2 x2apic movbe popcnt tsc_deadline_timer aes xsave avx f16c rdrand lahf_lm abm 3dnowprefetch cpuid_fault epb cat_l3 cat_l2 cdp_l3 cdp_l2 ssbd mba ibrs ibpb stibp ibrs_enhanced tpr_shadow flexpriority ept vpid ept_ad fsgsbase tsc_adjust bmi1 avx2 smep bmi2 erms invpcid cqm rdt_a avx512f avx512dq rdseed adx smap avx512ifma clflushopt clwb intel_pt avx512cd sha_ni avx512bw avx512vl xsaveopt xsavec xgetbv1 xsaves cqm_llc cqm_occup_llc cqm_mbm_total cqm_mbm_local split_lock_detect user_shstk avx_vnni avx512_bf16 wbnoinvd dtherm ida arat pln pts vnmi avx512vbmi umip pku ospke waitpkg avx512_vbmi2 gfni vaes vpclmulqdq avx512_vnni avx512_bitalg avx512_vpopcntdq la57 rdpid bus_lock_detect cldemote movdiri movdir64b enqcmd fsrm md_clear serialize tsxldtrk pconfig arch_lbr ibt amx_bf16 avx512_fp16 amx_tile amx_int8 flush_l1d arch_capabilities
vmx flags	: vnmi preemption_timer posted_intr invvpid ept_x_only ept_ad ept_1gb ept_5level flexpriority apicv tsc_offset vtpr mtf vapic ept vpid unrestricted_guest vapic_reg vid ple shadow_vmcs pml ept_violation_ve ept_mode_based_exec tsc_scaling usr_wait_pause notify_vm_exiting ipi_virt
bugs		: spectre_v1 spectre_v2 spec_store_bypass swapgs eibrs_pbrsb bhi spectre_v2_user old_microcode vmscape
bogomips	: 4000.00
clflush size	: 64
cache_alignment	: 64
address sizes	: 46 bits physical, 57 bits virtual
power management:

processor	: 74
vendor_id	: GenuineIntel
cpu family	: 6
model		: 143
model name	: Intel(R) Xeon(R) Platinum 8480+
stepping	: 8
microcode	: 0x2b000639
cpu MHz		: 3800.000
cache size	: 107520 KB
physical id	: 0
siblings	: 56
core id		: 41
cpu cores	: 56
apicid		: 82
initial apicid	: 82
fpu		: yes
fpu_exception	: yes
cpuid level	: 32
wp		: yes
flags		: fpu vme de pse tsc msr pae mce cx8 apic sep mtrr pge mca cmov pat pse36 clflush dts acpi mmx fxsr sse sse2 ss ht tm pbe syscall nx pdpe1gb rdtscp lm constant_tsc art arch_perfmon pebs bts rep_good nopl xtopology nonstop_tsc cpuid aperfmperf tsc_known_freq pni pclmulqdq dtes64 monitor ds_cpl vmx smx est tm2 ssse3 sdbg fma cx16 xtpr pdcm pcid dca sse4_1 sse4_2 x2apic movbe popcnt tsc_deadline_timer aes xsave avx f16c rdrand lahf_lm abm 3dnowprefetch cpuid_fault epb cat_l3 cat_l2 cdp_l3 cdp_l2 ssbd mba ibrs ibpb stibp ibrs_enhanced tpr_shadow flexpriority ept vpid ept_ad fsgsbase tsc_adjust bmi1 avx2 smep bmi2 erms invpcid cqm rdt_a avx512f avx512dq rdseed adx smap avx512ifma clflushopt clwb intel_pt avx512cd sha_ni avx512bw avx512vl xsaveopt xsavec xgetbv1 xsaves cqm_llc cqm_occup_llc cqm_mbm_total cqm_mbm_local split_lock_detect user_shstk avx_vnni avx512_bf16 wbnoinvd dtherm ida arat pln pts vnmi avx512vbmi umip pku ospke waitpkg avx512_vbmi2 gfni vaes vpclmulqdq avx512_vnni avx512_bitalg avx512_vpopcntdq la57 rdpid bus_lock_detect cldemote movdiri movdir64b enqcmd fsrm md_clear serialize tsxldtrk pconfig arch_lbr ibt amx_bf16 avx512_fp16 amx_tile amx_int8 flush_l1d arch_capabilities
vmx flags	: vnmi preemption_timer posted_intr invvpid ept_x_only ept_ad ept_1gb ept_5level flexpriority apicv tsc_offset vtpr mtf vapic ept vpid unrestricted_guest vapic_reg vid ple shadow_vmcs pml ept_violation_ve ept_mode_based_exec tsc_scaling usr_wait_pause notify_vm_exiting ipi_virt
bugs		: spectre_v1 spectre_v2 spec_store_bypass swapgs eibrs_pbrsb bhi spectre_v2_user old_microcode vmscape
bogomips	: 4000.00
clflush size	: 64
cache_alignment	: 64
address sizes	: 46 bits physical, 57 bits virtual
power management:

processor	: 75
vendor_id	: GenuineIntel
cpu family	: 6
model		: 143
model name	: Intel(R) Xeon(R) Platinum 8480+
stepping	: 8
microcode	: 0x2b000639
cpu MHz		: 2840.831
cache size	: 107520 KB
physical id	: 1
siblings	: 56
core id		: 40
cpu cores	: 56
apicid		: 208
initial apicid	: 208
fpu		: yes
fpu_exception	: yes
cpuid level	: 32
wp		: yes
flags		: fpu vme de pse tsc msr pae mce cx8 apic sep mtrr pge mca cmov pat pse36 clflush dts acpi mmx fxsr sse sse2 ss ht tm pbe syscall nx pdpe1gb rdtscp lm constant_tsc art arch_perfmon pebs bts rep_good nopl xtopology nonstop_tsc cpuid aperfmperf tsc_known_freq pni pclmulqdq dtes64 monitor ds_cpl vmx smx est tm2 ssse3 sdbg fma cx16 xtpr pdcm pcid dca sse4_1 sse4_2 x2apic movbe popcnt tsc_deadline_timer aes xsave avx f16c rdrand lahf_lm abm 3dnowprefetch cpuid_fault epb cat_l3 cat_l2 cdp_l3 cdp_l2 ssbd mba ibrs ibpb stibp ibrs_enhanced tpr_shadow flexpriority ept vpid ept_ad fsgsbase tsc_adjust bmi1 avx2 smep bmi2 erms invpcid cqm rdt_a avx512f avx512dq rdseed adx smap avx512ifma clflushopt clwb intel_pt avx512cd sha_ni avx512bw avx512vl xsaveopt xsavec xgetbv1 xsaves cqm_llc cqm_occup_llc cqm_mbm_total cqm_mbm_local split_lock_detect user_shstk avx_vnni avx512_bf16 wbnoinvd dtherm ida arat pln pts vnmi avx512vbmi umip pku ospke waitpkg avx512_vbmi2 gfni vaes vpclmulqdq avx512_vnni avx512_bitalg avx512_vpopcntdq la57 rdpid bus_lock_detect cldemote movdiri movdir64b enqcmd fsrm md_clear serialize tsxldtrk pconfig arch_lbr ibt amx_bf16 avx512_fp16 amx_tile amx_int8 flush_l1d arch_capabilities
vmx flags	: vnmi preemption_timer posted_intr invvpid ept_x_only ept_ad ept_1gb ept_5level flexpriority apicv tsc_offset vtpr mtf vapic ept vpid unrestricted_guest vapic_reg vid ple shadow_vmcs pml ept_violation_ve ept_mode_based_exec tsc_scaling usr_wait_pause notify_vm_exiting ipi_virt
bugs		: spectre_v1 spectre_v2 spec_store_bypass swapgs eibrs_pbrsb bhi spectre_v2_user old_microcode vmscape
bogomips	: 4000.00
clflush size	: 64
cache_alignment	: 64
address sizes	: 46 bits physical, 57 bits virtual
power management:

processor	: 76
vendor_id	: GenuineIntel
cpu family	: 6
model		: 143
model name	: Intel(R) Xeon(R) Platinum 8480+
stepping	: 8
microcode	: 0x2b000639
cpu MHz		: 2737.482
cache size	: 107520 KB
physical id	: 0
siblings	: 56
core id		: 19
cpu cores	: 56
apicid		: 38
initial apicid	: 38
fpu		: yes
fpu_exception	: yes
cpuid level	: 32
wp		: yes
flags		: fpu vme de pse tsc msr pae mce cx8 apic sep mtrr pge mca cmov pat pse36 clflush dts acpi mmx fxsr sse sse2 ss ht tm pbe syscall nx pdpe1gb rdtscp lm constant_tsc art arch_perfmon pebs bts rep_good nopl xtopology nonstop_tsc cpuid aperfmperf tsc_known_freq pni pclmulqdq dtes64 monitor ds_cpl vmx smx est tm2 ssse3 sdbg fma cx16 xtpr pdcm pcid dca sse4_1 sse4_2 x2apic movbe popcnt tsc_deadline_timer aes xsave avx f16c rdrand lahf_lm abm 3dnowprefetch cpuid_fault epb cat_l3 cat_l2 cdp_l3 cdp_l2 ssbd mba ibrs ibpb stibp ibrs_enhanced tpr_shadow flexpriority ept vpid ept_ad fsgsbase tsc_adjust bmi1 avx2 smep bmi2 erms invpcid cqm rdt_a avx512f avx512dq rdseed adx smap avx512ifma clflushopt clwb intel_pt avx512cd sha_ni avx512bw avx512vl xsaveopt xsavec xgetbv1 xsaves cqm_llc cqm_occup_llc cqm_mbm_total cqm_mbm_local split_lock_detect user_shstk avx_vnni avx512_bf16 wbnoinvd dtherm ida arat pln pts vnmi avx512vbmi umip pku ospke waitpkg avx512_vbmi2 gfni vaes vpclmulqdq avx512_vnni avx512_bitalg avx512_vpopcntdq la57 rdpid bus_lock_detect cldemote movdiri movdir64b enqcmd fsrm md_clear serialize tsxldtrk pconfig arch_lbr ibt amx_bf16 avx512_fp16 amx_tile amx_int8 flush_l1d arch_capabilities
vmx flags	: vnmi preemption_timer posted_intr invvpid ept_x_only ept_ad ept_1gb ept_5level flexpriority apicv tsc_offset vtpr mtf vapic ept vpid unrestricted_guest vapic_reg vid ple shadow_vmcs pml ept_violation_ve ept_mode_based_exec tsc_scaling usr_wait_pause notify_vm_exiting ipi_virt
bugs		: spectre_v1 spectre_v2 spec_store_bypass swapgs eibrs_pbrsb bhi spectre_v2_user old_microcode vmscape
bogomips	: 4000.00
clflush size	: 64
cache_alignment	: 64
address sizes	: 46 bits physical, 57 bits virtual
power management:

processor	: 77
vendor_id	: GenuineIntel
cpu family	: 6
model		: 143
model name	: Intel(R) Xeon(R) Platinum 8480+
stepping	: 8
microcode	: 0x2b000639
cpu MHz		: 2498.684
cache size	: 107520 KB
physical id	: 1
siblings	: 56
core id		: 19
cpu cores	: 56
apicid		: 166
initial apicid	: 166
fpu		: yes
fpu_exception	: yes
cpuid level	: 32
wp		: yes
flags		: fpu vme de pse tsc msr pae mce cx8 apic sep mtrr pge mca cmov pat pse36 clflush dts acpi mmx fxsr sse sse2 ss ht tm pbe syscall nx pdpe1gb rdtscp lm constant_tsc art arch_perfmon pebs bts rep_good nopl xtopology nonstop_tsc cpuid aperfmperf tsc_known_freq pni pclmulqdq dtes64 monitor ds_cpl vmx smx est tm2 ssse3 sdbg fma cx16 xtpr pdcm pcid dca sse4_1 sse4_2 x2apic movbe popcnt tsc_deadline_timer aes xsave avx f16c rdrand lahf_lm abm 3dnowprefetch cpuid_fault epb cat_l3 cat_l2 cdp_l3 cdp_l2 ssbd mba ibrs ibpb stibp ibrs_enhanced tpr_shadow flexpriority ept vpid ept_ad fsgsbase tsc_adjust bmi1 avx2 smep bmi2 erms invpcid cqm rdt_a avx512f avx512dq rdseed adx smap avx512ifma clflushopt clwb intel_pt avx512cd sha_ni avx512bw avx512vl xsaveopt xsavec xgetbv1 xsaves cqm_llc cqm_occup_llc cqm_mbm_total cqm_mbm_local split_lock_detect user_shstk avx_vnni avx512_bf16 wbnoinvd dtherm ida arat pln pts vnmi avx512vbmi umip pku ospke waitpkg avx512_vbmi2 gfni vaes vpclmulqdq avx512_vnni avx512_bitalg avx512_vpopcntdq la57 rdpid bus_lock_detect cldemote movdiri movdir64b enqcmd fsrm md_clear serialize tsxldtrk pconfig arch_lbr ibt amx_bf16 avx512_fp16 amx_tile amx_int8 flush_l1d arch_capabilities
vmx flags	: vnmi preemption_timer posted_intr invvpid ept_x_only ept_ad ept_1gb ept_5level flexpriority apicv tsc_offset vtpr mtf vapic ept vpid unrestricted_guest vapic_reg vid ple shadow_vmcs pml ept_violation_ve ept_mode_based_exec tsc_scaling usr_wait_pause notify_vm_exiting ipi_virt
bugs		: spectre_v1 spectre_v2 spec_store_bypass swapgs eibrs_pbrsb bhi spectre_v2_user old_microcode vmscape
bogomips	: 4000.00
clflush size	: 64
cache_alignment	: 64
address sizes	: 46 bits physical, 57 bits virtual
power management:

processor	: 78
vendor_id	: GenuineIntel
cpu family	: 6
model		: 143
model name	: Intel(R) Xeon(R) Platinum 8480+
stepping	: 8
microcode	: 0x2b000639
cpu MHz		: 3800.000
cache size	: 107520 KB
physical id	: 0
siblings	: 56
core id		: 44
cpu cores	: 56
apicid		: 88
initial apicid	: 88
fpu		: yes
fpu_exception	: yes
cpuid level	: 32
wp		: yes
flags		: fpu vme de pse tsc msr pae mce cx8 apic sep mtrr pge mca cmov pat pse36 clflush dts acpi mmx fxsr sse sse2 ss ht tm pbe syscall nx pdpe1gb rdtscp lm constant_tsc art arch_perfmon pebs bts rep_good nopl xtopology nonstop_tsc cpuid aperfmperf tsc_known_freq pni pclmulqdq dtes64 monitor ds_cpl vmx smx est tm2 ssse3 sdbg fma cx16 xtpr pdcm pcid dca sse4_1 sse4_2 x2apic movbe popcnt tsc_deadline_timer aes xsave avx f16c rdrand lahf_lm abm 3dnowprefetch cpuid_fault epb cat_l3 cat_l2 cdp_l3 cdp_l2 ssbd mba ibrs ibpb stibp ibrs_enhanced tpr_shadow flexpriority ept vpid ept_ad fsgsbase tsc_adjust bmi1 avx2 smep bmi2 erms invpcid cqm rdt_a avx512f avx512dq rdseed adx smap avx512ifma clflushopt clwb intel_pt avx512cd sha_ni avx512bw avx512vl xsaveopt xsavec xgetbv1 xsaves cqm_llc cqm_occup_llc cqm_mbm_total cqm_mbm_local split_lock_detect user_shstk avx_vnni avx512_bf16 wbnoinvd dtherm ida arat pln pts vnmi avx512vbmi umip pku ospke waitpkg avx512_vbmi2 gfni vaes vpclmulqdq avx512_vnni avx512_bitalg avx512_vpopcntdq la57 rdpid bus_lock_detect cldemote movdiri movdir64b enqcmd fsrm md_clear serialize tsxldtrk pconfig arch_lbr ibt amx_bf16 avx512_fp16 amx_tile amx_int8 flush_l1d arch_capabilities
vmx flags	: vnmi preemption_timer posted_intr invvpid ept_x_only ept_ad ept_1gb ept_5level flexpriority apicv tsc_offset vtpr mtf vapic ept vpid unrestricted_guest vapic_reg vid ple shadow_vmcs pml ept_violation_ve ept_mode_based_exec tsc_scaling usr_wait_pause notify_vm_exiting ipi_virt
bugs		: spectre_v1 spectre_v2 spec_store_bypass swapgs eibrs_pbrsb bhi spectre_v2_user old_microcode vmscape
bogomips	: 4000.00
clflush size	: 64
cache_alignment	: 64
address sizes	: 46 bits physical, 57 bits virtual
power management:

processor	: 79
vendor_id	: GenuineIntel
cpu family	: 6
model		: 143
model name	: Intel(R) Xeon(R) Platinum 8480+
stepping	: 8
microcode	: 0x2b000639
cpu MHz		: 2997.988
cache size	: 107520 KB
physical id	: 1
siblings	: 56
core id		: 44
cpu cores	: 56
apicid		: 216
initial apicid	: 216
fpu		: yes
fpu_exception	: yes
cpuid level	: 32
wp		: yes
flags		: fpu vme de pse tsc msr pae mce cx8 apic sep mtrr pge mca cmov pat pse36 clflush dts acpi mmx fxsr sse sse2 ss ht tm pbe syscall nx pdpe1gb rdtscp lm constant_tsc art arch_perfmon pebs bts rep_good nopl xtopology nonstop_tsc cpuid aperfmperf tsc_known_freq pni pclmulqdq dtes64 monitor ds_cpl vmx smx est tm2 ssse3 sdbg fma cx16 xtpr pdcm pcid dca sse4_1 sse4_2 x2apic movbe popcnt tsc_deadline_timer aes xsave avx f16c rdrand lahf_lm abm 3dnowprefetch cpuid_fault epb cat_l3 cat_l2 cdp_l3 cdp_l2 ssbd mba ibrs ibpb stibp ibrs_enhanced tpr_shadow flexpriority ept vpid ept_ad fsgsbase tsc_adjust bmi1 avx2 smep bmi2 erms invpcid cqm rdt_a avx512f avx512dq rdseed adx smap avx512ifma clflushopt clwb intel_pt avx512cd sha_ni avx512bw avx512vl xsaveopt xsavec xgetbv1 xsaves cqm_llc cqm_occup_llc cqm_mbm_total cqm_mbm_local split_lock_detect user_shstk avx_vnni avx512_bf16 wbnoinvd dtherm ida arat pln pts vnmi avx512vbmi umip pku ospke waitpkg avx512_vbmi2 gfni vaes vpclmulqdq avx512_vnni avx512_bitalg avx512_vpopcntdq la57 rdpid bus_lock_detect cldemote movdiri movdir64b enqcmd fsrm md_clear serialize tsxldtrk pconfig arch_lbr ibt amx_bf16 avx512_fp16 amx_tile amx_int8 flush_l1d arch_capabilities
vmx flags	: vnmi preemption_timer posted_intr invvpid ept_x_only ept_ad ept_1gb ept_5level flexpriority apicv tsc_offset vtpr mtf vapic ept vpid unrestricted_guest vapic_reg vid ple shadow_vmcs pml ept_violation_ve ept_mode_based_exec tsc_scaling usr_wait_pause notify_vm_exiting ipi_virt
bugs		: spectre_v1 spectre_v2 spec_store_bypass swapgs eibrs_pbrsb bhi spectre_v2_user old_microcode vmscape
bogomips	: 4000.00
clflush size	: 64
cache_alignment	: 64
address sizes	: 46 bits physical, 57 bits virtual
power management:

processor	: 80
vendor_id	: GenuineIntel
cpu family	: 6
model		: 143
model name	: Intel(R) Xeon(R) Platinum 8480+
stepping	: 8
microcode	: 0x2b000639
cpu MHz		: 3800.000
cache size	: 107520 KB
physical id	: 0
siblings	: 56
core id		: 11
cpu cores	: 56
apicid		: 22
initial apicid	: 22
fpu		: yes
fpu_exception	: yes
cpuid level	: 32
wp		: yes
flags		: fpu vme de pse tsc msr pae mce cx8 apic sep mtrr pge mca cmov pat pse36 clflush dts acpi mmx fxsr sse sse2 ss ht tm pbe syscall nx pdpe1gb rdtscp lm constant_tsc art arch_perfmon pebs bts rep_good nopl xtopology nonstop_tsc cpuid aperfmperf tsc_known_freq pni pclmulqdq dtes64 monitor ds_cpl vmx smx est tm2 ssse3 sdbg fma cx16 xtpr pdcm pcid dca sse4_1 sse4_2 x2apic movbe popcnt tsc_deadline_timer aes xsave avx f16c rdrand lahf_lm abm 3dnowprefetch cpuid_fault epb cat_l3 cat_l2 cdp_l3 cdp_l2 ssbd mba ibrs ibpb stibp ibrs_enhanced tpr_shadow flexpriority ept vpid ept_ad fsgsbase tsc_adjust bmi1 avx2 smep bmi2 erms invpcid cqm rdt_a avx512f avx512dq rdseed adx smap avx512ifma clflushopt clwb intel_pt avx512cd sha_ni avx512bw avx512vl xsaveopt xsavec xgetbv1 xsaves cqm_llc cqm_occup_llc cqm_mbm_total cqm_mbm_local split_lock_detect user_shstk avx_vnni avx512_bf16 wbnoinvd dtherm ida arat pln pts vnmi avx512vbmi umip pku ospke waitpkg avx512_vbmi2 gfni vaes vpclmulqdq avx512_vnni avx512_bitalg avx512_vpopcntdq la57 rdpid bus_lock_detect cldemote movdiri movdir64b enqcmd fsrm md_clear serialize tsxldtrk pconfig arch_lbr ibt amx_bf16 avx512_fp16 amx_tile amx_int8 flush_l1d arch_capabilities
vmx flags	: vnmi preemption_timer posted_intr invvpid ept_x_only ept_ad ept_1gb ept_5level flexpriority apicv tsc_offset vtpr mtf vapic ept vpid unrestricted_guest vapic_reg vid ple shadow_vmcs pml ept_violation_ve ept_mode_based_exec tsc_scaling usr_wait_pause notify_vm_exiting ipi_virt
bugs		: spectre_v1 spectre_v2 spec_store_bypass swapgs eibrs_pbrsb bhi spectre_v2_user old_microcode vmscape
bogomips	: 4000.00
clflush size	: 64
cache_alignment	: 64
address sizes	: 46 bits physical, 57 bits virtual
power management:

processor	: 81
vendor_id	: GenuineIntel
cpu family	: 6
model		: 143
model name	: Intel(R) Xeon(R) Platinum 8480+
stepping	: 8
microcode	: 0x2b000639
cpu MHz		: 2503.846
cache size	: 107520 KB
physical id	: 1
siblings	: 56
core id		: 3
cpu cores	: 56
apicid		: 134
initial apicid	: 134
fpu		: yes
fpu_exception	: yes
cpuid level	: 32
wp		: yes
flags		: fpu vme de pse tsc msr pae mce cx8 apic sep mtrr pge mca cmov pat pse36 clflush dts acpi mmx fxsr sse sse2 ss ht tm pbe syscall nx pdpe1gb rdtscp lm constant_tsc art arch_perfmon pebs bts rep_good nopl xtopology nonstop_tsc cpuid aperfmperf tsc_known_freq pni pclmulqdq dtes64 monitor ds_cpl vmx smx est tm2 ssse3 sdbg fma cx16 xtpr pdcm pcid dca sse4_1 sse4_2 x2apic movbe popcnt tsc_deadline_timer aes xsave avx f16c rdrand lahf_lm abm 3dnowprefetch cpuid_fault epb cat_l3 cat_l2 cdp_l3 cdp_l2 ssbd mba ibrs ibpb stibp ibrs_enhanced tpr_shadow flexpriority ept vpid ept_ad fsgsbase tsc_adjust bmi1 avx2 smep bmi2 erms invpcid cqm rdt_a avx512f avx512dq rdseed adx smap avx512ifma clflushopt clwb intel_pt avx512cd sha_ni avx512bw avx512vl xsaveopt xsavec xgetbv1 xsaves cqm_llc cqm_occup_llc cqm_mbm_total cqm_mbm_local split_lock_detect user_shstk avx_vnni avx512_bf16 wbnoinvd dtherm ida arat pln pts vnmi avx512vbmi umip pku ospke waitpkg avx512_vbmi2 gfni vaes vpclmulqdq avx512_vnni avx512_bitalg avx512_vpopcntdq la57 rdpid bus_lock_detect cldemote movdiri movdir64b enqcmd fsrm md_clear serialize tsxldtrk pconfig arch_lbr ibt amx_bf16 avx512_fp16 amx_tile amx_int8 flush_l1d arch_capabilities
vmx flags	: vnmi preemption_timer posted_intr invvpid ept_x_only ept_ad ept_1gb ept_5level flexpriority apicv tsc_offset vtpr mtf vapic ept vpid unrestricted_guest vapic_reg vid ple shadow_vmcs pml ept_violation_ve ept_mode_based_exec tsc_scaling usr_wait_pause notify_vm_exiting ipi_virt
bugs		: spectre_v1 spectre_v2 spec_store_bypass swapgs eibrs_pbrsb bhi spectre_v2_user old_microcode vmscape
bogomips	: 4000.00
clflush size	: 64
cache_alignment	: 64
address sizes	: 46 bits physical, 57 bits virtual
power management:

processor	: 82
vendor_id	: GenuineIntel
cpu family	: 6
model		: 143
model name	: Intel(R) Xeon(R) Platinum 8480+
stepping	: 8
microcode	: 0x2b000639
cpu MHz		: 3800.000
cache size	: 107520 KB
physical id	: 0
siblings	: 56
core id		: 28
cpu cores	: 56
apicid		: 56
initial apicid	: 56
fpu		: yes
fpu_exception	: yes
cpuid level	: 32
wp		: yes
flags		: fpu vme de pse tsc msr pae mce cx8 apic sep mtrr pge mca cmov pat pse36 clflush dts acpi mmx fxsr sse sse2 ss ht tm pbe syscall nx pdpe1gb rdtscp lm constant_tsc art arch_perfmon pebs bts rep_good nopl xtopology nonstop_tsc cpuid aperfmperf tsc_known_freq pni pclmulqdq dtes64 monitor ds_cpl vmx smx est tm2 ssse3 sdbg fma cx16 xtpr pdcm pcid dca sse4_1 sse4_2 x2apic movbe popcnt tsc_deadline_timer aes xsave avx f16c rdrand lahf_lm abm 3dnowprefetch cpuid_fault epb cat_l3 cat_l2 cdp_l3 cdp_l2 ssbd mba ibrs ibpb stibp ibrs_enhanced tpr_shadow flexpriority ept vpid ept_ad fsgsbase tsc_adjust bmi1 avx2 smep bmi2 erms invpcid cqm rdt_a avx512f avx512dq rdseed adx smap avx512ifma clflushopt clwb intel_pt avx512cd sha_ni avx512bw avx512vl xsaveopt xsavec xgetbv1 xsaves cqm_llc cqm_occup_llc cqm_mbm_total cqm_mbm_local split_lock_detect user_shstk avx_vnni avx512_bf16 wbnoinvd dtherm ida arat pln pts vnmi avx512vbmi umip pku ospke waitpkg avx512_vbmi2 gfni vaes vpclmulqdq avx512_vnni avx512_bitalg avx512_vpopcntdq la57 rdpid bus_lock_detect cldemote movdiri movdir64b enqcmd fsrm md_clear serialize tsxldtrk pconfig arch_lbr ibt amx_bf16 avx512_fp16 amx_tile amx_int8 flush_l1d arch_capabilities
vmx flags	: vnmi preemption_timer posted_intr invvpid ept_x_only ept_ad ept_1gb ept_5level flexpriority apicv tsc_offset vtpr mtf vapic ept vpid unrestricted_guest vapic_reg vid ple shadow_vmcs pml ept_violation_ve ept_mode_based_exec tsc_scaling usr_wait_pause notify_vm_exiting ipi_virt
bugs		: spectre_v1 spectre_v2 spec_store_bypass swapgs eibrs_pbrsb bhi spectre_v2_user old_microcode vmscape
bogomips	: 4000.00
clflush size	: 64
cache_alignment	: 64
address sizes	: 46 bits physical, 57 bits virtual
power management:

processor	: 83
vendor_id	: GenuineIntel
cpu family	: 6
model		: 143
model name	: Intel(R) Xeon(R) Platinum 8480+
stepping	: 8
microcode	: 0x2b000639
cpu MHz		: 2502.570
cache size	: 107520 KB
physical id	: 1
siblings	: 56
core id		: 28
cpu cores	: 56
apicid		: 184
initial apicid	: 184
fpu		: yes
fpu_exception	: yes
cpuid level	: 32
wp		: yes
flags		: fpu vme de pse tsc msr pae mce cx8 apic sep mtrr pge mca cmov pat pse36 clflush dts acpi mmx fxsr sse sse2 ss ht tm pbe syscall nx pdpe1gb rdtscp lm constant_tsc art arch_perfmon pebs bts rep_good nopl xtopology nonstop_tsc cpuid aperfmperf tsc_known_freq pni pclmulqdq dtes64 monitor ds_cpl vmx smx est tm2 ssse3 sdbg fma cx16 xtpr pdcm pcid dca sse4_1 sse4_2 x2apic movbe popcnt tsc_deadline_timer aes xsave avx f16c rdrand lahf_lm abm 3dnowprefetch cpuid_fault epb cat_l3 cat_l2 cdp_l3 cdp_l2 ssbd mba ibrs ibpb stibp ibrs_enhanced tpr_shadow flexpriority ept vpid ept_ad fsgsbase tsc_adjust bmi1 avx2 smep bmi2 erms invpcid cqm rdt_a avx512f avx512dq rdseed adx smap avx512ifma clflushopt clwb intel_pt avx512cd sha_ni avx512bw avx512vl xsaveopt xsavec xgetbv1 xsaves cqm_llc cqm_occup_llc cqm_mbm_total cqm_mbm_local split_lock_detect user_shstk avx_vnni avx512_bf16 wbnoinvd dtherm ida arat pln pts vnmi avx512vbmi umip pku ospke waitpkg avx512_vbmi2 gfni vaes vpclmulqdq avx512_vnni avx512_bitalg avx512_vpopcntdq la57 rdpid bus_lock_detect cldemote movdiri movdir64b enqcmd fsrm md_clear serialize tsxldtrk pconfig arch_lbr ibt amx_bf16 avx512_fp16 amx_tile amx_int8 flush_l1d arch_capabilities
vmx flags	: vnmi preemption_timer posted_intr invvpid ept_x_only ept_ad ept_1gb ept_5level flexpriority apicv tsc_offset vtpr mtf vapic ept vpid unrestricted_guest vapic_reg vid ple shadow_vmcs pml ept_violation_ve ept_mode_based_exec tsc_scaling usr_wait_pause notify_vm_exiting ipi_virt
bugs		: spectre_v1 spectre_v2 spec_store_bypass swapgs eibrs_pbrsb bhi spectre_v2_user old_microcode vmscape
bogomips	: 4000.00
clflush size	: 64
cache_alignment	: 64
address sizes	: 46 bits physical, 57 bits virtual
power management:

processor	: 84
vendor_id	: GenuineIntel
cpu family	: 6
model		: 143
model name	: Intel(R) Xeon(R) Platinum 8480+
stepping	: 8
microcode	: 0x2b000639
cpu MHz		: 3800.000
cache size	: 107520 KB
physical id	: 0
siblings	: 56
core id		: 15
cpu cores	: 56
apicid		: 30
initial apicid	: 30
fpu		: yes
fpu_exception	: yes
cpuid level	: 32
wp		: yes
flags		: fpu vme de pse tsc msr pae mce cx8 apic sep mtrr pge mca cmov pat pse36 clflush dts acpi mmx fxsr sse sse2 ss ht tm pbe syscall nx pdpe1gb rdtscp lm constant_tsc art arch_perfmon pebs bts rep_good nopl xtopology nonstop_tsc cpuid aperfmperf tsc_known_freq pni pclmulqdq dtes64 monitor ds_cpl vmx smx est tm2 ssse3 sdbg fma cx16 xtpr pdcm pcid dca sse4_1 sse4_2 x2apic movbe popcnt tsc_deadline_timer aes xsave avx f16c rdrand lahf_lm abm 3dnowprefetch cpuid_fault epb cat_l3 cat_l2 cdp_l3 cdp_l2 ssbd mba ibrs ibpb stibp ibrs_enhanced tpr_shadow flexpriority ept vpid ept_ad fsgsbase tsc_adjust bmi1 avx2 smep bmi2 erms invpcid cqm rdt_a avx512f avx512dq rdseed adx smap avx512ifma clflushopt clwb intel_pt avx512cd sha_ni avx512bw avx512vl xsaveopt xsavec xgetbv1 xsaves cqm_llc cqm_occup_llc cqm_mbm_total cqm_mbm_local split_lock_detect user_shstk avx_vnni avx512_bf16 wbnoinvd dtherm ida arat pln pts vnmi avx512vbmi umip pku ospke waitpkg avx512_vbmi2 gfni vaes vpclmulqdq avx512_vnni avx512_bitalg avx512_vpopcntdq la57 rdpid bus_lock_detect cldemote movdiri movdir64b enqcmd fsrm md_clear serialize tsxldtrk pconfig arch_lbr ibt amx_bf16 avx512_fp16 amx_tile amx_int8 flush_l1d arch_capabilities
vmx flags	: vnmi preemption_timer posted_intr invvpid ept_x_only ept_ad ept_1gb ept_5level flexpriority apicv tsc_offset vtpr mtf vapic ept vpid unrestricted_guest vapic_reg vid ple shadow_vmcs pml ept_violation_ve ept_mode_based_exec tsc_scaling usr_wait_pause notify_vm_exiting ipi_virt
bugs		: spectre_v1 spectre_v2 spec_store_bypass swapgs eibrs_pbrsb bhi spectre_v2_user old_microcode vmscape
bogomips	: 4000.00
clflush size	: 64
cache_alignment	: 64
address sizes	: 46 bits physical, 57 bits virtual
power management:

processor	: 85
vendor_id	: GenuineIntel
cpu family	: 6
model		: 143
model name	: Intel(R) Xeon(R) Platinum 8480+
stepping	: 8
microcode	: 0x2b000639
cpu MHz		: 2501.288
cache size	: 107520 KB
physical id	: 1
siblings	: 56
core id		: 15
cpu cores	: 56
apicid		: 158
initial apicid	: 158
fpu		: yes
fpu_exception	: yes
cpuid level	: 32
wp		: yes
flags		: fpu vme de pse tsc msr pae mce cx8 apic sep mtrr pge mca cmov pat pse36 clflush dts acpi mmx fxsr sse sse2 ss ht tm pbe syscall nx pdpe1gb rdtscp lm constant_tsc art arch_perfmon pebs bts rep_good nopl xtopology nonstop_tsc cpuid aperfmperf tsc_known_freq pni pclmulqdq dtes64 monitor ds_cpl vmx smx est tm2 ssse3 sdbg fma cx16 xtpr pdcm pcid dca sse4_1 sse4_2 x2apic movbe popcnt tsc_deadline_timer aes xsave avx f16c rdrand lahf_lm abm 3dnowprefetch cpuid_fault epb cat_l3 cat_l2 cdp_l3 cdp_l2 ssbd mba ibrs ibpb stibp ibrs_enhanced tpr_shadow flexpriority ept vpid ept_ad fsgsbase tsc_adjust bmi1 avx2 smep bmi2 erms invpcid cqm rdt_a avx512f avx512dq rdseed adx smap avx512ifma clflushopt clwb intel_pt avx512cd sha_ni avx512bw avx512vl xsaveopt xsavec xgetbv1 xsaves cqm_llc cqm_occup_llc cqm_mbm_total cqm_mbm_local split_lock_detect user_shstk avx_vnni avx512_bf16 wbnoinvd dtherm ida arat pln pts vnmi avx512vbmi umip pku ospke waitpkg avx512_vbmi2 gfni vaes vpclmulqdq avx512_vnni avx512_bitalg avx512_vpopcntdq la57 rdpid bus_lock_detect cldemote movdiri movdir64b enqcmd fsrm md_clear serialize tsxldtrk pconfig arch_lbr ibt amx_bf16 avx512_fp16 amx_tile amx_int8 flush_l1d arch_capabilities
vmx flags	: vnmi preemption_timer posted_intr invvpid ept_x_only ept_ad ept_1gb ept_5level flexpriority apicv tsc_offset vtpr mtf vapic ept vpid unrestricted_guest vapic_reg vid ple shadow_vmcs pml ept_violation_ve ept_mode_based_exec tsc_scaling usr_wait_pause notify_vm_exiting ipi_virt
bugs		: spectre_v1 spectre_v2 spec_store_bypass swapgs eibrs_pbrsb bhi spectre_v2_user old_microcode vmscape
bogomips	: 4000.00
clflush size	: 64
cache_alignment	: 64
address sizes	: 46 bits physical, 57 bits virtual
power management:

processor	: 86
vendor_id	: GenuineIntel
cpu family	: 6
model		: 143
model name	: Intel(R) Xeon(R) Platinum 8480+
stepping	: 8
microcode	: 0x2b000639
cpu MHz		: 2728.253
cache size	: 107520 KB
physical id	: 0
siblings	: 56
core id		: 52
cpu cores	: 56
apicid		: 104
initial apicid	: 104
fpu		: yes
fpu_exception	: yes
cpuid level	: 32
wp		: yes
flags		: fpu vme de pse tsc msr pae mce cx8 apic sep mtrr pge mca cmov pat pse36 clflush dts acpi mmx fxsr sse sse2 ss ht tm pbe syscall nx pdpe1gb rdtscp lm constant_tsc art arch_perfmon pebs bts rep_good nopl xtopology nonstop_tsc cpuid aperfmperf tsc_known_freq pni pclmulqdq dtes64 monitor ds_cpl vmx smx est tm2 ssse3 sdbg fma cx16 xtpr pdcm pcid dca sse4_1 sse4_2 x2apic movbe popcnt tsc_deadline_timer aes xsave avx f16c rdrand lahf_lm abm 3dnowprefetch cpuid_fault epb cat_l3 cat_l2 cdp_l3 cdp_l2 ssbd mba ibrs ibpb stibp ibrs_enhanced tpr_shadow flexpriority ept vpid ept_ad fsgsbase tsc_adjust bmi1 avx2 smep bmi2 erms invpcid cqm rdt_a avx512f avx512dq rdseed adx smap avx512ifma clflushopt clwb intel_pt avx512cd sha_ni avx512bw avx512vl xsaveopt xsavec xgetbv1 xsaves cqm_llc cqm_occup_llc cqm_mbm_total cqm_mbm_local split_lock_detect user_shstk avx_vnni avx512_bf16 wbnoinvd dtherm ida arat pln pts vnmi avx512vbmi umip pku ospke waitpkg avx512_vbmi2 gfni vaes vpclmulqdq avx512_vnni avx512_bitalg avx512_vpopcntdq la57 rdpid bus_lock_detect cldemote movdiri movdir64b enqcmd fsrm md_clear serialize tsxldtrk pconfig arch_lbr ibt amx_bf16 avx512_fp16 amx_tile amx_int8 flush_l1d arch_capabilities
vmx flags	: vnmi preemption_timer posted_intr invvpid ept_x_only ept_ad ept_1gb ept_5level flexpriority apicv tsc_offset vtpr mtf vapic ept vpid unrestricted_guest vapic_reg vid ple shadow_vmcs pml ept_violation_ve ept_mode_based_exec tsc_scaling usr_wait_pause notify_vm_exiting ipi_virt
bugs		: spectre_v1 spectre_v2 spec_store_bypass swapgs eibrs_pbrsb bhi spectre_v2_user old_microcode vmscape
bogomips	: 4000.00
clflush size	: 64
cache_alignment	: 64
address sizes	: 46 bits physical, 57 bits virtual
power management:

processor	: 87
vendor_id	: GenuineIntel
cpu family	: 6
model		: 143
model name	: Intel(R) Xeon(R) Platinum 8480+
stepping	: 8
microcode	: 0x2b000639
cpu MHz		: 2509.020
cache size	: 107520 KB
physical id	: 1
siblings	: 56
core id		: 52
cpu cores	: 56
apicid		: 232
initial apicid	: 232
fpu		: yes
fpu_exception	: yes
cpuid level	: 32
wp		: yes
flags		: fpu vme de pse tsc msr pae mce cx8 apic sep mtrr pge mca cmov pat pse36 clflush dts acpi mmx fxsr sse sse2 ss ht tm pbe syscall nx pdpe1gb rdtscp lm constant_tsc art arch_perfmon pebs bts rep_good nopl xtopology nonstop_tsc cpuid aperfmperf tsc_known_freq pni pclmulqdq dtes64 monitor ds_cpl vmx smx est tm2 ssse3 sdbg fma cx16 xtpr pdcm pcid dca sse4_1 sse4_2 x2apic movbe popcnt tsc_deadline_timer aes xsave avx f16c rdrand lahf_lm abm 3dnowprefetch cpuid_fault epb cat_l3 cat_l2 cdp_l3 cdp_l2 ssbd mba ibrs ibpb stibp ibrs_enhanced tpr_shadow flexpriority ept vpid ept_ad fsgsbase tsc_adjust bmi1 avx2 smep bmi2 erms invpcid cqm rdt_a avx512f avx512dq rdseed adx smap avx512ifma clflushopt clwb intel_pt avx512cd sha_ni avx512bw avx512vl xsaveopt xsavec xgetbv1 xsaves cqm_llc cqm_occup_llc cqm_mbm_total cqm_mbm_local split_lock_detect user_shstk avx_vnni avx512_bf16 wbnoinvd dtherm ida arat pln pts vnmi avx512vbmi umip pku ospke waitpkg avx512_vbmi2 gfni vaes vpclmulqdq avx512_vnni avx512_bitalg avx512_vpopcntdq la57 rdpid bus_lock_detect cldemote movdiri movdir64b enqcmd fsrm md_clear serialize tsxldtrk pconfig arch_lbr ibt amx_bf16 avx512_fp16 amx_tile amx_int8 flush_l1d arch_capabilities
vmx flags	: vnmi preemption_timer posted_intr invvpid ept_x_only ept_ad ept_1gb ept_5level flexpriority apicv tsc_offset vtpr mtf vapic ept vpid unrestricted_guest vapic_reg vid ple shadow_vmcs pml ept_violation_ve ept_mode_based_exec tsc_scaling usr_wait_pause notify_vm_exiting ipi_virt
bugs		: spectre_v1 spectre_v2 spec_store_bypass swapgs eibrs_pbrsb bhi spectre_v2_user old_microcode vmscape
bogomips	: 4000.00
clflush size	: 64
cache_alignment	: 64
address sizes	: 46 bits physical, 57 bits virtual
power management:

processor	: 88
vendor_id	: GenuineIntel
cpu family	: 6
model		: 143
model name	: Intel(R) Xeon(R) Platinum 8480+
stepping	: 8
microcode	: 0x2b000639
cpu MHz		: 3800.000
cache size	: 107520 KB
physical id	: 0
siblings	: 56
core id		: 3
cpu cores	: 56
apicid		: 6
initial apicid	: 6
fpu		: yes
fpu_exception	: yes
cpuid level	: 32
wp		: yes
flags		: fpu vme de pse tsc msr pae mce cx8 apic sep mtrr pge mca cmov pat pse36 clflush dts acpi mmx fxsr sse sse2 ss ht tm pbe syscall nx pdpe1gb rdtscp lm constant_tsc art arch_perfmon pebs bts rep_good nopl xtopology nonstop_tsc cpuid aperfmperf tsc_known_freq pni pclmulqdq dtes64 monitor ds_cpl vmx smx est tm2 ssse3 sdbg fma cx16 xtpr pdcm pcid dca sse4_1 sse4_2 x2apic movbe popcnt tsc_deadline_timer aes xsave avx f16c rdrand lahf_lm abm 3dnowprefetch cpuid_fault epb cat_l3 cat_l2 cdp_l3 cdp_l2 ssbd mba ibrs ibpb stibp ibrs_enhanced tpr_shadow flexpriority ept vpid ept_ad fsgsbase tsc_adjust bmi1 avx2 smep bmi2 erms invpcid cqm rdt_a avx512f avx512dq rdseed adx smap avx512ifma clflushopt clwb intel_pt avx512cd sha_ni avx512bw avx512vl xsaveopt xsavec xgetbv1 xsaves cqm_llc cqm_occup_llc cqm_mbm_total cqm_mbm_local split_lock_detect user_shstk avx_vnni avx512_bf16 wbnoinvd dtherm ida arat pln pts vnmi avx512vbmi umip pku ospke waitpkg avx512_vbmi2 gfni vaes vpclmulqdq avx512_vnni avx512_bitalg avx512_vpopcntdq la57 rdpid bus_lock_detect cldemote movdiri movdir64b enqcmd fsrm md_clear serialize tsxldtrk pconfig arch_lbr ibt amx_bf16 avx512_fp16 amx_tile amx_int8 flush_l1d arch_capabilities
vmx flags	: vnmi preemption_timer posted_intr invvpid ept_x_only ept_ad ept_1gb ept_5level flexpriority apicv tsc_offset vtpr mtf vapic ept vpid unrestricted_guest vapic_reg vid ple shadow_vmcs pml ept_violation_ve ept_mode_based_exec tsc_scaling usr_wait_pause notify_vm_exiting ipi_virt
bugs		: spectre_v1 spectre_v2 spec_store_bypass swapgs eibrs_pbrsb bhi spectre_v2_user old_microcode vmscape
bogomips	: 4000.00
clflush size	: 64
cache_alignment	: 64
address sizes	: 46 bits physical, 57 bits virtual
power management:

processor	: 89
vendor_id	: GenuineIntel
cpu family	: 6
model		: 143
model name	: Intel(R) Xeon(R) Platinum 8480+
stepping	: 8
microcode	: 0x2b000639
cpu MHz		: 2999.969
cache size	: 107520 KB
physical id	: 1
siblings	: 56
core id		: 10
cpu cores	: 56
apicid		: 148
initial apicid	: 148
fpu		: yes
fpu_exception	: yes
cpuid level	: 32
wp		: yes
flags		: fpu vme de pse tsc msr pae mce cx8 apic sep mtrr pge mca cmov pat pse36 clflush dts acpi mmx fxsr sse sse2 ss ht tm pbe syscall nx pdpe1gb rdtscp lm constant_tsc art arch_perfmon pebs bts rep_good nopl xtopology nonstop_tsc cpuid aperfmperf tsc_known_freq pni pclmulqdq dtes64 monitor ds_cpl vmx smx est tm2 ssse3 sdbg fma cx16 xtpr pdcm pcid dca sse4_1 sse4_2 x2apic movbe popcnt tsc_deadline_timer aes xsave avx f16c rdrand lahf_lm abm 3dnowprefetch cpuid_fault epb cat_l3 cat_l2 cdp_l3 cdp_l2 ssbd mba ibrs ibpb stibp ibrs_enhanced tpr_shadow flexpriority ept vpid ept_ad fsgsbase tsc_adjust bmi1 avx2 smep bmi2 erms invpcid cqm rdt_a avx512f avx512dq rdseed adx smap avx512ifma clflushopt clwb intel_pt avx512cd sha_ni avx512bw avx512vl xsaveopt xsavec xgetbv1 xsaves cqm_llc cqm_occup_llc cqm_mbm_total cqm_mbm_local split_lock_detect user_shstk avx_vnni avx512_bf16 wbnoinvd dtherm ida arat pln pts vnmi avx512vbmi umip pku ospke waitpkg avx512_vbmi2 gfni vaes vpclmulqdq avx512_vnni avx512_bitalg avx512_vpopcntdq la57 rdpid bus_lock_detect cldemote movdiri movdir64b enqcmd fsrm md_clear serialize tsxldtrk pconfig arch_lbr ibt amx_bf16 avx512_fp16 amx_tile amx_int8 flush_l1d arch_capabilities
vmx flags	: vnmi preemption_timer posted_intr invvpid ept_x_only ept_ad ept_1gb ept_5level flexpriority apicv tsc_offset vtpr mtf vapic ept vpid unrestricted_guest vapic_reg vid ple shadow_vmcs pml ept_violation_ve ept_mode_based_exec tsc_scaling usr_wait_pause notify_vm_exiting ipi_virt
bugs		: spectre_v1 spectre_v2 spec_store_bypass swapgs eibrs_pbrsb bhi spectre_v2_user old_microcode vmscape
bogomips	: 4000.00
clflush size	: 64
cache_alignment	: 64
address sizes	: 46 bits physical, 57 bits virtual
power management:

processor	: 90
vendor_id	: GenuineIntel
cpu family	: 6
model		: 143
model name	: Intel(R) Xeon(R) Platinum 8480+
stepping	: 8
microcode	: 0x2b000639
cpu MHz		: 3800.000
cache size	: 107520 KB
physical id	: 0
siblings	: 56
core id		: 35
cpu cores	: 56
apicid		: 70
initial apicid	: 70
fpu		: yes
fpu_exception	: yes
cpuid level	: 32
wp		: yes
flags		: fpu vme de pse tsc msr pae mce cx8 apic sep mtrr pge mca cmov pat pse36 clflush dts acpi mmx fxsr sse sse2 ss ht tm pbe syscall nx pdpe1gb rdtscp lm constant_tsc art arch_perfmon pebs bts rep_good nopl xtopology nonstop_tsc cpuid aperfmperf tsc_known_freq pni pclmulqdq dtes64 monitor ds_cpl vmx smx est tm2 ssse3 sdbg fma cx16 xtpr pdcm pcid dca sse4_1 sse4_2 x2apic movbe popcnt tsc_deadline_timer aes xsave avx f16c rdrand lahf_lm abm 3dnowprefetch cpuid_fault epb cat_l3 cat_l2 cdp_l3 cdp_l2 ssbd mba ibrs ibpb stibp ibrs_enhanced tpr_shadow flexpriority ept vpid ept_ad fsgsbase tsc_adjust bmi1 avx2 smep bmi2 erms invpcid cqm rdt_a avx512f avx512dq rdseed adx smap avx512ifma clflushopt clwb intel_pt avx512cd sha_ni avx512bw avx512vl xsaveopt xsavec xgetbv1 xsaves cqm_llc cqm_occup_llc cqm_mbm_total cqm_mbm_local split_lock_detect user_shstk avx_vnni avx512_bf16 wbnoinvd dtherm ida arat pln pts vnmi avx512vbmi umip pku ospke waitpkg avx512_vbmi2 gfni vaes vpclmulqdq avx512_vnni avx512_bitalg avx512_vpopcntdq la57 rdpid bus_lock_detect cldemote movdiri movdir64b enqcmd fsrm md_clear serialize tsxldtrk pconfig arch_lbr ibt amx_bf16 avx512_fp16 amx_tile amx_int8 flush_l1d arch_capabilities
vmx flags	: vnmi preemption_timer posted_intr invvpid ept_x_only ept_ad ept_1gb ept_5level flexpriority apicv tsc_offset vtpr mtf vapic ept vpid unrestricted_guest vapic_reg vid ple shadow_vmcs pml ept_violation_ve ept_mode_based_exec tsc_scaling usr_wait_pause notify_vm_exiting ipi_virt
bugs		: spectre_v1 spectre_v2 spec_store_bypass swapgs eibrs_pbrsb bhi spectre_v2_user old_microcode vmscape
bogomips	: 4000.00
clflush size	: 64
cache_alignment	: 64
address sizes	: 46 bits physical, 57 bits virtual
power management:

processor	: 91
vendor_id	: GenuineIntel
cpu family	: 6
model		: 143
model name	: Intel(R) Xeon(R) Platinum 8480+
stepping	: 8
microcode	: 0x2b000639
cpu MHz		: 2507.751
cache size	: 107520 KB
physical id	: 1
siblings	: 56
core id		: 35
cpu cores	: 56
apicid		: 198
initial apicid	: 198
fpu		: yes
fpu_exception	: yes
cpuid level	: 32
wp		: yes
flags		: fpu vme de pse tsc msr pae mce cx8 apic sep mtrr pge mca cmov pat pse36 clflush dts acpi mmx fxsr sse sse2 ss ht tm pbe syscall nx pdpe1gb rdtscp lm constant_tsc art arch_perfmon pebs bts rep_good nopl xtopology nonstop_tsc cpuid aperfmperf tsc_known_freq pni pclmulqdq dtes64 monitor ds_cpl vmx smx est tm2 ssse3 sdbg fma cx16 xtpr pdcm pcid dca sse4_1 sse4_2 x2apic movbe popcnt tsc_deadline_timer aes xsave avx f16c rdrand lahf_lm abm 3dnowprefetch cpuid_fault epb cat_l3 cat_l2 cdp_l3 cdp_l2 ssbd mba ibrs ibpb stibp ibrs_enhanced tpr_shadow flexpriority ept vpid ept_ad fsgsbase tsc_adjust bmi1 avx2 smep bmi2 erms invpcid cqm rdt_a avx512f avx512dq rdseed adx smap avx512ifma clflushopt clwb intel_pt avx512cd sha_ni avx512bw avx512vl xsaveopt xsavec xgetbv1 xsaves cqm_llc cqm_occup_llc cqm_mbm_total cqm_mbm_local split_lock_detect user_shstk avx_vnni avx512_bf16 wbnoinvd dtherm ida arat pln pts vnmi avx512vbmi umip pku ospke waitpkg avx512_vbmi2 gfni vaes vpclmulqdq avx512_vnni avx512_bitalg avx512_vpopcntdq la57 rdpid bus_lock_detect cldemote movdiri movdir64b enqcmd fsrm md_clear serialize tsxldtrk pconfig arch_lbr ibt amx_bf16 avx512_fp16 amx_tile amx_int8 flush_l1d arch_capabilities
vmx flags	: vnmi preemption_timer posted_intr invvpid ept_x_only ept_ad ept_1gb ept_5level flexpriority apicv tsc_offset vtpr mtf vapic ept vpid unrestricted_guest vapic_reg vid ple shadow_vmcs pml ept_violation_ve ept_mode_based_exec tsc_scaling usr_wait_pause notify_vm_exiting ipi_virt
bugs		: spectre_v1 spectre_v2 spec_store_bypass swapgs eibrs_pbrsb bhi spectre_v2_user old_microcode vmscape
bogomips	: 4000.00
clflush size	: 64
cache_alignment	: 64
address sizes	: 46 bits physical, 57 bits virtual
power management:

processor	: 92
vendor_id	: GenuineIntel
cpu family	: 6
model		: 143
model name	: Intel(R) Xeon(R) Platinum 8480+
stepping	: 8
microcode	: 0x2b000639
cpu MHz		: 3800.000
cache size	: 107520 KB
physical id	: 0
siblings	: 56
core id		: 27
cpu cores	: 56
apicid		: 54
initial apicid	: 54
fpu		: yes
fpu_exception	: yes
cpuid level	: 32
wp		: yes
flags		: fpu vme de pse tsc msr pae mce cx8 apic sep mtrr pge mca cmov pat pse36 clflush dts acpi mmx fxsr sse sse2 ss ht tm pbe syscall nx pdpe1gb rdtscp lm constant_tsc art arch_perfmon pebs bts rep_good nopl xtopology nonstop_tsc cpuid aperfmperf tsc_known_freq pni pclmulqdq dtes64 monitor ds_cpl vmx smx est tm2 ssse3 sdbg fma cx16 xtpr pdcm pcid dca sse4_1 sse4_2 x2apic movbe popcnt tsc_deadline_timer aes xsave avx f16c rdrand lahf_lm abm 3dnowprefetch cpuid_fault epb cat_l3 cat_l2 cdp_l3 cdp_l2 ssbd mba ibrs ibpb stibp ibrs_enhanced tpr_shadow flexpriority ept vpid ept_ad fsgsbase tsc_adjust bmi1 avx2 smep bmi2 erms invpcid cqm rdt_a avx512f avx512dq rdseed adx smap avx512ifma clflushopt clwb intel_pt avx512cd sha_ni avx512bw avx512vl xsaveopt xsavec xgetbv1 xsaves cqm_llc cqm_occup_llc cqm_mbm_total cqm_mbm_local split_lock_detect user_shstk avx_vnni avx512_bf16 wbnoinvd dtherm ida arat pln pts vnmi avx512vbmi umip pku ospke waitpkg avx512_vbmi2 gfni vaes vpclmulqdq avx512_vnni avx512_bitalg avx512_vpopcntdq la57 rdpid bus_lock_detect cldemote movdiri movdir64b enqcmd fsrm md_clear serialize tsxldtrk pconfig arch_lbr ibt amx_bf16 avx512_fp16 amx_tile amx_int8 flush_l1d arch_capabilities
vmx flags	: vnmi preemption_timer posted_intr invvpid ept_x_only ept_ad ept_1gb ept_5level flexpriority apicv tsc_offset vtpr mtf vapic ept vpid unrestricted_guest vapic_reg vid ple shadow_vmcs pml ept_violation_ve ept_mode_based_exec tsc_scaling usr_wait_pause notify_vm_exiting ipi_virt
bugs		: spectre_v1 spectre_v2 spec_store_bypass swapgs eibrs_pbrsb bhi spectre_v2_user old_microcode vmscape
bogomips	: 4000.00
clflush size	: 64
cache_alignment	: 64
address sizes	: 46 bits physical, 57 bits virtual
power management:

processor	: 93
vendor_id	: GenuineIntel
cpu family	: 6
model		: 143
model name	: Intel(R) Xeon(R) Platinum 8480+
stepping	: 8
microcode	: 0x2b000639
cpu MHz		: 2512.987
cache size	: 107520 KB
physical id	: 1
siblings	: 56
core id		: 27
cpu cores	: 56
apicid		: 182
initial apicid	: 182
fpu		: yes
fpu_exception	: yes
cpuid level	: 32
wp		: yes
flags		: fpu vme de pse tsc msr pae mce cx8 apic sep mtrr pge mca cmov pat pse36 clflush dts acpi mmx fxsr sse sse2 ss ht tm pbe syscall nx pdpe1gb rdtscp lm constant_tsc art arch_perfmon pebs bts rep_good nopl xtopology nonstop_tsc cpuid aperfmperf tsc_known_freq pni pclmulqdq dtes64 monitor ds_cpl vmx smx est tm2 ssse3 sdbg fma cx16 xtpr pdcm pcid dca sse4_1 sse4_2 x2apic movbe popcnt tsc_deadline_timer aes xsave avx f16c rdrand lahf_lm abm 3dnowprefetch cpuid_fault epb cat_l3 cat_l2 cdp_l3 cdp_l2 ssbd mba ibrs ibpb stibp ibrs_enhanced tpr_shadow flexpriority ept vpid ept_ad fsgsbase tsc_adjust bmi1 avx2 smep bmi2 erms invpcid cqm rdt_a avx512f avx512dq rdseed adx smap avx512ifma clflushopt clwb intel_pt avx512cd sha_ni avx512bw avx512vl xsaveopt xsavec xgetbv1 xsaves cqm_llc cqm_occup_llc cqm_mbm_total cqm_mbm_local split_lock_detect user_shstk avx_vnni avx512_bf16 wbnoinvd dtherm ida arat pln pts vnmi avx512vbmi umip pku ospke waitpkg avx512_vbmi2 gfni vaes vpclmulqdq avx512_vnni avx512_bitalg avx512_vpopcntdq la57 rdpid bus_lock_detect cldemote movdiri movdir64b enqcmd fsrm md_clear serialize tsxldtrk pconfig arch_lbr ibt amx_bf16 avx512_fp16 amx_tile amx_int8 flush_l1d arch_capabilities
vmx flags	: vnmi preemption_timer posted_intr invvpid ept_x_only ept_ad ept_1gb ept_5level flexpriority apicv tsc_offset vtpr mtf vapic ept vpid unrestricted_guest vapic_reg vid ple shadow_vmcs pml ept_violation_ve ept_mode_based_exec tsc_scaling usr_wait_pause notify_vm_exiting ipi_virt
bugs		: spectre_v1 spectre_v2 spec_store_bypass swapgs eibrs_pbrsb bhi spectre_v2_user old_microcode vmscape
bogomips	: 4000.00
clflush size	: 64
cache_alignment	: 64
address sizes	: 46 bits physical, 57 bits virtual
power management:

processor	: 94
vendor_id	: GenuineIntel
cpu family	: 6
model		: 143
model name	: Intel(R) Xeon(R) Platinum 8480+
stepping	: 8
microcode	: 0x2b000639
cpu MHz		: 3800.000
cache size	: 107520 KB
physical id	: 0
siblings	: 56
core id		: 46
cpu cores	: 56
apicid		: 92
initial apicid	: 92
fpu		: yes
fpu_exception	: yes
cpuid level	: 32
wp		: yes
flags		: fpu vme de pse tsc msr pae mce cx8 apic sep mtrr pge mca cmov pat pse36 clflush dts acpi mmx fxsr sse sse2 ss ht tm pbe syscall nx pdpe1gb rdtscp lm constant_tsc art arch_perfmon pebs bts rep_good nopl xtopology nonstop_tsc cpuid aperfmperf tsc_known_freq pni pclmulqdq dtes64 monitor ds_cpl vmx smx est tm2 ssse3 sdbg fma cx16 xtpr pdcm pcid dca sse4_1 sse4_2 x2apic movbe popcnt tsc_deadline_timer aes xsave avx f16c rdrand lahf_lm abm 3dnowprefetch cpuid_fault epb cat_l3 cat_l2 cdp_l3 cdp_l2 ssbd mba ibrs ibpb stibp ibrs_enhanced tpr_shadow flexpriority ept vpid ept_ad fsgsbase tsc_adjust bmi1 avx2 smep bmi2 erms invpcid cqm rdt_a avx512f avx512dq rdseed adx smap avx512ifma clflushopt clwb intel_pt avx512cd sha_ni avx512bw avx512vl xsaveopt xsavec xgetbv1 xsaves cqm_llc cqm_occup_llc cqm_mbm_total cqm_mbm_local split_lock_detect user_shstk avx_vnni avx512_bf16 wbnoinvd dtherm ida arat pln pts vnmi avx512vbmi umip pku ospke waitpkg avx512_vbmi2 gfni vaes vpclmulqdq avx512_vnni avx512_bitalg avx512_vpopcntdq la57 rdpid bus_lock_detect cldemote movdiri movdir64b enqcmd fsrm md_clear serialize tsxldtrk pconfig arch_lbr ibt amx_bf16 avx512_fp16 amx_tile amx_int8 flush_l1d arch_capabilities
vmx flags	: vnmi preemption_timer posted_intr invvpid ept_x_only ept_ad ept_1gb ept_5level flexpriority apicv tsc_offset vtpr mtf vapic ept vpid unrestricted_guest vapic_reg vid ple shadow_vmcs pml ept_violation_ve ept_mode_based_exec tsc_scaling usr_wait_pause notify_vm_exiting ipi_virt
bugs		: spectre_v1 spectre_v2 spec_store_bypass swapgs eibrs_pbrsb bhi spectre_v2_user old_microcode vmscape
bogomips	: 4000.00
clflush size	: 64
cache_alignment	: 64
address sizes	: 46 bits physical, 57 bits virtual
power management:

processor	: 95
vendor_id	: GenuineIntel
cpu family	: 6
model		: 143
model name	: Intel(R) Xeon(R) Platinum 8480+
stepping	: 8
microcode	: 0x2b000639
cpu MHz		: 2484.000
cache size	: 107520 KB
physical id	: 1
siblings	: 56
core id		: 46
cpu cores	: 56
apicid		: 220
initial apicid	: 220
fpu		: yes
fpu_exception	: yes
cpuid level	: 32
wp		: yes
flags		: fpu vme de pse tsc msr pae mce cx8 apic sep mtrr pge mca cmov pat pse36 clflush dts acpi mmx fxsr sse sse2 ss ht tm pbe syscall nx pdpe1gb rdtscp lm constant_tsc art arch_perfmon pebs bts rep_good nopl xtopology nonstop_tsc cpuid aperfmperf tsc_known_freq pni pclmulqdq dtes64 monitor ds_cpl vmx smx est tm2 ssse3 sdbg fma cx16 xtpr pdcm pcid dca sse4_1 sse4_2 x2apic movbe popcnt tsc_deadline_timer aes xsave avx f16c rdrand lahf_lm abm 3dnowprefetch cpuid_fault epb cat_l3 cat_l2 cdp_l3 cdp_l2 ssbd mba ibrs ibpb stibp ibrs_enhanced tpr_shadow flexpriority ept vpid ept_ad fsgsbase tsc_adjust bmi1 avx2 smep bmi2 erms invpcid cqm rdt_a avx512f avx512dq rdseed adx smap avx512ifma clflushopt clwb intel_pt avx512cd sha_ni avx512bw avx512vl xsaveopt xsavec xgetbv1 xsaves cqm_llc cqm_occup_llc cqm_mbm_total cqm_mbm_local split_lock_detect user_shstk avx_vnni avx512_bf16 wbnoinvd dtherm ida arat pln pts vnmi avx512vbmi umip pku ospke waitpkg avx512_vbmi2 gfni vaes vpclmulqdq avx512_vnni avx512_bitalg avx512_vpopcntdq la57 rdpid bus_lock_detect cldemote movdiri movdir64b enqcmd fsrm md_clear serialize tsxldtrk pconfig arch_lbr ibt amx_bf16 avx512_fp16 amx_tile amx_int8 flush_l1d arch_capabilities
vmx flags	: vnmi preemption_timer posted_intr invvpid ept_x_only ept_ad ept_1gb ept_5level flexpriority apicv tsc_offset vtpr mtf vapic ept vpid unrestricted_guest vapic_reg vid ple shadow_vmcs pml ept_violation_ve ept_mode_based_exec tsc_scaling usr_wait_pause notify_vm_exiting ipi_virt
bugs		: spectre_v1 spectre_v2 spec_store_bypass swapgs eibrs_pbrsb bhi spectre_v2_user old_microcode vmscape
bogomips	: 4000.00
clflush size	: 64
cache_alignment	: 64
address sizes	: 46 bits physical, 57 bits virtual
power management:

processor	: 96
vendor_id	: GenuineIntel
cpu family	: 6
model		: 143
model name	: Intel(R) Xeon(R) Platinum 8480+
stepping	: 8
microcode	: 0x2b000639
cpu MHz		: 3800.000
cache size	: 107520 KB
physical id	: 0
siblings	: 56
core id		: 12
cpu cores	: 56
apicid		: 24
initial apicid	: 24
fpu		: yes
fpu_exception	: yes
cpuid level	: 32
wp		: yes
flags		: fpu vme de pse tsc msr pae mce cx8 apic sep mtrr pge mca cmov pat pse36 clflush dts acpi mmx fxsr sse sse2 ss ht tm pbe syscall nx pdpe1gb rdtscp lm constant_tsc art arch_perfmon pebs bts rep_good nopl xtopology nonstop_tsc cpuid aperfmperf tsc_known_freq pni pclmulqdq dtes64 monitor ds_cpl vmx smx est tm2 ssse3 sdbg fma cx16 xtpr pdcm pcid dca sse4_1 sse4_2 x2apic movbe popcnt tsc_deadline_timer aes xsave avx f16c rdrand lahf_lm abm 3dnowprefetch cpuid_fault epb cat_l3 cat_l2 cdp_l3 cdp_l2 ssbd mba ibrs ibpb stibp ibrs_enhanced tpr_shadow flexpriority ept vpid ept_ad fsgsbase tsc_adjust bmi1 avx2 smep bmi2 erms invpcid cqm rdt_a avx512f avx512dq rdseed adx smap avx512ifma clflushopt clwb intel_pt avx512cd sha_ni avx512bw avx512vl xsaveopt xsavec xgetbv1 xsaves cqm_llc cqm_occup_llc cqm_mbm_total cqm_mbm_local split_lock_detect user_shstk avx_vnni avx512_bf16 wbnoinvd dtherm ida arat pln pts vnmi avx512vbmi umip pku ospke waitpkg avx512_vbmi2 gfni vaes vpclmulqdq avx512_vnni avx512_bitalg avx512_vpopcntdq la57 rdpid bus_lock_detect cldemote movdiri movdir64b enqcmd fsrm md_clear serialize tsxldtrk pconfig arch_lbr ibt amx_bf16 avx512_fp16 amx_tile amx_int8 flush_l1d arch_capabilities
vmx flags	: vnmi preemption_timer posted_intr invvpid ept_x_only ept_ad ept_1gb ept_5level flexpriority apicv tsc_offset vtpr mtf vapic ept vpid unrestricted_guest vapic_reg vid ple shadow_vmcs pml ept_violation_ve ept_mode_based_exec tsc_scaling usr_wait_pause notify_vm_exiting ipi_virt
bugs		: spectre_v1 spectre_v2 spec_store_bypass swapgs eibrs_pbrsb bhi spectre_v2_user old_microcode vmscape
bogomips	: 4000.00
clflush size	: 64
cache_alignment	: 64
address sizes	: 46 bits physical, 57 bits virtual
power management:

processor	: 97
vendor_id	: GenuineIntel
cpu family	: 6
model		: 143
model name	: Intel(R) Xeon(R) Platinum 8480+
stepping	: 8
microcode	: 0x2b000639
cpu MHz		: 2523.750
cache size	: 107520 KB
physical id	: 1
siblings	: 56
core id		: 12
cpu cores	: 56
apicid		: 152
initial apicid	: 152
fpu		: yes
fpu_exception	: yes
cpuid level	: 32
wp		: yes
flags		: fpu vme de pse tsc msr pae mce cx8 apic sep mtrr pge mca cmov pat pse36 clflush dts acpi mmx fxsr sse sse2 ss ht tm pbe syscall nx pdpe1gb rdtscp lm constant_tsc art arch_perfmon pebs bts rep_good nopl xtopology nonstop_tsc cpuid aperfmperf tsc_known_freq pni pclmulqdq dtes64 monitor ds_cpl vmx smx est tm2 ssse3 sdbg fma cx16 xtpr pdcm pcid dca sse4_1 sse4_2 x2apic movbe popcnt tsc_deadline_timer aes xsave avx f16c rdrand lahf_lm abm 3dnowprefetch cpuid_fault epb cat_l3 cat_l2 cdp_l3 cdp_l2 ssbd mba ibrs ibpb stibp ibrs_enhanced tpr_shadow flexpriority ept vpid ept_ad fsgsbase tsc_adjust bmi1 avx2 smep bmi2 erms invpcid cqm rdt_a avx512f avx512dq rdseed adx smap avx512ifma clflushopt clwb intel_pt avx512cd sha_ni avx512bw avx512vl xsaveopt xsavec xgetbv1 xsaves cqm_llc cqm_occup_llc cqm_mbm_total cqm_mbm_local split_lock_detect user_shstk avx_vnni avx512_bf16 wbnoinvd dtherm ida arat pln pts vnmi avx512vbmi umip pku ospke waitpkg avx512_vbmi2 gfni vaes vpclmulqdq avx512_vnni avx512_bitalg avx512_vpopcntdq la57 rdpid bus_lock_detect cldemote movdiri movdir64b enqcmd fsrm md_clear serialize tsxldtrk pconfig arch_lbr ibt amx_bf16 avx512_fp16 amx_tile amx_int8 flush_l1d arch_capabilities
vmx flags	: vnmi preemption_timer posted_intr invvpid ept_x_only ept_ad ept_1gb ept_5level flexpriority apicv tsc_offset vtpr mtf vapic ept vpid unrestricted_guest vapic_reg vid ple shadow_vmcs pml ept_violation_ve ept_mode_based_exec tsc_scaling usr_wait_pause notify_vm_exiting ipi_virt
bugs		: spectre_v1 spectre_v2 spec_store_bypass swapgs eibrs_pbrsb bhi spectre_v2_user old_microcode vmscape
bogomips	: 4000.00
clflush size	: 64
cache_alignment	: 64
address sizes	: 46 bits physical, 57 bits virtual
power management:

processor	: 98
vendor_id	: GenuineIntel
cpu family	: 6
model		: 143
model name	: Intel(R) Xeon(R) Platinum 8480+
stepping	: 8
microcode	: 0x2b000639
cpu MHz		: 2561.059
cache size	: 107520 KB
physical id	: 0
siblings	: 56
core id		: 40
cpu cores	: 56
apicid		: 80
initial apicid	: 80
fpu		: yes
fpu_exception	: yes
cpuid level	: 32
wp		: yes
flags		: fpu vme de pse tsc msr pae mce cx8 apic sep mtrr pge mca cmov pat pse36 clflush dts acpi mmx fxsr sse sse2 ss ht tm pbe syscall nx pdpe1gb rdtscp lm constant_tsc art arch_perfmon pebs bts rep_good nopl xtopology nonstop_tsc cpuid aperfmperf tsc_known_freq pni pclmulqdq dtes64 monitor ds_cpl vmx smx est tm2 ssse3 sdbg fma cx16 xtpr pdcm pcid dca sse4_1 sse4_2 x2apic movbe popcnt tsc_deadline_timer aes xsave avx f16c rdrand lahf_lm abm 3dnowprefetch cpuid_fault epb cat_l3 cat_l2 cdp_l3 cdp_l2 ssbd mba ibrs ibpb stibp ibrs_enhanced tpr_shadow flexpriority ept vpid ept_ad fsgsbase tsc_adjust bmi1 avx2 smep bmi2 erms invpcid cqm rdt_a avx512f avx512dq rdseed adx smap avx512ifma clflushopt clwb intel_pt avx512cd sha_ni avx512bw avx512vl xsaveopt xsavec xgetbv1 xsaves cqm_llc cqm_occup_llc cqm_mbm_total cqm_mbm_local split_lock_detect user_shstk avx_vnni avx512_bf16 wbnoinvd dtherm ida arat pln pts vnmi avx512vbmi umip pku ospke waitpkg avx512_vbmi2 gfni vaes vpclmulqdq avx512_vnni avx512_bitalg avx512_vpopcntdq la57 rdpid bus_lock_detect cldemote movdiri movdir64b enqcmd fsrm md_clear serialize tsxldtrk pconfig arch_lbr ibt amx_bf16 avx512_fp16 amx_tile amx_int8 flush_l1d arch_capabilities
vmx flags	: vnmi preemption_timer posted_intr invvpid ept_x_only ept_ad ept_1gb ept_5level flexpriority apicv tsc_offset vtpr mtf vapic ept vpid unrestricted_guest vapic_reg vid ple shadow_vmcs pml ept_violation_ve ept_mode_based_exec tsc_scaling usr_wait_pause notify_vm_exiting ipi_virt
bugs		: spectre_v1 spectre_v2 spec_store_bypass swapgs eibrs_pbrsb bhi spectre_v2_user old_microcode vmscape
bogomips	: 4000.00
clflush size	: 64
cache_alignment	: 64
address sizes	: 46 bits physical, 57 bits virtual
power management:

processor	: 99
vendor_id	: GenuineIntel
cpu family	: 6
model		: 143
model name	: Intel(R) Xeon(R) Platinum 8480+
stepping	: 8
microcode	: 0x2b000639
cpu MHz		: 2779.513
cache size	: 107520 KB
physical id	: 1
siblings	: 56
core id		: 39
cpu cores	: 56
apicid		: 206
initial apicid	: 206
fpu		: yes
fpu_exception	: yes
cpuid level	: 32
wp		: yes
flags		: fpu vme de pse tsc msr pae mce cx8 apic sep mtrr pge mca cmov pat pse36 clflush dts acpi mmx fxsr sse sse2 ss ht tm pbe syscall nx pdpe1gb rdtscp lm constant_tsc art arch_perfmon pebs bts rep_good nopl xtopology nonstop_tsc cpuid aperfmperf tsc_known_freq pni pclmulqdq dtes64 monitor ds_cpl vmx smx est tm2 ssse3 sdbg fma cx16 xtpr pdcm pcid dca sse4_1 sse4_2 x2apic movbe popcnt tsc_deadline_timer aes xsave avx f16c rdrand lahf_lm abm 3dnowprefetch cpuid_fault epb cat_l3 cat_l2 cdp_l3 cdp_l2 ssbd mba ibrs ibpb stibp ibrs_enhanced tpr_shadow flexpriority ept vpid ept_ad fsgsbase tsc_adjust bmi1 avx2 smep bmi2 erms invpcid cqm rdt_a avx512f avx512dq rdseed adx smap avx512ifma clflushopt clwb intel_pt avx512cd sha_ni avx512bw avx512vl xsaveopt xsavec xgetbv1 xsaves cqm_llc cqm_occup_llc cqm_mbm_total cqm_mbm_local split_lock_detect user_shstk avx_vnni avx512_bf16 wbnoinvd dtherm ida arat pln pts vnmi avx512vbmi umip pku ospke waitpkg avx512_vbmi2 gfni vaes vpclmulqdq avx512_vnni avx512_bitalg avx512_vpopcntdq la57 rdpid bus_lock_detect cldemote movdiri movdir64b enqcmd fsrm md_clear serialize tsxldtrk pconfig arch_lbr ibt amx_bf16 avx512_fp16 amx_tile amx_int8 flush_l1d arch_capabilities
vmx flags	: vnmi preemption_timer posted_intr invvpid ept_x_only ept_ad ept_1gb ept_5level flexpriority apicv tsc_offset vtpr mtf vapic ept vpid unrestricted_guest vapic_reg vid ple shadow_vmcs pml ept_violation_ve ept_mode_based_exec tsc_scaling usr_wait_pause notify_vm_exiting ipi_virt
bugs		: spectre_v1 spectre_v2 spec_store_bypass swapgs eibrs_pbrsb bhi spectre_v2_user old_microcode vmscape
bogomips	: 4000.00
clflush size	: 64
cache_alignment	: 64
address sizes	: 46 bits physical, 57 bits virtual
power management:

processor	: 100
vendor_id	: GenuineIntel
cpu family	: 6
model		: 143
model name	: Intel(R) Xeon(R) Platinum 8480+
stepping	: 8
microcode	: 0x2b000639
cpu MHz		: 2558.004
cache size	: 107520 KB
physical id	: 0
siblings	: 56
core id		: 20
cpu cores	: 56
apicid		: 40
initial apicid	: 40
fpu		: yes
fpu_exception	: yes
cpuid level	: 32
wp		: yes
flags		: fpu vme de pse tsc msr pae mce cx8 apic sep mtrr pge mca cmov pat pse36 clflush dts acpi mmx fxsr sse sse2 ss ht tm pbe syscall nx pdpe1gb rdtscp lm constant_tsc art arch_perfmon pebs bts rep_good nopl xtopology nonstop_tsc cpuid aperfmperf tsc_known_freq pni pclmulqdq dtes64 monitor ds_cpl vmx smx est tm2 ssse3 sdbg fma cx16 xtpr pdcm pcid dca sse4_1 sse4_2 x2apic movbe popcnt tsc_deadline_timer aes xsave avx f16c rdrand lahf_lm abm 3dnowprefetch cpuid_fault epb cat_l3 cat_l2 cdp_l3 cdp_l2 ssbd mba ibrs ibpb stibp ibrs_enhanced tpr_shadow flexpriority ept vpid ept_ad fsgsbase tsc_adjust bmi1 avx2 smep bmi2 erms invpcid cqm rdt_a avx512f avx512dq rdseed adx smap avx512ifma clflushopt clwb intel_pt avx512cd sha_ni avx512bw avx512vl xsaveopt xsavec xgetbv1 xsaves cqm_llc cqm_occup_llc cqm_mbm_total cqm_mbm_local split_lock_detect user_shstk avx_vnni avx512_bf16 wbnoinvd dtherm ida arat pln pts vnmi avx512vbmi umip pku ospke waitpkg avx512_vbmi2 gfni vaes vpclmulqdq avx512_vnni avx512_bitalg avx512_vpopcntdq la57 rdpid bus_lock_detect cldemote movdiri movdir64b enqcmd fsrm md_clear serialize tsxldtrk pconfig arch_lbr ibt amx_bf16 avx512_fp16 amx_tile amx_int8 flush_l1d arch_capabilities
vmx flags	: vnmi preemption_timer posted_intr invvpid ept_x_only ept_ad ept_1gb ept_5level flexpriority apicv tsc_offset vtpr mtf vapic ept vpid unrestricted_guest vapic_reg vid ple shadow_vmcs pml ept_violation_ve ept_mode_based_exec tsc_scaling usr_wait_pause notify_vm_exiting ipi_virt
bugs		: spectre_v1 spectre_v2 spec_store_bypass swapgs eibrs_pbrsb bhi spectre_v2_user old_microcode vmscape
bogomips	: 4000.00
clflush size	: 64
cache_alignment	: 64
address sizes	: 46 bits physical, 57 bits virtual
power management:

processor	: 101
vendor_id	: GenuineIntel
cpu family	: 6
model		: 143
model name	: Intel(R) Xeon(R) Platinum 8480+
stepping	: 8
microcode	: 0x2b000639
cpu MHz		: 2647.548
cache size	: 107520 KB
physical id	: 1
siblings	: 56
core id		: 20
cpu cores	: 56
apicid		: 168
initial apicid	: 168
fpu		: yes
fpu_exception	: yes
cpuid level	: 32
wp		: yes
flags		: fpu vme de pse tsc msr pae mce cx8 apic sep mtrr pge mca cmov pat pse36 clflush dts acpi mmx fxsr sse sse2 ss ht tm pbe syscall nx pdpe1gb rdtscp lm constant_tsc art arch_perfmon pebs bts rep_good nopl xtopology nonstop_tsc cpuid aperfmperf tsc_known_freq pni pclmulqdq dtes64 monitor ds_cpl vmx smx est tm2 ssse3 sdbg fma cx16 xtpr pdcm pcid dca sse4_1 sse4_2 x2apic movbe popcnt tsc_deadline_timer aes xsave avx f16c rdrand lahf_lm abm 3dnowprefetch cpuid_fault epb cat_l3 cat_l2 cdp_l3 cdp_l2 ssbd mba ibrs ibpb stibp ibrs_enhanced tpr_shadow flexpriority ept vpid ept_ad fsgsbase tsc_adjust bmi1 avx2 smep bmi2 erms invpcid cqm rdt_a avx512f avx512dq rdseed adx smap avx512ifma clflushopt clwb intel_pt avx512cd sha_ni avx512bw avx512vl xsaveopt xsavec xgetbv1 xsaves cqm_llc cqm_occup_llc cqm_mbm_total cqm_mbm_local split_lock_detect user_shstk avx_vnni avx512_bf16 wbnoinvd dtherm ida arat pln pts vnmi avx512vbmi umip pku ospke waitpkg avx512_vbmi2 gfni vaes vpclmulqdq avx512_vnni avx512_bitalg avx512_vpopcntdq la57 rdpid bus_lock_detect cldemote movdiri movdir64b enqcmd fsrm md_clear serialize tsxldtrk pconfig arch_lbr ibt amx_bf16 avx512_fp16 amx_tile amx_int8 flush_l1d arch_capabilities
vmx flags	: vnmi preemption_timer posted_intr invvpid ept_x_only ept_ad ept_1gb ept_5level flexpriority apicv tsc_offset vtpr mtf vapic ept vpid unrestricted_guest vapic_reg vid ple shadow_vmcs pml ept_violation_ve ept_mode_based_exec tsc_scaling usr_wait_pause notify_vm_exiting ipi_virt
bugs		: spectre_v1 spectre_v2 spec_store_bypass swapgs eibrs_pbrsb bhi spectre_v2_user old_microcode vmscape
bogomips	: 4000.00
clflush size	: 64
cache_alignment	: 64
address sizes	: 46 bits physical, 57 bits virtual
power management:

processor	: 102
vendor_id	: GenuineIntel
cpu family	: 6
model		: 143
model name	: Intel(R) Xeon(R) Platinum 8480+
stepping	: 8
microcode	: 0x2b000639
cpu MHz		: 2551.435
cache size	: 107520 KB
physical id	: 0
siblings	: 56
core id		: 43
cpu cores	: 56
apicid		: 86
initial apicid	: 86
fpu		: yes
fpu_exception	: yes
cpuid level	: 32
wp		: yes
flags		: fpu vme de pse tsc msr pae mce cx8 apic sep mtrr pge mca cmov pat pse36 clflush dts acpi mmx fxsr sse sse2 ss ht tm pbe syscall nx pdpe1gb rdtscp lm constant_tsc art arch_perfmon pebs bts rep_good nopl xtopology nonstop_tsc cpuid aperfmperf tsc_known_freq pni pclmulqdq dtes64 monitor ds_cpl vmx smx est tm2 ssse3 sdbg fma cx16 xtpr pdcm pcid dca sse4_1 sse4_2 x2apic movbe popcnt tsc_deadline_timer aes xsave avx f16c rdrand lahf_lm abm 3dnowprefetch cpuid_fault epb cat_l3 cat_l2 cdp_l3 cdp_l2 ssbd mba ibrs ibpb stibp ibrs_enhanced tpr_shadow flexpriority ept vpid ept_ad fsgsbase tsc_adjust bmi1 avx2 smep bmi2 erms invpcid cqm rdt_a avx512f avx512dq rdseed adx smap avx512ifma clflushopt clwb intel_pt avx512cd sha_ni avx512bw avx512vl xsaveopt xsavec xgetbv1 xsaves cqm_llc cqm_occup_llc cqm_mbm_total cqm_mbm_local split_lock_detect user_shstk avx_vnni avx512_bf16 wbnoinvd dtherm ida arat pln pts vnmi avx512vbmi umip pku ospke waitpkg avx512_vbmi2 gfni vaes vpclmulqdq avx512_vnni avx512_bitalg avx512_vpopcntdq la57 rdpid bus_lock_detect cldemote movdiri movdir64b enqcmd fsrm md_clear serialize tsxldtrk pconfig arch_lbr ibt amx_bf16 avx512_fp16 amx_tile amx_int8 flush_l1d arch_capabilities
vmx flags	: vnmi preemption_timer posted_intr invvpid ept_x_only ept_ad ept_1gb ept_5level flexpriority apicv tsc_offset vtpr mtf vapic ept vpid unrestricted_guest vapic_reg vid ple shadow_vmcs pml ept_violation_ve ept_mode_based_exec tsc_scaling usr_wait_pause notify_vm_exiting ipi_virt
bugs		: spectre_v1 spectre_v2 spec_store_bypass swapgs eibrs_pbrsb bhi spectre_v2_user old_microcode vmscape
bogomips	: 4000.00
clflush size	: 64
cache_alignment	: 64
address sizes	: 46 bits physical, 57 bits virtual
power management:

processor	: 103
vendor_id	: GenuineIntel
cpu family	: 6
model		: 143
model name	: Intel(R) Xeon(R) Platinum 8480+
stepping	: 8
microcode	: 0x2b000639
cpu MHz		: 2723.482
cache size	: 107520 KB
physical id	: 1
siblings	: 56
core id		: 43
cpu cores	: 56
apicid		: 214
initial apicid	: 214
fpu		: yes
fpu_exception	: yes
cpuid level	: 32
wp		: yes
flags		: fpu vme de pse tsc msr pae mce cx8 apic sep mtrr pge mca cmov pat pse36 clflush dts acpi mmx fxsr sse sse2 ss ht tm pbe syscall nx pdpe1gb rdtscp lm constant_tsc art arch_perfmon pebs bts rep_good nopl xtopology nonstop_tsc cpuid aperfmperf tsc_known_freq pni pclmulqdq dtes64 monitor ds_cpl vmx smx est tm2 ssse3 sdbg fma cx16 xtpr pdcm pcid dca sse4_1 sse4_2 x2apic movbe popcnt tsc_deadline_timer aes xsave avx f16c rdrand lahf_lm abm 3dnowprefetch cpuid_fault epb cat_l3 cat_l2 cdp_l3 cdp_l2 ssbd mba ibrs ibpb stibp ibrs_enhanced tpr_shadow flexpriority ept vpid ept_ad fsgsbase tsc_adjust bmi1 avx2 smep bmi2 erms invpcid cqm rdt_a avx512f avx512dq rdseed adx smap avx512ifma clflushopt clwb intel_pt avx512cd sha_ni avx512bw avx512vl xsaveopt xsavec xgetbv1 xsaves cqm_llc cqm_occup_llc cqm_mbm_total cqm_mbm_local split_lock_detect user_shstk avx_vnni avx512_bf16 wbnoinvd dtherm ida arat pln pts vnmi avx512vbmi umip pku ospke waitpkg avx512_vbmi2 gfni vaes vpclmulqdq avx512_vnni avx512_bitalg avx512_vpopcntdq la57 rdpid bus_lock_detect cldemote movdiri movdir64b enqcmd fsrm md_clear serialize tsxldtrk pconfig arch_lbr ibt amx_bf16 avx512_fp16 amx_tile amx_int8 flush_l1d arch_capabilities
vmx flags	: vnmi preemption_timer posted_intr invvpid ept_x_only ept_ad ept_1gb ept_5level flexpriority apicv tsc_offset vtpr mtf vapic ept vpid unrestricted_guest vapic_reg vid ple shadow_vmcs pml ept_violation_ve ept_mode_based_exec tsc_scaling usr_wait_pause notify_vm_exiting ipi_virt
bugs		: spectre_v1 spectre_v2 spec_store_bypass swapgs eibrs_pbrsb bhi spectre_v2_user old_microcode vmscape
bogomips	: 4000.00
clflush size	: 64
cache_alignment	: 64
address sizes	: 46 bits physical, 57 bits virtual
power management:

processor	: 104
vendor_id	: GenuineIntel
cpu family	: 6
model		: 143
model name	: Intel(R) Xeon(R) Platinum 8480+
stepping	: 8
microcode	: 0x2b000639
cpu MHz		: 2710.925
cache size	: 107520 KB
physical id	: 0
siblings	: 56
core id		: 13
cpu cores	: 56
apicid		: 26
initial apicid	: 26
fpu		: yes
fpu_exception	: yes
cpuid level	: 32
wp		: yes
flags		: fpu vme de pse tsc msr pae mce cx8 apic sep mtrr pge mca cmov pat pse36 clflush dts acpi mmx fxsr sse sse2 ss ht tm pbe syscall nx pdpe1gb rdtscp lm constant_tsc art arch_perfmon pebs bts rep_good nopl xtopology nonstop_tsc cpuid aperfmperf tsc_known_freq pni pclmulqdq dtes64 monitor ds_cpl vmx smx est tm2 ssse3 sdbg fma cx16 xtpr pdcm pcid dca sse4_1 sse4_2 x2apic movbe popcnt tsc_deadline_timer aes xsave avx f16c rdrand lahf_lm abm 3dnowprefetch cpuid_fault epb cat_l3 cat_l2 cdp_l3 cdp_l2 ssbd mba ibrs ibpb stibp ibrs_enhanced tpr_shadow flexpriority ept vpid ept_ad fsgsbase tsc_adjust bmi1 avx2 smep bmi2 erms invpcid cqm rdt_a avx512f avx512dq rdseed adx smap avx512ifma clflushopt clwb intel_pt avx512cd sha_ni avx512bw avx512vl xsaveopt xsavec xgetbv1 xsaves cqm_llc cqm_occup_llc cqm_mbm_total cqm_mbm_local split_lock_detect user_shstk avx_vnni avx512_bf16 wbnoinvd dtherm ida arat pln pts vnmi avx512vbmi umip pku ospke waitpkg avx512_vbmi2 gfni vaes vpclmulqdq avx512_vnni avx512_bitalg avx512_vpopcntdq la57 rdpid bus_lock_detect cldemote movdiri movdir64b enqcmd fsrm md_clear serialize tsxldtrk pconfig arch_lbr ibt amx_bf16 avx512_fp16 amx_tile amx_int8 flush_l1d arch_capabilities
vmx flags	: vnmi preemption_timer posted_intr invvpid ept_x_only ept_ad ept_1gb ept_5level flexpriority apicv tsc_offset vtpr mtf vapic ept vpid unrestricted_guest vapic_reg vid ple shadow_vmcs pml ept_violation_ve ept_mode_based_exec tsc_scaling usr_wait_pause notify_vm_exiting ipi_virt
bugs		: spectre_v1 spectre_v2 spec_store_bypass swapgs eibrs_pbrsb bhi spectre_v2_user old_microcode vmscape
bogomips	: 4000.00
clflush size	: 64
cache_alignment	: 64
address sizes	: 46 bits physical, 57 bits virtual
power management:

processor	: 105
vendor_id	: GenuineIntel
cpu family	: 6
model		: 143
model name	: Intel(R) Xeon(R) Platinum 8480+
stepping	: 8
microcode	: 0x2b000639
cpu MHz		: 2705.108
cache size	: 107520 KB
physical id	: 1
siblings	: 56
core id		: 13
cpu cores	: 56
apicid		: 154
initial apicid	: 154
fpu		: yes
fpu_exception	: yes
cpuid level	: 32
wp		: yes
flags		: fpu vme de pse tsc msr pae mce cx8 apic sep mtrr pge mca cmov pat pse36 clflush dts acpi mmx fxsr sse sse2 ss ht tm pbe syscall nx pdpe1gb rdtscp lm constant_tsc art arch_perfmon pebs bts rep_good nopl xtopology nonstop_tsc cpuid aperfmperf tsc_known_freq pni pclmulqdq dtes64 monitor ds_cpl vmx smx est tm2 ssse3 sdbg fma cx16 xtpr pdcm pcid dca sse4_1 sse4_2 x2apic movbe popcnt tsc_deadline_timer aes xsave avx f16c rdrand lahf_lm abm 3dnowprefetch cpuid_fault epb cat_l3 cat_l2 cdp_l3 cdp_l2 ssbd mba ibrs ibpb stibp ibrs_enhanced tpr_shadow flexpriority ept vpid ept_ad fsgsbase tsc_adjust bmi1 avx2 smep bmi2 erms invpcid cqm rdt_a avx512f avx512dq rdseed adx smap avx512ifma clflushopt clwb intel_pt avx512cd sha_ni avx512bw avx512vl xsaveopt xsavec xgetbv1 xsaves cqm_llc cqm_occup_llc cqm_mbm_total cqm_mbm_local split_lock_detect user_shstk avx_vnni avx512_bf16 wbnoinvd dtherm ida arat pln pts vnmi avx512vbmi umip pku ospke waitpkg avx512_vbmi2 gfni vaes vpclmulqdq avx512_vnni avx512_bitalg avx512_vpopcntdq la57 rdpid bus_lock_detect cldemote movdiri movdir64b enqcmd fsrm md_clear serialize tsxldtrk pconfig arch_lbr ibt amx_bf16 avx512_fp16 amx_tile amx_int8 flush_l1d arch_capabilities
vmx flags	: vnmi preemption_timer posted_intr invvpid ept_x_only ept_ad ept_1gb ept_5level flexpriority apicv tsc_offset vtpr mtf vapic ept vpid unrestricted_guest vapic_reg vid ple shadow_vmcs pml ept_violation_ve ept_mode_based_exec tsc_scaling usr_wait_pause notify_vm_exiting ipi_virt
bugs		: spectre_v1 spectre_v2 spec_store_bypass swapgs eibrs_pbrsb bhi spectre_v2_user old_microcode vmscape
bogomips	: 4000.00
clflush size	: 64
cache_alignment	: 64
address sizes	: 46 bits physical, 57 bits virtual
power management:

processor	: 106
vendor_id	: GenuineIntel
cpu family	: 6
model		: 143
model name	: Intel(R) Xeon(R) Platinum 8480+
stepping	: 8
microcode	: 0x2b000639
cpu MHz		: 2999.969
cache size	: 107520 KB
physical id	: 0
siblings	: 56
core id		: 39
cpu cores	: 56
apicid		: 78
initial apicid	: 78
fpu		: yes
fpu_exception	: yes
cpuid level	: 32
wp		: yes
flags		: fpu vme de pse tsc msr pae mce cx8 apic sep mtrr pge mca cmov pat pse36 clflush dts acpi mmx fxsr sse sse2 ss ht tm pbe syscall nx pdpe1gb rdtscp lm constant_tsc art arch_perfmon pebs bts rep_good nopl xtopology nonstop_tsc cpuid aperfmperf tsc_known_freq pni pclmulqdq dtes64 monitor ds_cpl vmx smx est tm2 ssse3 sdbg fma cx16 xtpr pdcm pcid dca sse4_1 sse4_2 x2apic movbe popcnt tsc_deadline_timer aes xsave avx f16c rdrand lahf_lm abm 3dnowprefetch cpuid_fault epb cat_l3 cat_l2 cdp_l3 cdp_l2 ssbd mba ibrs ibpb stibp ibrs_enhanced tpr_shadow flexpriority ept vpid ept_ad fsgsbase tsc_adjust bmi1 avx2 smep bmi2 erms invpcid cqm rdt_a avx512f avx512dq rdseed adx smap avx512ifma clflushopt clwb intel_pt avx512cd sha_ni avx512bw avx512vl xsaveopt xsavec xgetbv1 xsaves cqm_llc cqm_occup_llc cqm_mbm_total cqm_mbm_local split_lock_detect user_shstk avx_vnni avx512_bf16 wbnoinvd dtherm ida arat pln pts vnmi avx512vbmi umip pku ospke waitpkg avx512_vbmi2 gfni vaes vpclmulqdq avx512_vnni avx512_bitalg avx512_vpopcntdq la57 rdpid bus_lock_detect cldemote movdiri movdir64b enqcmd fsrm md_clear serialize tsxldtrk pconfig arch_lbr ibt amx_bf16 avx512_fp16 amx_tile amx_int8 flush_l1d arch_capabilities
vmx flags	: vnmi preemption_timer posted_intr invvpid ept_x_only ept_ad ept_1gb ept_5level flexpriority apicv tsc_offset vtpr mtf vapic ept vpid unrestricted_guest vapic_reg vid ple shadow_vmcs pml ept_violation_ve ept_mode_based_exec tsc_scaling usr_wait_pause notify_vm_exiting ipi_virt
bugs		: spectre_v1 spectre_v2 spec_store_bypass swapgs eibrs_pbrsb bhi spectre_v2_user old_microcode vmscape
bogomips	: 4000.00
clflush size	: 64
cache_alignment	: 64
address sizes	: 46 bits physical, 57 bits virtual
power management:

processor	: 107
vendor_id	: GenuineIntel
cpu family	: 6
model		: 143
model name	: Intel(R) Xeon(R) Platinum 8480+
stepping	: 8
microcode	: 0x2b000639
cpu MHz		: 2697.160
cache size	: 107520 KB
physical id	: 1
siblings	: 56
core id		: 38
cpu cores	: 56
apicid		: 204
initial apicid	: 204
fpu		: yes
fpu_exception	: yes
cpuid level	: 32
wp		: yes
flags		: fpu vme de pse tsc msr pae mce cx8 apic sep mtrr pge mca cmov pat pse36 clflush dts acpi mmx fxsr sse sse2 ss ht tm pbe syscall nx pdpe1gb rdtscp lm constant_tsc art arch_perfmon pebs bts rep_good nopl xtopology nonstop_tsc cpuid aperfmperf tsc_known_freq pni pclmulqdq dtes64 monitor ds_cpl vmx smx est tm2 ssse3 sdbg fma cx16 xtpr pdcm pcid dca sse4_1 sse4_2 x2apic movbe popcnt tsc_deadline_timer aes xsave avx f16c rdrand lahf_lm abm 3dnowprefetch cpuid_fault epb cat_l3 cat_l2 cdp_l3 cdp_l2 ssbd mba ibrs ibpb stibp ibrs_enhanced tpr_shadow flexpriority ept vpid ept_ad fsgsbase tsc_adjust bmi1 avx2 smep bmi2 erms invpcid cqm rdt_a avx512f avx512dq rdseed adx smap avx512ifma clflushopt clwb intel_pt avx512cd sha_ni avx512bw avx512vl xsaveopt xsavec xgetbv1 xsaves cqm_llc cqm_occup_llc cqm_mbm_total cqm_mbm_local split_lock_detect user_shstk avx_vnni avx512_bf16 wbnoinvd dtherm ida arat pln pts vnmi avx512vbmi umip pku ospke waitpkg avx512_vbmi2 gfni vaes vpclmulqdq avx512_vnni avx512_bitalg avx512_vpopcntdq la57 rdpid bus_lock_detect cldemote movdiri movdir64b enqcmd fsrm md_clear serialize tsxldtrk pconfig arch_lbr ibt amx_bf16 avx512_fp16 amx_tile amx_int8 flush_l1d arch_capabilities
vmx flags	: vnmi preemption_timer posted_intr invvpid ept_x_only ept_ad ept_1gb ept_5level flexpriority apicv tsc_offset vtpr mtf vapic ept vpid unrestricted_guest vapic_reg vid ple shadow_vmcs pml ept_violation_ve ept_mode_based_exec tsc_scaling usr_wait_pause notify_vm_exiting ipi_virt
bugs		: spectre_v1 spectre_v2 spec_store_bypass swapgs eibrs_pbrsb bhi spectre_v2_user old_microcode vmscape
bogomips	: 4000.00
clflush size	: 64
cache_alignment	: 64
address sizes	: 46 bits physical, 57 bits virtual
power management:

processor	: 108
vendor_id	: GenuineIntel
cpu family	: 6
model		: 143
model name	: Intel(R) Xeon(R) Platinum 8480+
stepping	: 8
microcode	: 0x2b000639
cpu MHz		: 2561.059
cache size	: 107520 KB
physical id	: 0
siblings	: 56
core id		: 16
cpu cores	: 56
apicid		: 32
initial apicid	: 32
fpu		: yes
fpu_exception	: yes
cpuid level	: 32
wp		: yes
flags		: fpu vme de pse tsc msr pae mce cx8 apic sep mtrr pge mca cmov pat pse36 clflush dts acpi mmx fxsr sse sse2 ss ht tm pbe syscall nx pdpe1gb rdtscp lm constant_tsc art arch_perfmon pebs bts rep_good nopl xtopology nonstop_tsc cpuid aperfmperf tsc_known_freq pni pclmulqdq dtes64 monitor ds_cpl vmx smx est tm2 ssse3 sdbg fma cx16 xtpr pdcm pcid dca sse4_1 sse4_2 x2apic movbe popcnt tsc_deadline_timer aes xsave avx f16c rdrand lahf_lm abm 3dnowprefetch cpuid_fault epb cat_l3 cat_l2 cdp_l3 cdp_l2 ssbd mba ibrs ibpb stibp ibrs_enhanced tpr_shadow flexpriority ept vpid ept_ad fsgsbase tsc_adjust bmi1 avx2 smep bmi2 erms invpcid cqm rdt_a avx512f avx512dq rdseed adx smap avx512ifma clflushopt clwb intel_pt avx512cd sha_ni avx512bw avx512vl xsaveopt xsavec xgetbv1 xsaves cqm_llc cqm_occup_llc cqm_mbm_total cqm_mbm_local split_lock_detect user_shstk avx_vnni avx512_bf16 wbnoinvd dtherm ida arat pln pts vnmi avx512vbmi umip pku ospke waitpkg avx512_vbmi2 gfni vaes vpclmulqdq avx512_vnni avx512_bitalg avx512_vpopcntdq la57 rdpid bus_lock_detect cldemote movdiri movdir64b enqcmd fsrm md_clear serialize tsxldtrk pconfig arch_lbr ibt amx_bf16 avx512_fp16 amx_tile amx_int8 flush_l1d arch_capabilities
vmx flags	: vnmi preemption_timer posted_intr invvpid ept_x_only ept_ad ept_1gb ept_5level flexpriority apicv tsc_offset vtpr mtf vapic ept vpid unrestricted_guest vapic_reg vid ple shadow_vmcs pml ept_violation_ve ept_mode_based_exec tsc_scaling usr_wait_pause notify_vm_exiting ipi_virt
bugs		: spectre_v1 spectre_v2 spec_store_bypass swapgs eibrs_pbrsb bhi spectre_v2_user old_microcode vmscape
bogomips	: 4000.00
clflush size	: 64
cache_alignment	: 64
address sizes	: 46 bits physical, 57 bits virtual
power management:

processor	: 109
vendor_id	: GenuineIntel
cpu family	: 6
model		: 143
model name	: Intel(R) Xeon(R) Platinum 8480+
stepping	: 8
microcode	: 0x2b000639
cpu MHz		: 2692.828
cache size	: 107520 KB
physical id	: 1
siblings	: 56
core id		: 16
cpu cores	: 56
apicid		: 160
initial apicid	: 160
fpu		: yes
fpu_exception	: yes
cpuid level	: 32
wp		: yes
flags		: fpu vme de pse tsc msr pae mce cx8 apic sep mtrr pge mca cmov pat pse36 clflush dts acpi mmx fxsr sse sse2 ss ht tm pbe syscall nx pdpe1gb rdtscp lm constant_tsc art arch_perfmon pebs bts rep_good nopl xtopology nonstop_tsc cpuid aperfmperf tsc_known_freq pni pclmulqdq dtes64 monitor ds_cpl vmx smx est tm2 ssse3 sdbg fma cx16 xtpr pdcm pcid dca sse4_1 sse4_2 x2apic movbe popcnt tsc_deadline_timer aes xsave avx f16c rdrand lahf_lm abm 3dnowprefetch cpuid_fault epb cat_l3 cat_l2 cdp_l3 cdp_l2 ssbd mba ibrs ibpb stibp ibrs_enhanced tpr_shadow flexpriority ept vpid ept_ad fsgsbase tsc_adjust bmi1 avx2 smep bmi2 erms invpcid cqm rdt_a avx512f avx512dq rdseed adx smap avx512ifma clflushopt clwb intel_pt avx512cd sha_ni avx512bw avx512vl xsaveopt xsavec xgetbv1 xsaves cqm_llc cqm_occup_llc cqm_mbm_total cqm_mbm_local split_lock_detect user_shstk avx_vnni avx512_bf16 wbnoinvd dtherm ida arat pln pts vnmi avx512vbmi umip pku ospke waitpkg avx512_vbmi2 gfni vaes vpclmulqdq avx512_vnni avx512_bitalg avx512_vpopcntdq la57 rdpid bus_lock_detect cldemote movdiri movdir64b enqcmd fsrm md_clear serialize tsxldtrk pconfig arch_lbr ibt amx_bf16 avx512_fp16 amx_tile amx_int8 flush_l1d arch_capabilities
vmx flags	: vnmi preemption_timer posted_intr invvpid ept_x_only ept_ad ept_1gb ept_5level flexpriority apicv tsc_offset vtpr mtf vapic ept vpid unrestricted_guest vapic_reg vid ple shadow_vmcs pml ept_violation_ve ept_mode_based_exec tsc_scaling usr_wait_pause notify_vm_exiting ipi_virt
bugs		: spectre_v1 spectre_v2 spec_store_bypass swapgs eibrs_pbrsb bhi spectre_v2_user old_microcode vmscape
bogomips	: 4000.00
clflush size	: 64
cache_alignment	: 64
address sizes	: 46 bits physical, 57 bits virtual
power management:

processor	: 110
vendor_id	: GenuineIntel
cpu family	: 6
model		: 143
model name	: Intel(R) Xeon(R) Platinum 8480+
stepping	: 8
microcode	: 0x2b000639
cpu MHz		: 2517.456
cache size	: 107520 KB
physical id	: 0
siblings	: 56
core id		: 42
cpu cores	: 56
apicid		: 84
initial apicid	: 84
fpu		: yes
fpu_exception	: yes
cpuid level	: 32
wp		: yes
flags		: fpu vme de pse tsc msr pae mce cx8 apic sep mtrr pge mca cmov pat pse36 clflush dts acpi mmx fxsr sse sse2 ss ht tm pbe syscall nx pdpe1gb rdtscp lm constant_tsc art arch_perfmon pebs bts rep_good nopl xtopology nonstop_tsc cpuid aperfmperf tsc_known_freq pni pclmulqdq dtes64 monitor ds_cpl vmx smx est tm2 ssse3 sdbg fma cx16 xtpr pdcm pcid dca sse4_1 sse4_2 x2apic movbe popcnt tsc_deadline_timer aes xsave avx f16c rdrand lahf_lm abm 3dnowprefetch cpuid_fault epb cat_l3 cat_l2 cdp_l3 cdp_l2 ssbd mba ibrs ibpb stibp ibrs_enhanced tpr_shadow flexpriority ept vpid ept_ad fsgsbase tsc_adjust bmi1 avx2 smep bmi2 erms invpcid cqm rdt_a avx512f avx512dq rdseed adx smap avx512ifma clflushopt clwb intel_pt avx512cd sha_ni avx512bw avx512vl xsaveopt xsavec xgetbv1 xsaves cqm_llc cqm_occup_llc cqm_mbm_total cqm_mbm_local split_lock_detect user_shstk avx_vnni avx512_bf16 wbnoinvd dtherm ida arat pln pts vnmi avx512vbmi umip pku ospke waitpkg avx512_vbmi2 gfni vaes vpclmulqdq avx512_vnni avx512_bitalg avx512_vpopcntdq la57 rdpid bus_lock_detect cldemote movdiri movdir64b enqcmd fsrm md_clear serialize tsxldtrk pconfig arch_lbr ibt amx_bf16 avx512_fp16 amx_tile amx_int8 flush_l1d arch_capabilities
vmx flags	: vnmi preemption_timer posted_intr invvpid ept_x_only ept_ad ept_1gb ept_5level flexpriority apicv tsc_offset vtpr mtf vapic ept vpid unrestricted_guest vapic_reg vid ple shadow_vmcs pml ept_violation_ve ept_mode_based_exec tsc_scaling usr_wait_pause notify_vm_exiting ipi_virt
bugs		: spectre_v1 spectre_v2 spec_store_bypass swapgs eibrs_pbrsb bhi spectre_v2_user old_microcode vmscape
bogomips	: 4000.00
clflush size	: 64
cache_alignment	: 64
address sizes	: 46 bits physical, 57 bits virtual
power management:

processor	: 111
vendor_id	: GenuineIntel
cpu family	: 6
model		: 143
model name	: Intel(R) Xeon(R) Platinum 8480+
stepping	: 8
microcode	: 0x2b000639
cpu MHz		: 2542.682
cache size	: 107520 KB
physical id	: 1
siblings	: 56
core id		: 42
cpu cores	: 56
apicid		: 212
initial apicid	: 212
fpu		: yes
fpu_exception	: yes
cpuid level	: 32
wp		: yes
flags		: fpu vme de pse tsc msr pae mce cx8 apic sep mtrr pge mca cmov pat pse36 clflush dts acpi mmx fxsr sse sse2 ss ht tm pbe syscall nx pdpe1gb rdtscp lm constant_tsc art arch_perfmon pebs bts rep_good nopl xtopology nonstop_tsc cpuid aperfmperf tsc_known_freq pni pclmulqdq dtes64 monitor ds_cpl vmx smx est tm2 ssse3 sdbg fma cx16 xtpr pdcm pcid dca sse4_1 sse4_2 x2apic movbe popcnt tsc_deadline_timer aes xsave avx f16c rdrand lahf_lm abm 3dnowprefetch cpuid_fault epb cat_l3 cat_l2 cdp_l3 cdp_l2 ssbd mba ibrs ibpb stibp ibrs_enhanced tpr_shadow flexpriority ept vpid ept_ad fsgsbase tsc_adjust bmi1 avx2 smep bmi2 erms invpcid cqm rdt_a avx512f avx512dq rdseed adx smap avx512ifma clflushopt clwb intel_pt avx512cd sha_ni avx512bw avx512vl xsaveopt xsavec xgetbv1 xsaves cqm_llc cqm_occup_llc cqm_mbm_total cqm_mbm_local split_lock_detect user_shstk avx_vnni avx512_bf16 wbnoinvd dtherm ida arat pln pts vnmi avx512vbmi umip pku ospke waitpkg avx512_vbmi2 gfni vaes vpclmulqdq avx512_vnni avx512_bitalg avx512_vpopcntdq la57 rdpid bus_lock_detect cldemote movdiri movdir64b enqcmd fsrm md_clear serialize tsxldtrk pconfig arch_lbr ibt amx_bf16 avx512_fp16 amx_tile amx_int8 flush_l1d arch_capabilities
vmx flags	: vnmi preemption_timer posted_intr invvpid ept_x_only ept_ad ept_1gb ept_5level flexpriority apicv tsc_offset vtpr mtf vapic ept vpid unrestricted_guest vapic_reg vid ple shadow_vmcs pml ept_violation_ve ept_mode_based_exec tsc_scaling usr_wait_pause notify_vm_exiting ipi_virt
bugs		: spectre_v1 spectre_v2 spec_store_bypass swapgs eibrs_pbrsb bhi spectre_v2_user old_microcode vmscape
bogomips	: 4000.00
clflush size	: 64
cache_alignment	: 64
address sizes	: 46 bits physical, 57 bits virtual
power management:

Running growth rate 1% for 30 years.
./output/30y/mass_cuda-static-output-30y-1p.edgelist
./output/30y/mass_cuda-static-output-30y-1p.aux
Citation Network ABM – MASS CUDA
=================================

Out-degree bag: 3980408 entries
Recency probs:  355 entries
BFS batches:    25 per year

=== Initializing Citation ABM ===

Inside parseNodelist...
Populating continuous node mappings (491532 nodes)...
parseNodelist done in 555 ms (491532 nodes)

Inside parseEdgelist...
parseEdgelist done in 183 ms (899050 edges)
Seed max year: 1982  → simulation starts at 1983
Max population: 664527
Seed population: 491532 papers
  DeviceGraph: fwd=899050 bwd=899050 edges
Initialization complete


=== Simulation Start ===

--- Year 1983 (pop: 491532) ---
  Adding 4916 new papers
  DeviceGraph: fwd=899050 bwd=899050 edges
  Processing 4916 papers in 25 batches of ~197
  NeighborhoodSlab: 197 threads × 2304 KB = 443 MB
  Batch 0 [0,197) done in 288 ms  h_edges=902687
  NeighborhoodSlab: 197 threads × 2304 KB = 443 MB
  Batch 1 [197,394) done in 215 ms  h_edges=906287
  NeighborhoodSlab: 197 threads × 2304 KB = 443 MB
  Batch 2 [394,591) done in 254 ms  h_edges=909922
  NeighborhoodSlab: 197 threads × 2304 KB = 443 MB
  Batch 3 [591,788) done in 218 ms  h_edges=914609
  NeighborhoodSlab: 197 threads × 2304 KB = 443 MB
  Batch 4 [788,985) done in 253 ms  h_edges=918455
  NeighborhoodSlab: 197 threads × 2304 KB = 443 MB
  Batch 5 [985,1182) done in 210 ms  h_edges=921987
  NeighborhoodSlab: 197 threads × 2304 KB = 443 MB
  Batch 6 [1182,1379) done in 249 ms  h_edges=925999
  NeighborhoodSlab: 197 threads × 2304 KB = 443 MB
  Batch 7 [1379,1576) done in 202 ms  h_edges=930021
  NeighborhoodSlab: 197 threads × 2304 KB = 443 MB
  Batch 8 [1576,1773) done in 256 ms  h_edges=933877
  NeighborhoodSlab: 197 threads × 2304 KB = 443 MB
  Batch 9 [1773,1970) done in 289 ms  h_edges=937402
  NeighborhoodSlab: 197 threads × 2304 KB = 443 MB
  Batch 10 [1970,2167) done in 247 ms  h_edges=940946
  NeighborhoodSlab: 197 threads × 2304 KB = 443 MB
  Batch 11 [2167,2364) done in 252 ms  h_edges=944512
  NeighborhoodSlab: 197 threads × 2304 KB = 443 MB
  Batch 12 [2364,2561) done in 241 ms  h_edges=948248
  NeighborhoodSlab: 197 threads × 2304 KB = 443 MB
  Batch 13 [2561,2758) done in 253 ms  h_edges=951968
  NeighborhoodSlab: 197 threads × 2304 KB = 443 MB
  Batch 14 [2758,2955) done in 247 ms  h_edges=956108
  NeighborhoodSlab: 197 threads × 2304 KB = 443 MB
  Batch 15 [2955,3152) done in 277 ms  h_edges=960208
  NeighborhoodSlab: 197 threads × 2304 KB = 443 MB
  Batch 16 [3152,3349) done in 254 ms  h_edges=964307
  NeighborhoodSlab: 197 threads × 2304 KB = 443 MB
  Batch 17 [3349,3546) done in 251 ms  h_edges=967640
  NeighborhoodSlab: 197 threads × 2304 KB = 443 MB
  Batch 18 [3546,3743) done in 221 ms  h_edges=971288
  NeighborhoodSlab: 197 threads × 2304 KB = 443 MB
  Batch 19 [3743,3940) done in 297 ms  h_edges=975079
  NeighborhoodSlab: 197 threads × 2304 KB = 443 MB
  Batch 20 [3940,4137) done in 233 ms  h_edges=979326
  NeighborhoodSlab: 197 threads × 2304 KB = 443 MB
  Batch 21 [4137,4334) done in 248 ms  h_edges=983653
  NeighborhoodSlab: 197 threads × 2304 KB = 443 MB
  Batch 22 [4334,4531) done in 249 ms  h_edges=988294
  NeighborhoodSlab: 197 threads × 2304 KB = 443 MB
  Batch 23 [4531,4728) done in 243 ms  h_edges=992692
  NeighborhoodSlab: 188 threads × 2304 KB = 423 MB
  Batch 24 [4728,4916) done in 244 ms  h_edges=996573
  DeviceGraph: fwd=996573 bwd=996573 edges
  Year 1983 total: 8021 ms  (pop: 496448)

--- Year 1984 (pop: 496448) ---
  Adding 4965 new papers
  DeviceGraph: fwd=996573 bwd=996573 edges
  Processing 4965 papers in 25 batches of ~199
  NeighborhoodSlab: 199 threads × 2304 KB = 447 MB
  Batch 0 [0,199) done in 254 ms  h_edges=999988
  NeighborhoodSlab: 199 threads × 2304 KB = 447 MB
  Batch 1 [199,398) done in 247 ms  h_edges=1003760
  NeighborhoodSlab: 199 threads × 2304 KB = 447 MB
  Batch 2 [398,597) done in 259 ms  h_edges=1007967
  NeighborhoodSlab: 199 threads × 2304 KB = 447 MB
  Batch 3 [597,796) done in 207 ms  h_edges=1011476
  NeighborhoodSlab: 199 threads × 2304 KB = 447 MB
  Batch 4 [796,995) done in 241 ms  h_edges=1014717
  NeighborhoodSlab: 199 threads × 2304 KB = 447 MB
  Batch 5 [995,1194) done in 258 ms  h_edges=1018604
  NeighborhoodSlab: 199 threads × 2304 KB = 447 MB
  Batch 6 [1194,1393) done in 246 ms  h_edges=1022161
  NeighborhoodSlab: 199 threads × 2304 KB = 447 MB
  Batch 7 [1393,1592) done in 241 ms  h_edges=1026575
  NeighborhoodSlab: 199 threads × 2304 KB = 447 MB
  Batch 8 [1592,1791) done in 250 ms  h_edges=1030142
  NeighborhoodSlab: 199 threads × 2304 KB = 447 MB
  Batch 9 [1791,1990) done in 260 ms  h_edges=1033582
  NeighborhoodSlab: 199 threads × 2304 KB = 447 MB
  Batch 10 [1990,2189) done in 254 ms  h_edges=1037638
  NeighborhoodSlab: 199 threads × 2304 KB = 447 MB
  Batch 11 [2189,2388) done in 247 ms  h_edges=1041957
  NeighborhoodSlab: 199 threads × 2304 KB = 447 MB
  Batch 12 [2388,2587) done in 248 ms  h_edges=1045758
  NeighborhoodSlab: 199 threads × 2304 KB = 447 MB
  Batch 13 [2587,2786) done in 243 ms  h_edges=1049479
  NeighborhoodSlab: 199 threads × 2304 KB = 447 MB
  Batch 14 [2786,2985) done in 258 ms  h_edges=1053746
  NeighborhoodSlab: 199 threads × 2304 KB = 447 MB
  Batch 15 [2985,3184) done in 256 ms  h_edges=1057899
  NeighborhoodSlab: 199 threads × 2304 KB = 447 MB
  Batch 16 [3184,3383) done in 250 ms  h_edges=1061571
  NeighborhoodSlab: 199 threads × 2304 KB = 447 MB
  Batch 17 [3383,3582) done in 249 ms  h_edges=1064950
  NeighborhoodSlab: 199 threads × 2304 KB = 447 MB
  Batch 18 [3582,3781) done in 206 ms  h_edges=1068658
  NeighborhoodSlab: 199 threads × 2304 KB = 447 MB
  Batch 19 [3781,3980) done in 336 ms  h_edges=1072877
  NeighborhoodSlab: 199 threads × 2304 KB = 447 MB
  Batch 20 [3980,4179) done in 265 ms  h_edges=1077511
  NeighborhoodSlab: 199 threads × 2304 KB = 447 MB
  Batch 21 [4179,4378) done in 284 ms  h_edges=1081332
  NeighborhoodSlab: 199 threads × 2304 KB = 447 MB
  Batch 22 [4378,4577) done in 247 ms  h_edges=1085285
  NeighborhoodSlab: 199 threads × 2304 KB = 447 MB
  Batch 23 [4577,4776) done in 252 ms  h_edges=1088520
  NeighborhoodSlab: 189 threads × 2304 KB = 425 MB
  Batch 24 [4776,4965) done in 277 ms  h_edges=1092707
  DeviceGraph: fwd=1092707 bwd=1092707 edges
  Year 1984 total: 8266 ms  (pop: 501413)

--- Year 1985 (pop: 501413) ---
  Adding 5015 new papers
  DeviceGraph: fwd=1092707 bwd=1092707 edges
  Processing 5015 papers in 25 batches of ~201
  NeighborhoodSlab: 201 threads × 2304 KB = 452 MB
  Batch 0 [0,201) done in 304 ms  h_edges=1097367
  NeighborhoodSlab: 201 threads × 2304 KB = 452 MB
  Batch 1 [201,402) done in 302 ms  h_edges=1101693
  NeighborhoodSlab: 201 threads × 2304 KB = 452 MB
  Batch 2 [402,603) done in 277 ms  h_edges=1105011
  NeighborhoodSlab: 201 threads × 2304 KB = 452 MB
  Batch 3 [603,804) done in 264 ms  h_edges=1109080
  NeighborhoodSlab: 201 threads × 2304 KB = 452 MB
  Batch 4 [804,1005) done in 248 ms  h_edges=1112349
  NeighborhoodSlab: 201 threads × 2304 KB = 452 MB
  Batch 5 [1005,1206) done in 290 ms  h_edges=1116278
  NeighborhoodSlab: 201 threads × 2304 KB = 452 MB
  Batch 6 [1206,1407) done in 250 ms  h_edges=1120500
  NeighborhoodSlab: 201 threads × 2304 KB = 452 MB
  Batch 7 [1407,1608) done in 263 ms  h_edges=1124644
  NeighborhoodSlab: 201 threads × 2304 KB = 452 MB
  Batch 8 [1608,1809) done in 298 ms  h_edges=1128007
  NeighborhoodSlab: 201 threads × 2304 KB = 452 MB
  Batch 9 [1809,2010) done in 263 ms  h_edges=1132563
  NeighborhoodSlab: 201 threads × 2304 KB = 452 MB
  Batch 10 [2010,2211) done in 293 ms  h_edges=1136793
  NeighborhoodSlab: 201 threads × 2304 KB = 452 MB
  Batch 11 [2211,2412) done in 256 ms  h_edges=1140408
  NeighborhoodSlab: 201 threads × 2304 KB = 452 MB
  Batch 12 [2412,2613) done in 257 ms  h_edges=1144495
  NeighborhoodSlab: 201 threads × 2304 KB = 452 MB
  Batch 13 [2613,2814) done in 243 ms  h_edges=1148252
  NeighborhoodSlab: 201 threads × 2304 KB = 452 MB
  Batch 14 [2814,3015) done in 212 ms  h_edges=1152365
  NeighborhoodSlab: 201 threads × 2304 KB = 452 MB
  Batch 15 [3015,3216) done in 229 ms  h_edges=1156296
  NeighborhoodSlab: 201 threads × 2304 KB = 452 MB
  Batch 16 [3216,3417) done in 257 ms  h_edges=1159855
  NeighborhoodSlab: 201 threads × 2304 KB = 452 MB
  Batch 17 [3417,3618) done in 298 ms  h_edges=1163212
  NeighborhoodSlab: 201 threads × 2304 KB = 452 MB
  Batch 18 [3618,3819) done in 304 ms  h_edges=1167185
  NeighborhoodSlab: 201 threads × 2304 KB = 452 MB
  Batch 19 [3819,4020) done in 253 ms  h_edges=1171156
  NeighborhoodSlab: 201 threads × 2304 KB = 452 MB
  Batch 20 [4020,4221) done in 259 ms  h_edges=1174817
  NeighborhoodSlab: 201 threads × 2304 KB = 452 MB
  Batch 21 [4221,4422) done in 258 ms  h_edges=1178658
  NeighborhoodSlab: 201 threads × 2304 KB = 452 MB
  Batch 22 [4422,4623) done in 259 ms  h_edges=1182450
  NeighborhoodSlab: 201 threads × 2304 KB = 452 MB
  Batch 23 [4623,4824) done in 291 ms  h_edges=1186128
  NeighborhoodSlab: 191 threads × 2304 KB = 429 MB
  Batch 24 [4824,5015) done in 263 ms  h_edges=1189520
  DeviceGraph: fwd=1189520 bwd=1189520 edges
  Year 1985 total: 8811 ms  (pop: 506428)

--- Year 1986 (pop: 506428) ---
  Adding 5065 new papers
  DeviceGraph: fwd=1189520 bwd=1189520 edges
  Processing 5065 papers in 25 batches of ~203
  NeighborhoodSlab: 203 threads × 2304 KB = 456 MB
  Batch 0 [0,203) done in 302 ms  h_edges=1192754
  NeighborhoodSlab: 203 threads × 2304 KB = 456 MB
  Batch 1 [203,406) done in 259 ms  h_edges=1197080
  NeighborhoodSlab: 203 threads × 2304 KB = 456 MB
  Batch 2 [406,609) done in 313 ms  h_edges=1201556
  NeighborhoodSlab: 203 threads × 2304 KB = 456 MB
  Batch 3 [609,812) done in 344 ms  h_edges=1205321
  NeighborhoodSlab: 203 threads × 2304 KB = 456 MB
  Batch 4 [812,1015) done in 263 ms  h_edges=1209256
  NeighborhoodSlab: 203 threads × 2304 KB = 456 MB
  Batch 5 [1015,1218) done in 283 ms  h_edges=1212737
  NeighborhoodSlab: 203 threads × 2304 KB = 456 MB
  Batch 6 [1218,1421) done in 287 ms  h_edges=1217031
  NeighborhoodSlab: 203 threads × 2304 KB = 456 MB
  Batch 7 [1421,1624) done in 295 ms  h_edges=1220997
  NeighborhoodSlab: 203 threads × 2304 KB = 456 MB
  Batch 8 [1624,1827) done in 262 ms  h_edges=1225432
  NeighborhoodSlab: 203 threads × 2304 KB = 456 MB
  Batch 9 [1827,2030) done in 252 ms  h_edges=1229782
  NeighborhoodSlab: 203 threads × 2304 KB = 456 MB
  Batch 10 [2030,2233) done in 213 ms  h_edges=1233580
  NeighborhoodSlab: 203 threads × 2304 KB = 456 MB
  Batch 11 [2233,2436) done in 356 ms  h_edges=1237098
  NeighborhoodSlab: 203 threads × 2304 KB = 456 MB
  Batch 12 [2436,2639) done in 299 ms  h_edges=1241155
  NeighborhoodSlab: 203 threads × 2304 KB = 456 MB
  Batch 13 [2639,2842) done in 270 ms  h_edges=1244842
  NeighborhoodSlab: 203 threads × 2304 KB = 456 MB
  Batch 14 [2842,3045) done in 266 ms  h_edges=1248961
  NeighborhoodSlab: 203 threads × 2304 KB = 456 MB
  Batch 15 [3045,3248) done in 253 ms  h_edges=1253786
  NeighborhoodSlab: 203 threads × 2304 KB = 456 MB
  Batch 16 [3248,3451) done in 228 ms  h_edges=1257868
  NeighborhoodSlab: 203 threads × 2304 KB = 456 MB
  Batch 17 [3451,3654) done in 275 ms  h_edges=1262263
  NeighborhoodSlab: 203 threads × 2304 KB = 456 MB
  Batch 18 [3654,3857) done in 260 ms  h_edges=1266206
  NeighborhoodSlab: 203 threads × 2304 KB = 456 MB
  Batch 19 [3857,4060) done in 246 ms  h_edges=1269726
  NeighborhoodSlab: 203 threads × 2304 KB = 456 MB
  Batch 20 [4060,4263) done in 294 ms  h_edges=1274199
  NeighborhoodSlab: 203 threads × 2304 KB = 456 MB
  Batch 21 [4263,4466) done in 300 ms  h_edges=1278300
  NeighborhoodSlab: 203 threads × 2304 KB = 456 MB
  Batch 22 [4466,4669) done in 301 ms  h_edges=1282325
  NeighborhoodSlab: 203 threads × 2304 KB = 456 MB
  Batch 23 [4669,4872) done in 304 ms  h_edges=1286311
  NeighborhoodSlab: 193 threads × 2304 KB = 434 MB
  Batch 24 [4872,5065) done in 215 ms  h_edges=1290055
  DeviceGraph: fwd=1290055 bwd=1290055 edges
  Year 1986 total: 9069 ms  (pop: 511493)

--- Year 1987 (pop: 511493) ---
  Adding 5115 new papers
  DeviceGraph: fwd=1290055 bwd=1290055 edges
  Processing 5115 papers in 25 batches of ~205
  NeighborhoodSlab: 205 threads × 2304 KB = 461 MB
  Batch 0 [0,205) done in 267 ms  h_edges=1294055
  NeighborhoodSlab: 205 threads × 2304 KB = 461 MB
  Batch 1 [205,410) done in 361 ms  h_edges=1297742
  NeighborhoodSlab: 205 threads × 2304 KB = 461 MB
  Batch 2 [410,615) done in 250 ms  h_edges=1301394
  NeighborhoodSlab: 205 threads × 2304 KB = 461 MB
  Batch 3 [615,820) done in 269 ms  h_edges=1305116
  NeighborhoodSlab: 205 threads × 2304 KB = 461 MB
  Batch 4 [820,1025) done in 263 ms  h_edges=1309011
  NeighborhoodSlab: 205 threads × 2304 KB = 461 MB
  Batch 5 [1025,1230) done in 281 ms  h_edges=1313121
  NeighborhoodSlab: 205 threads × 2304 KB = 461 MB
  Batch 6 [1230,1435) done in 322 ms  h_edges=1316748
  NeighborhoodSlab: 205 threads × 2304 KB = 461 MB
  Batch 7 [1435,1640) done in 317 ms  h_edges=1320524
  NeighborhoodSlab: 205 threads × 2304 KB = 461 MB
  Batch 8 [1640,1845) done in 252 ms  h_edges=1324601
  NeighborhoodSlab: 205 threads × 2304 KB = 461 MB
  Batch 9 [1845,2050) done in 318 ms  h_edges=1328697
  NeighborhoodSlab: 205 threads × 2304 KB = 461 MB
  Batch 10 [2050,2255) done in 268 ms  h_edges=1333334
  NeighborhoodSlab: 205 threads × 2304 KB = 461 MB
  Batch 11 [2255,2460) done in 265 ms  h_edges=1337428
  NeighborhoodSlab: 205 threads × 2304 KB = 461 MB
  Batch 12 [2460,2665) done in 259 ms  h_edges=1340775
  NeighborhoodSlab: 205 threads × 2304 KB = 461 MB
  Batch 13 [2665,2870) done in 261 ms  h_edges=1344877
  NeighborhoodSlab: 205 threads × 2304 KB = 461 MB
  Batch 14 [2870,3075) done in 346 ms  h_edges=1348343
  NeighborhoodSlab: 205 threads × 2304 KB = 461 MB
  Batch 15 [3075,3280) done in 266 ms  h_edges=1352201
  NeighborhoodSlab: 205 threads × 2304 KB = 461 MB
  Batch 16 [3280,3485) done in 300 ms  h_edges=1355927
  NeighborhoodSlab: 205 threads × 2304 KB = 461 MB
  Batch 17 [3485,3690) done in 350 ms  h_edges=1359826
  NeighborhoodSlab: 205 threads × 2304 KB = 461 MB
  Batch 18 [3690,3895) done in 346 ms  h_edges=1364374
  NeighborhoodSlab: 205 threads × 2304 KB = 461 MB
  Batch 19 [3895,4100) done in 263 ms  h_edges=1369581
  NeighborhoodSlab: 205 threads × 2304 KB = 461 MB
  Batch 20 [4100,4305) done in 319 ms  h_edges=1373683
  NeighborhoodSlab: 205 threads × 2304 KB = 461 MB
  Batch 21 [4305,4510) done in 274 ms  h_edges=1377597
  NeighborhoodSlab: 205 threads × 2304 KB = 461 MB
  Batch 22 [4510,4715) done in 266 ms  h_edges=1381630
  NeighborhoodSlab: 205 threads × 2304 KB = 461 MB
  Batch 23 [4715,4920) done in 311 ms  h_edges=1385696
  NeighborhoodSlab: 195 threads × 2304 KB = 438 MB
  Batch 24 [4920,5115) done in 256 ms  h_edges=1389369
  DeviceGraph: fwd=1389369 bwd=1389369 edges
  Year 1987 total: 9404 ms  (pop: 516608)

--- Year 1988 (pop: 516608) ---
  Adding 5167 new papers
  DeviceGraph: fwd=1389369 bwd=1389369 edges
  Processing 5167 papers in 25 batches of ~207
  NeighborhoodSlab: 207 threads × 2304 KB = 465 MB
  Batch 0 [0,207) done in 300 ms  h_edges=1393372
  NeighborhoodSlab: 207 threads × 2304 KB = 465 MB
  Batch 1 [207,414) done in 313 ms  h_edges=1397677
  NeighborhoodSlab: 207 threads × 2304 KB = 465 MB
  Batch 2 [414,621) done in 274 ms  h_edges=1401610
  NeighborhoodSlab: 207 threads × 2304 KB = 465 MB
  Batch 3 [621,828) done in 311 ms  h_edges=1405819
  NeighborhoodSlab: 207 threads × 2304 KB = 465 MB
  Batch 4 [828,1035) done in 316 ms  h_edges=1409671
  NeighborhoodSlab: 207 threads × 2304 KB = 465 MB
  Batch 5 [1035,1242) done in 269 ms  h_edges=1413748
  NeighborhoodSlab: 207 threads × 2304 KB = 465 MB
  Batch 6 [1242,1449) done in 265 ms  h_edges=1417936
  NeighborhoodSlab: 207 threads × 2304 KB = 465 MB
  Batch 7 [1449,1656) done in 279 ms  h_edges=1421988
  NeighborhoodSlab: 207 threads × 2304 KB = 465 MB
  Batch 8 [1656,1863) done in 348 ms  h_edges=1425770
  NeighborhoodSlab: 207 threads × 2304 KB = 465 MB
  Batch 9 [1863,2070) done in 348 ms  h_edges=1430343
  NeighborhoodSlab: 207 threads × 2304 KB = 465 MB
  Batch 10 [2070,2277) done in 326 ms  h_edges=1434770
  NeighborhoodSlab: 207 threads × 2304 KB = 465 MB
  Batch 11 [2277,2484) done in 322 ms  h_edges=1438944
  NeighborhoodSlab: 207 threads × 2304 KB = 465 MB
  Batch 12 [2484,2691) done in 328 ms  h_edges=1443113
  NeighborhoodSlab: 207 threads × 2304 KB = 465 MB
  Batch 13 [2691,2898) done in 260 ms  h_edges=1447696
  NeighborhoodSlab: 207 threads × 2304 KB = 465 MB
  Batch 14 [2898,3105) done in 273 ms  h_edges=1452464
  NeighborhoodSlab: 207 threads × 2304 KB = 465 MB
  Batch 15 [3105,3312) done in 224 ms  h_edges=1456303
  NeighborhoodSlab: 207 threads × 2304 KB = 465 MB
  Batch 16 [3312,3519) done in 275 ms  h_edges=1460595
  NeighborhoodSlab: 207 threads × 2304 KB = 465 MB
  Batch 17 [3519,3726) done in 294 ms  h_edges=1464936
  NeighborhoodSlab: 207 threads × 2304 KB = 465 MB
  Batch 18 [3726,3933) done in 261 ms  h_edges=1469219
  NeighborhoodSlab: 207 threads × 2304 KB = 465 MB
  Batch 19 [3933,4140) done in 388 ms  h_edges=1472771
  NeighborhoodSlab: 207 threads × 2304 KB = 465 MB
  Batch 20 [4140,4347) done in 312 ms  h_edges=1476701
  NeighborhoodSlab: 207 threads × 2304 KB = 465 MB
  Batch 21 [4347,4554) done in 266 ms  h_edges=1480568
  NeighborhoodSlab: 207 threads × 2304 KB = 465 MB
  Batch 22 [4554,4761) done in 357 ms  h_edges=1484484
  NeighborhoodSlab: 207 threads × 2304 KB = 465 MB
  Batch 23 [4761,4968) done in 315 ms  h_edges=1488992
  NeighborhoodSlab: 199 threads × 2304 KB = 447 MB
  Batch 24 [4968,5167) done in 299 ms  h_edges=1492693
  DeviceGraph: fwd=1492693 bwd=1492693 edges
  Year 1988 total: 9807 ms  (pop: 521775)

--- Year 1989 (pop: 521775) ---
  Adding 5218 new papers
  DeviceGraph: fwd=1492693 bwd=1492693 edges
  Processing 5218 papers in 25 batches of ~209
  NeighborhoodSlab: 209 threads × 2304 KB = 470 MB
  Batch 0 [0,209) done in 279 ms  h_edges=1495975
  NeighborhoodSlab: 209 threads × 2304 KB = 470 MB
  Batch 1 [209,418) done in 325 ms  h_edges=1499476
  NeighborhoodSlab: 209 threads × 2304 KB = 470 MB
  Batch 2 [418,627) done in 316 ms  h_edges=1503202
  NeighborhoodSlab: 209 threads × 2304 KB = 470 MB
  Batch 3 [627,836) done in 313 ms  h_edges=1507117
  NeighborhoodSlab: 209 threads × 2304 KB = 470 MB
  Batch 4 [836,1045) done in 315 ms  h_edges=1511525
  NeighborhoodSlab: 209 threads × 2304 KB = 470 MB
  Batch 5 [1045,1254) done in 275 ms  h_edges=1514833
  NeighborhoodSlab: 209 threads × 2304 KB = 470 MB
  Batch 6 [1254,1463) done in 280 ms  h_edges=1519153
  NeighborhoodSlab: 209 threads × 2304 KB = 470 MB
  Batch 7 [1463,1672) done in 367 ms  h_edges=1523018
  NeighborhoodSlab: 209 threads × 2304 KB = 470 MB
  Batch 8 [1672,1881) done in 279 ms  h_edges=1526638
  NeighborhoodSlab: 209 threads × 2304 KB = 470 MB
  Batch 9 [1881,2090) done in 310 ms  h_edges=1530851
  NeighborhoodSlab: 209 threads × 2304 KB = 470 MB
  Batch 10 [2090,2299) done in 308 ms  h_edges=1534953
  NeighborhoodSlab: 209 threads × 2304 KB = 470 MB
  Batch 11 [2299,2508) done in 366 ms  h_edges=1538587
  NeighborhoodSlab: 209 threads × 2304 KB = 470 MB
  Batch 12 [2508,2717) done in 342 ms  h_edges=1542819
  NeighborhoodSlab: 209 threads × 2304 KB = 470 MB
  Batch 13 [2717,2926) done in 277 ms  h_edges=1546345
  NeighborhoodSlab: 209 threads × 2304 KB = 470 MB
  Batch 14 [2926,3135) done in 267 ms  h_edges=1549925
  NeighborhoodSlab: 209 threads × 2304 KB = 470 MB
  Batch 15 [3135,3344) done in 318 ms  h_edges=1553796
  NeighborhoodSlab: 209 threads × 2304 KB = 470 MB
  Batch 16 [3344,3553) done in 272 ms  h_edges=1558238
  NeighborhoodSlab: 209 threads × 2304 KB = 470 MB
  Batch 17 [3553,3762) done in 276 ms  h_edges=1562120
  NeighborhoodSlab: 209 threads × 2304 KB = 470 MB
  Batch 18 [3762,3971) done in 302 ms  h_edges=1566645
  NeighborhoodSlab: 209 threads × 2304 KB = 470 MB
  Batch 19 [3971,4180) done in 280 ms  h_edges=1570371
  NeighborhoodSlab: 209 threads × 2304 KB = 470 MB
  Batch 20 [4180,4389) done in 265 ms  h_edges=1573784
  NeighborhoodSlab: 209 threads × 2304 KB = 470 MB
  Batch 21 [4389,4598) done in 366 ms  h_edges=1577357
  NeighborhoodSlab: 209 threads × 2304 KB = 470 MB
  Batch 22 [4598,4807) done in 268 ms  h_edges=1581128
  NeighborhoodSlab: 209 threads × 2304 KB = 470 MB
  Batch 23 [4807,5016) done in 281 ms  h_edges=1585481
  NeighborhoodSlab: 202 threads × 2304 KB = 454 MB
  Batch 24 [5016,5218) done in 274 ms  h_edges=1589130
  DeviceGraph: fwd=1589130 bwd=1589130 edges
  Year 1989 total: 10088 ms  (pop: 526993)

--- Year 1990 (pop: 526993) ---
  Adding 5270 new papers
  DeviceGraph: fwd=1589130 bwd=1589130 edges
  Processing 5270 papers in 25 batches of ~211
  NeighborhoodSlab: 211 threads × 2304 KB = 474 MB
  Batch 0 [0,211) done in 313 ms  h_edges=1593527
  NeighborhoodSlab: 211 threads × 2304 KB = 474 MB
  Batch 1 [211,422) done in 419 ms  h_edges=1597183
  NeighborhoodSlab: 211 threads × 2304 KB = 474 MB
  Batch 2 [422,633) done in 314 ms  h_edges=1601884
  NeighborhoodSlab: 211 threads × 2304 KB = 474 MB
  Batch 3 [633,844) done in 273 ms  h_edges=1605981
  NeighborhoodSlab: 211 threads × 2304 KB = 474 MB
  Batch 4 [844,1055) done in 314 ms  h_edges=1610115
  NeighborhoodSlab: 211 threads × 2304 KB = 474 MB
  Batch 5 [1055,1266) done in 329 ms  h_edges=1614107
  NeighborhoodSlab: 211 threads × 2304 KB = 474 MB
  Batch 6 [1266,1477) done in 307 ms  h_edges=1618492
  NeighborhoodSlab: 211 threads × 2304 KB = 474 MB
  Batch 7 [1477,1688) done in 325 ms  h_edges=1622702
  NeighborhoodSlab: 211 threads × 2304 KB = 474 MB
  Batch 8 [1688,1899) done in 276 ms  h_edges=1626915
  NeighborhoodSlab: 211 threads × 2304 KB = 474 MB
  Batch 9 [1899,2110) done in 493 ms  h_edges=1630597
  NeighborhoodSlab: 211 threads × 2304 KB = 474 MB
  Batch 10 [2110,2321) done in 284 ms  h_edges=1635001
  NeighborhoodSlab: 211 threads × 2304 KB = 474 MB
  Batch 11 [2321,2532) done in 328 ms  h_edges=1639897
  NeighborhoodSlab: 211 threads × 2304 KB = 474 MB
  Batch 12 [2532,2743) done in 273 ms  h_edges=1643823
  NeighborhoodSlab: 211 threads × 2304 KB = 474 MB
  Batch 13 [2743,2954) done in 273 ms  h_edges=1647819
  NeighborhoodSlab: 211 threads × 2304 KB = 474 MB
  Batch 14 [2954,3165) done in 310 ms  h_edges=1652617
  NeighborhoodSlab: 211 threads × 2304 KB = 474 MB
  Batch 15 [3165,3376) done in 372 ms  h_edges=1656720
  NeighborhoodSlab: 211 threads × 2304 KB = 474 MB
  Batch 16 [3376,3587) done in 304 ms  h_edges=1660939
  NeighborhoodSlab: 211 threads × 2304 KB = 474 MB
  Batch 17 [3587,3798) done in 263 ms  h_edges=1664830
  NeighborhoodSlab: 211 threads × 2304 KB = 474 MB
  Batch 18 [3798,4009) done in 318 ms  h_edges=1668513
  NeighborhoodSlab: 211 threads × 2304 KB = 474 MB
  Batch 19 [4009,4220) done in 328 ms  h_edges=1673000
  NeighborhoodSlab: 211 threads × 2304 KB = 474 MB
  Batch 20 [4220,4431) done in 314 ms  h_edges=1676590
  NeighborhoodSlab: 211 threads × 2304 KB = 474 MB
  Batch 21 [4431,4642) done in 315 ms  h_edges=1680399
  NeighborhoodSlab: 211 threads × 2304 KB = 474 MB
  Batch 22 [4642,4853) done in 278 ms  h_edges=1684617
  NeighborhoodSlab: 211 threads × 2304 KB = 474 MB
  Batch 23 [4853,5064) done in 311 ms  h_edges=1689328
  NeighborhoodSlab: 206 threads × 2304 KB = 463 MB
  Batch 24 [5064,5270) done in 300 ms  h_edges=1693175
  DeviceGraph: fwd=1693175 bwd=1693175 edges
  Year 1990 total: 10596 ms  (pop: 532263)

--- Year 1991 (pop: 532263) ---
  Adding 5323 new papers
  DeviceGraph: fwd=1693175 bwd=1693175 edges
  Processing 5323 papers in 25 batches of ~213
  NeighborhoodSlab: 213 threads × 2304 KB = 479 MB
  Batch 0 [0,213) done in 322 ms  h_edges=1697450
  NeighborhoodSlab: 213 threads × 2304 KB = 479 MB
  Batch 1 [213,426) done in 304 ms  h_edges=1701350
  NeighborhoodSlab: 213 threads × 2304 KB = 479 MB
  Batch 2 [426,639) done in 314 ms  h_edges=1705962
  NeighborhoodSlab: 213 threads × 2304 KB = 479 MB
  Batch 3 [639,852) done in 339 ms  h_edges=1710130
  NeighborhoodSlab: 213 threads × 2304 KB = 479 MB
  Batch 4 [852,1065) done in 323 ms  h_edges=1714510
  NeighborhoodSlab: 213 threads × 2304 KB = 479 MB
  Batch 5 [1065,1278) done in 311 ms  h_edges=1719041
  NeighborhoodSlab: 213 threads × 2304 KB = 479 MB
  Batch 6 [1278,1491) done in 363 ms  h_edges=1723031
  NeighborhoodSlab: 213 threads × 2304 KB = 479 MB
  Batch 7 [1491,1704) done in 317 ms  h_edges=1727606
  NeighborhoodSlab: 213 threads × 2304 KB = 479 MB
  Batch 8 [1704,1917) done in 325 ms  h_edges=1731838
  NeighborhoodSlab: 213 threads × 2304 KB = 479 MB
  Batch 9 [1917,2130) done in 370 ms  h_edges=1736073
  NeighborhoodSlab: 213 threads × 2304 KB = 479 MB
  Batch 10 [2130,2343) done in 336 ms  h_edges=1740199
  NeighborhoodSlab: 213 threads × 2304 KB = 479 MB
  Batch 11 [2343,2556) done in 373 ms  h_edges=1744155
  NeighborhoodSlab: 213 threads × 2304 KB = 479 MB
  Batch 12 [2556,2769) done in 358 ms  h_edges=1748864
  NeighborhoodSlab: 213 threads × 2304 KB = 479 MB
  Batch 13 [2769,2982) done in 327 ms  h_edges=1753173
  NeighborhoodSlab: 213 threads × 2304 KB = 479 MB
  Batch 14 [2982,3195) done in 313 ms  h_edges=1757193
  NeighborhoodSlab: 213 threads × 2304 KB = 479 MB
  Batch 15 [3195,3408) done in 277 ms  h_edges=1761199
  NeighborhoodSlab: 213 threads × 2304 KB = 479 MB
  Batch 16 [3408,3621) done in 284 ms  h_edges=1765010
  NeighborhoodSlab: 213 threads × 2304 KB = 479 MB
  Batch 17 [3621,3834) done in 370 ms  h_edges=1769094
  NeighborhoodSlab: 213 threads × 2304 KB = 479 MB
  Batch 18 [3834,4047) done in 380 ms  h_edges=1773417
  NeighborhoodSlab: 213 threads × 2304 KB = 479 MB
  Batch 19 [4047,4260) done in 335 ms  h_edges=1778334
  NeighborhoodSlab: 213 threads × 2304 KB = 479 MB
  Batch 20 [4260,4473) done in 366 ms  h_edges=1782391
  NeighborhoodSlab: 213 threads × 2304 KB = 479 MB
  Batch 21 [4473,4686) done in 271 ms  h_edges=1786383
  NeighborhoodSlab: 213 threads × 2304 KB = 479 MB
  Batch 22 [4686,4899) done in 364 ms  h_edges=1790857
  NeighborhoodSlab: 213 threads × 2304 KB = 479 MB
  Batch 23 [4899,5112) done in 271 ms  h_edges=1795034
  NeighborhoodSlab: 211 threads × 2304 KB = 474 MB
  Batch 24 [5112,5323) done in 324 ms  h_edges=1798876
  DeviceGraph: fwd=1798876 bwd=1798876 edges
  Year 1991 total: 10969 ms  (pop: 537586)

--- Year 1992 (pop: 537586) ---
  Adding 5376 new papers
  DeviceGraph: fwd=1798876 bwd=1798876 edges
  Processing 5376 papers in 25 batches of ~216
  NeighborhoodSlab: 216 threads × 2304 KB = 486 MB
  Batch 0 [0,216) done in 369 ms  h_edges=1802557
  NeighborhoodSlab: 216 threads × 2304 KB = 486 MB
  Batch 1 [216,432) done in 317 ms  h_edges=1806791
  NeighborhoodSlab: 216 threads × 2304 KB = 486 MB
  Batch 2 [432,648) done in 379 ms  h_edges=1811279
  NeighborhoodSlab: 216 threads × 2304 KB = 486 MB
  Batch 3 [648,864) done in 323 ms  h_edges=1815430
  NeighborhoodSlab: 216 threads × 2304 KB = 486 MB
  Batch 4 [864,1080) done in 331 ms  h_edges=1819921
  NeighborhoodSlab: 216 threads × 2304 KB = 486 MB
  Batch 5 [1080,1296) done in 330 ms  h_edges=1824366
  NeighborhoodSlab: 216 threads × 2304 KB = 486 MB
  Batch 6 [1296,1512) done in 313 ms  h_edges=1828791
  NeighborhoodSlab: 216 threads × 2304 KB = 486 MB
  Batch 7 [1512,1728) done in 378 ms  h_edges=1833556
  NeighborhoodSlab: 216 threads × 2304 KB = 486 MB
  Batch 8 [1728,1944) done in 359 ms  h_edges=1838183
  NeighborhoodSlab: 216 threads × 2304 KB = 486 MB
  Batch 9 [1944,2160) done in 281 ms  h_edges=1842371
  NeighborhoodSlab: 216 threads × 2304 KB = 486 MB
  Batch 10 [2160,2376) done in 373 ms  h_edges=1846539
  NeighborhoodSlab: 216 threads × 2304 KB = 486 MB
  Batch 11 [2376,2592) done in 361 ms  h_edges=1850992
  NeighborhoodSlab: 216 threads × 2304 KB = 486 MB
  Batch 12 [2592,2808) done in 368 ms  h_edges=1854713
  NeighborhoodSlab: 216 threads × 2304 KB = 486 MB
  Batch 13 [2808,3024) done in 326 ms  h_edges=1858857
  NeighborhoodSlab: 216 threads × 2304 KB = 486 MB
  Batch 14 [3024,3240) done in 323 ms  h_edges=1862545
  NeighborhoodSlab: 216 threads × 2304 KB = 486 MB
  Batch 15 [3240,3456) done in 375 ms  h_edges=1867281
  NeighborhoodSlab: 216 threads × 2304 KB = 486 MB
  Batch 16 [3456,3672) done in 322 ms  h_edges=1872106
  NeighborhoodSlab: 216 threads × 2304 KB = 486 MB
  Batch 17 [3672,3888) done in 332 ms  h_edges=1877017
  NeighborhoodSlab: 216 threads × 2304 KB = 486 MB
  Batch 18 [3888,4104) done in 314 ms  h_edges=1881088
  NeighborhoodSlab: 216 threads × 2304 KB = 486 MB
  Batch 19 [4104,4320) done in 324 ms  h_edges=1885668
  NeighborhoodSlab: 216 threads × 2304 KB = 486 MB
  Batch 20 [4320,4536) done in 329 ms  h_edges=1889775
  NeighborhoodSlab: 216 threads × 2304 KB = 486 MB
  Batch 21 [4536,4752) done in 279 ms  h_edges=1894219
  NeighborhoodSlab: 216 threads × 2304 KB = 486 MB
  Batch 22 [4752,4968) done in 333 ms  h_edges=1898759
  NeighborhoodSlab: 216 threads × 2304 KB = 486 MB
  Batch 23 [4968,5184) done in 326 ms  h_edges=1902489
  NeighborhoodSlab: 192 threads × 2304 KB = 432 MB
  Batch 24 [5184,5376) done in 310 ms  h_edges=1906785
  DeviceGraph: fwd=1906785 bwd=1906785 edges
  Year 1992 total: 11246 ms  (pop: 542962)

--- Year 1993 (pop: 542962) ---
  Adding 5430 new papers
  DeviceGraph: fwd=1906785 bwd=1906785 edges
  Processing 5430 papers in 25 batches of ~218
  NeighborhoodSlab: 218 threads × 2304 KB = 490 MB
  Batch 0 [0,218) done in 421 ms  h_edges=1910904
  NeighborhoodSlab: 218 threads × 2304 KB = 490 MB
  Batch 1 [218,436) done in 285 ms  h_edges=1914910
  NeighborhoodSlab: 218 threads × 2304 KB = 490 MB
  Batch 2 [436,654) done in 282 ms  h_edges=1919380
  NeighborhoodSlab: 218 threads × 2304 KB = 490 MB
  Batch 3 [654,872) done in 326 ms  h_edges=1923063
  NeighborhoodSlab: 218 threads × 2304 KB = 490 MB
  Batch 4 [872,1090) done in 359 ms  h_edges=1927168
  NeighborhoodSlab: 218 threads × 2304 KB = 490 MB
  Batch 5 [1090,1308) done in 323 ms  h_edges=1931031
  NeighborhoodSlab: 218 threads × 2304 KB = 490 MB
  Batch 6 [1308,1526) done in 335 ms  h_edges=1934908
  NeighborhoodSlab: 218 threads × 2304 KB = 490 MB
  Batch 7 [1526,1744) done in 331 ms  h_edges=1938919
  NeighborhoodSlab: 218 threads × 2304 KB = 490 MB
  Batch 8 [1744,1962) done in 286 ms  h_edges=1942773
  NeighborhoodSlab: 218 threads × 2304 KB = 490 MB
  Batch 9 [1962,2180) done in 331 ms  h_edges=1947532
  NeighborhoodSlab: 218 threads × 2304 KB = 490 MB
  Batch 10 [2180,2398) done in 330 ms  h_edges=1951510
  NeighborhoodSlab: 218 threads × 2304 KB = 490 MB
  Batch 11 [2398,2616) done in 376 ms  h_edges=1955384
  NeighborhoodSlab: 218 threads × 2304 KB = 490 MB
  Batch 12 [2616,2834) done in 382 ms  h_edges=1959741
  NeighborhoodSlab: 218 threads × 2304 KB = 490 MB
  Batch 13 [2834,3052) done in 324 ms  h_edges=1964136
  NeighborhoodSlab: 218 threads × 2304 KB = 490 MB
  Batch 14 [3052,3270) done in 348 ms  h_edges=1968267
  NeighborhoodSlab: 218 threads × 2304 KB = 490 MB
  Batch 15 [3270,3488) done in 366 ms  h_edges=1972560
  NeighborhoodSlab: 218 threads × 2304 KB = 490 MB
  Batch 16 [3488,3706) done in 325 ms  h_edges=1977210
  NeighborhoodSlab: 218 threads × 2304 KB = 490 MB
  Batch 17 [3706,3924) done in 329 ms  h_edges=1981119
  NeighborhoodSlab: 218 threads × 2304 KB = 490 MB
  Batch 18 [3924,4142) done in 379 ms  h_edges=1984968
  NeighborhoodSlab: 218 threads × 2304 KB = 490 MB
  Batch 19 [4142,4360) done in 335 ms  h_edges=1988467
  NeighborhoodSlab: 218 threads × 2304 KB = 490 MB
  Batch 20 [4360,4578) done in 368 ms  h_edges=1992547
  NeighborhoodSlab: 218 threads × 2304 KB = 490 MB
  Batch 21 [4578,4796) done in 320 ms  h_edges=1997272
  NeighborhoodSlab: 218 threads × 2304 KB = 490 MB
  Batch 22 [4796,5014) done in 331 ms  h_edges=2002127
  NeighborhoodSlab: 218 threads × 2304 KB = 490 MB
  Batch 23 [5014,5232) done in 374 ms  h_edges=2006477
  NeighborhoodSlab: 198 threads × 2304 KB = 445 MB
  Batch 24 [5232,5430) done in 311 ms  h_edges=2010275
  DeviceGraph: fwd=2010275 bwd=2010275 edges
  Year 1993 total: 11586 ms  (pop: 548392)

--- Year 1994 (pop: 548392) ---
  Adding 5484 new papers
  DeviceGraph: fwd=2010275 bwd=2010275 edges
  Processing 5484 papers in 25 batches of ~220
  NeighborhoodSlab: 220 threads × 2304 KB = 495 MB
  Batch 0 [0,220) done in 333 ms  h_edges=2013981
  NeighborhoodSlab: 220 threads × 2304 KB = 495 MB
  Batch 1 [220,440) done in 345 ms  h_edges=2018157
  NeighborhoodSlab: 220 threads × 2304 KB = 495 MB
  Batch 2 [440,660) done in 378 ms  h_edges=2021661
  NeighborhoodSlab: 220 threads × 2304 KB = 495 MB
  Batch 3 [660,880) done in 386 ms  h_edges=2026575
  NeighborhoodSlab: 220 threads × 2304 KB = 495 MB
  Batch 4 [880,1100) done in 373 ms  h_edges=2030814
  NeighborhoodSlab: 220 threads × 2304 KB = 495 MB
  Batch 5 [1100,1320) done in 425 ms  h_edges=2035780
  NeighborhoodSlab: 220 threads × 2304 KB = 495 MB
  Batch 6 [1320,1540) done in 384 ms  h_edges=2040566
  NeighborhoodSlab: 220 threads × 2304 KB = 495 MB
  Batch 7 [1540,1760) done in 325 ms  h_edges=2044626
  NeighborhoodSlab: 220 threads × 2304 KB = 495 MB
  Batch 8 [1760,1980) done in 374 ms  h_edges=2048868
  NeighborhoodSlab: 220 threads × 2304 KB = 495 MB
  Batch 9 [1980,2200) done in 331 ms  h_edges=2053131
  NeighborhoodSlab: 220 threads × 2304 KB = 495 MB
  Batch 10 [2200,2420) done in 336 ms  h_edges=2057372
  NeighborhoodSlab: 220 threads × 2304 KB = 495 MB
  Batch 11 [2420,2640) done in 443 ms  h_edges=2061925
  NeighborhoodSlab: 220 threads × 2304 KB = 495 MB
  Batch 12 [2640,2860) done in 328 ms  h_edges=2066506
  NeighborhoodSlab: 220 threads × 2304 KB = 495 MB
  Batch 13 [2860,3080) done in 372 ms  h_edges=2070441
  NeighborhoodSlab: 220 threads × 2304 KB = 495 MB
  Batch 14 [3080,3300) done in 377 ms  h_edges=2074557
  NeighborhoodSlab: 220 threads × 2304 KB = 495 MB
  Batch 15 [3300,3520) done in 397 ms  h_edges=2078974
  NeighborhoodSlab: 220 threads × 2304 KB = 495 MB
  Batch 16 [3520,3740) done in 325 ms  h_edges=2083853
  NeighborhoodSlab: 220 threads × 2304 KB = 495 MB
  Batch 17 [3740,3960) done in 424 ms  h_edges=2088466
  NeighborhoodSlab: 220 threads × 2304 KB = 495 MB
  Batch 18 [3960,4180) done in 382 ms  h_edges=2092855
  NeighborhoodSlab: 220 threads × 2304 KB = 495 MB
  Batch 19 [4180,4400) done in 417 ms  h_edges=2097058
  NeighborhoodSlab: 220 threads × 2304 KB = 495 MB
  Batch 20 [4400,4620) done in 421 ms  h_edges=2101151
  NeighborhoodSlab: 220 threads × 2304 KB = 495 MB
  Batch 21 [4620,4840) done in 337 ms  h_edges=2105516
  NeighborhoodSlab: 220 threads × 2304 KB = 495 MB
  Batch 22 [4840,5060) done in 329 ms  h_edges=2109815
  NeighborhoodSlab: 220 threads × 2304 KB = 495 MB
  Batch 23 [5060,5280) done in 297 ms  h_edges=2114031
  NeighborhoodSlab: 204 threads × 2304 KB = 459 MB
  Batch 24 [5280,5484) done in 330 ms  h_edges=2117937
  DeviceGraph: fwd=2117937 bwd=2117937 edges
  Year 1994 total: 12346 ms  (pop: 553876)

--- Year 1995 (pop: 553876) ---
  Adding 5539 new papers
  DeviceGraph: fwd=2117937 bwd=2117937 edges
  Processing 5539 papers in 25 batches of ~222
  NeighborhoodSlab: 222 threads × 2304 KB = 499 MB
  Batch 0 [0,222) done in 365 ms  h_edges=2122014
  NeighborhoodSlab: 222 threads × 2304 KB = 499 MB
  Batch 1 [222,444) done in 344 ms  h_edges=2126288
  NeighborhoodSlab: 222 threads × 2304 KB = 499 MB
  Batch 2 [444,666) done in 382 ms  h_edges=2130075
  NeighborhoodSlab: 222 threads × 2304 KB = 499 MB
  Batch 3 [666,888) done in 390 ms  h_edges=2134332
  NeighborhoodSlab: 222 threads × 2304 KB = 499 MB
  Batch 4 [888,1110) done in 330 ms  h_edges=2138816
  NeighborhoodSlab: 222 threads × 2304 KB = 499 MB
  Batch 5 [1110,1332) done in 333 ms  h_edges=2143078
  NeighborhoodSlab: 222 threads × 2304 KB = 499 MB
  Batch 6 [1332,1554) done in 422 ms  h_edges=2147705
  NeighborhoodSlab: 222 threads × 2304 KB = 499 MB
  Batch 7 [1554,1776) done in 283 ms  h_edges=2151518
  NeighborhoodSlab: 222 threads × 2304 KB = 499 MB
  Batch 8 [1776,1998) done in 429 ms  h_edges=2156059
  NeighborhoodSlab: 222 threads × 2304 KB = 499 MB
  Batch 9 [1998,2220) done in 380 ms  h_edges=2160218
  NeighborhoodSlab: 222 threads × 2304 KB = 499 MB
  Batch 10 [2220,2442) done in 301 ms  h_edges=2164466
  NeighborhoodSlab: 222 threads × 2304 KB = 499 MB
  Batch 11 [2442,2664) done in 351 ms  h_edges=2168963
  NeighborhoodSlab: 222 threads × 2304 KB = 499 MB
  Batch 12 [2664,2886) done in 360 ms  h_edges=2173578
  NeighborhoodSlab: 222 threads × 2304 KB = 499 MB
  Batch 13 [2886,3108) done in 299 ms  h_edges=2177743
  NeighborhoodSlab: 222 threads × 2304 KB = 499 MB
  Batch 14 [3108,3330) done in 404 ms  h_edges=2182336
  NeighborhoodSlab: 222 threads × 2304 KB = 499 MB
  Batch 15 [3330,3552) done in 377 ms  h_edges=2185862
  NeighborhoodSlab: 222 threads × 2304 KB = 499 MB
  Batch 16 [3552,3774) done in 368 ms  h_edges=2190711
  NeighborhoodSlab: 222 threads × 2304 KB = 499 MB
  Batch 17 [3774,3996) done in 423 ms  h_edges=2195359
  NeighborhoodSlab: 222 threads × 2304 KB = 499 MB
  Batch 18 [3996,4218) done in 324 ms  h_edges=2200009
  NeighborhoodSlab: 222 threads × 2304 KB = 499 MB
  Batch 19 [4218,4440) done in 342 ms  h_edges=2204517
  NeighborhoodSlab: 222 threads × 2304 KB = 499 MB
  Batch 20 [4440,4662) done in 296 ms  h_edges=2208570
  NeighborhoodSlab: 222 threads × 2304 KB = 499 MB
  Batch 21 [4662,4884) done in 320 ms  h_edges=2213024
  NeighborhoodSlab: 222 threads × 2304 KB = 499 MB
  Batch 22 [4884,5106) done in 380 ms  h_edges=2216901
  NeighborhoodSlab: 222 threads × 2304 KB = 499 MB
  Batch 23 [5106,5328) done in 368 ms  h_edges=2220664
  NeighborhoodSlab: 211 threads × 2304 KB = 474 MB
  Batch 24 [5328,5539) done in 336 ms  h_edges=2224445
  DeviceGraph: fwd=2224445 bwd=2224445 edges
  Year 1995 total: 12337 ms  (pop: 559415)

--- Year 1996 (pop: 559415) ---
  Adding 5595 new papers
  DeviceGraph: fwd=2224445 bwd=2224445 edges
  Processing 5595 papers in 25 batches of ~224
  NeighborhoodSlab: 224 threads × 2304 KB = 504 MB
  Batch 0 [0,224) done in 345 ms  h_edges=2228639
  NeighborhoodSlab: 224 threads × 2304 KB = 504 MB
  Batch 1 [224,448) done in 296 ms  h_edges=2233585
  NeighborhoodSlab: 224 threads × 2304 KB = 504 MB
  Batch 2 [448,672) done in 397 ms  h_edges=2237278
  NeighborhoodSlab: 224 threads × 2304 KB = 504 MB
  Batch 3 [672,896) done in 362 ms  h_edges=2241516
  NeighborhoodSlab: 224 threads × 2304 KB = 504 MB
  Batch 4 [896,1120) done in 384 ms  h_edges=2245733
  NeighborhoodSlab: 224 threads × 2304 KB = 504 MB
  Batch 5 [1120,1344) done in 334 ms  h_edges=2249583
  NeighborhoodSlab: 224 threads × 2304 KB = 504 MB
  Batch 6 [1344,1568) done in 384 ms  h_edges=2254412
  NeighborhoodSlab: 224 threads × 2304 KB = 504 MB
  Batch 7 [1568,1792) done in 342 ms  h_edges=2258645
  NeighborhoodSlab: 224 threads × 2304 KB = 504 MB
  Batch 8 [1792,2016) done in 340 ms  h_edges=2263004
  NeighborhoodSlab: 224 threads × 2304 KB = 504 MB
  Batch 9 [2016,2240) done in 343 ms  h_edges=2266925
  NeighborhoodSlab: 224 threads × 2304 KB = 504 MB
  Batch 10 [2240,2464) done in 333 ms  h_edges=2271555
  NeighborhoodSlab: 224 threads × 2304 KB = 504 MB
  Batch 11 [2464,2688) done in 326 ms  h_edges=2276363
  NeighborhoodSlab: 224 threads × 2304 KB = 504 MB
  Batch 12 [2688,2912) done in 293 ms  h_edges=2280578
  NeighborhoodSlab: 224 threads × 2304 KB = 504 MB
  Batch 13 [2912,3136) done in 387 ms  h_edges=2285209
  NeighborhoodSlab: 224 threads × 2304 KB = 504 MB
  Batch 14 [3136,3360) done in 334 ms  h_edges=2290125
  NeighborhoodSlab: 224 threads × 2304 KB = 504 MB
  Batch 15 [3360,3584) done in 426 ms  h_edges=2294423
  NeighborhoodSlab: 224 threads × 2304 KB = 504 MB
  Batch 16 [3584,3808) done in 329 ms  h_edges=2298551
  NeighborhoodSlab: 224 threads × 2304 KB = 504 MB
  Batch 17 [3808,4032) done in 382 ms  h_edges=2302165
  NeighborhoodSlab: 224 threads × 2304 KB = 504 MB
  Batch 18 [4032,4256) done in 296 ms  h_edges=2306812
  NeighborhoodSlab: 224 threads × 2304 KB = 504 MB
  Batch 19 [4256,4480) done in 358 ms  h_edges=2311949
  NeighborhoodSlab: 224 threads × 2304 KB = 504 MB
  Batch 20 [4480,4704) done in 342 ms  h_edges=2316133
  NeighborhoodSlab: 224 threads × 2304 KB = 504 MB
  Batch 21 [4704,4928) done in 374 ms  h_edges=2320261
  NeighborhoodSlab: 224 threads × 2304 KB = 504 MB
  Batch 22 [4928,5152) done in 343 ms  h_edges=2325141
  NeighborhoodSlab: 224 threads × 2304 KB = 504 MB
  Batch 23 [5152,5376) done in 328 ms  h_edges=2329093
  NeighborhoodSlab: 219 threads × 2304 KB = 492 MB
  Batch 24 [5376,5595) done in 337 ms  h_edges=2333340
  DeviceGraph: fwd=2333340 bwd=2333340 edges
  Year 1996 total: 12397 ms  (pop: 565010)

--- Year 1997 (pop: 565010) ---
  Adding 5651 new papers
  DeviceGraph: fwd=2333340 bwd=2333340 edges
  Processing 5651 papers in 25 batches of ~227
  NeighborhoodSlab: 227 threads × 2304 KB = 510 MB
  Batch 0 [0,227) done in 384 ms  h_edges=2337949
  NeighborhoodSlab: 227 threads × 2304 KB = 510 MB
  Batch 1 [227,454) done in 332 ms  h_edges=2341776
  NeighborhoodSlab: 227 threads × 2304 KB = 510 MB
  Batch 2 [454,681) done in 439 ms  h_edges=2345866
  NeighborhoodSlab: 227 threads × 2304 KB = 510 MB
  Batch 3 [681,908) done in 344 ms  h_edges=2351351
  NeighborhoodSlab: 227 threads × 2304 KB = 510 MB
  Batch 4 [908,1135) done in 387 ms  h_edges=2355673
  NeighborhoodSlab: 227 threads × 2304 KB = 510 MB
  Batch 5 [1135,1362) done in 392 ms  h_edges=2359669
  NeighborhoodSlab: 227 threads × 2304 KB = 510 MB
  Batch 6 [1362,1589) done in 385 ms  h_edges=2364787
  NeighborhoodSlab: 227 threads × 2304 KB = 510 MB
  Batch 7 [1589,1816) done in 397 ms  h_edges=2369933
  NeighborhoodSlab: 227 threads × 2304 KB = 510 MB
  Batch 8 [1816,2043) done in 417 ms  h_edges=2374037
  NeighborhoodSlab: 227 threads × 2304 KB = 510 MB
  Batch 9 [2043,2270) done in 348 ms  h_edges=2378743
  NeighborhoodSlab: 227 threads × 2304 KB = 510 MB
  Batch 10 [2270,2497) done in 341 ms  h_edges=2384024
  NeighborhoodSlab: 227 threads × 2304 KB = 510 MB
  Batch 11 [2497,2724) done in 342 ms  h_edges=2388530
  NeighborhoodSlab: 227 threads × 2304 KB = 510 MB
  Batch 12 [2724,2951) done in 288 ms  h_edges=2392787
  NeighborhoodSlab: 227 threads × 2304 KB = 510 MB
  Batch 13 [2951,3178) done in 378 ms  h_edges=2396774
  NeighborhoodSlab: 227 threads × 2304 KB = 510 MB
  Batch 14 [3178,3405) done in 467 ms  h_edges=2400403
  NeighborhoodSlab: 227 threads × 2304 KB = 510 MB
  Batch 15 [3405,3632) done in 340 ms  h_edges=2404598
  NeighborhoodSlab: 227 threads × 2304 KB = 510 MB
  Batch 16 [3632,3859) done in 303 ms  h_edges=2408714
  NeighborhoodSlab: 227 threads × 2304 KB = 510 MB
  Batch 17 [3859,4086) done in 339 ms  h_edges=2412869
  NeighborhoodSlab: 227 threads × 2304 KB = 510 MB
  Batch 18 [4086,4313) done in 438 ms  h_edges=2417632
  NeighborhoodSlab: 227 threads × 2304 KB = 510 MB
  Batch 19 [4313,4540) done in 389 ms  h_edges=2422166
  NeighborhoodSlab: 227 threads × 2304 KB = 510 MB
  Batch 20 [4540,4767) done in 392 ms  h_edges=2426910
  NeighborhoodSlab: 227 threads × 2304 KB = 510 MB
  Batch 21 [4767,4994) done in 327 ms  h_edges=2431608
  NeighborhoodSlab: 227 threads × 2304 KB = 510 MB
  Batch 22 [4994,5221) done in 404 ms  h_edges=2436174
  NeighborhoodSlab: 227 threads × 2304 KB = 510 MB
  Batch 23 [5221,5448) done in 298 ms  h_edges=2440054
  NeighborhoodSlab: 203 threads × 2304 KB = 456 MB
  Batch 24 [5448,5651) done in 370 ms  h_edges=2443992
  DeviceGraph: fwd=2443992 bwd=2443992 edges
  Year 1997 total: 12966 ms  (pop: 570661)

--- Year 1998 (pop: 570661) ---
  Adding 5707 new papers
  DeviceGraph: fwd=2443992 bwd=2443992 edges
  Processing 5707 papers in 25 batches of ~229
  NeighborhoodSlab: 229 threads × 2304 KB = 515 MB
  Batch 0 [0,229) done in 355 ms  h_edges=2448117
  NeighborhoodSlab: 229 threads × 2304 KB = 515 MB
  Batch 1 [229,458) done in 382 ms  h_edges=2452293
  NeighborhoodSlab: 229 threads × 2304 KB = 515 MB
  Batch 2 [458,687) done in 468 ms  h_edges=2457123
  NeighborhoodSlab: 229 threads × 2304 KB = 515 MB
  Batch 3 [687,916) done in 331 ms  h_edges=2461609
  NeighborhoodSlab: 229 threads × 2304 KB = 515 MB
  Batch 4 [916,1145) done in 382 ms  h_edges=2465853
  NeighborhoodSlab: 229 threads × 2304 KB = 515 MB
  Batch 5 [1145,1374) done in 447 ms  h_edges=2471242
  NeighborhoodSlab: 229 threads × 2304 KB = 515 MB
  Batch 6 [1374,1603) done in 432 ms  h_edges=2476027
  NeighborhoodSlab: 229 threads × 2304 KB = 515 MB
  Batch 7 [1603,1832) done in 386 ms  h_edges=2480243
  NeighborhoodSlab: 229 threads × 2304 KB = 515 MB
  Batch 8 [1832,2061) done in 358 ms  h_edges=2485160
  NeighborhoodSlab: 229 threads × 2304 KB = 515 MB
  Batch 9 [2061,2290) done in 348 ms  h_edges=2489643
  NeighborhoodSlab: 229 threads × 2304 KB = 515 MB
  Batch 10 [2290,2519) done in 388 ms  h_edges=2493617
  NeighborhoodSlab: 229 threads × 2304 KB = 515 MB
  Batch 11 [2519,2748) done in 356 ms  h_edges=2497726
  NeighborhoodSlab: 229 threads × 2304 KB = 515 MB
  Batch 12 [2748,2977) done in 339 ms  h_edges=2502613
  NeighborhoodSlab: 229 threads × 2304 KB = 515 MB
  Batch 13 [2977,3206) done in 398 ms  h_edges=2506294
  NeighborhoodSlab: 229 threads × 2304 KB = 515 MB
  Batch 14 [3206,3435) done in 337 ms  h_edges=2511003
  NeighborhoodSlab: 229 threads × 2304 KB = 515 MB
  Batch 15 [3435,3664) done in 343 ms  h_edges=2515087
  NeighborhoodSlab: 229 threads × 2304 KB = 515 MB
  Batch 16 [3664,3893) done in 449 ms  h_edges=2519226
  NeighborhoodSlab: 229 threads × 2304 KB = 515 MB
  Batch 17 [3893,4122) done in 384 ms  h_edges=2523653
  NeighborhoodSlab: 229 threads × 2304 KB = 515 MB
  Batch 18 [4122,4351) done in 381 ms  h_edges=2528100
  NeighborhoodSlab: 229 threads × 2304 KB = 515 MB
  Batch 19 [4351,4580) done in 454 ms  h_edges=2532795
  NeighborhoodSlab: 229 threads × 2304 KB = 515 MB
  Batch 20 [4580,4809) done in 302 ms  h_edges=2536730
  NeighborhoodSlab: 229 threads × 2304 KB = 515 MB
  Batch 21 [4809,5038) done in 381 ms  h_edges=2540901
  NeighborhoodSlab: 229 threads × 2304 KB = 515 MB
  Batch 22 [5038,5267) done in 334 ms  h_edges=2545405
  NeighborhoodSlab: 229 threads × 2304 KB = 515 MB
  Batch 23 [5267,5496) done in 338 ms  h_edges=2550253
  NeighborhoodSlab: 211 threads × 2304 KB = 474 MB
  Batch 24 [5496,5707) done in 380 ms  h_edges=2554073
  DeviceGraph: fwd=2554073 bwd=2554073 edges
  Year 1998 total: 13272 ms  (pop: 576368)

--- Year 1999 (pop: 576368) ---
  Adding 5764 new papers
  DeviceGraph: fwd=2554073 bwd=2554073 edges
  Processing 5764 papers in 25 batches of ~231
  NeighborhoodSlab: 231 threads × 2304 KB = 519 MB
  Batch 0 [0,231) done in 350 ms  h_edges=2559034
  NeighborhoodSlab: 231 threads × 2304 KB = 519 MB
  Batch 1 [231,462) done in 327 ms  h_edges=2563524
  NeighborhoodSlab: 231 threads × 2304 KB = 519 MB
  Batch 2 [462,693) done in 378 ms  h_edges=2568668
  NeighborhoodSlab: 231 threads × 2304 KB = 519 MB
  Batch 3 [693,924) done in 400 ms  h_edges=2573357
  NeighborhoodSlab: 231 threads × 2304 KB = 519 MB
  Batch 4 [924,1155) done in 388 ms  h_edges=2577981
  NeighborhoodSlab: 231 threads × 2304 KB = 519 MB
  Batch 5 [1155,1386) done in 387 ms  h_edges=2583466
  NeighborhoodSlab: 231 threads × 2304 KB = 519 MB
  Batch 6 [1386,1617) done in 447 ms  h_edges=2588257
  NeighborhoodSlab: 231 threads × 2304 KB = 519 MB
  Batch 7 [1617,1848) done in 359 ms  h_edges=2592228
  NeighborhoodSlab: 231 threads × 2304 KB = 519 MB
  Batch 8 [1848,2079) done in 347 ms  h_edges=2597223
  NeighborhoodSlab: 231 threads × 2304 KB = 519 MB
  Batch 9 [2079,2310) done in 388 ms  h_edges=2601900
  NeighborhoodSlab: 231 threads × 2304 KB = 519 MB
  Batch 10 [2310,2541) done in 330 ms  h_edges=2605996
  NeighborhoodSlab: 231 threads × 2304 KB = 519 MB
  Batch 11 [2541,2772) done in 349 ms  h_edges=2610434
  NeighborhoodSlab: 231 threads × 2304 KB = 519 MB
  Batch 12 [2772,3003) done in 352 ms  h_edges=2614938
  NeighborhoodSlab: 231 threads × 2304 KB = 519 MB
  Batch 13 [3003,3234) done in 333 ms  h_edges=2619801
  NeighborhoodSlab: 231 threads × 2304 KB = 519 MB
  Batch 14 [3234,3465) done in 349 ms  h_edges=2624616
  NeighborhoodSlab: 231 threads × 2304 KB = 519 MB
  Batch 15 [3465,3696) done in 349 ms  h_edges=2629713
  NeighborhoodSlab: 231 threads × 2304 KB = 519 MB
  Batch 16 [3696,3927) done in 431 ms  h_edges=2633980
  NeighborhoodSlab: 231 threads × 2304 KB = 519 MB
  Batch 17 [3927,4158) done in 402 ms  h_edges=2638779
  NeighborhoodSlab: 231 threads × 2304 KB = 519 MB
  Batch 18 [4158,4389) done in 354 ms  h_edges=2642896
  NeighborhoodSlab: 231 threads × 2304 KB = 519 MB
  Batch 19 [4389,4620) done in 456 ms  h_edges=2647527
  NeighborhoodSlab: 231 threads × 2304 KB = 519 MB
  Batch 20 [4620,4851) done in 410 ms  h_edges=2652413
  NeighborhoodSlab: 231 threads × 2304 KB = 519 MB
  Batch 21 [4851,5082) done in 399 ms  h_edges=2656891
  NeighborhoodSlab: 231 threads × 2304 KB = 519 MB
  Batch 22 [5082,5313) done in 435 ms  h_edges=2661649
  NeighborhoodSlab: 231 threads × 2304 KB = 519 MB
  Batch 23 [5313,5544) done in 383 ms  h_edges=2665615
  NeighborhoodSlab: 220 threads × 2304 KB = 495 MB
  Batch 24 [5544,5764) done in 381 ms  h_edges=2670011
  DeviceGraph: fwd=2670011 bwd=2670011 edges
  Year 1999 total: 13501 ms  (pop: 582132)

--- Year 2000 (pop: 582132) ---
  Adding 5822 new papers
  DeviceGraph: fwd=2670011 bwd=2670011 edges
  Processing 5822 papers in 25 batches of ~233
  NeighborhoodSlab: 233 threads × 2304 KB = 524 MB
  Batch 0 [0,233) done in 444 ms  h_edges=2674580
  NeighborhoodSlab: 233 threads × 2304 KB = 524 MB
  Batch 1 [233,466) done in 339 ms  h_edges=2679282
  NeighborhoodSlab: 233 threads × 2304 KB = 524 MB
  Batch 2 [466,699) done in 355 ms  h_edges=2683274
  NeighborhoodSlab: 233 threads × 2304 KB = 524 MB
  Batch 3 [699,932) done in 391 ms  h_edges=2688933
  NeighborhoodSlab: 233 threads × 2304 KB = 524 MB
  Batch 4 [932,1165) done in 468 ms  h_edges=2693350
  NeighborhoodSlab: 233 threads × 2304 KB = 524 MB
  Batch 5 [1165,1398) done in 510 ms  h_edges=2697638
  NeighborhoodSlab: 233 threads × 2304 KB = 524 MB
  Batch 6 [1398,1631) done in 393 ms  h_edges=2701951
  NeighborhoodSlab: 233 threads × 2304 KB = 524 MB
  Batch 7 [1631,1864) done in 447 ms  h_edges=2706269
  NeighborhoodSlab: 233 threads × 2304 KB = 524 MB
  Batch 8 [1864,2097) done in 432 ms  h_edges=2710843
  NeighborhoodSlab: 233 threads × 2304 KB = 524 MB
  Batch 9 [2097,2330) done in 402 ms  h_edges=2715839
  NeighborhoodSlab: 233 threads × 2304 KB = 524 MB
  Batch 10 [2330,2563) done in 342 ms  h_edges=2720668
  NeighborhoodSlab: 233 threads × 2304 KB = 524 MB
  Batch 11 [2563,2796) done in 342 ms  h_edges=2724924
  NeighborhoodSlab: 233 threads × 2304 KB = 524 MB
  Batch 12 [2796,3029) done in 439 ms  h_edges=2729777
  NeighborhoodSlab: 233 threads × 2304 KB = 524 MB
  Batch 13 [3029,3262) done in 344 ms  h_edges=2734349
  NeighborhoodSlab: 233 threads × 2304 KB = 524 MB
  Batch 14 [3262,3495) done in 392 ms  h_edges=2738871
  NeighborhoodSlab: 233 threads × 2304 KB = 524 MB
  Batch 15 [3495,3728) done in 334 ms  h_edges=2742970
  NeighborhoodSlab: 233 threads × 2304 KB = 524 MB
  Batch 16 [3728,3961) done in 404 ms  h_edges=2747412
  NeighborhoodSlab: 233 threads × 2304 KB = 524 MB
  Batch 17 [3961,4194) done in 455 ms  h_edges=2752010
  NeighborhoodSlab: 233 threads × 2304 KB = 524 MB
  Batch 18 [4194,4427) done in 352 ms  h_edges=2756728
  NeighborhoodSlab: 233 threads × 2304 KB = 524 MB
  Batch 19 [4427,4660) done in 393 ms  h_edges=2761557
  NeighborhoodSlab: 233 threads × 2304 KB = 524 MB
  Batch 20 [4660,4893) done in 438 ms  h_edges=2766213
  NeighborhoodSlab: 233 threads × 2304 KB = 524 MB
  Batch 21 [4893,5126) done in 360 ms  h_edges=2770821
  NeighborhoodSlab: 233 threads × 2304 KB = 524 MB
  Batch 22 [5126,5359) done in 388 ms  h_edges=2775145
  NeighborhoodSlab: 233 threads × 2304 KB = 524 MB
  Batch 23 [5359,5592) done in 377 ms  h_edges=2779310
  NeighborhoodSlab: 230 threads × 2304 KB = 517 MB
  Batch 24 [5592,5822) done in 403 ms  h_edges=2784143
  DeviceGraph: fwd=2784143 bwd=2784143 edges
  Year 2000 total: 14128 ms  (pop: 587954)

--- Year 2001 (pop: 587954) ---
  Adding 5880 new papers
  DeviceGraph: fwd=2784143 bwd=2784143 edges
  Processing 5880 papers in 25 batches of ~236
  NeighborhoodSlab: 236 threads × 2304 KB = 531 MB
  Batch 0 [0,236) done in 396 ms  h_edges=2788329
  NeighborhoodSlab: 236 threads × 2304 KB = 531 MB
  Batch 1 [236,472) done in 438 ms  h_edges=2792417
  NeighborhoodSlab: 236 threads × 2304 KB = 531 MB
  Batch 2 [472,708) done in 343 ms  h_edges=2796558
  NeighborhoodSlab: 236 threads × 2304 KB = 531 MB
  Batch 3 [708,944) done in 347 ms  h_edges=2801680
  NeighborhoodSlab: 236 threads × 2304 KB = 531 MB
  Batch 4 [944,1180) done in 381 ms  h_edges=2806090
  NeighborhoodSlab: 236 threads × 2304 KB = 531 MB
  Batch 5 [1180,1416) done in 463 ms  h_edges=2811090
  NeighborhoodSlab: 236 threads × 2304 KB = 531 MB
  Batch 6 [1416,1652) done in 353 ms  h_edges=2815424
  NeighborhoodSlab: 236 threads × 2304 KB = 531 MB
  Batch 7 [1652,1888) done in 407 ms  h_edges=2820437
  NeighborhoodSlab: 236 threads × 2304 KB = 531 MB
  Batch 8 [1888,2124) done in 362 ms  h_edges=2825359
  NeighborhoodSlab: 236 threads × 2304 KB = 531 MB
  Batch 9 [2124,2360) done in 393 ms  h_edges=2829960
  NeighborhoodSlab: 236 threads × 2304 KB = 531 MB
  Batch 10 [2360,2596) done in 343 ms  h_edges=2834773
  NeighborhoodSlab: 236 threads × 2304 KB = 531 MB
  Batch 11 [2596,2832) done in 402 ms  h_edges=2839473
  NeighborhoodSlab: 236 threads × 2304 KB = 531 MB
  Batch 12 [2832,3068) done in 356 ms  h_edges=2843552
  NeighborhoodSlab: 236 threads × 2304 KB = 531 MB
  Batch 13 [3068,3304) done in 394 ms  h_edges=2847926
  NeighborhoodSlab: 236 threads × 2304 KB = 531 MB
  Batch 14 [3304,3540) done in 378 ms  h_edges=2852246
  NeighborhoodSlab: 236 threads × 2304 KB = 531 MB
  Batch 15 [3540,3776) done in 399 ms  h_edges=2856737
  NeighborhoodSlab: 236 threads × 2304 KB = 531 MB
  Batch 16 [3776,4012) done in 403 ms  h_edges=2860694
  NeighborhoodSlab: 236 threads × 2304 KB = 531 MB
  Batch 17 [4012,4248) done in 357 ms  h_edges=2865618
  NeighborhoodSlab: 236 threads × 2304 KB = 531 MB
  Batch 18 [4248,4484) done in 416 ms  h_edges=2869894
  NeighborhoodSlab: 236 threads × 2304 KB = 531 MB
  Batch 19 [4484,4720) done in 343 ms  h_edges=2874584
  NeighborhoodSlab: 236 threads × 2304 KB = 531 MB
  Batch 20 [4720,4956) done in 549 ms  h_edges=2880225
  NeighborhoodSlab: 236 threads × 2304 KB = 531 MB
  Batch 21 [4956,5192) done in 410 ms  h_edges=2884318
  NeighborhoodSlab: 236 threads × 2304 KB = 531 MB
  Batch 22 [5192,5428) done in 481 ms  h_edges=2888607
  NeighborhoodSlab: 236 threads × 2304 KB = 531 MB
  Batch 23 [5428,5664) done in 408 ms  h_edges=2893359
  NeighborhoodSlab: 216 threads × 2304 KB = 486 MB
  Batch 24 [5664,5880) done in 430 ms  h_edges=2897153
  DeviceGraph: fwd=2897153 bwd=2897153 edges
  Year 2001 total: 14287 ms  (pop: 593834)

--- Year 2002 (pop: 593834) ---
  Adding 5939 new papers
  DeviceGraph: fwd=2897153 bwd=2897153 edges
  Processing 5939 papers in 25 batches of ~238
  NeighborhoodSlab: 238 threads × 2304 KB = 535 MB
  Batch 0 [0,238) done in 347 ms  h_edges=2902160
  NeighborhoodSlab: 238 threads × 2304 KB = 535 MB
  Batch 1 [238,476) done in 512 ms  h_edges=2906178
  NeighborhoodSlab: 238 threads × 2304 KB = 535 MB
  Batch 2 [476,714) done in 416 ms  h_edges=2910777
  NeighborhoodSlab: 238 threads × 2304 KB = 535 MB
  Batch 3 [714,952) done in 403 ms  h_edges=2915126
  NeighborhoodSlab: 238 threads × 2304 KB = 535 MB
  Batch 4 [952,1190) done in 373 ms  h_edges=2919779
  NeighborhoodSlab: 238 threads × 2304 KB = 535 MB
  Batch 5 [1190,1428) done in 355 ms  h_edges=2924736
  NeighborhoodSlab: 238 threads × 2304 KB = 535 MB
  Batch 6 [1428,1666) done in 432 ms  h_edges=2928819
  NeighborhoodSlab: 238 threads × 2304 KB = 535 MB
  Batch 7 [1666,1904) done in 433 ms  h_edges=2933738
  NeighborhoodSlab: 238 threads × 2304 KB = 535 MB
  Batch 8 [1904,2142) done in 314 ms  h_edges=2938279
  NeighborhoodSlab: 238 threads × 2304 KB = 535 MB
  Batch 9 [2142,2380) done in 403 ms  h_edges=2943030
  NeighborhoodSlab: 238 threads × 2304 KB = 535 MB
  Batch 10 [2380,2618) done in 488 ms  h_edges=2947624
  NeighborhoodSlab: 238 threads × 2304 KB = 535 MB
  Batch 11 [2618,2856) done in 408 ms  h_edges=2952675
  NeighborhoodSlab: 238 threads × 2304 KB = 535 MB
  Batch 12 [2856,3094) done in 402 ms  h_edges=2957297
  NeighborhoodSlab: 238 threads × 2304 KB = 535 MB
  Batch 13 [3094,3332) done in 506 ms  h_edges=2962336
  NeighborhoodSlab: 238 threads × 2304 KB = 535 MB
  Batch 14 [3332,3570) done in 402 ms  h_edges=2966700
  NeighborhoodSlab: 238 threads × 2304 KB = 535 MB
  Batch 15 [3570,3808) done in 409 ms  h_edges=2970824
  NeighborhoodSlab: 238 threads × 2304 KB = 535 MB
  Batch 16 [3808,4046) done in 546 ms  h_edges=2975396
  NeighborhoodSlab: 238 threads × 2304 KB = 535 MB
  Batch 17 [4046,4284) done in 458 ms  h_edges=2980260
  NeighborhoodSlab: 238 threads × 2304 KB = 535 MB
  Batch 18 [4284,4522) done in 357 ms  h_edges=2984758
  NeighborhoodSlab: 238 threads × 2304 KB = 535 MB
  Batch 19 [4522,4760) done in 460 ms  h_edges=2989339
  NeighborhoodSlab: 238 threads × 2304 KB = 535 MB
  Batch 20 [4760,4998) done in 355 ms  h_edges=2993955
  NeighborhoodSlab: 238 threads × 2304 KB = 535 MB
  Batch 21 [4998,5236) done in 458 ms  h_edges=2997831
  NeighborhoodSlab: 238 threads × 2304 KB = 535 MB
  Batch 22 [5236,5474) done in 443 ms  h_edges=3001960
  NeighborhoodSlab: 238 threads × 2304 KB = 535 MB
  Batch 23 [5474,5712) done in 402 ms  h_edges=3006687
  NeighborhoodSlab: 227 threads × 2304 KB = 510 MB
  Batch 24 [5712,5939) done in 395 ms  h_edges=3011477
  DeviceGraph: fwd=3011477 bwd=3011477 edges
  Year 2002 total: 15019 ms  (pop: 599773)

--- Year 2003 (pop: 599773) ---
  Adding 5998 new papers
  DeviceGraph: fwd=3011477 bwd=3011477 edges
  Processing 5998 papers in 25 batches of ~240
  NeighborhoodSlab: 240 threads × 2304 KB = 540 MB
  Batch 0 [0,240) done in 400 ms  h_edges=3016224
  NeighborhoodSlab: 240 threads × 2304 KB = 540 MB
  Batch 1 [240,480) done in 401 ms  h_edges=3020555
  NeighborhoodSlab: 240 threads × 2304 KB = 540 MB
  Batch 2 [480,720) done in 486 ms  h_edges=3025445
  NeighborhoodSlab: 240 threads × 2304 KB = 540 MB
  Batch 3 [720,960) done in 465 ms  h_edges=3030145
  NeighborhoodSlab: 240 threads × 2304 KB = 540 MB
  Batch 4 [960,1200) done in 449 ms  h_edges=3034730
  NeighborhoodSlab: 240 threads × 2304 KB = 540 MB
  Batch 5 [1200,1440) done in 399 ms  h_edges=3038962
  NeighborhoodSlab: 240 threads × 2304 KB = 540 MB
  Batch 6 [1440,1680) done in 369 ms  h_edges=3043856
  NeighborhoodSlab: 240 threads × 2304 KB = 540 MB
  Batch 7 [1680,1920) done in 576 ms  h_edges=3048543
  NeighborhoodSlab: 240 threads × 2304 KB = 540 MB
  Batch 8 [1920,2160) done in 464 ms  h_edges=3053333
  NeighborhoodSlab: 240 threads × 2304 KB = 540 MB
  Batch 9 [2160,2400) done in 449 ms  h_edges=3058284
  NeighborhoodSlab: 240 threads × 2304 KB = 540 MB
  Batch 10 [2400,2640) done in 500 ms  h_edges=3063181
  NeighborhoodSlab: 240 threads × 2304 KB = 540 MB
  Batch 11 [2640,2880) done in 428 ms  h_edges=3068090
  NeighborhoodSlab: 240 threads × 2304 KB = 540 MB
  Batch 12 [2880,3120) done in 412 ms  h_edges=3072832
  NeighborhoodSlab: 240 threads × 2304 KB = 540 MB
  Batch 13 [3120,3360) done in 357 ms  h_edges=3077543
  NeighborhoodSlab: 240 threads × 2304 KB = 540 MB
  Batch 14 [3360,3600) done in 374 ms  h_edges=3081852
  NeighborhoodSlab: 240 threads × 2304 KB = 540 MB
  Batch 15 [3600,3840) done in 486 ms  h_edges=3086108
  NeighborhoodSlab: 240 threads × 2304 KB = 540 MB
  Batch 16 [3840,4080) done in 407 ms  h_edges=3090955
  NeighborhoodSlab: 240 threads × 2304 KB = 540 MB
  Batch 17 [4080,4320) done in 372 ms  h_edges=3095905
  NeighborhoodSlab: 240 threads × 2304 KB = 540 MB
  Batch 18 [4320,4560) done in 418 ms  h_edges=3100522
  NeighborhoodSlab: 240 threads × 2304 KB = 540 MB
  Batch 19 [4560,4800) done in 377 ms  h_edges=3105350
  NeighborhoodSlab: 240 threads × 2304 KB = 540 MB
  Batch 20 [4800,5040) done in 459 ms  h_edges=3110804
  NeighborhoodSlab: 240 threads × 2304 KB = 540 MB
  Batch 21 [5040,5280) done in 416 ms  h_edges=3115866
  NeighborhoodSlab: 240 threads × 2304 KB = 540 MB
  Batch 22 [5280,5520) done in 446 ms  h_edges=3120586
  NeighborhoodSlab: 240 threads × 2304 KB = 540 MB
  Batch 23 [5520,5760) done in 479 ms  h_edges=3125127
  NeighborhoodSlab: 238 threads × 2304 KB = 535 MB
  Batch 24 [5760,5998) done in 416 ms  h_edges=3129665
  DeviceGraph: fwd=3129665 bwd=3129665 edges
  Year 2003 total: 15547 ms  (pop: 605771)

--- Year 2004 (pop: 605771) ---
  Adding 6058 new papers
  DeviceGraph: fwd=3129665 bwd=3129665 edges
  Processing 6058 papers in 25 batches of ~243
  NeighborhoodSlab: 243 threads × 2304 KB = 546 MB
  Batch 0 [0,243) done in 356 ms  h_edges=3134452
  NeighborhoodSlab: 243 threads × 2304 KB = 546 MB
  Batch 1 [243,486) done in 422 ms  h_edges=3138605
  NeighborhoodSlab: 243 threads × 2304 KB = 546 MB
  Batch 2 [486,729) done in 474 ms  h_edges=3142924
  NeighborhoodSlab: 243 threads × 2304 KB = 546 MB
  Batch 3 [729,972) done in 453 ms  h_edges=3148186
  NeighborhoodSlab: 243 threads × 2304 KB = 546 MB
  Batch 4 [972,1215) done in 482 ms  h_edges=3152976
  NeighborhoodSlab: 243 threads × 2304 KB = 546 MB
  Batch 5 [1215,1458) done in 502 ms  h_edges=3157806
  NeighborhoodSlab: 243 threads × 2304 KB = 546 MB
  Batch 6 [1458,1701) done in 417 ms  h_edges=3162146
  NeighborhoodSlab: 243 threads × 2304 KB = 546 MB
  Batch 7 [1701,1944) done in 461 ms  h_edges=3166861
  NeighborhoodSlab: 243 threads × 2304 KB = 546 MB
  Batch 8 [1944,2187) done in 394 ms  h_edges=3172122
  NeighborhoodSlab: 243 threads × 2304 KB = 546 MB
  Batch 9 [2187,2430) done in 404 ms  h_edges=3176474
  NeighborhoodSlab: 243 threads × 2304 KB = 546 MB
  Batch 10 [2430,2673) done in 404 ms  h_edges=3181720
  NeighborhoodSlab: 243 threads × 2304 KB = 546 MB
  Batch 11 [2673,2916) done in 518 ms  h_edges=3185731
  NeighborhoodSlab: 243 threads × 2304 KB = 546 MB
  Batch 12 [2916,3159) done in 350 ms  h_edges=3190130
  NeighborhoodSlab: 243 threads × 2304 KB = 546 MB
  Batch 13 [3159,3402) done in 441 ms  h_edges=3194774
  NeighborhoodSlab: 243 threads × 2304 KB = 546 MB
  Batch 14 [3402,3645) done in 476 ms  h_edges=3199337
  NeighborhoodSlab: 243 threads × 2304 KB = 546 MB
  Batch 15 [3645,3888) done in 357 ms  h_edges=3203668
  NeighborhoodSlab: 243 threads × 2304 KB = 546 MB
  Batch 16 [3888,4131) done in 424 ms  h_edges=3208695
  NeighborhoodSlab: 243 threads × 2304 KB = 546 MB
  Batch 17 [4131,4374) done in 411 ms  h_edges=3213720
  NeighborhoodSlab: 243 threads × 2304 KB = 546 MB
  Batch 18 [4374,4617) done in 418 ms  h_edges=3218870
  NeighborhoodSlab: 243 threads × 2304 KB = 546 MB
  Batch 19 [4617,4860) done in 468 ms  h_edges=3223048
  NeighborhoodSlab: 243 threads × 2304 KB = 546 MB
  Batch 20 [4860,5103) done in 419 ms  h_edges=3227421
  NeighborhoodSlab: 243 threads × 2304 KB = 546 MB
  Batch 21 [5103,5346) done in 425 ms  h_edges=3232673
  NeighborhoodSlab: 243 threads × 2304 KB = 546 MB
  Batch 22 [5346,5589) done in 400 ms  h_edges=3237495
  NeighborhoodSlab: 243 threads × 2304 KB = 546 MB
  Batch 23 [5589,5832) done in 424 ms  h_edges=3242273
  NeighborhoodSlab: 226 threads × 2304 KB = 508 MB
  Batch 24 [5832,6058) done in 342 ms  h_edges=3246095
  DeviceGraph: fwd=3246095 bwd=3246095 edges
  Year 2004 total: 15568 ms  (pop: 611829)

--- Year 2005 (pop: 611829) ---
  Adding 6119 new papers
  DeviceGraph: fwd=3246095 bwd=3246095 edges
  Processing 6119 papers in 25 batches of ~245
  NeighborhoodSlab: 245 threads × 2304 KB = 551 MB
  Batch 0 [0,245) done in 415 ms  h_edges=3251176
  NeighborhoodSlab: 245 threads × 2304 KB = 551 MB
  Batch 1 [245,490) done in 512 ms  h_edges=3255397
  NeighborhoodSlab: 245 threads × 2304 KB = 551 MB
  Batch 2 [490,735) done in 482 ms  h_edges=3260923
  NeighborhoodSlab: 245 threads × 2304 KB = 551 MB
  Batch 3 [735,980) done in 416 ms  h_edges=3265388
  NeighborhoodSlab: 245 threads × 2304 KB = 551 MB
  Batch 4 [980,1225) done in 408 ms  h_edges=3269881
  NeighborhoodSlab: 245 threads × 2304 KB = 551 MB
  Batch 5 [1225,1470) done in 354 ms  h_edges=3274612
  NeighborhoodSlab: 245 threads × 2304 KB = 551 MB
  Batch 6 [1470,1715) done in 446 ms  h_edges=3279463
  NeighborhoodSlab: 245 threads × 2304 KB = 551 MB
  Batch 7 [1715,1960) done in 396 ms  h_edges=3284155
  NeighborhoodSlab: 245 threads × 2304 KB = 551 MB
  Batch 8 [1960,2205) done in 511 ms  h_edges=3289082
  NeighborhoodSlab: 245 threads × 2304 KB = 551 MB
  Batch 9 [2205,2450) done in 401 ms  h_edges=3293150
  NeighborhoodSlab: 245 threads × 2304 KB = 551 MB
  Batch 10 [2450,2695) done in 503 ms  h_edges=3297185
  NeighborhoodSlab: 245 threads × 2304 KB = 551 MB
  Batch 11 [2695,2940) done in 479 ms  h_edges=3301896
  NeighborhoodSlab: 245 threads × 2304 KB = 551 MB
  Batch 12 [2940,3185) done in 459 ms  h_edges=3306839
  NeighborhoodSlab: 245 threads × 2304 KB = 551 MB
  Batch 13 [3185,3430) done in 405 ms  h_edges=3311116
  NeighborhoodSlab: 245 threads × 2304 KB = 551 MB
  Batch 14 [3430,3675) done in 415 ms  h_edges=3316987
  NeighborhoodSlab: 245 threads × 2304 KB = 551 MB
  Batch 15 [3675,3920) done in 441 ms  h_edges=3322341
  NeighborhoodSlab: 245 threads × 2304 KB = 551 MB
  Batch 16 [3920,4165) done in 506 ms  h_edges=3327372
  NeighborhoodSlab: 245 threads × 2304 KB = 551 MB
  Batch 17 [4165,4410) done in 481 ms  h_edges=3332247
  NeighborhoodSlab: 245 threads × 2304 KB = 551 MB
  Batch 18 [4410,4655) done in 408 ms  h_edges=3336611
  NeighborhoodSlab: 245 threads × 2304 KB = 551 MB
  Batch 19 [4655,4900) done in 557 ms  h_edges=3341577
  NeighborhoodSlab: 245 threads × 2304 KB = 551 MB
  Batch 20 [4900,5145) done in 451 ms  h_edges=3346149
  NeighborhoodSlab: 245 threads × 2304 KB = 551 MB
  Batch 21 [5145,5390) done in 429 ms  h_edges=3350926
  NeighborhoodSlab: 245 threads × 2304 KB = 551 MB
  Batch 22 [5390,5635) done in 421 ms  h_edges=3356569
  NeighborhoodSlab: 245 threads × 2304 KB = 551 MB
  Batch 23 [5635,5880) done in 418 ms  h_edges=3362041
  NeighborhoodSlab: 239 threads × 2304 KB = 537 MB
  Batch 24 [5880,6119) done in 451 ms  h_edges=3366309
  DeviceGraph: fwd=3366309 bwd=3366309 edges
  Year 2005 total: 16261 ms  (pop: 617948)

--- Year 2006 (pop: 617948) ---
  Adding 6180 new papers
  DeviceGraph: fwd=3366309 bwd=3366309 edges
  Processing 6180 papers in 25 batches of ~248
  NeighborhoodSlab: 248 threads × 2304 KB = 558 MB
  Batch 0 [0,248) done in 453 ms  h_edges=3370610
  NeighborhoodSlab: 248 threads × 2304 KB = 558 MB
  Batch 1 [248,496) done in 474 ms  h_edges=3375838
  NeighborhoodSlab: 248 threads × 2304 KB = 558 MB
  Batch 2 [496,744) done in 418 ms  h_edges=3380487
  NeighborhoodSlab: 248 threads × 2304 KB = 558 MB
  Batch 3 [744,992) done in 412 ms  h_edges=3385071
  NeighborhoodSlab: 248 threads × 2304 KB = 558 MB
  Batch 4 [992,1240) done in 428 ms  h_edges=3389785
  NeighborhoodSlab: 248 threads × 2304 KB = 558 MB
  Batch 5 [1240,1488) done in 427 ms  h_edges=3393755
  NeighborhoodSlab: 248 threads × 2304 KB = 558 MB
  Batch 6 [1488,1736) done in 417 ms  h_edges=3398594
  NeighborhoodSlab: 248 threads × 2304 KB = 558 MB
  Batch 7 [1736,1984) done in 453 ms  h_edges=3403004
  NeighborhoodSlab: 248 threads × 2304 KB = 558 MB
  Batch 8 [1984,2232) done in 466 ms  h_edges=3407733
  NeighborhoodSlab: 248 threads × 2304 KB = 558 MB
  Batch 9 [2232,2480) done in 416 ms  h_edges=3412178
  NeighborhoodSlab: 248 threads × 2304 KB = 558 MB
  Batch 10 [2480,2728) done in 458 ms  h_edges=3416814
  NeighborhoodSlab: 248 threads × 2304 KB = 558 MB
  Batch 11 [2728,2976) done in 441 ms  h_edges=3422355
  NeighborhoodSlab: 248 threads × 2304 KB = 558 MB
  Batch 12 [2976,3224) done in 420 ms  h_edges=3426784
  NeighborhoodSlab: 248 threads × 2304 KB = 558 MB
  Batch 13 [3224,3472) done in 535 ms  h_edges=3432077
  NeighborhoodSlab: 248 threads × 2304 KB = 558 MB
  Batch 14 [3472,3720) done in 468 ms  h_edges=3436981
  NeighborhoodSlab: 248 threads × 2304 KB = 558 MB
  Batch 15 [3720,3968) done in 494 ms  h_edges=3441999
  NeighborhoodSlab: 248 threads × 2304 KB = 558 MB
  Batch 16 [3968,4216) done in 401 ms  h_edges=3447016
  NeighborhoodSlab: 248 threads × 2304 KB = 558 MB
  Batch 17 [4216,4464) done in 459 ms  h_edges=3452139
  NeighborhoodSlab: 248 threads × 2304 KB = 558 MB
  Batch 18 [4464,4712) done in 462 ms  h_edges=3457036
  NeighborhoodSlab: 248 threads × 2304 KB = 558 MB
  Batch 19 [4712,4960) done in 426 ms  h_edges=3461597
  NeighborhoodSlab: 248 threads × 2304 KB = 558 MB
  Batch 20 [4960,5208) done in 516 ms  h_edges=3465989
  NeighborhoodSlab: 248 threads × 2304 KB = 558 MB
  Batch 21 [5208,5456) done in 419 ms  h_edges=3470176
  NeighborhoodSlab: 248 threads × 2304 KB = 558 MB
  Batch 22 [5456,5704) done in 507 ms  h_edges=3474704
  NeighborhoodSlab: 248 threads × 2304 KB = 558 MB
  Batch 23 [5704,5952) done in 499 ms  h_edges=3479770
  NeighborhoodSlab: 228 threads × 2304 KB = 513 MB
  Batch 24 [5952,6180) done in 436 ms  h_edges=3483970
  DeviceGraph: fwd=3483970 bwd=3483970 edges
  Year 2006 total: 16558 ms  (pop: 624128)

--- Year 2007 (pop: 624128) ---
  Adding 6242 new papers
  DeviceGraph: fwd=3483970 bwd=3483970 edges
  Processing 6242 papers in 25 batches of ~250
  NeighborhoodSlab: 250 threads × 2304 KB = 562 MB
  Batch 0 [0,250) done in 404 ms  h_edges=3488533
  NeighborhoodSlab: 250 threads × 2304 KB = 562 MB
  Batch 1 [250,500) done in 506 ms  h_edges=3492848
  NeighborhoodSlab: 250 threads × 2304 KB = 562 MB
  Batch 2 [500,750) done in 440 ms  h_edges=3497523
  NeighborhoodSlab: 250 threads × 2304 KB = 562 MB
  Batch 3 [750,1000) done in 475 ms  h_edges=3502801
  NeighborhoodSlab: 250 threads × 2304 KB = 562 MB
  Batch 4 [1000,1250) done in 366 ms  h_edges=3507339
  NeighborhoodSlab: 250 threads × 2304 KB = 562 MB
  Batch 5 [1250,1500) done in 476 ms  h_edges=3511824
  NeighborhoodSlab: 250 threads × 2304 KB = 562 MB
  Batch 6 [1500,1750) done in 438 ms  h_edges=3516378
  NeighborhoodSlab: 250 threads × 2304 KB = 562 MB
  Batch 7 [1750,2000) done in 452 ms  h_edges=3521081
  NeighborhoodSlab: 250 threads × 2304 KB = 562 MB
  Batch 8 [2000,2250) done in 443 ms  h_edges=3526422
  NeighborhoodSlab: 250 threads × 2304 KB = 562 MB
  Batch 9 [2250,2500) done in 531 ms  h_edges=3531942
  NeighborhoodSlab: 250 threads × 2304 KB = 562 MB
  Batch 10 [2500,2750) done in 414 ms  h_edges=3537193
  NeighborhoodSlab: 250 threads × 2304 KB = 562 MB
  Batch 11 [2750,3000) done in 434 ms  h_edges=3541636
  NeighborhoodSlab: 250 threads × 2304 KB = 562 MB
  Batch 12 [3000,3250) done in 476 ms  h_edges=3546455
  NeighborhoodSlab: 250 threads × 2304 KB = 562 MB
  Batch 13 [3250,3500) done in 536 ms  h_edges=3551076
  NeighborhoodSlab: 250 threads × 2304 KB = 562 MB
  Batch 14 [3500,3750) done in 447 ms  h_edges=3555480
  NeighborhoodSlab: 250 threads × 2304 KB = 562 MB
  Batch 15 [3750,4000) done in 564 ms  h_edges=3560098
  NeighborhoodSlab: 250 threads × 2304 KB = 562 MB
  Batch 16 [4000,4250) done in 513 ms  h_edges=3565453
  NeighborhoodSlab: 250 threads × 2304 KB = 562 MB
  Batch 17 [4250,4500) done in 424 ms  h_edges=3570395
  NeighborhoodSlab: 250 threads × 2304 KB = 562 MB
  Batch 18 [4500,4750) done in 464 ms  h_edges=3574484
  NeighborhoodSlab: 250 threads × 2304 KB = 562 MB
  Batch 19 [4750,5000) done in 474 ms  h_edges=3579239
  NeighborhoodSlab: 250 threads × 2304 KB = 562 MB
  Batch 20 [5000,5250) done in 431 ms  h_edges=3583566
  NeighborhoodSlab: 250 threads × 2304 KB = 562 MB
  Batch 21 [5250,5500) done in 473 ms  h_edges=3588083
  NeighborhoodSlab: 250 threads × 2304 KB = 562 MB
  Batch 22 [5500,5750) done in 431 ms  h_edges=3593075
  NeighborhoodSlab: 250 threads × 2304 KB = 562 MB
  Batch 23 [5750,6000) done in 479 ms  h_edges=3597716
  NeighborhoodSlab: 242 threads × 2304 KB = 544 MB
  Batch 24 [6000,6242) done in 409 ms  h_edges=3602268
  DeviceGraph: fwd=3602268 bwd=3602268 edges
  Year 2007 total: 16938 ms  (pop: 630370)

--- Year 2008 (pop: 630370) ---
  Adding 6304 new papers
  DeviceGraph: fwd=3602268 bwd=3602268 edges
  Processing 6304 papers in 25 batches of ~253
  NeighborhoodSlab: 253 threads × 2304 KB = 569 MB
  Batch 0 [0,253) done in 472 ms  h_edges=3607627
  NeighborhoodSlab: 253 threads × 2304 KB = 569 MB
  Batch 1 [253,506) done in 430 ms  h_edges=3612607
  NeighborhoodSlab: 253 threads × 2304 KB = 569 MB
  Batch 2 [506,759) done in 392 ms  h_edges=3617238
  NeighborhoodSlab: 253 threads × 2304 KB = 569 MB
  Batch 3 [759,1012) done in 488 ms  h_edges=3622817
  NeighborhoodSlab: 253 threads × 2304 KB = 569 MB
  Batch 4 [1012,1265) done in 501 ms  h_edges=3628016
  NeighborhoodSlab: 253 threads × 2304 KB = 569 MB
  Batch 5 [1265,1518) done in 485 ms  h_edges=3632806
  NeighborhoodSlab: 253 threads × 2304 KB = 569 MB
  Batch 6 [1518,1771) done in 456 ms  h_edges=3638104
  NeighborhoodSlab: 253 threads × 2304 KB = 569 MB
  Batch 7 [1771,2024) done in 488 ms  h_edges=3643072
  NeighborhoodSlab: 253 threads × 2304 KB = 569 MB
  Batch 8 [2024,2277) done in 467 ms  h_edges=3647978
  NeighborhoodSlab: 253 threads × 2304 KB = 569 MB
  Batch 9 [2277,2530) done in 482 ms  h_edges=3652770
  NeighborhoodSlab: 253 threads × 2304 KB = 569 MB
  Batch 10 [2530,2783) done in 433 ms  h_edges=3657563
  NeighborhoodSlab: 253 threads × 2304 KB = 569 MB
  Batch 11 [2783,3036) done in 414 ms  h_edges=3662811
  NeighborhoodSlab: 253 threads × 2304 KB = 569 MB
  Batch 12 [3036,3289) done in 503 ms  h_edges=3667533
  NeighborhoodSlab: 253 threads × 2304 KB = 569 MB
  Batch 13 [3289,3542) done in 639 ms  h_edges=3672498
  NeighborhoodSlab: 253 threads × 2304 KB = 569 MB
  Batch 14 [3542,3795) done in 486 ms  h_edges=3677672
  NeighborhoodSlab: 253 threads × 2304 KB = 569 MB
  Batch 15 [3795,4048) done in 434 ms  h_edges=3681913
  NeighborhoodSlab: 253 threads × 2304 KB = 569 MB
  Batch 16 [4048,4301) done in 597 ms  h_edges=3686749
  NeighborhoodSlab: 253 threads × 2304 KB = 569 MB
  Batch 17 [4301,4554) done in 488 ms  h_edges=3691857
  NeighborhoodSlab: 253 threads × 2304 KB = 569 MB
  Batch 18 [4554,4807) done in 431 ms  h_edges=3696530
  NeighborhoodSlab: 253 threads × 2304 KB = 569 MB
  Batch 19 [4807,5060) done in 430 ms  h_edges=3701251
  NeighborhoodSlab: 253 threads × 2304 KB = 569 MB
  Batch 20 [5060,5313) done in 532 ms  h_edges=3706729
  NeighborhoodSlab: 253 threads × 2304 KB = 569 MB
  Batch 21 [5313,5566) done in 529 ms  h_edges=3712151
  NeighborhoodSlab: 253 threads × 2304 KB = 569 MB
  Batch 22 [5566,5819) done in 476 ms  h_edges=3717087
  NeighborhoodSlab: 253 threads × 2304 KB = 569 MB
  Batch 23 [5819,6072) done in 451 ms  h_edges=3721792
  NeighborhoodSlab: 232 threads × 2304 KB = 522 MB
  Batch 24 [6072,6304) done in 490 ms  h_edges=3725725
  DeviceGraph: fwd=3725725 bwd=3725725 edges
  Year 2008 total: 17689 ms  (pop: 636674)

--- Year 2009 (pop: 636674) ---
  Adding 6367 new papers
  DeviceGraph: fwd=3725725 bwd=3725725 edges
  Processing 6367 papers in 25 batches of ~255
  NeighborhoodSlab: 255 threads × 2304 KB = 573 MB
  Batch 0 [0,255) done in 528 ms  h_edges=3730566
  NeighborhoodSlab: 255 threads × 2304 KB = 573 MB
  Batch 1 [255,510) done in 466 ms  h_edges=3735004
  NeighborhoodSlab: 255 threads × 2304 KB = 573 MB
  Batch 2 [510,765) done in 489 ms  h_edges=3739695
  NeighborhoodSlab: 255 threads × 2304 KB = 573 MB
  Batch 3 [765,1020) done in 525 ms  h_edges=3744071
  NeighborhoodSlab: 255 threads × 2304 KB = 573 MB
  Batch 4 [1020,1275) done in 538 ms  h_edges=3748931
  NeighborhoodSlab: 255 threads × 2304 KB = 573 MB
  Batch 5 [1275,1530) done in 440 ms  h_edges=3753448
  NeighborhoodSlab: 255 threads × 2304 KB = 573 MB
  Batch 6 [1530,1785) done in 476 ms  h_edges=3759125
  NeighborhoodSlab: 255 threads × 2304 KB = 573 MB
  Batch 7 [1785,2040) done in 476 ms  h_edges=3763826
  NeighborhoodSlab: 255 threads × 2304 KB = 573 MB
  Batch 8 [2040,2295) done in 450 ms  h_edges=3769560
  NeighborhoodSlab: 255 threads × 2304 KB = 573 MB
  Batch 9 [2295,2550) done in 468 ms  h_edges=3774663
  NeighborhoodSlab: 255 threads × 2304 KB = 573 MB
  Batch 10 [2550,2805) done in 485 ms  h_edges=3779270
  NeighborhoodSlab: 255 threads × 2304 KB = 573 MB
  Batch 11 [2805,3060) done in 483 ms  h_edges=3784188
  NeighborhoodSlab: 255 threads × 2304 KB = 573 MB
  Batch 12 [3060,3315) done in 474 ms  h_edges=3788825
  NeighborhoodSlab: 255 threads × 2304 KB = 573 MB
  Batch 13 [3315,3570) done in 438 ms  h_edges=3794723
  NeighborhoodSlab: 255 threads × 2304 KB = 573 MB
  Batch 14 [3570,3825) done in 479 ms  h_edges=3798929
  NeighborhoodSlab: 255 threads × 2304 KB = 573 MB
  Batch 15 [3825,4080) done in 439 ms  h_edges=3803385
  NeighborhoodSlab: 255 threads × 2304 KB = 573 MB
  Batch 16 [4080,4335) done in 466 ms  h_edges=3807616
  NeighborhoodSlab: 255 threads × 2304 KB = 573 MB
  Batch 17 [4335,4590) done in 514 ms  h_edges=3812934
  NeighborhoodSlab: 255 threads × 2304 KB = 573 MB
  Batch 18 [4590,4845) done in 537 ms  h_edges=3817429
  NeighborhoodSlab: 255 threads × 2304 KB = 573 MB
  Batch 19 [4845,5100) done in 424 ms  h_edges=3821920
  NeighborhoodSlab: 255 threads × 2304 KB = 573 MB
  Batch 20 [5100,5355) done in 529 ms  h_edges=3827055
  NeighborhoodSlab: 255 threads × 2304 KB = 573 MB
  Batch 21 [5355,5610) done in 423 ms  h_edges=3831491
  NeighborhoodSlab: 255 threads × 2304 KB = 573 MB
  Batch 22 [5610,5865) done in 417 ms  h_edges=3836373
  NeighborhoodSlab: 255 threads × 2304 KB = 573 MB
  Batch 23 [5865,6120) done in 486 ms  h_edges=3840894
  NeighborhoodSlab: 247 threads × 2304 KB = 555 MB
  Batch 24 [6120,6367) done in 477 ms  h_edges=3846264
  DeviceGraph: fwd=3846264 bwd=3846264 edges
  Year 2009 total: 17731 ms  (pop: 643041)

--- Year 2010 (pop: 643041) ---
  Adding 6431 new papers
  DeviceGraph: fwd=3846264 bwd=3846264 edges
  Processing 6431 papers in 25 batches of ~258
  NeighborhoodSlab: 258 threads × 2304 KB = 580 MB
  Batch 0 [0,258) done in 441 ms  h_edges=3852210
  NeighborhoodSlab: 258 threads × 2304 KB = 580 MB
  Batch 1 [258,516) done in 559 ms  h_edges=3857123
  NeighborhoodSlab: 258 threads × 2304 KB = 580 MB
  Batch 2 [516,774) done in 471 ms  h_edges=3861514
  NeighborhoodSlab: 258 threads × 2304 KB = 580 MB
  Batch 3 [774,1032) done in 451 ms  h_edges=3866992
  NeighborhoodSlab: 258 threads × 2304 KB = 580 MB
  Batch 4 [1032,1290) done in 448 ms  h_edges=3871902
  NeighborhoodSlab: 258 threads × 2304 KB = 580 MB
  Batch 5 [1290,1548) done in 427 ms  h_edges=3877348
  NeighborhoodSlab: 258 threads × 2304 KB = 580 MB
  Batch 6 [1548,1806) done in 534 ms  h_edges=3882288
  NeighborhoodSlab: 258 threads × 2304 KB = 580 MB
  Batch 7 [1806,2064) done in 451 ms  h_edges=3887466
  NeighborhoodSlab: 258 threads × 2304 KB = 580 MB
  Batch 8 [2064,2322) done in 503 ms  h_edges=3891808
  NeighborhoodSlab: 258 threads × 2304 KB = 580 MB
  Batch 9 [2322,2580) done in 474 ms  h_edges=3896676
  NeighborhoodSlab: 258 threads × 2304 KB = 580 MB
  Batch 10 [2580,2838) done in 587 ms  h_edges=3901516
  NeighborhoodSlab: 258 threads × 2304 KB = 580 MB
  Batch 11 [2838,3096) done in 476 ms  h_edges=3906890
  NeighborhoodSlab: 258 threads × 2304 KB = 580 MB
  Batch 12 [3096,3354) done in 461 ms  h_edges=3911615
  NeighborhoodSlab: 258 threads × 2304 KB = 580 MB
  Batch 13 [3354,3612) done in 493 ms  h_edges=3916950
  NeighborhoodSlab: 258 threads × 2304 KB = 580 MB
  Batch 14 [3612,3870) done in 356 ms  h_edges=3922008
  NeighborhoodSlab: 258 threads × 2304 KB = 580 MB
  Batch 15 [3870,4128) done in 546 ms  h_edges=3927092
  NeighborhoodSlab: 258 threads × 2304 KB = 580 MB
  Batch 16 [4128,4386) done in 530 ms  h_edges=3932010
  NeighborhoodSlab: 258 threads × 2304 KB = 580 MB
  Batch 17 [4386,4644) done in 479 ms  h_edges=3936697
  NeighborhoodSlab: 258 threads × 2304 KB = 580 MB
  Batch 18 [4644,4902) done in 545 ms  h_edges=3941727
  NeighborhoodSlab: 258 threads × 2304 KB = 580 MB
  Batch 19 [4902,5160) done in 419 ms  h_edges=3946145
  NeighborhoodSlab: 258 threads × 2304 KB = 580 MB
  Batch 20 [5160,5418) done in 556 ms  h_edges=3951077
  NeighborhoodSlab: 258 threads × 2304 KB = 580 MB
  Batch 21 [5418,5676) done in 639 ms  h_edges=3956532
  NeighborhoodSlab: 258 threads × 2304 KB = 580 MB
  Batch 22 [5676,5934) done in 467 ms  h_edges=3961916
  NeighborhoodSlab: 258 threads × 2304 KB = 580 MB
  Batch 23 [5934,6192) done in 497 ms  h_edges=3967002
  NeighborhoodSlab: 239 threads × 2304 KB = 537 MB
  Batch 24 [6192,6431) done in 479 ms  h_edges=3971815
  DeviceGraph: fwd=3971815 bwd=3971815 edges
  Year 2010 total: 18344 ms  (pop: 649472)

--- Year 2011 (pop: 649472) ---
  Adding 6495 new papers
  DeviceGraph: fwd=3971815 bwd=3971815 edges
  Processing 6495 papers in 25 batches of ~260
  NeighborhoodSlab: 260 threads × 2304 KB = 585 MB
  Batch 0 [0,260) done in 522 ms  h_edges=3977459
  NeighborhoodSlab: 260 threads × 2304 KB = 585 MB
  Batch 1 [260,520) done in 482 ms  h_edges=3982512
  NeighborhoodSlab: 260 threads × 2304 KB = 585 MB
  Batch 2 [520,780) done in 487 ms  h_edges=3987817
  NeighborhoodSlab: 260 threads × 2304 KB = 585 MB
  Batch 3 [780,1040) done in 505 ms  h_edges=3993109
  NeighborhoodSlab: 260 threads × 2304 KB = 585 MB
  Batch 4 [1040,1300) done in 429 ms  h_edges=3997943
  NeighborhoodSlab: 260 threads × 2304 KB = 585 MB
  Batch 5 [1300,1560) done in 579 ms  h_edges=4002745
  NeighborhoodSlab: 260 threads × 2304 KB = 585 MB
  Batch 6 [1560,1820) done in 533 ms  h_edges=4007784
  NeighborhoodSlab: 260 threads × 2304 KB = 585 MB
  Batch 7 [1820,2080) done in 506 ms  h_edges=4012492
  NeighborhoodSlab: 260 threads × 2304 KB = 585 MB
  Batch 8 [2080,2340) done in 528 ms  h_edges=4017343
  NeighborhoodSlab: 260 threads × 2304 KB = 585 MB
  Batch 9 [2340,2600) done in 480 ms  h_edges=4022776
  NeighborhoodSlab: 260 threads × 2304 KB = 585 MB
  Batch 10 [2600,2860) done in 536 ms  h_edges=4027616
  NeighborhoodSlab: 260 threads × 2304 KB = 585 MB
  Batch 11 [2860,3120) done in 501 ms  h_edges=4033442
  NeighborhoodSlab: 260 threads × 2304 KB = 585 MB
  Batch 12 [3120,3380) done in 496 ms  h_edges=4037607
  NeighborhoodSlab: 260 threads × 2304 KB = 585 MB
  Batch 13 [3380,3640) done in 542 ms  h_edges=4042764
  NeighborhoodSlab: 260 threads × 2304 KB = 585 MB
  Batch 14 [3640,3900) done in 524 ms  h_edges=4047622
  NeighborhoodSlab: 260 threads × 2304 KB = 585 MB
  Batch 15 [3900,4160) done in 591 ms  h_edges=4053118
  NeighborhoodSlab: 260 threads × 2304 KB = 585 MB
  Batch 16 [4160,4420) done in 495 ms  h_edges=4058340
  NeighborhoodSlab: 260 threads × 2304 KB = 585 MB
  Batch 17 [4420,4680) done in 425 ms  h_edges=4062644
  NeighborhoodSlab: 260 threads × 2304 KB = 585 MB
  Batch 18 [4680,4940) done in 526 ms  h_edges=4067506
  NeighborhoodSlab: 260 threads × 2304 KB = 585 MB
  Batch 19 [4940,5200) done in 563 ms  h_edges=4072125
  NeighborhoodSlab: 260 threads × 2304 KB = 585 MB
  Batch 20 [5200,5460) done in 519 ms  h_edges=4077944
  NeighborhoodSlab: 260 threads × 2304 KB = 585 MB
  Batch 21 [5460,5720) done in 431 ms  h_edges=4083166
  NeighborhoodSlab: 260 threads × 2304 KB = 585 MB
  Batch 22 [5720,5980) done in 518 ms  h_edges=4087492
  NeighborhoodSlab: 260 threads × 2304 KB = 585 MB
  Batch 23 [5980,6240) done in 490 ms  h_edges=4092319
  NeighborhoodSlab: 255 threads × 2304 KB = 573 MB
  Batch 24 [6240,6495) done in 494 ms  h_edges=4097417
  DeviceGraph: fwd=4097417 bwd=4097417 edges
  Year 2011 total: 18920 ms  (pop: 655967)

--- Year 2012 (pop: 655967) ---
  Adding 6560 new papers
  DeviceGraph: fwd=4097417 bwd=4097417 edges
  Processing 6560 papers in 25 batches of ~263
  NeighborhoodSlab: 263 threads × 2304 KB = 591 MB
  Batch 0 [0,263) done in 503 ms  h_edges=4103165
  NeighborhoodSlab: 263 threads × 2304 KB = 591 MB
  Batch 1 [263,526) done in 494 ms  h_edges=4109128
  NeighborhoodSlab: 263 threads × 2304 KB = 591 MB
  Batch 2 [526,789) done in 494 ms  h_edges=4114826
  NeighborhoodSlab: 263 threads × 2304 KB = 591 MB
  Batch 3 [789,1052) done in 651 ms  h_edges=4119715
  NeighborhoodSlab: 263 threads × 2304 KB = 591 MB
  Batch 4 [1052,1315) done in 618 ms  h_edges=4125052
  NeighborhoodSlab: 263 threads × 2304 KB = 591 MB
  Batch 5 [1315,1578) done in 489 ms  h_edges=4130208
  NeighborhoodSlab: 263 threads × 2304 KB = 591 MB
  Batch 6 [1578,1841) done in 420 ms  h_edges=4136101
  NeighborhoodSlab: 263 threads × 2304 KB = 591 MB
  Batch 7 [1841,2104) done in 586 ms  h_edges=4141158
  NeighborhoodSlab: 263 threads × 2304 KB = 591 MB
  Batch 8 [2104,2367) done in 488 ms  h_edges=4145927
  NeighborhoodSlab: 263 threads × 2304 KB = 591 MB
  Batch 9 [2367,2630) done in 468 ms  h_edges=4151646
  NeighborhoodSlab: 263 threads × 2304 KB = 591 MB
  Batch 10 [2630,2893) done in 500 ms  h_edges=4157144
  NeighborhoodSlab: 263 threads × 2304 KB = 591 MB
  Batch 11 [2893,3156) done in 594 ms  h_edges=4161978
  NeighborhoodSlab: 263 threads × 2304 KB = 591 MB
  Batch 12 [3156,3419) done in 482 ms  h_edges=4167049
  NeighborhoodSlab: 263 threads × 2304 KB = 591 MB
  Batch 13 [3419,3682) done in 450 ms  h_edges=4172180
  NeighborhoodSlab: 263 threads × 2304 KB = 591 MB
  Batch 14 [3682,3945) done in 435 ms  h_edges=4177407
  NeighborhoodSlab: 263 threads × 2304 KB = 591 MB
  Batch 15 [3945,4208) done in 399 ms  h_edges=4182202
  NeighborhoodSlab: 263 threads × 2304 KB = 591 MB
  Batch 16 [4208,4471) done in 429 ms  h_edges=4188112
  NeighborhoodSlab: 263 threads × 2304 KB = 591 MB
  Batch 17 [4471,4734) done in 614 ms  h_edges=4193273
  NeighborhoodSlab: 263 threads × 2304 KB = 591 MB
  Batch 18 [4734,4997) done in 533 ms  h_edges=4198662
  NeighborhoodSlab: 263 threads × 2304 KB = 591 MB
  Batch 19 [4997,5260) done in 611 ms  h_edges=4204764
  NeighborhoodSlab: 263 threads × 2304 KB = 591 MB
  Batch 20 [5260,5523) done in 525 ms  h_edges=4210418
  NeighborhoodSlab: 263 threads × 2304 KB = 591 MB
  Batch 21 [5523,5786) done in 493 ms  h_edges=4215574
  NeighborhoodSlab: 263 threads × 2304 KB = 591 MB
  Batch 22 [5786,6049) done in 440 ms  h_edges=4220686
  NeighborhoodSlab: 263 threads × 2304 KB = 591 MB
  Batch 23 [6049,6312) done in 500 ms  h_edges=4225899
  NeighborhoodSlab: 248 threads × 2304 KB = 558 MB
  Batch 24 [6312,6560) done in 473 ms  h_edges=4231266
  DeviceGraph: fwd=4231266 bwd=4231266 edges
  Year 2012 total: 19078 ms  (pop: 662527)

=== Simulation Complete ===
Total: 400 s  Final pop: 662527

=== Exporting Results ===
Edges saved: ./output/30y/mass_cuda-static-output-30y-1p.edgelist (4231266)
Attributes saved: ./output/30y/mass_cuda-static-output-30y-1p.aux (662527 rows)

Done.

real	6m48.564s
user	6m44.353s
sys	0m2.638s
Running growth rate 3% for 30 years.
./output/30y/mass_cuda-static-output-30y-3p.edgelist
./output/30y/mass_cuda-static-output-30y-3p.aux
Citation Network ABM – MASS CUDA
=================================

Out-degree bag: 3980408 entries
Recency probs:  355 entries
BFS batches:    25 per year

=== Initializing Citation ABM ===

Inside parseNodelist...
Populating continuous node mappings (491532 nodes)...
parseNodelist done in 550 ms (491532 nodes)

Inside parseEdgelist...
parseEdgelist done in 158 ms (899050 edges)
Seed max year: 1982  → simulation starts at 1983
Max population: 1195102
Seed population: 491532 papers
  DeviceGraph: fwd=899050 bwd=899050 edges
Initialization complete


=== Simulation Start ===

--- Year 1983 (pop: 491532) ---
  Adding 14746 new papers
  DeviceGraph: fwd=899050 bwd=899050 edges
  Processing 14746 papers in 25 batches of ~590
  NeighborhoodSlab: 590 threads × 2304 KB = 1327 MB
  Batch 0 [0,590) done in 335 ms  h_edges=911180
  NeighborhoodSlab: 590 threads × 2304 KB = 1327 MB
  Batch 1 [590,1180) done in 294 ms  h_edges=922085
  NeighborhoodSlab: 590 threads × 2304 KB = 1327 MB
  Batch 2 [1180,1770) done in 284 ms  h_edges=933712
  NeighborhoodSlab: 590 threads × 2304 KB = 1327 MB
  Batch 3 [1770,2360) done in 307 ms  h_edges=946132
  NeighborhoodSlab: 590 threads × 2304 KB = 1327 MB
  Batch 4 [2360,2950) done in 341 ms  h_edges=957321
  NeighborhoodSlab: 590 threads × 2304 KB = 1327 MB
  Batch 5 [2950,3540) done in 286 ms  h_edges=969239
  NeighborhoodSlab: 590 threads × 2304 KB = 1327 MB
  Batch 6 [3540,4130) done in 341 ms  h_edges=980779
  NeighborhoodSlab: 590 threads × 2304 KB = 1327 MB
  Batch 7 [4130,4720) done in 324 ms  h_edges=992307
  NeighborhoodSlab: 590 threads × 2304 KB = 1327 MB
  Batch 8 [4720,5310) done in 381 ms  h_edges=1005320
  NeighborhoodSlab: 590 threads × 2304 KB = 1327 MB
  Batch 9 [5310,5900) done in 328 ms  h_edges=1016495
  NeighborhoodSlab: 590 threads × 2304 KB = 1327 MB
  Batch 10 [5900,6490) done in 290 ms  h_edges=1027661
  NeighborhoodSlab: 590 threads × 2304 KB = 1327 MB
  Batch 11 [6490,7080) done in 320 ms  h_edges=1039076
  NeighborhoodSlab: 590 threads × 2304 KB = 1327 MB
  Batch 12 [7080,7670) done in 311 ms  h_edges=1049457
  NeighborhoodSlab: 590 threads × 2304 KB = 1327 MB
  Batch 13 [7670,8260) done in 277 ms  h_edges=1060249
  NeighborhoodSlab: 590 threads × 2304 KB = 1327 MB
  Batch 14 [8260,8850) done in 321 ms  h_edges=1073200
  NeighborhoodSlab: 590 threads × 2304 KB = 1327 MB
  Batch 15 [8850,9440) done in 318 ms  h_edges=1084661
  NeighborhoodSlab: 590 threads × 2304 KB = 1327 MB
  Batch 16 [9440,10030) done in 325 ms  h_edges=1096150
  NeighborhoodSlab: 590 threads × 2304 KB = 1327 MB
  Batch 17 [10030,10620) done in 333 ms  h_edges=1108785
  NeighborhoodSlab: 590 threads × 2304 KB = 1327 MB
  Batch 18 [10620,11210) done in 327 ms  h_edges=1120121
  NeighborhoodSlab: 590 threads × 2304 KB = 1327 MB
  Batch 19 [11210,11800) done in 325 ms  h_edges=1132452
  NeighborhoodSlab: 590 threads × 2304 KB = 1327 MB
  Batch 20 [11800,12390) done in 290 ms  h_edges=1144659
  NeighborhoodSlab: 590 threads × 2304 KB = 1327 MB
  Batch 21 [12390,12980) done in 281 ms  h_edges=1155593
  NeighborhoodSlab: 590 threads × 2304 KB = 1327 MB
  Batch 22 [12980,13570) done in 284 ms  h_edges=1166966
  NeighborhoodSlab: 590 threads × 2304 KB = 1327 MB
  Batch 23 [13570,14160) done in 294 ms  h_edges=1178398
  NeighborhoodSlab: 586 threads × 2304 KB = 1318 MB
  Batch 24 [14160,14746) done in 282 ms  h_edges=1188884
  DeviceGraph: fwd=1188884 bwd=1188884 edges
  Year 1983 total: 9566 ms  (pop: 506278)

--- Year 1984 (pop: 506278) ---
  Adding 15189 new papers
  DeviceGraph: fwd=1188884 bwd=1188884 edges
  Processing 15189 papers in 25 batches of ~608
  NeighborhoodSlab: 608 threads × 2304 KB = 1368 MB
  Batch 0 [0,608) done in 327 ms  h_edges=1200449
  NeighborhoodSlab: 608 threads × 2304 KB = 1368 MB
  Batch 1 [608,1216) done in 340 ms  h_edges=1212525
  NeighborhoodSlab: 608 threads × 2304 KB = 1368 MB
  Batch 2 [1216,1824) done in 340 ms  h_edges=1224367
  NeighborhoodSlab: 608 threads × 2304 KB = 1368 MB
  Batch 3 [1824,2432) done in 387 ms  h_edges=1236017
  NeighborhoodSlab: 608 threads × 2304 KB = 1368 MB
  Batch 4 [2432,3040) done in 331 ms  h_edges=1248957
  NeighborhoodSlab: 608 threads × 2304 KB = 1368 MB
  Batch 5 [3040,3648) done in 328 ms  h_edges=1262068
  NeighborhoodSlab: 608 threads × 2304 KB = 1368 MB
  Batch 6 [3648,4256) done in 367 ms  h_edges=1273340
  NeighborhoodSlab: 608 threads × 2304 KB = 1368 MB
  Batch 7 [4256,4864) done in 336 ms  h_edges=1284846
  NeighborhoodSlab: 608 threads × 2304 KB = 1368 MB
  Batch 8 [4864,5472) done in 326 ms  h_edges=1297164
  NeighborhoodSlab: 608 threads × 2304 KB = 1368 MB
  Batch 9 [5472,6080) done in 310 ms  h_edges=1309667
  NeighborhoodSlab: 608 threads × 2304 KB = 1368 MB
  Batch 10 [6080,6688) done in 344 ms  h_edges=1321981
  NeighborhoodSlab: 608 threads × 2304 KB = 1368 MB
  Batch 11 [6688,7296) done in 301 ms  h_edges=1333824
  NeighborhoodSlab: 608 threads × 2304 KB = 1368 MB
  Batch 12 [7296,7904) done in 341 ms  h_edges=1346409
  NeighborhoodSlab: 608 threads × 2304 KB = 1368 MB
  Batch 13 [7904,8512) done in 384 ms  h_edges=1358548
  NeighborhoodSlab: 608 threads × 2304 KB = 1368 MB
  Batch 14 [8512,9120) done in 347 ms  h_edges=1371273
  NeighborhoodSlab: 608 threads × 2304 KB = 1368 MB
  Batch 15 [9120,9728) done in 305 ms  h_edges=1383405
  NeighborhoodSlab: 608 threads × 2304 KB = 1368 MB
  Batch 16 [9728,10336) done in 350 ms  h_edges=1394741
  NeighborhoodSlab: 608 threads × 2304 KB = 1368 MB
  Batch 17 [10336,10944) done in 339 ms  h_edges=1407342
  NeighborhoodSlab: 608 threads × 2304 KB = 1368 MB
  Batch 18 [10944,11552) done in 426 ms  h_edges=1419984
  NeighborhoodSlab: 608 threads × 2304 KB = 1368 MB
  Batch 19 [11552,12160) done in 378 ms  h_edges=1430878
  NeighborhoodSlab: 608 threads × 2304 KB = 1368 MB
  Batch 20 [12160,12768) done in 340 ms  h_edges=1441811
  NeighborhoodSlab: 608 threads × 2304 KB = 1368 MB
  Batch 21 [12768,13376) done in 332 ms  h_edges=1453687
  NeighborhoodSlab: 608 threads × 2304 KB = 1368 MB
  Batch 22 [13376,13984) done in 358 ms  h_edges=1465735
  NeighborhoodSlab: 608 threads × 2304 KB = 1368 MB
  Batch 23 [13984,14592) done in 299 ms  h_edges=1477142
  NeighborhoodSlab: 597 threads × 2304 KB = 1343 MB
  Batch 24 [14592,15189) done in 333 ms  h_edges=1489109
  DeviceGraph: fwd=1489109 bwd=1489109 edges
  Year 1984 total: 10767 ms  (pop: 521467)

--- Year 1985 (pop: 521467) ---
  Adding 15645 new papers
  DeviceGraph: fwd=1489109 bwd=1489109 edges
  Processing 15645 papers in 25 batches of ~626
  NeighborhoodSlab: 626 threads × 2304 KB = 1408 MB
  Batch 0 [0,626) done in 358 ms  h_edges=1501689
  NeighborhoodSlab: 626 threads × 2304 KB = 1408 MB
  Batch 1 [626,1252) done in 436 ms  h_edges=1514411
  NeighborhoodSlab: 626 threads × 2304 KB = 1408 MB
  Batch 2 [1252,1878) done in 385 ms  h_edges=1526584
  NeighborhoodSlab: 626 threads × 2304 KB = 1408 MB
  Batch 3 [1878,2504) done in 394 ms  h_edges=1539503
  NeighborhoodSlab: 626 threads × 2304 KB = 1408 MB
  Batch 4 [2504,3130) done in 336 ms  h_edges=1551934
  NeighborhoodSlab: 626 threads × 2304 KB = 1408 MB
  Batch 5 [3130,3756) done in 430 ms  h_edges=1564484
  NeighborhoodSlab: 626 threads × 2304 KB = 1408 MB
  Batch 6 [3756,4382) done in 394 ms  h_edges=1576336
  NeighborhoodSlab: 626 threads × 2304 KB = 1408 MB
  Batch 7 [4382,5008) done in 395 ms  h_edges=1588195
  NeighborhoodSlab: 626 threads × 2304 KB = 1408 MB
  Batch 8 [5008,5634) done in 402 ms  h_edges=1600985
  NeighborhoodSlab: 626 threads × 2304 KB = 1408 MB
  Batch 9 [5634,6260) done in 346 ms  h_edges=1613503
  NeighborhoodSlab: 626 threads × 2304 KB = 1408 MB
  Batch 10 [6260,6886) done in 402 ms  h_edges=1624693
  NeighborhoodSlab: 626 threads × 2304 KB = 1408 MB
  Batch 11 [6886,7512) done in 407 ms  h_edges=1636938
  NeighborhoodSlab: 626 threads × 2304 KB = 1408 MB
  Batch 12 [7512,8138) done in 370 ms  h_edges=1650058
  NeighborhoodSlab: 626 threads × 2304 KB = 1408 MB
  Batch 13 [8138,8764) done in 365 ms  h_edges=1662375
  NeighborhoodSlab: 626 threads × 2304 KB = 1408 MB
  Batch 14 [8764,9390) done in 357 ms  h_edges=1673878
  NeighborhoodSlab: 626 threads × 2304 KB = 1408 MB
  Batch 15 [9390,10016) done in 405 ms  h_edges=1686493
  NeighborhoodSlab: 626 threads × 2304 KB = 1408 MB
  Batch 16 [10016,10642) done in 400 ms  h_edges=1699654
  NeighborhoodSlab: 626 threads × 2304 KB = 1408 MB
  Batch 17 [10642,11268) done in 367 ms  h_edges=1711289
  NeighborhoodSlab: 626 threads × 2304 KB = 1408 MB
  Batch 18 [11268,11894) done in 398 ms  h_edges=1722490
  NeighborhoodSlab: 626 threads × 2304 KB = 1408 MB
  Batch 19 [11894,12520) done in 358 ms  h_edges=1734935
  NeighborhoodSlab: 626 threads × 2304 KB = 1408 MB
  Batch 20 [12520,13146) done in 351 ms  h_edges=1746798
  NeighborhoodSlab: 626 threads × 2304 KB = 1408 MB
  Batch 21 [13146,13772) done in 365 ms  h_edges=1760097
  NeighborhoodSlab: 626 threads × 2304 KB = 1408 MB
  Batch 22 [13772,14398) done in 401 ms  h_edges=1772243
  NeighborhoodSlab: 626 threads × 2304 KB = 1408 MB
  Batch 23 [14398,15024) done in 402 ms  h_edges=1784602
  NeighborhoodSlab: 621 threads × 2304 KB = 1397 MB
  Batch 24 [15024,15645) done in 400 ms  h_edges=1796252
  DeviceGraph: fwd=1796252 bwd=1796252 edges
  Year 1985 total: 12326 ms  (pop: 537112)

--- Year 1986 (pop: 537112) ---
  Adding 16114 new papers
  DeviceGraph: fwd=1796252 bwd=1796252 edges
  Processing 16114 papers in 25 batches of ~645
  NeighborhoodSlab: 645 threads × 2304 KB = 1451 MB
  Batch 0 [0,645) done in 421 ms  h_edges=1809523
  NeighborhoodSlab: 645 threads × 2304 KB = 1451 MB
  Batch 1 [645,1290) done in 363 ms  h_edges=1822981
  NeighborhoodSlab: 645 threads × 2304 KB = 1451 MB
  Batch 2 [1290,1935) done in 398 ms  h_edges=1835450
  NeighborhoodSlab: 645 threads × 2304 KB = 1451 MB
  Batch 3 [1935,2580) done in 367 ms  h_edges=1848026
  NeighborhoodSlab: 645 threads × 2304 KB = 1451 MB
  Batch 4 [2580,3225) done in 329 ms  h_edges=1859579
  NeighborhoodSlab: 645 threads × 2304 KB = 1451 MB
  Batch 5 [3225,3870) done in 426 ms  h_edges=1872112
  NeighborhoodSlab: 645 threads × 2304 KB = 1451 MB
  Batch 6 [3870,4515) done in 386 ms  h_edges=1884113
  NeighborhoodSlab: 645 threads × 2304 KB = 1451 MB
  Batch 7 [4515,5160) done in 373 ms  h_edges=1896765
  NeighborhoodSlab: 645 threads × 2304 KB = 1451 MB
  Batch 8 [5160,5805) done in 410 ms  h_edges=1909345
  NeighborhoodSlab: 645 threads × 2304 KB = 1451 MB
  Batch 9 [5805,6450) done in 407 ms  h_edges=1921655
  NeighborhoodSlab: 645 threads × 2304 KB = 1451 MB
  Batch 10 [6450,7095) done in 364 ms  h_edges=1934604
  NeighborhoodSlab: 645 threads × 2304 KB = 1451 MB
  Batch 11 [7095,7740) done in 415 ms  h_edges=1946872
  NeighborhoodSlab: 645 threads × 2304 KB = 1451 MB
  Batch 12 [7740,8385) done in 357 ms  h_edges=1959334
  NeighborhoodSlab: 645 threads × 2304 KB = 1451 MB
  Batch 13 [8385,9030) done in 371 ms  h_edges=1971434
  NeighborhoodSlab: 645 threads × 2304 KB = 1451 MB
  Batch 14 [9030,9675) done in 375 ms  h_edges=1983067
  NeighborhoodSlab: 645 threads × 2304 KB = 1451 MB
  Batch 15 [9675,10320) done in 364 ms  h_edges=1995544
  NeighborhoodSlab: 645 threads × 2304 KB = 1451 MB
  Batch 16 [10320,10965) done in 409 ms  h_edges=2008043
  NeighborhoodSlab: 645 threads × 2304 KB = 1451 MB
  Batch 17 [10965,11610) done in 448 ms  h_edges=2021265
  NeighborhoodSlab: 645 threads × 2304 KB = 1451 MB
  Batch 18 [11610,12255) done in 388 ms  h_edges=2034171
  NeighborhoodSlab: 645 threads × 2304 KB = 1451 MB
  Batch 19 [12255,12900) done in 414 ms  h_edges=2047085
  NeighborhoodSlab: 645 threads × 2304 KB = 1451 MB
  Batch 20 [12900,13545) done in 460 ms  h_edges=2059327
  NeighborhoodSlab: 645 threads × 2304 KB = 1451 MB
  Batch 21 [13545,14190) done in 383 ms  h_edges=2071357
  NeighborhoodSlab: 645 threads × 2304 KB = 1451 MB
  Batch 22 [14190,14835) done in 373 ms  h_edges=2083405
  NeighborhoodSlab: 645 threads × 2304 KB = 1451 MB
  Batch 23 [14835,15480) done in 364 ms  h_edges=2095070
  NeighborhoodSlab: 634 threads × 2304 KB = 1426 MB
  Batch 24 [15480,16114) done in 436 ms  h_edges=2107702
  DeviceGraph: fwd=2107702 bwd=2107702 edges
  Year 1986 total: 12885 ms  (pop: 553226)

--- Year 1987 (pop: 553226) ---
  Adding 16597 new papers
  DeviceGraph: fwd=2107702 bwd=2107702 edges
  Processing 16597 papers in 25 batches of ~664
  NeighborhoodSlab: 664 threads × 2304 KB = 1494 MB
  Batch 0 [0,664) done in 394 ms  h_edges=2120326
  NeighborhoodSlab: 664 threads × 2304 KB = 1494 MB
  Batch 1 [664,1328) done in 422 ms  h_edges=2133297
  NeighborhoodSlab: 664 threads × 2304 KB = 1494 MB
  Batch 2 [1328,1992) done in 459 ms  h_edges=2146133
  NeighborhoodSlab: 664 threads × 2304 KB = 1494 MB
  Batch 3 [1992,2656) done in 508 ms  h_edges=2159044
  NeighborhoodSlab: 664 threads × 2304 KB = 1494 MB
  Batch 4 [2656,3320) done in 456 ms  h_edges=2172923
  NeighborhoodSlab: 664 threads × 2304 KB = 1494 MB
  Batch 5 [3320,3984) done in 453 ms  h_edges=2186111
  NeighborhoodSlab: 664 threads × 2304 KB = 1494 MB
  Batch 6 [3984,4648) done in 449 ms  h_edges=2199302
  NeighborhoodSlab: 664 threads × 2304 KB = 1494 MB
  Batch 7 [4648,5312) done in 381 ms  h_edges=2212352
  NeighborhoodSlab: 664 threads × 2304 KB = 1494 MB
  Batch 8 [5312,5976) done in 462 ms  h_edges=2226053
  NeighborhoodSlab: 664 threads × 2304 KB = 1494 MB
  Batch 9 [5976,6640) done in 372 ms  h_edges=2238865
  NeighborhoodSlab: 664 threads × 2304 KB = 1494 MB
  Batch 10 [6640,7304) done in 448 ms  h_edges=2252047
  NeighborhoodSlab: 664 threads × 2304 KB = 1494 MB
  Batch 11 [7304,7968) done in 423 ms  h_edges=2265736
  NeighborhoodSlab: 664 threads × 2304 KB = 1494 MB
  Batch 12 [7968,8632) done in 460 ms  h_edges=2279889
  NeighborhoodSlab: 664 threads × 2304 KB = 1494 MB
  Batch 13 [8632,9296) done in 503 ms  h_edges=2293095
  NeighborhoodSlab: 664 threads × 2304 KB = 1494 MB
  Batch 14 [9296,9960) done in 403 ms  h_edges=2305397
  NeighborhoodSlab: 664 threads × 2304 KB = 1494 MB
  Batch 15 [9960,10624) done in 462 ms  h_edges=2319254
  NeighborhoodSlab: 664 threads × 2304 KB = 1494 MB
  Batch 16 [10624,11288) done in 414 ms  h_edges=2332756
  NeighborhoodSlab: 664 threads × 2304 KB = 1494 MB
  Batch 17 [11288,11952) done in 415 ms  h_edges=2345345
  NeighborhoodSlab: 664 threads × 2304 KB = 1494 MB
  Batch 18 [11952,12616) done in 425 ms  h_edges=2357613
  NeighborhoodSlab: 664 threads × 2304 KB = 1494 MB
  Batch 19 [12616,13280) done in 434 ms  h_edges=2371439
  NeighborhoodSlab: 664 threads × 2304 KB = 1494 MB
  Batch 20 [13280,13944) done in 419 ms  h_edges=2383486
  NeighborhoodSlab: 664 threads × 2304 KB = 1494 MB
  Batch 21 [13944,14608) done in 388 ms  h_edges=2397362
  NeighborhoodSlab: 664 threads × 2304 KB = 1494 MB
  Batch 22 [14608,15272) done in 447 ms  h_edges=2410408
  NeighborhoodSlab: 664 threads × 2304 KB = 1494 MB
  Batch 23 [15272,15936) done in 461 ms  h_edges=2422727
  NeighborhoodSlab: 661 threads × 2304 KB = 1487 MB
  Batch 24 [15936,16597) done in 379 ms  h_edges=2435696
  DeviceGraph: fwd=2435696 bwd=2435696 edges
  Year 1987 total: 14508 ms  (pop: 569823)

--- Year 1988 (pop: 569823) ---
  Adding 17095 new papers
  DeviceGraph: fwd=2435696 bwd=2435696 edges
  Processing 17095 papers in 25 batches of ~684
  NeighborhoodSlab: 684 threads × 2304 KB = 1539 MB
  Batch 0 [0,684) done in 387 ms  h_edges=2450882
  NeighborhoodSlab: 684 threads × 2304 KB = 1539 MB
  Batch 1 [684,1368) done in 461 ms  h_edges=2464159
  NeighborhoodSlab: 684 threads × 2304 KB = 1539 MB
  Batch 2 [1368,2052) done in 426 ms  h_edges=2478293
  NeighborhoodSlab: 684 threads × 2304 KB = 1539 MB
  Batch 3 [2052,2736) done in 472 ms  h_edges=2492008
  NeighborhoodSlab: 684 threads × 2304 KB = 1539 MB
  Batch 4 [2736,3420) done in 449 ms  h_edges=2506494
  NeighborhoodSlab: 684 threads × 2304 KB = 1539 MB
  Batch 5 [3420,4104) done in 460 ms  h_edges=2519447
  NeighborhoodSlab: 684 threads × 2304 KB = 1539 MB
  Batch 6 [4104,4788) done in 460 ms  h_edges=2533648
  NeighborhoodSlab: 684 threads × 2304 KB = 1539 MB
  Batch 7 [4788,5472) done in 513 ms  h_edges=2547735
  NeighborhoodSlab: 684 threads × 2304 KB = 1539 MB
  Batch 8 [5472,6156) done in 455 ms  h_edges=2559768
  NeighborhoodSlab: 684 threads × 2304 KB = 1539 MB
  Batch 9 [6156,6840) done in 431 ms  h_edges=2573225
  NeighborhoodSlab: 684 threads × 2304 KB = 1539 MB
  Batch 10 [6840,7524) done in 480 ms  h_edges=2586479
  NeighborhoodSlab: 684 threads × 2304 KB = 1539 MB
  Batch 11 [7524,8208) done in 427 ms  h_edges=2601091
  NeighborhoodSlab: 684 threads × 2304 KB = 1539 MB
  Batch 12 [8208,8892) done in 422 ms  h_edges=2614096
  NeighborhoodSlab: 684 threads × 2304 KB = 1539 MB
  Batch 13 [8892,9576) done in 489 ms  h_edges=2627652
  NeighborhoodSlab: 684 threads × 2304 KB = 1539 MB
  Batch 14 [9576,10260) done in 534 ms  h_edges=2640859
  NeighborhoodSlab: 684 threads × 2304 KB = 1539 MB
  Batch 15 [10260,10944) done in 407 ms  h_edges=2653038
  NeighborhoodSlab: 684 threads × 2304 KB = 1539 MB
  Batch 16 [10944,11628) done in 397 ms  h_edges=2665993
  NeighborhoodSlab: 684 threads × 2304 KB = 1539 MB
  Batch 17 [11628,12312) done in 382 ms  h_edges=2680121
  NeighborhoodSlab: 684 threads × 2304 KB = 1539 MB
  Batch 18 [12312,12996) done in 469 ms  h_edges=2692672
  NeighborhoodSlab: 684 threads × 2304 KB = 1539 MB
  Batch 19 [12996,13680) done in 469 ms  h_edges=2706344
  NeighborhoodSlab: 684 threads × 2304 KB = 1539 MB
  Batch 20 [13680,14364) done in 466 ms  h_edges=2720057
  NeighborhoodSlab: 684 threads × 2304 KB = 1539 MB
  Batch 21 [14364,15048) done in 396 ms  h_edges=2733239
  NeighborhoodSlab: 684 threads × 2304 KB = 1539 MB
  Batch 22 [15048,15732) done in 481 ms  h_edges=2745653
  NeighborhoodSlab: 684 threads × 2304 KB = 1539 MB
  Batch 23 [15732,16416) done in 485 ms  h_edges=2757933
  NeighborhoodSlab: 679 threads × 2304 KB = 1527 MB
  Batch 24 [16416,17095) done in 415 ms  h_edges=2771592
  DeviceGraph: fwd=2771592 bwd=2771592 edges
  Year 1988 total: 15371 ms  (pop: 586918)

--- Year 1989 (pop: 586918) ---
  Adding 17608 new papers
  DeviceGraph: fwd=2771592 bwd=2771592 edges
  Processing 17608 papers in 25 batches of ~705
  NeighborhoodSlab: 705 threads × 2304 KB = 1586 MB
  Batch 0 [0,705) done in 471 ms  h_edges=2785428
  NeighborhoodSlab: 705 threads × 2304 KB = 1586 MB
  Batch 1 [705,1410) done in 477 ms  h_edges=2800344
  NeighborhoodSlab: 705 threads × 2304 KB = 1586 MB
  Batch 2 [1410,2115) done in 483 ms  h_edges=2814723
  NeighborhoodSlab: 705 threads × 2304 KB = 1586 MB
  Batch 3 [2115,2820) done in 604 ms  h_edges=2827459
  NeighborhoodSlab: 705 threads × 2304 KB = 1586 MB
  Batch 4 [2820,3525) done in 522 ms  h_edges=2842489
  NeighborhoodSlab: 705 threads × 2304 KB = 1586 MB
  Batch 5 [3525,4230) done in 475 ms  h_edges=2855981
  NeighborhoodSlab: 705 threads × 2304 KB = 1586 MB
  Batch 6 [4230,4935) done in 510 ms  h_edges=2870653
  NeighborhoodSlab: 705 threads × 2304 KB = 1586 MB
  Batch 7 [4935,5640) done in 502 ms  h_edges=2883993
  NeighborhoodSlab: 705 threads × 2304 KB = 1586 MB
  Batch 8 [5640,6345) done in 502 ms  h_edges=2898913
  NeighborhoodSlab: 705 threads × 2304 KB = 1586 MB
  Batch 9 [6345,7050) done in 482 ms  h_edges=2912137
  NeighborhoodSlab: 705 threads × 2304 KB = 1586 MB
  Batch 10 [7050,7755) done in 489 ms  h_edges=2926123
  NeighborhoodSlab: 705 threads × 2304 KB = 1586 MB
  Batch 11 [7755,8460) done in 484 ms  h_edges=2940463
  NeighborhoodSlab: 705 threads × 2304 KB = 1586 MB
  Batch 12 [8460,9165) done in 484 ms  h_edges=2954196
  NeighborhoodSlab: 705 threads × 2304 KB = 1586 MB
  Batch 13 [9165,9870) done in 445 ms  h_edges=2968782
  NeighborhoodSlab: 705 threads × 2304 KB = 1586 MB
  Batch 14 [9870,10575) done in 428 ms  h_edges=2980776
  NeighborhoodSlab: 705 threads × 2304 KB = 1586 MB
  Batch 15 [10575,11280) done in 450 ms  h_edges=2994666
  NeighborhoodSlab: 705 threads × 2304 KB = 1586 MB
  Batch 16 [11280,11985) done in 472 ms  h_edges=3008250
  NeighborhoodSlab: 705 threads × 2304 KB = 1586 MB
  Batch 17 [11985,12690) done in 390 ms  h_edges=3022264
  NeighborhoodSlab: 705 threads × 2304 KB = 1586 MB
  Batch 18 [12690,13395) done in 476 ms  h_edges=3035695
  NeighborhoodSlab: 705 threads × 2304 KB = 1586 MB
  Batch 19 [13395,14100) done in 470 ms  h_edges=3050198
  NeighborhoodSlab: 705 threads × 2304 KB = 1586 MB
  Batch 20 [14100,14805) done in 481 ms  h_edges=3065568
  NeighborhoodSlab: 705 threads × 2304 KB = 1586 MB
  Batch 21 [14805,15510) done in 464 ms  h_edges=3079390
  NeighborhoodSlab: 705 threads × 2304 KB = 1586 MB
  Batch 22 [15510,16215) done in 493 ms  h_edges=3093270
  NeighborhoodSlab: 705 threads × 2304 KB = 1586 MB
  Batch 23 [16215,16920) done in 520 ms  h_edges=3107669
  NeighborhoodSlab: 688 threads × 2304 KB = 1548 MB
  Batch 24 [16920,17608) done in 541 ms  h_edges=3121018
  DeviceGraph: fwd=3121018 bwd=3121018 edges
  Year 1989 total: 16888 ms  (pop: 604526)

--- Year 1990 (pop: 604526) ---
  Adding 18136 new papers
  DeviceGraph: fwd=3121018 bwd=3121018 edges
  Processing 18136 papers in 25 batches of ~726
  NeighborhoodSlab: 726 threads × 2304 KB = 1633 MB
  Batch 0 [0,726) done in 600 ms  h_edges=3135868
  NeighborhoodSlab: 726 threads × 2304 KB = 1633 MB
  Batch 1 [726,1452) done in 542 ms  h_edges=3150142
  NeighborhoodSlab: 726 threads × 2304 KB = 1633 MB
  Batch 2 [1452,2178) done in 540 ms  h_edges=3163489
  NeighborhoodSlab: 726 threads × 2304 KB = 1633 MB
  Batch 3 [2178,2904) done in 451 ms  h_edges=3178252
  NeighborhoodSlab: 726 threads × 2304 KB = 1633 MB
  Batch 4 [2904,3630) done in 460 ms  h_edges=3192363
  NeighborhoodSlab: 726 threads × 2304 KB = 1633 MB
  Batch 5 [3630,4356) done in 496 ms  h_edges=3206514
  NeighborhoodSlab: 726 threads × 2304 KB = 1633 MB
  Batch 6 [4356,5082) done in 481 ms  h_edges=3220927
  NeighborhoodSlab: 726 threads × 2304 KB = 1633 MB
  Batch 7 [5082,5808) done in 544 ms  h_edges=3236434
  NeighborhoodSlab: 726 threads × 2304 KB = 1633 MB
  Batch 8 [5808,6534) done in 444 ms  h_edges=3250522
  NeighborhoodSlab: 726 threads × 2304 KB = 1633 MB
  Batch 9 [6534,7260) done in 542 ms  h_edges=3265860
  NeighborhoodSlab: 726 threads × 2304 KB = 1633 MB
  Batch 10 [7260,7986) done in 491 ms  h_edges=3280787
  NeighborhoodSlab: 726 threads × 2304 KB = 1633 MB
  Batch 11 [7986,8712) done in 462 ms  h_edges=3295603
  NeighborhoodSlab: 726 threads × 2304 KB = 1633 MB
  Batch 12 [8712,9438) done in 462 ms  h_edges=3309240
  NeighborhoodSlab: 726 threads × 2304 KB = 1633 MB
  Batch 13 [9438,10164) done in 496 ms  h_edges=3324452
  NeighborhoodSlab: 726 threads × 2304 KB = 1633 MB
  Batch 14 [10164,10890) done in 546 ms  h_edges=3338704
  NeighborhoodSlab: 726 threads × 2304 KB = 1633 MB
  Batch 15 [10890,11616) done in 495 ms  h_edges=3351848
  NeighborhoodSlab: 726 threads × 2304 KB = 1633 MB
  Batch 16 [11616,12342) done in 488 ms  h_edges=3366587
  NeighborhoodSlab: 726 threads × 2304 KB = 1633 MB
  Batch 17 [12342,13068) done in 484 ms  h_edges=3380436
  NeighborhoodSlab: 726 threads × 2304 KB = 1633 MB
  Batch 18 [13068,13794) done in 484 ms  h_edges=3393634
  NeighborhoodSlab: 726 threads × 2304 KB = 1633 MB
  Batch 19 [13794,14520) done in 507 ms  h_edges=3407013
  NeighborhoodSlab: 726 threads × 2304 KB = 1633 MB
  Batch 20 [14520,15246) done in 480 ms  h_edges=3420454
  NeighborhoodSlab: 726 threads × 2304 KB = 1633 MB
  Batch 21 [15246,15972) done in 554 ms  h_edges=3436183
  NeighborhoodSlab: 726 threads × 2304 KB = 1633 MB
  Batch 22 [15972,16698) done in 558 ms  h_edges=3450174
  NeighborhoodSlab: 726 threads × 2304 KB = 1633 MB
  Batch 23 [16698,17424) done in 450 ms  h_edges=3463592
  NeighborhoodSlab: 712 threads × 2304 KB = 1602 MB
  Batch 24 [17424,18136) done in 564 ms  h_edges=3478611
  DeviceGraph: fwd=3478611 bwd=3478611 edges
  Year 1990 total: 17856 ms  (pop: 622662)

--- Year 1991 (pop: 622662) ---
  Adding 18680 new papers
  DeviceGraph: fwd=3478611 bwd=3478611 edges
  Processing 18680 papers in 25 batches of ~748
  NeighborhoodSlab: 748 threads × 2304 KB = 1683 MB
  Batch 0 [0,748) done in 594 ms  h_edges=3494252
  NeighborhoodSlab: 748 threads × 2304 KB = 1683 MB
  Batch 1 [748,1496) done in 661 ms  h_edges=3508656
  NeighborhoodSlab: 748 threads × 2304 KB = 1683 MB
  Batch 2 [1496,2244) done in 537 ms  h_edges=3524630
  NeighborhoodSlab: 748 threads × 2304 KB = 1683 MB
  Batch 3 [2244,2992) done in 506 ms  h_edges=3538795
  NeighborhoodSlab: 748 threads × 2304 KB = 1683 MB
  Batch 4 [2992,3740) done in 523 ms  h_edges=3553442
  NeighborhoodSlab: 748 threads × 2304 KB = 1683 MB
  Batch 5 [3740,4488) done in 534 ms  h_edges=3567674
  NeighborhoodSlab: 748 threads × 2304 KB = 1683 MB
  Batch 6 [4488,5236) done in 614 ms  h_edges=3582351
  NeighborhoodSlab: 748 threads × 2304 KB = 1683 MB
  Batch 7 [5236,5984) done in 510 ms  h_edges=3598458
  NeighborhoodSlab: 748 threads × 2304 KB = 1683 MB
  Batch 8 [5984,6732) done in 494 ms  h_edges=3612992
  NeighborhoodSlab: 748 threads × 2304 KB = 1683 MB
  Batch 9 [6732,7480) done in 505 ms  h_edges=3627838
  NeighborhoodSlab: 748 threads × 2304 KB = 1683 MB
  Batch 10 [7480,8228) done in 547 ms  h_edges=3642785
  NeighborhoodSlab: 748 threads × 2304 KB = 1683 MB
  Batch 11 [8228,8976) done in 547 ms  h_edges=3656639
  NeighborhoodSlab: 748 threads × 2304 KB = 1683 MB
  Batch 12 [8976,9724) done in 558 ms  h_edges=3670294
  NeighborhoodSlab: 748 threads × 2304 KB = 1683 MB
  Batch 13 [9724,10472) done in 545 ms  h_edges=3684694
  NeighborhoodSlab: 748 threads × 2304 KB = 1683 MB
  Batch 14 [10472,11220) done in 573 ms  h_edges=3699481
  NeighborhoodSlab: 748 threads × 2304 KB = 1683 MB
  Batch 15 [11220,11968) done in 473 ms  h_edges=3714265
  NeighborhoodSlab: 748 threads × 2304 KB = 1683 MB
  Batch 16 [11968,12716) done in 651 ms  h_edges=3730100
  NeighborhoodSlab: 748 threads × 2304 KB = 1683 MB
  Batch 17 [12716,13464) done in 542 ms  h_edges=3744218
  NeighborhoodSlab: 748 threads × 2304 KB = 1683 MB
  Batch 18 [13464,14212) done in 610 ms  h_edges=3758748
  NeighborhoodSlab: 748 threads × 2304 KB = 1683 MB
  Batch 19 [14212,14960) done in 447 ms  h_edges=3775897
  NeighborhoodSlab: 748 threads × 2304 KB = 1683 MB
  Batch 20 [14960,15708) done in 514 ms  h_edges=3789251
  NeighborhoodSlab: 748 threads × 2304 KB = 1683 MB
  Batch 21 [15708,16456) done in 512 ms  h_edges=3803245
  NeighborhoodSlab: 748 threads × 2304 KB = 1683 MB
  Batch 22 [16456,17204) done in 547 ms  h_edges=3817303
  NeighborhoodSlab: 748 threads × 2304 KB = 1683 MB
  Batch 23 [17204,17952) done in 570 ms  h_edges=3832209
  NeighborhoodSlab: 728 threads × 2304 KB = 1638 MB
  Batch 24 [17952,18680) done in 571 ms  h_edges=3847210
  DeviceGraph: fwd=3847210 bwd=3847210 edges
  Year 1991 total: 19592 ms  (pop: 641342)

--- Year 1992 (pop: 641342) ---
  Adding 19241 new papers
  DeviceGraph: fwd=3847210 bwd=3847210 edges
  Processing 19241 papers in 25 batches of ~770
  NeighborhoodSlab: 770 threads × 2304 KB = 1732 MB
  Batch 0 [0,770) done in 555 ms  h_edges=3862313
  NeighborhoodSlab: 770 threads × 2304 KB = 1732 MB
  Batch 1 [770,1540) done in 550 ms  h_edges=3877331
  NeighborhoodSlab: 770 threads × 2304 KB = 1732 MB
  Batch 2 [1540,2310) done in 555 ms  h_edges=3892665
  NeighborhoodSlab: 770 threads × 2304 KB = 1732 MB
  Batch 3 [2310,3080) done in 521 ms  h_edges=3908437
  NeighborhoodSlab: 770 threads × 2304 KB = 1732 MB
  Batch 4 [3080,3850) done in 592 ms  h_edges=3924244
  NeighborhoodSlab: 770 threads × 2304 KB = 1732 MB
  Batch 5 [3850,4620) done in 563 ms  h_edges=3938844
  NeighborhoodSlab: 770 threads × 2304 KB = 1732 MB
  Batch 6 [4620,5390) done in 592 ms  h_edges=3953323
  NeighborhoodSlab: 770 threads × 2304 KB = 1732 MB
  Batch 7 [5390,6160) done in 574 ms  h_edges=3967980
  NeighborhoodSlab: 770 threads × 2304 KB = 1732 MB
  Batch 8 [6160,6930) done in 567 ms  h_edges=3982678
  NeighborhoodSlab: 770 threads × 2304 KB = 1732 MB
  Batch 9 [6930,7700) done in 577 ms  h_edges=3997410
  NeighborhoodSlab: 770 threads × 2304 KB = 1732 MB
  Batch 10 [7700,8470) done in 619 ms  h_edges=4011363
  NeighborhoodSlab: 770 threads × 2304 KB = 1732 MB
  Batch 11 [8470,9240) done in 608 ms  h_edges=4025423
  NeighborhoodSlab: 770 threads × 2304 KB = 1732 MB
  Batch 12 [9240,10010) done in 606 ms  h_edges=4041269
  NeighborhoodSlab: 770 threads × 2304 KB = 1732 MB
  Batch 13 [10010,10780) done in 566 ms  h_edges=4056483
  NeighborhoodSlab: 770 threads × 2304 KB = 1732 MB
  Batch 14 [10780,11550) done in 574 ms  h_edges=4071417
  NeighborhoodSlab: 770 threads × 2304 KB = 1732 MB
  Batch 15 [11550,12320) done in 532 ms  h_edges=4086637
  NeighborhoodSlab: 770 threads × 2304 KB = 1732 MB
  Batch 16 [12320,13090) done in 565 ms  h_edges=4101740
  NeighborhoodSlab: 770 threads × 2304 KB = 1732 MB
  Batch 17 [13090,13860) done in 525 ms  h_edges=4117538
  NeighborhoodSlab: 770 threads × 2304 KB = 1732 MB
  Batch 18 [13860,14630) done in 558 ms  h_edges=4131542
  NeighborhoodSlab: 770 threads × 2304 KB = 1732 MB
  Batch 19 [14630,15400) done in 623 ms  h_edges=4146802
  NeighborhoodSlab: 770 threads × 2304 KB = 1732 MB
  Batch 20 [15400,16170) done in 621 ms  h_edges=4162359
  NeighborhoodSlab: 770 threads × 2304 KB = 1732 MB
  Batch 21 [16170,16940) done in 585 ms  h_edges=4177330
  NeighborhoodSlab: 770 threads × 2304 KB = 1732 MB
  Batch 22 [16940,17710) done in 557 ms  h_edges=4192470
  NeighborhoodSlab: 770 threads × 2304 KB = 1732 MB
  Batch 23 [17710,18480) done in 577 ms  h_edges=4207637
  NeighborhoodSlab: 761 threads × 2304 KB = 1712 MB
  Batch 24 [18480,19241) done in 518 ms  h_edges=4222094
  DeviceGraph: fwd=4222094 bwd=4222094 edges
  Year 1992 total: 20844 ms  (pop: 660583)

--- Year 1993 (pop: 660583) ---
  Adding 19818 new papers
  DeviceGraph: fwd=4222094 bwd=4222094 edges
  Processing 19818 papers in 25 batches of ~793
  NeighborhoodSlab: 793 threads × 2304 KB = 1784 MB
  Batch 0 [0,793) done in 619 ms  h_edges=4236681
  NeighborhoodSlab: 793 threads × 2304 KB = 1784 MB
  Batch 1 [793,1586) done in 578 ms  h_edges=4251779
  NeighborhoodSlab: 793 threads × 2304 KB = 1784 MB
  Batch 2 [1586,2379) done in 546 ms  h_edges=4267043
  NeighborhoodSlab: 793 threads × 2304 KB = 1784 MB
  Batch 3 [2379,3172) done in 620 ms  h_edges=4283322
  NeighborhoodSlab: 793 threads × 2304 KB = 1784 MB
  Batch 4 [3172,3965) done in 627 ms  h_edges=4297954
  NeighborhoodSlab: 793 threads × 2304 KB = 1784 MB
  Batch 5 [3965,4758) done in 568 ms  h_edges=4313388
  NeighborhoodSlab: 793 threads × 2304 KB = 1784 MB
  Batch 6 [4758,5551) done in 647 ms  h_edges=4327077
  NeighborhoodSlab: 793 threads × 2304 KB = 1784 MB
  Batch 7 [5551,6344) done in 625 ms  h_edges=4343400
  NeighborhoodSlab: 793 threads × 2304 KB = 1784 MB
  Batch 8 [6344,7137) done in 647 ms  h_edges=4358861
  NeighborhoodSlab: 793 threads × 2304 KB = 1784 MB
  Batch 9 [7137,7930) done in 585 ms  h_edges=4374234
  NeighborhoodSlab: 793 threads × 2304 KB = 1784 MB
  Batch 10 [7930,8723) done in 624 ms  h_edges=4390210
  NeighborhoodSlab: 793 threads × 2304 KB = 1784 MB
  Batch 11 [8723,9516) done in 579 ms  h_edges=4405086
  NeighborhoodSlab: 793 threads × 2304 KB = 1784 MB
  Batch 12 [9516,10309) done in 529 ms  h_edges=4419314
  NeighborhoodSlab: 793 threads × 2304 KB = 1784 MB
  Batch 13 [10309,11102) done in 715 ms  h_edges=4435726
  NeighborhoodSlab: 793 threads × 2304 KB = 1784 MB
  Batch 14 [11102,11895) done in 725 ms  h_edges=4451205
  NeighborhoodSlab: 793 threads × 2304 KB = 1784 MB
  Batch 15 [11895,12688) done in 604 ms  h_edges=4467386
  NeighborhoodSlab: 793 threads × 2304 KB = 1784 MB
  Batch 16 [12688,13481) done in 676 ms  h_edges=4482752
  NeighborhoodSlab: 793 threads × 2304 KB = 1784 MB
  Batch 17 [13481,14274) done in 626 ms  h_edges=4496565
  NeighborhoodSlab: 793 threads × 2304 KB = 1784 MB
  Batch 18 [14274,15067) done in 649 ms  h_edges=4513139
  NeighborhoodSlab: 793 threads × 2304 KB = 1784 MB
  Batch 19 [15067,15860) done in 598 ms  h_edges=4528521
  NeighborhoodSlab: 793 threads × 2304 KB = 1784 MB
  Batch 20 [15860,16653) done in 611 ms  h_edges=4544395
  NeighborhoodSlab: 793 threads × 2304 KB = 1784 MB
  Batch 21 [16653,17446) done in 623 ms  h_edges=4560910
  NeighborhoodSlab: 793 threads × 2304 KB = 1784 MB
  Batch 22 [17446,18239) done in 643 ms  h_edges=4576634
  NeighborhoodSlab: 793 threads × 2304 KB = 1784 MB
  Batch 23 [18239,19032) done in 593 ms  h_edges=4593289
  NeighborhoodSlab: 786 threads × 2304 KB = 1768 MB
  Batch 24 [19032,19818) done in 625 ms  h_edges=4608725
  DeviceGraph: fwd=4608725 bwd=4608725 edges
  Year 1993 total: 22577 ms  (pop: 680401)

--- Year 1994 (pop: 680401) ---
  Adding 20413 new papers
  DeviceGraph: fwd=4608725 bwd=4608725 edges
  Processing 20413 papers in 25 batches of ~817
  NeighborhoodSlab: 817 threads × 2304 KB = 1838 MB
  Batch 0 [0,817) done in 649 ms  h_edges=4624166
  NeighborhoodSlab: 817 threads × 2304 KB = 1838 MB
  Batch 1 [817,1634) done in 702 ms  h_edges=4640081
  NeighborhoodSlab: 817 threads × 2304 KB = 1838 MB
  Batch 2 [1634,2451) done in 597 ms  h_edges=4656982
  NeighborhoodSlab: 817 threads × 2304 KB = 1838 MB
  Batch 3 [2451,3268) done in 598 ms  h_edges=4673554
  NeighborhoodSlab: 817 threads × 2304 KB = 1838 MB
  Batch 4 [3268,4085) done in 577 ms  h_edges=4688396
  NeighborhoodSlab: 817 threads × 2304 KB = 1838 MB
  Batch 5 [4085,4902) done in 577 ms  h_edges=4703904
  NeighborhoodSlab: 817 threads × 2304 KB = 1838 MB
  Batch 6 [4902,5719) done in 670 ms  h_edges=4720663
  NeighborhoodSlab: 817 threads × 2304 KB = 1838 MB
  Batch 7 [5719,6536) done in 584 ms  h_edges=4736813
  NeighborhoodSlab: 817 threads × 2304 KB = 1838 MB
  Batch 8 [6536,7353) done in 747 ms  h_edges=4752784
  NeighborhoodSlab: 817 threads × 2304 KB = 1838 MB
  Batch 9 [7353,8170) done in 646 ms  h_edges=4769802
  NeighborhoodSlab: 817 threads × 2304 KB = 1838 MB
  Batch 10 [8170,8987) done in 609 ms  h_edges=4785534
  NeighborhoodSlab: 817 threads × 2304 KB = 1838 MB
  Batch 11 [8987,9804) done in 642 ms  h_edges=4801684
  NeighborhoodSlab: 817 threads × 2304 KB = 1838 MB
  Batch 12 [9804,10621) done in 656 ms  h_edges=4819038
  NeighborhoodSlab: 817 threads × 2304 KB = 1838 MB
  Batch 13 [10621,11438) done in 654 ms  h_edges=4836065
  NeighborhoodSlab: 817 threads × 2304 KB = 1838 MB
  Batch 14 [11438,12255) done in 656 ms  h_edges=4851268
  NeighborhoodSlab: 817 threads × 2304 KB = 1838 MB
  Batch 15 [12255,13072) done in 676 ms  h_edges=4868503
  NeighborhoodSlab: 817 threads × 2304 KB = 1838 MB
  Batch 16 [13072,13889) done in 613 ms  h_edges=4884009
  NeighborhoodSlab: 817 threads × 2304 KB = 1838 MB
  Batch 17 [13889,14706) done in 608 ms  h_edges=4899326
  NeighborhoodSlab: 817 threads × 2304 KB = 1838 MB
  Batch 18 [14706,15523) done in 676 ms  h_edges=4914148
  NeighborhoodSlab: 817 threads × 2304 KB = 1838 MB
  Batch 19 [15523,16340) done in 590 ms  h_edges=4929828
  NeighborhoodSlab: 817 threads × 2304 KB = 1838 MB
  Batch 20 [16340,17157) done in 584 ms  h_edges=4945253
  NeighborhoodSlab: 817 threads × 2304 KB = 1838 MB
  Batch 21 [17157,17974) done in 669 ms  h_edges=4959217
  NeighborhoodSlab: 817 threads × 2304 KB = 1838 MB
  Batch 22 [17974,18791) done in 553 ms  h_edges=4974952
  NeighborhoodSlab: 817 threads × 2304 KB = 1838 MB
  Batch 23 [18791,19608) done in 606 ms  h_edges=4991685
  NeighborhoodSlab: 805 threads × 2304 KB = 1811 MB
  Batch 24 [19608,20413) done in 607 ms  h_edges=5007840
  DeviceGraph: fwd=5007840 bwd=5007840 edges
  Year 1994 total: 23529 ms  (pop: 700814)

--- Year 1995 (pop: 700814) ---
  Adding 21025 new papers
  DeviceGraph: fwd=5007840 bwd=5007840 edges
  Processing 21025 papers in 25 batches of ~841
  NeighborhoodSlab: 841 threads × 2304 KB = 1892 MB
  Batch 0 [0,841) done in 670 ms  h_edges=5023737
  NeighborhoodSlab: 841 threads × 2304 KB = 1892 MB
  Batch 1 [841,1682) done in 747 ms  h_edges=5040883
  NeighborhoodSlab: 841 threads × 2304 KB = 1892 MB
  Batch 2 [1682,2523) done in 603 ms  h_edges=5058241
  NeighborhoodSlab: 841 threads × 2304 KB = 1892 MB
  Batch 3 [2523,3364) done in 782 ms  h_edges=5075909
  NeighborhoodSlab: 841 threads × 2304 KB = 1892 MB
  Batch 4 [3364,4205) done in 692 ms  h_edges=5093108
  NeighborhoodSlab: 841 threads × 2304 KB = 1892 MB
  Batch 5 [4205,5046) done in 689 ms  h_edges=5109653
  NeighborhoodSlab: 841 threads × 2304 KB = 1892 MB
  Batch 6 [5046,5887) done in 668 ms  h_edges=5125076
  NeighborhoodSlab: 841 threads × 2304 KB = 1892 MB
  Batch 7 [5887,6728) done in 840 ms  h_edges=5142187
  NeighborhoodSlab: 841 threads × 2304 KB = 1892 MB
  Batch 8 [6728,7569) done in 742 ms  h_edges=5158530
  NeighborhoodSlab: 841 threads × 2304 KB = 1892 MB
  Batch 9 [7569,8410) done in 647 ms  h_edges=5175048
  NeighborhoodSlab: 841 threads × 2304 KB = 1892 MB
  Batch 10 [8410,9251) done in 662 ms  h_edges=5191509
  NeighborhoodSlab: 841 threads × 2304 KB = 1892 MB
  Batch 11 [9251,10092) done in 723 ms  h_edges=5208201
  NeighborhoodSlab: 841 threads × 2304 KB = 1892 MB
  Batch 12 [10092,10933) done in 699 ms  h_edges=5224936
  NeighborhoodSlab: 841 threads × 2304 KB = 1892 MB
  Batch 13 [10933,11774) done in 631 ms  h_edges=5241054
  NeighborhoodSlab: 841 threads × 2304 KB = 1892 MB
  Batch 14 [11774,12615) done in 555 ms  h_edges=5256753
  NeighborhoodSlab: 841 threads × 2304 KB = 1892 MB
  Batch 15 [12615,13456) done in 674 ms  h_edges=5273718
  NeighborhoodSlab: 841 threads × 2304 KB = 1892 MB
  Batch 16 [13456,14297) done in 691 ms  h_edges=5289860
  NeighborhoodSlab: 841 threads × 2304 KB = 1892 MB
  Batch 17 [14297,15138) done in 677 ms  h_edges=5305564
  NeighborhoodSlab: 841 threads × 2304 KB = 1892 MB
  Batch 18 [15138,15979) done in 801 ms  h_edges=5321306
  NeighborhoodSlab: 841 threads × 2304 KB = 1892 MB
  Batch 19 [15979,16820) done in 805 ms  h_edges=5338162
  NeighborhoodSlab: 841 threads × 2304 KB = 1892 MB
  Batch 20 [16820,17661) done in 732 ms  h_edges=5354193
  NeighborhoodSlab: 841 threads × 2304 KB = 1892 MB
  Batch 21 [17661,18502) done in 659 ms  h_edges=5371222
  NeighborhoodSlab: 841 threads × 2304 KB = 1892 MB
  Batch 22 [18502,19343) done in 794 ms  h_edges=5387842
  NeighborhoodSlab: 841 threads × 2304 KB = 1892 MB
  Batch 23 [19343,20184) done in 663 ms  h_edges=5403604
  NeighborhoodSlab: 841 threads × 2304 KB = 1892 MB
  Batch 24 [20184,21025) done in 667 ms  h_edges=5420800
  DeviceGraph: fwd=5420800 bwd=5420800 edges
  Year 1995 total: 26038 ms  (pop: 721839)

--- Year 1996 (pop: 721839) ---
  Adding 21656 new papers
  DeviceGraph: fwd=5420800 bwd=5420800 edges
  Processing 21656 papers in 25 batches of ~867
  NeighborhoodSlab: 867 threads × 2304 KB = 1950 MB
  Batch 0 [0,867) done in 699 ms  h_edges=5437505
  NeighborhoodSlab: 867 threads × 2304 KB = 1950 MB
  Batch 1 [867,1734) done in 686 ms  h_edges=5454380
  NeighborhoodSlab: 867 threads × 2304 KB = 1950 MB
  Batch 2 [1734,2601) done in 763 ms  h_edges=5472248
  NeighborhoodSlab: 867 threads × 2304 KB = 1950 MB
  Batch 3 [2601,3468) done in 782 ms  h_edges=5489904
  NeighborhoodSlab: 867 threads × 2304 KB = 1950 MB
  Batch 4 [3468,4335) done in 791 ms  h_edges=5505860
  NeighborhoodSlab: 867 threads × 2304 KB = 1950 MB
  Batch 5 [4335,5202) done in 780 ms  h_edges=5523787
  NeighborhoodSlab: 867 threads × 2304 KB = 1950 MB
  Batch 6 [5202,6069) done in 726 ms  h_edges=5539639
  NeighborhoodSlab: 867 threads × 2304 KB = 1950 MB
  Batch 7 [6069,6936) done in 684 ms  h_edges=5555983
  NeighborhoodSlab: 867 threads × 2304 KB = 1950 MB
  Batch 8 [6936,7803) done in 722 ms  h_edges=5574098
  NeighborhoodSlab: 867 threads × 2304 KB = 1950 MB
  Batch 9 [7803,8670) done in 736 ms  h_edges=5591289
  NeighborhoodSlab: 867 threads × 2304 KB = 1950 MB
  Batch 10 [8670,9537) done in 848 ms  h_edges=5608396
  NeighborhoodSlab: 867 threads × 2304 KB = 1950 MB
  Batch 11 [9537,10404) done in 713 ms  h_edges=5625983
  NeighborhoodSlab: 867 threads × 2304 KB = 1950 MB
  Batch 12 [10404,11271) done in 841 ms  h_edges=5642440
  NeighborhoodSlab: 867 threads × 2304 KB = 1950 MB
  Batch 13 [11271,12138) done in 612 ms  h_edges=5660242
  NeighborhoodSlab: 867 threads × 2304 KB = 1950 MB
  Batch 14 [12138,13005) done in 751 ms  h_edges=5677108
  NeighborhoodSlab: 867 threads × 2304 KB = 1950 MB
  Batch 15 [13005,13872) done in 741 ms  h_edges=5694393
  NeighborhoodSlab: 867 threads × 2304 KB = 1950 MB
  Batch 16 [13872,14739) done in 754 ms  h_edges=5711792
  NeighborhoodSlab: 867 threads × 2304 KB = 1950 MB
  Batch 17 [14739,15606) done in 686 ms  h_edges=5729946
  NeighborhoodSlab: 867 threads × 2304 KB = 1950 MB
  Batch 18 [15606,16473) done in 781 ms  h_edges=5745777
  NeighborhoodSlab: 867 threads × 2304 KB = 1950 MB
  Batch 19 [16473,17340) done in 684 ms  h_edges=5762337
  NeighborhoodSlab: 867 threads × 2304 KB = 1950 MB
  Batch 20 [17340,18207) done in 756 ms  h_edges=5779258
  NeighborhoodSlab: 867 threads × 2304 KB = 1950 MB
  Batch 21 [18207,19074) done in 748 ms  h_edges=5796389
  NeighborhoodSlab: 867 threads × 2304 KB = 1950 MB
  Batch 22 [19074,19941) done in 734 ms  h_edges=5812442
  NeighborhoodSlab: 867 threads × 2304 KB = 1950 MB
  Batch 23 [19941,20808) done in 711 ms  h_edges=5830077
  NeighborhoodSlab: 848 threads × 2304 KB = 1908 MB
  Batch 24 [20808,21656) done in 724 ms  h_edges=5846915
  DeviceGraph: fwd=5846915 bwd=5846915 edges
  Year 1996 total: 27566 ms  (pop: 743495)

--- Year 1997 (pop: 743495) ---
  Adding 22305 new papers
  DeviceGraph: fwd=5846915 bwd=5846915 edges
  Processing 22305 papers in 25 batches of ~893
  NeighborhoodSlab: 893 threads × 2304 KB = 2009 MB
  Batch 0 [0,893) done in 877 ms  h_edges=5865161
  NeighborhoodSlab: 893 threads × 2304 KB = 2009 MB
  Batch 1 [893,1786) done in 744 ms  h_edges=5881984
  NeighborhoodSlab: 893 threads × 2304 KB = 2009 MB
  Batch 2 [1786,2679) done in 750 ms  h_edges=5899411
  NeighborhoodSlab: 893 threads × 2304 KB = 2009 MB
  Batch 3 [2679,3572) done in 811 ms  h_edges=5918404
  NeighborhoodSlab: 893 threads × 2304 KB = 2009 MB
  Batch 4 [3572,4465) done in 725 ms  h_edges=5936850
  NeighborhoodSlab: 893 threads × 2304 KB = 2009 MB
  Batch 5 [4465,5358) done in 745 ms  h_edges=5954228
  NeighborhoodSlab: 893 threads × 2304 KB = 2009 MB
  Batch 6 [5358,6251) done in 664 ms  h_edges=5972405
  NeighborhoodSlab: 893 threads × 2304 KB = 2009 MB
  Batch 7 [6251,7144) done in 693 ms  h_edges=5989496
  NeighborhoodSlab: 893 threads × 2304 KB = 2009 MB
  Batch 8 [7144,8037) done in 822 ms  h_edges=6006873
  NeighborhoodSlab: 893 threads × 2304 KB = 2009 MB
  Batch 9 [8037,8930) done in 838 ms  h_edges=6024941
  NeighborhoodSlab: 893 threads × 2304 KB = 2009 MB
  Batch 10 [8930,9823) done in 842 ms  h_edges=6041252
  NeighborhoodSlab: 893 threads × 2304 KB = 2009 MB
  Batch 11 [9823,10716) done in 806 ms  h_edges=6058427
  NeighborhoodSlab: 893 threads × 2304 KB = 2009 MB
  Batch 12 [10716,11609) done in 672 ms  h_edges=6075750
  NeighborhoodSlab: 893 threads × 2304 KB = 2009 MB
  Batch 13 [11609,12502) done in 767 ms  h_edges=6090861
  NeighborhoodSlab: 893 threads × 2304 KB = 2009 MB
  Batch 14 [12502,13395) done in 834 ms  h_edges=6109234
  NeighborhoodSlab: 893 threads × 2304 KB = 2009 MB
  Batch 15 [13395,14288) done in 845 ms  h_edges=6126225
  NeighborhoodSlab: 893 threads × 2304 KB = 2009 MB
  Batch 16 [14288,15181) done in 820 ms  h_edges=6143739
  NeighborhoodSlab: 893 threads × 2304 KB = 2009 MB
  Batch 17 [15181,16074) done in 811 ms  h_edges=6162276
  NeighborhoodSlab: 893 threads × 2304 KB = 2009 MB
  Batch 18 [16074,16967) done in 762 ms  h_edges=6179185
  NeighborhoodSlab: 893 threads × 2304 KB = 2009 MB
  Batch 19 [16967,17860) done in 766 ms  h_edges=6198414
  NeighborhoodSlab: 893 threads × 2304 KB = 2009 MB
  Batch 20 [17860,18753) done in 740 ms  h_edges=6215309
  NeighborhoodSlab: 893 threads × 2304 KB = 2009 MB
  Batch 21 [18753,19646) done in 840 ms  h_edges=6232322
  NeighborhoodSlab: 893 threads × 2304 KB = 2009 MB
  Batch 22 [19646,20539) done in 829 ms  h_edges=6248637
  NeighborhoodSlab: 893 threads × 2304 KB = 2009 MB
  Batch 23 [20539,21432) done in 971 ms  h_edges=6265592
  NeighborhoodSlab: 873 threads × 2304 KB = 1964 MB
  Batch 24 [21432,22305) done in 787 ms  h_edges=6283629
  DeviceGraph: fwd=6283629 bwd=6283629 edges
  Year 1997 total: 29645 ms  (pop: 765800)

--- Year 1998 (pop: 765800) ---
  Adding 22974 new papers
  DeviceGraph: fwd=6283629 bwd=6283629 edges
  Processing 22974 papers in 25 batches of ~919
  NeighborhoodSlab: 919 threads × 2304 KB = 2067 MB
  Batch 0 [0,919) done in 799 ms  h_edges=6301773
  NeighborhoodSlab: 919 threads × 2304 KB = 2067 MB
  Batch 1 [919,1838) done in 781 ms  h_edges=6319835
  NeighborhoodSlab: 919 threads × 2304 KB = 2067 MB
  Batch 2 [1838,2757) done in 1076 ms  h_edges=6337880
  NeighborhoodSlab: 919 threads × 2304 KB = 2067 MB
  Batch 3 [2757,3676) done in 787 ms  h_edges=6355954
  NeighborhoodSlab: 919 threads × 2304 KB = 2067 MB
  Batch 4 [3676,4595) done in 723 ms  h_edges=6375132
  NeighborhoodSlab: 919 threads × 2304 KB = 2067 MB
  Batch 5 [4595,5514) done in 850 ms  h_edges=6393833
  NeighborhoodSlab: 919 threads × 2304 KB = 2067 MB
  Batch 6 [5514,6433) done in 837 ms  h_edges=6411935
  NeighborhoodSlab: 919 threads × 2304 KB = 2067 MB
  Batch 7 [6433,7352) done in 729 ms  h_edges=6430097
  NeighborhoodSlab: 919 threads × 2304 KB = 2067 MB
  Batch 8 [7352,8271) done in 798 ms  h_edges=6448785
  NeighborhoodSlab: 919 threads × 2304 KB = 2067 MB
  Batch 9 [8271,9190) done in 891 ms  h_edges=6466416
  NeighborhoodSlab: 919 threads × 2304 KB = 2067 MB
  Batch 10 [9190,10109) done in 810 ms  h_edges=6484321
  NeighborhoodSlab: 919 threads × 2304 KB = 2067 MB
  Batch 11 [10109,11028) done in 792 ms  h_edges=6500965
  NeighborhoodSlab: 919 threads × 2304 KB = 2067 MB
  Batch 12 [11028,11947) done in 755 ms  h_edges=6520717
  NeighborhoodSlab: 919 threads × 2304 KB = 2067 MB
  Batch 13 [11947,12866) done in 851 ms  h_edges=6538359
  NeighborhoodSlab: 919 threads × 2304 KB = 2067 MB
  Batch 14 [12866,13785) done in 772 ms  h_edges=6555955
  NeighborhoodSlab: 919 threads × 2304 KB = 2067 MB
  Batch 15 [13785,14704) done in 773 ms  h_edges=6574757
  NeighborhoodSlab: 919 threads × 2304 KB = 2067 MB
  Batch 16 [14704,15623) done in 807 ms  h_edges=6592154
  NeighborhoodSlab: 919 threads × 2304 KB = 2067 MB
  Batch 17 [15623,16542) done in 744 ms  h_edges=6610045
  NeighborhoodSlab: 919 threads × 2304 KB = 2067 MB
  Batch 18 [16542,17461) done in 861 ms  h_edges=6628068
  NeighborhoodSlab: 919 threads × 2304 KB = 2067 MB
  Batch 19 [17461,18380) done in 787 ms  h_edges=6646143
  NeighborhoodSlab: 919 threads × 2304 KB = 2067 MB
  Batch 20 [18380,19299) done in 820 ms  h_edges=6664963
  NeighborhoodSlab: 919 threads × 2304 KB = 2067 MB
  Batch 21 [19299,20218) done in 940 ms  h_edges=6682385
  NeighborhoodSlab: 919 threads × 2304 KB = 2067 MB
  Batch 22 [20218,21137) done in 904 ms  h_edges=6699686
  NeighborhoodSlab: 919 threads × 2304 KB = 2067 MB
  Batch 23 [21137,22056) done in 801 ms  h_edges=6716848
  NeighborhoodSlab: 918 threads × 2304 KB = 2065 MB
  Batch 24 [22056,22974) done in 937 ms  h_edges=6735503
  DeviceGraph: fwd=6735503 bwd=6735503 edges
  Year 1998 total: 31290 ms  (pop: 788774)

--- Year 1999 (pop: 788774) ---
  Adding 23664 new papers
  DeviceGraph: fwd=6735503 bwd=6735503 edges
  Processing 23664 papers in 25 batches of ~947
  NeighborhoodSlab: 947 threads × 2304 KB = 2130 MB
  Batch 0 [0,947) done in 765 ms  h_edges=6753296
  NeighborhoodSlab: 947 threads × 2304 KB = 2130 MB
  Batch 1 [947,1894) done in 831 ms  h_edges=6773146
  NeighborhoodSlab: 947 threads × 2304 KB = 2130 MB
  Batch 2 [1894,2841) done in 738 ms  h_edges=6792018
  NeighborhoodSlab: 947 threads × 2304 KB = 2130 MB
  Batch 3 [2841,3788) done in 896 ms  h_edges=6810162
  NeighborhoodSlab: 947 threads × 2304 KB = 2130 MB
  Batch 4 [3788,4735) done in 819 ms  h_edges=6828212
  NeighborhoodSlab: 947 threads × 2304 KB = 2130 MB
  Batch 5 [4735,5682) done in 831 ms  h_edges=6845808
  NeighborhoodSlab: 947 threads × 2304 KB = 2130 MB
  Batch 6 [5682,6629) done in 889 ms  h_edges=6864091
  NeighborhoodSlab: 947 threads × 2304 KB = 2130 MB
  Batch 7 [6629,7576) done in 967 ms  h_edges=6882278
  NeighborhoodSlab: 947 threads × 2304 KB = 2130 MB
  Batch 8 [7576,8523) done in 900 ms  h_edges=6900888
  NeighborhoodSlab: 947 threads × 2304 KB = 2130 MB
  Batch 9 [8523,9470) done in 850 ms  h_edges=6918918
  NeighborhoodSlab: 947 threads × 2304 KB = 2130 MB
  Batch 10 [9470,10417) done in 856 ms  h_edges=6936989
  NeighborhoodSlab: 947 threads × 2304 KB = 2130 MB
  Batch 11 [10417,11364) done in 1018 ms  h_edges=6956264
  NeighborhoodSlab: 947 threads × 2304 KB = 2130 MB
  Batch 12 [11364,12311) done in 918 ms  h_edges=6975074
  NeighborhoodSlab: 947 threads × 2304 KB = 2130 MB
  Batch 13 [12311,13258) done in 783 ms  h_edges=6993560
  NeighborhoodSlab: 947 threads × 2304 KB = 2130 MB
  Batch 14 [13258,14205) done in 852 ms  h_edges=7013431
  NeighborhoodSlab: 947 threads × 2304 KB = 2130 MB
  Batch 15 [14205,15152) done in 925 ms  h_edges=7031304
  NeighborhoodSlab: 947 threads × 2304 KB = 2130 MB
  Batch 16 [15152,16099) done in 997 ms  h_edges=7050183
  NeighborhoodSlab: 947 threads × 2304 KB = 2130 MB
  Batch 17 [16099,17046) done in 921 ms  h_edges=7068381
  NeighborhoodSlab: 947 threads × 2304 KB = 2130 MB
  Batch 18 [17046,17993) done in 843 ms  h_edges=7087178
  NeighborhoodSlab: 947 threads × 2304 KB = 2130 MB
  Batch 19 [17993,18940) done in 819 ms  h_edges=7106782
  NeighborhoodSlab: 947 threads × 2304 KB = 2130 MB
  Batch 20 [18940,19887) done in 906 ms  h_edges=7125831
  NeighborhoodSlab: 947 threads × 2304 KB = 2130 MB
  Batch 21 [19887,20834) done in 907 ms  h_edges=7146007
  NeighborhoodSlab: 947 threads × 2304 KB = 2130 MB
  Batch 22 [20834,21781) done in 923 ms  h_edges=7163216
  NeighborhoodSlab: 947 threads × 2304 KB = 2130 MB
  Batch 23 [21781,22728) done in 905 ms  h_edges=7180661
  NeighborhoodSlab: 936 threads × 2304 KB = 2106 MB
  Batch 24 [22728,23664) done in 919 ms  h_edges=7198213
  DeviceGraph: fwd=7198213 bwd=7198213 edges
  Year 1999 total: 33287 ms  (pop: 812438)

--- Year 2000 (pop: 812438) ---
  Adding 24374 new papers
  DeviceGraph: fwd=7198213 bwd=7198213 edges
  Processing 24374 papers in 25 batches of ~975
  NeighborhoodSlab: 975 threads × 2304 KB = 2193 MB
  Batch 0 [0,975) done in 994 ms  h_edges=7217537
  NeighborhoodSlab: 975 threads × 2304 KB = 2193 MB
  Batch 1 [975,1950) done in 925 ms  h_edges=7237090
  NeighborhoodSlab: 975 threads × 2304 KB = 2193 MB
  Batch 2 [1950,2925) done in 976 ms  h_edges=7257092
  NeighborhoodSlab: 975 threads × 2304 KB = 2193 MB
  Batch 3 [2925,3900) done in 819 ms  h_edges=7276268
  NeighborhoodSlab: 975 threads × 2304 KB = 2193 MB
  Batch 4 [3900,4875) done in 929 ms  h_edges=7296104
  NeighborhoodSlab: 975 threads × 2304 KB = 2193 MB
  Batch 5 [4875,5850) done in 870 ms  h_edges=7315864
  NeighborhoodSlab: 975 threads × 2304 KB = 2193 MB
  Batch 6 [5850,6825) done in 891 ms  h_edges=7333260
  NeighborhoodSlab: 975 threads × 2304 KB = 2193 MB
  Batch 7 [6825,7800) done in 969 ms  h_edges=7352268
  NeighborhoodSlab: 975 threads × 2304 KB = 2193 MB
  Batch 8 [7800,8775) done in 1049 ms  h_edges=7371787
  NeighborhoodSlab: 975 threads × 2304 KB = 2193 MB
  Batch 9 [8775,9750) done in 1084 ms  h_edges=7391447
  NeighborhoodSlab: 975 threads × 2304 KB = 2193 MB
  Batch 10 [9750,10725) done in 963 ms  h_edges=7411268
  NeighborhoodSlab: 975 threads × 2304 KB = 2193 MB
  Batch 11 [10725,11700) done in 931 ms  h_edges=7430709
  NeighborhoodSlab: 975 threads × 2304 KB = 2193 MB
  Batch 12 [11700,12675) done in 894 ms  h_edges=7448760
  NeighborhoodSlab: 975 threads × 2304 KB = 2193 MB
  Batch 13 [12675,13650) done in 882 ms  h_edges=7467203
  NeighborhoodSlab: 975 threads × 2304 KB = 2193 MB
  Batch 14 [13650,14625) done in 868 ms  h_edges=7485566
  NeighborhoodSlab: 975 threads × 2304 KB = 2193 MB
  Batch 15 [14625,15600) done in 898 ms  h_edges=7504179
  NeighborhoodSlab: 975 threads × 2304 KB = 2193 MB
  Batch 16 [15600,16575) done in 935 ms  h_edges=7522391
  NeighborhoodSlab: 975 threads × 2304 KB = 2193 MB
  Batch 17 [16575,17550) done in 917 ms  h_edges=7542159
  NeighborhoodSlab: 975 threads × 2304 KB = 2193 MB
  Batch 18 [17550,18525) done in 934 ms  h_edges=7561550
  NeighborhoodSlab: 975 threads × 2304 KB = 2193 MB
  Batch 19 [18525,19500) done in 820 ms  h_edges=7581306
  NeighborhoodSlab: 975 threads × 2304 KB = 2193 MB
  Batch 20 [19500,20475) done in 991 ms  h_edges=7599713
  NeighborhoodSlab: 975 threads × 2304 KB = 2193 MB
  Batch 21 [20475,21450) done in 866 ms  h_edges=7618677
  NeighborhoodSlab: 975 threads × 2304 KB = 2193 MB
  Batch 22 [21450,22425) done in 959 ms  h_edges=7637427
  NeighborhoodSlab: 975 threads × 2304 KB = 2193 MB
  Batch 23 [22425,23400) done in 958 ms  h_edges=7657268
  NeighborhoodSlab: 974 threads × 2304 KB = 2191 MB
  Batch 24 [23400,24374) done in 953 ms  h_edges=7676825
  DeviceGraph: fwd=7676825 bwd=7676825 edges
  Year 2000 total: 35439 ms  (pop: 836812)

--- Year 2001 (pop: 836812) ---
  Adding 25105 new papers
  DeviceGraph: fwd=7676825 bwd=7676825 edges
  Processing 25105 papers in 25 batches of ~1005
  NeighborhoodSlab: 1005 threads × 2304 KB = 2261 MB
  Batch 0 [0,1005) done in 786 ms  h_edges=7695693
  NeighborhoodSlab: 1005 threads × 2304 KB = 2261 MB
  Batch 1 [1005,2010) done in 888 ms  h_edges=7715784
  NeighborhoodSlab: 1005 threads × 2304 KB = 2261 MB
  Batch 2 [2010,3015) done in 852 ms  h_edges=7735000
  NeighborhoodSlab: 1005 threads × 2304 KB = 2261 MB
  Batch 3 [3015,4020) done in 883 ms  h_edges=7755687
  NeighborhoodSlab: 1005 threads × 2304 KB = 2261 MB
  Batch 4 [4020,5025) done in 869 ms  h_edges=7774860
  NeighborhoodSlab: 1005 threads × 2304 KB = 2261 MB
  Batch 5 [5025,6030) done in 789 ms  h_edges=7794714
  NeighborhoodSlab: 1005 threads × 2304 KB = 2261 MB
  Batch 6 [6030,7035) done in 830 ms  h_edges=7815015
  NeighborhoodSlab: 1005 threads × 2304 KB = 2261 MB
  Batch 7 [7035,8040) done in 834 ms  h_edges=7835642
  NeighborhoodSlab: 1005 threads × 2304 KB = 2261 MB
  Batch 8 [8040,9045) done in 766 ms  h_edges=7853863
  NeighborhoodSlab: 1005 threads × 2304 KB = 2261 MB
  Batch 9 [9045,10050) done in 895 ms  h_edges=7873532
  NeighborhoodSlab: 1005 threads × 2304 KB = 2261 MB
  Batch 10 [10050,11055) done in 830 ms  h_edges=7892458
  NeighborhoodSlab: 1005 threads × 2304 KB = 2261 MB
  Batch 11 [11055,12060) done in 887 ms  h_edges=7911426
  NeighborhoodSlab: 1005 threads × 2304 KB = 2261 MB
  Batch 12 [12060,13065) done in 809 ms  h_edges=7931590
  NeighborhoodSlab: 1005 threads × 2304 KB = 2261 MB
  Batch 13 [13065,14070) done in 846 ms  h_edges=7951602
  NeighborhoodSlab: 1005 threads × 2304 KB = 2261 MB
  Batch 14 [14070,15075) done in 864 ms  h_edges=7970813
  NeighborhoodSlab: 1005 threads × 2304 KB = 2261 MB
  Batch 15 [15075,16080) done in 820 ms  h_edges=7990425
  NeighborhoodSlab: 1005 threads × 2304 KB = 2261 MB
  Batch 16 [16080,17085) done in 818 ms  h_edges=8009929
  NeighborhoodSlab: 1005 threads × 2304 KB = 2261 MB
  Batch 17 [17085,18090) done in 837 ms  h_edges=8030361
  NeighborhoodSlab: 1005 threads × 2304 KB = 2261 MB
  Batch 18 [18090,19095) done in 868 ms  h_edges=8049514
  NeighborhoodSlab: 1005 threads × 2304 KB = 2261 MB
  Batch 19 [19095,20100) done in 810 ms  h_edges=8068349
  NeighborhoodSlab: 1005 threads × 2304 KB = 2261 MB
  Batch 20 [20100,21105) done in 796 ms  h_edges=8088425
  NeighborhoodSlab: 1005 threads × 2304 KB = 2261 MB
  Batch 21 [21105,22110) done in 837 ms  h_edges=8107691
  NeighborhoodSlab: 1005 threads × 2304 KB = 2261 MB
  Batch 22 [22110,23115) done in 865 ms  h_edges=8127037
  NeighborhoodSlab: 1005 threads × 2304 KB = 2261 MB
  Batch 23 [23115,24120) done in 808 ms  h_edges=8146018
  NeighborhoodSlab: 985 threads × 2304 KB = 2216 MB
  Batch 24 [24120,25105) done in 804 ms  h_edges=8163819
  DeviceGraph: fwd=8163819 bwd=8163819 edges
  Year 2001 total: 33927 ms  (pop: 861917)

--- Year 2002 (pop: 861917) ---
  Adding 25858 new papers
  DeviceGraph: fwd=8163819 bwd=8163819 edges
  Processing 25858 papers in 25 batches of ~1035
  NeighborhoodSlab: 1035 threads × 2304 KB = 2328 MB
  Batch 0 [0,1035) done in 817 ms  h_edges=8182881
  NeighborhoodSlab: 1035 threads × 2304 KB = 2328 MB
  Batch 1 [1035,2070) done in 869 ms  h_edges=8203334
  NeighborhoodSlab: 1035 threads × 2304 KB = 2328 MB
  Batch 2 [2070,3105) done in 841 ms  h_edges=8223004
  NeighborhoodSlab: 1035 threads × 2304 KB = 2328 MB
  Batch 3 [3105,4140) done in 843 ms  h_edges=8243408
  NeighborhoodSlab: 1035 threads × 2304 KB = 2328 MB
  Batch 4 [4140,5175) done in 828 ms  h_edges=8263518
  NeighborhoodSlab: 1035 threads × 2304 KB = 2328 MB
  Batch 5 [5175,6210) done in 1011 ms  h_edges=8284296
  NeighborhoodSlab: 1035 threads × 2304 KB = 2328 MB
  Batch 6 [6210,7245) done in 882 ms  h_edges=8304665
  NeighborhoodSlab: 1035 threads × 2304 KB = 2328 MB
  Batch 7 [7245,8280) done in 913 ms  h_edges=8323954
  NeighborhoodSlab: 1035 threads × 2304 KB = 2328 MB
  Batch 8 [8280,9315) done in 949 ms  h_edges=8345092
  NeighborhoodSlab: 1035 threads × 2304 KB = 2328 MB
  Batch 9 [9315,10350) done in 868 ms  h_edges=8365461
  NeighborhoodSlab: 1035 threads × 2304 KB = 2328 MB
  Batch 10 [10350,11385) done in 973 ms  h_edges=8384751
  NeighborhoodSlab: 1035 threads × 2304 KB = 2328 MB
  Batch 11 [11385,12420) done in 975 ms  h_edges=8405078
  NeighborhoodSlab: 1035 threads × 2304 KB = 2328 MB
  Batch 12 [12420,13455) done in 954 ms  h_edges=8426017
  NeighborhoodSlab: 1035 threads × 2304 KB = 2328 MB
  Batch 13 [13455,14490) done in 983 ms  h_edges=8444625
  NeighborhoodSlab: 1035 threads × 2304 KB = 2328 MB
  Batch 14 [14490,15525) done in 954 ms  h_edges=8465054
  NeighborhoodSlab: 1035 threads × 2304 KB = 2328 MB
  Batch 15 [15525,16560) done in 830 ms  h_edges=8484805
  NeighborhoodSlab: 1035 threads × 2304 KB = 2328 MB
  Batch 16 [16560,17595) done in 889 ms  h_edges=8503488
  NeighborhoodSlab: 1035 threads × 2304 KB = 2328 MB
  Batch 17 [17595,18630) done in 935 ms  h_edges=8523009
  NeighborhoodSlab: 1035 threads × 2304 KB = 2328 MB
  Batch 18 [18630,19665) done in 892 ms  h_edges=8542080
  NeighborhoodSlab: 1035 threads × 2304 KB = 2328 MB
  Batch 19 [19665,20700) done in 930 ms  h_edges=8561290
  NeighborhoodSlab: 1035 threads × 2304 KB = 2328 MB
  Batch 20 [20700,21735) done in 902 ms  h_edges=8581798
  NeighborhoodSlab: 1035 threads × 2304 KB = 2328 MB
  Batch 21 [21735,22770) done in 947 ms  h_edges=8602162
  NeighborhoodSlab: 1035 threads × 2304 KB = 2328 MB
  Batch 22 [22770,23805) done in 874 ms  h_edges=8622817
  NeighborhoodSlab: 1035 threads × 2304 KB = 2328 MB
  Batch 23 [23805,24840) done in 924 ms  h_edges=8642737
  NeighborhoodSlab: 1018 threads × 2304 KB = 2290 MB
  Batch 24 [24840,25858) done in 1002 ms  h_edges=8661801
  DeviceGraph: fwd=8661801 bwd=8661801 edges
  Year 2002 total: 36625 ms  (pop: 887775)

--- Year 2003 (pop: 887775) ---
  Adding 26634 new papers
  DeviceGraph: fwd=8661801 bwd=8661801 edges
  Processing 26634 papers in 25 batches of ~1066
  NeighborhoodSlab: 1066 threads × 2304 KB = 2398 MB
  Batch 0 [0,1066) done in 1018 ms  h_edges=8682886
  NeighborhoodSlab: 1066 threads × 2304 KB = 2398 MB
  Batch 1 [1066,2132) done in 908 ms  h_edges=8703274
  NeighborhoodSlab: 1066 threads × 2304 KB = 2398 MB
  Batch 2 [2132,3198) done in 924 ms  h_edges=8723321
  NeighborhoodSlab: 1066 threads × 2304 KB = 2398 MB
  Batch 3 [3198,4264) done in 923 ms  h_edges=8743601
  NeighborhoodSlab: 1066 threads × 2304 KB = 2398 MB
  Batch 4 [4264,5330) done in 956 ms  h_edges=8763686
  NeighborhoodSlab: 1066 threads × 2304 KB = 2398 MB
  Batch 5 [5330,6396) done in 900 ms  h_edges=8784477
  NeighborhoodSlab: 1066 threads × 2304 KB = 2398 MB
  Batch 6 [6396,7462) done in 911 ms  h_edges=8805660
  NeighborhoodSlab: 1066 threads × 2304 KB = 2398 MB
  Batch 7 [7462,8528) done in 973 ms  h_edges=8826636
  NeighborhoodSlab: 1066 threads × 2304 KB = 2398 MB
  Batch 8 [8528,9594) done in 1019 ms  h_edges=8848352
  NeighborhoodSlab: 1066 threads × 2304 KB = 2398 MB
  Batch 9 [9594,10660) done in 969 ms  h_edges=8868961
  NeighborhoodSlab: 1066 threads × 2304 KB = 2398 MB
  Batch 10 [10660,11726) done in 884 ms  h_edges=8889878
  NeighborhoodSlab: 1066 threads × 2304 KB = 2398 MB
  Batch 11 [11726,12792) done in 954 ms  h_edges=8910366
  NeighborhoodSlab: 1066 threads × 2304 KB = 2398 MB
  Batch 12 [12792,13858) done in 1008 ms  h_edges=8930642
  NeighborhoodSlab: 1066 threads × 2304 KB = 2398 MB
  Batch 13 [13858,14924) done in 998 ms  h_edges=8952034
  NeighborhoodSlab: 1066 threads × 2304 KB = 2398 MB
  Batch 14 [14924,15990) done in 871 ms  h_edges=8972990
  NeighborhoodSlab: 1066 threads × 2304 KB = 2398 MB
  Batch 15 [15990,17056) done in 871 ms  h_edges=8994203
  NeighborhoodSlab: 1066 threads × 2304 KB = 2398 MB
  Batch 16 [17056,18122) done in 932 ms  h_edges=9014442
  NeighborhoodSlab: 1066 threads × 2304 KB = 2398 MB
  Batch 17 [18122,19188) done in 920 ms  h_edges=9035983
  NeighborhoodSlab: 1066 threads × 2304 KB = 2398 MB
  Batch 18 [19188,20254) done in 1016 ms  h_edges=9057222
  NeighborhoodSlab: 1066 threads × 2304 KB = 2398 MB
  Batch 19 [20254,21320) done in 936 ms  h_edges=9077637
  NeighborhoodSlab: 1066 threads × 2304 KB = 2398 MB
  Batch 20 [21320,22386) done in 992 ms  h_edges=9099440
  NeighborhoodSlab: 1066 threads × 2304 KB = 2398 MB
  Batch 21 [22386,23452) done in 948 ms  h_edges=9121706
  NeighborhoodSlab: 1066 threads × 2304 KB = 2398 MB
  Batch 22 [23452,24518) done in 1031 ms  h_edges=9141336
  NeighborhoodSlab: 1066 threads × 2304 KB = 2398 MB
  Batch 23 [24518,25584) done in 1013 ms  h_edges=9161185
  NeighborhoodSlab: 1050 threads × 2304 KB = 2362 MB
  Batch 24 [25584,26634) done in 887 ms  h_edges=9181361
  DeviceGraph: fwd=9181361 bwd=9181361 edges
  Year 2003 total: 38337 ms  (pop: 914409)

--- Year 2004 (pop: 914409) ---
  Adding 27433 new papers
  DeviceGraph: fwd=9181361 bwd=9181361 edges
  Processing 27433 papers in 25 batches of ~1098
  NeighborhoodSlab: 1098 threads × 2304 KB = 2470 MB
  Batch 0 [0,1098) done in 1037 ms  h_edges=9200969
  NeighborhoodSlab: 1098 threads × 2304 KB = 2470 MB
  Batch 1 [1098,2196) done in 1002 ms  h_edges=9222369
  NeighborhoodSlab: 1098 threads × 2304 KB = 2470 MB
  Batch 2 [2196,3294) done in 1011 ms  h_edges=9243919
  NeighborhoodSlab: 1098 threads × 2304 KB = 2470 MB
  Batch 3 [3294,4392) done in 956 ms  h_edges=9265314
  NeighborhoodSlab: 1098 threads × 2304 KB = 2470 MB
  Batch 4 [4392,5490) done in 882 ms  h_edges=9285994
  NeighborhoodSlab: 1098 threads × 2304 KB = 2470 MB
  Batch 5 [5490,6588) done in 1021 ms  h_edges=9307627
  NeighborhoodSlab: 1098 threads × 2304 KB = 2470 MB
  Batch 6 [6588,7686) done in 979 ms  h_edges=9328630
  NeighborhoodSlab: 1098 threads × 2304 KB = 2470 MB
  Batch 7 [7686,8784) done in 902 ms  h_edges=9351251
  NeighborhoodSlab: 1098 threads × 2304 KB = 2470 MB
  Batch 8 [8784,9882) done in 926 ms  h_edges=9371958
  NeighborhoodSlab: 1098 threads × 2304 KB = 2470 MB
  Batch 9 [9882,10980) done in 1206 ms  h_edges=9394040
  NeighborhoodSlab: 1098 threads × 2304 KB = 2470 MB
  Batch 10 [10980,12078) done in 922 ms  h_edges=9414025
  NeighborhoodSlab: 1098 threads × 2304 KB = 2470 MB
  Batch 11 [12078,13176) done in 1040 ms  h_edges=9436638
  NeighborhoodSlab: 1098 threads × 2304 KB = 2470 MB
  Batch 12 [13176,14274) done in 868 ms  h_edges=9458095
  NeighborhoodSlab: 1098 threads × 2304 KB = 2470 MB
  Batch 13 [14274,15372) done in 1052 ms  h_edges=9479889
  NeighborhoodSlab: 1098 threads × 2304 KB = 2470 MB
  Batch 14 [15372,16470) done in 1001 ms  h_edges=9499923
  NeighborhoodSlab: 1098 threads × 2304 KB = 2470 MB
  Batch 15 [16470,17568) done in 954 ms  h_edges=9521055
  NeighborhoodSlab: 1098 threads × 2304 KB = 2470 MB
  Batch 16 [17568,18666) done in 1055 ms  h_edges=9543300
  NeighborhoodSlab: 1098 threads × 2304 KB = 2470 MB
  Batch 17 [18666,19764) done in 969 ms  h_edges=9564516
  NeighborhoodSlab: 1098 threads × 2304 KB = 2470 MB
  Batch 18 [19764,20862) done in 912 ms  h_edges=9584730
  NeighborhoodSlab: 1098 threads × 2304 KB = 2470 MB
  Batch 19 [20862,21960) done in 1003 ms  h_edges=9607592
  NeighborhoodSlab: 1098 threads × 2304 KB = 2470 MB
  Batch 20 [21960,23058) done in 1057 ms  h_edges=9628714
  NeighborhoodSlab: 1098 threads × 2304 KB = 2470 MB
  Batch 21 [23058,24156) done in 884 ms  h_edges=9649152
  NeighborhoodSlab: 1098 threads × 2304 KB = 2470 MB
  Batch 22 [24156,25254) done in 906 ms  h_edges=9670560
  NeighborhoodSlab: 1098 threads × 2304 KB = 2470 MB
  Batch 23 [25254,26352) done in 952 ms  h_edges=9689661
  NeighborhoodSlab: 1081 threads × 2304 KB = 2432 MB
  Batch 24 [26352,27433) done in 927 ms  h_edges=9711417
  DeviceGraph: fwd=9711417 bwd=9711417 edges
  Year 2004 total: 40059 ms  (pop: 941842)

--- Year 2005 (pop: 941842) ---
  Adding 28256 new papers
  DeviceGraph: fwd=9711417 bwd=9711417 edges
  Processing 28256 papers in 25 batches of ~1131
  NeighborhoodSlab: 1131 threads × 2304 KB = 2544 MB
  Batch 0 [0,1131) done in 1038 ms  h_edges=9732489
  NeighborhoodSlab: 1131 threads × 2304 KB = 2544 MB
  Batch 1 [1131,2262) done in 1096 ms  h_edges=9754260
  NeighborhoodSlab: 1131 threads × 2304 KB = 2544 MB
  Batch 2 [2262,3393) done in 1038 ms  h_edges=9777761
  NeighborhoodSlab: 1131 threads × 2304 KB = 2544 MB
  Batch 3 [3393,4524) done in 1129 ms  h_edges=9800649
  NeighborhoodSlab: 1131 threads × 2304 KB = 2544 MB
  Batch 4 [4524,5655) done in 1011 ms  h_edges=9824374
  NeighborhoodSlab: 1131 threads × 2304 KB = 2544 MB
  Batch 5 [5655,6786) done in 1058 ms  h_edges=9847142
  NeighborhoodSlab: 1131 threads × 2304 KB = 2544 MB
  Batch 6 [6786,7917) done in 997 ms  h_edges=9869425
  NeighborhoodSlab: 1131 threads × 2304 KB = 2544 MB
  Batch 7 [7917,9048) done in 996 ms  h_edges=9891810
  NeighborhoodSlab: 1131 threads × 2304 KB = 2544 MB
  Batch 8 [9048,10179) done in 1016 ms  h_edges=9914011
  NeighborhoodSlab: 1131 threads × 2304 KB = 2544 MB
  Batch 9 [10179,11310) done in 1058 ms  h_edges=9935802
  NeighborhoodSlab: 1131 threads × 2304 KB = 2544 MB
  Batch 10 [11310,12441) done in 1025 ms  h_edges=9956644
  NeighborhoodSlab: 1131 threads × 2304 KB = 2544 MB
  Batch 11 [12441,13572) done in 1212 ms  h_edges=9978701
  NeighborhoodSlab: 1131 threads × 2304 KB = 2544 MB
  Batch 12 [13572,14703) done in 1032 ms  h_edges=10001732
  NeighborhoodSlab: 1131 threads × 2304 KB = 2544 MB
  Batch 13 [14703,15834) done in 978 ms  h_edges=10025470
  NeighborhoodSlab: 1131 threads × 2304 KB = 2544 MB
  Batch 14 [15834,16965) done in 1048 ms  h_edges=10048785
  NeighborhoodSlab: 1131 threads × 2304 KB = 2544 MB
  Batch 15 [16965,18096) done in 1117 ms  h_edges=10071474
  NeighborhoodSlab: 1131 threads × 2304 KB = 2544 MB
  Batch 16 [18096,19227) done in 938 ms  h_edges=10093187
  NeighborhoodSlab: 1131 threads × 2304 KB = 2544 MB
  Batch 17 [19227,20358) done in 957 ms  h_edges=10115665
  NeighborhoodSlab: 1131 threads × 2304 KB = 2544 MB
  Batch 18 [20358,21489) done in 1203 ms  h_edges=10137728
  NeighborhoodSlab: 1131 threads × 2304 KB = 2544 MB
  Batch 19 [21489,22620) done in 1075 ms  h_edges=10160554
  NeighborhoodSlab: 1131 threads × 2304 KB = 2544 MB
  Batch 20 [22620,23751) done in 1022 ms  h_edges=10183186
  NeighborhoodSlab: 1131 threads × 2304 KB = 2544 MB
  Batch 21 [23751,24882) done in 1020 ms  h_edges=10205817
  NeighborhoodSlab: 1131 threads × 2304 KB = 2544 MB
  Batch 22 [24882,26013) done in 1063 ms  h_edges=10228883
  NeighborhoodSlab: 1131 threads × 2304 KB = 2544 MB
  Batch 23 [26013,27144) done in 962 ms  h_edges=10251568
  NeighborhoodSlab: 1112 threads × 2304 KB = 2502 MB
  Batch 24 [27144,28256) done in 1009 ms  h_edges=10274803
  DeviceGraph: fwd=10274803 bwd=10274803 edges
  Year 2005 total: 42737 ms  (pop: 970098)

--- Year 2006 (pop: 970098) ---
  Adding 29103 new papers
  DeviceGraph: fwd=10274803 bwd=10274803 edges
  Processing 29103 papers in 25 batches of ~1165
  NeighborhoodSlab: 1165 threads × 2304 KB = 2621 MB
  Batch 0 [0,1165) done in 1117 ms  h_edges=10296489
  NeighborhoodSlab: 1165 threads × 2304 KB = 2621 MB
  Batch 1 [1165,2330) done in 1260 ms  h_edges=10319566
  NeighborhoodSlab: 1165 threads × 2304 KB = 2621 MB
  Batch 2 [2330,3495) done in 1062 ms  h_edges=10341667
  NeighborhoodSlab: 1165 threads × 2304 KB = 2621 MB
  Batch 3 [3495,4660) done in 1094 ms  h_edges=10364226
  NeighborhoodSlab: 1165 threads × 2304 KB = 2621 MB
  Batch 4 [4660,5825) done in 1038 ms  h_edges=10387662
  NeighborhoodSlab: 1165 threads × 2304 KB = 2621 MB
  Batch 5 [5825,6990) done in 1018 ms  h_edges=10410959
  NeighborhoodSlab: 1165 threads × 2304 KB = 2621 MB
  Batch 6 [6990,8155) done in 1058 ms  h_edges=10431999
  NeighborhoodSlab: 1165 threads × 2304 KB = 2621 MB
  Batch 7 [8155,9320) done in 1045 ms  h_edges=10453476
  NeighborhoodSlab: 1165 threads × 2304 KB = 2621 MB
  Batch 8 [9320,10485) done in 1047 ms  h_edges=10476092
  NeighborhoodSlab: 1165 threads × 2304 KB = 2621 MB
  Batch 9 [10485,11650) done in 1121 ms  h_edges=10500555
  NeighborhoodSlab: 1165 threads × 2304 KB = 2621 MB
  Batch 10 [11650,12815) done in 1033 ms  h_edges=10522875
  NeighborhoodSlab: 1165 threads × 2304 KB = 2621 MB
  Batch 11 [12815,13980) done in 1101 ms  h_edges=10545809
  NeighborhoodSlab: 1165 threads × 2304 KB = 2621 MB
  Batch 12 [13980,15145) done in 1117 ms  h_edges=10568121
  NeighborhoodSlab: 1165 threads × 2304 KB = 2621 MB
  Batch 13 [15145,16310) done in 1185 ms  h_edges=10592055
  NeighborhoodSlab: 1165 threads × 2304 KB = 2621 MB
  Batch 14 [16310,17475) done in 1195 ms  h_edges=10615201
  NeighborhoodSlab: 1165 threads × 2304 KB = 2621 MB
  Batch 15 [17475,18640) done in 1152 ms  h_edges=10638840
  NeighborhoodSlab: 1165 threads × 2304 KB = 2621 MB
  Batch 16 [18640,19805) done in 1127 ms  h_edges=10662847
  NeighborhoodSlab: 1165 threads × 2304 KB = 2621 MB
  Batch 17 [19805,20970) done in 1031 ms  h_edges=10688027
  NeighborhoodSlab: 1165 threads × 2304 KB = 2621 MB
  Batch 18 [20970,22135) done in 1094 ms  h_edges=10710750
  NeighborhoodSlab: 1165 threads × 2304 KB = 2621 MB
  Batch 19 [22135,23300) done in 1062 ms  h_edges=10734326
  NeighborhoodSlab: 1165 threads × 2304 KB = 2621 MB
  Batch 20 [23300,24465) done in 1150 ms  h_edges=10757306
  NeighborhoodSlab: 1165 threads × 2304 KB = 2621 MB
  Batch 21 [24465,25630) done in 1142 ms  h_edges=10778913
  NeighborhoodSlab: 1165 threads × 2304 KB = 2621 MB
  Batch 22 [25630,26795) done in 950 ms  h_edges=10803875
  NeighborhoodSlab: 1165 threads × 2304 KB = 2621 MB
  Batch 23 [26795,27960) done in 1024 ms  h_edges=10826397
  NeighborhoodSlab: 1143 threads × 2304 KB = 2571 MB
  Batch 24 [27960,29103) done in 1045 ms  h_edges=10848997
  DeviceGraph: fwd=10848997 bwd=10848997 edges
  Year 2006 total: 44996 ms  (pop: 999201)

--- Year 2007 (pop: 999201) ---
  Adding 29977 new papers
  DeviceGraph: fwd=10848997 bwd=10848997 edges
  Processing 29977 papers in 25 batches of ~1200
  NeighborhoodSlab: 1200 threads × 2304 KB = 2700 MB
  Batch 0 [0,1200) done in 1203 ms  h_edges=10873231
  NeighborhoodSlab: 1200 threads × 2304 KB = 2700 MB
  Batch 1 [1200,2400) done in 1071 ms  h_edges=10897844
  NeighborhoodSlab: 1200 threads × 2304 KB = 2700 MB
  Batch 2 [2400,3600) done in 1008 ms  h_edges=10923598
  NeighborhoodSlab: 1200 threads × 2304 KB = 2700 MB
  Batch 3 [3600,4800) done in 1057 ms  h_edges=10947299
  NeighborhoodSlab: 1200 threads × 2304 KB = 2700 MB
  Batch 4 [4800,6000) done in 1053 ms  h_edges=10970514
  NeighborhoodSlab: 1200 threads × 2304 KB = 2700 MB
  Batch 5 [6000,7200) done in 1045 ms  h_edges=10995072
  NeighborhoodSlab: 1200 threads × 2304 KB = 2700 MB
  Batch 6 [7200,8400) done in 1216 ms  h_edges=11019818
  NeighborhoodSlab: 1200 threads × 2304 KB = 2700 MB
  Batch 7 [8400,9600) done in 991 ms  h_edges=11042806
  NeighborhoodSlab: 1200 threads × 2304 KB = 2700 MB
  Batch 8 [9600,10800) done in 1019 ms  h_edges=11066964
  NeighborhoodSlab: 1200 threads × 2304 KB = 2700 MB
  Batch 9 [10800,12000) done in 1063 ms  h_edges=11087784
  NeighborhoodSlab: 1200 threads × 2304 KB = 2700 MB
  Batch 10 [12000,13200) done in 1037 ms  h_edges=11111538
  NeighborhoodSlab: 1200 threads × 2304 KB = 2700 MB
  Batch 11 [13200,14400) done in 1078 ms  h_edges=11135492
  NeighborhoodSlab: 1200 threads × 2304 KB = 2700 MB
  Batch 12 [14400,15600) done in 1033 ms  h_edges=11160601
  NeighborhoodSlab: 1200 threads × 2304 KB = 2700 MB
  Batch 13 [15600,16800) done in 1112 ms  h_edges=11183937
  NeighborhoodSlab: 1200 threads × 2304 KB = 2700 MB
  Batch 14 [16800,18000) done in 991 ms  h_edges=11208555
  NeighborhoodSlab: 1200 threads × 2304 KB = 2700 MB
  Batch 15 [18000,19200) done in 1052 ms  h_edges=11233196
  NeighborhoodSlab: 1200 threads × 2304 KB = 2700 MB
  Batch 16 [19200,20400) done in 1051 ms  h_edges=11255735
  NeighborhoodSlab: 1200 threads × 2304 KB = 2700 MB
  Batch 17 [20400,21600) done in 1002 ms  h_edges=11278337
  NeighborhoodSlab: 1200 threads × 2304 KB = 2700 MB
  Batch 18 [21600,22800) done in 1103 ms  h_edges=11301648
  NeighborhoodSlab: 1200 threads × 2304 KB = 2700 MB
  Batch 19 [22800,24000) done in 1183 ms  h_edges=11324617
  NeighborhoodSlab: 1200 threads × 2304 KB = 2700 MB
  Batch 20 [24000,25200) done in 1020 ms  h_edges=11349290
  NeighborhoodSlab: 1200 threads × 2304 KB = 2700 MB
  Batch 21 [25200,26400) done in 1092 ms  h_edges=11371538
  NeighborhoodSlab: 1200 threads × 2304 KB = 2700 MB
  Batch 22 [26400,27600) done in 1072 ms  h_edges=11394431
  NeighborhoodSlab: 1200 threads × 2304 KB = 2700 MB
  Batch 23 [27600,28800) done in 1034 ms  h_edges=11417959
  NeighborhoodSlab: 1177 threads × 2304 KB = 2648 MB
  Batch 24 [28800,29977) done in 1011 ms  h_edges=11440240
  DeviceGraph: fwd=11440240 bwd=11440240 edges
  Year 2007 total: 45480 ms  (pop: 1029178)

--- Year 2008 (pop: 1029178) ---
  Adding 30876 new papers
  DeviceGraph: fwd=11440240 bwd=11440240 edges
  Processing 30876 papers in 25 batches of ~1236
  NeighborhoodSlab: 1236 threads × 2304 KB = 2781 MB
  Batch 0 [0,1236) done in 1032 ms  h_edges=11464426
  NeighborhoodSlab: 1236 threads × 2304 KB = 2781 MB
  Batch 1 [1236,2472) done in 985 ms  h_edges=11488658
  NeighborhoodSlab: 1236 threads × 2304 KB = 2781 MB
  Batch 2 [2472,3708) done in 1054 ms  h_edges=11514717
  NeighborhoodSlab: 1236 threads × 2304 KB = 2781 MB
  Batch 3 [3708,4944) done in 1113 ms  h_edges=11539187
  NeighborhoodSlab: 1236 threads × 2304 KB = 2781 MB
  Batch 4 [4944,6180) done in 1158 ms  h_edges=11564378
  NeighborhoodSlab: 1236 threads × 2304 KB = 2781 MB
  Batch 5 [6180,7416) done in 1112 ms  h_edges=11590069
  NeighborhoodSlab: 1236 threads × 2304 KB = 2781 MB
  Batch 6 [7416,8652) done in 1102 ms  h_edges=11614870
  NeighborhoodSlab: 1236 threads × 2304 KB = 2781 MB
  Batch 7 [8652,9888) done in 1137 ms  h_edges=11638933
  NeighborhoodSlab: 1236 threads × 2304 KB = 2781 MB
  Batch 8 [9888,11124) done in 1108 ms  h_edges=11662387
  NeighborhoodSlab: 1236 threads × 2304 KB = 2781 MB
  Batch 9 [11124,12360) done in 1086 ms  h_edges=11686435
  NeighborhoodSlab: 1236 threads × 2304 KB = 2781 MB
  Batch 10 [12360,13596) done in 1115 ms  h_edges=11711096
  NeighborhoodSlab: 1236 threads × 2304 KB = 2781 MB
  Batch 11 [13596,14832) done in 1164 ms  h_edges=11736153
  NeighborhoodSlab: 1236 threads × 2304 KB = 2781 MB
  Batch 12 [14832,16068) done in 1023 ms  h_edges=11759861
  NeighborhoodSlab: 1236 threads × 2304 KB = 2781 MB
  Batch 13 [16068,17304) done in 1159 ms  h_edges=11784348
  NeighborhoodSlab: 1236 threads × 2304 KB = 2781 MB
  Batch 14 [17304,18540) done in 1045 ms  h_edges=11808870
  NeighborhoodSlab: 1236 threads × 2304 KB = 2781 MB
  Batch 15 [18540,19776) done in 1095 ms  h_edges=11833840
  NeighborhoodSlab: 1236 threads × 2304 KB = 2781 MB
  Batch 16 [19776,21012) done in 1179 ms  h_edges=11858994
  NeighborhoodSlab: 1236 threads × 2304 KB = 2781 MB
  Batch 17 [21012,22248) done in 1092 ms  h_edges=11883859
  NeighborhoodSlab: 1236 threads × 2304 KB = 2781 MB
  Batch 18 [22248,23484) done in 1242 ms  h_edges=11908795
  NeighborhoodSlab: 1236 threads × 2304 KB = 2781 MB
  Batch 19 [23484,24720) done in 1063 ms  h_edges=11933480
  NeighborhoodSlab: 1236 threads × 2304 KB = 2781 MB
  Batch 20 [24720,25956) done in 1144 ms  h_edges=11957762
  NeighborhoodSlab: 1236 threads × 2304 KB = 2781 MB
  Batch 21 [25956,27192) done in 1028 ms  h_edges=11983586
  NeighborhoodSlab: 1236 threads × 2304 KB = 2781 MB
  Batch 22 [27192,28428) done in 1108 ms  h_edges=12009249
  NeighborhoodSlab: 1236 threads × 2304 KB = 2781 MB
  Batch 23 [28428,29664) done in 1128 ms  h_edges=12032622
  NeighborhoodSlab: 1212 threads × 2304 KB = 2727 MB
  Batch 24 [29664,30876) done in 1138 ms  h_edges=12055053
  DeviceGraph: fwd=12055053 bwd=12055053 edges
  Year 2008 total: 47821 ms  (pop: 1060054)

--- Year 2009 (pop: 1060054) ---
  Adding 31802 new papers
  DeviceGraph: fwd=12055053 bwd=12055053 edges
  Processing 31802 papers in 25 batches of ~1273
  NeighborhoodSlab: 1273 threads × 2304 KB = 2864 MB
  Batch 0 [0,1273) done in 1092 ms  h_edges=12081152
  NeighborhoodSlab: 1273 threads × 2304 KB = 2864 MB
  Batch 1 [1273,2546) done in 1154 ms  h_edges=12105945
  NeighborhoodSlab: 1273 threads × 2304 KB = 2864 MB
  Batch 2 [2546,3819) done in 1218 ms  h_edges=12129712
  NeighborhoodSlab: 1273 threads × 2304 KB = 2864 MB
  Batch 3 [3819,5092) done in 1121 ms  h_edges=12153672
  NeighborhoodSlab: 1273 threads × 2304 KB = 2864 MB
  Batch 4 [5092,6365) done in 1157 ms  h_edges=12178571
  NeighborhoodSlab: 1273 threads × 2304 KB = 2864 MB
  Batch 5 [6365,7638) done in 1095 ms  h_edges=12202881
  NeighborhoodSlab: 1273 threads × 2304 KB = 2864 MB
  Batch 6 [7638,8911) done in 1152 ms  h_edges=12227610
  NeighborhoodSlab: 1273 threads × 2304 KB = 2864 MB
  Batch 7 [8911,10184) done in 1121 ms  h_edges=12253127
  NeighborhoodSlab: 1273 threads × 2304 KB = 2864 MB
  Batch 8 [10184,11457) done in 1296 ms  h_edges=12278025
  NeighborhoodSlab: 1273 threads × 2304 KB = 2864 MB
  Batch 9 [11457,12730) done in 1176 ms  h_edges=12302050
  NeighborhoodSlab: 1273 threads × 2304 KB = 2864 MB
  Batch 10 [12730,14003) done in 1237 ms  h_edges=12326432
  NeighborhoodSlab: 1273 threads × 2304 KB = 2864 MB
  Batch 11 [14003,15276) done in 1086 ms  h_edges=12351440
  NeighborhoodSlab: 1273 threads × 2304 KB = 2864 MB
  Batch 12 [15276,16549) done in 1146 ms  h_edges=12375699
  NeighborhoodSlab: 1273 threads × 2304 KB = 2864 MB
  Batch 13 [16549,17822) done in 1171 ms  h_edges=12399923
  NeighborhoodSlab: 1273 threads × 2304 KB = 2864 MB
  Batch 14 [17822,19095) done in 1084 ms  h_edges=12423965
  NeighborhoodSlab: 1273 threads × 2304 KB = 2864 MB
  Batch 15 [19095,20368) done in 1179 ms  h_edges=12447581
  NeighborhoodSlab: 1273 threads × 2304 KB = 2864 MB
  Batch 16 [20368,21641) done in 1152 ms  h_edges=12471373
  NeighborhoodSlab: 1273 threads × 2304 KB = 2864 MB
  Batch 17 [21641,22914) done in 1078 ms  h_edges=12495723
  NeighborhoodSlab: 1273 threads × 2304 KB = 2864 MB
  Batch 18 [22914,24187) done in 1199 ms  h_edges=12522783
  NeighborhoodSlab: 1273 threads × 2304 KB = 2864 MB
  Batch 19 [24187,25460) done in 1193 ms  h_edges=12547269
  NeighborhoodSlab: 1273 threads × 2304 KB = 2864 MB
  Batch 20 [25460,26733) done in 1213 ms  h_edges=12573454
  NeighborhoodSlab: 1273 threads × 2304 KB = 2864 MB
  Batch 21 [26733,28006) done in 1158 ms  h_edges=12596797
  NeighborhoodSlab: 1273 threads × 2304 KB = 2864 MB
  Batch 22 [28006,29279) done in 1090 ms  h_edges=12621394
  NeighborhoodSlab: 1273 threads × 2304 KB = 2864 MB
  Batch 23 [29279,30552) done in 1181 ms  h_edges=12645340
  NeighborhoodSlab: 1250 threads × 2304 KB = 2812 MB
  Batch 24 [30552,31802) done in 1187 ms  h_edges=12669829
  DeviceGraph: fwd=12669829 bwd=12669829 edges
  Year 2009 total: 50286 ms  (pop: 1091856)

--- Year 2010 (pop: 1091856) ---
  Adding 32756 new papers
  DeviceGraph: fwd=12669829 bwd=12669829 edges
  Processing 32756 papers in 25 batches of ~1311
  NeighborhoodSlab: 1311 threads × 2304 KB = 2949 MB
  Batch 0 [0,1311) done in 1262 ms  h_edges=12696665
  NeighborhoodSlab: 1311 threads × 2304 KB = 2949 MB
  Batch 1 [1311,2622) done in 1265 ms  h_edges=12722607
  NeighborhoodSlab: 1311 threads × 2304 KB = 2949 MB
  Batch 2 [2622,3933) done in 1251 ms  h_edges=12749532
  NeighborhoodSlab: 1311 threads × 2304 KB = 2949 MB
  Batch 3 [3933,5244) done in 1243 ms  h_edges=12774014
  NeighborhoodSlab: 1311 threads × 2304 KB = 2949 MB
  Batch 4 [5244,6555) done in 1246 ms  h_edges=12800490
  NeighborhoodSlab: 1311 threads × 2304 KB = 2949 MB
  Batch 5 [6555,7866) done in 1219 ms  h_edges=12825477
  NeighborhoodSlab: 1311 threads × 2304 KB = 2949 MB
  Batch 6 [7866,9177) done in 1215 ms  h_edges=12850700
  NeighborhoodSlab: 1311 threads × 2304 KB = 2949 MB
  Batch 7 [9177,10488) done in 1223 ms  h_edges=12877629
  NeighborhoodSlab: 1311 threads × 2304 KB = 2949 MB
  Batch 8 [10488,11799) done in 1231 ms  h_edges=12904250
  NeighborhoodSlab: 1311 threads × 2304 KB = 2949 MB
  Batch 9 [11799,13110) done in 1216 ms  h_edges=12928313
  NeighborhoodSlab: 1311 threads × 2304 KB = 2949 MB
  Batch 10 [13110,14421) done in 1308 ms  h_edges=12952294
  NeighborhoodSlab: 1311 threads × 2304 KB = 2949 MB
  Batch 11 [14421,15732) done in 1298 ms  h_edges=12978164
  NeighborhoodSlab: 1311 threads × 2304 KB = 2949 MB
  Batch 12 [15732,17043) done in 1161 ms  h_edges=13003731
  NeighborhoodSlab: 1311 threads × 2304 KB = 2949 MB
  Batch 13 [17043,18354) done in 1255 ms  h_edges=13031932
  NeighborhoodSlab: 1311 threads × 2304 KB = 2949 MB
  Batch 14 [18354,19665) done in 1181 ms  h_edges=13056714
  NeighborhoodSlab: 1311 threads × 2304 KB = 2949 MB
  Batch 15 [19665,20976) done in 1213 ms  h_edges=13081461
  NeighborhoodSlab: 1311 threads × 2304 KB = 2949 MB
  Batch 16 [20976,22287) done in 1141 ms  h_edges=13106974
  NeighborhoodSlab: 1311 threads × 2304 KB = 2949 MB
  Batch 17 [22287,23598) done in 1241 ms  h_edges=13134033
  NeighborhoodSlab: 1311 threads × 2304 KB = 2949 MB
  Batch 18 [23598,24909) done in 1216 ms  h_edges=13160763
  NeighborhoodSlab: 1311 threads × 2304 KB = 2949 MB
  Batch 19 [24909,26220) done in 1185 ms  h_edges=13185586
  NeighborhoodSlab: 1311 threads × 2304 KB = 2949 MB
  Batch 20 [26220,27531) done in 1261 ms  h_edges=13211611
  NeighborhoodSlab: 1311 threads × 2304 KB = 2949 MB
  Batch 21 [27531,28842) done in 1272 ms  h_edges=13237319
  NeighborhoodSlab: 1311 threads × 2304 KB = 2949 MB
  Batch 22 [28842,30153) done in 1374 ms  h_edges=13262346
  NeighborhoodSlab: 1311 threads × 2304 KB = 2949 MB
  Batch 23 [30153,31464) done in 1277 ms  h_edges=13285840
  NeighborhoodSlab: 1292 threads × 2304 KB = 2907 MB
  Batch 24 [31464,32756) done in 1171 ms  h_edges=13311837
  DeviceGraph: fwd=13311837 bwd=13311837 edges
  Year 2010 total: 53328 ms  (pop: 1124612)

--- Year 2011 (pop: 1124612) ---
  Adding 33739 new papers
  DeviceGraph: fwd=13311837 bwd=13311837 edges
  Processing 33739 papers in 25 batches of ~1350
  NeighborhoodSlab: 1350 threads × 2304 KB = 3037 MB
  Batch 0 [0,1350) done in 1317 ms  h_edges=13338455
  NeighborhoodSlab: 1350 threads × 2304 KB = 3037 MB
  Batch 1 [1350,2700) done in 1330 ms  h_edges=13364408
  NeighborhoodSlab: 1350 threads × 2304 KB = 3037 MB
  Batch 2 [2700,4050) done in 1332 ms  h_edges=13390124
  NeighborhoodSlab: 1350 threads × 2304 KB = 3037 MB
  Batch 3 [4050,5400) done in 1238 ms  h_edges=13415189
  NeighborhoodSlab: 1350 threads × 2304 KB = 3037 MB
  Batch 4 [5400,6750) done in 1256 ms  h_edges=13440557
  NeighborhoodSlab: 1350 threads × 2304 KB = 3037 MB
  Batch 5 [6750,8100) done in 1278 ms  h_edges=13466995
  NeighborhoodSlab: 1350 threads × 2304 KB = 3037 MB
  Batch 6 [8100,9450) done in 1329 ms  h_edges=13494494
  NeighborhoodSlab: 1350 threads × 2304 KB = 3037 MB
  Batch 7 [9450,10800) done in 1247 ms  h_edges=13520079
  NeighborhoodSlab: 1350 threads × 2304 KB = 3037 MB
  Batch 8 [10800,12150) done in 1231 ms  h_edges=13546550
  NeighborhoodSlab: 1350 threads × 2304 KB = 3037 MB
  Batch 9 [12150,13500) done in 1284 ms  h_edges=13572290
  NeighborhoodSlab: 1350 threads × 2304 KB = 3037 MB
  Batch 10 [13500,14850) done in 1387 ms  h_edges=13599068
  NeighborhoodSlab: 1350 threads × 2304 KB = 3037 MB
  Batch 11 [14850,16200) done in 1263 ms  h_edges=13625506
  NeighborhoodSlab: 1350 threads × 2304 KB = 3037 MB
  Batch 12 [16200,17550) done in 1286 ms  h_edges=13650909
  NeighborhoodSlab: 1350 threads × 2304 KB = 3037 MB
  Batch 13 [17550,18900) done in 1276 ms  h_edges=13678040
  NeighborhoodSlab: 1350 threads × 2304 KB = 3037 MB
  Batch 14 [18900,20250) done in 1288 ms  h_edges=13703933
  NeighborhoodSlab: 1350 threads × 2304 KB = 3037 MB
  Batch 15 [20250,21600) done in 1258 ms  h_edges=13729925
  NeighborhoodSlab: 1350 threads × 2304 KB = 3037 MB
  Batch 16 [21600,22950) done in 1244 ms  h_edges=13755321
  NeighborhoodSlab: 1350 threads × 2304 KB = 3037 MB
  Batch 17 [22950,24300) done in 1188 ms  h_edges=13781032
  NeighborhoodSlab: 1350 threads × 2304 KB = 3037 MB
  Batch 18 [24300,25650) done in 1264 ms  h_edges=13806537
  NeighborhoodSlab: 1350 threads × 2304 KB = 3037 MB
  Batch 19 [25650,27000) done in 1343 ms  h_edges=13833346
  NeighborhoodSlab: 1350 threads × 2304 KB = 3037 MB
  Batch 20 [27000,28350) done in 1431 ms  h_edges=13858261
  NeighborhoodSlab: 1350 threads × 2304 KB = 3037 MB
  Batch 21 [28350,29700) done in 1295 ms  h_edges=13883530
  NeighborhoodSlab: 1350 threads × 2304 KB = 3037 MB
  Batch 22 [29700,31050) done in 1311 ms  h_edges=13910068
  NeighborhoodSlab: 1350 threads × 2304 KB = 3037 MB
  Batch 23 [31050,32400) done in 1285 ms  h_edges=13935682
  NeighborhoodSlab: 1339 threads × 2304 KB = 3012 MB
  Batch 24 [32400,33739) done in 1435 ms  h_edges=13961083
  DeviceGraph: fwd=13961083 bwd=13961083 edges
  Year 2011 total: 56173 ms  (pop: 1158351)

--- Year 2012 (pop: 1158351) ---
  Adding 34751 new papers
  DeviceGraph: fwd=13961083 bwd=13961083 edges
  Processing 34751 papers in 25 batches of ~1391
  NeighborhoodSlab: 1391 threads × 2304 KB = 3129 MB
  Batch 0 [0,1391) done in 1297 ms  h_edges=13987938
  NeighborhoodSlab: 1391 threads × 2304 KB = 3129 MB
  Batch 1 [1391,2782) done in 1431 ms  h_edges=14015064
  NeighborhoodSlab: 1391 threads × 2304 KB = 3129 MB
  Batch 2 [2782,4173) done in 1222 ms  h_edges=14042881
  NeighborhoodSlab: 1391 threads × 2304 KB = 3129 MB
  Batch 3 [4173,5564) done in 1287 ms  h_edges=14069375
  NeighborhoodSlab: 1391 threads × 2304 KB = 3129 MB
  Batch 4 [5564,6955) done in 1295 ms  h_edges=14096756
  NeighborhoodSlab: 1391 threads × 2304 KB = 3129 MB
  Batch 5 [6955,8346) done in 1367 ms  h_edges=14126202
  NeighborhoodSlab: 1391 threads × 2304 KB = 3129 MB
  Batch 6 [8346,9737) done in 1330 ms  h_edges=14152392
  NeighborhoodSlab: 1391 threads × 2304 KB = 3129 MB
  Batch 7 [9737,11128) done in 1392 ms  h_edges=14181103
  NeighborhoodSlab: 1391 threads × 2304 KB = 3129 MB
  Batch 8 [11128,12519) done in 1266 ms  h_edges=14207628
  NeighborhoodSlab: 1391 threads × 2304 KB = 3129 MB
  Batch 9 [12519,13910) done in 1451 ms  h_edges=14236058
  NeighborhoodSlab: 1391 threads × 2304 KB = 3129 MB
  Batch 10 [13910,15301) done in 1479 ms  h_edges=14263586
  NeighborhoodSlab: 1391 threads × 2304 KB = 3129 MB
  Batch 11 [15301,16692) done in 1310 ms  h_edges=14290458
  NeighborhoodSlab: 1391 threads × 2304 KB = 3129 MB
  Batch 12 [16692,18083) done in 1319 ms  h_edges=14317541
  NeighborhoodSlab: 1391 threads × 2304 KB = 3129 MB
  Batch 13 [18083,19474) done in 1624 ms  h_edges=14344561
  NeighborhoodSlab: 1391 threads × 2304 KB = 3129 MB
  Batch 14 [19474,20865) done in 1370 ms  h_edges=14371607
  NeighborhoodSlab: 1391 threads × 2304 KB = 3129 MB
  Batch 15 [20865,22256) done in 1345 ms  h_edges=14397843
  NeighborhoodSlab: 1391 threads × 2304 KB = 3129 MB
  Batch 16 [22256,23647) done in 1310 ms  h_edges=14425633
  NeighborhoodSlab: 1391 threads × 2304 KB = 3129 MB
  Batch 17 [23647,25038) done in 1356 ms  h_edges=14451855
  NeighborhoodSlab: 1391 threads × 2304 KB = 3129 MB
  Batch 18 [25038,26429) done in 1420 ms  h_edges=14479736
  NeighborhoodSlab: 1391 threads × 2304 KB = 3129 MB
  Batch 19 [26429,27820) done in 1273 ms  h_edges=14507943
  NeighborhoodSlab: 1391 threads × 2304 KB = 3129 MB
  Batch 20 [27820,29211) done in 1299 ms  h_edges=14534409
  NeighborhoodSlab: 1391 threads × 2304 KB = 3129 MB
  Batch 21 [29211,30602) done in 1458 ms  h_edges=14561529
  NeighborhoodSlab: 1391 threads × 2304 KB = 3129 MB
  Batch 22 [30602,31993) done in 1297 ms  h_edges=14589375
  NeighborhoodSlab: 1391 threads × 2304 KB = 3129 MB
  Batch 23 [31993,33384) done in 1252 ms  h_edges=14617210
  NeighborhoodSlab: 1367 threads × 2304 KB = 3075 MB
  Batch 24 [33384,34751) done in 1384 ms  h_edges=14644915
  DeviceGraph: fwd=14644915 bwd=14644915 edges
  Year 2012 total: 59089 ms  (pop: 1193102)

=== Simulation Complete ===
Total: 928 s  Final pop: 1193102

=== Exporting Results ===
Edges saved: ./output/30y/mass_cuda-static-output-30y-3p.edgelist (14644915)
Attributes saved: ./output/30y/mass_cuda-static-output-30y-3p.aux (1193102 rows)

Done.

real	15m41.545s
user	15m34.243s
sys	0m5.195s
For GROWTH_PERCENT = 6 %, BFS_BATCH_SIZE = 60.
Running growth rate 6% for 30 years.
./output/30y/mass_cuda-static-output-30y-6p.edgelist
./output/30y/mass_cuda-static-output-30y-6p.aux
Citation Network ABM – MASS CUDA
=================================

Out-degree bag: 3980408 entries
Recency probs:  355 entries
BFS batches:    60 per year

=== Initializing Citation ABM ===

Inside parseNodelist...
Populating continuous node mappings (491532 nodes)...
parseNodelist done in 551 ms (491532 nodes)

Inside parseEdgelist...
parseEdgelist done in 169 ms (899050 edges)
Seed max year: 1982  → simulation starts at 1983
Max population: 2825139
Seed population: 491532 papers
  DeviceGraph: fwd=899050 bwd=899050 edges
Initialization complete


=== Simulation Start ===

--- Year 1983 (pop: 491532) ---
  Adding 29492 new papers
  DeviceGraph: fwd=899050 bwd=899050 edges
  Processing 29492 papers in 60 batches of ~492
  NeighborhoodSlab: 492 threads × 2304 KB = 1107 MB
  Batch 0 [0,492) done in 364 ms  h_edges=908373
  NeighborhoodSlab: 492 threads × 2304 KB = 1107 MB
  Batch 1 [492,984) done in 279 ms  h_edges=917766
  NeighborhoodSlab: 492 threads × 2304 KB = 1107 MB
  Batch 2 [984,1476) done in 290 ms  h_edges=927011
  NeighborhoodSlab: 492 threads × 2304 KB = 1107 MB
  Batch 3 [1476,1968) done in 286 ms  h_edges=936424
  NeighborhoodSlab: 492 threads × 2304 KB = 1107 MB
  Batch 4 [1968,2460) done in 280 ms  h_edges=946468
  NeighborhoodSlab: 492 threads × 2304 KB = 1107 MB
  Batch 5 [2460,2952) done in 320 ms  h_edges=955360
  NeighborhoodSlab: 492 threads × 2304 KB = 1107 MB
  Batch 6 [2952,3444) done in 320 ms  h_edges=965459
  NeighborhoodSlab: 492 threads × 2304 KB = 1107 MB
  Batch 7 [3444,3936) done in 286 ms  h_edges=975278
  NeighborhoodSlab: 492 threads × 2304 KB = 1107 MB
  Batch 8 [3936,4428) done in 343 ms  h_edges=984770
  NeighborhoodSlab: 492 threads × 2304 KB = 1107 MB
  Batch 9 [4428,4920) done in 277 ms  h_edges=994714
  NeighborhoodSlab: 492 threads × 2304 KB = 1107 MB
  Batch 10 [4920,5412) done in 292 ms  h_edges=1004896
  NeighborhoodSlab: 492 threads × 2304 KB = 1107 MB
  Batch 11 [5412,5904) done in 321 ms  h_edges=1014887
  NeighborhoodSlab: 492 threads × 2304 KB = 1107 MB
  Batch 12 [5904,6396) done in 292 ms  h_edges=1024013
  NeighborhoodSlab: 492 threads × 2304 KB = 1107 MB
  Batch 13 [6396,6888) done in 323 ms  h_edges=1033876
  NeighborhoodSlab: 492 threads × 2304 KB = 1107 MB
  Batch 14 [6888,7380) done in 293 ms  h_edges=1043604
  NeighborhoodSlab: 492 threads × 2304 KB = 1107 MB
  Batch 15 [7380,7872) done in 317 ms  h_edges=1052918
  NeighborhoodSlab: 492 threads × 2304 KB = 1107 MB
  Batch 16 [7872,8364) done in 326 ms  h_edges=1063925
  NeighborhoodSlab: 492 threads × 2304 KB = 1107 MB
  Batch 17 [8364,8856) done in 284 ms  h_edges=1073041
  NeighborhoodSlab: 492 threads × 2304 KB = 1107 MB
  Batch 18 [8856,9348) done in 321 ms  h_edges=1082002
  NeighborhoodSlab: 492 threads × 2304 KB = 1107 MB
  Batch 19 [9348,9840) done in 297 ms  h_edges=1091647
  NeighborhoodSlab: 492 threads × 2304 KB = 1107 MB
  Batch 20 [9840,10332) done in 336 ms  h_edges=1101680
  NeighborhoodSlab: 492 threads × 2304 KB = 1107 MB
  Batch 21 [10332,10824) done in 322 ms  h_edges=1111402
  NeighborhoodSlab: 492 threads × 2304 KB = 1107 MB
  Batch 22 [10824,11316) done in 329 ms  h_edges=1121033
  NeighborhoodSlab: 492 threads × 2304 KB = 1107 MB
  Batch 23 [11316,11808) done in 275 ms  h_edges=1130431
  NeighborhoodSlab: 492 threads × 2304 KB = 1107 MB
  Batch 24 [11808,12300) done in 289 ms  h_edges=1139488
  NeighborhoodSlab: 492 threads × 2304 KB = 1107 MB
  Batch 25 [12300,12792) done in 306 ms  h_edges=1149874
  NeighborhoodSlab: 492 threads × 2304 KB = 1107 MB
  Batch 26 [12792,13284) done in 288 ms  h_edges=1160809
  NeighborhoodSlab: 492 threads × 2304 KB = 1107 MB
  Batch 27 [13284,13776) done in 330 ms  h_edges=1170956
  NeighborhoodSlab: 492 threads × 2304 KB = 1107 MB
  Batch 28 [13776,14268) done in 300 ms  h_edges=1180671
  NeighborhoodSlab: 492 threads × 2304 KB = 1107 MB
  Batch 29 [14268,14760) done in 286 ms  h_edges=1190158
  NeighborhoodSlab: 492 threads × 2304 KB = 1107 MB
  Batch 30 [14760,15252) done in 403 ms  h_edges=1199836
  NeighborhoodSlab: 492 threads × 2304 KB = 1107 MB
  Batch 31 [15252,15744) done in 316 ms  h_edges=1209482
  NeighborhoodSlab: 492 threads × 2304 KB = 1107 MB
  Batch 32 [15744,16236) done in 286 ms  h_edges=1219375
  NeighborhoodSlab: 492 threads × 2304 KB = 1107 MB
  Batch 33 [16236,16728) done in 321 ms  h_edges=1229794
  NeighborhoodSlab: 492 threads × 2304 KB = 1107 MB
  Batch 34 [16728,17220) done in 282 ms  h_edges=1238849
  NeighborhoodSlab: 492 threads × 2304 KB = 1107 MB
  Batch 35 [17220,17712) done in 281 ms  h_edges=1248683
  NeighborhoodSlab: 492 threads × 2304 KB = 1107 MB
  Batch 36 [17712,18204) done in 286 ms  h_edges=1258906
  NeighborhoodSlab: 492 threads × 2304 KB = 1107 MB
  Batch 37 [18204,18696) done in 308 ms  h_edges=1268969
  NeighborhoodSlab: 492 threads × 2304 KB = 1107 MB
  Batch 38 [18696,19188) done in 309 ms  h_edges=1278784
  NeighborhoodSlab: 492 threads × 2304 KB = 1107 MB
  Batch 39 [19188,19680) done in 284 ms  h_edges=1288326
  NeighborhoodSlab: 492 threads × 2304 KB = 1107 MB
  Batch 40 [19680,20172) done in 320 ms  h_edges=1297266
  NeighborhoodSlab: 492 threads × 2304 KB = 1107 MB
  Batch 41 [20172,20664) done in 325 ms  h_edges=1305897
  NeighborhoodSlab: 492 threads × 2304 KB = 1107 MB
  Batch 42 [20664,21156) done in 300 ms  h_edges=1315886
  NeighborhoodSlab: 492 threads × 2304 KB = 1107 MB
  Batch 43 [21156,21648) done in 351 ms  h_edges=1325961
  NeighborhoodSlab: 492 threads × 2304 KB = 1107 MB
  Batch 44 [21648,22140) done in 309 ms  h_edges=1335136
  NeighborhoodSlab: 492 threads × 2304 KB = 1107 MB
  Batch 45 [22140,22632) done in 324 ms  h_edges=1344825
  NeighborhoodSlab: 492 threads × 2304 KB = 1107 MB
  Batch 46 [22632,23124) done in 414 ms  h_edges=1353892
  NeighborhoodSlab: 492 threads × 2304 KB = 1107 MB
  Batch 47 [23124,23616) done in 280 ms  h_edges=1362730
  NeighborhoodSlab: 492 threads × 2304 KB = 1107 MB
  Batch 48 [23616,24108) done in 280 ms  h_edges=1371910
  NeighborhoodSlab: 492 threads × 2304 KB = 1107 MB
  Batch 49 [24108,24600) done in 294 ms  h_edges=1380129
  NeighborhoodSlab: 492 threads × 2304 KB = 1107 MB
  Batch 50 [24600,25092) done in 306 ms  h_edges=1390279
  NeighborhoodSlab: 492 threads × 2304 KB = 1107 MB
  Batch 51 [25092,25584) done in 309 ms  h_edges=1399691
  NeighborhoodSlab: 492 threads × 2304 KB = 1107 MB
  Batch 52 [25584,26076) done in 309 ms  h_edges=1409688
  NeighborhoodSlab: 492 threads × 2304 KB = 1107 MB
  Batch 53 [26076,26568) done in 326 ms  h_edges=1419886
  NeighborhoodSlab: 492 threads × 2304 KB = 1107 MB
  Batch 54 [26568,27060) done in 312 ms  h_edges=1429818
  NeighborhoodSlab: 492 threads × 2304 KB = 1107 MB
  Batch 55 [27060,27552) done in 326 ms  h_edges=1439054
  NeighborhoodSlab: 492 threads × 2304 KB = 1107 MB
  Batch 56 [27552,28044) done in 283 ms  h_edges=1449674
  NeighborhoodSlab: 492 threads × 2304 KB = 1107 MB
  Batch 57 [28044,28536) done in 290 ms  h_edges=1459935
  NeighborhoodSlab: 492 threads × 2304 KB = 1107 MB
  Batch 58 [28536,29028) done in 301 ms  h_edges=1469751
  NeighborhoodSlab: 464 threads × 2304 KB = 1044 MB
  Batch 59 [29028,29492) done in 278 ms  h_edges=1479935
  DeviceGraph: fwd=1479935 bwd=1479935 edges
  Year 1983 total: 20493 ms  (pop: 521024)

--- Year 1984 (pop: 521024) ---
  Adding 31262 new papers
  DeviceGraph: fwd=1479935 bwd=1479935 edges
  Processing 31262 papers in 60 batches of ~522
  NeighborhoodSlab: 522 threads × 2304 KB = 1174 MB
  Batch 0 [0,522) done in 357 ms  h_edges=1490005
  NeighborhoodSlab: 522 threads × 2304 KB = 1174 MB
  Batch 1 [522,1044) done in 310 ms  h_edges=1499627
  NeighborhoodSlab: 522 threads × 2304 KB = 1174 MB
  Batch 2 [1044,1566) done in 386 ms  h_edges=1509614
  NeighborhoodSlab: 522 threads × 2304 KB = 1174 MB
  Batch 3 [1566,2088) done in 350 ms  h_edges=1519545
  NeighborhoodSlab: 522 threads × 2304 KB = 1174 MB
  Batch 4 [2088,2610) done in 350 ms  h_edges=1530158
  NeighborhoodSlab: 522 threads × 2304 KB = 1174 MB
  Batch 5 [2610,3132) done in 381 ms  h_edges=1540181
  NeighborhoodSlab: 522 threads × 2304 KB = 1174 MB
  Batch 6 [3132,3654) done in 376 ms  h_edges=1550328
  NeighborhoodSlab: 522 threads × 2304 KB = 1174 MB
  Batch 7 [3654,4176) done in 356 ms  h_edges=1559737
  NeighborhoodSlab: 522 threads × 2304 KB = 1174 MB
  Batch 8 [4176,4698) done in 344 ms  h_edges=1569195
  NeighborhoodSlab: 522 threads × 2304 KB = 1174 MB
  Batch 9 [4698,5220) done in 345 ms  h_edges=1579377
  NeighborhoodSlab: 522 threads × 2304 KB = 1174 MB
  Batch 10 [5220,5742) done in 356 ms  h_edges=1588405
  NeighborhoodSlab: 522 threads × 2304 KB = 1174 MB
  Batch 11 [5742,6264) done in 439 ms  h_edges=1599472
  NeighborhoodSlab: 522 threads × 2304 KB = 1174 MB
  Batch 12 [6264,6786) done in 300 ms  h_edges=1609488
  NeighborhoodSlab: 522 threads × 2304 KB = 1174 MB
  Batch 13 [6786,7308) done in 401 ms  h_edges=1620807
  NeighborhoodSlab: 522 threads × 2304 KB = 1174 MB
  Batch 14 [7308,7830) done in 350 ms  h_edges=1631590
  NeighborhoodSlab: 522 threads × 2304 KB = 1174 MB
  Batch 15 [7830,8352) done in 353 ms  h_edges=1642694
  NeighborhoodSlab: 522 threads × 2304 KB = 1174 MB
  Batch 16 [8352,8874) done in 365 ms  h_edges=1653082
  NeighborhoodSlab: 522 threads × 2304 KB = 1174 MB
  Batch 17 [8874,9396) done in 396 ms  h_edges=1663568
  NeighborhoodSlab: 522 threads × 2304 KB = 1174 MB
  Batch 18 [9396,9918) done in 349 ms  h_edges=1674495
  NeighborhoodSlab: 522 threads × 2304 KB = 1174 MB
  Batch 19 [9918,10440) done in 342 ms  h_edges=1684244
  NeighborhoodSlab: 522 threads × 2304 KB = 1174 MB
  Batch 20 [10440,10962) done in 356 ms  h_edges=1694880
  NeighborhoodSlab: 522 threads × 2304 KB = 1174 MB
  Batch 21 [10962,11484) done in 391 ms  h_edges=1705041
  NeighborhoodSlab: 522 threads × 2304 KB = 1174 MB
  Batch 22 [11484,12006) done in 347 ms  h_edges=1715446
  NeighborhoodSlab: 522 threads × 2304 KB = 1174 MB
  Batch 23 [12006,12528) done in 348 ms  h_edges=1725644
  NeighborhoodSlab: 522 threads × 2304 KB = 1174 MB
  Batch 24 [12528,13050) done in 399 ms  h_edges=1735858
  NeighborhoodSlab: 522 threads × 2304 KB = 1174 MB
  Batch 25 [13050,13572) done in 304 ms  h_edges=1746858
  NeighborhoodSlab: 522 threads × 2304 KB = 1174 MB
  Batch 26 [13572,14094) done in 352 ms  h_edges=1757005
  NeighborhoodSlab: 522 threads × 2304 KB = 1174 MB
  Batch 27 [14094,14616) done in 356 ms  h_edges=1766701
  NeighborhoodSlab: 522 threads × 2304 KB = 1174 MB
  Batch 28 [14616,15138) done in 346 ms  h_edges=1777022
  NeighborhoodSlab: 522 threads × 2304 KB = 1174 MB
  Batch 29 [15138,15660) done in 354 ms  h_edges=1786958
  NeighborhoodSlab: 522 threads × 2304 KB = 1174 MB
  Batch 30 [15660,16182) done in 391 ms  h_edges=1796828
  NeighborhoodSlab: 522 threads × 2304 KB = 1174 MB
  Batch 31 [16182,16704) done in 345 ms  h_edges=1807487
  NeighborhoodSlab: 522 threads × 2304 KB = 1174 MB
  Batch 32 [16704,17226) done in 400 ms  h_edges=1817207
  NeighborhoodSlab: 522 threads × 2304 KB = 1174 MB
  Batch 33 [17226,17748) done in 353 ms  h_edges=1827673
  NeighborhoodSlab: 522 threads × 2304 KB = 1174 MB
  Batch 34 [17748,18270) done in 390 ms  h_edges=1838302
  NeighborhoodSlab: 522 threads × 2304 KB = 1174 MB
  Batch 35 [18270,18792) done in 341 ms  h_edges=1848732
  NeighborhoodSlab: 522 threads × 2304 KB = 1174 MB
  Batch 36 [18792,19314) done in 340 ms  h_edges=1859067
  NeighborhoodSlab: 522 threads × 2304 KB = 1174 MB
  Batch 37 [19314,19836) done in 352 ms  h_edges=1869000
  NeighborhoodSlab: 522 threads × 2304 KB = 1174 MB
  Batch 38 [19836,20358) done in 364 ms  h_edges=1878840
  NeighborhoodSlab: 522 threads × 2304 KB = 1174 MB
  Batch 39 [20358,20880) done in 391 ms  h_edges=1890102
  NeighborhoodSlab: 522 threads × 2304 KB = 1174 MB
  Batch 40 [20880,21402) done in 348 ms  h_edges=1900490
  NeighborhoodSlab: 522 threads × 2304 KB = 1174 MB
  Batch 41 [21402,21924) done in 349 ms  h_edges=1910648
  NeighborhoodSlab: 522 threads × 2304 KB = 1174 MB
  Batch 42 [21924,22446) done in 335 ms  h_edges=1919686
  NeighborhoodSlab: 522 threads × 2304 KB = 1174 MB
  Batch 43 [22446,22968) done in 357 ms  h_edges=1929301
  NeighborhoodSlab: 522 threads × 2304 KB = 1174 MB
  Batch 44 [22968,23490) done in 347 ms  h_edges=1939057
  NeighborhoodSlab: 522 threads × 2304 KB = 1174 MB
  Batch 45 [23490,24012) done in 355 ms  h_edges=1948171
  NeighborhoodSlab: 522 threads × 2304 KB = 1174 MB
  Batch 46 [24012,24534) done in 351 ms  h_edges=1958993
  NeighborhoodSlab: 522 threads × 2304 KB = 1174 MB
  Batch 47 [24534,25056) done in 354 ms  h_edges=1969041
  NeighborhoodSlab: 522 threads × 2304 KB = 1174 MB
  Batch 48 [25056,25578) done in 397 ms  h_edges=1979424
  NeighborhoodSlab: 522 threads × 2304 KB = 1174 MB
  Batch 49 [25578,26100) done in 343 ms  h_edges=1990040
  NeighborhoodSlab: 522 threads × 2304 KB = 1174 MB
  Batch 50 [26100,26622) done in 387 ms  h_edges=2000503
  NeighborhoodSlab: 522 threads × 2304 KB = 1174 MB
  Batch 51 [26622,27144) done in 393 ms  h_edges=2011700
  NeighborhoodSlab: 522 threads × 2304 KB = 1174 MB
  Batch 52 [27144,27666) done in 369 ms  h_edges=2022473
  NeighborhoodSlab: 522 threads × 2304 KB = 1174 MB
  Batch 53 [27666,28188) done in 355 ms  h_edges=2033707
  NeighborhoodSlab: 522 threads × 2304 KB = 1174 MB
  Batch 54 [28188,28710) done in 344 ms  h_edges=2043876
  NeighborhoodSlab: 522 threads × 2304 KB = 1174 MB
  Batch 55 [28710,29232) done in 377 ms  h_edges=2053998
  NeighborhoodSlab: 522 threads × 2304 KB = 1174 MB
  Batch 56 [29232,29754) done in 319 ms  h_edges=2063390
  NeighborhoodSlab: 522 threads × 2304 KB = 1174 MB
  Batch 57 [29754,30276) done in 345 ms  h_edges=2072793
  NeighborhoodSlab: 522 threads × 2304 KB = 1174 MB
  Batch 58 [30276,30798) done in 438 ms  h_edges=2083370
  NeighborhoodSlab: 464 threads × 2304 KB = 1044 MB
  Batch 59 [30798,31262) done in 401 ms  h_edges=2092118
  DeviceGraph: fwd=2092118 bwd=2092118 edges
  Year 1984 total: 24670 ms  (pop: 552286)

--- Year 1985 (pop: 552286) ---
  Adding 33138 new papers
  DeviceGraph: fwd=2092118 bwd=2092118 edges
  Processing 33138 papers in 60 batches of ~553
  NeighborhoodSlab: 553 threads × 2304 KB = 1244 MB
  Batch 0 [0,553) done in 358 ms  h_edges=2101911
  NeighborhoodSlab: 553 threads × 2304 KB = 1244 MB
  Batch 1 [553,1106) done in 453 ms  h_edges=2113703
  NeighborhoodSlab: 553 threads × 2304 KB = 1244 MB
  Batch 2 [1106,1659) done in 417 ms  h_edges=2124213
  NeighborhoodSlab: 553 threads × 2304 KB = 1244 MB
  Batch 3 [1659,2212) done in 465 ms  h_edges=2135170
  NeighborhoodSlab: 553 threads × 2304 KB = 1244 MB
  Batch 4 [2212,2765) done in 402 ms  h_edges=2145710
  NeighborhoodSlab: 553 threads × 2304 KB = 1244 MB
  Batch 5 [2765,3318) done in 391 ms  h_edges=2156509
  NeighborhoodSlab: 553 threads × 2304 KB = 1244 MB
  Batch 6 [3318,3871) done in 463 ms  h_edges=2167032
  NeighborhoodSlab: 553 threads × 2304 KB = 1244 MB
  Batch 7 [3871,4424) done in 415 ms  h_edges=2179003
  NeighborhoodSlab: 553 threads × 2304 KB = 1244 MB
  Batch 8 [4424,4977) done in 459 ms  h_edges=2189270
  NeighborhoodSlab: 553 threads × 2304 KB = 1244 MB
  Batch 9 [4977,5530) done in 395 ms  h_edges=2200179
  NeighborhoodSlab: 553 threads × 2304 KB = 1244 MB
  Batch 10 [5530,6083) done in 510 ms  h_edges=2210750
  NeighborhoodSlab: 553 threads × 2304 KB = 1244 MB
  Batch 11 [6083,6636) done in 399 ms  h_edges=2221541
  NeighborhoodSlab: 553 threads × 2304 KB = 1244 MB
  Batch 12 [6636,7189) done in 366 ms  h_edges=2232731
  NeighborhoodSlab: 553 threads × 2304 KB = 1244 MB
  Batch 13 [7189,7742) done in 403 ms  h_edges=2243433
  NeighborhoodSlab: 553 threads × 2304 KB = 1244 MB
  Batch 14 [7742,8295) done in 402 ms  h_edges=2254026
  NeighborhoodSlab: 553 threads × 2304 KB = 1244 MB
  Batch 15 [8295,8848) done in 363 ms  h_edges=2265428
  NeighborhoodSlab: 553 threads × 2304 KB = 1244 MB
  Batch 16 [8848,9401) done in 414 ms  h_edges=2276577
  NeighborhoodSlab: 553 threads × 2304 KB = 1244 MB
  Batch 17 [9401,9954) done in 415 ms  h_edges=2288596
  NeighborhoodSlab: 553 threads × 2304 KB = 1244 MB
  Batch 18 [9954,10507) done in 370 ms  h_edges=2298892
  NeighborhoodSlab: 553 threads × 2304 KB = 1244 MB
  Batch 19 [10507,11060) done in 379 ms  h_edges=2310168
  NeighborhoodSlab: 553 threads × 2304 KB = 1244 MB
  Batch 20 [11060,11613) done in 402 ms  h_edges=2319742
  NeighborhoodSlab: 553 threads × 2304 KB = 1244 MB
  Batch 21 [11613,12166) done in 408 ms  h_edges=2330922
  NeighborhoodSlab: 553 threads × 2304 KB = 1244 MB
  Batch 22 [12166,12719) done in 353 ms  h_edges=2340773
  NeighborhoodSlab: 553 threads × 2304 KB = 1244 MB
  Batch 23 [12719,13272) done in 403 ms  h_edges=2351225
  NeighborhoodSlab: 553 threads × 2304 KB = 1244 MB
  Batch 24 [13272,13825) done in 412 ms  h_edges=2362732
  NeighborhoodSlab: 553 threads × 2304 KB = 1244 MB
  Batch 25 [13825,14378) done in 358 ms  h_edges=2373235
  NeighborhoodSlab: 553 threads × 2304 KB = 1244 MB
  Batch 26 [14378,14931) done in 401 ms  h_edges=2384032
  NeighborhoodSlab: 553 threads × 2304 KB = 1244 MB
  Batch 27 [14931,15484) done in 353 ms  h_edges=2395104
  NeighborhoodSlab: 553 threads × 2304 KB = 1244 MB
  Batch 28 [15484,16037) done in 417 ms  h_edges=2405849
  NeighborhoodSlab: 553 threads × 2304 KB = 1244 MB
  Batch 29 [16037,16590) done in 401 ms  h_edges=2417008
  NeighborhoodSlab: 553 threads × 2304 KB = 1244 MB
  Batch 30 [16590,17143) done in 447 ms  h_edges=2428135
  NeighborhoodSlab: 553 threads × 2304 KB = 1244 MB
  Batch 31 [17143,17696) done in 358 ms  h_edges=2439040
  NeighborhoodSlab: 553 threads × 2304 KB = 1244 MB
  Batch 32 [17696,18249) done in 456 ms  h_edges=2450567
  NeighborhoodSlab: 553 threads × 2304 KB = 1244 MB
  Batch 33 [18249,18802) done in 392 ms  h_edges=2461963
  NeighborhoodSlab: 553 threads × 2304 KB = 1244 MB
  Batch 34 [18802,19355) done in 356 ms  h_edges=2472399
  NeighborhoodSlab: 553 threads × 2304 KB = 1244 MB
  Batch 35 [19355,19908) done in 434 ms  h_edges=2482453
  NeighborhoodSlab: 553 threads × 2304 KB = 1244 MB
  Batch 36 [19908,20461) done in 496 ms  h_edges=2492974
  NeighborhoodSlab: 553 threads × 2304 KB = 1244 MB
  Batch 37 [20461,21014) done in 406 ms  h_edges=2504509
  NeighborhoodSlab: 553 threads × 2304 KB = 1244 MB
  Batch 38 [21014,21567) done in 356 ms  h_edges=2514579
  NeighborhoodSlab: 553 threads × 2304 KB = 1244 MB
  Batch 39 [21567,22120) done in 426 ms  h_edges=2526580
  NeighborhoodSlab: 553 threads × 2304 KB = 1244 MB
  Batch 40 [22120,22673) done in 390 ms  h_edges=2537427
  NeighborhoodSlab: 553 threads × 2304 KB = 1244 MB
  Batch 41 [22673,23226) done in 439 ms  h_edges=2548184
  NeighborhoodSlab: 553 threads × 2304 KB = 1244 MB
  Batch 42 [23226,23779) done in 390 ms  h_edges=2558300
  NeighborhoodSlab: 553 threads × 2304 KB = 1244 MB
  Batch 43 [23779,24332) done in 417 ms  h_edges=2568041
  NeighborhoodSlab: 553 threads × 2304 KB = 1244 MB
  Batch 44 [24332,24885) done in 400 ms  h_edges=2579062
  NeighborhoodSlab: 553 threads × 2304 KB = 1244 MB
  Batch 45 [24885,25438) done in 442 ms  h_edges=2590199
  NeighborhoodSlab: 553 threads × 2304 KB = 1244 MB
  Batch 46 [25438,25991) done in 399 ms  h_edges=2601450
  NeighborhoodSlab: 553 threads × 2304 KB = 1244 MB
  Batch 47 [25991,26544) done in 416 ms  h_edges=2613764
  NeighborhoodSlab: 553 threads × 2304 KB = 1244 MB
  Batch 48 [26544,27097) done in 352 ms  h_edges=2623472
  NeighborhoodSlab: 553 threads × 2304 KB = 1244 MB
  Batch 49 [27097,27650) done in 485 ms  h_edges=2633104
  NeighborhoodSlab: 553 threads × 2304 KB = 1244 MB
  Batch 50 [27650,28203) done in 403 ms  h_edges=2644786
  NeighborhoodSlab: 553 threads × 2304 KB = 1244 MB
  Batch 51 [28203,28756) done in 327 ms  h_edges=2654960
  NeighborhoodSlab: 553 threads × 2304 KB = 1244 MB
  Batch 52 [28756,29309) done in 459 ms  h_edges=2665624
  NeighborhoodSlab: 553 threads × 2304 KB = 1244 MB
  Batch 53 [29309,29862) done in 400 ms  h_edges=2676170
  NeighborhoodSlab: 553 threads × 2304 KB = 1244 MB
  Batch 54 [29862,30415) done in 401 ms  h_edges=2687238
  NeighborhoodSlab: 553 threads × 2304 KB = 1244 MB
  Batch 55 [30415,30968) done in 381 ms  h_edges=2697574
  NeighborhoodSlab: 553 threads × 2304 KB = 1244 MB
  Batch 56 [30968,31521) d