Running dataset=amz growth=1% cycles=3y er_prob=0.0001 (0.01%) threads=16
./output/0.01/mass-er-gnp_cuda-amz-output-3y-1p.edgelist
./output/0.01/mass-er-gnp_cuda-amz-static-output-3y-1p.aux
tee: ./output/0.01/mass-er-gnp_cuda-amz-static-3y-1p-abm.out: No such file or directory
Cannot open: ./output/0.01/mass-er-gnp_cuda-amz-static-output-3y-1p.aux
Citation Network ABM – MASS CUDA
=================================

Out-degree bag: 3980408 entries
Recency probs:  356 entries
BFS batches:    10 per year

=== Initializing Citation ABM ===

Inside parseNodelist...
Populating continuous node mappings (334863 nodes)...
parseNodelist done in 334 ms (334863 nodes)

Inside parseEdgelist...
parseEdgelist done in 111 ms (925872 edges)
Seed max year: 2020  → simulation starts at 2021
Max population: 347011
Seed population: 334863 papers
  DeviceGraph: fwd=925872 bwd=925872 edges
Initialization complete


=== Simulation Start  [model: er-gnp] ===

--- Year 2021 [ER:er-gnp] (pop: 334863) ---
  Adding 3349 new papers
  Launching ER kernel (3349 new nodes, 334863 citable old nodes)  p=0.0001
  ER generated 1038032 total edges so far
  DeviceGraph: fwd=1038032 bwd=1038032 edges
  Year 2021 total: 1037 ms  (pop: 338212)

--- Year 2022 [ER:er-gnp] (pop: 338212) ---
  Adding 3383 new papers
  Launching ER kernel (3383 new nodes, 338212 citable old nodes)  p=0.0001
  ER generated 1152474 total edges so far
  DeviceGraph: fwd=1152474 bwd=1152474 edges
  Year 2022 total: 1101 ms  (pop: 341595)

--- Year 2023 [ER:er-gnp] (pop: 341595) ---
  Adding 3416 new papers
  Launching ER kernel (3416 new nodes, 341595 citable old nodes)  p=0.0001
  ER generated 1268624 total edges so far
  DeviceGraph: fwd=1268624 bwd=1268624 edges
  Year 2023 total: 1266 ms  (pop: 345011)

=== Simulation Complete ===
Total: 3 s  Final pop: 345011

=== Exporting Results ===
Edges saved: ./output/0.01/mass-er-gnp_cuda-amz-output-3y-1p.edgelist (1268624)

Done.

real	0m7.624s
user	0m6.607s
sys	0m0.912s
Running dataset=eu growth=1% cycles=3y er_prob=0.0001 (0.01%) threads=16
./output/0.01/mass-er-gnp_cuda-eu-output-3y-1p.edgelist
./output/0.01/mass-er-gnp_cuda-eu-static-output-3y-1p.aux
tee: ./output/0.01/mass-er-gnp_cuda-eu-static-3y-1p-abm.out: No such file or directory
Cannot open: ./output/0.01/mass-er-gnp_cuda-eu-static-output-3y-1p.aux
Citation Network ABM – MASS CUDA
=================================

Out-degree bag: 3980408 entries
Recency probs:  356 entries
BFS batches:    10 per year

=== Initializing Citation ABM ===

Inside parseNodelist...
Populating continuous node mappings (265009 nodes)...
parseNodelist done in 267 ms (265009 nodes)

Inside parseEdgelist...
parseEdgelist done in 42 ms (418956 edges)
Seed max year: 2020  → simulation starts at 2021
Max population: 275041
Seed population: 265009 papers
  DeviceGraph: fwd=364481 bwd=364481 edges
Initialization complete


=== Simulation Start  [model: er-gnp] ===

--- Year 2021 [ER:er-gnp] (pop: 265009) ---
  Adding 2651 new papers
  Launching ER kernel (2651 new nodes, 265009 citable old nodes)  p=0.0001
  ER generated 489487 total edges so far
  DeviceGraph: fwd=435012 bwd=435012 edges
  Year 2021 total: 396 ms  (pop: 267660)

--- Year 2022 [ER:er-gnp] (pop: 267660) ---
  Adding 2677 new papers
  Launching ER kernel (2677 new nodes, 267660 citable old nodes)  p=0.0001
  ER generated 561308 total edges so far
  DeviceGraph: fwd=506833 bwd=506833 edges
  Year 2022 total: 475 ms  (pop: 270337)

--- Year 2023 [ER:er-gnp] (pop: 270337) ---
  Adding 2704 new papers
  Launching ER kernel (2704 new nodes, 270337 citable old nodes)  p=0.0001
  ER generated 634178 total edges so far
  DeviceGraph: fwd=579703 bwd=579703 edges
  Year 2023 total: 520 ms  (pop: 273041)

=== Simulation Complete ===
Total: 1 s  Final pop: 273041

=== Exporting Results ===
Edges saved: ./output/0.01/mass-er-gnp_cuda-eu-output-3y-1p.edgelist (634178)

Done.

real	0m3.842s
user	0m3.159s
sys	0m0.662s
Running dataset=yutb growth=1% cycles=3y er_prob=0.0001 (0.01%) threads=16
./output/0.01/mass-er-gnp_cuda-yutb-output-3y-1p.edgelist
./output/0.01/mass-er-gnp_cuda-yutb-static-output-3y-1p.aux
tee: ./output/0.01/mass-er-gnp_cuda-yutb-static-3y-1p-abm.out: No such file or directory
Cannot open: ./output/0.01/mass-er-gnp_cuda-yutb-static-output-3y-1p.aux
Citation Network ABM – MASS CUDA
=================================

Out-degree bag: 3980408 entries
Recency probs:  356 entries
BFS batches:    10 per year

=== Initializing Citation ABM ===

Inside parseNodelist...
Populating continuous node mappings (1134890 nodes)...
parseNodelist done in 1308 ms (1134890 nodes)

Inside parseEdgelist...
parseEdgelist done in 267 ms (2987624 edges)
Seed max year: 2026  → simulation starts at 2027
Max population: 1171280
Seed population: 1134890 papers
  DeviceGraph: fwd=2987624 bwd=2987624 edges
Initialization complete


=== Simulation Start  [model: er-gnp] ===

--- Year 2027 [ER:er-gnp] (pop: 1134890) ---
  Adding 11349 new papers
  Launching ER kernel (11349 new nodes, 1134890 citable old nodes)  p=0.0001
  ER generated 4276603 total edges so far
  DeviceGraph: fwd=4276603 bwd=4276603 edges
  Year 2027 total: 4333 ms  (pop: 1146239)

--- Year 2028 [ER:er-gnp] (pop: 1146239) ---
  Adding 11463 new papers
  Launching ER kernel (11463 new nodes, 1146239 citable old nodes)  p=0.0001
  ER generated 5590313 total edges so far
  DeviceGraph: fwd=5590313 bwd=5590313 edges
  Year 2028 total: 5573 ms  (pop: 1157702)

--- Year 2029 [ER:er-gnp] (pop: 1157702) ---
  Adding 11578 new papers
  Launching ER kernel (11578 new nodes, 1157702 citable old nodes)  p=0.0001
  ER generated 6931060 total edges so far
  DeviceGraph: fwd=6931060 bwd=6931060 edges
  Year 2029 total: 6723 ms  (pop: 1169280)

=== Simulation Complete ===
Total: 16 s  Final pop: 1169280

=== Exporting Results ===
Edges saved: ./output/0.01/mass-er-gnp_cuda-yutb-output-3y-1p.edgelist (6931060)

Done.

real	0m30.997s
user	0m29.370s
sys	0m1.511s
Running dataset=twt growth=1% cycles=3y er_prob=0.0001 (0.01%) threads=16
./output/0.01/mass-er-gnp_cuda-twt-output-3y-1p.edgelist
./output/0.01/mass-er-gnp_cuda-twt-static-output-3y-1p.aux
tee: ./output/0.01/mass-er-gnp_cuda-twt-static-3y-1p-abm.out: No such file or directory
Cannot open: ./output/0.01/mass-er-gnp_cuda-twt-static-output-3y-1p.aux
Citation Network ABM – MASS CUDA
=================================

Out-degree bag: 3980408 entries
Recency probs:  356 entries
BFS batches:    10 per year

=== Initializing Citation ABM ===

Inside parseNodelist...
Populating continuous node mappings (81306 nodes)...
parseNodelist done in 64 ms (81306 nodes)

Inside parseEdgelist...
parseEdgelist done in 247 ms (2420744 edges)
Seed max year: 2020  → simulation starts at 2021
Max population: 85772
Seed population: 81306 papers
  DeviceGraph: fwd=1342296 bwd=1342296 edges
Initialization complete


=== Simulation Start  [model: er-gnp] ===

--- Year 2021 [ER:er-gnp] (pop: 81306) ---
  Adding 814 new papers
  Launching ER kernel (814 new nodes, 81306 citable old nodes)  p=0.0001
  ER generated 2427466 total edges so far
  DeviceGraph: fwd=1349016 bwd=1349016 edges
  Year 2021 total: 1177 ms  (pop: 82120)

--- Year 2022 [ER:er-gnp] (pop: 82120) ---
  Adding 822 new papers
  Launching ER kernel (822 new nodes, 82120 citable old nodes)  p=0.0001
  ER generated 2434264 total edges so far
  DeviceGraph: fwd=1355811 bwd=1355811 edges
  Year 2022 total: 890 ms  (pop: 82942)

--- Year 2023 [ER:er-gnp] (pop: 82942) ---
  Adding 830 new papers
  Launching ER kernel (830 new nodes, 82942 citable old nodes)  p=0.0001
  ER generated 2441273 total edges so far
  DeviceGraph: fwd=1362820 bwd=1362820 edges
  Year 2023 total: 950 ms  (pop: 83772)

=== Simulation Complete ===
Total: 3 s  Final pop: 83772

=== Exporting Results ===
Edges saved: ./output/0.01/mass-er-gnp_cuda-twt-output-3y-1p.edgelist (2441273)

Done.

real	0m6.967s
user	0m6.240s
sys	0m0.668s
Running dataset=amz growth=1% cycles=3y er_prob=0.0003 (0.03%) threads=16
./output/0.03/mass-er-gnp_cuda-amz-output-3y-1p.edgelist
./output/0.03/mass-er-gnp_cuda-amz-static-output-3y-1p.aux
tee: ./output/0.03/mass-er-gnp_cuda-amz-static-3y-1p-abm.out: No such file or directory
Cannot open: ./output/0.03/mass-er-gnp_cuda-amz-static-output-3y-1p.aux
Citation Network ABM – MASS CUDA
=================================

Out-degree bag: 3980408 entries
Recency probs:  356 entries
BFS batches:    10 per year

=== Initializing Citation ABM ===

Inside parseNodelist...
Populating continuous node mappings (334863 nodes)...
parseNodelist done in 329 ms (334863 nodes)

Inside parseEdgelist...
parseEdgelist done in 99 ms (925872 edges)
Seed max year: 2020  → simulation starts at 2021
Max population: 347011
Seed population: 334863 papers
  DeviceGraph: fwd=925872 bwd=925872 edges
Initialization complete


=== Simulation Start  [model: er-gnp] ===

--- Year 2021 [ER:er-gnp] (pop: 334863) ---
  Adding 3349 new papers
  Launching ER kernel (3349 new nodes, 334863 citable old nodes)  p=0.0003
  ER generated 1262629 total edges so far
  DeviceGraph: fwd=1262629 bwd=1262629 edges
  Year 2021 total: 1188 ms  (pop: 338212)

--- Year 2022 [ER:er-gnp] (pop: 338212) ---
  Adding 3383 new papers
  Launching ER kernel (3383 new nodes, 338212 citable old nodes)  p=0.0003
  ER generated 1605262 total edges so far
  DeviceGraph: fwd=1605262 bwd=1605262 edges
  Year 2022 total: 1469 ms  (pop: 341595)

--- Year 2023 [ER:er-gnp] (pop: 341595) ---
  Adding 3416 new papers
  Launching ER kernel (3416 new nodes, 341595 citable old nodes)  p=0.0003
  ER generated 1955107 total edges so far
  DeviceGraph: fwd=1955107 bwd=1955107 edges
  Year 2023 total: 1688 ms  (pop: 345011)

=== Simulation Complete ===
Total: 4 s  Final pop: 345011

=== Exporting Results ===
Edges saved: ./output/0.03/mass-er-gnp_cuda-amz-output-3y-1p.edgelist (1955107)

Done.

real	0m8.937s
user	0m8.096s
sys	0m0.807s
Running dataset=eu growth=1% cycles=3y er_prob=0.0003 (0.03%) threads=16
./output/0.03/mass-er-gnp_cuda-eu-output-3y-1p.edgelist
./output/0.03/mass-er-gnp_cuda-eu-static-output-3y-1p.aux
tee: ./output/0.03/mass-er-gnp_cuda-eu-static-3y-1p-abm.out: No such file or directory
Cannot open: ./output/0.03/mass-er-gnp_cuda-eu-static-output-3y-1p.auxCitation Network ABM – MASS CUDA
=================================

Out-degree bag: 3980408 entries
Recency probs:  356 entries
BFS batches:    10 per year

=== Initializing Citation ABM ===

Inside parseNodelist...
Populating continuous node mappings (265009 nodes)...
parseNodelist done in 257 ms (265009 nodes)

Inside parseEdgelist...
parseEdgelist done in 40 ms (418956 edges)
Seed max year: 2020  → simulation starts at 2021
Max population: 275041
Seed population: 265009 papers
  DeviceGraph: fwd=364481 bwd=364481 edges
Initialization complete


=== Simulation Start  [model: er-gnp] ===

--- Year 2021 [ER:er-gnp] (pop: 265009) ---
  Adding 2651 new papers
  Launching ER kernel (2651 new nodes, 265009 citable old nodes)  p=0.0003
  ER generated 629893 total edges so far
  DeviceGraph: fwd=575418 bwd=575418 edges
  Year 2021 total: 496 ms  (pop: 267660)

--- Year 2022 [ER:er-gnp] (pop: 267660) ---
  Adding 2677 new papers
  Launching ER kernel (2677 new nodes, 267660 citable old nodes)  p=0.0003
  ER generated 844557 total edges so far
  DeviceGraph: fwd=790082 bwd=790082 edges
  Year 2022 total: 659 ms  (pop: 270337)

--- Year 2023 [ER:er-gnp] (pop: 270337) ---
  Adding 2704 new papers
  Launching ER kernel (2704 new nodes, 270337 citable old nodes)  p=0.0003
  ER generated 1063874 total edges so far
  DeviceGraph: fwd=1009399 bwd=1009399 edges
  Year 2023 total: 782 ms  (pop: 273041)

=== Simulation Complete ===
Total: 1 s  Final pop: 273041

=== Exporting Results ===
Edges saved: ./output/0.03/mass-er-gnp_cuda-eu-output-3y-1p.edgelist (1063874)


Done.

real	0m4.712s
user	0m4.007s
sys	0m0.688s
Running dataset=yutb growth=1% cycles=3y er_prob=0.0003 (0.03%) threads=16
./output/0.03/mass-er-gnp_cuda-yutb-output-3y-1p.edgelist
./output/0.03/mass-er-gnp_cuda-yutb-static-output-3y-1p.aux
tee: ./output/0.03/mass-er-gnp_cuda-yutb-static-3y-1p-abm.out: No such file or directory
Cannot open: ./output/0.03/mass-er-gnp_cuda-yutb-static-output-3y-1p.aux
Citation Network ABM – MASS CUDA
=================================

Out-degree bag: 3980408 entries
Recency probs:  356 entries
BFS batches:    10 per year

=== Initializing Citation ABM ===

Inside parseNodelist...
Populating continuous node mappings (1134890 nodes)...
parseNodelist done in 1279 ms (1134890 nodes)

Inside parseEdgelist...
parseEdgelist done in 240 ms (2987624 edges)
Seed max year: 2026  → simulation starts at 2027
Max population: 1171280
Seed population: 1134890 papers
  DeviceGraph: fwd=2987624 bwd=2987624 edges
Initialization complete


=== Simulation Start  [model: er-gnp] ===

--- Year 2027 [ER:er-gnp] (pop: 1134890) ---
  Adding 11349 new papers
  Launching ER kernel (11349 new nodes, 1134890 citable old nodes)  p=0.0003
  ER generated 6852826 total edges so far
  DeviceGraph: fwd=6852826 bwd=6852826 edges
  Year 2027 total: 6909 ms  (pop: 1146239)

--- Year 2028 [ER:er-gnp] (pop: 1146239) ---
  Adding 11463 new papers
  Launching ER kernel (11463 new nodes, 1146239 citable old nodes)  p=0.0003
  ER generated 10795050 total edges so far
  DeviceGraph: fwd=10795050 bwd=10795050 edges
  Year 2028 total: 11013 ms  (pop: 1157702)

--- Year 2029 [ER:er-gnp] (pop: 1157702) ---
  Adding 11578 new papers
  Launching ER kernel (11578 new nodes, 1157702 citable old nodes)  p=0.0003
  ER generated 14816896 total edges so far
  DeviceGraph: fwd=14816896 bwd=14816896 edges
  Year 2029 total: 15179 ms  (pop: 1169280)

=== Simulation Complete ===
Total: 33 s  Final pop: 1169280

=== Exporting Results ===
Edges saved: ./output/0.03/mass-er-gnp_cuda-yutb-output-3y-1p.edgelist (14816896)

Done.

real	0m56.531s
user	0m54.338s
sys	0m2.024s
Running dataset=twt growth=1% cycles=3y er_prob=0.0003 (0.03%) threads=16
./output/0.03/mass-er-gnp_cuda-twt-output-3y-1p.edgelist
./output/0.03/mass-er-gnp_cuda-twt-static-output-3y-1p.aux
tee: ./output/0.03/mass-er-gnp_cuda-twt-static-3y-1p-abm.out: No such file or directory
Cannot open: Citation Network ABM – MASS CUDA
=================================

Out-degree bag: 3980408 entries
Recency probs:  356 entries
BFS batches:    10 per year

=== Initializing Citation ABM ===

Inside parseNodelist...
Populating continuous node mappings (81306 nodes)...
parseNodelist done in 70 ms (81306 nodes)

Inside parseEdgelist...
parseEdgelist done in 190 ms (2420744 edges)
Seed max year: 2020  → simulation starts at 2021
Max population: 85772
Seed population: 81306 papers
  DeviceGraph: fwd=1342296 bwd=1342296 edges
Initialization complete


=== Simulation Start  [model: er-gnp] ===

--- Year 2021 [ER:er-gnp] (pop: 81306) ---
  Adding 814 new papers
  Launching ER kernel (814 new nodes, 81306 citable old nodes)  p=0.0003
  ER generated 2440687 total edges so far
  DeviceGraph: fwd=1362239 bwd=1362239 edges
  Year 2021 total: 927 ms  (pop: 82120)

--- Year 2022 [ER:er-gnp] (pop: 82120) ---
  Adding 822 new papers
  Launching ER kernel (822 new nodes, 82120 citable old nodes)  p=0.0003
  ER generated 2460927 total edges so far
  DeviceGraph: fwd=1382479 bwd=1382479 edges
  Year 2022 total: 926 ms  (pop: 82942)

--- Year 2023 [ER:er-gnp] (pop: 82942) ---
  Adding 830 new papers
  Launching ER kernel (830 new nodes, 82942 citable old nodes)  p=0.0003
  ER generated 2481427 total edges so far
  DeviceGraph: fwd=1402979 bwd=1402979 edges
  Year 2023 total: 1010 ms  (pop: 83772)

=== Simulation Complete ===
Total: 2 s  Final pop: 83772

=== Exporting Results ===
Edges saved: ./output/0.03/mass-er-gnp_cuda-twt-output-3y-1p.edgelist (2481427)
./output/0.03/mass-er-gnp_cuda-twt-static-output-3y-1p.aux

Done.

real	0m6.576s
user	0m5.832s
sys	0m0.692s
Running dataset=amz growth=1% cycles=3y er_prob=0.0005 (0.05%) threads=16
./output/0.05/mass-er-gnp_cuda-amz-output-3y-1p.edgelist
./output/0.05/mass-er-gnp_cuda-amz-static-output-3y-1p.aux
tee: ./output/0.05/mass-er-gnp_cuda-amz-static-3y-1p-abm.out: No such file or directory
Cannot open: ./output/0.05/mass-er-gnp_cuda-amz-static-output-3y-1p.aux
Citation Network ABM – MASS CUDA
=================================

Out-degree bag: 3980408 entries
Recency probs:  356 entries
BFS batches:    10 per year

=== Initializing Citation ABM ===

Inside parseNodelist...
Populating continuous node mappings (334863 nodes)...
parseNodelist done in 327 ms (334863 nodes)

Inside parseEdgelist...
parseEdgelist done in 99 ms (925872 edges)
Seed max year: 2020  → simulation starts at 2021
Max population: 347011
Seed population: 334863 papers
  DeviceGraph: fwd=925872 bwd=925872 edges
Initialization complete


=== Simulation Start  [model: er-gnp] ===

--- Year 2021 [ER:er-gnp] (pop: 334863) ---
  Adding 3349 new papers
  Launching ER kernel (3349 new nodes, 334863 citable old nodes)  p=0.0005
  ER generated 1487459 total edges so far
  DeviceGraph: fwd=1487459 bwd=1487459 edges
  Year 2021 total: 1369 ms  (pop: 338212)

--- Year 2022 [ER:er-gnp] (pop: 338212) ---
  Adding 3383 new papers
  Launching ER kernel (3383 new nodes, 338212 citable old nodes)  p=0.0005
  ER generated 2059125 total edges so far
  DeviceGraph: fwd=2059125 bwd=2059125 edges
  Year 2022 total: 1865 ms  (pop: 341595)

--- Year 2023 [ER:er-gnp] (pop: 341595) ---
  Adding 3416 new papers
  Launching ER kernel (3416 new nodes, 341595 citable old nodes)  p=0.0005
  ER generated 2642643 total edges so far
  DeviceGraph: fwd=2642643 bwd=2642643 edges
  Year 2023 total: 2347 ms  (pop: 345011)

=== Simulation Complete ===
Total: 5 s  Final pop: 345011

=== Exporting Results ===
Edges saved: ./output/0.05/mass-er-gnp_cuda-amz-output-3y-1p.edgelist (2642643)

Done.

real	0m10.866s
user	0m9.861s
sys	0m0.967s
Running dataset=eu growth=1% cycles=3y er_prob=0.0005 (0.05%) threads=16
./output/0.05/mass-er-gnp_cuda-eu-output-3y-1p.edgelist
./output/0.05/mass-er-gnp_cuda-eu-static-output-3y-1p.aux
tee: ./output/0.05/mass-er-gnp_cuda-eu-static-3y-1p-abm.out: No such file or directory
Cannot open: ./output/0.05/mass-er-gnp_cuda-eu-static-output-3y-1p.aux
Citation Network ABM – MASS CUDA
=================================

Out-degree bag: 3980408 entries
Recency probs:  356 entries
BFS batches:    10 per year

=== Initializing Citation ABM ===

Inside parseNodelist...
Populating continuous node mappings (265009 nodes)...
parseNodelist done in 265 ms (265009 nodes)

Inside parseEdgelist...
parseEdgelist done in 38 ms (418956 edges)
Seed max year: 2020  → simulation starts at 2021
Max population: 275041
Seed population: 265009 papers
  DeviceGraph: fwd=364481 bwd=364481 edges
Initialization complete


=== Simulation Start  [model: er-gnp] ===

--- Year 2021 [ER:er-gnp] (pop: 265009) ---
  Adding 2651 new papers
  Launching ER kernel (2651 new nodes, 265009 citable old nodes)  p=0.0005
  ER generated 770649 total edges so far
  DeviceGraph: fwd=716174 bwd=716174 edges
  Year 2021 total: 667 ms  (pop: 267660)

--- Year 2022 [ER:er-gnp] (pop: 267660) ---
  Adding 2677 new papers
  Launching ER kernel (2677 new nodes, 267660 citable old nodes)  p=0.0005
  ER generated 1128825 total edges so far
  DeviceGraph: fwd=1074350 bwd=1074350 edges
  Year 2022 total: 874 ms  (pop: 270337)

--- Year 2023 [ER:er-gnp] (pop: 270337) ---
  Adding 2704 new papers
  Launching ER kernel (2704 new nodes, 270337 citable old nodes)  p=0.0005
  ER generated 1494893 total edges so far
  DeviceGraph: fwd=1440418 bwd=1440418 edges
  Year 2023 total: 1131 ms  (pop: 273041)

=== Simulation Complete ===
Total: 2 s  Final pop: 273041

=== Exporting Results ===
Edges saved: ./output/0.05/mass-er-gnp_cuda-eu-output-3y-1p.edgelist (1494893)

Done.

real	0m5.882s
user	0m5.095s
sys	0m0.765s
Running dataset=yutb growth=1% cycles=3y er_prob=0.0005 (0.05%) threads=16
./output/0.05/mass-er-gnp_cuda-yutb-output-3y-1p.edgelist
./output/0.05/mass-er-gnp_cuda-yutb-static-output-3y-1p.aux
tee: ./output/0.05/mass-er-gnp_cuda-yutb-static-3y-1p-abm.out: No such file or directory
Cannot open: Citation Network ABM – MASS CUDA
=================================

Out-degree bag: 3980408 entries
Recency probs:  356 entries
BFS batches:    10 per year

=== Initializing Citation ABM ===

Inside parseNodelist...
Populating continuous node mappings (1134890 nodes)...
parseNodelist done in 1278 ms (1134890 nodes)

Inside parseEdgelist...
parseEdgelist done in 240 ms (2987624 edges)
Seed max year: 2026  → simulation starts at 2027
Max population: 1171280
Seed population: 1134890 papers
  DeviceGraph: fwd=2987624 bwd=2987624 edges
Initialization complete


=== Simulation Start  [model: er-gnp] ===

--- Year 2027 [ER:er-gnp] (pop: 1134890) ---
  Adding 11349 new papers
  Launching ER kernel (11349 new nodes, 1134890 citable old nodes)  p=0.0005
  ER generated 9427181 total edges so far
  DeviceGraph: fwd=9427181 bwd=9427181 edges
  Year 2027 total: 9287 ms  (pop: 1146239)

--- Year 2028 [ER:er-gnp] (pop: 1146239) ---
  Adding 11463 new papers
  Launching ER kernel (11463 new nodes, 1146239 citable old nodes)  p=0.0005
  ER generated 15995337 total edges so far
  DeviceGraph: fwd=15995337 bwd=15995337 edges
  Year 2028 total: 16966 ms  (pop: 1157702)

--- Year 2029 [ER:er-gnp] (pop: 1157702) ---
  Adding 11578 new papers
  Launching ER kernel (11578 new nodes, 1157702 citable old nodes)  p=0.0005
  ER generated 22697355 total edges so far
  DeviceGraph: fwd=22697355 bwd=22697355 edges
  Year 2029 total: 24272 ms  (pop: 1169280)

=== Simulation Complete ===
Total: 50 s  Final pop: 1169280

=== Exporting Results ===
Edges saved: ./output/0.05/mass-er-gnp_cuda-yutb-output-3y-1p.edgelist (22697355)
./output/0.05/mass-er-gnp_cuda-yutb-static-output-3y-1p.aux

Done.

real	1m21.232s
user	1m18.437s
sys	0m2.579s
Running dataset=twt growth=1% cycles=3y er_prob=0.0005 (0.05%) threads=16
./output/0.05/mass-er-gnp_cuda-twt-output-3y-1p.edgelist
./output/0.05/mass-er-gnp_cuda-twt-static-output-3y-1p.aux
tee: ./output/0.05/mass-er-gnp_cuda-twt-static-3y-1p-abm.out: No such file or directory
Cannot open: ./output/0.05/mass-er-gnp_cuda-twt-static-output-3y-1p.aux
Citation Network ABM – MASS CUDA
=================================

Out-degree bag: 3980408 entries
Recency probs:  356 entries
BFS batches:    10 per year

=== Initializing Citation ABM ===

Inside parseNodelist...
Populating continuous node mappings (81306 nodes)...
parseNodelist done in 62 ms (81306 nodes)

Inside parseEdgelist...
parseEdgelist done in 187 ms (2420744 edges)
Seed max year: 2020  → simulation starts at 2021
Max population: 85772
Seed population: 81306 papers
  DeviceGraph: fwd=1342296 bwd=1342296 edges
Initialization complete


=== Simulation Start  [model: er-gnp] ===

--- Year 2021 [ER:er-gnp] (pop: 81306) ---
  Adding 814 new papers
  Launching ER kernel (814 new nodes, 81306 citable old nodes)  p=0.0005
  ER generated 2453831 total edges so far
  DeviceGraph: fwd=1375383 bwd=1375383 edges
  Year 2021 total: 1105 ms  (pop: 82120)

--- Year 2022 [ER:er-gnp] (pop: 82120) ---
  Adding 822 new papers
  Launching ER kernel (822 new nodes, 82120 citable old nodes)  p=0.0005
  ER generated 2487705 total edges so far
  DeviceGraph: fwd=1409257 bwd=1409257 edges
  Year 2022 total: 1185 ms  (pop: 82942)

--- Year 2023 [ER:er-gnp] (pop: 82942) ---
  Adding 830 new papers
  Launching ER kernel (830 new nodes, 82942 citable old nodes)  p=0.0005
  ER generated 2522041 total edges so far
  DeviceGraph: fwd=1443593 bwd=1443593 edges
  Year 2023 total: 1277 ms  (pop: 83772)

=== Simulation Complete ===
Total: 3 s  Final pop: 83772

=== Exporting Results ===
Edges saved: ./output/0.05/mass-er-gnp_cuda-twt-output-3y-1p.edgelist (2522041)

Done.

real	0m7.365s
user	0m6.587s
sys	0m0.751s
Running dataset=amz growth=1% cycles=3y er_prob=0.001 (0.10%) threads=16
./output/0.10/mass-er-gnp_cuda-amz-output-3y-1p.edgelist
./output/0.10/mass-er-gnp_cuda-amz-static-output-3y-1p.aux
tee: ./output/0.10/mass-er-gnp_cuda-amz-static-3y-1p-abm.out: No such file or directory
Cannot open: ./output/0.10/mass-er-gnp_cuda-amz-static-output-3y-1p.aux
Citation Network ABM – MASS CUDA
=================================

Out-degree bag: 3980408 entries
Recency probs:  356 entries
BFS batches:    10 per year

=== Initializing Citation ABM ===

Inside parseNodelist...
Populating continuous node mappings (334863 nodes)...
parseNodelist done in 329 ms (334863 nodes)

Inside parseEdgelist...
parseEdgelist done in 119 ms (925872 edges)
Seed max year: 2020  → simulation starts at 2021
Max population: 347011
Seed population: 334863 papers
  DeviceGraph: fwd=925872 bwd=925872 edges
Initialization complete


=== Simulation Start  [model: er-gnp] ===

--- Year 2021 [ER:er-gnp] (pop: 334863) ---
  Adding 3349 new papers
  Launching ER kernel (3349 new nodes, 334863 citable old nodes)  p=0.001
  ER generated 2047877 total edges so far
  DeviceGraph: fwd=2047877 bwd=2047877 edges
  Year 2021 total: 1705 ms  (pop: 338212)

--- Year 2022 [ER:er-gnp] (pop: 338212) ---
  Adding 3383 new papers
  Launching ER kernel (3383 new nodes, 338212 citable old nodes)  p=0.001
  ER generated 3191133 total edges so far
  DeviceGraph: fwd=3191133 bwd=3191133 edges
  Year 2022 total: 2668 ms  (pop: 341595)

--- Year 2023 [ER:er-gnp] (pop: 341595) ---
  Adding 3416 new papers
  Launching ER kernel (3416 new nodes, 341595 citable old nodes)  p=0.001
  ER generated 4357575 total edges so far
  DeviceGraph: fwd=4357575 bwd=4357575 edges
  Year 2023 total: 3870 ms  (pop: 345011)

=== Simulation Complete ===
Total: 8 s  Final pop: 345011

=== Exporting Results ===
Edges saved: ./output/0.10/mass-er-gnp_cuda-amz-output-3y-1p.edgelist (4357575)

Done.

real	0m14.878s
user	0m13.850s
sys	0m0.984s
Running dataset=eu growth=1% cycles=3y er_prob=0.001 (0.10%) threads=16
./output/0.10/mass-er-gnp_cuda-eu-output-3y-1p.edgelist
./output/0.10/mass-er-gnp_cuda-eu-static-output-3y-1p.aux
tee: ./output/0.10/mass-er-gnp_cuda-eu-static-3y-1p-abm.out: No such file or directory
Cannot open: Citation Network ABM – MASS CUDA
=================================

Out-degree bag: 3980408 entries
Recency probs:  356 entries
BFS batches:    10 per year

=== Initializing Citation ABM ===

Inside parseNodelist...
Populating continuous node mappings (265009 nodes)...
parseNodelist done in 261 ms (265009 nodes)

Inside parseEdgelist...
parseEdgelist done in 38 ms (418956 edges)
Seed max year: 2020  → simulation starts at 2021
Max population: 275041
Seed population: 265009 papers
  DeviceGraph: fwd=364481 bwd=364481 edges
Initialization complete


=== Simulation Start  [model: er-gnp] ===

--- Year 2021 [ER:er-gnp] (pop: 265009) ---
  Adding 2651 new papers
  Launching ER kernel (2651 new nodes, 265009 citable old nodes)  p=0.001
  ER generated 1121408 total edges so far
  DeviceGraph: fwd=1066933 bwd=1066933 edges
  Year 2021 total: 801 ms  (pop: 267660)

--- Year 2022 [ER:er-gnp] (pop: 267660) ---
  Adding 2677 new papers
  Launching ER kernel (2677 new nodes, 267660 citable old nodes)  p=0.001
  ER generated 1837056 total edges so far
  DeviceGraph: fwd=1782581 bwd=1782581 edges
  Year 2022 total: 1248 ms  (pop: 270337)

--- Year 2023 [ER:er-gnp] (pop: 270337) ---
  Adding 2704 new papers
  Launching ER kernel (2704 new nodes, 270337 citable old nodes)  p=0.001
  ER generated 2568133 total edges so far
  DeviceGraph: fwd=2513658 bwd=2513658 edges
  Year 2023 total: 1871 ms  (pop: 273041)

=== Simulation Complete ===
Total: 3 s  Final pop: 273041

=== Exporting Results ===
Edges saved: ./output/0.10/mass-er-gnp_cuda-eu-output-3y-1p.edgelist (2568133)
./output/0.10/mass-er-gnp_cuda-eu-static-output-3y-1p.aux

Done.

real	0m7.945s
user	0m7.099s
sys	0m0.819s
Running dataset=yutb growth=1% cycles=3y er_prob=0.001 (0.10%) threads=16
./output/0.10/mass-er-gnp_cuda-yutb-output-3y-1p.edgelist
./output/0.10/mass-er-gnp_cuda-yutb-static-output-3y-1p.aux
tee: ./output/0.10/mass-er-gnp_cuda-yutb-static-3y-1p-abm.out: No such file or directory
Cannot open: Citation Network ABM – MASS CUDA
=================================

Out-degree bag: 3980408 entries
Recency probs:  356 entries
BFS batches:    10 per year

=== Initializing Citation ABM ===

Inside parseNodelist...
Populating continuous node mappings (1134890 nodes)...
parseNodelist done in 1289 ms (1134890 nodes)

Inside parseEdgelist...
parseEdgelist done in 223 ms (2987624 edges)
Seed max year: 2026  → simulation starts at 2027
Max population: 1171280
Seed population: 1134890 papers
  DeviceGraph: fwd=2987624 bwd=2987624 edges
Initialization complete


=== Simulation Start  [model: er-gnp] ===

--- Year 2027 [ER:er-gnp] (pop: 1134890) ---
  Adding 11349 new papers
  Launching ER kernel (11349 new nodes, 1134890 citable old nodes)  p=0.001
  ER generated 15862780 total edges so far
  DeviceGraph: fwd=15862780 bwd=15862780 edges
  Year 2027 total: 16135 ms  (pop: 1146239)

--- Year 2028 [ER:er-gnp] (pop: 1146239) ---
  Adding 11463 new papers
  Launching ER kernel (11463 new nodes, 1146239 citable old nodes)  p=0.001
  ER generated 28996888 total edges so far
  DeviceGraph: fwd=28996888 bwd=28996888 edges
  Year 2028 total: 32639 ms  (pop: 1157702)

--- Year 2029 [ER:er-gnp] (pop: 1157702) ---
  Adding 11578 new papers
  Launching ER kernel (11578 new nodes, 1157702 citable old nodes)  p=0.001
  ER generated 42399676 total edges so far
  DeviceGraph: fwd=42399676 bwd=42399676 edges
  Year 2029 total: 51085 ms  (pop: 1169280)

=== Simulation Complete ===
Total: 99 s  Final pop: 1169280

=== Exporting Results ===
Edges saved: ./output/0.10/mass-er-gnp_cuda-yutb-output-3y-1p.edgelist (42399676)
./output/0.10/mass-er-gnp_cuda-yutb-static-output-3y-1p.aux

Done.

real	2m30.838s
user	2m26.148s
sys	0m4.295s
Running dataset=twt growth=1% cycles=3y er_prob=0.001 (0.10%) threads=16
./output/0.10/mass-er-gnp_cuda-twt-output-3y-1p.edgelist
./output/0.10/mass-er-gnp_cuda-twt-static-output-3y-1p.aux
tee: ./output/0.10/mass-er-gnp_cuda-twt-static-3y-1p-abm.out: No such file or directory
Cannot open: Citation Network ABM – MASS CUDA
=================================

Out-degree bag: 3980408 entries
Recency probs:  356 entries
BFS batches:    10 per year

=== Initializing Citation ABM ===

Inside parseNodelist...
Populating continuous node mappings (81306 nodes)...
parseNodelist done in 64 ms (81306 nodes)

Inside parseEdgelist...
parseEdgelist done in 187 ms (2420744 edges)
Seed max year: 2020  → simulation starts at 2021
Max population: 85772
Seed population: 81306 papers
  DeviceGraph: fwd=1342296 bwd=1342296 edges
Initialization complete


=== Simulation Start  [model: er-gnp] ===

--- Year 2021 [ER:er-gnp] (pop: 81306) ---
  Adding 814 new papers
  Launching ER kernel (814 new nodes, 81306 citable old nodes)  p=0.001
  ER generated 2486559 total edges so far
  DeviceGraph: fwd=1408111 bwd=1408111 edges
  Year 2021 total: 867 ms  (pop: 82120)

--- Year 2022 [ER:er-gnp] (pop: 82120) ---
  Adding 822 new papers
  Launching ER kernel (822 new nodes, 82120 citable old nodes)  p=0.001
  ER generated 2554091 total edges so far
  DeviceGraph: fwd=1475643 bwd=1475643 edges
  Year 2022 total: 935 ms  (pop: 82942)

--- Year 2023 [ER:er-gnp] (pop: 82942) ---
  Adding 830 new papers
  Launching ER kernel (830 new nodes, 82942 citable old nodes)  p=0.001
  ER generated 2622746 total edges so far
  DeviceGraph: fwd=1544298 bwd=1544298 edges
  Year 2023 total: 1000 ms  (pop: 83772)

=== Simulation Complete ===
Total: 2 s  Final pop: 83772

=== Exporting Results ===
Edges saved: ./output/0.10/mass-er-gnp_cuda-twt-output-3y-1p.edgelist (2622746)
./output/0.10/mass-er-gnp_cuda-twt-static-output-3y-1p.aux

Done.

real	0m6.603s
user	0m5.855s
sys	0m0.721s
Running dataset=amz growth=1% cycles=10y er_prob=0.0001 (0.01%) threads=16
./output/0.01/mass-er-gnp_cuda-amz-output-10y-1p.edgelist
./output/0.01/mass-er-gnp_cuda-amz-static-output-10y-1p.aux
tee: ./output/0.01/mass-er-gnp_cuda-amz-static-10y-1p-abm.out: No such file or directory
Cannot open: ./output/0.01/mass-er-gnp_cuda-amz-static-output-10y-1p.aux
Citation Network ABM – MASS CUDA
=================================

Out-degree bag: 3980408 entries
Recency probs:  356 entries
BFS batches:    10 per year

=== Initializing Citation ABM ===

Inside parseNodelist...
Populating continuous node mappings (334863 nodes)...
parseNodelist done in 340 ms (334863 nodes)

Inside parseEdgelist...
parseEdgelist done in 105 ms (925872 edges)
Seed max year: 2020  → simulation starts at 2021
Max population: 371903
Seed population: 334863 papers
  DeviceGraph: fwd=925872 bwd=925872 edges
Initialization complete


=== Simulation Start  [model: er-gnp] ===

--- Year 2021 [ER:er-gnp] (pop: 334863) ---
  Adding 3349 new papers
  Launching ER kernel (3349 new nodes, 334863 citable old nodes)  p=0.0001
  ER generated 1038032 total edges so far
  DeviceGraph: fwd=1038032 bwd=1038032 edges
  Year 2021 total: 1193 ms  (pop: 338212)

--- Year 2022 [ER:er-gnp] (pop: 338212) ---
  Adding 3383 new papers
  Launching ER kernel (3383 new nodes, 338212 citable old nodes)  p=0.0001
  ER generated 1152474 total edges so far
  DeviceGraph: fwd=1152474 bwd=1152474 edges
  Year 2022 total: 1368 ms  (pop: 341595)

--- Year 2023 [ER:er-gnp] (pop: 341595) ---
  Adding 3416 new papers
  Launching ER kernel (3416 new nodes, 341595 citable old nodes)  p=0.0001
  ER generated 1268624 total edges so far
  DeviceGraph: fwd=1268624 bwd=1268624 edges
  Year 2023 total: 1455 ms  (pop: 345011)

--- Year 2024 [ER:er-gnp] (pop: 345011) ---
  Adding 3451 new papers
  Launching ER kernel (3451 new nodes, 345011 citable old nodes)  p=0.0001
  ER generated 1387978 total edges so far
  DeviceGraph: fwd=1387978 bwd=1387978 edges
  Year 2024 total: 1305 ms  (pop: 348462)

--- Year 2025 [ER:er-gnp] (pop: 348462) ---
  Adding 3485 new papers
  Launching ER kernel (3485 new nodes, 348462 citable old nodes)  p=0.0001
  ER generated 1510082 total edges so far
  DeviceGraph: fwd=1510082 bwd=1510082 edges
  Year 2025 total: 1296 ms  (pop: 351947)

--- Year 2026 [ER:er-gnp] (pop: 351947) ---
  Adding 3520 new papers
  Launching ER kernel (3520 new nodes, 351947 citable old nodes)  p=0.0001
  ER generated 1633725 total edges so far
  DeviceGraph: fwd=1633725 bwd=1633725 edges
  Year 2026 total: 1447 ms  (pop: 355467)

--- Year 2027 [ER:er-gnp] (pop: 355467) ---
  Adding 3555 new papers
  Launching ER kernel (3555 new nodes, 355467 citable old nodes)  p=0.0001
  ER generated 1760359 total edges so far
  DeviceGraph: fwd=1760359 bwd=1760359 edges
  Year 2027 total: 1465 ms  (pop: 359022)

--- Year 2028 [ER:er-gnp] (pop: 359022) ---
  Adding 3591 new papers
  Launching ER kernel (3591 new nodes, 359022 citable old nodes)  p=0.0001
  ER generated 1889442 total edges so far
  DeviceGraph: fwd=1889442 bwd=1889442 edges
  Year 2028 total: 1592 ms  (pop: 362613)

--- Year 2029 [ER:er-gnp] (pop: 362613) ---
  Adding 3627 new papers
  Launching ER kernel (3627 new nodes, 362613 citable old nodes)  p=0.0001
  ER generated 2021059 total edges so far
  DeviceGraph: fwd=2021059 bwd=2021059 edges
  Year 2029 total: 1685 ms  (pop: 366240)

--- Year 2030 [ER:er-gnp] (pop: 366240) ---
  Adding 3663 new papers
  Launching ER kernel (3663 new nodes, 366240 citable old nodes)  p=0.0001
  ER generated 2154325 total edges so far
  DeviceGraph: fwd=2154325 bwd=2154325 edges
  Year 2030 total: 1798 ms  (pop: 369903)

=== Simulation Complete ===
Total: 14 s  Final pop: 369903

=== Exporting Results ===
Edges saved: ./output/0.01/mass-er-gnp_cuda-amz-output-10y-1p.edgelist (2154325)

Done.

real	0m19.425s
user	0m18.473s
sys	0m0.889s
Running dataset=eu growth=1% cycles=10y er_prob=0.0001 (0.01%) threads=16
./output/0.01/mass-er-gnp_cuda-eu-output-10y-1p.edgelist
./output/0.01/mass-er-gnp_cuda-eu-static-output-10y-1p.aux
tee: ./output/0.01/mass-er-gnp_cuda-eu-static-10y-1p-abm.out: No such file or directory
Cannot open: ./output/0.01/mass-er-gnp_cuda-eu-static-output-10y-1p.aux
Citation Network ABM – MASS CUDA
=================================

Out-degree bag: 3980408 entries
Recency probs:  356 entries
BFS batches:    10 per year

=== Initializing Citation ABM ===

Inside parseNodelist...
Populating continuous node mappings (265009 nodes)...
parseNodelist done in 252 ms (265009 nodes)

Inside parseEdgelist...
parseEdgelist done in 37 ms (418956 edges)
Seed max year: 2020  → simulation starts at 2021
Max population: 294741
Seed population: 265009 papers
  DeviceGraph: fwd=364481 bwd=364481 edges
Initialization complete


=== Simulation Start  [model: er-gnp] ===

--- Year 2021 [ER:er-gnp] (pop: 265009) ---
  Adding 2651 new papers
  Launching ER kernel (2651 new nodes, 265009 citable old nodes)  p=0.0001
  ER generated 489487 total edges so far
  DeviceGraph: fwd=435012 bwd=435012 edges
  Year 2021 total: 392 ms  (pop: 267660)

--- Year 2022 [ER:er-gnp] (pop: 267660) ---
  Adding 2677 new papers
  Launching ER kernel (2677 new nodes, 267660 citable old nodes)  p=0.0001
  ER generated 561308 total edges so far
  DeviceGraph: fwd=506833 bwd=506833 edges
  Year 2022 total: 425 ms  (pop: 270337)

--- Year 2023 [ER:er-gnp] (pop: 270337) ---
  Adding 2704 new papers
  Launching ER kernel (2704 new nodes, 270337 citable old nodes)  p=0.0001
  ER generated 634178 total edges so far
  DeviceGraph: fwd=579703 bwd=579703 edges
  Year 2023 total: 469 ms  (pop: 273041)

--- Year 2024 [ER:er-gnp] (pop: 273041) ---
  Adding 2731 new papers
  Launching ER kernel (2731 new nodes, 273041 citable old nodes)  p=0.0001
  ER generated 708933 total edges so far
  DeviceGraph: fwd=654458 bwd=654458 edges
  Year 2024 total: 537 ms  (pop: 275772)

--- Year 2025 [ER:er-gnp] (pop: 275772) ---
  Adding 2758 new papers
  Launching ER kernel (2758 new nodes, 275772 citable old nodes)  p=0.0001
  ER generated 785707 total edges so far
  DeviceGraph: fwd=731232 bwd=731232 edges
  Year 2025 total: 579 ms  (pop: 278530)

--- Year 2026 [ER:er-gnp] (pop: 278530) ---
  Adding 2786 new papers
  Launching ER kernel (2786 new nodes, 278530 citable old nodes)  p=0.0001
  ER generated 863310 total edges so far
  DeviceGraph: fwd=808835 bwd=808835 edges
  Year 2026 total: 674 ms  (pop: 281316)

--- Year 2027 [ER:er-gnp] (pop: 281316) ---
  Adding 2814 new papers
  Launching ER kernel (2814 new nodes, 281316 citable old nodes)  p=0.0001
  ER generated 942639 total edges so far
  DeviceGraph: fwd=888164 bwd=888164 edges
  Year 2027 total: 685 ms  (pop: 284130)

--- Year 2028 [ER:er-gnp] (pop: 284130) ---
  Adding 2842 new papers
  Launching ER kernel (2842 new nodes, 284130 citable old nodes)  p=0.0001
  ER generated 1023422 total edges so far
  DeviceGraph: fwd=968947 bwd=968947 edges
  Year 2028 total: 734 ms  (pop: 286972)

--- Year 2029 [ER:er-gnp] (pop: 286972) ---
  Adding 2870 new papers
  Launching ER kernel (2870 new nodes, 286972 citable old nodes)  p=0.0001
  ER generated 1105785 total edges so far
  DeviceGraph: fwd=1051310 bwd=1051310 edges
  Year 2029 total: 804 ms  (pop: 289842)

--- Year 2030 [ER:er-gnp] (pop: 289842) ---
  Adding 2899 new papers
  Launching ER kernel (2899 new nodes, 289842 citable old nodes)  p=0.0001
  ER generated 1189380 total edges so far
  DeviceGraph: fwd=1134905 bwd=1134905 edges
  Year 2030 total: 893 ms  (pop: 292741)

=== Simulation Complete ===
Total: 6 s  Final pop: 292741

=== Exporting Results ===
Edges saved: ./output/0.01/mass-er-gnp_cuda-eu-output-10y-1p.edgelist (1189380)

Done.

real	0m9.250s
user	0m8.264s
sys	0m0.952s
Running dataset=yutb growth=1% cycles=10y er_prob=0.0001 (0.01%) threads=16
./output/0.01/mass-er-gnp_cuda-yutb-output-10y-1p.edgelist
./output/0.01/mass-er-gnp_cuda-yutb-static-output-10y-1p.aux
tee: ./output/0.01/mass-er-gnp_cuda-yutb-static-10y-1p-abm.out: No such file or directory
Cannot open: ./output/0.01/mass-er-gnp_cuda-yutb-static-output-10y-1p.aux
Citation Network ABM – MASS CUDA
=================================

Out-degree bag: 3980408 entries
Recency probs:  356 entries
BFS batches:    10 per year

=== Initializing Citation ABM ===

Inside parseNodelist...
Populating continuous node mappings (1134890 nodes)...
parseNodelist done in 1304 ms (1134890 nodes)

Inside parseEdgelist...
parseEdgelist done in 223 ms (2987624 edges)
Seed max year: 2026  → simulation starts at 2027
Max population: 1255630
Seed population: 1134890 papers
  DeviceGraph: fwd=2987624 bwd=2987624 edges
Initialization complete


=== Simulation Start  [model: er-gnp] ===

--- Year 2027 [ER:er-gnp] (pop: 1134890) ---
  Adding 11349 new papers
  Launching ER kernel (11349 new nodes, 1134890 citable old nodes)  p=0.0001
  ER generated 4276603 total edges so far
  DeviceGraph: fwd=4276603 bwd=4276603 edges
  Year 2027 total: 4131 ms  (pop: 1146239)

--- Year 2028 [ER:er-gnp] (pop: 1146239) ---
  Adding 11463 new papers
  Launching ER kernel (11463 new nodes, 1146239 citable old nodes)  p=0.0001
  ER generated 5590313 total edges so far
  DeviceGraph: fwd=5590313 bwd=5590313 edges
  Year 2028 total: 5368 ms  (pop: 1157702)

--- Year 2029 [ER:er-gnp] (pop: 1157702) ---
  Adding 11578 new papers
  Launching ER kernel (11578 new nodes, 1157702 citable old nodes)  p=0.0001
  ER generated 6931060 total edges so far
  DeviceGraph: fwd=6931060 bwd=6931060 edges
  Year 2029 total: 6489 ms  (pop: 1169280)

--- Year 2030 [ER:er-gnp] (pop: 1169280) ---
  Adding 11693 new papers
  Launching ER kernel (11693 new nodes, 1169280 citable old nodes)  p=0.0001
  ER generated 8297411 total edges so far
  DeviceGraph: fwd=8297411 bwd=8297411 edges
  Year 2030 total: 7683 ms  (pop: 1180973)

--- Year 2031 [ER:er-gnp] (pop: 1180973) ---
  Adding 11810 new papers
  Launching ER kernel (11810 new nodes, 1180973 citable old nodes)  p=0.0001
  ER generated 9690883 total edges so far
  DeviceGraph: fwd=9690883 bwd=9690883 edges
  Year 2031 total: 9655 ms  (pop: 1192783)

--- Year 2032 [ER:er-gnp] (pop: 1192783) ---
  Adding 11928 new papers
  Launching ER kernel (11928 new nodes, 1192783 citable old nodes)  p=0.0001
  ER generated 11110854 total edges so far
  DeviceGraph: fwd=11110854 bwd=11110854 edges
  Year 2032 total: 10768 ms  (pop: 1204711)

--- Year 2033 [ER:er-gnp] (pop: 1204711) ---
  Adding 12048 new papers
  Launching ER kernel (12048 new nodes, 1204711 citable old nodes)  p=0.0001
  ER generated 12562946 total edges so far
  DeviceGraph: fwd=12562946 bwd=12562946 edges
  Year 2033 total: 11930 ms  (pop: 1216759)

--- Year 2034 [ER:er-gnp] (pop: 1216759) ---
  Adding 12168 new papers
  Launching ER kernel (12168 new nodes, 1216759 citable old nodes)  p=0.0001
  ER generated 14043226 total edges so far
  DeviceGraph: fwd=14043226 bwd=14043226 edges
  Year 2034 total: 13820 ms  (pop: 1228927)

--- Year 2035 [ER:er-gnp] (pop: 1228927) ---
  Adding 12290 new papers
  Launching ER kernel (12290 new nodes, 1228927 citable old nodes)  p=0.0001
  ER generated 15553426 total edges so far
  DeviceGraph: fwd=15553426 bwd=15553426 edges
  Year 2035 total: 15717 ms  (pop: 1241217)

--- Year 2036 [ER:er-gnp] (pop: 1241217) ---
  Adding 12413 new papers
  Launching ER kernel (12413 new nodes, 1241217 citable old nodes)  p=0.0001
  ER generated 17094193 total edges so far
  DeviceGraph: fwd=17094193 bwd=17094193 edges
  Year 2036 total: 17950 ms  (pop: 1253630)

=== Simulation Complete ===
Total: 103 s  Final pop: 1253630

=== Exporting Results ===
Edges saved: ./output/0.01/mass-er-gnp_cuda-yutb-output-10y-1p.edgelist (17094193)

Done.

real	2m8.424s
user	2m5.468s
sys	0m2.595s
Running dataset=twt growth=1% cycles=10y er_prob=0.0001 (0.01%) threads=16
./output/0.01/mass-er-gnp_cuda-twt-output-10y-1p.edgelist
./output/0.01/mass-er-gnp_cuda-twt-static-output-10y-1p.aux
tee: ./output/0.01/mass-er-gnp_cuda-twt-static-10y-1p-abm.out: No such file or directory
Cannot open: ./output/0.01/mass-er-gnp_cuda-twt-static-output-10y-1p.aux
Citation Network ABM – MASS CUDA
=================================

Out-degree bag: 3980408 entries
Recency probs:  356 entries
BFS batches:    10 per year

=== Initializing Citation ABM ===

Inside parseNodelist...
Populating continuous node mappings (81306 nodes)...
parseNodelist done in 73 ms (81306 nodes)

Inside parseEdgelist...
parseEdgelist done in 195 ms (2420744 edges)
Seed max year: 2020  → simulation starts at 2021
Max population: 91819
Seed population: 81306 papers
  DeviceGraph: fwd=1342296 bwd=1342296 edges
Initialization complete


=== Simulation Start  [model: er-gnp] ===

--- Year 2021 [ER:er-gnp] (pop: 81306) ---
  Adding 814 new papers
  Launching ER kernel (814 new nodes, 81306 citable old nodes)  p=0.0001
  ER generated 2427466 total edges so far
  DeviceGraph: fwd=1349016 bwd=1349016 edges
  Year 2021 total: 824 ms  (pop: 82120)

--- Year 2022 [ER:er-gnp] (pop: 82120) ---
  Adding 822 new papers
  Launching ER kernel (822 new nodes, 82120 citable old nodes)  p=0.0001
  ER generated 2434264 total edges so far
  DeviceGraph: fwd=1355811 bwd=1355811 edges
  Year 2022 total: 820 ms  (pop: 82942)

--- Year 2023 [ER:er-gnp] (pop: 82942) ---
  Adding 830 new papers
  Launching ER kernel (830 new nodes, 82942 citable old nodes)  p=0.0001
  ER generated 2441273 total edges so far
  DeviceGraph: fwd=1362820 bwd=1362820 edges
  Year 2023 total: 847 ms  (pop: 83772)

--- Year 2024 [ER:er-gnp] (pop: 83772) ---
  Adding 838 new papers
  Launching ER kernel (838 new nodes, 83772 citable old nodes)  p=0.0001
  ER generated 2448370 total edges so far
  DeviceGraph: fwd=1369917 bwd=1369917 edges
  Year 2024 total: 881 ms  (pop: 84610)

--- Year 2025 [ER:er-gnp] (pop: 84610) ---
  Adding 847 new papers
  Launching ER kernel (847 new nodes, 84610 citable old nodes)  p=0.0001
  ER generated 2455586 total edges so far
  DeviceGraph: fwd=1377133 bwd=1377133 edges
  Year 2025 total: 873 ms  (pop: 85457)

--- Year 2026 [ER:er-gnp] (pop: 85457) ---
  Adding 855 new papers
  Launching ER kernel (855 new nodes, 85457 citable old nodes)  p=0.0001
  ER generated 2462953 total edges so far
  DeviceGraph: fwd=1384500 bwd=1384500 edges
  Year 2026 total: 836 ms  (pop: 86312)

--- Year 2027 [ER:er-gnp] (pop: 86312) ---
  Adding 864 new papers
  Launching ER kernel (864 new nodes, 86312 citable old nodes)  p=0.0001
  ER generated 2470521 total edges so far
  DeviceGraph: fwd=1392068 bwd=1392068 edges
  Year 2027 total: 900 ms  (pop: 87176)

--- Year 2028 [ER:er-gnp] (pop: 87176) ---
  Adding 872 new papers
  Launching ER kernel (872 new nodes, 87176 citable old nodes)  p=0.0001
  ER generated 2478051 total edges so far
  DeviceGraph: fwd=1399598 bwd=1399598 edges
  Year 2028 total: 854 ms  (pop: 88048)

--- Year 2029 [ER:er-gnp] (pop: 88048) ---
  Adding 881 new papers
  Launching ER kernel (881 new nodes, 88048 citable old nodes)  p=0.0001
  ER generated 2485702 total edges so far
  DeviceGraph: fwd=1407249 bwd=1407249 edges
  Year 2029 total: 853 ms  (pop: 88929)

--- Year 2030 [ER:er-gnp] (pop: 88929) ---
  Adding 890 new papers
  Launching ER kernel (890 new nodes, 88929 citable old nodes)  p=0.0001
  ER generated 2493554 total edges so far
  DeviceGraph: fwd=1415101 bwd=1415101 edges
  Year 2030 total: 871 ms  (pop: 89819)

=== Simulation Complete ===
Total: 8 s  Final pop: 89819

=== Exporting Results ===
Edges saved: ./output/0.01/mass-er-gnp_cuda-twt-output-10y-1p.edgelist (2493554)

Done.

real	0m12.147s
user	0m11.388s
sys	0m0.719s
Running dataset=amz growth=1% cycles=10y er_prob=0.0003 (0.03%) threads=16
./output/0.03/mass-er-gnp_cuda-amz-output-10y-1p.edgelist
./output/0.03/mass-er-gnp_cuda-amz-static-output-10y-1p.aux
tee: ./output/0.03/mass-er-gnp_cuda-amz-static-10y-1p-abm.out: No such file or directory
Cannot open: ./output/0.03/mass-er-gnp_cuda-amz-static-output-10y-1p.aux
Citation Network ABM – MASS CUDA
=================================

Out-degree bag: 3980408 entries
Recency probs:  356 entries
BFS batches:    10 per year

=== Initializing Citation ABM ===

Inside parseNodelist...
Populating continuous node mappings (334863 nodes)...
parseNodelist done in 330 ms (334863 nodes)

Inside parseEdgelist...
parseEdgelist done in 95 ms (925872 edges)
Seed max year: 2020  → simulation starts at 2021
Max population: 371903
Seed population: 334863 papers
  DeviceGraph: fwd=925872 bwd=925872 edges
Initialization complete


=== Simulation Start  [model: er-gnp] ===

--- Year 2021 [ER:er-gnp] (pop: 334863) ---
  Adding 3349 new papers
  Launching ER kernel (3349 new nodes, 334863 citable old nodes)  p=0.0003
  ER generated 1262629 total edges so far
  DeviceGraph: fwd=1262629 bwd=1262629 edges
  Year 2021 total: 1121 ms  (pop: 338212)

--- Year 2022 [ER:er-gnp] (pop: 338212) ---
  Adding 3383 new papers
  Launching ER kernel (3383 new nodes, 338212 citable old nodes)  p=0.0003
  ER generated 1605262 total edges so far
  DeviceGraph: fwd=1605262 bwd=1605262 edges
  Year 2022 total: 1395 ms  (pop: 341595)

--- Year 2023 [ER:er-gnp] (pop: 341595) ---
  Adding 3416 new papers
  Launching ER kernel (3416 new nodes, 341595 citable old nodes)  p=0.0003
  ER generated 1955107 total edges so far
  DeviceGraph: fwd=1955107 bwd=1955107 edges
  Year 2023 total: 1629 ms  (pop: 345011)

--- Year 2024 [ER:er-gnp] (pop: 345011) ---
  Adding 3451 new papers
  Launching ER kernel (3451 new nodes, 345011 citable old nodes)  p=0.0003
  ER generated 2313228 total edges so far
  DeviceGraph: fwd=2313228 bwd=2313228 edges
  Year 2024 total: 1937 ms  (pop: 348462)

--- Year 2025 [ER:er-gnp] (pop: 348462) ---
  Adding 3485 new papers
  Launching ER kernel (3485 new nodes, 348462 citable old nodes)  p=0.0003
  ER generated 2678699 total edges so far
  DeviceGraph: fwd=2678699 bwd=2678699 edges
  Year 2025 total: 2229 ms  (pop: 351947)

--- Year 2026 [ER:er-gnp] (pop: 351947) ---
  Adding 3520 new papers
  Launching ER kernel (3520 new nodes, 351947 citable old nodes)  p=0.0003
  ER generated 3049786 total edges so far
  DeviceGraph: fwd=3049786 bwd=3049786 edges
  Year 2026 total: 2519 ms  (pop: 355467)

--- Year 2027 [ER:er-gnp] (pop: 355467) ---
  Adding 3555 new papers
  Launching ER kernel (3555 new nodes, 355467 citable old nodes)  p=0.0003
  ER generated 3429170 total edges so far
  DeviceGraph: fwd=3429170 bwd=3429170 edges
  Year 2027 total: 2804 ms  (pop: 359022)

--- Year 2028 [ER:er-gnp] (pop: 359022) ---
  Adding 3591 new papers
  Launching ER kernel (3591 new nodes, 359022 citable old nodes)  p=0.0003
  ER generated 3815689 total edges so far
  DeviceGraph: fwd=3815689 bwd=3815689 edges
  Year 2028 total: 3659 ms  (pop: 362613)

--- Year 2029 [ER:er-gnp] (pop: 362613) ---
  Adding 3627 new papers
  Launching ER kernel (3627 new nodes, 362613 citable old nodes)  p=0.0003
  ER generated 4209853 total edges so far
  DeviceGraph: fwd=4209853 bwd=4209853 edges
  Year 2029 total: 4146 ms  (pop: 366240)

--- Year 2030 [ER:er-gnp] (pop: 366240) ---
  Adding 3663 new papers
  Launching ER kernel (3663 new nodes, 366240 citable old nodes)  p=0.0003
  ER generated 4612270 total edges so far
  DeviceGraph: fwd=4612270 bwd=4612270 edges
  Year 2030 total: 3921 ms  (pop: 369903)

=== Simulation Complete ===
Total: 25 s  Final pop: 369903

=== Exporting Results ===
Edges saved: ./output/0.03/mass-er-gnp_cuda-amz-output-10y-1p.edgelist (4612270)

Done.

real	0m32.175s
user	0m30.920s
sys	0m1.164s
Running dataset=eu growth=1% cycles=10y er_prob=0.0003 (0.03%) threads=16
./output/0.03/mass-er-gnp_cuda-eu-output-10y-1p.edgelist
./output/0.03/mass-er-gnp_cuda-eu-static-output-10y-1p.aux
tee: ./output/0.03/mass-er-gnp_cuda-eu-static-10y-1p-abm.out: No such file or directory
Cannot open: ./output/0.03/mass-er-gnp_cuda-eu-static-output-10y-1p.aux
Citation Network ABM – MASS CUDA
=================================

Out-degree bag: 3980408 entries
Recency probs:  356 entries
BFS batches:    10 per year

=== Initializing Citation ABM ===

Inside parseNodelist...
Populating continuous node mappings (265009 nodes)...
parseNodelist done in 247 ms (265009 nodes)

Inside parseEdgelist...
parseEdgelist done in 31 ms (418956 edges)
Seed max year: 2020  → simulation starts at 2021
Max population: 294741
Seed population: 265009 papers
  DeviceGraph: fwd=364481 bwd=364481 edges
Initialization complete


=== Simulation Start  [model: er-gnp] ===

--- Year 2021 [ER:er-gnp] (pop: 265009) ---
  Adding 2651 new papers
  Launching ER kernel (2651 new nodes, 265009 citable old nodes)  p=0.0003
  ER generated 629893 total edges so far
  DeviceGraph: fwd=575418 bwd=575418 edges
  Year 2021 total: 478 ms  (pop: 267660)

--- Year 2022 [ER:er-gnp] (pop: 267660) ---
  Adding 2677 new papers
  Launching ER kernel (2677 new nodes, 267660 citable old nodes)  p=0.0003
  ER generated 844557 total edges so far
  DeviceGraph: fwd=790082 bwd=790082 edges
  Year 2022 total: 599 ms  (pop: 270337)

--- Year 2023 [ER:er-gnp] (pop: 270337) ---
  Adding 2704 new papers
  Launching ER kernel (2704 new nodes, 270337 citable old nodes)  p=0.0003
  ER generated 1063874 total edges so far
  DeviceGraph: fwd=1009399 bwd=1009399 edges
  Year 2023 total: 731 ms  (pop: 273041)

--- Year 2024 [ER:er-gnp] (pop: 273041) ---
  Adding 2731 new papers
  Launching ER kernel (2731 new nodes, 273041 citable old nodes)  p=0.0003
  ER generated 1288201 total edges so far
  DeviceGraph: fwd=1233726 bwd=1233726 edges
  Year 2024 total: 883 ms  (pop: 275772)

--- Year 2025 [ER:er-gnp] (pop: 275772) ---
  Adding 2758 new papers
  Launching ER kernel (2758 new nodes, 275772 citable old nodes)  p=0.0003
  ER generated 1517358 total edges so far
  DeviceGraph: fwd=1462883 bwd=1462883 edges
  Year 2025 total: 1084 ms  (pop: 278530)

--- Year 2026 [ER:er-gnp] (pop: 278530) ---
  Adding 2786 new papers
  Launching ER kernel (2786 new nodes, 278530 citable old nodes)  p=0.0003
  ER generated 1749809 total edges so far
  DeviceGraph: fwd=1695334 bwd=1695334 edges
  Year 2026 total: 1200 ms  (pop: 281316)

--- Year 2027 [ER:er-gnp] (pop: 281316) ---
  Adding 2814 new papers
  Launching ER kernel (2814 new nodes, 281316 citable old nodes)  p=0.0003
  ER generated 1987403 total edges so far
  DeviceGraph: fwd=1932928 bwd=1932928 edges
  Year 2027 total: 1346 ms  (pop: 284130)

--- Year 2028 [ER:er-gnp] (pop: 284130) ---
  Adding 2842 new papers
  Launching ER kernel (2842 new nodes, 284130 citable old nodes)  p=0.0003
  ER generated 2228979 total edges so far
  DeviceGraph: fwd=2174504 bwd=2174504 edges
  Year 2028 total: 1573 ms  (pop: 286972)

--- Year 2029 [ER:er-gnp] (pop: 286972) ---
  Adding 2870 new papers
  Launching ER kernel (2870 new nodes, 286972 citable old nodes)  p=0.0003
  ER generated 2475625 total edges so far
  DeviceGraph: fwd=2421150 bwd=2421150 edges
  Year 2029 total: 1702 ms  (pop: 289842)

--- Year 2030 [ER:er-gnp] (pop: 289842) ---
  Adding 2899 new papers
  Launching ER kernel (2899 new nodes, 289842 citable old nodes)  p=0.0003
  ER generated 2727857 total edges so far
  DeviceGraph: fwd=2673382 bwd=2673382 edges
  Year 2030 total: 1937 ms  (pop: 292741)

=== Simulation Complete ===
Total: 11 s  Final pop: 292741

=== Exporting Results ===
Edges saved: ./output/0.03/mass-er-gnp_cuda-eu-output-10y-1p.edgelist (2727857)

Done.

real	0m15.808s
user	0m14.791s
sys	0m0.969s
Running dataset=yutb growth=1% cycles=10y er_prob=0.0003 (0.03%) threads=16
./output/0.03/mass-er-gnp_cuda-yutb-output-10y-1p.edgelist
./output/0.03/mass-er-gnp_cuda-yutb-static-output-10y-1p.aux
tee: ./output/0.03/mass-er-gnp_cuda-yutb-static-10y-1p-abm.out: No such file or directory
Cannot open: Citation Network ABM – MASS CUDA
=================================

Out-degree bag: 3980408 entries
Recency probs:  356 entries
BFS batches:    10 per year

=== Initializing Citation ABM ===

Inside parseNodelist...
Populating continuous node mappings (1134890 nodes)...
parseNodelist done in 1279 ms (1134890 nodes)

Inside parseEdgelist...
parseEdgelist done in 238 ms (2987624 edges)
Seed max year: 2026  → simulation starts at 2027
Max population: 1255630
Seed population: 1134890 papers
  DeviceGraph: fwd=2987624 bwd=2987624 edges
Initialization complete


=== Simulation Start  [model: er-gnp] ===

--- Year 2027 [ER:er-gnp] (pop: 1134890) ---
  Adding 11349 new papers
  Launching ER kernel (11349 new nodes, 1134890 citable old nodes)  p=0.0003
  ER generated 6852826 total edges so far
  DeviceGraph: fwd=6852826 bwd=6852826 edges
  Year 2027 total: 6666 ms  (pop: 1146239)

--- Year 2028 [ER:er-gnp] (pop: 1146239) ---
  Adding 11463 new papers
  Launching ER kernel (11463 new nodes, 1146239 citable old nodes)  p=0.0003
  ER generated 10795050 total edges so far
  DeviceGraph: fwd=10795050 bwd=10795050 edges
  Year 2028 total: 10719 ms  (pop: 1157702)

--- Year 2029 [ER:er-gnp] (pop: 1157702) ---
  Adding 11578 new papers
  Launching ER kernel (11578 new nodes, 1157702 citable old nodes)  p=0.0003
  ER generated 14816896 total edges so far
  DeviceGraph: fwd=14816896 bwd=14816896 edges
  Year 2029 total: 15290 ms  (pop: 1169280)

--- Year 2030 [ER:er-gnp] (pop: 1169280) ---
  Adding 11693 new papers
  Launching ER kernel (11693 new nodes, 1169280 citable old nodes)  p=0.0003
  ER generated 18916271 total edges so far
  DeviceGraph: fwd=18916271 bwd=18916271 edges
  Year 2030 total: 19932 ms  (pop: 1180973)

--- Year 2031 [ER:er-gnp] (pop: 1180973) ---
  Adding 11810 new papers
  Launching ER kernel (11810 new nodes, 1180973 citable old nodes)  p=0.0003
  ER generated 23098200 total edges so far
  DeviceGraph: fwd=23098200 bwd=23098200 edges
  Year 2031 total: 24879 ms  (pop: 1192783)

--- Year 2032 [ER:er-gnp] (pop: 1192783) ---
  Adding 11928 new papers
  Launching ER kernel (11928 new nodes, 1192783 citable old nodes)  p=0.0003
  ER generated 27361485 total edges so far
  DeviceGraph: fwd=27361485 bwd=27361485 edges
  Year 2032 total: 30468 ms  (pop: 1204711)

--- Year 2033 [ER:er-gnp] (pop: 1204711) ---
  Adding 12048 new papers
  Launching ER kernel (12048 new nodes, 1204711 citable old nodes)  p=0.0003
  ER generated 31715553 total edges so far
  DeviceGraph: fwd=31715553 bwd=31715553 edges
  Year 2033 total: 35354 ms  (pop: 1216759)

--- Year 2034 [ER:er-gnp] (pop: 1216759) ---
  Adding 12168 new papers
  Launching ER kernel (12168 new nodes, 1216759 citable old nodes)  p=0.0003
  ER generated 36157478 total edges so far
  DeviceGraph: fwd=36157478 bwd=36157478 edges
  Year 2034 total: 41724 ms  (pop: 1228927)

--- Year 2035 [ER:er-gnp] (pop: 1228927) ---
  Adding 12290 new papers
  Launching ER kernel (12290 new nodes, 1228927 citable old nodes)  p=0.0003
  ER generated 40689312 total edges so far
  DeviceGraph: fwd=40689312 bwd=40689312 edges
  Year 2035 total: 48619 ms  (pop: 1241217)

--- Year 2036 [ER:er-gnp] (pop: 1241217) ---
  Adding 12413 new papers
  Launching ER kernel (12413 new nodes, 1241217 citable old nodes)  p=0.0003
  ER generated 45312771 total edges so far
  DeviceGraph: fwd=45312771 bwd=45312771 edges
  Year 2036 total: 56656 ms  (pop: 1253630)

=== Simulation Complete ===
Total: 290 s  Final pop: 1253630

=== Exporting Results ===
Edges saved: ./output/0.03/mass-er-gnp_cuda-yutb-output-10y-1p.edgelist (45312771)
./output/0.03/mass-er-gnp_cuda-yutb-static-output-10y-1p.aux

Done.

real	5m51.721s
user	5m45.227s
sys	0m5.540s
Running dataset=twt growth=1% cycles=10y er_prob=0.0003 (0.03%) threads=16
./output/0.03/mass-er-gnp_cuda-twt-output-10y-1p.edgelist
./output/0.03/mass-er-gnp_cuda-twt-static-output-10y-1p.aux
tee: ./output/0.03/mass-er-gnp_cuda-twt-static-10y-1p-abm.out: No such file or directory
Cannot open: ./output/0.03/mass-er-gnp_cuda-twt-static-output-10y-1p.aux
Citation Network ABM – MASS CUDA
=================================

Out-degree bag: 3980408 entries
Recency probs:  356 entries
BFS batches:    10 per year

=== Initializing Citation ABM ===

Inside parseNodelist...
Populating continuous node mappings (81306 nodes)...
parseNodelist done in 63 ms (81306 nodes)

Inside parseEdgelist...
parseEdgelist done in 198 ms (2420744 edges)
Seed max year: 2020  → simulation starts at 2021
Max population: 91819
Seed population: 81306 papers
  DeviceGraph: fwd=1342296 bwd=1342296 edges
Initialization complete


=== Simulation Start  [model: er-gnp] ===

--- Year 2021 [ER:er-gnp] (pop: 81306) ---
  Adding 814 new papers
  Launching ER kernel (814 new nodes, 81306 citable old nodes)  p=0.0003
  ER generated 2440687 total edges so far
  DeviceGraph: fwd=1362239 bwd=1362239 edges
  Year 2021 total: 943 ms  (pop: 82120)

--- Year 2022 [ER:er-gnp] (pop: 82120) ---
  Adding 822 new papers
  Launching ER kernel (822 new nodes, 82120 citable old nodes)  p=0.0003
  ER generated 2460927 total edges so far
  DeviceGraph: fwd=1382479 bwd=1382479 edges
  Year 2022 total: 952 ms  (pop: 82942)

--- Year 2023 [ER:er-gnp] (pop: 82942) ---
  Adding 830 new papers
  Launching ER kernel (830 new nodes, 82942 citable old nodes)  p=0.0003
  ER generated 2481427 total edges so far
  DeviceGraph: fwd=1402979 bwd=1402979 edges
  Year 2023 total: 1039 ms  (pop: 83772)

--- Year 2024 [ER:er-gnp] (pop: 83772) ---
  Adding 838 new papers
  Launching ER kernel (838 new nodes, 83772 citable old nodes)  p=0.0003
  ER generated 2502428 total edges so far
  DeviceGraph: fwd=1423980 bwd=1423980 edges
  Year 2024 total: 953 ms  (pop: 84610)

--- Year 2025 [ER:er-gnp] (pop: 84610) ---
  Adding 847 new papers
  Launching ER kernel (847 new nodes, 84610 citable old nodes)  p=0.0003
  ER generated 2524014 total edges so far
  DeviceGraph: fwd=1445566 bwd=1445566 edges
  Year 2025 total: 1046 ms  (pop: 85457)

--- Year 2026 [ER:er-gnp] (pop: 85457) ---
  Adding 855 new papers
  Launching ER kernel (855 new nodes, 85457 citable old nodes)  p=0.0003
  ER generated 2546136 total edges so far
  DeviceGraph: fwd=1467688 bwd=1467688 edges
  Year 2026 total: 1004 ms  (pop: 86312)

--- Year 2027 [ER:er-gnp] (pop: 86312) ---
  Adding 864 new papers
  Launching ER kernel (864 new nodes, 86312 citable old nodes)  p=0.0003
  ER generated 2568599 total edges so far
  DeviceGraph: fwd=1490151 bwd=1490151 edges
  Year 2027 total: 1022 ms  (pop: 87176)

--- Year 2028 [ER:er-gnp] (pop: 87176) ---
  Adding 872 new papers
  Launching ER kernel (872 new nodes, 87176 citable old nodes)  p=0.0003
  ER generated 2591176 total edges so far
  DeviceGraph: fwd=1512728 bwd=1512728 edges
  Year 2028 total: 1103 ms  (pop: 88048)

--- Year 2029 [ER:er-gnp] (pop: 88048) ---
  Adding 881 new papers
  Launching ER kernel (881 new nodes, 88048 citable old nodes)  p=0.0003
  ER generated 2614317 total edges so far
  DeviceGraph: fwd=1535869 bwd=1535869 edges
  Year 2029 total: 1053 ms  (pop: 88929)

--- Year 2030 [ER:er-gnp] (pop: 88929) ---
  Adding 890 new papers
  Launching ER kernel (890 new nodes, 88929 citable old nodes)  p=0.0003
  ER generated 2637983 total edges so far
  DeviceGraph: fwd=1559535 bwd=1559535 edges
  Year 2030 total: 1098 ms  (pop: 89819)

=== Simulation Complete ===
Total: 10 s  Final pop: 89819

=== Exporting Results ===
Edges saved: ./output/0.03/mass-er-gnp_cuda-twt-output-10y-1p.edgelist (2637983)

Done.

real	0m13.976s
user	0m13.204s
sys	0m0.720s
Running dataset=amz growth=1% cycles=10y er_prob=0.0005 (0.05%) threads=16
./output/0.05/mass-er-gnp_cuda-amz-output-10y-1p.edgelist
./output/0.05/mass-er-gnp_cuda-amz-static-output-10y-1p.aux
tee: ./output/0.05/mass-er-gnp_cuda-amz-static-10y-1p-abm.out: No such file or directory
Cannot open: ./output/0.05/mass-er-gnp_cuda-amz-static-output-10y-1p.auxCitation Network ABM – MASS CUDA
=================================

Out-degree bag: 3980408 entries
Recency probs:  356 entries
BFS batches:    10 per year

=== Initializing Citation ABM ===

Inside parseNodelist...
Populating continuous node mappings (334863 nodes)...
parseNodelist done in 327 ms (334863 nodes)

Inside parseEdgelist...
parseEdgelist done in 97 ms (925872 edges)
Seed max year: 2020  → simulation starts at 2021
Max population: 371903
Seed population: 334863 papers
  DeviceGraph: fwd=925872 bwd=925872 edges
Initialization complete


=== Simulation Start  [model: er-gnp] ===

--- Year 2021 [ER:er-gnp] (pop: 334863) ---
  Adding 3349 new papers
  Launching ER kernel (3349 new nodes, 334863 citable old nodes)  p=0.0005
  ER generated 1487459 total edges so far
  DeviceGraph: fwd=1487459 bwd=1487459 edges
  Year 2021 total: 1410 ms  (pop: 338212)

--- Year 2022 [ER:er-gnp] (pop: 338212) ---
  Adding 3383 new papers
  Launching ER kernel (3383 new nodes, 338212 citable old nodes)  p=0.0005
  ER generated 2059125 total edges so far
  DeviceGraph: fwd=2059125 bwd=2059125 edges
  Year 2022 total: 1918 ms  (pop: 341595)

--- Year 2023 [ER:er-gnp] (pop: 341595) ---
  Adding 3416 new papers
  Launching ER kernel (3416 new nodes, 341595 citable old nodes)  p=0.0005
  ER generated 2642643 total edges so far
  DeviceGraph: fwd=2642643 bwd=2642643 edges
  Year 2023 total: 2336 ms  (pop: 345011)

--- Year 2024 [ER:er-gnp] (pop: 345011) ---
  Adding 3451 new papers
  Launching ER kernel (3451 new nodes, 345011 citable old nodes)  p=0.0005
  ER generated 3239109 total edges so far
  DeviceGraph: fwd=3239109 bwd=3239109 edges
  Year 2024 total: 2899 ms  (pop: 348462)

--- Year 2025 [ER:er-gnp] (pop: 348462) ---
  Adding 3485 new papers
  Launching ER kernel (3485 new nodes, 348462 citable old nodes)  p=0.0005
  ER generated 3847890 total edges so far
  DeviceGraph: fwd=3847890 bwd=3847890 edges
  Year 2025 total: 3519 ms  (pop: 351947)

--- Year 2026 [ER:er-gnp] (pop: 351947) ---
  Adding 3520 new papers
  Launching ER kernel (3520 new nodes, 351947 citable old nodes)  p=0.0005
  ER generated 4466278 total edges so far
  DeviceGraph: fwd=4466278 bwd=4466278 edges
  Year 2026 total: 4091 ms  (pop: 355467)

--- Year 2027 [ER:er-gnp] (pop: 355467) ---
  Adding 3555 new papers
  Launching ER kernel (3555 new nodes, 355467 citable old nodes)  p=0.0005
  ER generated 5098374 total edges so far
  DeviceGraph: fwd=5098374 bwd=5098374 edges
  Year 2027 total: 4766 ms  (pop: 359022)

--- Year 2028 [ER:er-gnp] (pop: 359022) ---
  Adding 3591 new papers
  Launching ER kernel (3591 new nodes, 359022 citable old nodes)  p=0.0005
  ER generated 5742216 total edges so far
  DeviceGraph: fwd=5742216 bwd=5742216 edges
  Year 2028 total: 5532 ms  (pop: 362613)

--- Year 2029 [ER:er-gnp] (pop: 362613) ---
  Adding 3627 new papers
  Launching ER kernel (3627 new nodes, 362613 citable old nodes)  p=0.0005
  ER generated 6399638 total edges so far
  DeviceGraph: fwd=6399638 bwd=6399638 edges
  Year 2029 total: 6302 ms  (pop: 366240)

--- Year 2030 [ER:er-gnp] (pop: 366240) ---
  Adding 3663 new papers
  Launching ER kernel (3663 new nodes, 366240 citable old nodes)  p=0.0005
  ER generated 7070235 total edges so far
  DeviceGraph: fwd=7070235 bwd=7070235 edges
  Year 2030 total: 7440 ms  (pop: 369903)

=== Simulation Complete ===
Total: 40 s  Final pop: 369903

=== Exporting Results ===
Edges saved: ./output/0.05/mass-er-gnp_cuda-amz-output-10y-1p.edgelist (7070235)


Done.

real	0m49.250s
user	0m47.826s
sys	0m1.265s
Running dataset=eu growth=1% cycles=10y er_prob=0.0005 (0.05%) threads=16
./output/0.05/mass-er-gnp_cuda-eu-output-10y-1p.edgelist
./output/0.05/mass-er-gnp_cuda-eu-static-output-10y-1p.aux
tee: ./output/0.05/mass-er-gnp_cuda-eu-static-10y-1p-abm.out: No such file or directory
Cannot open: ./output/0.05/mass-er-gnp_cuda-eu-static-output-10y-1p.aux
Citation Network ABM – MASS CUDA
=================================

Out-degree bag: 3980408 entries
Recency probs:  356 entries
BFS batches:    10 per year

=== Initializing Citation ABM ===

Inside parseNodelist...
Populating continuous node mappings (265009 nodes)...
parseNodelist done in 248 ms (265009 nodes)

Inside parseEdgelist...
parseEdgelist done in 39 ms (418956 edges)
Seed max year: 2020  → simulation starts at 2021
Max population: 294741
Seed population: 265009 papers
  DeviceGraph: fwd=364481 bwd=364481 edges
Initialization complete


=== Simulation Start  [model: er-gnp] ===

--- Year 2021 [ER:er-gnp] (pop: 265009) ---
  Adding 2651 new papers
  Launching ER kernel (2651 new nodes, 265009 citable old nodes)  p=0.0005
  ER generated 770649 total edges so far
  DeviceGraph: fwd=716174 bwd=716174 edges
  Year 2021 total: 630 ms  (pop: 267660)

--- Year 2022 [ER:er-gnp] (pop: 267660) ---
  Adding 2677 new papers
  Launching ER kernel (2677 new nodes, 267660 citable old nodes)  p=0.0005
  ER generated 1128825 total edges so far
  DeviceGraph: fwd=1074350 bwd=1074350 edges
  Year 2022 total: 883 ms  (pop: 270337)

--- Year 2023 [ER:er-gnp] (pop: 270337) ---
  Adding 2704 new papers
  Launching ER kernel (2704 new nodes, 270337 citable old nodes)  p=0.0005
  ER generated 1494893 total edges so far
  DeviceGraph: fwd=1440418 bwd=1440418 edges
  Year 2023 total: 1118 ms  (pop: 273041)

--- Year 2024 [ER:er-gnp] (pop: 273041) ---
  Adding 2731 new papers
  Launching ER kernel (2731 new nodes, 273041 citable old nodes)  p=0.0005
  ER generated 1868845 total edges so far
  DeviceGraph: fwd=1814370 bwd=1814370 edges
  Year 2024 total: 1475 ms  (pop: 275772)

--- Year 2025 [ER:er-gnp] (pop: 275772) ---
  Adding 2758 new papers
  Launching ER kernel (2758 new nodes, 275772 citable old nodes)  p=0.0005
  ER generated 2250229 total edges so far
  DeviceGraph: fwd=2195754 bwd=2195754 edges
  Year 2025 total: 1690 ms  (pop: 278530)

--- Year 2026 [ER:er-gnp] (pop: 278530) ---
  Adding 2786 new papers
  Launching ER kernel (2786 new nodes, 278530 citable old nodes)  p=0.0005
  ER generated 2638042 total edges so far
  DeviceGraph: fwd=2583567 bwd=2583567 edges
  Year 2026 total: 1959 ms  (pop: 281316)

--- Year 2027 [ER:er-gnp] (pop: 281316) ---
  Adding 2814 new papers
  Launching ER kernel (2814 new nodes, 281316 citable old nodes)  p=0.0005
  ER generated 3033854 total edges so far
  DeviceGraph: fwd=2979379 bwd=2979379 edges
  Year 2027 total: 2429 ms  (pop: 284130)

--- Year 2028 [ER:er-gnp] (pop: 284130) ---
  Adding 2842 new papers
  Launching ER kernel (2842 new nodes, 284130 citable old nodes)  p=0.0005
  ER generated 3437047 total edges so far
  DeviceGraph: fwd=3382572 bwd=3382572 edges
  Year 2028 total: 2795 ms  (pop: 286972)

--- Year 2029 [ER:er-gnp] (pop: 286972) ---
  Adding 2870 new papers
  Launching ER kernel (2870 new nodes, 286972 citable old nodes)  p=0.0005
  ER generated 3848660 total edges so far
  DeviceGraph: fwd=3794185 bwd=3794185 edges
  Year 2029 total: 3161 ms  (pop: 289842)

--- Year 2030 [ER:er-gnp] (pop: 289842) ---
  Adding 2899 new papers
  Launching ER kernel (2899 new nodes, 289842 citable old nodes)  p=0.0005
  ER generated 4269242 total edges so far
  DeviceGraph: fwd=4214767 bwd=4214767 edges
  Year 2030 total: 3643 ms  (pop: 292741)

=== Simulation Complete ===
Total: 19 s  Final pop: 292741

=== Exporting Results ===
Edges saved: ./output/0.05/mass-er-gnp_cuda-eu-output-10y-1p.edgelist (4269242)

Done.

real	0m25.311s
user	0m24.244s
sys	0m0.978s
Running dataset=yutb growth=1% cycles=10y er_prob=0.0005 (0.05%) threads=16
./output/0.05/mass-er-gnp_cuda-yutb-output-10y-1p.edgelist
./output/0.05/mass-er-gnp_cuda-yutb-static-output-10y-1p.aux
tee: ./output/0.05/mass-er-gnp_cuda-yutb-static-10y-1p-abm.out: No such file or directory
Cannot open: ./output/0.05/mass-er-gnp_cuda-yutb-static-output-10y-1p.aux
Citation Network ABM – MASS CUDA
=================================

Out-degree bag: 3980408 entries
Recency probs:  356 entries
BFS batches:    10 per year

=== Initializing Citation ABM ===

Inside parseNodelist...
Populating continuous node mappings (1134890 nodes)...
parseNodelist done in 1276 ms (1134890 nodes)

Inside parseEdgelist...
parseEdgelist done in 230 ms (2987624 edges)
Seed max year: 2026  → simulation starts at 2027
Max population: 1255630
Seed population: 1134890 papers
  DeviceGraph: fwd=2987624 bwd=2987624 edges
Initialization complete


=== Simulation Start  [model: er-gnp] ===

--- Year 2027 [ER:er-gnp] (pop: 1134890) ---
  Adding 11349 new papers
  Launching ER kernel (11349 new nodes, 1134890 citable old nodes)  p=0.0005
  ER generated 9427181 total edges so far
  DeviceGraph: fwd=9427181 bwd=9427181 edges
  Year 2027 total: 9350 ms  (pop: 1146239)

--- Year 2028 [ER:er-gnp] (pop: 1146239) ---
  Adding 11463 new papers
  Launching ER kernel (11463 new nodes, 1146239 citable old nodes)  p=0.0005
  ER generated 15995337 total edges so far
  DeviceGraph: fwd=15995337 bwd=15995337 edges
  Year 2028 total: 16704 ms  (pop: 1157702)

--- Year 2029 [ER:er-gnp] (pop: 1157702) ---
  Adding 11578 new papers
  Launching ER kernel (11578 new nodes, 1157702 citable old nodes)  p=0.0005
  ER generated 22697355 total edges so far
  DeviceGraph: fwd=22697355 bwd=22697355 edges
  Year 2029 total: 24672 ms  (pop: 1169280)

--- Year 2030 [ER:er-gnp] (pop: 1169280) ---
  Adding 11693 new papers
  Launching ER kernel (11693 new nodes, 1169280 citable old nodes)  p=0.0005
  ER generated 29531208 total edges so far
  DeviceGraph: fwd=29531208 bwd=29531208 edges
  Year 2030 total: 33142 ms  (pop: 1180973)

--- Year 2031 [ER:er-gnp] (pop: 1180973) ---
  Adding 11810 new papers
  Launching ER kernel (11810 new nodes, 1180973 citable old nodes)  p=0.0005
  ER generated 36503883 total edges so far
  DeviceGraph: fwd=36503883 bwd=36503883 edges
  Year 2031 total: 43016 ms  (pop: 1192783)

--- Year 2032 [ER:er-gnp] (pop: 1192783) ---
  Adding 11928 new papers
  Launching ER kernel (11928 new nodes, 1192783 citable old nodes)  p=0.0005
  ER generated 43615364 total edges so far
  DeviceGraph: fwd=43615364 bwd=43615364 edges
  Year 2032 total: 52837 ms  (pop: 1204711)

--- Year 2033 [ER:er-gnp] (pop: 1204711) ---
  Adding 12048 new papers
  Launching ER kernel (12048 new nodes, 1204711 citable old nodes)  p=0.0005
  ER generated 50872561 total edges so far
  DeviceGraph: fwd=50872561 bwd=50872561 edges
  Year 2033 total: 61950 ms  (pop: 1216759)

--- Year 2034 [ER:er-gnp] (pop: 1216759) ---
  Adding 12168 new papers
  Launching ER kernel (12168 new nodes, 1216759 citable old nodes)  p=0.0005
  ER generated 58276344 total edges so far
  DeviceGraph: fwd=58276344 bwd=58276344 edges
  Year 2034 total: 71142 ms  (pop: 1228927)

--- Year 2035 [ER:er-gnp] (pop: 1228927) ---
  Adding 12290 new papers
  Launching ER kernel (12290 new nodes, 1228927 citable old nodes)  p=0.0005
  ER generated 65831564 total edges so far
  DeviceGraph: fwd=65831564 bwd=65831564 edges
  Year 2035 total: 82336 ms  (pop: 1241217)

--- Year 2036 [ER:er-gnp] (pop: 1241217) ---
  Adding 12413 new papers
  Launching ER kernel (12413 new nodes, 1241217 citable old nodes)  p=0.0005
  ER generated 73533823 total edges so far
  DeviceGraph: fwd=73533823 bwd=73533823 edges
  Year 2036 total: 94107 ms  (pop: 1253630)

=== Simulation Complete ===
Total: 489 s  Final pop: 1253630

=== Exporting Results ===
Edges saved: ./output/0.05/mass-er-gnp_cuda-yutb-output-10y-1p.edgelist (73533823)

Done.

real	9m39.140s
user	9m24.578s
sys	0m12.518s
Running dataset=twt growth=1% cycles=10y er_prob=0.0005 (0.05%) threads=16
./output/0.05/mass-er-gnp_cuda-twt-output-10y-1p.edgelist
./output/0.05/mass-er-gnp_cuda-twt-static-output-10y-1p.aux
tee: ./output/0.05/mass-er-gnp_cuda-twt-static-10y-1p-abm.out: No such file or directory
Cannot open: ./output/0.05/mass-er-gnp_cuda-twt-static-output-10y-1p.aux
Citation Network ABM – MASS CUDA
=================================

Out-degree bag: 3980408 entries
Recency probs:  356 entries
BFS batches:    10 per year

=== Initializing Citation ABM ===

Inside parseNodelist...
Populating continuous node mappings (81306 nodes)...
parseNodelist done in 63 ms (81306 nodes)

Inside parseEdgelist...
parseEdgelist done in 204 ms (2420744 edges)
Seed max year: 2020  → simulation starts at 2021
Max population: 91819
Seed population: 81306 papers
  DeviceGraph: fwd=1342296 bwd=1342296 edges
Initialization complete


=== Simulation Start  [model: er-gnp] ===

--- Year 2021 [ER:er-gnp] (pop: 81306) ---
  Adding 814 new papers
  Launching ER kernel (814 new nodes, 81306 citable old nodes)  p=0.0005
  ER generated 2453831 total edges so far
  DeviceGraph: fwd=1375383 bwd=1375383 edges
  Year 2021 total: 1191 ms  (pop: 82120)

--- Year 2022 [ER:er-gnp] (pop: 82120) ---
  Adding 822 new papers
  Launching ER kernel (822 new nodes, 82120 citable old nodes)  p=0.0005
  ER generated 2487705 total edges so far
  DeviceGraph: fwd=1409257 bwd=1409257 edges
  Year 2022 total: 1279 ms  (pop: 82942)

--- Year 2023 [ER:er-gnp] (pop: 82942) ---
  Adding 830 new papers
  Launching ER kernel (830 new nodes, 82942 citable old nodes)  p=0.0005
  ER generated 2522041 total edges so far
  DeviceGraph: fwd=1443593 bwd=1443593 edges
  Year 2023 total: 1308 ms  (pop: 83772)

--- Year 2024 [ER:er-gnp] (pop: 83772) ---
  Adding 838 new papers
  Launching ER kernel (838 new nodes, 83772 citable old nodes)  p=0.0005
  ER generated 2557073 total edges so far
  DeviceGraph: fwd=1478625 bwd=1478625 edges
  Year 2024 total: 1275 ms  (pop: 84610)

--- Year 2025 [ER:er-gnp] (pop: 84610) ---
  Adding 847 new papers
  Launching ER kernel (847 new nodes, 84610 citable old nodes)  p=0.0005
  ER generated 2592969 total edges so far
  DeviceGraph: fwd=1514521 bwd=1514521 edges
  Year 2025 total: 1055 ms  (pop: 85457)

--- Year 2026 [ER:er-gnp] (pop: 85457) ---
  Adding 855 new papers
  Launching ER kernel (855 new nodes, 85457 citable old nodes)  p=0.0005
  ER generated 2629583 total edges so far
  DeviceGraph: fwd=1551135 bwd=1551135 edges
  Year 2026 total: 1178 ms  (pop: 86312)

--- Year 2027 [ER:er-gnp] (pop: 86312) ---
  Adding 864 new papers
  Launching ER kernel (864 new nodes, 86312 citable old nodes)  p=0.0005
  ER generated 2666727 total edges so far
  DeviceGraph: fwd=1588279 bwd=1588279 edges
  Year 2027 total: 1120 ms  (pop: 87176)

--- Year 2028 [ER:er-gnp] (pop: 87176) ---
  Adding 872 new papers
  Launching ER kernel (872 new nodes, 87176 citable old nodes)  p=0.0005
  ER generated 2704641 total edges so far
  DeviceGraph: fwd=1626193 bwd=1626193 edges
  Year 2028 total: 1176 ms  (pop: 88048)

--- Year 2029 [ER:er-gnp] (pop: 88048) ---
  Adding 881 new papers
  Launching ER kernel (881 new nodes, 88048 citable old nodes)  p=0.0005
  ER generated 2743450 total edges so far
  DeviceGraph: fwd=1665002 bwd=1665002 edges
  Year 2029 total: 1166 ms  (pop: 88929)

--- Year 2030 [ER:er-gnp] (pop: 88929) ---
  Adding 890 new papers
  Launching ER kernel (890 new nodes, 88929 citable old nodes)  p=0.0005
  ER generated 2782906 total edges so far
  DeviceGraph: fwd=1704458 bwd=1704458 edges
  Year 2030 total: 1200 ms  (pop: 89819)

=== Simulation Complete ===
Total: 11 s  Final pop: 89819

=== Exporting Results ===
Edges saved: ./output/0.05/mass-er-gnp_cuda-twt-output-10y-1p.edgelist (2782906)

Done.

real	0m16.078s
user	0m15.270s
sys	0m0.738s
Running dataset=amz growth=1% cycles=10y er_prob=0.001 (0.10%) threads=16
./output/0.10/mass-er-gnp_cuda-amz-output-10y-1p.edgelist
./output/0.10/mass-er-gnp_cuda-amz-static-output-10y-1p.aux
tee: ./output/0.10/mass-er-gnp_cuda-amz-static-10y-1p-abm.out: No such file or directory
Cannot open: ./output/0.10/mass-er-gnp_cuda-amz-static-output-10y-1p.aux
Citation Network ABM – MASS CUDA
=================================

Out-degree bag: 3980408 entries
Recency probs:  356 entries
BFS batches:    10 per year

=== Initializing Citation ABM ===

Inside parseNodelist...
Populating continuous node mappings (334863 nodes)...
parseNodelist done in 340 ms (334863 nodes)

Inside parseEdgelist...
parseEdgelist done in 97 ms (925872 edges)
Seed max year: 2020  → simulation starts at 2021
Max population: 371903
Seed population: 334863 papers
  DeviceGraph: fwd=925872 bwd=925872 edges
Initialization complete


=== Simulation Start  [model: er-gnp] ===

--- Year 2021 [ER:er-gnp] (pop: 334863) ---
  Adding 3349 new papers
  Launching ER kernel (3349 new nodes, 334863 citable old nodes)  p=0.001
  ER generated 2047877 total edges so far
  DeviceGraph: fwd=2047877 bwd=2047877 edges
  Year 2021 total: 1861 ms  (pop: 338212)

--- Year 2022 [ER:er-gnp] (pop: 338212) ---
  Adding 3383 new papers
  Launching ER kernel (3383 new nodes, 338212 citable old nodes)  p=0.001
  ER generated 3191133 total edges so far
  DeviceGraph: fwd=3191133 bwd=3191133 edges
  Year 2022 total: 3012 ms  (pop: 341595)

--- Year 2023 [ER:er-gnp] (pop: 341595) ---
  Adding 3416 new papers
  Launching ER kernel (3416 new nodes, 341595 citable old nodes)  p=0.001
  ER generated 4357575 total edges so far
  DeviceGraph: fwd=4357575 bwd=4357575 edges
  Year 2023 total: 4144 ms  (pop: 345011)

--- Year 2024 [ER:er-gnp] (pop: 345011) ---
  Adding 3451 new papers
  Launching ER kernel (3451 new nodes, 345011 citable old nodes)  p=0.001
  ER generated 5549779 total edges so far
  DeviceGraph: fwd=5549779 bwd=5549779 edges
  Year 2024 total: 5315 ms  (pop: 348462)

--- Year 2025 [ER:er-gnp] (pop: 348462) ---
  Adding 3485 new papers
  Launching ER kernel (3485 new nodes, 348462 citable old nodes)  p=0.001
  ER generated 6766256 total edges so far
  DeviceGraph: fwd=6766256 bwd=6766256 edges
  Year 2025 total: 6731 ms  (pop: 351947)

--- Year 2026 [ER:er-gnp] (pop: 351947) ---
  Adding 3520 new papers
  Launching ER kernel (3520 new nodes, 351947 citable old nodes)  p=0.001
  ER generated 8005362 total edges so far
  DeviceGraph: fwd=8005362 bwd=8005362 edges
  Year 2026 total: 8153 ms  (pop: 355467)

--- Year 2027 [ER:er-gnp] (pop: 355467) ---
  Adding 3555 new papers
  Launching ER kernel (3555 new nodes, 355467 citable old nodes)  p=0.001
  ER generated 9269293 total edges so far
  DeviceGraph: fwd=9269293 bwd=9269293 edges
  Year 2027 total: 9305 ms  (pop: 359022)

--- Year 2028 [ER:er-gnp] (pop: 359022) ---
  Adding 3591 new papers
  Launching ER kernel (3591 new nodes, 359022 citable old nodes)  p=0.001
  ER generated 10557738 total edges so far
  DeviceGraph: fwd=10557738 bwd=10557738 edges
  Year 2028 total: 11475 ms  (pop: 362613)

--- Year 2029 [ER:er-gnp] (pop: 362613) ---
  Adding 3627 new papers
  Launching ER kernel (3627 new nodes, 362613 citable old nodes)  p=0.001
  ER generated 11873384 total edges so far
  DeviceGraph: fwd=11873384 bwd=11873384 edges
  Year 2029 total: 12819 ms  (pop: 366240)

--- Year 2030 [ER:er-gnp] (pop: 366240) ---
  Adding 3663 new papers
  Launching ER kernel (3663 new nodes, 366240 citable old nodes)  p=0.001
  ER generated 13216583 total edges so far
  DeviceGraph: fwd=13216583 bwd=13216583 edges
  Year 2030 total: 14272 ms  (pop: 369903)

=== Simulation Complete ===
Total: 77 s  Final pop: 369903

=== Exporting Results ===
Edges saved: ./output/0.10/mass-er-gnp_cuda-amz-output-10y-1p.edgelist (13216583)

Done.

real	1m31.211s
user	1m29.246s
sys	0m1.613s
Running dataset=eu growth=1% cycles=10y er_prob=0.001 (0.10%) threads=16
./output/0.10/mass-er-gnp_cuda-eu-output-10y-1p.edgelist
./output/0.10/mass-er-gnp_cuda-eu-static-output-10y-1p.aux
tee: ./output/0.10/mass-er-gnp_cuda-eu-static-10y-1p-abm.out: No such file or directory
Cannot open: Citation Network ABM – MASS CUDA
=================================

Out-degree bag: 3980408 entries
Recency probs:  356 entries
BFS batches:    10 per year

=== Initializing Citation ABM ===

Inside parseNodelist...
Populating continuous node mappings (265009 nodes)...
parseNodelist done in 264 ms (265009 nodes)

Inside parseEdgelist...
parseEdgelist done in 35 ms (418956 edges)
Seed max year: 2020  → simulation starts at 2021
Max population: 294741
Seed population: 265009 papers
  DeviceGraph: fwd=364481 bwd=364481 edges
Initialization complete


=== Simulation Start  [model: er-gnp] ===

--- Year 2021 [ER:er-gnp] (pop: 265009) ---
  Adding 2651 new papers
  Launching ER kernel (2651 new nodes, 265009 citable old nodes)  p=0.001
  ER generated 1121408 total edges so far
  DeviceGraph: fwd=1066933 bwd=1066933 edges
  Year 2021 total: 861 ms  (pop: 267660)

--- Year 2022 [ER:er-gnp] (pop: 267660) ---
  Adding 2677 new papers
  Launching ER kernel (2677 new nodes, 267660 citable old nodes)  p=0.001
  ER generated 1837056 total edges so far
  DeviceGraph: fwd=1782581 bwd=1782581 edges
  Year 2022 total: 1314 ms  (pop: 270337)

--- Year 2023 [ER:er-gnp] (pop: 270337) ---
  Adding 2704 new papers
  Launching ER kernel (2704 new nodes, 270337 citable old nodes)  p=0.001
  ER generated 2568133 total edges so far
  DeviceGraph: fwd=2513658 bwd=2513658 edges
  Year 2023 total: 2005 ms  (pop: 273041)

--- Year 2024 [ER:er-gnp] (pop: 273041) ---
  Adding 2731 new papers
  Launching ER kernel (2731 new nodes, 273041 citable old nodes)  p=0.001
  ER generated 3315174 total edges so far
  DeviceGraph: fwd=3260699 bwd=3260699 edges
  Year 2024 total: 2623 ms  (pop: 275772)

--- Year 2025 [ER:er-gnp] (pop: 275772) ---
  Adding 2758 new papers
  Launching ER kernel (2758 new nodes, 275772 citable old nodes)  p=0.001
  ER generated 4077443 total edges so far
  DeviceGraph: fwd=4022968 bwd=4022968 edges
  Year 2025 total: 3469 ms  (pop: 278530)

--- Year 2026 [ER:er-gnp] (pop: 278530) ---
  Adding 2786 new papers
  Launching ER kernel (2786 new nodes, 278530 citable old nodes)  p=0.001
  ER generated 4853804 total edges so far
  DeviceGraph: fwd=4799329 bwd=4799329 edges
  Year 2026 total: 4302 ms  (pop: 281316)

--- Year 2027 [ER:er-gnp] (pop: 281316) ---
  Adding 2814 new papers
  Launching ER kernel (2814 new nodes, 281316 citable old nodes)  p=0.001
  ER generated 5645543 total edges so far
  DeviceGraph: fwd=5591068 bwd=5591068 edges
  Year 2027 total: 5602 ms  (pop: 284130)

--- Year 2028 [ER:er-gnp] (pop: 284130) ---
  Adding 2842 new papers
  Launching ER kernel (2842 new nodes, 284130 citable old nodes)  p=0.001
  ER generated 6452668 total edges so far
  DeviceGraph: fwd=6398193 bwd=6398193 edges
  Year 2028 total: 6357 ms  (pop: 286972)

--- Year 2029 [ER:er-gnp] (pop: 286972) ---
  Adding 2870 new papers
  Launching ER kernel (2870 new nodes, 286972 citable old nodes)  p=0.001
  ER generated 7276791 total edges so far
  DeviceGraph: fwd=7222316 bwd=7222316 edges
  Year 2029 total: 6706 ms  (pop: 289842)

--- Year 2030 [ER:er-gnp] (pop: 289842) ---
  Adding 2899 new papers
  Launching ER kernel (2899 new nodes, 289842 citable old nodes)  p=0.001
  ER generated 8118380 total edges so far
  DeviceGraph: fwd=8063905 bwd=8063905 edges
  Year 2030 total: 7836 ms  (pop: 292741)

=== Simulation Complete ===
Total: 41 s  Final pop: 292741

=== Exporting Results ===
Edges saved: ./output/0.10/mass-er-gnp_cuda-eu-output-10y-1p.edgelist (8118380)
./output/0.10/mass-er-gnp_cuda-eu-static-output-10y-1p.aux

Done.

real	0m49.722s
user	0m48.268s
sys	0m1.262s
Running dataset=yutb growth=1% cycles=10y er_prob=0.001 (0.10%) threads=16
./output/0.10/mass-er-gnp_cuda-yutb-output-10y-1p.edgelist
./output/0.10/mass-er-gnp_cuda-yutb-static-output-10y-1p.aux
tee: ./output/0.10/mass-er-gnp_cuda-yutb-static-10y-1p-abm.out: No such file or directory
Cannot open: ./output/0.10/mass-er-gnp_cuda-yutb-static-output-10y-1p.aux
Citation Network ABM – MASS CUDA
=================================

Out-degree bag: 3980408 entries
Recency probs:  356 entries
BFS batches:    10 per year

=== Initializing Citation ABM ===

Inside parseNodelist...
Populating continuous node mappings (1134890 nodes)...
parseNodelist done in 1298 ms (1134890 nodes)

Inside parseEdgelist...
parseEdgelist done in 229 ms (2987624 edges)
Seed max year: 2026  → simulation starts at 2027
Max population: 1255630
Seed population: 1134890 papers
  DeviceGraph: fwd=2987624 bwd=2987624 edges
Initialization complete


=== Simulation Start  [model: er-gnp] ===

--- Year 2027 [ER:er-gnp] (pop: 1134890) ---
  Adding 11349 new papers
  Launching ER kernel (11349 new nodes, 1134890 citable old nodes)  p=0.001
  ER generated 15862780 total edges so far
  DeviceGraph: fwd=15862780 bwd=15862780 edges
  Year 2027 total: 16727 ms  (pop: 1146239)

--- Year 2028 [ER:er-gnp] (pop: 1146239) ---
  Adding 11463 new papers
  Launching ER kernel (11463 new nodes, 1146239 citable old nodes)  p=0.001
  ER generated 28996888 total edges so far
  DeviceGraph: fwd=28996888 bwd=28996888 edges
  Year 2028 total: 33136 ms  (pop: 1157702)

--- Year 2029 [ER:er-gnp] (pop: 1157702) ---
  Adding 11578 new papers
  Launching ER kernel (11578 new nodes, 1157702 citable old nodes)  p=0.001
  ER generated 42399676 total edges so far
  DeviceGraph: fwd=42399676 bwd=42399676 edges
  Year 2029 total: 52585 ms  (pop: 1169280)

--- Year 2030 [ER:er-gnp] (pop: 1169280) ---
  Adding 11693 new papers
  Launching ER kernel (11693 new nodes, 1169280 citable old nodes)  p=0.001
  ER generated 56071490 total edges so far
  DeviceGraph: fwd=56071490 bwd=56071490 edges
  Year 2030 total: 69509 ms  (pop: 1180973)

--- Year 2031 [ER:er-gnp] (pop: 1180973) ---
  Adding 11810 new papers
  Launching ER kernel (11810 new nodes, 1180973 citable old nodes)  p=0.001
  ER generated 70015672 total edges so far
  DeviceGraph: fwd=70015672 bwd=70015672 edges
  Year 2031 total: 89942 ms  (pop: 1192783)

--- Year 2032 [ER:er-gnp] (pop: 1192783) ---
  Adding 11928 new papers
  Launching ER kernel (11928 new nodes, 1192783 citable old nodes)  p=0.001
  ER generated 84239137 total edges so far
  DeviceGraph: fwd=84239137 bwd=84239137 edges
  Year 2032 total: 114463 ms  (pop: 1204711)

--- Year 2033 [ER:er-gnp] (pop: 1204711) ---
  Adding 12048 new papers
  Launching ER kernel (12048 new nodes, 1204711 citable old nodes)  p=0.001
  ER generated 98754209 total edges so far
  DeviceGraph: fwd=98754209 bwd=98754209 edges
  Year 2033 total: 134735 ms  (pop: 1216759)

--- Year 2034 [ER:er-gnp] (pop: 1216759) ---
  Adding 12168 new papers
  Launching ER kernel (12168 new nodes, 1216759 citable old nodes)  p=0.001
  ER generated 113564088 total edges so far
  DeviceGraph: fwd=113564088 bwd=113564088 edges
  Year 2034 total: 152184 ms  (pop: 1228927)

--- Year 2035 [ER:er-gnp] (pop: 1228927) ---
  Adding 12290 new papers
  Launching ER kernel (12290 new nodes, 1228927 citable old nodes)  p=0.001
  ER generated 128669356 total edges so far
  DeviceGraph: fwd=128669356 bwd=128669356 edges
  Year 2035 total: 169487 ms  (pop: 1241217)

--- Year 2036 [ER:er-gnp] (pop: 1241217) ---
  Adding 12413 new papers
  Launching ER kernel (12413 new nodes, 1241217 citable old nodes)  p=0.001
  ER generated 144073822 total edges so far
  DeviceGraph: fwd=144073822 bwd=144073822 edges
  Year 2036 total: 191953 ms  (pop: 1253630)

=== Simulation Complete ===
Total: 1024 s  Final pop: 1253630

=== Exporting Results ===
Edges saved: ./output/0.10/mass-er-gnp_cuda-yutb-output-10y-1p.edgelist (144073822)

Done.

real	19m41.515s
user	19m0.296s
sys	0m36.814s
Running dataset=twt growth=1% cycles=10y er_prob=0.001 (0.10%) threads=16
./output/0.10/mass-er-gnp_cuda-twt-output-10y-1p.edgelist
./output/0.10/mass-er-gnp_cuda-twt-static-output-10y-1p.aux
tee: ./output/0.10/mass-er-gnp_cuda-twt-static-10y-1p-abm.out: No such file or directory
Cannot open: ./output/0.10/mass-er-gnp_cuda-twt-static-output-10y-1p.aux
Citation Network ABM – MASS CUDA
=================================

Out-degree bag: 3980408 entries
Recency probs:  356 entries
BFS batches:    10 per year

=== Initializing Citation ABM ===

Inside parseNodelist...
Populating continuous node mappings (81306 nodes)...
parseNodelist done in 64 ms (81306 nodes)

Inside parseEdgelist...
parseEdgelist done in 186 ms (2420744 edges)
Seed max year: 2020  → simulation starts at 2021
Max population: 91819
Seed population: 81306 papers
  DeviceGraph: fwd=1342296 bwd=1342296 edges
Initialization complete


=== Simulation Start  [model: er-gnp] ===

--- Year 2021 [ER:er-gnp] (pop: 81306) ---
  Adding 814 new papers
  Launching ER kernel (814 new nodes, 81306 citable old nodes)  p=0.001
  ER generated 2486559 total edges so far
  DeviceGraph: fwd=1408111 bwd=1408111 edges
  Year 2021 total: 865 ms  (pop: 82120)

--- Year 2022 [ER:er-gnp] (pop: 82120) ---
  Adding 822 new papers
  Launching ER kernel (822 new nodes, 82120 citable old nodes)  p=0.001
  ER generated 2554091 total edges so far
  DeviceGraph: fwd=1475643 bwd=1475643 edges
  Year 2022 total: 892 ms  (pop: 82942)

--- Year 2023 [ER:er-gnp] (pop: 82942) ---
  Adding 830 new papers
  Launching ER kernel (830 new nodes, 82942 citable old nodes)  p=0.001
  ER generated 2622746 total edges so far
  DeviceGraph: fwd=1544298 bwd=1544298 edges
  Year 2023 total: 981 ms  (pop: 83772)

--- Year 2024 [ER:er-gnp] (pop: 83772) ---
  Adding 838 new papers
  Launching ER kernel (838 new nodes, 83772 citable old nodes)  p=0.001
  ER generated 2693030 total edges so far
  DeviceGraph: fwd=1614582 bwd=1614582 edges
  Year 2024 total: 1071 ms  (pop: 84610)

--- Year 2025 [ER:er-gnp] (pop: 84610) ---
  Adding 847 new papers
  Launching ER kernel (847 new nodes, 84610 citable old nodes)  p=0.001
  ER generated 2765217 total edges so far
  DeviceGraph: fwd=1686769 bwd=1686769 edges
  Year 2025 total: 1066 ms  (pop: 85457)

--- Year 2026 [ER:er-gnp] (pop: 85457) ---
  Adding 855 new papers
  Launching ER kernel (855 new nodes, 85457 citable old nodes)  p=0.001
  ER generated 2838257 total edges so far
  DeviceGraph: fwd=1759809 bwd=1759809 edges
  Year 2026 total: 1096 ms  (pop: 86312)

--- Year 2027 [ER:er-gnp] (pop: 86312) ---
  Adding 864 new papers
  Launching ER kernel (864 new nodes, 86312 citable old nodes)  p=0.001
  ER generated 2912565 total edges so far
  DeviceGraph: fwd=1834117 bwd=1834117 edges
  Year 2027 total: 1154 ms  (pop: 87176)

--- Year 2028 [ER:er-gnp] (pop: 87176) ---
  Adding 872 new papers
  Launching ER kernel (872 new nodes, 87176 citable old nodes)  p=0.001
  ER generated 2988187 total edges so far
  DeviceGraph: fwd=1909739 bwd=1909739 edges
  Year 2028 total: 1260 ms  (pop: 88048)

--- Year 2029 [ER:er-gnp] (pop: 88048) ---
  Adding 881 new papers
  Launching ER kernel (881 new nodes, 88048 citable old nodes)  p=0.001
  ER generated 3066055 total edges so far
  DeviceGraph: fwd=1987607 bwd=1987607 edges
  Year 2029 total: 1278 ms  (pop: 88929)

--- Year 2030 [ER:er-gnp] (pop: 88929) ---
  Adding 890 new papers
  Launching ER kernel (890 new nodes, 88929 citable old nodes)  p=0.001
  ER generated 3144982 total edges so far
  DeviceGraph: fwd=2066534 bwd=2066534 edges
  Year 2030 total: 1329 ms  (pop: 89819)

=== Simulation Complete ===
Total: 10 s  Final pop: 89819

=== Exporting Results ===
Edges saved: ./output/0.10/mass-er-gnp_cuda-twt-output-10y-1p.edgelist (3144982)

Done.

real	0m14.942s
user	0m14.151s
sys	0m0.742s
Running dataset=amz growth=1% cycles=30y er_prob=0.0001 (0.01%) threads=16
./output/0.01/mass-er-gnp_cuda-amz-output-30y-1p.edgelist
./output/0.01/mass-er-gnp_cuda-amz-static-output-30y-1p.aux
tee: ./output/0.01/mass-er-gnp_cuda-amz-static-30y-1p-abm.out: No such file or directory
Citation Network ABM – MASS CUDA
=================================

Out-degree bag: 3980408 entries
Recency probs:  356 entries
BFS batches:    10 per year

=== Initializing Citation ABM ===

Inside parseNodelist...
Populating continuous node mappings (334863 nodes)...
parseNodelist done in 331 ms (334863 nodes)

Inside parseEdgelist...
parseEdgelist done in 100 ms (925872 edges)
Seed max year: 2020  → simulation starts at 2021
Max population: 453363
Seed population: 334863 papers
  DeviceGraph: fwd=925872 bwd=925872 edges
Initialization complete


=== Simulation Start  [model: er-gnp] ===

--- Year 2021 [ER:er-gnp] (pop: 334863) ---
  Adding 3349 new papers
  Launching ER kernel (3349 new nodes, 334863 citable old nodes)  p=0.0001
  ER generated 1038032 total edges so far
  DeviceGraph: fwd=1038032 bwd=1038032 edges
  Year 2021 total: 1203 ms  (pop: 338212)

--- Year 2022 [ER:er-gnp] (pop: 338212) ---
  Adding 3383 new papers
  Launching ER kernel (3383 new nodes, 338212 citable old nodes)  p=0.0001
  ER generated 1152474 total edges so far
  DeviceGraph: fwd=1152474 bwd=1152474 edges
  Year 2022 total: 1357 ms  (pop: 341595)

--- Year 2023 [ER:er-gnp] (pop: 341595) ---
  Adding 3416 new papers
  Launching ER kernel (3416 new nodes, 341595 citable old nodes)  p=0.0001
  ER generated 1268624 total edges so far
  DeviceGraph: fwd=1268624 bwd=1268624 edges
  Year 2023 total: 1452 ms  (pop: 345011)

--- Year 2024 [ER:er-gnp] (pop: 345011) ---
  Adding 3451 new papers
  Launching ER kernel (3451 new nodes, 345011 citable old nodes)  p=0.0001
  ER generated 1387978 total edges so far
  DeviceGraph: fwd=1387978 bwd=1387978 edges
  Year 2024 total: 1431 ms  (pop: 348462)

--- Year 2025 [ER:er-gnp] (pop: 348462) ---
  Adding 3485 new papers
  Launching ER kernel (3485 new nodes, 348462 citable old nodes)  p=0.0001
  ER generated 1510082 total edges so far
  DeviceGraph: fwd=1510082 bwd=1510082 edges
  Year 2025 total: 1314 ms  (pop: 351947)

--- Year 2026 [ER:er-gnp] (pop: 351947) ---
  Adding 3520 new papers
  Launching ER kernel (3520 new nodes, 351947 citable old nodes)  p=0.0001
  ER generated 1633725 total edges so far
  DeviceGraph: fwd=1633725 bwd=1633725 edges
  Year 2026 total: 1431 ms  (pop: 355467)

--- Year 2027 [ER:er-gnp] (pop: 355467) ---
  Adding 3555 new papers
  Launching ER kernel (3555 new nodes, 355467 citable old nodes)  p=0.0001
  ER generated 1760359 total edges so far
  DeviceGraph: fwd=1760359 bwd=1760359 edges
  Year 2027 total: 1489 ms  (pop: 359022)

--- Year 2028 [ER:er-gnp] (pop: 359022) ---
  Adding 3591 new papers
  Launching ER kernel (3591 new nodes, 359022 citable old nodes)  p=0.0001
  ER generated 1889442 total edges so far
  DeviceGraph: fwd=1889442 bwd=1889442 edges
  Year 2028 total: 1627 ms  (pop: 362613)

--- Year 2029 [ER:er-gnp] (pop: 362613) ---
  Adding 3627 new papers
  Launching ER kernel (3627 new nodes, 362613 citable old nodes)  p=0.0001
  ER generated 2021059 total edges so far
  DeviceGraph: fwd=2021059 bwd=2021059 edges
  Year 2029 total: 1697 ms  (pop: 366240)

--- Year 2030 [ER:er-gnp] (pop: 366240) ---
  Adding 3663 new papers
  Launching ER kernel (3663 new nodes, 366240 citable old nodes)  p=0.0001
  ER generated 2154325 total edges so far
  DeviceGraph: fwd=2154325 bwd=2154325 edges
  Year 2030 total: 1787 ms  (pop: 369903)

--- Year 2031 [ER:er-gnp] (pop: 369903) ---
  Adding 3700 new papers
  Launching ER kernel (3700 new nodes, 369903 citable old nodes)  p=0.0001
  ER generated 2291246 total edges so far
  DeviceGraph: fwd=2291246 bwd=2291246 edges
  Year 2031 total: 1874 ms  (pop: 373603)

--- Year 2032 [ER:er-gnp] (pop: 373603) ---
  Adding 3737 new papers
  Launching ER kernel (3737 new nodes, 373603 citable old nodes)  p=0.0001
  ER generated 2430555 total edges so far
  DeviceGraph: fwd=2430555 bwd=2430555 edges
  Year 2032 total: 2056 ms  (pop: 377340)

--- Year 2033 [ER:er-gnp] (pop: 377340) ---
  Adding 3774 new papers
  Launching ER kernel (3774 new nodes, 377340 citable old nodes)  p=0.0001
  ER generated 2573505 total edges so far
  DeviceGraph: fwd=2573505 bwd=2573505 edges
  Year 2033 total: 2181 ms  (pop: 381114)

--- Year 2034 [ER:er-gnp] (pop: 381114) ---
  Adding 3812 new papers
  Launching ER kernel (3812 new nodes, 381114 citable old nodes)  p=0.0001
  ER generated 2718419 total edges so far
  DeviceGraph: fwd=2718419 bwd=2718419 edges
  Year 2034 total: 2195 ms  (pop: 384926)

--- Year 2035 [ER:er-gnp] (pop: 384926) ---
  Adding 3850 new papers
  Launching ER kernel (3850 new nodes, 384926 citable old nodes)  p=0.0001
  ER generated 2866643 total edges so far
  DeviceGraph: fwd=2866643 bwd=2866643 edges
  Year 2035 total: 2378 ms  (pop: 388776)

--- Year 2036 [ER:er-gnp] (pop: 388776) ---
  Adding 3888 new papers
  Launching ER kernel (3888 new nodes, 388776 citable old nodes)  p=0.0001
  ER generated 3017955 total edges so far
  DeviceGraph: fwd=3017955 bwd=3017955 edges
  Year 2036 total: 2436 ms  (pop: 392664)

--- Year 2037 [ER:er-gnp] (pop: 392664) ---
  Adding 3927 new papers
  Launching ER kernel (3927 new nodes, 392664 citable old nodes)  p=0.0001
  ER generated 3171888 total edges so far
  DeviceGraph: fwd=3171888 bwd=3171888 edges
  Year 2037 total: 2584 ms  (pop: 396591)

--- Year 2038 [ER:er-gnp] (pop: 396591) ---
  Adding 3966 new papers
  Launching ER kernel (3966 new nodes, 396591 citable old nodes)  p=0.0001
  ER generated 3329233 total edges so far
  DeviceGraph: fwd=3329233 bwd=3329233 edges
  Year 2038 total: 2700 ms  (pop: 400557)

--- Year 2039 [ER:er-gnp] (pop: 400557) ---
  Adding 4006 new papers
  Launching ER kernel (4006 new nodes, 400557 citable old nodes)  p=0.0001
  ER generated 3489421 total edges so far
  DeviceGraph: fwd=3489421 bwd=3489421 edges
  Year 2039 total: 2837 ms  (pop: 404563)

--- Year 2040 [ER:er-gnp] (pop: 404563) ---
  Adding 4046 new papers
  Launching ER kernel (4046 new nodes, 404563 citable old nodes)  p=0.0001
  ER generated 3653491 total edges so far
  DeviceGraph: fwd=3653491 bwd=3653491 edges
  Year 2040 total: 3032 ms  (pop: 408609)

--- Year 2041 [ER:er-gnp] (pop: 408609) ---
  Adding 4087 new papers
  Launching ER kernel (4087 new nodes, 408609 citable old nodes)  p=0.0001
  ER generated 3819986 total edges so far
  DeviceGraph: fwd=3819986 bwd=3819986 edges
  Year 2041 total: 3139 ms  (pop: 412696)

--- Year 2042 [ER:er-gnp] (pop: 412696) ---
  Adding 4127 new papers
  Launching ER kernel (4127 new nodes, 412696 citable old nodes)  p=0.0001
  ER generated 3990501 total edges so far
  DeviceGraph: fwd=3990501 bwd=3990501 edges
  Year 2042 total: 3322 ms  (pop: 416823)

--- Year 2043 [ER:er-gnp] (pop: 416823) ---
  Adding 4169 new papers
  Launching ER kernel (4169 new nodes, 416823 citable old nodes)  p=0.0001
  ER generated 4164584 total edges so far
  DeviceGraph: fwd=4164584 bwd=4164584 edges
  Year 2043 total: 3475 ms  (pop: 420992)

--- Year 2044 [ER:er-gnp] (pop: 420992) ---
  Adding 4210 new papers
  Launching ER kernel (4210 new nodes, 420992 citable old nodes)  p=0.0001
  ER generated 4341849 total edges so far
  DeviceGraph: fwd=4341849 bwd=4341849 edges
  Year 2044 total: 3646 ms  (pop: 425202)

--- Year 2045 [ER:er-gnp] (pop: 425202) ---
  Adding 4253 new papers
  Launching ER kernel (4253 new nodes, 425202 citable old nodes)  p=0.0001
  ER generated 4522806 total edges so far
  DeviceGraph: fwd=4522806 bwd=4522806 edges
  Year 2045 total: 3788 ms  (pop: 429455)

--- Year 2046 [ER:er-gnp] (pop: 429455) ---
  Adding 4295 new papers
  Launching ER kernel (4295 new nodes, 429455 citable old nodes)  p=0.0001
  ER generated 4707396 total edges so far
  DeviceGraph: fwd=4707396 bwd=4707396 edges
  Year 2046 total: 4074 ms  (pop: 433750)

--- Year 2047 [ER:er-gnp] (pop: 433750) ---
  Adding 4338 new papers
  Launching ER kernel (4338 new nodes, 433750 citable old nodes)  p=0.0001
  ER generated 4895085 total edges so far
  DeviceGraph: fwd=4895085 bwd=4895085 edges
  Year 2047 total: 4824 ms  (pop: 438088)

--- Year 2048 [ER:er-gnp] (pop: 438088) ---
  Adding 4381 new papers
  Launching ER kernel (4381 new nodes, 438088 citable old nodes)  p=0.0001
  ER generated 5086830 total edges so far
  DeviCannot open: ./output/0.01/mass-er-gnp_cuda-amz-static-output-30y-1p.auxceGraph: fwd=5086830 bwd=5086830 edges
  Year 2048 total: 4734 ms  (pop: 442469)

--- Year 2049 [ER:er-gnp] (pop: 442469) ---
  Adding 4425 new papers
  Launching ER kernel (4425 new nodes, 442469 citable old nodes)  p=0.0001
  ER generated 5282395 total edges so far
  DeviceGraph: fwd=5282395 bwd=5282395 edges
  Year 2049 total: 4539 ms  (pop: 446894)

--- Year 2050 [ER:er-gnp] (pop: 446894) ---
  Adding 4469 new papers
  Launching ER kernel (4469 new nodes, 446894 citable old nodes)  p=0.0001
  ER generated 5482359 total edges so far
  DeviceGraph: fwd=5482359 bwd=5482359 edges
  Year 2050 total: 4669 ms  (pop: 451363)

=== Simulation Complete ===
Total: 79 s  Final pop: 451363

=== Exporting Results ===
Edges saved: ./output/0.01/mass-er-gnp_cuda-amz-output-30y-1p.edgelist (5482359)


Done.

real	1m26.857s
user	1m25.489s
sys	0m1.110s
Running dataset=eu growth=1% cycles=30y er_prob=0.0001 (0.01%) threads=16
./output/0.01/mass-er-gnp_cuda-eu-output-30y-1p.edgelist
./output/0.01/mass-er-gnp_cuda-eu-static-output-30y-1p.aux
tee: ./output/0.01/mass-er-gnp_cuda-eu-static-30y-1p-abm.out: No such file or directory
Citation Network ABM – MASS CUDA
=================================

Out-degree bag: 3980408 entries
Recency probs:  356 entries
BFS batches:    10 per year

=== Initializing Citation ABM ===

Inside parseNodelist...
Populating continuous node mappings (265009 nodes)...
parseNodelist done in 250 ms (265009 nodes)

Inside parseEdgelist...
parseEdgelist done in 38 ms (418956 edges)
Seed max year: 2020  → simulation starts at 2021
Max population: 359211
Seed population: 265009 papers
  DeviceGraph: fwd=364481 bwd=364481 edges
Initialization complete


=== Simulation Start  [model: er-gnp] ===

--- Year 2021 [ER:er-gnp] (pop: 265009) ---
  Adding 2651 new papers
  Launching ER kernel (2651 new nodes, 265009 citable old nodes)  p=0.0001
  ER generated 489487 total edges so far
  DeviceGraph: fwd=435012 bwd=435012 edges
  Year 2021 total: 390 ms  (pop: 267660)

--- Year 2022 [ER:er-gnp] (pop: 267660) ---
  Adding 2677 new papers
  Launching ER kernel (2677 new nodes, 267660 citable old nodes)  p=0.0001
  ER generated 561308 total edges so far
  DeviceGraph: fwd=506833 bwd=506833 edges
  Year 2022 total: 420 ms  (pop: 270337)

--- Year 2023 [ER:er-gnp] (pop: 270337) ---
  Adding 2704 new papers
  Launching ER kernel (2704 new nodes, 270337 citable old nodes)  p=0.0001
  ER generated 634178 total edges so far
  DeviceGraph: fwd=579703 bwd=579703 edges
  Year 2023 total: 478 ms  (pop: 273041)

--- Year 2024 [ER:er-gnp] (pop: 273041) ---
  Adding 2731 new papers
  Launching ER kernel (2731 new nodes, 273041 citable old nodes)  p=0.0001
  ER generated 708933 total edges so far
  DeviceGraph: fwd=654458 bwd=654458 edges
  Year 2024 total: 534 ms  (pop: 275772)

--- Year 2025 [ER:er-gnp] (pop: 275772) ---
  Adding 2758 new papers
  Launching ER kernel (2758 new nodes, 275772 citable old nodes)  p=0.0001
  ER generated 785707 total edges so far
  DeviceGraph: fwd=731232 bwd=731232 edges
  Year 2025 total: 562 ms  (pop: 278530)

--- Year 2026 [ER:er-gnp] (pop: 278530) ---
  Adding 2786 new papers
  Launching ER kernel (2786 new nodes, 278530 citable old nodes)  p=0.0001
  ER generated 863310 total edges so far
  DeviceGraph: fwd=808835 bwd=808835 edges
  Year 2026 total: 611 ms  (pop: 281316)

--- Year 2027 [ER:er-gnp] (pop: 281316) ---
  Adding 2814 new papers
  Launching ER kernel (2814 new nodes, 281316 citable old nodes)  p=0.0001
  ER generated 942639 total edges so far
  DeviceGraph: fwd=888164 bwd=888164 edges
  Year 2027 total: 737 ms  (pop: 284130)

--- Year 2028 [ER:er-gnp] (pop: 284130) ---
  Adding 2842 new papers
  Launching ER kernel (2842 new nodes, 284130 citable old nodes)  p=0.0001
  ER generated 1023422 total edges so far
  DeviceGraph: fwd=968947 bwd=968947 edges
  Year 2028 total: 720 ms  (pop: 286972)

--- Year 2029 [ER:er-gnp] (pop: 286972) ---
  Adding 2870 new papers
  Launching ER kernel (2870 new nodes, 286972 citable old nodes)  p=0.0001
  ER generated 1105785 total edges so far
  DeviceGraph: fwd=1051310 bwd=1051310 edges
  Year 2029 total: 787 ms  (pop: 289842)

--- Year 2030 [ER:er-gnp] (pop: 289842) ---
  Adding 2899 new papers
  Launching ER kernel (2899 new nodes, 289842 citable old nodes)  p=0.0001
  ER generated 1189380 total edges so far
  DeviceGraph: fwd=1134905 bwd=1134905 edges
  Year 2030 total: 893 ms  (pop: 292741)

--- Year 2031 [ER:er-gnp] (pop: 292741) ---
  Adding 2928 new papers
  Launching ER kernel (2928 new nodes, 292741 citable old nodes)  p=0.0001
  ER generated 1275370 total edges so far
  DeviceGraph: fwd=1220895 bwd=1220895 edges
  Year 2031 total: 898 ms  (pop: 295669)

--- Year 2032 [ER:er-gnp] (pop: 295669) ---
  Adding 2957 new papers
  Launching ER kernel (2957 new nodes, 295669 citable old nodes)  p=0.0001
  ER generated 1362759 total edges so far
  DeviceGraph: fwd=1308284 bwd=1308284 edges
  Year 2032 total: 1010 ms  (pop: 298626)

--- Year 2033 [ER:er-gnp] (pop: 298626) ---
  Adding 2987 new papers
  Launching ER kernel (2987 new nodes, 298626 citable old nodes)  p=0.0001
  ER generated 1452223 total edges so far
  DeviceGraph: fwd=1397748 bwd=1397748 edges
  Year 2033 total: 1025 ms  (pop: 301613)

--- Year 2034 [ER:er-gnp] (pop: 301613) ---
  Adding 3017 new papers
  Launching ER kernel (3017 new nodes, 301613 citable old nodes)  p=0.0001
  ER generated 1543134 total edges so far
  DeviceGraph: fwd=1488659 bwd=1488659 edges
  Year 2034 total: 1099 ms  (pop: 304630)

--- Year 2035 [ER:er-gnp] (pop: 304630) ---
  Adding 3047 new papers
  Launching ER kernel (3047 new nodes, 304630 citable old nodes)  p=0.0001
  ER generated 1636090 total edges so far
  DeviceGraph: fwd=1581615 bwd=1581615 edges
  Year 2035 total: 1152 ms  (pop: 307677)

--- Year 2036 [ER:er-gnp] (pop: 307677) ---
  Adding 3077 new papers
  Launching ER kernel (3077 new nodes, 307677 citable old nodes)  p=0.0001
  ER generated 1730877 total edges so far
  DeviceGraph: fwd=1676402 bwd=1676402 edges
  Year 2036 total: 1218 ms  (pop: 310754)

--- Year 2037 [ER:er-gnp] (pop: 310754) ---
  Adding 3108 new papers
  Launching ER kernel (3108 new nodes, 310754 citable old nodes)  p=0.0001
  ER generated 1827001 total edges so far
  DeviceGraph: fwd=1772526 bwd=1772526 edges
  Year 2037 total: 1290 ms  (pop: 313862)

--- Year 2038 [ER:er-gnp] (pop: 313862) ---
  Adding 3139 new papers
  Launching ER kernel (3139 new nodes, 313862 citable old nodes)  p=0.0001
  ER generated 1925729 total edges so far
  DeviceGraph: fwd=1871254 bwd=1871254 edges
  Year 2038 total: 1345 ms  (pop: 317001)

--- Year 2039 [ER:er-gnp] (pop: 317001) ---
  Adding 3171 new papers
  Launching ER kernel (3171 new nodes, 317001 citable old nodes)  p=0.0001
  ER generated 2026159 total edges so far
  DeviceGraph: fwd=1971684 bwd=1971684 edges
  Year 2039 total: 1463 ms  (pop: 320172)

--- Year 2040 [ER:er-gnp] (pop: 320172) ---
  Adding 3202 new papers
  Launching ER kernel (3202 new nodes, 320172 citable old nodes)  p=0.0001
  ER generated 2128991 total edges so far
  DeviceGraph: fwd=2074516 bwd=2074516 edges
  Year 2040 total: 1501 ms  (pop: 323374)

--- Year 2041 [ER:er-gnp] (pop: 323374) ---
  Adding 3234 new papers
  Launching ER kernel (3234 new nodes, 323374 citable old nodes)  p=0.0001
  ER generated 2233236 total edges so far
  DeviceGraph: fwd=2178761 bwd=2178761 edges
  Year 2041 total: 1563 ms  (pop: 326608)

--- Year 2042 [ER:er-gnp] (pop: 326608) ---
  Adding 3267 new papers
  Launching ER kernel (3267 new nodes, 326608 citable old nodes)  p=0.0001
  ER generated 2340130 total edges so far
  DeviceGraph: fwd=2285655 bwd=2285655 edges
  Year 2042 total: 1690 ms  (pop: 329875)

--- Year 2043 [ER:er-gnp] (pop: 329875) ---
  Adding 3299 new papers
  Launching ER kernel (3299 new nodes, 329875 citable old nodes)  p=0.0001
  ER generated 2448783 total edges so far
  DeviceGraph: fwd=2394308 bwd=2394308 edges
  Year 2043 total: 1698 ms  (pop: 333174)

--- Year 2044 [ER:er-gnp] (pop: 333174) ---
  Adding 3332 new papers
  Launching ER kernel (3332 new nodes, 333174 citable old nodes)  p=0.0001
  ER generated 2559743 total edges so far
  DeviceGraph: fwd=2505268 bwd=2505268 edges
  Year 2044 total: 1842 ms  (pop: 336506)

--- Year 2045 [ER:er-gnp] (pop: 336506) ---
  Adding 3366 new papers
  Launching ER kernel (3366 new nodes, 336506 citable old nodes)  p=0.0001
  ER generated 2673266 total edges so far
  DeviceGraph: fwd=2618791 bwd=2618791 edges
  Year 2045 total: 1930 ms  (pop: 339872)

--- Year 2046 [ER:er-gnp] (pop: 339872) ---
  Adding 3399 new papers
  Launching ER kernel (3399 new nodes, 339872 citable old nodes)  p=0.0001
  ER generated 2789249 total edges so far
  DeviceGraph: fwd=2734774 bwd=2734774 edges
  Year 2046 total: 2008 ms  (pop: 343271)

--- Year 2047 [ER:er-gnp] (pop: 343271) ---
  Adding 3433 new papers
  Launching ER kernel (3433 new nodes, 343271 citable old nodes)  p=0.0001
  ER generated 2906566 total edges so far
  DeviceGraph: fwd=2852091 bwd=2852091 edges
  Year 2047 total: 2082 ms  (pop: 346704)

--- Year 2048 [ER:er-gnp] (pop: 346704) ---
  Adding 3468 new papers
  Launching ER kernel (3468 new nodes, 346704 citable old nodes)  p=0.0001
  ER generated 3026572 total edges so far
  DeviceGraph: fwd=2972097 bwd=2972097 edCannot open: ges
  Year 2048 total: 2203 ms  (pop: 350172)

--- Year 2049 [ER:er-gnp] (pop: 350172) ---
  Adding 3502 new papers
  Launching ER kernel (3502 new nodes, 350172 citable old nodes)  p=0.0001
  ER generated 3149208 total edges so far
  DeviceGraph: fwd=3094733 bwd=3094733 edges
  Year 2049 total: 2274 ms  (pop: 353674)

--- Year 2050 [ER:er-gnp] (pop: 353674) ---
  Adding 3537 new papers
  Launching ER kernel (3537 new nodes, 353674 citable old nodes)  p=0.0001
  ER generated 3274474 total edges so far
  DeviceGraph: fwd=3219999 bwd=3219999 edges
  Year 2050 total: 2808 ms  (pop: 357211)

=== Simulation Complete ===
Total: 38 s  Final pop: 357211

=== Exporting Results ===
Edges saved: ./output/0.01/mass-er-gnp_cuda-eu-output-30y-1p.edgelist (3274474)
./output/0.01/mass-er-gnp_cuda-eu-static-output-30y-1p.aux

Done.

real	0m43.074s
user	0m41.900s
sys	0m1.030s
Running dataset=yutb growth=1% cycles=30y er_prob=0.0001 (0.01%) threads=16
./output/0.01/mass-er-gnp_cuda-yutb-output-30y-1p.edgelist
./output/0.01/mass-er-gnp_cuda-yutb-static-output-30y-1p.aux
tee: ./output/0.01/mass-er-gnp_cuda-yutb-static-30y-1p-abm.out: No such file or directory
Citation Network ABM – MASS CUDA
=================================

Out-degree bag: 3980408 entries
Recency probs:  356 entries
BFS batches:    10 per year

=== Initializing Citation ABM ===

Inside parseNodelist...
Populating continuous node mappings (1134890 nodes)...
parseNodelist done in 1297 ms (1134890 nodes)

Inside parseEdgelist...
parseEdgelist done in 230 ms (2987624 edges)
Seed max year: 2026  → simulation starts at 2027
Max population: 1531678
Seed population: 1134890 papers
  DeviceGraph: fwd=2987624 bwd=2987624 edges
Initialization complete


=== Simulation Start  [model: er-gnp] ===

--- Year 2027 [ER:er-gnp] (pop: 1134890) ---
  Adding 11349 new papers
  Launching ER kernel (11349 new nodes, 1134890 citable old nodes)  p=0.0001
  ER generated 4276603 total edges so far
  DeviceGraph: fwd=4276603 bwd=4276603 edges
  Year 2027 total: 4135 ms  (pop: 1146239)

--- Year 2028 [ER:er-gnp] (pop: 1146239) ---
  Adding 11463 new papers
  Launching ER kernel (11463 new nodes, 1146239 citable old nodes)  p=0.0001
  ER generated 5590313 total edges so far
  DeviceGraph: fwd=5590313 bwd=5590313 edges
  Year 2028 total: 5369 ms  (pop: 1157702)

--- Year 2029 [ER:er-gnp] (pop: 1157702) ---
  Adding 11578 new papers
  Launching ER kernel (11578 new nodes, 1157702 citable old nodes)  p=0.0001
  ER generated 6931060 total edges so far
  DeviceGraph: fwd=6931060 bwd=6931060 edges
  Year 2029 total: 6446 ms  (pop: 1169280)

--- Year 2030 [ER:er-gnp] (pop: 1169280) ---
  Adding 11693 new papers
  Launching ER kernel (11693 new nodes, 1169280 citable old nodes)  p=0.0001
  ER generated 8297411 total edges so far
  DeviceGraph: fwd=8297411 bwd=8297411 edges
  Year 2030 total: 7792 ms  (pop: 1180973)

--- Year 2031 [ER:er-gnp] (pop: 1180973) ---
  Adding 11810 new papers
  Launching ER kernel (11810 new nodes, 1180973 citable old nodes)  p=0.0001
  ER generated 9690883 total edges so far
  DeviceGraph: fwd=9690883 bwd=9690883 edges
  Year 2031 total: 8968 ms  (pop: 1192783)

--- Year 2032 [ER:er-gnp] (pop: 1192783) ---
  Adding 11928 new papers
  Launching ER kernel (11928 new nodes, 1192783 citable old nodes)  p=0.0001
  ER generated 11110854 total edges so far
  DeviceGraph: fwd=11110854 bwd=11110854 edges
  Year 2032 total: 10624 ms  (pop: 1204711)

--- Year 2033 [ER:er-gnp] (pop: 1204711) ---
  Adding 12048 new papers
  Launching ER kernel (12048 new nodes, 1204711 citable old nodes)  p=0.0001
  ER generated 12562946 total edges so far
  DeviceGraph: fwd=12562946 bwd=12562946 edges
  Year 2033 total: 12529 ms  (pop: 1216759)

--- Year 2034 [ER:er-gnp] (pop: 1216759) ---
  Adding 12168 new papers
  Launching ER kernel (12168 new nodes, 1216759 citable old nodes)  p=0.0001
  ER generated 14043226 total edges so far
  DeviceGraph: fwd=14043226 bwd=14043226 edges
  Year 2034 total: 14001 ms  (pop: 1228927)

--- Year 2035 [ER:er-gnp] (pop: 1228927) ---
  Adding 12290 new papers
  Launching ER kernel (12290 new nodes, 1228927 citable old nodes)  p=0.0001
  ER generated 15553426 total edges so far
  DeviceGraph: fwd=15553426 bwd=15553426 edges
  Year 2035 total: 15357 ms  (pop: 1241217)

--- Year 2036 [ER:er-gnp] (pop: 1241217) ---
  Adding 12413 new papers
  Launching ER kernel (12413 new nodes, 1241217 citable old nodes)  p=0.0001
  ER generated 17094193 total edges so far
  DeviceGraph: fwd=17094193 bwd=17094193 edges
  Year 2036 total: 17051 ms  (pop: 1253630)

--- Year 2037 [ER:er-gnp] (pop: 1253630) ---
  Adding 12537 new papers
  Launching ER kernel (12537 new nodes, 1253630 citable old nodes)  p=0.0001
  ER generated 18664134 total edges so far
  DeviceGraph: fwd=18664134 bwd=18664134 edges
  Year 2037 total: 20059 ms  (pop: 1266167)

--- Year 2038 [ER:er-gnp] (pop: 1266167) ---
  Adding 12662 new papers
  Launching ER kernel (12662 new nodes, 1266167 citable old nodes)  p=0.0001
  ER generated 20266406 total edges so far
  DeviceGraph: fwd=20266406 bwd=20266406 edges
  Year 2038 total: 20966 ms  (pop: 1278829)

--- Year 2039 [ER:er-gnp] (pop: 1278829) ---
  Adding 12789 new papers
  Launching ER kernel (12789 new nodes, 1278829 citable old nodes)  p=0.0001
  ER generated 21900581 total edges so far
  DeviceGraph: fwd=21900581 bwd=21900581 edges
  Year 2039 total: 22860 ms  (pop: 1291618)

--- Year 2040 [ER:er-gnp] (pop: 1291618) ---
  Adding 12917 new papers
  Launching ER kernel (12917 new nodes, 1291618 citable old nodes)  p=0.0001
  ER generated 23569440 total edges so far
  DeviceGraph: fwd=23569440 bwd=23569440 edges
  Year 2040 total: 25510 ms  (pop: 1304535)

--- Year 2041 [ER:er-gnp] (pop: 1304535) ---
  Adding 13046 new papers
  Launching ER kernel (13046 new nodes, 1304535 citable old nodes)  p=0.0001
  ER generated 25271549 total edges so far
  DeviceGraph: fwd=25271549 bwd=25271549 edges
  Year 2041 total: 27286 ms  (pop: 1317581)

--- Year 2042 [ER:er-gnp] (pop: 1317581) ---
  Adding 13176 new papers
  Launching ER kernel (13176 new nodes, 1317581 citable old nodes)  p=0.0001
  ER generated 27007654 total edges so far
  DeviceGraph: fwd=27007654 bwd=27007654 edges
  Year 2042 total: 31013 ms  (pop: 1330757)

--- Year 2043 [ER:er-gnp] (pop: 1330757) ---
  Adding 13308 new papers
  Launching ER kernel (13308 new nodes, 1330757 citable old nodes)  p=0.0001
  ER generated 28779258 total edges so far
  DeviceGraph: fwd=28779258 bwd=28779258 edges
  Year 2043 total: 32539 ms  (pop: 1344065)

--- Year 2044 [ER:er-gnp] (pop: 1344065) ---
  Adding 13441 new papers
  Launching ER kernel (13441 new nodes, 1344065 citable old nodes)  p=0.0001
  ER generated 30584683 total edges so far
  DeviceGraph: fwd=30584683 bwd=30584683 edges
  Year 2044 total: 35732 ms  (pop: 1357506)

--- Year 2045 [ER:er-gnp] (pop: 1357506) ---
  Adding 13576 new papers
  Launching ER kernel (13576 new nodes, 1357506 citable old nodes)  p=0.0001
  ER generated 32430831 total edges so far
  DeviceGraph: fwd=32430831 bwd=32430831 edges
  Year 2045 total: 37105 ms  (pop: 1371082)

--- Year 2046 [ER:er-gnp] (pop: 1371082) ---
  Adding 13711 new papers
  Launching ER kernel (13711 new nodes, 1371082 citable old nodes)  p=0.0001
  ER generated 34311641 total edges so far
  DeviceGraph: fwd=34311641 bwd=34311641 edges
  Year 2046 total: 40106 ms  (pop: 1384793)

--- Year 2047 [ER:er-gnp] (pop: 1384793) ---
  Adding 13848 new papers
  Launching ER kernel (13848 new nodes, 1384793 citable old nodes)  p=0.0001
  ER generated 36230695 total edges so far
  DeviceGraph: fwd=36230695 bwd=36230695 edges
  Year 2047 total: 44339 ms  (pop: 1398641)

--- Year 2048 [ER:er-gnp] (pop: 1398641) ---
  Adding 13987 new papers
  Launching ER kernel (13987 new nodes, 1398641 citable old nodes)  p=0.0001
  ER generated 38186849 total edges so far
  DeviceGraph: fwd=38186849 bwd=38186849 edges
  Year 2048 total: 45905 ms  (pop: 1412628)

--- Year 2049 [ER:er-gnp] (pop: 1412628) ---
  Adding 14127 new papers
  Launching ER kernel (14127 new nodes, 1412628 citable old nodes)  p=0.0001
  ER generated 40181711 total edges so far
  DeviceGraph: fwd=40181711 bwd=40181711 edges
  Year 2049 total: 48966 ms  (pop: 1426755)

--- Year 2050 [ER:er-gnp] (pop: 1426755) ---
  Adding 14268 new papers
  Launching ER kernel (14268 new nodes, 1426755 citable old nodes)  p=0.0001
  ER generated 42216134 total edges so far
  DeviceGraph: fwd=42216134 bwd=42216134 edges
  Year 2050 total: 52449 ms  (pop: 1441023)

--- Year 2051 [ER:er-gnp] (pop: 1441023) ---
  Adding 14411 new papers
  Launching ER kernel (14411 new nodes, 1441023 citable old nodes)  p=0.0001
  ER generated 44293113 total edges so far
  DeviceGraph: fwd=44293113 bwd=44293113 edges
  Year 2051 total: 55708 ms  (pop: 1455434)

--- Year 2052 [ER:er-gnp] (pop: 1455434) ---
  Adding 14555 new papers
  Launching ER kernel (14555 new nodes, 1455434 citable old nodes)  p=0.0001
  ER generated 46411826 total edges so far
  DeviceGraph: fwd=46411826 bwd=46411826 edges
  Year 2052 total: 59472 ms  (pop: 1469989)

--- Year 2053 [ER:er-gnp] (pop: 1469989) ---
  Adding 14700 new papers
  Launching ER kernel (14700 new nodes, 1469989 citable old nodes)  p=0.0001
  ER generated 48574117 total edges so far
  DeviceGraph: fwd=48574117 bwd=48574117 edges
  YearCannot open: ./output/0.01/mass-er-gnp_cuda-yutb-static-output-30y-1p.aux
 2053 total: 62631 ms  (pop: 1484689)

--- Year 2054 [ER:er-gnp] (pop: 1484689) ---
  Adding 14847 new papers
  Launching ER kernel (14847 new nodes, 1484689 citable old nodes)  p=0.0001
  ER generated 50777444 total edges so far
  DeviceGraph: fwd=50777444 bwd=50777444 edges
  Year 2054 total: 65144 ms  (pop: 1499536)

--- Year 2055 [ER:er-gnp] (pop: 1499536) ---
  Adding 14996 new papers
  Launching ER kernel (14996 new nodes, 1499536 citable old nodes)  p=0.0001
  ER generated 53024862 total edges so far
  DeviceGraph: fwd=53024862 bwd=53024862 edges
  Year 2055 total: 67897 ms  (pop: 1514532)

--- Year 2056 [ER:er-gnp] (pop: 1514532) ---
  Adding 15146 new papers
  Launching ER kernel (15146 new nodes, 1514532 citable old nodes)  p=0.0001
  ER generated 55318739 total edges so far
  DeviceGraph: fwd=55318739 bwd=55318739 edges
  Year 2056 total: 71219 ms  (pop: 1529678)

=== Simulation Complete ===
Total: 969 s  Final pop: 1529678

=== Exporting Results ===
Edges saved: ./output/0.01/mass-er-gnp_cuda-yutb-output-30y-1p.edgelist (55318739)

Done.

real	17m21.706s
user	16m59.542s
sys	0m17.953s
Running dataset=twt growth=1% cycles=30y er_prob=0.0001 (0.01%) threads=16
./output/0.01/mass-er-gnp_cuda-twt-output-30y-1p.edgelist
./output/0.01/mass-er-gnp_cuda-twt-static-output-30y-1p.aux
tee: ./output/0.01/mass-er-gnp_cuda-twt-static-30y-1p-abm.out: No such file or directory
Citation Network ABM – MASS CUDA
=================================

Out-degree bag: 3980408 entries
Recency probs:  356 entries
BFS batches:    10 per year

=== Initializing Citation ABM ===

Inside parseNodelist...
Populating continuous node mappings (81306 nodes)...
parseNodelist done in 63 ms (81306 nodes)

Inside parseEdgelist...
parseEdgelist done in 188 ms (2420744 edges)
Seed max year: 2020  → simulation starts at 2021
Max population: 111610
Seed population: 81306 papers
  DeviceGraph: fwd=1342296 bwd=1342296 edges
Initialization complete


=== Simulation Start  [model: er-gnp] ===

--- Year 2021 [ER:er-gnp] (pop: 81306) ---
  Adding 814 new papers
  Launching ER kernel (814 new nodes, 81306 citable old nodes)  p=0.0001
  ER generated 2427466 total edges so far
  DeviceGraph: fwd=1349016 bwd=1349016 edges
  Year 2021 total: 891 ms  (pop: 82120)

--- Year 2022 [ER:er-gnp] (pop: 82120) ---
  Adding 822 new papers
  Launching ER kernel (822 new nodes, 82120 citable old nodes)  p=0.0001
  ER generated 2434264 total edges so far
  DeviceGraph: fwd=1355811 bwd=1355811 edges
  Year 2022 total: 956 ms  (pop: 82942)

--- Year 2023 [ER:er-gnp] (pop: 82942) ---
  Adding 830 new papers
  Launching ER kernel (830 new nodes, 82942 citable old nodes)  p=0.0001
  ER generated 2441273 total edges so far
  DeviceGraph: fwd=1362820 bwd=1362820 edges
  Year 2023 total: 998 ms  (pop: 83772)

--- Year 2024 [ER:er-gnp] (pop: 83772) ---
  Adding 838 new papers
  Launching ER kernel (838 new nodes, 83772 citable old nodes)  p=0.0001
  ER generated 2448370 total edges so far
  DeviceGraph: fwd=1369917 bwd=1369917 edges
  Year 2024 total: 1082 ms  (pop: 84610)

--- Year 2025 [ER:er-gnp] (pop: 84610) ---
  Adding 847 new papers
  Launching ER kernel (847 new nodes, 84610 citable old nodes)  p=0.0001
  ER generated 2455586 total edges so far
  DeviceGraph: fwd=1377133 bwd=1377133 edges
  Year 2025 total: 1175 ms  (pop: 85457)

--- Year 2026 [ER:er-gnp] (pop: 85457) ---
  Adding 855 new papers
  Launching ER kernel (855 new nodes, 85457 citable old nodes)  p=0.0001
  ER generated 2462953 total edges so far
  DeviceGraph: fwd=1384500 bwd=1384500 edges
  Year 2026 total: 1246 ms  (pop: 86312)

--- Year 2027 [ER:er-gnp] (pop: 86312) ---
  Adding 864 new papers
  Launching ER kernel (864 new nodes, 86312 citable old nodes)  p=0.0001
  ER generated 2470521 total edges so far
  DeviceGraph: fwd=1392068 bwd=1392068 edges
  Year 2027 total: 1207 ms  (pop: 87176)

--- Year 2028 [ER:er-gnp] (pop: 87176) ---
  Adding 872 new papers
  Launching ER kernel (872 new nodes, 87176 citable old nodes)  p=0.0001
  ER generated 2478051 total edges so far
  DeviceGraph: fwd=1399598 bwd=1399598 edges
  Year 2028 total: 1236 ms  (pop: 88048)

--- Year 2029 [ER:er-gnp] (pop: 88048) ---
  Adding 881 new papers
  Launching ER kernel (881 new nodes, 88048 citable old nodes)  p=0.0001
  ER generated 2485702 total edges so far
  DeviceGraph: fwd=1407249 bwd=1407249 edges
  Year 2029 total: 1264 ms  (pop: 88929)

--- Year 2030 [ER:er-gnp] (pop: 88929) ---
  Adding 890 new papers
  Launching ER kernel (890 new nodes, 88929 citable old nodes)  p=0.0001
  ER generated 2493554 total edges so far
  DeviceGraph: fwd=1415101 bwd=1415101 edges
  Year 2030 total: 1097 ms  (pop: 89819)

--- Year 2031 [ER:er-gnp] (pop: 89819) ---
  Adding 899 new papers
  Launching ER kernel (899 new nodes, 89819 citable old nodes)  p=0.0001
  ER generated 2501639 total edges so far
  DeviceGraph: fwd=1423186 bwd=1423186 edges
  Year 2031 total: 1017 ms  (pop: 90718)

--- Year 2032 [ER:er-gnp] (pop: 90718) ---
  Adding 908 new papers
  Launching ER kernel (908 new nodes, 90718 citable old nodes)  p=0.0001
  ER generated 2509951 total edges so far
  DeviceGraph: fwd=1431498 bwd=1431498 edges
  Year 2032 total: 985 ms  (pop: 91626)

--- Year 2033 [ER:er-gnp] (pop: 91626) ---
  Adding 917 new papers
  Launching ER kernel (917 new nodes, 91626 citable old nodes)  p=0.0001
  ER generated 2518337 total edges so far
  DeviceGraph: fwd=1439884 bwd=1439884 edges
  Year 2033 total: 1061 ms  (pop: 92543)

--- Year 2034 [ER:er-gnp] (pop: 92543) ---
  Adding 926 new papers
  Launching ER kernel (926 new nodes, 92543 citable old nodes)  p=0.0001
  ER generated 2526974 total edges so far
  DeviceGraph: fwd=1448521 bwd=1448521 edges
  Year 2034 total: 1027 ms  (pop: 93469)

--- Year 2035 [ER:er-gnp] (pop: 93469) ---
  Adding 935 new papers
  Launching ER kernel (935 new nodes, 93469 citable old nodes)  p=0.0001
  ER generated 2535649 total edges so far
  DeviceGraph: fwd=1457196 bwd=1457196 edges
  Year 2035 total: 999 ms  (pop: 94404)

--- Year 2036 [ER:er-gnp] (pop: 94404) ---
  Adding 945 new papers
  Launching ER kernel (945 new nodes, 94404 citable old nodes)  p=0.0001
  ER generated 2544544 total edges so far
  DeviceGraph: fwd=1466091 bwd=1466091 edges
  Year 2036 total: 1021 ms  (pop: 95349)

--- Year 2037 [ER:er-gnp] (pop: 95349) ---
  Adding 954 new papers
  Launching ER kernel (954 new nodes, 95349 citable old nodes)  p=0.0001
  ER generated 2553514 total edges so far
  DeviceGraph: fwd=1475061 bwd=1475061 edges
  Year 2037 total: 1055 ms  (pop: 96303)

--- Year 2038 [ER:er-gnp] (pop: 96303) ---
  Adding 964 new papers
  Launching ER kernel (964 new nodes, 96303 citable old nodes)  p=0.0001
  ER generated 2562636 total edges so far
  DeviceGraph: fwd=1484183 bwd=1484183 edges
  Year 2038 total: 1028 ms  (pop: 97267)

--- Year 2039 [ER:er-gnp] (pop: 97267) ---
  Adding 973 new papers
  Launching ER kernel (973 new nodes, 97267 citable old nodes)  p=0.0001
  ER generated 2571846 total edges so far
  DeviceGraph: fwd=1493393 bwd=1493393 edges
  Year 2039 total: 1040 ms  (pop: 98240)

--- Year 2040 [ER:er-gnp] (pop: 98240) ---
  Adding 983 new papers
  Launching ER kernel (983 new nodes, 98240 citable old nodes)  p=0.0001
  ER generated 2581521 total edges so far
  DeviceGraph: fwd=1503068 bwd=1503068 edges
  Year 2040 total: 1096 ms  (pop: 99223)

--- Year 2041 [ER:er-gnp] (pop: 99223) ---
  Adding 993 new papers
  Launching ER kernel (993 new nodes, 99223 citable old nodes)  p=0.0001
  ER generated 2591505 total edges so far
  DeviceGraph: fwd=1513052 bwd=1513052 edges
  Year 2041 total: 1062 ms  (pop: 100216)

--- Year 2042 [ER:er-gnp] (pop: 100216) ---
  Adding 1003 new papers
  Launching ER kernel (1003 new nodes, 100216 citable old nodes)  p=0.0001
  ER generated 2601530 total edges so far
  DeviceGraph: fwd=1523077 bwd=1523077 edges
  Year 2042 total: 1104 ms  (pop: 101219)

--- Year 2043 [ER:er-gnp] (pop: 101219) ---
  Adding 1013 new papers
  Launching ER kernel (1013 new nodes, 101219 citable old nodes)  p=0.0001
  ER generated 2611713 total edges so far
  DeviceGraph: fwd=1533260 bwd=1533260 edges
  Year 2043 total: 1117 ms  (pop: 102232)

--- Year 2044 [ER:er-gnp] (pop: 102232) ---
  Adding 1023 new papers
  Launching ER kernel (1023 new nodes, 102232 citable old nodes)  p=0.0001
  ER generated 2622101 total edges so far
  DeviceGraph: fwd=1543648 bwd=1543648 edges
  Year 2044 total: 1113 ms  (pop: 103255)

--- Year 2045 [ER:er-gnp] (pop: 103255) ---
  Adding 1033 new papers
  Launching ER kernel (1033 new nodes, 103255 citable old nodes)  p=0.0001
  ER generated 2632781 total edges so far
  DeviceGraph: fwd=1554328 bwd=1554328 edges
  Year 2045 total: 1108 ms  (pop: 104288)

--- Year 2046 [ER:er-gnp] (pop: 104288) ---
  Adding 1043 new papers
  Launching ER kernel (1043 new nodes, 104288 citable old nodes)  p=0.0001
  ER generated 2643719 total edges so far
  DeviceGraph: fwd=1565266 bwd=1565266 edges
  Year 2046 total: 1106 ms  (pop: 105331)

--- Year 2047 [ER:er-gnp] (pop: 105331) ---
  Adding 1054 new papers
  Launching ER kernel (1054 new nodes, 105331 citable old nodes)  p=0.0001
  ER generated 2654805 total edges so far
  DeviceGraph: fwd=1576352 bwd=1576352 edges
  Year 2047 total: 1100 ms  (pop: 106385)

--- Year 2048 [ER:er-gnp] (pop: 106385) ---
  Adding 1064 new papers
  Launching ER kernel (1064 new nodes, 106385 citable old nodes)  p=0.0001
  ER generated 2665974 total edges so far
  DeviceGraph: fwd=1587521 bwd=1587521 edges
  Year 2048 total: 1155 ms  (pop: 107449)

--- Year 2049 [ER:er-gnp] (pCannot open: ./output/0.01/mass-er-gnp_cuda-twt-static-output-30y-1p.aux
op: 107449) ---
  Adding 1075 new papers
  Launching ER kernel (1075 new nodes, 107449 citable old nodes)  p=0.0001
  ER generated 2677836 total edges so far
  DeviceGraph: fwd=1599383 bwd=1599383 edges
  Year 2049 total: 1142 ms  (pop: 108524)

--- Year 2050 [ER:er-gnp] (pop: 108524) ---
  Adding 1086 new papers
  Launching ER kernel (1086 new nodes, 108524 citable old nodes)  p=0.0001
  ER generated 2689720 total edges so far
  DeviceGraph: fwd=1611267 bwd=1611267 edges
  Year 2050 total: 1134 ms  (pop: 109610)

=== Simulation Complete ===
Total: 32 s  Final pop: 109610

=== Exporting Results ===
Edges saved: ./output/0.01/mass-er-gnp_cuda-twt-output-30y-1p.edgelist (2689720)

Done.

real	0m36.518s
user	0m35.497s
sys	0m0.870s
Running dataset=amz growth=1% cycles=30y er_prob=0.0003 (0.03%) threads=16
./output/0.03/mass-er-gnp_cuda-amz-output-30y-1p.edgelist
./output/0.03/mass-er-gnp_cuda-amz-static-output-30y-1p.aux
tee: ./output/0.03/mass-er-gnp_cuda-amz-static-30y-1p-abm.out: No such file or directory
Citation Network ABM – MASS CUDA
=================================

Out-degree bag: 3980408 entries
Recency probs:  356 entries
BFS batches:    10 per year

=== Initializing Citation ABM ===

Inside parseNodelist...
Populating continuous node mappings (334863 nodes)...
parseNodelist done in 328 ms (334863 nodes)

Inside parseEdgelist...
parseEdgelist done in 97 ms (925872 edges)
Seed max year: 2020  → simulation starts at 2021
Max population: 453363
Seed population: 334863 papers
  DeviceGraph: fwd=925872 bwd=925872 edges
Initialization complete


=== Simulation Start  [model: er-gnp] ===

--- Year 2021 [ER:er-gnp] (pop: 334863) ---
  Adding 3349 new papers
  Launching ER kernel (3349 new nodes, 334863 citable old nodes)  p=0.0003
  ER generated 1262629 total edges so far
  DeviceGraph: fwd=1262629 bwd=1262629 edges
  Year 2021 total: 1248 ms  (pop: 338212)

--- Year 2022 [ER:er-gnp] (pop: 338212) ---
  Adding 3383 new papers
  Launching ER kernel (3383 new nodes, 338212 citable old nodes)  p=0.0003
  ER generated 1605262 total edges so far
  DeviceGraph: fwd=1605262 bwd=1605262 edges
  Year 2022 total: 1508 ms  (pop: 341595)

--- Year 2023 [ER:er-gnp] (pop: 341595) ---
  Adding 3416 new papers
  Launching ER kernel (3416 new nodes, 341595 citable old nodes)  p=0.0003
  ER generated 1955107 total edges so far
  DeviceGraph: fwd=1955107 bwd=1955107 edges
  Year 2023 total: 1660 ms  (pop: 345011)

--- Year 2024 [ER:er-gnp] (pop: 345011) ---
  Adding 3451 new papers
  Launching ER kernel (3451 new nodes, 345011 citable old nodes)  p=0.0003
  ER generated 2313228 total edges so far
  DeviceGraph: fwd=2313228 bwd=2313228 edges
  Year 2024 total: 1925 ms  (pop: 348462)

--- Year 2025 [ER:er-gnp] (pop: 348462) ---
  Adding 3485 new papers
  Launching ER kernel (3485 new nodes, 348462 citable old nodes)  p=0.0003
  ER generated 2678699 total edges so far
  DeviceGraph: fwd=2678699 bwd=2678699 edges
  Year 2025 total: 2236 ms  (pop: 351947)

--- Year 2026 [ER:er-gnp] (pop: 351947) ---
  Adding 3520 new papers
  Launching ER kernel (3520 new nodes, 351947 citable old nodes)  p=0.0003
  ER generated 3049786 total edges so far
  DeviceGraph: fwd=3049786 bwd=3049786 edges
  Year 2026 total: 2522 ms  (pop: 355467)

--- Year 2027 [ER:er-gnp] (pop: 355467) ---
  Adding 3555 new papers
  Launching ER kernel (3555 new nodes, 355467 citable old nodes)  p=0.0003
  ER generated 3429170 total edges so far
  DeviceGraph: fwd=3429170 bwd=3429170 edges
  Year 2027 total: 2790 ms  (pop: 359022)

--- Year 2028 [ER:er-gnp] (pop: 359022) ---
  Adding 3591 new papers
  Launching ER kernel (3591 new nodes, 359022 citable old nodes)  p=0.0003
  ER generated 3815689 total edges so far
  DeviceGraph: fwd=3815689 bwd=3815689 edges
  Year 2028 total: 3226 ms  (pop: 362613)

--- Year 2029 [ER:er-gnp] (pop: 362613) ---
  Adding 3627 new papers
  Launching ER kernel (3627 new nodes, 362613 citable old nodes)  p=0.0003
  ER generated 4209853 total edges so far
  DeviceGraph: fwd=4209853 bwd=4209853 edges
  Year 2029 total: 3799 ms  (pop: 366240)

--- Year 2030 [ER:er-gnp] (pop: 366240) ---
  Adding 3663 new papers
  Launching ER kernel (3663 new nodes, 366240 citable old nodes)  p=0.0003
  ER generated 4612270 total edges so far
  DeviceGraph: fwd=4612270 bwd=4612270 edges
  Year 2030 total: 4132 ms  (pop: 369903)

--- Year 2031 [ER:er-gnp] (pop: 369903) ---
  Adding 3700 new papers
  Launching ER kernel (3700 new nodes, 369903 citable old nodes)  p=0.0003
  ER generated 5022376 total edges so far
  DeviceGraph: fwd=5022376 bwd=5022376 edges
  Year 2031 total: 4574 ms  (pop: 373603)

--- Year 2032 [ER:er-gnp] (pop: 373603) ---
  Adding 3737 new papers
  Launching ER kernel (3737 new nodes, 373603 citable old nodes)  p=0.0003
  ER generated 5440954 total edges so far
  DeviceGraph: fwd=5440954 bwd=5440954 edges
  Year 2032 total: 5526 ms  (pop: 377340)

--- Year 2033 [ER:er-gnp] (pop: 377340) ---
  Adding 3774 new papers
  Launching ER kernel (3774 new nodes, 377340 citable old nodes)  p=0.0003
  ER generated 5868976 total edges so far
  DeviceGraph: fwd=5868976 bwd=5868976 edges
  Year 2033 total: 5446 ms  (pop: 381114)

--- Year 2034 [ER:er-gnp] (pop: 381114) ---
  Adding 3812 new papers
  Launching ER kernel (3812 new nodes, 381114 citable old nodes)  p=0.0003
  ER generated 6304208 total edges so far
  DeviceGraph: fwd=6304208 bwd=6304208 edges
  Year 2034 total: 5852 ms  (pop: 384926)

--- Year 2035 [ER:er-gnp] (pop: 384926) ---
  Adding 3850 new papers
  Launching ER kernel (3850 new nodes, 384926 citable old nodes)  p=0.0003
  ER generated 6749384 total edges so far
  DeviceGraph: fwd=6749384 bwd=6749384 edges
  Year 2035 total: 6267 ms  (pop: 388776)

--- Year 2036 [ER:er-gnp] (pop: 388776) ---
  Adding 3888 new papers
  Launching ER kernel (3888 new nodes, 388776 citable old nodes)  p=0.0003
  ER generated 7202541 total edges so far
  DeviceGraph: fwd=7202541 bwd=7202541 edges
  Year 2036 total: 6809 ms  (pop: 392664)

--- Year 2037 [ER:er-gnp] (pop: 392664) ---
  Adding 3927 new papers
  Launching ER kernel (3927 new nodes, 392664 citable old nodes)  p=0.0003
  ER generated 7664585 total edges so far
  DeviceGraph: fwd=7664585 bwd=7664585 edges
  Year 2037 total: 7269 ms  (pop: 396591)

--- Year 2038 [ER:er-gnp] (pop: 396591) ---
  Adding 3966 new papers
  Launching ER kernel (3966 new nodes, 396591 citable old nodes)  p=0.0003
  ER generated 8136783 total edges so far
  DeviceGraph: fwd=8136783 bwd=8136783 edges
  Year 2038 total: 7803 ms  (pop: 400557)

--- Year 2039 [ER:er-gnp] (pop: 400557) ---
  Adding 4006 new papers
  Launching ER kernel (4006 new nodes, 400557 citable old nodes)  p=0.0003
  ER generated 8617642 total edges so far
  DeviceGraph: fwd=8617642 bwd=8617642 edges
  Year 2039 total: 8352 ms  (pop: 404563)

--- Year 2040 [ER:er-gnp] (pop: 404563) ---
  Adding 4046 new papers
  Launching ER kernel (4046 new nodes, 404563 citable old nodes)  p=0.0003
  ER generated 9108577 total edges so far
  DeviceGraph: fwd=9108577 bwd=9108577 edges
  Year 2040 total: 8870 ms  (pop: 408609)

--- Year 2041 [ER:er-gnp] (pop: 408609) ---
  Adding 4087 new papers
  Launching ER kernel (4087 new nodes, 408609 citable old nodes)  p=0.0003
  ER generated 9608093 total edges so far
  DeviceGraph: fwd=9608093 bwd=9608093 edges
  Year 2041 total: 10017 ms  (pop: 412696)

--- Year 2042 [ER:er-gnp] (pop: 412696) ---
  Adding 4127 new papers
  Launching ER kernel (4127 new nodes, 412696 citable old nodes)  p=0.0003
  ER generated 10119657 total edges so far
  DeviceGraph: fwd=10119657 bwd=10119657 edges
  Year 2042 total: 10125 ms  (pop: 416823)

--- Year 2043 [ER:er-gnp] (pop: 416823) ---
  Adding 4169 new papers
  Launching ER kernel (4169 new nodes, 416823 citable old nodes)  p=0.0003
  ER generated 10641549 total edges so far
  DeviceGraph: fwd=10641549 bwd=10641549 edges
  Year 2043 total: 10708 ms  (pop: 420992)

--- Year 2044 [ER:er-gnp] (pop: 420992) ---
  Adding 4210 new papers
  Launching ER kernel (4210 new nodes, 420992 citable old nodes)  p=0.0003
  ER generated 11173541 total edges so far
  DeviceGraph: fwd=11173541 bwd=11173541 edges
  Year 2044 total: 11453 ms  (pop: 425202)

--- Year 2045 [ER:er-gnp] (pop: 425202) ---
  Adding 4253 new papers
  Launching ER kernel (4253 new nodes, 425202 citable old nodes)  p=0.0003
  ER generated 11716231 total edges so far
  DeviceGraph: fwd=11716231 bwd=11716231 edges
  Year 2045 total: 12413 ms  (pop: 429455)

--- Year 2046 [ER:er-gnp] (pop: 429455) ---
  Adding 4295 new papers
  Launching ER kernel (4295 new nodes, 429455 citable old nodes)  p=0.0003
  ER generated 12269923 total edges so far
  DeviceGraph: fwd=12269923 bwd=12269923 edges
  Year 2046 total: 13489 ms  (pop: 433750)

--- Year 2047 [ER:er-gnp] (pop: 433750) ---
  Adding 4338 new papers
  Launching ER kernel (4338 new nodes, 433750 citable old nodes)  p=0.0003
  ER generated 12833714 total edges so far
  DeviceGraph: fwd=12833714 bwd=12833714 edges
  Year 2047 total: 13681 ms  (pop: 438088)

--- Year 2048 [ER:er-gnp] (pop: 438088) ---
  Adding 4381 new papers
  Launching ER kernel (4381 new nodes, 438088 citable old nodes)  p=0.0003
  ER generated 13408046 Cannot open: ./output/0.03/mass-er-gnp_cuda-amz-static-output-30y-1p.aux
total edges so far
  DeviceGraph: fwd=13408046 bwd=13408046 edges
  Year 2048 total: 14511 ms  (pop: 442469)

--- Year 2049 [ER:er-gnp] (pop: 442469) ---
  Adding 4425 new papers
  Launching ER kernel (4425 new nodes, 442469 citable old nodes)  p=0.0003
  ER generated 13994287 total edges so far
  DeviceGraph: fwd=13994287 bwd=13994287 edges
  Year 2049 total: 15008 ms  (pop: 446894)

--- Year 2050 [ER:er-gnp] (pop: 446894) ---
  Adding 4469 new papers
  Launching ER kernel (4469 new nodes, 446894 citable old nodes)  p=0.0003
  ER generated 14593336 total edges so far
  DeviceGraph: fwd=14593336 bwd=14593336 edges
  Year 2050 total: 16310 ms  (pop: 451363)

=== Simulation Complete ===
Total: 219 s  Final pop: 451363

=== Exporting Results ===
Edges saved: ./output/0.03/mass-er-gnp_cuda-amz-output-30y-1p.edgelist (14593336)

Done.

real	3m55.114s
user	3m51.899s
sys	0m2.278s
Running dataset=eu growth=1% cycles=30y er_prob=0.0003 (0.03%) threads=16
./output/0.03/mass-er-gnp_cuda-eu-output-30y-1p.edgelist
./output/0.03/mass-er-gnp_cuda-eu-static-output-30y-1p.aux
tee: ./output/0.03/mass-er-gnp_cuda-eu-static-30y-1p-abm.out: No such file or directory
Citation Network ABM – MASS CUDA
=================================

Out-degree bag: 3980408 entries
Recency probs:  356 entries
BFS batches:    10 per year

=== Initializing Citation ABM ===

Inside parseNodelist...
Populating continuous node mappings (265009 nodes)...
parseNodelist done in 254 ms (265009 nodes)

Inside parseEdgelist...
parseEdgelist done in 36 ms (418956 edges)
Seed max year: 2020  → simulation starts at 2021
Max population: 359211
Seed population: 265009 papers
  DeviceGraph: fwd=364481 bwd=364481 edges
Initialization complete


=== Simulation Start  [model: er-gnp] ===

--- Year 2021 [ER:er-gnp] (pop: 265009) ---
  Adding 2651 new papers
  Launching ER kernel (2651 new nodes, 265009 citable old nodes)  p=0.0003
  ER generated 629893 total edges so far
  DeviceGraph: fwd=575418 bwd=575418 edges
  Year 2021 total: 511 ms  (pop: 267660)

--- Year 2022 [ER:er-gnp] (pop: 267660) ---
  Adding 2677 new papers
  Launching ER kernel (2677 new nodes, 267660 citable old nodes)  p=0.0003
  ER generated 844557 total edges so far
  DeviceGraph: fwd=790082 bwd=790082 edges
  Year 2022 total: 684 ms  (pop: 270337)

--- Year 2023 [ER:er-gnp] (pop: 270337) ---
  Adding 2704 new papers
  Launching ER kernel (2704 new nodes, 270337 citable old nodes)  p=0.0003
  ER generated 1063874 total edges so far
  DeviceGraph: fwd=1009399 bwd=1009399 edges
  Year 2023 total: 818 ms  (pop: 273041)

--- Year 2024 [ER:er-gnp] (pop: 273041) ---
  Adding 2731 new papers
  Launching ER kernel (2731 new nodes, 273041 citable old nodes)  p=0.0003
  ER generated 1288201 total edges so far
  DeviceGraph: fwd=1233726 bwd=1233726 edges
  Year 2024 total: 1002 ms  (pop: 275772)

--- Year 2025 [ER:er-gnp] (pop: 275772) ---
  Adding 2758 new papers
  Launching ER kernel (2758 new nodes, 275772 citable old nodes)  p=0.0003
  ER generated 1517358 total edges so far
  DeviceGraph: fwd=1462883 bwd=1462883 edges
  Year 2025 total: 1218 ms  (pop: 278530)

--- Year 2026 [ER:er-gnp] (pop: 278530) ---
  Adding 2786 new papers
  Launching ER kernel (2786 new nodes, 278530 citable old nodes)  p=0.0003
  ER generated 1749809 total edges so far
  DeviceGraph: fwd=1695334 bwd=1695334 edges
  Year 2026 total: 1321 ms  (pop: 281316)

--- Year 2027 [ER:er-gnp] (pop: 281316) ---
  Adding 2814 new papers
  Launching ER kernel (2814 new nodes, 281316 citable old nodes)  p=0.0003
  ER generated 1987403 total edges so far
  DeviceGraph: fwd=1932928 bwd=1932928 edges
  Year 2027 total: 1489 ms  (pop: 284130)

--- Year 2028 [ER:er-gnp] (pop: 284130) ---
  Adding 2842 new papers
  Launching ER kernel (2842 new nodes, 284130 citable old nodes)  p=0.0003
  ER generated 2228979 total edges so far
  DeviceGraph: fwd=2174504 bwd=2174504 edges
  Year 2028 total: 1739 ms  (pop: 286972)

--- Year 2029 [ER:er-gnp] (pop: 286972) ---
  Adding 2870 new papers
  Launching ER kernel (2870 new nodes, 286972 citable old nodes)  p=0.0003
  ER generated 2475625 total edges so far
  DeviceGraph: fwd=2421150 bwd=2421150 edges
  Year 2029 total: 1867 ms  (pop: 289842)

--- Year 2030 [ER:er-gnp] (pop: 289842) ---
  Adding 2899 new papers
  Launching ER kernel (2899 new nodes, 289842 citable old nodes)  p=0.0003
  ER generated 2727857 total edges so far
  DeviceGraph: fwd=2673382 bwd=2673382 edges
  Year 2030 total: 2105 ms  (pop: 292741)

--- Year 2031 [ER:er-gnp] (pop: 292741) ---
  Adding 2928 new papers
  Launching ER kernel (2928 new nodes, 292741 citable old nodes)  p=0.0003
  ER generated 2984583 total edges so far
  DeviceGraph: fwd=2930108 bwd=2930108 edges
  Year 2031 total: 2313 ms  (pop: 295669)

--- Year 2032 [ER:er-gnp] (pop: 295669) ---
  Adding 2957 new papers
  Launching ER kernel (2957 new nodes, 295669 citable old nodes)  p=0.0003
  ER generated 3247038 total edges so far
  DeviceGraph: fwd=3192563 bwd=3192563 edges
  Year 2032 total: 2585 ms  (pop: 298626)

--- Year 2033 [ER:er-gnp] (pop: 298626) ---
  Adding 2987 new papers
  Launching ER kernel (2987 new nodes, 298626 citable old nodes)  p=0.0003
  ER generated 3515111 total edges so far
  DeviceGraph: fwd=3460636 bwd=3460636 edges
  Year 2033 total: 2801 ms  (pop: 301613)

--- Year 2034 [ER:er-gnp] (pop: 301613) ---
  Adding 3017 new papers
  Launching ER kernel (3017 new nodes, 301613 citable old nodes)  p=0.0003
  ER generated 3788337 total edges so far
  DeviceGraph: fwd=3733862 bwd=3733862 edges
  Year 2034 total: 3089 ms  (pop: 304630)

--- Year 2035 [ER:er-gnp] (pop: 304630) ---
  Adding 3047 new papers
  Launching ER kernel (3047 new nodes, 304630 citable old nodes)  p=0.0003
  ER generated 4067118 total edges so far
  DeviceGraph: fwd=4012643 bwd=4012643 edges
  Year 2035 total: 3382 ms  (pop: 307677)

--- Year 2036 [ER:er-gnp] (pop: 307677) ---
  Adding 3077 new papers
  Launching ER kernel (3077 new nodes, 307677 citable old nodes)  p=0.0003
  ER generated 4350408 total edges so far
  DeviceGraph: fwd=4295933 bwd=4295933 edges
  Year 2036 total: 3660 ms  (pop: 310754)

--- Year 2037 [ER:er-gnp] (pop: 310754) ---
  Adding 3108 new papers
  Launching ER kernel (3108 new nodes, 310754 citable old nodes)  p=0.0003
  ER generated 4639237 total edges so far
  DeviceGraph: fwd=4584762 bwd=4584762 edges
  Year 2037 total: 3949 ms  (pop: 313862)

--- Year 2038 [ER:er-gnp] (pop: 313862) ---
  Adding 3139 new papers
  Launching ER kernel (3139 new nodes, 313862 citable old nodes)  p=0.0003
  ER generated 4935464 total edges so far
  DeviceGraph: fwd=4880989 bwd=4880989 edges
  Year 2038 total: 4295 ms  (pop: 317001)

--- Year 2039 [ER:er-gnp] (pop: 317001) ---
  Adding 3171 new papers
  Launching ER kernel (3171 new nodes, 317001 citable old nodes)  p=0.0003
  ER generated 5236987 total edges so far
  DeviceGraph: fwd=5182512 bwd=5182512 edges
  Year 2039 total: 4643 ms  (pop: 320172)

--- Year 2040 [ER:er-gnp] (pop: 320172) ---
  Adding 3202 new papers
  Launching ER kernel (3202 new nodes, 320172 citable old nodes)  p=0.0003
  ER generated 5544772 total edges so far
  DeviceGraph: fwd=5490297 bwd=5490297 edges
  Year 2040 total: 5521 ms  (pop: 323374)

--- Year 2041 [ER:er-gnp] (pop: 323374) ---
  Adding 3234 new papers
  Launching ER kernel (3234 new nodes, 323374 citable old nodes)  p=0.0003
  ER generated 5857883 total edges so far
  DeviceGraph: fwd=5803408 bwd=5803408 edges
  Year 2041 total: 5307 ms  (pop: 326608)

--- Year 2042 [ER:er-gnp] (pop: 326608) ---
  Adding 3267 new papers
  Launching ER kernel (3267 new nodes, 326608 citable old nodes)  p=0.0003
  ER generated 6178797 total edges so far
  DeviceGraph: fwd=6124322 bwd=6124322 edges
  Year 2042 total: 5601 ms  (pop: 329875)

--- Year 2043 [ER:er-gnp] (pop: 329875) ---
  Adding 3299 new papers
  Launching ER kernel (3299 new nodes, 329875 citable old nodes)  p=0.0003
  ER generated 6505345 total edges so far
  DeviceGraph: fwd=6450870 bwd=6450870 edges
  Year 2043 total: 5815 ms  (pop: 333174)

--- Year 2044 [ER:er-gnp] (pop: 333174) ---
  Adding 3332 new papers
  Launching ER kernel (3332 new nodes, 333174 citable old nodes)  p=0.0003
  ER generated 6838409 total edges so far
  DeviceGraph: fwd=6783934 bwd=6783934 edges
  Year 2044 total: 6197 ms  (pop: 336506)

--- Year 2045 [ER:er-gnp] (pop: 336506) ---
  Adding 3366 new papers
  Launching ER kernel (3366 new nodes, 336506 citable old nodes)  p=0.0003
  ER generated 7178832 total edges so far
  DeviceGraph: fwd=7124357 bwd=7124357 edges
  Year 2045 total: 6600 ms  (pop: 339872)

--- Year 2046 [ER:er-gnp] (pop: 339872) ---
  Adding 3399 new papers
  Launching ER kernel (3399 new nodes, 339872 citable old nodes)  p=0.0003
  ER generated 7526022 total edges so far
  DeviceGraph: fwd=7471547 bwd=7471547 edges
  Year 2046 total: 6984 ms  (pop: 343271)

--- Year 2047 [ER:er-gnp] (pop: 343271) ---
  Adding 3433 new papers
  Launching ER kernel (3433 new nodes, 343271 citable old nodes)  p=0.0003
  ER generated 7879081 total edges so far
  DeviceGraph: fwd=7824606 bwd=7824606 edges
  Year 2047 total: 7323 ms  (pop: 346704)

--- Year 2048 [ER:er-gnp] (pop: 346704) ---
  Adding 3468 new papers
  Launching ER kernel (3468 new nodes, 346704 citable old nodes)  p=0.0003
  ER generated 8238895 total edges so far
  DeviceGraph: fCannot open: ./output/0.03/mass-er-gnp_cuda-eu-static-output-30y-1p.aux
wd=8184420 bwd=8184420 edges
  Year 2048 total: 7763 ms  (pop: 350172)

--- Year 2049 [ER:er-gnp] (pop: 350172) ---
  Adding 3502 new papers
  Launching ER kernel (3502 new nodes, 350172 citable old nodes)  p=0.0003
  ER generated 8605458 total edges so far
  DeviceGraph: fwd=8550983 bwd=8550983 edges
  Year 2049 total: 8853 ms  (pop: 353674)

--- Year 2050 [ER:er-gnp] (pop: 353674) ---
  Adding 3537 new papers
  Launching ER kernel (3537 new nodes, 353674 citable old nodes)  p=0.0003
  ER generated 8980060 total edges so far
  DeviceGraph: fwd=8925585 bwd=8925585 edges
  Year 2050 total: 9034 ms  (pop: 357211)

=== Simulation Complete ===
Total: 118 s  Final pop: 357211

=== Exporting Results ===
Edges saved: ./output/0.03/mass-er-gnp_cuda-eu-output-30y-1p.edgelist (8980060)

Done.

real	2m7.619s
user	2m5.841s
sys	0m1.279s
Running dataset=yutb growth=1% cycles=30y er_prob=0.0003 (0.03%) threads=16
./output/0.03/mass-er-gnp_cuda-yutb-output-30y-1p.edgelist
./output/0.03/mass-er-gnp_cuda-yutb-static-output-30y-1p.aux
tee: ./output/0.03/mass-er-gnp_cuda-yutb-static-30y-1p-abm.out: No such file or directory
Citation Network ABM – MASS CUDA
=================================

Out-degree bag: 3980408 entries
Recency probs:  356 entries
BFS batches:    10 per year

=== Initializing Citation ABM ===

Inside parseNodelist...
Populating continuous node mappings (1134890 nodes)...
parseNodelist done in 1308 ms (1134890 nodes)

Inside parseEdgelist...
parseEdgelist done in 231 ms (2987624 edges)
Seed max year: 2026  → simulation starts at 2027
Max population: 1531678
Seed population: 1134890 papers
  DeviceGraph: fwd=2987624 bwd=2987624 edges
Initialization complete


=== Simulation Start  [model: er-gnp] ===

--- Year 2027 [ER:er-gnp] (pop: 1134890) ---
  Adding 11349 new papers
  Launching ER kernel (11349 new nodes, 1134890 citable old nodes)  p=0.0003
  ER generated 6852826 total edges so far
  DeviceGraph: fwd=6852826 bwd=6852826 edges
  Year 2027 total: 6953 ms  (pop: 1146239)

--- Year 2028 [ER:er-gnp] (pop: 1146239) ---
  Adding 11463 new papers
  Launching ER kernel (11463 new nodes, 1146239 citable old nodes)  p=0.0003
  ER generated 10795050 total edges so far
  DeviceGraph: fwd=10795050 bwd=10795050 edges
  Year 2028 total: 11216 ms  (pop: 1157702)

--- Year 2029 [ER:er-gnp] (pop: 1157702) ---
  Adding 11578 new papers
  Launching ER kernel (11578 new nodes, 1157702 citable old nodes)  p=0.0003
  ER generated 14816896 total edges so far
  DeviceGraph: fwd=14816896 bwd=14816896 edges
  Year 2029 total: 15497 ms  (pop: 1169280)

--- Year 2030 [ER:er-gnp] (pop: 1169280) ---
  Adding 11693 new papers
  Launching ER kernel (11693 new nodes, 1169280 citable old nodes)  p=0.0003
  ER generated 18916271 total edges so far
  DeviceGraph: fwd=18916271 bwd=18916271 edges
  Year 2030 total: 21355 ms  (pop: 1180973)

--- Year 2031 [ER:er-gnp] (pop: 1180973) ---
  Adding 11810 new papers
  Launching ER kernel (11810 new nodes, 1180973 citable old nodes)  p=0.0003
  ER generated 23098200 total edges so far
  DeviceGraph: fwd=23098200 bwd=23098200 edges
  Year 2031 total: 25654 ms  (pop: 1192783)

--- Year 2032 [ER:er-gnp] (pop: 1192783) ---
  Adding 11928 new papers
  Launching ER kernel (11928 new nodes, 1192783 citable old nodes)  p=0.0003
  ER generated 27361485 total edges so far
  DeviceGraph: fwd=27361485 bwd=27361485 edges
  Year 2032 total: 31805 ms  (pop: 1204711)

--- Year 2033 [ER:er-gnp] (pop: 1204711) ---
  Adding 12048 new papers
  Launching ER kernel (12048 new nodes, 1204711 citable old nodes)  p=0.0003
  ER generated 31715553 total edges so far
  DeviceGraph: fwd=31715553 bwd=31715553 edges
  Year 2033 total: 36310 ms  (pop: 1216759)

--- Year 2034 [ER:er-gnp] (pop: 1216759) ---
  Adding 12168 new papers
  Launching ER kernel (12168 new nodes, 1216759 citable old nodes)  p=0.0003
  ER generated 36157478 total edges so far
  DeviceGraph: fwd=36157478 bwd=36157478 edges
  Year 2034 total: 43434 ms  (pop: 1228927)

--- Year 2035 [ER:er-gnp] (pop: 1228927) ---
  Adding 12290 new papers
  Launching ER kernel (12290 new nodes, 1228927 citable old nodes)  p=0.0003
  ER generated 40689312 total edges so far
  DeviceGraph: fwd=40689312 bwd=40689312 edges
  Year 2035 total: 50755 ms  (pop: 1241217)

--- Year 2036 [ER:er-gnp] (pop: 1241217) ---
  Adding 12413 new papers
  Launching ER kernel (12413 new nodes, 1241217 citable old nodes)  p=0.0003
  ER generated 45312771 total edges so far
  DeviceGraph: fwd=45312771 bwd=45312771 edges
  Year 2036 total: 57745 ms  (pop: 1253630)

--- Year 2037 [ER:er-gnp] (pop: 1253630) ---
  Adding 12537 new papers
  Launching ER kernel (12537 new nodes, 1253630 citable old nodes)  p=0.0003
  ER generated 50026621 total edges so far
  DeviceGraph: fwd=50026621 bwd=50026621 edges
  Year 2037 total: 63684 ms  (pop: 1266167)

--- Year 2038 [ER:er-gnp] (pop: 1266167) ---
  Adding 12662 new papers
  Launching ER kernel (12662 new nodes, 1266167 citable old nodes)  p=0.0003
  ER generated 54834703 total edges so far
  DeviceGraph: fwd=54834703 bwd=54834703 edges
  Year 2038 total: 67644 ms  (pop: 1278829)

--- Year 2039 [ER:er-gnp] (pop: 1278829) ---
  Adding 12789 new papers
  Launching ER kernel (12789 new nodes, 1278829 citable old nodes)  p=0.0003
  ER generated 59738558 total edges so far
  DeviceGraph: fwd=59738558 bwd=59738558 edges
  Year 2039 total: 73934 ms  (pop: 1291618)

--- Year 2040 [ER:er-gnp] (pop: 1291618) ---
  Adding 12917 new papers
  Launching ER kernel (12917 new nodes, 1291618 citable old nodes)  p=0.0003
  ER generated 64743002 total edges so far
  DeviceGraph: fwd=64743002 bwd=64743002 edges
  Year 2040 total: 79971 ms  (pop: 1304535)

--- Year 2041 [ER:er-gnp] (pop: 1304535) ---
  Adding 13046 new papers
  Launching ER kernel (13046 new nodes, 1304535 citable old nodes)  p=0.0003
  ER generated 69846930 total edges so far
  DeviceGraph: fwd=69846930 bwd=69846930 edges
  Year 2041 total: 89791 ms  (pop: 1317581)

--- Year 2042 [ER:er-gnp] (pop: 1317581) ---
  Adding 13176 new papers
  Launching ER kernel (13176 new nodes, 1317581 citable old nodes)  p=0.0003
  ER generated 75055277 total edges so far
  DeviceGraph: fwd=75055277 bwd=75055277 edges
  Year 2042 total: 96848 ms  (pop: 1330757)

--- Year 2043 [ER:er-gnp] (pop: 1330757) ---
  Adding 13308 new papers
  Launching ER kernel (13308 new nodes, 1330757 citable old nodes)  p=0.0003
  ER generated 80370539 total edges so far
  DeviceGraph: fwd=80370539 bwd=80370539 edges
  Year 2043 total: 105919 ms  (pop: 1344065)

--- Year 2044 [ER:er-gnp] (pop: 1344065) ---
  Adding 13441 new papers
  Launching ER kernel (13441 new nodes, 1344065 citable old nodes)  p=0.0003
  ER generated 85791338 total edges so far
  DeviceGraph: fwd=85791338 bwd=85791338 edges
  Year 2044 total: 115696 ms  (pop: 1357506)

--- Year 2045 [ER:er-gnp] (pop: 1357506) ---
  Adding 13576 new papers
  Launching ER kernel (13576 new nodes, 1357506 citable old nodes)  p=0.0003
  ER generated 91323741 total edges so far
  DeviceGraph: fwd=91323741 bwd=91323741 edges
  Year 2045 total: 122806 ms  (pop: 1371082)

--- Year 2046 [ER:er-gnp] (pop: 1371082) ---
  Adding 13711 new papers
  Launching ER kernel (13711 new nodes, 1371082 citable old nodes)  p=0.0003
  ER generated 96965641 total edges so far
  DeviceGraph: fwd=96965641 bwd=96965641 edges
  Year 2046 total: 131092 ms  (pop: 1384793)

--- Year 2047 [ER:er-gnp] (pop: 1384793) ---
  Adding 13848 new papers
  Launching ER kernel (13848 new nodes, 1384793 citable old nodes)  p=0.0003
  ER generated 102720119 total edges so far
  DeviceGraph: fwd=102720119 bwd=102720119 edges
  Year 2047 total: 142461 ms  (pop: 1398641)

--- Year 2048 [ER:er-gnp] (pop: 1398641) ---
  Adding 13987 new papers
  Launching ER kernel (13987 new nodes, 1398641 citable old nodes)  p=0.0003
  ER generated 108586598 total edges so far
  DeviceGraph: fwd=108586598 bwd=108586598 edges
  Year 2048 total: 151476 ms  (pop: 1412628)

--- Year 2049 [ER:er-gnp] (pop: 1412628) ---
  Adding 14127 new papers
  Launching ER kernel (14127 new nodes, 1412628 citable old nodes)  p=0.0003
  ER generated 114570131 total edges so far
  DeviceGraph: fwd=114570131 bwd=114570131 edges
  Year 2049 total: 157984 ms  (pop: 1426755)

--- Year 2050 [ER:er-gnp] (pop: 1426755) ---
  Adding 14268 new papers
  Launching ER kernel (14268 new nodes, 1426755 citable old nodes)  p=0.0003
  ER generated 120672273 total edges so far
  DeviceGraph: fwd=120672273 bwd=120672273 edges
  Year 2050 total: 169935 ms  (pop: 1441023)

--- Year 2051 [ER:er-gnp] (pop: 1441023) ---
  Adding 14411 new papers
  Launching ER kernel (14411 new nodes, 1441023 citable old nodes)  p=0.0003
  ER generated 126900967 total edges so far
  DeviceGraph: fwd=126900967 bwd=126900967 edges
  Year 2051 total: 178796 ms  (pop: 1455434)

--- Year 2052 [ER:er-gnp] (pop: 1455434) ---
  Adding 14555 new papers
  Launching ER kernel (14555 new nodes, 1455434 citable old nodes)  p=0.0003
  ER generated 133255990 total edges so far
  DeviceGraph: fwd=133255990 bwd=133255990 edges
  Year 2052 total: 189690 ms  (pop: 1469989)

--- Year 2053 [ER:er-gnp] (pop: 1469989) ---
  Adding 14700 new papers
  Launching ER kernel (14700 new nodes, 1469989 citable old nodes)  p=0.0003
  ER generated 139737885 total edges so far
  DeviceCannot open: ./output/0.03/mass-er-gnp_cuda-yutb-static-output-30y-1p.aux
Graph: fwd=139737885 bwd=139737885 edges
  Year 2053 total: 198775 ms  (pop: 1484689)

--- Year 2054 [ER:er-gnp] (pop: 1484689) ---
  Adding 14847 new papers
  Launching ER kernel (14847 new nodes, 1484689 citable old nodes)  p=0.0003
  ER generated 146344707 total edges so far
  DeviceGraph: fwd=146344707 bwd=146344707 edges
  Year 2054 total: 209342 ms  (pop: 1499536)

--- Year 2055 [ER:er-gnp] (pop: 1499536) ---
  Adding 14996 new papers
  Launching ER kernel (14996 new nodes, 1499536 citable old nodes)  p=0.0003
  ER generated 153086504 total edges so far
  DeviceGraph: fwd=153086504 bwd=153086504 edges
  Year 2055 total: 219983 ms  (pop: 1514532)

--- Year 2056 [ER:er-gnp] (pop: 1514532) ---
  Adding 15146 new papers
  Launching ER kernel (15146 new nodes, 1514532 citable old nodes)  p=0.0003
  ER generated 159968293 total edges so far
  DeviceGraph: fwd=159968293 bwd=159968293 edges
  Year 2056 total: 221588 ms  (pop: 1529678)

=== Simulation Complete ===
Total: 3088 s  Final pop: 1529678

=== Exporting Results ===
Edges saved: ./output/0.03/mass-er-gnp_cuda-yutb-output-30y-1p.edgelist (159968293)

Done.

real	54m26.683s
user	52m32.725s
sys	1m41.284s
Running dataset=twt growth=1% cycles=30y er_prob=0.0003 (0.03%) threads=16
./output/0.03/mass-er-gnp_cuda-twt-output-30y-1p.edgelist
./output/0.03/mass-er-gnp_cuda-twt-static-output-30y-1p.aux
tee: ./output/0.03/mass-er-gnp_cuda-twt-static-30y-1p-abm.out: No such file or directory
Citation Network ABM – MASS CUDA
=================================

Out-degree bag: 3980408 entries
Recency probs:  356 entries
BFS batches:    10 per year

=== Initializing Citation ABM ===

Inside parseNodelist...
Populating continuous node mappings (81306 nodes)...
parseNodelist done in 64 ms (81306 nodes)

Inside parseEdgelist...
parseEdgelist done in 186 ms (2420744 edges)
Seed max year: 2020  → simulation starts at 2021
Max population: 111610
Seed population: 81306 papers
  DeviceGraph: fwd=1342296 bwd=1342296 edges
Initialization complete


=== Simulation Start  [model: er-gnp] ===

--- Year 2021 [ER:er-gnp] (pop: 81306) ---
  Adding 814 new papers
  Launching ER kernel (814 new nodes, 81306 citable old nodes)  p=0.0003
  ER generated 2440687 total edges so far
  DeviceGraph: fwd=1362239 bwd=1362239 edges
  Year 2021 total: 819 ms  (pop: 82120)

--- Year 2022 [ER:er-gnp] (pop: 82120) ---
  Adding 822 new papers
  Launching ER kernel (822 new nodes, 82120 citable old nodes)  p=0.0003
  ER generated 2460927 total edges so far
  DeviceGraph: fwd=1382479 bwd=1382479 edges
  Year 2022 total: 852 ms  (pop: 82942)

--- Year 2023 [ER:er-gnp] (pop: 82942) ---
  Adding 830 new papers
  Launching ER kernel (830 new nodes, 82942 citable old nodes)  p=0.0003
  ER generated 2481427 total edges so far
  DeviceGraph: fwd=1402979 bwd=1402979 edges
  Year 2023 total: 845 ms  (pop: 83772)

--- Year 2024 [ER:er-gnp] (pop: 83772) ---
  Adding 838 new papers
  Launching ER kernel (838 new nodes, 83772 citable old nodes)  p=0.0003
  ER generated 2502428 total edges so far
  DeviceGraph: fwd=1423980 bwd=1423980 edges
  Year 2024 total: 950 ms  (pop: 84610)

--- Year 2025 [ER:er-gnp] (pop: 84610) ---
  Adding 847 new papers
  Launching ER kernel (847 new nodes, 84610 citable old nodes)  p=0.0003
  ER generated 2524014 total edges so far
  DeviceGraph: fwd=1445566 bwd=1445566 edges
  Year 2025 total: 879 ms  (pop: 85457)

--- Year 2026 [ER:er-gnp] (pop: 85457) ---
  Adding 855 new papers
  Launching ER kernel (855 new nodes, 85457 citable old nodes)  p=0.0003
  ER generated 2546136 total edges so far
  DeviceGraph: fwd=1467688 bwd=1467688 edges
  Year 2026 total: 904 ms  (pop: 86312)

--- Year 2027 [ER:er-gnp] (pop: 86312) ---
  Adding 864 new papers
  Launching ER kernel (864 new nodes, 86312 citable old nodes)  p=0.0003
  ER generated 2568599 total edges so far
  DeviceGraph: fwd=1490151 bwd=1490151 edges
  Year 2027 total: 917 ms  (pop: 87176)

--- Year 2028 [ER:er-gnp] (pop: 87176) ---
  Adding 872 new papers
  Launching ER kernel (872 new nodes, 87176 citable old nodes)  p=0.0003
  ER generated 2591176 total edges so far
  DeviceGraph: fwd=1512728 bwd=1512728 edges
  Year 2028 total: 924 ms  (pop: 88048)

--- Year 2029 [ER:er-gnp] (pop: 88048) ---
  Adding 881 new papers
  Launching ER kernel (881 new nodes, 88048 citable old nodes)  p=0.0003
  ER generated 2614317 total edges so far
  DeviceGraph: fwd=1535869 bwd=1535869 edges
  Year 2029 total: 1017 ms  (pop: 88929)

--- Year 2030 [ER:er-gnp] (pop: 88929) ---
  Adding 890 new papers
  Launching ER kernel (890 new nodes, 88929 citable old nodes)  p=0.0003
  ER generated 2637983 total edges so far
  DeviceGraph: fwd=1559535 bwd=1559535 edges
  Year 2030 total: 965 ms  (pop: 89819)

--- Year 2031 [ER:er-gnp] (pop: 89819) ---
  Adding 899 new papers
  Launching ER kernel (899 new nodes, 89819 citable old nodes)  p=0.0003
  ER generated 2662198 total edges so far
  DeviceGraph: fwd=1583750 bwd=1583750 edges
  Year 2031 total: 998 ms  (pop: 90718)

--- Year 2032 [ER:er-gnp] (pop: 90718) ---
  Adding 908 new papers
  Launching ER kernel (908 new nodes, 90718 citable old nodes)  p=0.0003
  ER generated 2686783 total edges so far
  DeviceGraph: fwd=1608335 bwd=1608335 edges
  Year 2032 total: 999 ms  (pop: 91626)

--- Year 2033 [ER:er-gnp] (pop: 91626) ---
  Adding 917 new papers
  Launching ER kernel (917 new nodes, 91626 citable old nodes)  p=0.0003
  ER generated 2711884 total edges so far
  DeviceGraph: fwd=1633436 bwd=1633436 edges
  Year 2033 total: 1020 ms  (pop: 92543)

--- Year 2034 [ER:er-gnp] (pop: 92543) ---
  Adding 926 new papers
  Launching ER kernel (926 new nodes, 92543 citable old nodes)  p=0.0003
  ER generated 2737675 total edges so far
  DeviceGraph: fwd=1659227 bwd=1659227 edges
  Year 2034 total: 1037 ms  (pop: 93469)

--- Year 2035 [ER:er-gnp] (pop: 93469) ---
  Adding 935 new papers
  Launching ER kernel (935 new nodes, 93469 citable old nodes)  p=0.0003
  ER generated 2763726 total edges so far
  DeviceGraph: fwd=1685278 bwd=1685278 edges
  Year 2035 total: 1058 ms  (pop: 94404)

--- Year 2036 [ER:er-gnp] (pop: 94404) ---
  Adding 945 new papers
  Launching ER kernel (945 new nodes, 94404 citable old nodes)  p=0.0003
  ER generated 2790640 total edges so far
  DeviceGraph: fwd=1712192 bwd=1712192 edges
  Year 2036 total: 1082 ms  (pop: 95349)

--- Year 2037 [ER:er-gnp] (pop: 95349) ---
  Adding 954 new papers
  Launching ER kernel (954 new nodes, 95349 citable old nodes)  p=0.0003
  ER generated 2817820 total edges so far
  DeviceGraph: fwd=1739372 bwd=1739372 edges
  Year 2037 total: 1167 ms  (pop: 96303)

--- Year 2038 [ER:er-gnp] (pop: 96303) ---
  Adding 964 new papers
  Launching ER kernel (964 new nodes, 96303 citable old nodes)  p=0.0003
  ER generated 2845434 total edges so far
  DeviceGraph: fwd=1766986 bwd=1766986 edges
  Year 2038 total: 1114 ms  (pop: 97267)

--- Year 2039 [ER:er-gnp] (pop: 97267) ---
  Adding 973 new papers
  Launching ER kernel (973 new nodes, 97267 citable old nodes)  p=0.0003
  ER generated 2873588 total edges so far
  DeviceGraph: fwd=1795140 bwd=1795140 edges
  Year 2039 total: 1150 ms  (pop: 98240)

--- Year 2040 [ER:er-gnp] (pop: 98240) ---
  Adding 983 new papers
  Launching ER kernel (983 new nodes, 98240 citable old nodes)  p=0.0003
  ER generated 2902750 total edges so far
  DeviceGraph: fwd=1824302 bwd=1824302 edges
  Year 2040 total: 1157 ms  (pop: 99223)

--- Year 2041 [ER:er-gnp] (pop: 99223) ---
  Adding 993 new papers
  Launching ER kernel (993 new nodes, 99223 citable old nodes)  p=0.0003
  ER generated 2932647 total edges so far
  DeviceGraph: fwd=1854199 bwd=1854199 edges
  Year 2041 total: 1192 ms  (pop: 100216)

--- Year 2042 [ER:er-gnp] (pop: 100216) ---
  Adding 1003 new papers
  Launching ER kernel (1003 new nodes, 100216 citable old nodes)  p=0.0003
  ER generated 2962833 total edges so far
  DeviceGraph: fwd=1884385 bwd=1884385 edges
  Year 2042 total: 1236 ms  (pop: 101219)

--- Year 2043 [ER:er-gnp] (pop: 101219) ---
  Adding 1013 new papers
  Launching ER kernel (1013 new nodes, 101219 citable old nodes)  p=0.0003
  ER generated 2993902 total edges so far
  DeviceGraph: fwd=1915454 bwd=1915454 edges
  Year 2043 total: 1237 ms  (pop: 102232)

--- Year 2044 [ER:er-gnp] (pop: 102232) ---
  Adding 1023 new papers
  Launching ER kernel (1023 new nodes, 102232 citable old nodes)  p=0.0003
  ER generated 3025272 total edges so far
  DeviceGraph: fwd=1946824 bwd=1946824 edges
  Year 2044 total: 1258 ms  (pop: 103255)

--- Year 2045 [ER:er-gnp] (pop: 103255) ---
  Adding 1033 new papers
  Launching ER kernel (1033 new nodes, 103255 citable old nodes)  p=0.0003
  ER generated 3057471 total edges so far
  DeviceGraph: fwd=1979023 bwd=1979023 edges
  Year 2045 total: 1296 ms  (pop: 104288)

--- Year 2046 [ER:er-gnp] (pop: 104288) ---
  Adding 1043 new papers
  Launching ER kernel (1043 new nodes, 104288 citable old nodes)  p=0.0003
  ER generated 3090295 total edges so far
  DeviceGraph: fwd=2011847 bwd=2011847 edges
  Year 2046 total: 1305 ms  (pop: 105331)

--- Year 2047 [ER:er-gnp] (pop: 105331) ---
  Adding 1054 new papers
  Launching ER kernel (1054 new nodes, 105331 citable old nodes)  p=0.0003
  ER generated 3123536 total edges so far
  DeviceGraph: fwd=2045088 bwd=2045088 edges
  Year 2047 total: 1323 ms  (pop: 106385)

--- Year 2048 [ER:er-gnp] (pop: 106385) ---
  Adding 1064 new papers
  Launching ER kernel (1064 new nodes, 106385 citable old nodes)  p=0.0003
  ER generated 3157116 total edges so far
  DeviceGraph: fwd=2078668 bwd=2078668 edges
  Year 2048 total: 1358 ms  (pop: 107449)

--- Year 2049 [ER:er-gnp] (pop: 10Cannot open: 7449) ---
  Adding 1075 new papers
  Launching ER kernel (1075 new nodes, 107449 citable old nodes)  p=0.0003
  ER generated 3191831 total edges so far
  DeviceGraph: fwd=2113383 bwd=2113383 edges
  Year 2049 total: 1394 ms  (pop: 108524)

--- Year 2050 [ER:er-gnp] (pop: 108524) ---
  Adding 1086 new papers
  Launching ER kernel (1086 new nodes, 108524 citable old nodes)  p=0.0003
  ER generated 3227128 total edges so far
  DeviceGraph: fwd=2148680 bwd=2148680 edges
  Year 2050 total: 1406 ms  (pop: 109610)

=== Simulation Complete ===
Total: 32 s  Final pop: 109610

=== Exporting Results ===
Edges saved: ./output/0.03/mass-er-gnp_cuda-twt-output-30y-1p.edgelist (3227128)
./output/0.03/mass-er-gnp_cuda-twt-static-output-30y-1p.aux

Done.

real	0m36.854s
user	0m35.912s
sys	0m0.841s
Running dataset=amz growth=1% cycles=30y er_prob=0.0005 (0.05%) threads=16
./output/0.05/mass-er-gnp_cuda-amz-output-30y-1p.edgelist
./output/0.05/mass-er-gnp_cuda-amz-static-output-30y-1p.aux
tee: ./output/0.05/mass-er-gnp_cuda-amz-static-30y-1p-abm.out: No such file or directory
Citation Network ABM – MASS CUDA
=================================

Out-degree bag: 3980408 entries
Recency probs:  356 entries
BFS batches:    10 per year

=== Initializing Citation ABM ===

Inside parseNodelist...
Populating continuous node mappings (334863 nodes)...
parseNodelist done in 326 ms (334863 nodes)

Inside parseEdgelist...
parseEdgelist done in 96 ms (925872 edges)
Seed max year: 2020  → simulation starts at 2021
Max population: 453363
Seed population: 334863 papers
  DeviceGraph: fwd=925872 bwd=925872 edges
Initialization complete


=== Simulation Start  [model: er-gnp] ===

--- Year 2021 [ER:er-gnp] (pop: 334863) ---
  Adding 3349 new papers
  Launching ER kernel (3349 new nodes, 334863 citable old nodes)  p=0.0005
  ER generated 1487459 total edges so far
  DeviceGraph: fwd=1487459 bwd=1487459 edges
  Year 2021 total: 1298 ms  (pop: 338212)

--- Year 2022 [ER:er-gnp] (pop: 338212) ---
  Adding 3383 new papers
  Launching ER kernel (3383 new nodes, 338212 citable old nodes)  p=0.0005
  ER generated 2059125 total edges so far
  DeviceGraph: fwd=2059125 bwd=2059125 edges
  Year 2022 total: 1755 ms  (pop: 341595)

--- Year 2023 [ER:er-gnp] (pop: 341595) ---
  Adding 3416 new papers
  Launching ER kernel (3416 new nodes, 341595 citable old nodes)  p=0.0005
  ER generated 2642643 total edges so far
  DeviceGraph: fwd=2642643 bwd=2642643 edges
  Year 2023 total: 2171 ms  (pop: 345011)

--- Year 2024 [ER:er-gnp] (pop: 345011) ---
  Adding 3451 new papers
  Launching ER kernel (3451 new nodes, 345011 citable old nodes)  p=0.0005
  ER generated 3239109 total edges so far
  DeviceGraph: fwd=3239109 bwd=3239109 edges
  Year 2024 total: 2734 ms  (pop: 348462)

--- Year 2025 [ER:er-gnp] (pop: 348462) ---
  Adding 3485 new papers
  Launching ER kernel (3485 new nodes, 348462 citable old nodes)  p=0.0005
  ER generated 3847890 total edges so far
  DeviceGraph: fwd=3847890 bwd=3847890 edges
  Year 2025 total: 3820 ms  (pop: 351947)

--- Year 2026 [ER:er-gnp] (pop: 351947) ---
  Adding 3520 new papers
  Launching ER kernel (3520 new nodes, 351947 citable old nodes)  p=0.0005
  ER generated 4466278 total edges so far
  DeviceGraph: fwd=4466278 bwd=4466278 edges
  Year 2026 total: 4340 ms  (pop: 355467)

--- Year 2027 [ER:er-gnp] (pop: 355467) ---
  Adding 3555 new papers
  Launching ER kernel (3555 new nodes, 355467 citable old nodes)  p=0.0005
  ER generated 5098374 total edges so far
  DeviceGraph: fwd=5098374 bwd=5098374 edges
  Year 2027 total: 4398 ms  (pop: 359022)

--- Year 2028 [ER:er-gnp] (pop: 359022) ---
  Adding 3591 new papers
  Launching ER kernel (3591 new nodes, 359022 citable old nodes)  p=0.0005
  ER generated 5742216 total edges so far
  DeviceGraph: fwd=5742216 bwd=5742216 edges
  Year 2028 total: 5065 ms  (pop: 362613)

--- Year 2029 [ER:er-gnp] (pop: 362613) ---
  Adding 3627 new papers
  Launching ER kernel (3627 new nodes, 362613 citable old nodes)  p=0.0005
  ER generated 6399638 total edges so far
  DeviceGraph: fwd=6399638 bwd=6399638 edges
  Year 2029 total: 5806 ms  (pop: 366240)

--- Year 2030 [ER:er-gnp] (pop: 366240) ---
  Adding 3663 new papers
  Launching ER kernel (3663 new nodes, 366240 citable old nodes)  p=0.0005
  ER generated 7070235 total edges so far
  DeviceGraph: fwd=7070235 bwd=7070235 edges
  Year 2030 total: 6455 ms  (pop: 369903)

--- Year 2031 [ER:er-gnp] (pop: 369903) ---
  Adding 3700 new papers
  Launching ER kernel (3700 new nodes, 369903 citable old nodes)  p=0.0005
  ER generated 7754049 total edges so far
  DeviceGraph: fwd=7754049 bwd=7754049 edges
  Year 2031 total: 7059 ms  (pop: 373603)

--- Year 2032 [ER:er-gnp] (pop: 373603) ---
  Adding 3737 new papers
  Launching ER kernel (3737 new nodes, 373603 citable old nodes)  p=0.0005
  ER generated 8452125 total edges so far
  DeviceGraph: fwd=8452125 bwd=8452125 edges
  Year 2032 total: 7779 ms  (pop: 377340)

--- Year 2033 [ER:er-gnp] (pop: 377340) ---
  Adding 3774 new papers
  Launching ER kernel (3774 new nodes, 377340 citable old nodes)  p=0.0005
  ER generated 9165554 total edges so far
  DeviceGraph: fwd=9165554 bwd=9165554 edges
  Year 2033 total: 8582 ms  (pop: 381114)

--- Year 2034 [ER:er-gnp] (pop: 381114) ---
  Adding 3812 new papers
  Launching ER kernel (3812 new nodes, 381114 citable old nodes)  p=0.0005
  ER generated 9891077 total edges so far
  DeviceGraph: fwd=9891077 bwd=9891077 edges
  Year 2034 total: 9560 ms  (pop: 384926)

--- Year 2035 [ER:er-gnp] (pop: 384926) ---
  Adding 3850 new papers
  Launching ER kernel (3850 new nodes, 384926 citable old nodes)  p=0.0005
  ER generated 10632957 total edges so far
  DeviceGraph: fwd=10632957 bwd=10632957 edges
  Year 2035 total: 11242 ms  (pop: 388776)

--- Year 2036 [ER:er-gnp] (pop: 388776) ---
  Adding 3888 new papers
  Launching ER kernel (3888 new nodes, 388776 citable old nodes)  p=0.0005
  ER generated 11386865 total edges so far
  DeviceGraph: fwd=11386865 bwd=11386865 edges
  Year 2036 total: 11304 ms  (pop: 392664)

--- Year 2037 [ER:er-gnp] (pop: 392664) ---
  Adding 3927 new papers
  Launching ER kernel (3927 new nodes, 392664 citable old nodes)  p=0.0005
  ER generated 12157246 total edges so far
  DeviceGraph: fwd=12157246 bwd=12157246 edges
  Year 2037 total: 12303 ms  (pop: 396591)

--- Year 2038 [ER:er-gnp] (pop: 396591) ---
  Adding 3966 new papers
  Launching ER kernel (3966 new nodes, 396591 citable old nodes)  p=0.0005
  ER generated 12944116 total edges so far
  DeviceGraph: fwd=12944116 bwd=12944116 edges
  Year 2038 total: 13158 ms  (pop: 400557)

--- Year 2039 [ER:er-gnp] (pop: 400557) ---
  Adding 4006 new papers
  Launching ER kernel (4006 new nodes, 400557 citable old nodes)  p=0.0005
  ER generated 13745336 total edges so far
  DeviceGraph: fwd=13745336 bwd=13745336 edges
  Year 2039 total: 14002 ms  (pop: 404563)

--- Year 2040 [ER:er-gnp] (pop: 404563) ---
  Adding 4046 new papers
  Launching ER kernel (4046 new nodes, 404563 citable old nodes)  p=0.0005
  ER generated 14562553 total edges so far
  DeviceGraph: fwd=14562553 bwd=14562553 edges
  Year 2040 total: 15933 ms  (pop: 408609)

--- Year 2041 [ER:er-gnp] (pop: 408609) ---
  Adding 4087 new papers
  Launching ER kernel (4087 new nodes, 408609 citable old nodes)  p=0.0005
  ER generated 15395694 total edges so far
  DeviceGraph: fwd=15395694 bwd=15395694 edges
  Year 2041 total: 15890 ms  (pop: 412696)

--- Year 2042 [ER:er-gnp] (pop: 412696) ---
  Adding 4127 new papers
  Launching ER kernel (4127 new nodes, 412696 citable old nodes)  p=0.0005
  ER generated 16248089 total edges so far
  DeviceGraph: fwd=16248089 bwd=16248089 edges
  Year 2042 total: 16678 ms  (pop: 416823)

--- Year 2043 [ER:er-gnp] (pop: 416823) ---
  Adding 4169 new papers
  Launching ER kernel (4169 new nodes, 416823 citable old nodes)  p=0.0005
  ER generated 17119149 total edges so far
  DeviceGraph: fwd=17119149 bwd=17119149 edges
  Year 2043 total: 18562 ms  (pop: 420992)

--- Year 2044 [ER:er-gnp] (pop: 420992) ---
  Adding 4210 new papers
  Launching ER kernel (4210 new nodes, 420992 citable old nodes)  p=0.0005
  ER generated 18006727 total edges so far
  DeviceGraph: fwd=18006727 bwd=18006727 edges
  Year 2044 total: 18691 ms  (pop: 425202)

--- Year 2045 [ER:er-gnp] (pop: 425202) ---
  Adding 4253 new papers
  Launching ER kernel (4253 new nodes, 425202 citable old nodes)  p=0.0005
  ER generated 18911112 total edges so far
  DeviceGraph: fwd=18911112 bwd=18911112 edges
  Year 2045 total: 19610 ms  (pop: 429455)

--- Year 2046 [ER:er-gnp] (pop: 429455) ---
  Adding 4295 new papers
  Launching ER kernel (4295 new nodes, 429455 citable old nodes)  p=0.0005
  ER generated 19833561 total edges so far
  DeviceGraph: fwd=19833561 bwd=19833561 edges
  Year 2046 total: 21390 ms  (pop: 433750)

--- Year 2047 [ER:er-gnp] (pop: 433750) ---
  Adding 4338 new papers
  Launching ER kernel (4338 new nodes, 433750 citable old nodes)  p=0.0005
  ER generated 20773422 total edges so far
  DeviceGraph: fwd=20773422 bwd=20773422 edges
  Year 2047 total: 22603 ms  (pop: 438088)

--- Year 2048 [ER:er-gnp] (pop: 438088) ---
  Adding 4381 new papers
  Launching ER kernel (4381 new nodes, 438088 citable old nodes)  p=0.00Cannot open: ./output/0.05/mass-er-gnp_cuda-amz-static-output-30y-1p.aux
05
  ER generated 21732077 total edges so far
  DeviceGraph: fwd=21732077 bwd=21732077 edges
  Year 2048 total: 23435 ms  (pop: 442469)

--- Year 2049 [ER:er-gnp] (pop: 442469) ---
  Adding 4425 new papers
  Launching ER kernel (4425 new nodes, 442469 citable old nodes)  p=0.0005
  ER generated 22709859 total edges so far
  DeviceGraph: fwd=22709859 bwd=22709859 edges
  Year 2049 total: 25957 ms  (pop: 446894)

--- Year 2050 [ER:er-gnp] (pop: 446894) ---
  Adding 4469 new papers
  Launching ER kernel (4469 new nodes, 446894 citable old nodes)  p=0.0005
  ER generated 23708142 total edges so far
  DeviceGraph: fwd=23708142 bwd=23708142 edges
  Year 2050 total: 26409 ms  (pop: 451363)

=== Simulation Complete ===
Total: 358 s  Final pop: 451363

=== Exporting Results ===
Edges saved: ./output/0.05/mass-er-gnp_cuda-amz-output-30y-1p.edgelist (23708142)

Done.

real	6m20.174s
user	6m15.674s
sys	0m3.559s
Running dataset=eu growth=1% cycles=30y er_prob=0.0005 (0.05%) threads=16
./output/0.05/mass-er-gnp_cuda-eu-output-30y-1p.edgelist
./output/0.05/mass-er-gnp_cuda-eu-static-output-30y-1p.aux
tee: ./output/0.05/mass-er-gnp_cuda-eu-static-30y-1p-abm.out: No such file or directory
Citation Network ABM – MASS CUDA
=================================

Out-degree bag: 3980408 entries
Recency probs:  356 entries
BFS batches:    10 per year

=== Initializing Citation ABM ===

Inside parseNodelist...
Populating continuous node mappings (265009 nodes)...
parseNodelist done in 251 ms (265009 nodes)

Inside parseEdgelist...
parseEdgelist done in 35 ms (418956 edges)
Seed max year: 2020  → simulation starts at 2021
Max population: 359211
Seed population: 265009 papers
  DeviceGraph: fwd=364481 bwd=364481 edges
Initialization complete


=== Simulation Start  [model: er-gnp] ===

--- Year 2021 [ER:er-gnp] (pop: 265009) ---
  Adding 2651 new papers
  Launching ER kernel (2651 new nodes, 265009 citable old nodes)  p=0.0005
  ER generated 770649 total edges so far
  DeviceGraph: fwd=716174 bwd=716174 edges
  Year 2021 total: 746 ms  (pop: 267660)

--- Year 2022 [ER:er-gnp] (pop: 267660) ---
  Adding 2677 new papers
  Launching ER kernel (2677 new nodes, 267660 citable old nodes)  p=0.0005
  ER generated 1128825 total edges so far
  DeviceGraph: fwd=1074350 bwd=1074350 edges
  Year 2022 total: 1070 ms  (pop: 270337)

--- Year 2023 [ER:er-gnp] (pop: 270337) ---
  Adding 2704 new papers
  Launching ER kernel (2704 new nodes, 270337 citable old nodes)  p=0.0005
  ER generated 1494893 total edges so far
  DeviceGraph: fwd=1440418 bwd=1440418 edges
  Year 2023 total: 1400 ms  (pop: 273041)

--- Year 2024 [ER:er-gnp] (pop: 273041) ---
  Adding 2731 new papers
  Launching ER kernel (2731 new nodes, 273041 citable old nodes)  p=0.0005
  ER generated 1868845 total edges so far
  DeviceGraph: fwd=1814370 bwd=1814370 edges
  Year 2024 total: 1713 ms  (pop: 275772)

--- Year 2025 [ER:er-gnp] (pop: 275772) ---
  Adding 2758 new papers
  Launching ER kernel (2758 new nodes, 275772 citable old nodes)  p=0.0005
  ER generated 2250229 total edges so far
  DeviceGraph: fwd=2195754 bwd=2195754 edges
  Year 2025 total: 1985 ms  (pop: 278530)

--- Year 2026 [ER:er-gnp] (pop: 278530) ---
  Adding 2786 new papers
  Launching ER kernel (2786 new nodes, 278530 citable old nodes)  p=0.0005
  ER generated 2638042 total edges so far
  DeviceGraph: fwd=2583567 bwd=2583567 edges
  Year 2026 total: 2127 ms  (pop: 281316)

--- Year 2027 [ER:er-gnp] (pop: 281316) ---
  Adding 2814 new papers
  Launching ER kernel (2814 new nodes, 281316 citable old nodes)  p=0.0005
  ER generated 3033854 total edges so far
  DeviceGraph: fwd=2979379 bwd=2979379 edges
  Year 2027 total: 2533 ms  (pop: 284130)

--- Year 2028 [ER:er-gnp] (pop: 284130) ---
  Adding 2842 new papers
  Launching ER kernel (2842 new nodes, 284130 citable old nodes)  p=0.0005
  ER generated 3437047 total edges so far
  DeviceGraph: fwd=3382572 bwd=3382572 edges
  Year 2028 total: 2882 ms  (pop: 286972)

--- Year 2029 [ER:er-gnp] (pop: 286972) ---
  Adding 2870 new papers
  Launching ER kernel (2870 new nodes, 286972 citable old nodes)  p=0.0005
  ER generated 3848660 total edges so far
  DeviceGraph: fwd=3794185 bwd=3794185 edges
  Year 2029 total: 3269 ms  (pop: 289842)

--- Year 2030 [ER:er-gnp] (pop: 289842) ---
  Adding 2899 new papers
  Launching ER kernel (2899 new nodes, 289842 citable old nodes)  p=0.0005
  ER generated 4269242 total edges so far
  DeviceGraph: fwd=4214767 bwd=4214767 edges
  Year 2030 total: 3709 ms  (pop: 292741)

--- Year 2031 [ER:er-gnp] (pop: 292741) ---
  Adding 2928 new papers
  Launching ER kernel (2928 new nodes, 292741 citable old nodes)  p=0.0005
  ER generated 4697666 total edges so far
  DeviceGraph: fwd=4643191 bwd=4643191 edges
  Year 2031 total: 4067 ms  (pop: 295669)

--- Year 2032 [ER:er-gnp] (pop: 295669) ---
  Adding 2957 new papers
  Launching ER kernel (2957 new nodes, 295669 citable old nodes)  p=0.0005
  ER generated 5135418 total edges so far
  DeviceGraph: fwd=5080943 bwd=5080943 edges
  Year 2032 total: 4519 ms  (pop: 298626)

--- Year 2033 [ER:er-gnp] (pop: 298626) ---
  Adding 2987 new papers
  Launching ER kernel (2987 new nodes, 298626 citable old nodes)  p=0.0005
  ER generated 5582269 total edges so far
  DeviceGraph: fwd=5527794 bwd=5527794 edges
  Year 2033 total: 4936 ms  (pop: 301613)

--- Year 2034 [ER:er-gnp] (pop: 301613) ---
  Adding 3017 new papers
  Launching ER kernel (3017 new nodes, 301613 citable old nodes)  p=0.0005
  ER generated 6037171 total edges so far
  DeviceGraph: fwd=5982696 bwd=5982696 edges
  Year 2034 total: 5347 ms  (pop: 304630)

--- Year 2035 [ER:er-gnp] (pop: 304630) ---
  Adding 3047 new papers
  Launching ER kernel (3047 new nodes, 304630 citable old nodes)  p=0.0005
  ER generated 6501864 total edges so far
  DeviceGraph: fwd=6447389 bwd=6447389 edges
  Year 2035 total: 6147 ms  (pop: 307677)

--- Year 2036 [ER:er-gnp] (pop: 307677) ---
  Adding 3077 new papers
  Launching ER kernel (3077 new nodes, 307677 citable old nodes)  p=0.0005
  ER generated 6973546 total edges so far
  DeviceGraph: fwd=6919071 bwd=6919071 edges
  Year 2036 total: 6392 ms  (pop: 310754)

--- Year 2037 [ER:er-gnp] (pop: 310754) ---
  Adding 3108 new papers
  Launching ER kernel (3108 new nodes, 310754 citable old nodes)  p=0.0005
  ER generated 7455049 total edges so far
  DeviceGraph: fwd=7400574 bwd=7400574 edges
  Year 2037 total: 7055 ms  (pop: 313862)

--- Year 2038 [ER:er-gnp] (pop: 313862) ---
  Adding 3139 new papers
  Launching ER kernel (3139 new nodes, 313862 citable old nodes)  p=0.0005
  ER generated 7948175 total edges so far
  DeviceGraph: fwd=7893700 bwd=7893700 edges
  Year 2038 total: 8207 ms  (pop: 317001)

--- Year 2039 [ER:er-gnp] (pop: 317001) ---
  Adding 3171 new papers
  Launching ER kernel (3171 new nodes, 317001 citable old nodes)  p=0.0005
  ER generated 8450028 total edges so far
  DeviceGraph: fwd=8395553 bwd=8395553 edges
  Year 2039 total: 8181 ms  (pop: 320172)

--- Year 2040 [ER:er-gnp] (pop: 320172) ---
  Adding 3202 new papers
  Launching ER kernel (3202 new nodes, 320172 citable old nodes)  p=0.0005
  ER generated 8961810 total edges so far
  DeviceGraph: fwd=8907335 bwd=8907335 edges
  Year 2040 total: 8767 ms  (pop: 323374)

--- Year 2041 [ER:er-gnp] (pop: 323374) ---
  Adding 3234 new papers
  Launching ER kernel (3234 new nodes, 323374 citable old nodes)  p=0.0005
  ER generated 9483854 total edges so far
  DeviceGraph: fwd=9429379 bwd=9429379 edges
  Year 2041 total: 9386 ms  (pop: 326608)

--- Year 2042 [ER:er-gnp] (pop: 326608) ---
  Adding 3267 new papers
  Launching ER kernel (3267 new nodes, 326608 citable old nodes)  p=0.0005
  ER generated 10018392 total edges so far
  DeviceGraph: fwd=9963917 bwd=9963917 edges
  Year 2042 total: 10461 ms  (pop: 329875)

--- Year 2043 [ER:er-gnp] (pop: 329875) ---
  Adding 3299 new papers
  Launching ER kernel (3299 new nodes, 329875 citable old nodes)  p=0.0005
  ER generated 10563089 total edges so far
  DeviceGraph: fwd=10508614 bwd=10508614 edges
  Year 2043 total: 10657 ms  (pop: 333174)

--- Year 2044 [ER:er-gnp] (pop: 333174) ---
  Adding 3332 new papers
  Launching ER kernel (3332 new nodes, 333174 citable old nodes)  p=0.0005
  ER generated 11118846 total edges so far
  DeviceGraph: fwd=11064371 bwd=11064371 edges
  Year 2044 total: 11841 ms  (pop: 336506)

--- Year 2045 [ER:er-gnp] (pop: 336506) ---
  Adding 3366 new papers
  Launching ER kernel (3366 new nodes, 336506 citable old nodes)  p=0.0005
  ER generated 11685609 total edges so far
  DeviceGraph: fwd=11631134 bwd=11631134 edges
  Year 2045 total: 12380 ms  (pop: 339872)

--- Year 2046 [ER:er-gnp] (pop: 339872) ---
  Adding 3399 new papers
  Launching ER kernel (3399 new nodes, 339872 citable old nodes)  p=0.0005
  ER generated 12263273 total edges so far
  DeviceGraph: fwd=12208798 bwd=12208798 edges
  Year 2046 total: 12787 ms  (pop: 343271)

--- Year 2047 [ER:er-gnp] (pop: 343271) ---
  Adding 3433 new papers
  Launching ER kernel (3433 new nodes, 343271 citable old nodes)  p=0.0005
  ER generated 12851826 total edges so far
  DeviceGraph: fwd=12797351 bwd=12797351 edges
  Year 2047 total: 13075 ms  (pop: 346704)

--- Year 2048 [ER:er-gnp] (pop: 346704) ---
  Adding 3468 new papers
  Launching ER kernel (3468 new nodes, 346704 citable old nodes)  p=0.0005
  ER generated 13451691 total eCannot open: ./output/0.05/mass-er-gnp_cuda-eu-static-output-30y-1p.aux
dges so far
  DeviceGraph: fwd=13397216 bwd=13397216 edges
  Year 2048 total: 13978 ms  (pop: 350172)

--- Year 2049 [ER:er-gnp] (pop: 350172) ---
  Adding 3502 new papers
  Launching ER kernel (3502 new nodes, 350172 citable old nodes)  p=0.0005
  ER generated 14063418 total edges so far
  DeviceGraph: fwd=14008943 bwd=14008943 edges
  Year 2049 total: 15471 ms  (pop: 353674)

--- Year 2050 [ER:er-gnp] (pop: 353674) ---
  Adding 3537 new papers
  Launching ER kernel (3537 new nodes, 353674 citable old nodes)  p=0.0005
  ER generated 14687807 total edges so far
  DeviceGraph: fwd=14633332 bwd=14633332 edges
  Year 2050 total: 15136 ms  (pop: 357211)

=== Simulation Complete ===
Total: 210 s  Final pop: 357211

=== Exporting Results ===
Edges saved: ./output/0.05/mass-er-gnp_cuda-eu-output-30y-1p.edgelist (14687807)

Done.

real	3m43.908s
user	3m40.410s
sys	0m2.376s
Running dataset=yutb growth=1% cycles=30y er_prob=0.0005 (0.05%) threads=16
./output/0.05/mass-er-gnp_cuda-yutb-output-30y-1p.edgelist
./output/0.05/mass-er-gnp_cuda-yutb-static-output-30y-1p.aux
tee: ./output/0.05/mass-er-gnp_cuda-yutb-static-30y-1p-abm.out: No such file or directory
Citation Network ABM – MASS CUDA
=================================

Out-degree bag: 3980408 entries
Recency probs:  356 entries
BFS batches:    10 per year

=== Initializing Citation ABM ===

Inside parseNodelist...
Populating continuous node mappings (1134890 nodes)...
parseNodelist done in 1302 ms (1134890 nodes)

Inside parseEdgelist...
parseEdgelist done in 229 ms (2987624 edges)
Seed max year: 2026  → simulation starts at 2027
Max population: 1531678
Seed population: 1134890 papers
  DeviceGraph: fwd=2987624 bwd=2987624 edges
Initialization complete


=== Simulation Start  [model: er-gnp] ===

--- Year 2027 [ER:er-gnp] (pop: 1134890) ---
  Adding 11349 new papers
  Launching ER kernel (11349 new nodes, 1134890 citable old nodes)  p=0.0005
  ER generated 9427181 total edges so far
  DeviceGraph: fwd=9427181 bwd=9427181 edges
  Year 2027 total: 9458 ms  (pop: 1146239)

--- Year 2028 [ER:er-gnp] (pop: 1146239) ---
  Adding 11463 new papers
  Launching ER kernel (11463 new nodes, 1146239 citable old nodes)  p=0.0005
  ER generated 15995337 total edges so far
  DeviceGraph: fwd=15995337 bwd=15995337 edges
  Year 2028 total: 17404 ms  (pop: 1157702)

--- Year 2029 [ER:er-gnp] (pop: 1157702) ---
  Adding 11578 new papers
  Launching ER kernel (11578 new nodes, 1157702 citable old nodes)  p=0.0005
  ER generated 22697355 total edges so far
  DeviceGraph: fwd=22697355 bwd=22697355 edges
  Year 2029 total: 25439 ms  (pop: 1169280)

--- Year 2030 [ER:er-gnp] (pop: 1169280) ---
  Adding 11693 new papers
  Launching ER kernel (11693 new nodes, 1169280 citable old nodes)  p=0.0005
  ER generated 29531208 total edges so far
  DeviceGraph: fwd=29531208 bwd=29531208 edges
  Year 2030 total: 33458 ms  (pop: 1180973)

--- Year 2031 [ER:er-gnp] (pop: 1180973) ---
  Adding 11810 new papers
  Launching ER kernel (11810 new nodes, 1180973 citable old nodes)  p=0.0005
  ER generated 36503883 total edges so far
  DeviceGraph: fwd=36503883 bwd=36503883 edges
  Year 2031 total: 42749 ms  (pop: 1192783)

--- Year 2032 [ER:er-gnp] (pop: 1192783) ---
  Adding 11928 new papers
  Launching ER kernel (11928 new nodes, 1192783 citable old nodes)  p=0.0005
  ER generated 43615364 total edges so far
  DeviceGraph: fwd=43615364 bwd=43615364 edges
  Year 2032 total: 52969 ms  (pop: 1204711)

--- Year 2033 [ER:er-gnp] (pop: 1204711) ---
  Adding 12048 new papers
  Launching ER kernel (12048 new nodes, 1204711 citable old nodes)  p=0.0005
  ER generated 50872561 total edges so far
  DeviceGraph: fwd=50872561 bwd=50872561 edges
  Year 2033 total: 63603 ms  (pop: 1216759)

--- Year 2034 [ER:er-gnp] (pop: 1216759) ---
  Adding 12168 new papers
  Launching ER kernel (12168 new nodes, 1216759 citable old nodes)  p=0.0005
  ER generated 58276344 total edges so far
  DeviceGraph: fwd=58276344 bwd=58276344 edges
  Year 2034 total: 73112 ms  (pop: 1228927)

--- Year 2035 [ER:er-gnp] (pop: 1228927) ---
  Adding 12290 new papers
  Launching ER kernel (12290 new nodes, 1228927 citable old nodes)  p=0.0005
  ER generated 65831564 total edges so far
  DeviceGraph: fwd=65831564 bwd=65831564 edges
  Year 2035 total: 84606 ms  (pop: 1241217)

--- Year 2036 [ER:er-gnp] (pop: 1241217) ---
  Adding 12413 new papers
  Launching ER kernel (12413 new nodes, 1241217 citable old nodes)  p=0.0005
  ER generated 73533823 total edges so far
  DeviceGraph: fwd=73533823 bwd=73533823 edges
  Year 2036 total: 97797 ms  (pop: 1253630)

--- Year 2037 [ER:er-gnp] (pop: 1253630) ---
  Adding 12537 new papers
  Launching ER kernel (12537 new nodes, 1253630 citable old nodes)  p=0.0005
  ER generated 81386730 total edges so far
  DeviceGraph: fwd=81386730 bwd=81386730 edges
  Year 2037 total: 112952 ms  (pop: 1266167)

--- Year 2038 [ER:er-gnp] (pop: 1266167) ---
  Adding 12662 new papers
  Launching ER kernel (12662 new nodes, 1266167 citable old nodes)  p=0.0005
  ER generated 89400269 total edges so far
  DeviceGraph: fwd=89400269 bwd=89400269 edges
  Year 2038 total: 124683 ms  (pop: 1278829)

--- Year 2039 [ER:er-gnp] (pop: 1278829) ---
  Adding 12789 new papers
  Launching ER kernel (12789 new nodes, 1278829 citable old nodes)  p=0.0005
  ER generated 97575674 total edges so far
  DeviceGraph: fwd=97575674 bwd=97575674 edges
  Year 2039 total: 135490 ms  (pop: 1291618)

--- Year 2040 [ER:er-gnp] (pop: 1291618) ---
  Adding 12917 new papers
  Launching ER kernel (12917 new nodes, 1291618 citable old nodes)  p=0.0005
  ER generated 105914595 total edges so far
  DeviceGraph: fwd=105914595 bwd=105914595 edges
  Year 2040 total: 144488 ms  (pop: 1304535)

--- Year 2041 [ER:er-gnp] (pop: 1304535) ---
  Adding 13046 new papers
  Launching ER kernel (13046 new nodes, 1304535 citable old nodes)  p=0.0005
  ER generated 114422122 total edges so far
  DeviceGraph: fwd=114422122 bwd=114422122 edges
  Year 2041 total: 156730 ms  (pop: 1317581)

--- Year 2042 [ER:er-gnp] (pop: 1317581) ---
  Adding 13176 new papers
  Launching ER kernel (13176 new nodes, 1317581 citable old nodes)  p=0.0005
  ER generated 123104841 total edges so far
  DeviceGraph: fwd=123104841 bwd=123104841 edges
  Year 2042 total: 166634 ms  (pop: 1330757)

--- Year 2043 [ER:er-gnp] (pop: 1330757) ---
  Adding 13308 new papers
  Launching ER kernel (13308 new nodes, 1330757 citable old nodes)  p=0.0005
  ER generated 131963432 total edges so far
  DeviceGraph: fwd=131963432 bwd=131963432 edges
  Year 2043 total: 173178 ms  (pop: 1344065)

--- Year 2044 [ER:er-gnp] (pop: 1344065) ---
  Adding 13441 new papers
  Launching ER kernel (13441 new nodes, 1344065 citable old nodes)  p=0.0005
  ER generated 140999661 total edges so far
  DeviceGraph: fwd=140999661 bwd=140999661 edges
  Year 2044 total: 185670 ms  (pop: 1357506)

--- Year 2045 [ER:er-gnp] (pop: 1357506) ---
  Adding 13576 new papers
  Launching ER kernel (13576 new nodes, 1357506 citable old nodes)  p=0.0005
  ER generated 150220900 total edges so far
  DeviceGraph: fwd=150220900 bwd=150220900 edges
  Year 2045 total: 208944 ms  (pop: 1371082)

--- Year 2046 [ER:er-gnp] (pop: 1371082) ---
  Adding 13711 new papers
  Launching ER kernel (13711 new nodes, 1371082 citable old nodes)  p=0.0005
  ER generated 159622742 total edges so far
  DeviceGraph: fwd=159622742 bwd=159622742 edges
  Year 2046 total: 225200 ms  (pop: 1384793)

--- Year 2047 [ER:er-gnp] (pop: 1384793) ---
  Adding 13848 new papers
  Launching ER kernel (13848 new nodes, 1384793 citable old nodes)  p=0.0005
  ER generated 169212342 total edges so far
  DeviceGraph: fwd=169212342 bwd=169212342 edges
  Year 2047 total: 260080 ms  (pop: 1398641)

--- Year 2048 [ER:er-gnp] (pop: 1398641) ---
  Adding 13987 new papers
  Launching ER kernel (13987 new nodes, 1398641 citable old nodes)  p=0.0005
  ER generated 178993217 total edges so far
  DeviceGraph: fwd=178993217 bwd=178993217 edges
  Year 2048 total: 277489 ms  (pop: 1412628)

--- Year 2049 [ER:er-gnp] (pop: 1412628) ---
  Adding 14127 new papers
  Launching ER kernel (14127 new nodes, 1412628 citable old nodes)  p=0.0005
  ER generated 188966009 total edges so far
  DeviceGraph: fwd=188966009 bwd=188966009 edges
  Year 2049 total: 299950 ms  (pop: 1426755)

--- Year 2050 [ER:er-gnp] (pop: 1426755) ---
  Adding 14268 new papers
  Launching ER kernel (14268 new nodes, 1426755 citable old nodes)  p=0.0005
  ER generated 199139682 total edges so far
  DeviceGraph: fwd=199139682 bwd=199139682 edges
  Year 2050 total: 319115 ms  (pop: 1441023)

--- Year 2051 [ER:er-gnp] (pop: 1441023) ---
  Adding 14411 new papers
  Launching ER kernel (14411 new nodes, 1441023 citable old nodes)  p=0.0005
  ER generated 209523142 total edges so far
  DeviceGraph: fwd=209523142 bwd=209523142 edges
  Year 2051 total: 333528 ms  (pop: 1455434)

--- Year 2052 [ER:er-gnp] (pop: 1455434) ---
  Adding 14555 new papers
  Launching ER kernel (14555 new nodes, 1455434 citable old nodes)  p=0.0005
  ER generated 220114568 total edges so far
  DeviceGraph: fwd=220114568 bwd=220114568 edges
  Year 2052 total: 335838 ms  (pop: 1469989)

--- Year 2053 [ER:er-gnp] (pop: 1469989) ---
  Adding 14700 new papers
  Launching ER kernel (14700 new nodes, 1469989 citable old nodes)  p=0.0005
  ER generated 230917157 Cannot open: ./output/0.05/mass-er-gnp_cuda-yutb-static-output-30y-1p.aux
total edges so far
  DeviceGraph: fwd=230917157 bwd=230917157 edges
  Year 2053 total: 347688 ms  (pop: 1484689)

--- Year 2054 [ER:er-gnp] (pop: 1484689) ---
  Adding 14847 new papers
  Launching ER kernel (14847 new nodes, 1484689 citable old nodes)  p=0.0005
  ER generated 241929897 total edges so far
  DeviceGraph: fwd=241929897 bwd=241929897 edges
  Year 2054 total: 369083 ms  (pop: 1499536)

--- Year 2055 [ER:er-gnp] (pop: 1499536) ---
  Adding 14996 new papers
  Launching ER kernel (14996 new nodes, 1499536 citable old nodes)  p=0.0005
  ER generated 253168950 total edges so far
  DeviceGraph: fwd=253168950 bwd=253168950 edges
  Year 2055 total: 403029 ms  (pop: 1514532)

--- Year 2056 [ER:er-gnp] (pop: 1514532) ---
  Adding 15146 new papers
  Launching ER kernel (15146 new nodes, 1514532 citable old nodes)  p=0.0005
  ER generated 264638531 total edges so far
  DeviceGraph: fwd=264638531 bwd=264638531 edges
  Year 2056 total: 423630 ms  (pop: 1529678)

=== Simulation Complete ===
Total: 5504 s  Final pop: 1529678

=== Exporting Results ===
Edges saved: ./output/0.05/mass-er-gnp_cuda-yutb-output-30y-1p.edgelist (264638531)

Done.

real	96m44.596s
user	91m50.354s
sys	4m32.607s
Running dataset=twt growth=1% cycles=30y er_prob=0.0005 (0.05%) threads=16
./output/0.05/mass-er-gnp_cuda-twt-output-30y-1p.edgelist
./output/0.05/mass-er-gnp_cuda-twt-static-output-30y-1p.aux
tee: ./output/0.05/mass-er-gnp_cuda-twt-static-30y-1p-abm.out: No such file or directory
Citation Network ABM – MASS CUDA
=================================

Out-degree bag: 3980408 entries
Recency probs:  356 entries
BFS batches:    10 per year

=== Initializing Citation ABM ===

Inside parseNodelist...
Populating continuous node mappings (81306 nodes)...
parseNodelist done in 63 ms (81306 nodes)

Inside parseEdgelist...
parseEdgelist done in 208 ms (2420744 edges)
Seed max year: 2020  → simulation starts at 2021
Max population: 111610
Seed population: 81306 papers
  DeviceGraph: fwd=1342296 bwd=1342296 edges
Initialization complete


=== Simulation Start  [model: er-gnp] ===

--- Year 2021 [ER:er-gnp] (pop: 81306) ---
  Adding 814 new papers
  Launching ER kernel (814 new nodes, 81306 citable old nodes)  p=0.0005
  ER generated 2453831 total edges so far
  DeviceGraph: fwd=1375383 bwd=1375383 edges
  Year 2021 total: 1210 ms  (pop: 82120)

--- Year 2022 [ER:er-gnp] (pop: 82120) ---
  Adding 822 new papers
  Launching ER kernel (822 new nodes, 82120 citable old nodes)  p=0.0005
  ER generated 2487705 total edges so far
  DeviceGraph: fwd=1409257 bwd=1409257 edges
  Year 2022 total: 1294 ms  (pop: 82942)

--- Year 2023 [ER:er-gnp] (pop: 82942) ---
  Adding 830 new papers
  Launching ER kernel (830 new nodes, 82942 citable old nodes)  p=0.0005
  ER generated 2522041 total edges so far
  DeviceGraph: fwd=1443593 bwd=1443593 edges
  Year 2023 total: 1212 ms  (pop: 83772)

--- Year 2024 [ER:er-gnp] (pop: 83772) ---
  Adding 838 new papers
  Launching ER kernel (838 new nodes, 83772 citable old nodes)  p=0.0005
  ER generated 2557073 total edges so far
  DeviceGraph: fwd=1478625 bwd=1478625 edges
  Year 2024 total: 993 ms  (pop: 84610)

--- Year 2025 [ER:er-gnp] (pop: 84610) ---
  Adding 847 new papers
  Launching ER kernel (847 new nodes, 84610 citable old nodes)  p=0.0005
  ER generated 2592969 total edges so far
  DeviceGraph: fwd=1514521 bwd=1514521 edges
  Year 2025 total: 1081 ms  (pop: 85457)

--- Year 2026 [ER:er-gnp] (pop: 85457) ---
  Adding 855 new papers
  Launching ER kernel (855 new nodes, 85457 citable old nodes)  p=0.0005
  ER generated 2629583 total edges so far
  DeviceGraph: fwd=1551135 bwd=1551135 edges
  Year 2026 total: 1053 ms  (pop: 86312)

--- Year 2027 [ER:er-gnp] (pop: 86312) ---
  Adding 864 new papers
  Launching ER kernel (864 new nodes, 86312 citable old nodes)  p=0.0005
  ER generated 2666727 total edges so far
  DeviceGraph: fwd=1588279 bwd=1588279 edges
  Year 2027 total: 1113 ms  (pop: 87176)

--- Year 2028 [ER:er-gnp] (pop: 87176) ---
  Adding 872 new papers
  Launching ER kernel (872 new nodes, 87176 citable old nodes)  p=0.0005
  ER generated 2704641 total edges so far
  DeviceGraph: fwd=1626193 bwd=1626193 edges
  Year 2028 total: 1298 ms  (pop: 88048)

--- Year 2029 [ER:er-gnp] (pop: 88048) ---
  Adding 881 new papers
  Launching ER kernel (881 new nodes, 88048 citable old nodes)  p=0.0005
  ER generated 2743450 total edges so far
  DeviceGraph: fwd=1665002 bwd=1665002 edges
  Year 2029 total: 1188 ms  (pop: 88929)

--- Year 2030 [ER:er-gnp] (pop: 88929) ---
  Adding 890 new papers
  Launching ER kernel (890 new nodes, 88929 citable old nodes)  p=0.0005
  ER generated 2782906 total edges so far
  DeviceGraph: fwd=1704458 bwd=1704458 edges
  Year 2030 total: 1167 ms  (pop: 89819)

--- Year 2031 [ER:er-gnp] (pop: 89819) ---
  Adding 899 new papers
  Launching ER kernel (899 new nodes, 89819 citable old nodes)  p=0.0005
  ER generated 2823459 total edges so far
  DeviceGraph: fwd=1745011 bwd=1745011 edges
  Year 2031 total: 1224 ms  (pop: 90718)

--- Year 2032 [ER:er-gnp] (pop: 90718) ---
  Adding 908 new papers
  Launching ER kernel (908 new nodes, 90718 citable old nodes)  p=0.0005
  ER generated 2864367 total edges so far
  DeviceGraph: fwd=1785919 bwd=1785919 edges
  Year 2032 total: 1340 ms  (pop: 91626)

--- Year 2033 [ER:er-gnp] (pop: 91626) ---
  Adding 917 new papers
  Launching ER kernel (917 new nodes, 91626 citable old nodes)  p=0.0005
  ER generated 2906401 total edges so far
  DeviceGraph: fwd=1827953 bwd=1827953 edges
  Year 2033 total: 1275 ms  (pop: 92543)

--- Year 2034 [ER:er-gnp] (pop: 92543) ---
  Adding 926 new papers
  Launching ER kernel (926 new nodes, 92543 citable old nodes)  p=0.0005
  ER generated 2949163 total edges so far
  DeviceGraph: fwd=1870715 bwd=1870715 edges
  Year 2034 total: 1325 ms  (pop: 93469)

--- Year 2035 [ER:er-gnp] (pop: 93469) ---
  Adding 935 new papers
  Launching ER kernel (935 new nodes, 93469 citable old nodes)  p=0.0005
  ER generated 2992832 total edges so far
  DeviceGraph: fwd=1914384 bwd=1914384 edges
  Year 2035 total: 1374 ms  (pop: 94404)

--- Year 2036 [ER:er-gnp] (pop: 94404) ---
  Adding 945 new papers
  Launching ER kernel (945 new nodes, 94404 citable old nodes)  p=0.0005
  ER generated 3037633 total edges so far
  DeviceGraph: fwd=1959185 bwd=1959185 edges
  Year 2036 total: 1431 ms  (pop: 95349)

--- Year 2037 [ER:er-gnp] (pop: 95349) ---
  Adding 954 new papers
  Launching ER kernel (954 new nodes, 95349 citable old nodes)  p=0.0005
  ER generated 3083009 total edges so far
  DeviceGraph: fwd=2004561 bwd=2004561 edges
  Year 2037 total: 1416 ms  (pop: 96303)

--- Year 2038 [ER:er-gnp] (pop: 96303) ---
  Adding 964 new papers
  Launching ER kernel (964 new nodes, 96303 citable old nodes)  p=0.0005
  ER generated 3129232 total edges so far
  DeviceGraph: fwd=2050784 bwd=2050784 edges
  Year 2038 total: 1496 ms  (pop: 97267)

--- Year 2039 [ER:er-gnp] (pop: 97267) ---
  Adding 973 new papers
  Launching ER kernel (973 new nodes, 97267 citable old nodes)  p=0.0005
  ER generated 3176322 total edges so far
  DeviceGraph: fwd=2097874 bwd=2097874 edges
  Year 2039 total: 1504 ms  (pop: 98240)

--- Year 2040 [ER:er-gnp] (pop: 98240) ---
  Adding 983 new papers
  Launching ER kernel (983 new nodes, 98240 citable old nodes)  p=0.0005
  ER generated 3224869 total edges so far
  DeviceGraph: fwd=2146421 bwd=2146421 edges
  Year 2040 total: 1501 ms  (pop: 99223)

--- Year 2041 [ER:er-gnp] (pop: 99223) ---
  Adding 993 new papers
  Launching ER kernel (993 new nodes, 99223 citable old nodes)  p=0.0005
  ER generated 3274377 total edges so far
  DeviceGraph: fwd=2195929 bwd=2195929 edges
  Year 2041 total: 1616 ms  (pop: 100216)

--- Year 2042 [ER:er-gnp] (pop: 100216) ---
  Adding 1003 new papers
  Launching ER kernel (1003 new nodes, 100216 citable old nodes)  p=0.0005
  ER generated 3324457 total edges so far
  DeviceGraph: fwd=2246009 bwd=2246009 edges
  Year 2042 total: 1607 ms  (pop: 101219)

--- Year 2043 [ER:er-gnp] (pop: 101219) ---
  Adding 1013 new papers
  Launching ER kernel (1013 new nodes, 101219 citable old nodes)  p=0.0005
  ER generated 3376187 total edges so far
  DeviceGraph: fwd=2297739 bwd=2297739 edges
  Year 2043 total: 1641 ms  (pop: 102232)

--- Year 2044 [ER:er-gnp] (pop: 102232) ---
  Adding 1023 new papers
  Launching ER kernel (1023 new nodes, 102232 citable old nodes)  p=0.0005
  ER generated 3428523 total edges so far
  DeviceGraph: fwd=2350075 bwd=2350075 edges
  Year 2044 total: 1675 ms  (pop: 103255)

--- Year 2045 [ER:er-gnp] (pop: 103255) ---
  Adding 1033 new papers
  Launching ER kernel (1033 new nodes, 103255 citable old nodes)  p=0.0005
  ER generated 3482089 total edges so far
  DeviceGraph: fwd=2403641 bwd=2403641 edges
  Year 2045 total: 1757 ms  (pop: 104288)

--- Year 2046 [ER:er-gnp] (pop: 104288) ---
  Adding 1043 new papers
  Launching ER kernel (1043 new nodes, 104288 citable old nodes)  p=0.0005
  ER generated 3536805 total edges so far
  DeviceGraph: fwd=2458357 bwd=2458357 edges
  Year 2046 total: 1778 ms  (pop: 105331)

--- Year 2047 [ER:er-gnp] (pop: 105331) ---
  Adding 1054 new papers
  Launching ER kernel (1054 new nodes, 105331 citable old nodes)  p=0.0005
  ER generated 3592333 total edges so far
  DeviceGraph: fwd=2513885 bwd=2513885 edges
  Year 2047 total: 1824 ms  (pop: 106385)

--- Year 2048 [ER:er-gnp] (pop: 106385) ---
  Adding 1064 new papers
  Launching ER kernel (1064 new nodes, 106385 citable old nodes)  p=0.0005
  ER generated 3648663 total edges so far
  DeviceGraph: fwd=2570215 bwd=2570215 edges
  Year 2048 total: 1909 ms  (pop: 107449)

--- Year 2049 [ER:er-gnpCannot open: ./output/0.05/mass-er-gnp_cuda-twt-static-output-30y-1p.aux
] (pop: 107449) ---
  Adding 1075 new papers
  Launching ER kernel (1075 new nodes, 107449 citable old nodes)  p=0.0005
  ER generated 3706454 total edges so far
  DeviceGraph: fwd=2628006 bwd=2628006 edges
  Year 2049 total: 1940 ms  (pop: 108524)

--- Year 2050 [ER:er-gnp] (pop: 108524) ---
  Adding 1086 new papers
  Launching ER kernel (1086 new nodes, 108524 citable old nodes)  p=0.0005
  ER generated 3765604 total edges so far
  DeviceGraph: fwd=2687156 bwd=2687156 edges
  Year 2050 total: 1958 ms  (pop: 109610)

=== Simulation Complete ===
Total: 43 s  Final pop: 109610

=== Exporting Results ===
Edges saved: ./output/0.05/mass-er-gnp_cuda-twt-output-30y-1p.edgelist (3765604)

Done.

real	0m47.854s
user	0m46.783s
sys	0m0.822s
Running dataset=amz growth=1% cycles=30y er_prob=0.001 (0.10%) threads=16
./output/0.10/mass-er-gnp_cuda-amz-output-30y-1p.edgelist
./output/0.10/mass-er-gnp_cuda-amz-static-output-30y-1p.aux
tee: ./output/0.10/mass-er-gnp_cuda-amz-static-30y-1p-abm.out: No such file or directory
[2026-07-06T22:15:08.003] error: *** JOB 13171966 ON h001 CANCELLED AT 2026-07-06T22:15:08 DUE TO TIME LIMIT ***
