The following modules were not unloaded:
  (Use "module --force purge" to unload all):

  1) xalt/3.1.4
Running growth rate 1% for 30 years.
Profile output: profile/nsys-pa-30y-1p.nsys-rep
CMD: nsys profile --trace=nvtx,cuda,osrt --gpu-metrics-device=all --gpu-metrics-frequency=10000 --stats=true --force-overwrite=true -o profile/nsys-pa-30y-1p ./abm --edgelist sj_edgelist --nodelist sj_nodelist --out-degree-bag tcen_at_least_five --recency-probabilities sj_recprob --alpha 0.5 --preferential-weight 0.33 --recency-weight 0.33 --fitness-weight 0.33 --growth-rate .01 --fully-random-citations 0.05 --num-cycles 30 --same-year-proportion 0.12 --output-file ./output/30y/gpu-opt-static-output-30y-1p.edgelist --auxiliary-information-file ./output/30y/gpu-opt-static-output-30y-1p.aux --log-file ./output/30y/nsys-gpu-opt-static-pa-30y-1p.log --num-processors 14 --log-level 1

Start ABM....
parse_args....
edgelist....
num-cycles....
output-file....
log-file = ./output/30y/nsys-gpu-opt-static-pa-30y-1p.log....
num-processors = 14....
log-level = 0
er_probability = 0.000000
model = pa
Init ABM....
Exec ABM....
Start execute.Init Graph
Inside  Graph ParseNodelist.....
Populating the continuous_node mappings..
Elapsed time: ParseNodelist : 1123 millisecs = 1 seconds

Inside Graph ParseEdgelist.....
Elapsed time: ParseEdgelist : 1777 millisecs = 1 seconds

In updateNodeInDegreeOutDegree: Update Outdegree first:
In updateNodeInDegreeOutDegree: Update Indegree:
Total (initial):: In-Degree = 899050, Out-Degree = 899050
Elapsed time: 0-1 : 1 seconds
Elapsed time: 1-2 : 1 seconds
Elapsed time: 2-3 : 0 seconds

Initialized Graph. Let us update the indegree and out-degrees... 
Graph init done...
calling InitializeFitness...
final graph size is 662527 from initial_graph_size of 491532.
 populated out degree array.
 Entering loop for year = 1983
Elapsed time: 70-71: total : 0.278 secs, iter cost : 0 seconds

Elapsed time: 71-72: total : 0.327 secs, iter cost : 0 seconds

Elapsed time: 72-73: total : 20 millisecs, iter cost : 20 mseconds

num_new_nodes = 4916, current_graph_size = 491532, growth rate = 0.010000 
Elapsed time: 73-74: total : 0 millisecs, iter cost : 0 mseconds

Elapsed time: 74-75: total : 6 millisecs, iter cost : 6 mseconds

all new nodes initialized with years and mapped. FillSameYearSourceNodes with new_nodes_vec.size() = 4916
checking same_year_source_nodes size.
Elapsed time: 75-76: total : 0 millisecs, iter cost : 0 mseconds

new_nodes_vec.size() b4 : 4916

updated  updateGraphAttributesGeneratorNode .... 
Elapsed time: 76-77: total : 13 millisecs, iter cost : 13 mseconds

continuous_node_mapping.size() b5 : 496448, reverse_continuous_node_mapping size = 496448

[PA Model] Building connections using Preferential Attachment

Inside optimized buildOneNodeConnections...
Initial Free: 80526.5 MB / 81079.4 MB

[prepareGraph] num_vertices = 491532

[prepareGraph] edges = 899050, offsets = 491533 (should be V+1 = 491533)

[prepareGraph] num_vertices = 491532

[prepareGraph] edges = 899050, offsets = 491533 (should be V+1 = 491533)

Year 1983: 4916 new nodes, 96994 new edges

Elapsed time: 78-781 : total : 3.368 secs, this iter cost : 3.368 seconds

Elapsed time: 78-79 : total : 3.441 secs, this iter cost : 3.441 seconds

updateNodeInDegreeOutDegree(year=1983): updated 4916 out-degrees, 74371 in-degrees
Elapsed time: 79-81 : total : 0.09 secs, this iter cost : 0 seconds

Elapsed time: 79-80 : total : 0.065 secs, this iter cost : 0 seconds

Elapsed time: 80-81 : total : 0.025 secs, this iter cost : 0 seconds

Elapsed time: 70-81 : total : 4.178 secs, this iter cost : 4 seconds

 Entering loop for year = 1984
Elapsed time: 70-71: total : 0.56 secs, iter cost : 0 seconds

Elapsed time: 71-72: total : 0.659 secs, iter cost : 0 seconds

Elapsed time: 72-73: total : 39 millisecs, iter cost : 19 mseconds

num_new_nodes = 4965, current_graph_size = 496448, growth rate = 0.010000 
Elapsed time: 73-74: total : 0 millisecs, iter cost : 0 mseconds

Elapsed time: 74-75: total : 11 millisecs, iter cost : 5 mseconds

all new nodes initialized with years and mapped. FillSameYearSourceNodes with new_nodes_vec.size() = 4965
checking same_year_source_nodes size.
Elapsed time: 75-76: total : 0 millisecs, iter cost : 0 mseconds

new_nodes_vec.size() b4 : 4965

updated  updateGraphAttributesGeneratorNode .... 
Elapsed time: 76-77: total : 25 millisecs, iter cost : 12 mseconds

continuous_node_mapping.size() b5 : 501413, reverse_continuous_node_mapping size = 501413

[PA Model] Building connections using Preferential Attachment

Inside optimized buildOneNodeConnections...
Initial Free: 80320.5 MB / 81079.4 MB

[prepareGraph] num_vertices = 496448

[prepareGraph] edges = 996044, offsets = 496449 (should be V+1 = 496449)

[prepareGraph] num_vertices = 496448

[prepareGraph] edges = 996044, offsets = 496449 (should be V+1 = 496449)

Year 1984: 4965 new nodes, 98003 new edges

Elapsed time: 78-781 : total : 6.631 secs, this iter cost : 3.263 seconds

Elapsed time: 78-79 : total : 6.795 secs, this iter cost : 3.354 seconds

updateNodeInDegreeOutDegree(year=1984): updated 4965 out-degrees, 73407 in-degrees
Elapsed time: 79-81 : total : 0.182 secs, this iter cost : 0 seconds

Elapsed time: 79-80 : total : 0.132 secs, this iter cost : 0 seconds

Elapsed time: 80-81 : total : 0.049 secs, this iter cost : 0 seconds

Elapsed time: 70-81 : total : 8.277 secs, this iter cost : 4 seconds

 Entering loop for year = 1985
Elapsed time: 70-71: total : 0.856 secs, iter cost : 0 seconds

Elapsed time: 71-72: total : 1.001 secs, iter cost : 0 seconds

Elapsed time: 72-73: total : 71 millisecs, iter cost : 32 mseconds

num_new_nodes = 5015, current_graph_size = 501413, growth rate = 0.010000 
Elapsed time: 73-74: total : 0 millisecs, iter cost : 0 mseconds

Elapsed time: 74-75: total : 15 millisecs, iter cost : 4 mseconds

all new nodes initialized with years and mapped. FillSameYearSourceNodes with new_nodes_vec.size() = 5015
checking same_year_source_nodes size.
Elapsed time: 75-76: total : 0 millisecs, iter cost : 0 mseconds

new_nodes_vec.size() b4 : 5015

updated  updateGraphAttributesGeneratorNode .... 
Elapsed time: 76-77: total : 38 millisecs, iter cost : 13 mseconds

continuous_node_mapping.size() b5 : 506428, reverse_continuous_node_mapping size = 506428

[PA Model] Building connections using Preferential Attachment

Inside optimized buildOneNodeConnections...
Initial Free: 80310.5 MB / 81079.4 MB

[prepareGraph] num_vertices = 501413

[prepareGraph] edges = 1094047, offsets = 501414 (should be V+1 = 501414)

[prepareGraph] num_vertices = 501413

[prepareGraph] edges = 1094047, offsets = 501414 (should be V+1 = 501414)

Year 1985: 5015 new nodes, 98865 new edges

Elapsed time: 78-781 : total : 9.777 secs, this iter cost : 3.146 seconds

Elapsed time: 78-79 : total : 10.041 secs, this iter cost : 3.246 seconds

updateNodeInDegreeOutDegree(year=1985): updated 5015 out-degrees, 72987 in-degrees
Elapsed time: 79-81 : total : 0.279 secs, this iter cost : 0 seconds

Elapsed time: 79-80 : total : 0.203 secs, this iter cost : 0 seconds

Elapsed time: 80-81 : total : 0.074 secs, this iter cost : 0 seconds

Elapsed time: 70-81 : total : 12.31 secs, this iter cost : 4 seconds

 Entering loop for year = 1986
Elapsed time: 70-71: total : 1.212 secs, iter cost : 0 seconds

Elapsed time: 71-72: total : 1.34 secs, iter cost : 0 seconds

Elapsed time: 72-73: total : 90 millisecs, iter cost : 19 mseconds

num_new_nodes = 5065, current_graph_size = 506428, growth rate = 0.010000 
Elapsed time: 73-74: total : 0 millisecs, iter cost : 0 mseconds

Elapsed time: 74-75: total : 18 millisecs, iter cost : 3 mseconds

all new nodes initialized with years and mapped. FillSameYearSourceNodes with new_nodes_vec.size() = 5065
checking same_year_source_nodes size.
Elapsed time: 75-76: total : 0 millisecs, iter cost : 0 mseconds

new_nodes_vec.size() b4 : 5065

updated  updateGraphAttributesGeneratorNode .... 
Elapsed time: 76-77: total : 50 millisecs, iter cost : 12 mseconds

continuous_node_mapping.size() b5 : 511493, reverse_continuous_node_mapping size = 511493

[PA Model] Building connections using Preferential Attachment

Inside optimized buildOneNodeConnections...
Initial Free: 80302.5 MB / 81079.4 MB

[prepareGraph] num_vertices = 506428

[prepareGraph] edges = 1192912, offsets = 506429 (should be V+1 = 506429)

[prepareGraph] num_vertices = 506428

[prepareGraph] edges = 1192912, offsets = 506429 (should be V+1 = 506429)

Year 1986: 5065 new nodes, 99873 new edges

Elapsed time: 78-781 : total : 13.203 secs, this iter cost : 3.426 seconds

Elapsed time: 78-79 : total : 13.564 secs, this iter cost : 3.523 seconds

updateNodeInDegreeOutDegree(year=1986): updated 5065 out-degrees, 72730 in-degrees
Elapsed time: 79-81 : total : 0.371 secs, this iter cost : 0 seconds

Elapsed time: 79-80 : total : 0.27 secs, this iter cost : 0 seconds

Elapsed time: 80-81 : total : 0.099 secs, this iter cost : 0 seconds

Elapsed time: 70-81 : total : 16.657 secs, this iter cost : 4 seconds

 Entering loop for year = 1987
Elapsed time: 70-71: total : 1.517 secs, iter cost : 0 seconds

Elapsed time: 71-72: total : 1.69 secs, iter cost : 0 seconds

Elapsed time: 72-73: total : 104 millisecs, iter cost : 14 mseconds

num_new_nodes = 5115, current_graph_size = 511493, growth rate = 0.010000 
Elapsed time: 73-74: total : 0 millisecs, iter cost : 0 mseconds

Elapsed time: 74-75: total : 21 millisecs, iter cost : 3 mseconds

all new nodes initialized with years and mapped. FillSameYearSourceNodes with new_nodes_vec.size() = 5115
checking same_year_source_nodes size.
Elapsed time: 75-76: total : 0 millisecs, iter cost : 0 mseconds

new_nodes_vec.size() b4 : 5115

updated  updateGraphAttributesGeneratorNode .... 
Elapsed time: 76-77: total : 62 millisecs, iter cost : 12 mseconds

continuous_node_mapping.size() b5 : 516608, reverse_continuous_node_mapping size = 516608

[PA Model] Building connections using Preferential Attachment

Inside optimized buildOneNodeConnections...
Initial Free: 80292.5 MB / 81079.4 MB

[prepareGraph] num_vertices = 511493

[prepareGraph] edges = 1292785, offsets = 511494 (should be V+1 = 511494)

[prepareGraph] num_vertices = 511493

[prepareGraph] edges = 1292785, offsets = 511494 (should be V+1 = 511494)

Year 1987: 5115 new nodes, 100713 new edges

Elapsed time: 78-781 : total : 16.467 secs, this iter cost : 3.264 seconds

Elapsed time: 78-79 : total : 16.928 secs, this iter cost : 3.364 seconds

updateNodeInDegreeOutDegree(year=1987): updated 5115 out-degrees, 71930 in-degrees
Elapsed time: 79-81 : total : 0.462 secs, this iter cost : 0 seconds

Elapsed time: 79-80 : total : 0.336 secs, this iter cost : 0 seconds

Elapsed time: 80-81 : total : 0.124 secs, this iter cost : 0 seconds

Elapsed time: 70-81 : total : 20.799 secs, this iter cost : 4 seconds

 Entering loop for year = 1988
Elapsed time: 70-71: total : 1.85 secs, iter cost : 0 seconds

Elapsed time: 71-72: total : 2.024 secs, iter cost : 0 seconds

Elapsed time: 72-73: total : 104 millisecs, iter cost : 0 mseconds

num_new_nodes = 5167, current_graph_size = 516608, growth rate = 0.010000 
Elapsed time: 73-74: total : 0 millisecs, iter cost : 0 mseconds

Elapsed time: 74-75: total : 24 millisecs, iter cost : 3 mseconds

all new nodes initialized with years and mapped. FillSameYearSourceNodes with new_nodes_vec.size() = 5167
checking same_year_source_nodes size.
Elapsed time: 75-76: total : 0 millisecs, iter cost : 0 mseconds

new_nodes_vec.size() b4 : 5167

updated  updateGraphAttributesGeneratorNode .... 
Elapsed time: 76-77: total : 74 millisecs, iter cost : 12 mseconds

continuous_node_mapping.size() b5 : 521775, reverse_continuous_node_mapping size = 521775

[PA Model] Building connections using Preferential Attachment

Inside optimized buildOneNodeConnections...
Initial Free: 80282.5 MB / 81079.4 MB

[prepareGraph] num_vertices = 516608

[prepareGraph] edges = 1393498, offsets = 516609 (should be V+1 = 516609)

[prepareGraph] num_vertices = 516608

[prepareGraph] edges = 1393498, offsets = 516609 (should be V+1 = 516609)

Year 1988: 5167 new nodes, 101715 new edges

Elapsed time: 78-781 : total : 19.636 secs, this iter cost : 3.169 seconds

Elapsed time: 78-79 : total : 20.189 secs, this iter cost : 3.261 seconds

updateNodeInDegreeOutDegree(year=1988): updated 5167 out-degrees, 71510 in-degrees
Elapsed time: 79-81 : total : 0.553 secs, this iter cost : 0 seconds

Elapsed time: 79-80 : total : 0.402 secs, this iter cost : 0 seconds

Elapsed time: 80-81 : total : 0.149 secs, this iter cost : 0 seconds

Elapsed time: 70-81 : total : 24.837 secs, this iter cost : 4 seconds

 Entering loop for year = 1989
Elapsed time: 70-71: total : 2.141 secs, iter cost : 0 seconds

Elapsed time: 71-72: total : 2.369 secs, iter cost : 0 seconds

Elapsed time: 72-73: total : 123 millisecs, iter cost : 19 mseconds

num_new_nodes = 5218, current_graph_size = 521775, growth rate = 0.010000 
Elapsed time: 73-74: total : 0 millisecs, iter cost : 0 mseconds

Elapsed time: 74-75: total : 27 millisecs, iter cost : 3 mseconds

all new nodes initialized with years and mapped. FillSameYearSourceNodes with new_nodes_vec.size() = 5218
checking same_year_source_nodes size.
Elapsed time: 75-76: total : 0 millisecs, iter cost : 0 mseconds

new_nodes_vec.size() b4 : 5218

updated  updateGraphAttributesGeneratorNode .... 
Elapsed time: 76-77: total : 86 millisecs, iter cost : 12 mseconds

continuous_node_mapping.size() b5 : 526993, reverse_continuous_node_mapping size = 526993

[PA Model] Building connections using Preferential Attachment

Inside optimized buildOneNodeConnections...
Initial Free: 80272.5 MB / 81079.4 MB

[prepareGraph] num_vertices = 521775

[prepareGraph] edges = 1495213, offsets = 521776 (should be V+1 = 521776)

[prepareGraph] num_vertices = 521775

[prepareGraph] edges = 1495213, offsets = 521776 (should be V+1 = 521776)

Year 1989: 5218 new nodes, 102634 new edges

Elapsed time: 78-781 : total : 22.974 secs, this iter cost : 3.338 seconds

Elapsed time: 78-79 : total : 23.618 secs, this iter cost : 3.429 seconds

updateNodeInDegreeOutDegree(year=1989): updated 5218 out-degrees, 72030 in-degrees
Elapsed time: 79-81 : total : 0.648 secs, this iter cost : 0 seconds

Elapsed time: 79-80 : total : 0.471 secs, this iter cost : 0 seconds

Elapsed time: 80-81 : total : 0.174 secs, this iter cost : 0 seconds

Elapsed time: 70-81 : total : 29.035 secs, this iter cost : 4 seconds

 Entering loop for year = 1990
Elapsed time: 70-71: total : 2.438 secs, iter cost : 0 seconds

Elapsed time: 71-72: total : 2.724 secs, iter cost : 0 seconds

Elapsed time: 72-73: total : 142 millisecs, iter cost : 19 mseconds

num_new_nodes = 5270, current_graph_size = 526993, growth rate = 0.010000 
Elapsed time: 73-74: total : 0 millisecs, iter cost : 0 mseconds

Elapsed time: 74-75: total : 30 millisecs, iter cost : 3 mseconds

all new nodes initialized with years and mapped. FillSameYearSourceNodes with new_nodes_vec.size() = 5270
checking same_year_source_nodes size.
Elapsed time: 75-76: total : 0 millisecs, iter cost : 0 mseconds

new_nodes_vec.size() b4 : 5270

updated  updateGraphAttributesGeneratorNode .... 
Elapsed time: 76-77: total : 99 millisecs, iter cost : 13 mseconds

continuous_node_mapping.size() b5 : 532263, reverse_continuous_node_mapping size = 532263

[PA Model] Building connections using Preferential Attachment

Inside optimized buildOneNodeConnections...
Initial Free: 80260.5 MB / 81079.4 MB

[prepareGraph] num_vertices = 526993

[prepareGraph] edges = 1597847, offsets = 526994 (should be V+1 = 526994)

[prepareGraph] num_vertices = 526993

[prepareGraph] edges = 1597847, offsets = 526994 (should be V+1 = 526994)

Year 1990: 5270 new nodes, 103594 new edges

Elapsed time: 78-781 : total : 26.538 secs, this iter cost : 3.564 seconds

Elapsed time: 78-79 : total : 27.281 secs, this iter cost : 3.663 seconds

updateNodeInDegreeOutDegree(year=1990): updated 5270 out-degrees, 71194 in-degrees
Elapsed time: 79-81 : total : 0.743 secs, this iter cost : 0 seconds

Elapsed time: 79-80 : total : 0.539 secs, this iter cost : 0 seconds

Elapsed time: 80-81 : total : 0.2 secs, this iter cost : 0 seconds

Elapsed time: 70-81 : total : 33.483 secs, this iter cost : 4 seconds

 Entering loop for year = 1991
Elapsed time: 70-71: total : 2.732 secs, iter cost : 0 seconds

Elapsed time: 71-72: total : 3.125 secs, iter cost : 0 seconds

Elapsed time: 72-73: total : 156 millisecs, iter cost : 14 mseconds

num_new_nodes = 5323, current_graph_size = 532263, growth rate = 0.010000 
Elapsed time: 73-74: total : 0 millisecs, iter cost : 0 mseconds

Elapsed time: 74-75: total : 34 millisecs, iter cost : 4 mseconds

all new nodes initialized with years and mapped. FillSameYearSourceNodes with new_nodes_vec.size() = 5323
checking same_year_source_nodes size.
Elapsed time: 75-76: total : 0 millisecs, iter cost : 0 mseconds

new_nodes_vec.size() b4 : 5323

updated  updateGraphAttributesGeneratorNode .... 
Elapsed time: 76-77: total : 112 millisecs, iter cost : 13 mseconds

continuous_node_mapping.size() b5 : 537586, reverse_continuous_node_mapping size = 537586

[PA Model] Building connections using Preferential Attachment

Inside optimized buildOneNodeConnections...
Initial Free: 80248.5 MB / 81079.4 MB

[prepareGraph] num_vertices = 532263

[prepareGraph] edges = 1701441, offsets = 532264 (should be V+1 = 532264)

[prepareGraph] num_vertices = 532263

[prepareGraph] edges = 1701441, offsets = 532264 (should be V+1 = 532264)

Year 1991: 5323 new nodes, 104697 new edges

Elapsed time: 78-781 : total : 30.938 secs, this iter cost : 4.4 seconds

Elapsed time: 78-79 : total : 31.78 secs, this iter cost : 4.499 seconds

updateNodeInDegreeOutDegree(year=1991): updated 5323 out-degrees, 71632 in-degrees
Elapsed time: 79-81 : total : 0.838 secs, this iter cost : 0 seconds

Elapsed time: 79-80 : total : 0.608 secs, this iter cost : 0 seconds

Elapsed time: 80-81 : total : 0.226 secs, this iter cost : 0 seconds

Elapsed time: 70-81 : total : 38.805 secs, this iter cost : 5 seconds

 Entering loop for year = 1992
Elapsed time: 70-71: total : 3.041 secs, iter cost : 0 seconds

Elapsed time: 71-72: total : 3.478 secs, iter cost : 0 seconds

Elapsed time: 72-73: total : 170 millisecs, iter cost : 14 mseconds

num_new_nodes = 5376, current_graph_size = 537586, growth rate = 0.010000 
Elapsed time: 73-74: total : 0 millisecs, iter cost : 0 mseconds

Elapsed time: 74-75: total : 38 millisecs, iter cost : 4 mseconds

all new nodes initialized with years and mapped. FillSameYearSourceNodes with new_nodes_vec.size() = 5376
checking same_year_source_nodes size.
Elapsed time: 75-76: total : 0 millisecs, iter cost : 0 mseconds

new_nodes_vec.size() b4 : 5376

updated  updateGraphAttributesGeneratorNode .... 
Elapsed time: 76-77: total : 125 millisecs, iter cost : 13 mseconds

continuous_node_mapping.size() b5 : 542962, reverse_continuous_node_mapping size = 542962

[PA Model] Building connections using Preferential Attachment

Inside optimized buildOneNodeConnections...
Initial Free: 80236.5 MB / 81079.4 MB

[prepareGraph] num_vertices = 537586

[prepareGraph] edges = 1806138, offsets = 537587 (should be V+1 = 537587)

[prepareGraph] num_vertices = 537586

[prepareGraph] edges = 1806138, offsets = 537587 (should be V+1 = 537587)

Year 1992: 5376 new nodes, 106210 new edges

Elapsed time: 78-781 : total : 34.835 secs, this iter cost : 3.897 seconds

Elapsed time: 78-79 : total : 35.773 secs, this iter cost : 3.993 seconds

updateNodeInDegreeOutDegree(year=1992): updated 5376 out-degrees, 71587 in-degrees
Elapsed time: 79-81 : total : 0.934 secs, this iter cost : 0 seconds

Elapsed time: 79-80 : total : 0.677 secs, this iter cost : 0 seconds

Elapsed time: 80-81 : total : 0.252 secs, this iter cost : 0 seconds

Elapsed time: 70-81 : total : 43.589 secs, this iter cost : 4 seconds

 Entering loop for year = 1993
Elapsed time: 70-71: total : 3.337 secs, iter cost : 0 seconds

Elapsed time: 71-72: total : 3.82 secs, iter cost : 0 seconds

Elapsed time: 72-73: total : 188 millisecs, iter cost : 18 mseconds

num_new_nodes = 5430, current_graph_size = 542962, growth rate = 0.010000 
Elapsed time: 73-74: total : 0 millisecs, iter cost : 0 mseconds

Elapsed time: 74-75: total : 41 millisecs, iter cost : 3 mseconds

all new nodes initialized with years and mapped. FillSameYearSourceNodes with new_nodes_vec.size() = 5430
checking same_year_source_nodes size.
Elapsed time: 75-76: total : 0 millisecs, iter cost : 0 mseconds

new_nodes_vec.size() b4 : 5430

updated  updateGraphAttributesGeneratorNode .... 
Elapsed time: 76-77: total : 139 millisecs, iter cost : 14 mseconds

continuous_node_mapping.size() b5 : 548392, reverse_continuous_node_mapping size = 548392

[PA Model] Building connections using Preferential Attachment

Inside optimized buildOneNodeConnections...
Initial Free: 80224.5 MB / 81079.4 MB

[prepareGraph] num_vertices = 542962

[prepareGraph] edges = 1912348, offsets = 542963 (should be V+1 = 542963)

[prepareGraph] num_vertices = 542962

[prepareGraph] edges = 1912348, offsets = 542963 (should be V+1 = 542963)

Year 1993: 5430 new nodes, 107245 new edges

Elapsed time: 78-781 : total : 38.676 secs, this iter cost : 3.841 seconds

Elapsed time: 78-79 : total : 39.731 secs, this iter cost : 3.958 seconds

updateNodeInDegreeOutDegree(year=1993): updated 5430 out-degrees, 71533 in-degrees
Elapsed time: 79-81 : total : 1.03 secs, this iter cost : 0 seconds

Elapsed time: 79-80 : total : 0.746 secs, this iter cost : 0 seconds

Elapsed time: 80-81 : total : 0.279 secs, this iter cost : 0 seconds

Elapsed time: 70-81 : total : 48.32 secs, this iter cost : 4 seconds

 Entering loop for year = 1994
Elapsed time: 70-71: total : 3.636 secs, iter cost : 0 seconds

Elapsed time: 71-72: total : 4.166 secs, iter cost : 0 seconds

Elapsed time: 72-73: total : 200 millisecs, iter cost : 12 mseconds

num_new_nodes = 5484, current_graph_size = 548392, growth rate = 0.010000 
Elapsed time: 73-74: total : 0 millisecs, iter cost : 0 mseconds

Elapsed time: 74-75: total : 45 millisecs, iter cost : 4 mseconds

all new nodes initialized with years and mapped. FillSameYearSourceNodes with new_nodes_vec.size() = 5484
checking same_year_source_nodes size.
Elapsed time: 75-76: total : 0 millisecs, iter cost : 0 mseconds

new_nodes_vec.size() b4 : 5484

updated  updateGraphAttributesGeneratorNode .... 
Elapsed time: 76-77: total : 152 millisecs, iter cost : 13 mseconds

continuous_node_mapping.size() b5 : 553876, reverse_continuous_node_mapping size = 553876

[PA Model] Building connections using Preferential Attachment

Inside optimized buildOneNodeConnections...
Initial Free: 80212.5 MB / 81079.4 MB

[prepareGraph] num_vertices = 548392

[prepareGraph] edges = 2019593, offsets = 548393 (should be V+1 = 548393)

[prepareGraph] num_vertices = 548392

[prepareGraph] edges = 2019593, offsets = 548393 (should be V+1 = 548393)

Year 1994: 5484 new nodes, 108351 new edges

Elapsed time: 78-781 : total : 42.518 secs, this iter cost : 3.842 seconds

Elapsed time: 78-79 : total : 43.685 secs, this iter cost : 3.954 seconds

updateNodeInDegreeOutDegree(year=1994): updated 5484 out-degrees, 72030 in-degrees
Elapsed time: 79-81 : total : 1.126 secs, this iter cost : 0 seconds

Elapsed time: 79-80 : total : 0.815 secs, this iter cost : 0 seconds

Elapsed time: 80-81 : total : 0.305 secs, this iter cost : 0 seconds

Elapsed time: 70-81 : total : 53.047 secs, this iter cost : 4 seconds

 Entering loop for year = 1995
Elapsed time: 70-71: total : 3.948 secs, iter cost : 0 seconds

Elapsed time: 71-72: total : 4.52 secs, iter cost : 0 seconds

Elapsed time: 72-73: total : 212 millisecs, iter cost : 12 mseconds

num_new_nodes = 5539, current_graph_size = 553876, growth rate = 0.010000 
Elapsed time: 73-74: total : 0 millisecs, iter cost : 0 mseconds

Elapsed time: 74-75: total : 48 millisecs, iter cost : 3 mseconds

all new nodes initialized with years and mapped. FillSameYearSourceNodes with new_nodes_vec.size() = 5539
checking same_year_source_nodes size.
Elapsed time: 75-76: total : 0 millisecs, iter cost : 0 mseconds

new_nodes_vec.size() b4 : 5539

updated  updateGraphAttributesGeneratorNode .... 
Elapsed time: 76-77: total : 165 millisecs, iter cost : 13 mseconds

continuous_node_mapping.size() b5 : 559415, reverse_continuous_node_mapping size = 559415

[PA Model] Building connections using Preferential Attachment

Inside optimized buildOneNodeConnections...
Initial Free: 80200.5 MB / 81079.4 MB

[prepareGraph] num_vertices = 553876

[prepareGraph] edges = 2127944, offsets = 553877 (should be V+1 = 553877)

[prepareGraph] num_vertices = 553876

[prepareGraph] edges = 2127944, offsets = 553877 (should be V+1 = 553877)

Year 1995: 5539 new nodes, 109234 new edges

Elapsed time: 78-781 : total : 46.429 secs, this iter cost : 3.911 seconds

Elapsed time: 78-79 : total : 47.698 secs, this iter cost : 4.013 seconds

updateNodeInDegreeOutDegree(year=1995): updated 5539 out-degrees, 72062 in-degrees
Elapsed time: 79-81 : total : 1.221 secs, this iter cost : 0 seconds

Elapsed time: 79-80 : total : 0.882 secs, this iter cost : 0 seconds

Elapsed time: 80-81 : total : 0.333 secs, this iter cost : 0 seconds

Elapsed time: 70-81 : total : 57.853 secs, this iter cost : 4 seconds

 Entering loop for year = 1996
Elapsed time: 70-71: total : 4.25 secs, iter cost : 0 seconds

Elapsed time: 71-72: total : 4.895 secs, iter cost : 0 seconds

Elapsed time: 72-73: total : 234 millisecs, iter cost : 22 mseconds

num_new_nodes = 5595, current_graph_size = 559415, growth rate = 0.010000 
Elapsed time: 73-74: total : 0 millisecs, iter cost : 0 mseconds

Elapsed time: 74-75: total : 51 millisecs, iter cost : 3 mseconds

all new nodes initialized with years and mapped. FillSameYearSourceNodes with new_nodes_vec.size() = 5595
checking same_year_source_nodes size.
Elapsed time: 75-76: total : 0 millisecs, iter cost : 0 mseconds

new_nodes_vec.size() b4 : 5595

updated  updateGraphAttributesGeneratorNode .... 
Elapsed time: 76-77: total : 178 millisecs, iter cost : 13 mseconds

continuous_node_mapping.size() b5 : 565010, reverse_continuous_node_mapping size = 565010

[PA Model] Building connections using Preferential Attachment

Inside optimized buildOneNodeConnections...
Initial Free: 80188.5 MB / 81079.4 MB

[prepareGraph] num_vertices = 559415

[prepareGraph] edges = 2237178, offsets = 559416 (should be V+1 = 559416)

[prepareGraph] num_vertices = 559415

[prepareGraph] edges = 2237178, offsets = 559416 (should be V+1 = 559416)

Year 1996: 5595 new nodes, 110742 new edges

Elapsed time: 78-781 : total : 50.272 secs, this iter cost : 3.843 seconds

Elapsed time: 78-79 : total : 51.646 secs, this iter cost : 3.948 seconds

updateNodeInDegreeOutDegree(year=1996): updated 5595 out-degrees, 72961 in-degrees
Elapsed time: 79-81 : total : 1.317 secs, this iter cost : 0 seconds

Elapsed time: 79-80 : total : 0.95 secs, this iter cost : 0 seconds

Elapsed time: 80-81 : total : 0.36 secs, this iter cost : 0 seconds

Elapsed time: 70-81 : total : 62.614 secs, this iter cost : 4 seconds

 Entering loop for year = 1997
Elapsed time: 70-71: total : 4.559 secs, iter cost : 0 seconds

Elapsed time: 71-72: total : 5.259 secs, iter cost : 0 seconds

Elapsed time: 72-73: total : 253 millisecs, iter cost : 19 mseconds

num_new_nodes = 5651, current_graph_size = 565010, growth rate = 0.010000 
Elapsed time: 73-74: total : 0 millisecs, iter cost : 0 mseconds

Elapsed time: 74-75: total : 54 millisecs, iter cost : 3 mseconds

all new nodes initialized with years and mapped. FillSameYearSourceNodes with new_nodes_vec.size() = 5651
checking same_year_source_nodes size.
Elapsed time: 75-76: total : 0 millisecs, iter cost : 0 mseconds

new_nodes_vec.size() b4 : 5651

updated  updateGraphAttributesGeneratorNode .... 
Elapsed time: 76-77: total : 192 millisecs, iter cost : 14 mseconds

continuous_node_mapping.size() b5 : 570661, reverse_continuous_node_mapping size = 570661

[PA Model] Building connections using Preferential Attachment

Inside optimized buildOneNodeConnections...
Initial Free: 80138.5 MB / 81079.4 MB

[prepareGraph] num_vertices = 565010

[prepareGraph] edges = 2347920, offsets = 565011 (should be V+1 = 565011)

[prepareGraph] num_vertices = 565010

[prepareGraph] edges = 2347920, offsets = 565011 (should be V+1 = 565011)

Year 1997: 5651 new nodes, 111590 new edges

Elapsed time: 78-781 : total : 54.435 secs, this iter cost : 4.163 seconds

Elapsed time: 78-79 : total : 55.915 secs, this iter cost : 4.269 seconds

updateNodeInDegreeOutDegree(year=1997): updated 5651 out-degrees, 73509 in-degrees
Elapsed time: 79-81 : total : 1.414 secs, this iter cost : 0 seconds

Elapsed time: 79-80 : total : 1.019 secs, this iter cost : 0 seconds

Elapsed time: 80-81 : total : 0.387 secs, this iter cost : 0 seconds

Elapsed time: 70-81 : total : 67.691 secs, this iter cost : 5 seconds

 Entering loop for year = 1998
Elapsed time: 70-71: total : 4.892 secs, iter cost : 0 seconds

Elapsed time: 71-72: total : 5.648 secs, iter cost : 0 seconds

Elapsed time: 72-73: total : 272 millisecs, iter cost : 19 mseconds

num_new_nodes = 5707, current_graph_size = 570661, growth rate = 0.010000 
Elapsed time: 73-74: total : 0 millisecs, iter cost : 0 mseconds

Elapsed time: 74-75: total : 57 millisecs, iter cost : 3 mseconds

all new nodes initialized with years and mapped. FillSameYearSourceNodes with new_nodes_vec.size() = 5707
checking same_year_source_nodes size.
Elapsed time: 75-76: total : 0 millisecs, iter cost : 0 mseconds

new_nodes_vec.size() b4 : 5707

updated  updateGraphAttributesGeneratorNode .... 
Elapsed time: 76-77: total : 205 millisecs, iter cost : 13 mseconds

continuous_node_mapping.size() b5 : 576368, reverse_continuous_node_mapping size = 576368

[PA Model] Building connections using Preferential Attachment

Inside optimized buildOneNodeConnections...
Initial Free: 80126.5 MB / 81079.4 MB

[prepareGraph] num_vertices = 570661

[prepareGraph] edges = 2459510, offsets = 570662 (should be V+1 = 570662)

[prepareGraph] num_vertices = 570661

[prepareGraph] edges = 2459510, offsets = 570662 (should be V+1 = 570662)

Year 1998: 5707 new nodes, 112530 new edges

Elapsed time: 78-781 : total : 58.426 secs, this iter cost : 3.991 seconds

Elapsed time: 78-79 : total : 60.013 secs, this iter cost : 4.098 seconds

updateNodeInDegreeOutDegree(year=1998): updated 5707 out-degrees, 73034 in-degrees
Elapsed time: 79-81 : total : 1.51 secs, this iter cost : 0 seconds

Elapsed time: 79-80 : total : 1.088 secs, this iter cost : 0 seconds

Elapsed time: 80-81 : total : 0.414 secs, this iter cost : 0 seconds

Elapsed time: 70-81 : total : 72.645 secs, this iter cost : 4 seconds

 Entering loop for year = 1999
Elapsed time: 70-71: total : 5.201 secs, iter cost : 0 seconds

Elapsed time: 71-72: total : 6.01 secs, iter cost : 0 seconds

Elapsed time: 72-73: total : 291 millisecs, iter cost : 19 mseconds

num_new_nodes = 5764, current_graph_size = 576368, growth rate = 0.010000 
Elapsed time: 73-74: total : 0 millisecs, iter cost : 0 mseconds

Elapsed time: 74-75: total : 60 millisecs, iter cost : 3 mseconds

all new nodes initialized with years and mapped. FillSameYearSourceNodes with new_nodes_vec.size() = 5764
checking same_year_source_nodes size.
Elapsed time: 75-76: total : 0 millisecs, iter cost : 0 mseconds

new_nodes_vec.size() b4 : 5764

updated  updateGraphAttributesGeneratorNode .... 
Elapsed time: 76-77: total : 218 millisecs, iter cost : 13 mseconds

continuous_node_mapping.size() b5 : 582132, reverse_continuous_node_mapping size = 582132

[PA Model] Building connections using Preferential Attachment

Inside optimized buildOneNodeConnections...
Initial Free: 80114.5 MB / 81079.4 MB

[prepareGraph] num_vertices = 576368

[prepareGraph] edges = 2572040, offsets = 576369 (should be V+1 = 576369)

[prepareGraph] num_vertices = 576368

[prepareGraph] edges = 2572040, offsets = 576369 (should be V+1 = 576369)

Year 1999: 5764 new nodes, 113576 new edges

Elapsed time: 78-781 : total : 62.438 secs, this iter cost : 4.012 seconds

Elapsed time: 78-79 : total : 64.133 secs, this iter cost : 4.12 seconds

updateNodeInDegreeOutDegree(year=1999): updated 5764 out-degrees, 73806 in-degrees
Elapsed time: 79-81 : total : 1.608 secs, this iter cost : 0 seconds

Elapsed time: 79-80 : total : 1.158 secs, this iter cost : 0 seconds

Elapsed time: 80-81 : total : 0.441 secs, this iter cost : 0 seconds

Elapsed time: 70-81 : total : 77.572 secs, this iter cost : 4 seconds

 Entering loop for year = 2000
Elapsed time: 70-71: total : 5.516 secs, iter cost : 0 seconds

Elapsed time: 71-72: total : 6.415 secs, iter cost : 0 seconds

Elapsed time: 72-73: total : 305 millisecs, iter cost : 14 mseconds

num_new_nodes = 5822, current_graph_size = 582132, growth rate = 0.010000 
Elapsed time: 73-74: total : 0 millisecs, iter cost : 0 mseconds

Elapsed time: 74-75: total : 63 millisecs, iter cost : 3 mseconds

all new nodes initialized with years and mapped. FillSameYearSourceNodes with new_nodes_vec.size() = 5822
checking same_year_source_nodes size.
Elapsed time: 75-76: total : 0 millisecs, iter cost : 0 mseconds

new_nodes_vec.size() b4 : 5822

updated  updateGraphAttributesGeneratorNode .... 
Elapsed time: 76-77: total : 231 millisecs, iter cost : 13 mseconds

continuous_node_mapping.size() b5 : 587954, reverse_continuous_node_mapping size = 587954

[PA Model] Building connections using Preferential Attachment

Inside optimized buildOneNodeConnections...
Initial Free: 80102.5 MB / 81079.4 MB

[prepareGraph] num_vertices = 582132

[prepareGraph] edges = 2685616, offsets = 582133 (should be V+1 = 582133)

[prepareGraph] num_vertices = 582132

[prepareGraph] edges = 2685616, offsets = 582133 (should be V+1 = 582133)

Year 2000: 5822 new nodes, 114541 new edges

Elapsed time: 78-781 : total : 66.798 secs, this iter cost : 4.36 seconds

Elapsed time: 78-79 : total : 68.594 secs, this iter cost : 4.461 seconds

updateNodeInDegreeOutDegree(year=2000): updated 5822 out-degrees, 74744 in-degrees
Elapsed time: 79-81 : total : 1.708 secs, this iter cost : 0 seconds

Elapsed time: 79-80 : total : 1.23 secs, this iter cost : 0 seconds

Elapsed time: 80-81 : total : 0.469 secs, this iter cost : 0 seconds

Elapsed time: 70-81 : total : 82.887 secs, this iter cost : 5 seconds

 Entering loop for year = 2001
Elapsed time: 70-71: total : 5.839 secs, iter cost : 0 seconds

Elapsed time: 71-72: total : 6.784 secs, iter cost : 0 seconds

Elapsed time: 72-73: total : 324 millisecs, iter cost : 19 mseconds

num_new_nodes = 5880, current_graph_size = 587954, growth rate = 0.010000 
Elapsed time: 73-74: total : 0 millisecs, iter cost : 0 mseconds

Elapsed time: 74-75: total : 66 millisecs, iter cost : 3 mseconds

all new nodes initialized with years and mapped. FillSameYearSourceNodes with new_nodes_vec.size() = 5880
checking same_year_source_nodes size.
Elapsed time: 75-76: total : 0 millisecs, iter cost : 0 mseconds

new_nodes_vec.size() b4 : 5880

updated  updateGraphAttributesGeneratorNode .... 
Elapsed time: 76-77: total : 245 millisecs, iter cost : 14 mseconds

continuous_node_mapping.size() b5 : 593834, reverse_continuous_node_mapping size = 593834

[PA Model] Building connections using Preferential Attachment

Inside optimized buildOneNodeConnections...
Initial Free: 80090.5 MB / 81079.4 MB

[prepareGraph] num_vertices = 587954

[prepareGraph] edges = 2800157, offsets = 587955 (should be V+1 = 587955)

[prepareGraph] num_vertices = 587954

[prepareGraph] edges = 2800157, offsets = 587955 (should be V+1 = 587955)

Year 2001: 5880 new nodes, 115612 new edges

Elapsed time: 78-781 : total : 70.84 secs, this iter cost : 4.042 seconds

Elapsed time: 78-79 : total : 72.752 secs, this iter cost : 4.158 seconds

updateNodeInDegreeOutDegree(year=2001): updated 5880 out-degrees, 75213 in-degrees
Elapsed time: 79-81 : total : 1.805 secs, this iter cost : 0 seconds

Elapsed time: 79-80 : total : 1.298 secs, this iter cost : 0 seconds

Elapsed time: 80-81 : total : 0.497 secs, this iter cost : 0 seconds

Elapsed time: 70-81 : total : 87.873 secs, this iter cost : 4 seconds

 Entering loop for year = 2002
Elapsed time: 70-71: total : 6.155 secs, iter cost : 0 seconds

Elapsed time: 71-72: total : 7.158 secs, iter cost : 0 seconds

Elapsed time: 72-73: total : 343 millisecs, iter cost : 19 mseconds

num_new_nodes = 5939, current_graph_size = 593834, growth rate = 0.010000 
Elapsed time: 73-74: total : 0 millisecs, iter cost : 0 mseconds

Elapsed time: 74-75: total : 68 millisecs, iter cost : 2 mseconds

all new nodes initialized with years and mapped. FillSameYearSourceNodes with new_nodes_vec.size() = 5939
checking same_year_source_nodes size.
Elapsed time: 75-76: total : 0 millisecs, iter cost : 0 mseconds

new_nodes_vec.size() b4 : 5939

updated  updateGraphAttributesGeneratorNode .... 
Elapsed time: 76-77: total : 259 millisecs, iter cost : 14 mseconds

continuous_node_mapping.size() b5 : 599773, reverse_continuous_node_mapping size = 599773

[PA Model] Building connections using Preferential Attachment

Inside optimized buildOneNodeConnections...
Initial Free: 80078.5 MB / 81079.4 MB

[prepareGraph] num_vertices = 593834

[prepareGraph] edges = 2915769, offsets = 593835 (should be V+1 = 593835)

[prepareGraph] num_vertices = 593834

[prepareGraph] edges = 2915769, offsets = 593835 (should be V+1 = 593835)

Year 2002: 5939 new nodes, 116609 new edges

Elapsed time: 78-781 : total : 75.555 secs, this iter cost : 4.715 seconds

Elapsed time: 78-79 : total : 77.584 secs, this iter cost : 4.832 seconds

updateNodeInDegreeOutDegree(year=2002): updated 5939 out-degrees, 75330 in-degrees
Elapsed time: 79-81 : total : 1.903 secs, this iter cost : 0 seconds

Elapsed time: 79-80 : total : 1.367 secs, this iter cost : 0 seconds

Elapsed time: 80-81 : total : 0.526 secs, this iter cost : 0 seconds

Elapsed time: 70-81 : total : 93.531 secs, this iter cost : 5 seconds

 Entering loop for year = 2003
Elapsed time: 70-71: total : 6.468 secs, iter cost : 0 seconds

Elapsed time: 71-72: total : 7.562 secs, iter cost : 0 seconds

Elapsed time: 72-73: total : 362 millisecs, iter cost : 19 mseconds

num_new_nodes = 5998, current_graph_size = 599773, growth rate = 0.010000 
Elapsed time: 73-74: total : 0 millisecs, iter cost : 0 mseconds

Elapsed time: 74-75: total : 70 millisecs, iter cost : 2 mseconds

all new nodes initialized with years and mapped. FillSameYearSourceNodes with new_nodes_vec.size() = 5998
checking same_year_source_nodes size.
Elapsed time: 75-76: total : 0 millisecs, iter cost : 0 mseconds

new_nodes_vec.size() b4 : 5998

updated  updateGraphAttributesGeneratorNode .... 
Elapsed time: 76-77: total : 273 millisecs, iter cost : 14 mseconds

continuous_node_mapping.size() b5 : 605771, reverse_continuous_node_mapping size = 605771

[PA Model] Building connections using Preferential Attachment

Inside optimized buildOneNodeConnections...
Initial Free: 80064.5 MB / 81079.4 MB

[prepareGraph] num_vertices = 599773

[prepareGraph] edges = 3032378, offsets = 599774 (should be V+1 = 599774)

[prepareGraph] num_vertices = 599773

[prepareGraph] edges = 3032378, offsets = 599774 (should be V+1 = 599774)

Year 2003: 5998 new nodes, 117695 new edges

Elapsed time: 78-781 : total : 80.285 secs, this iter cost : 4.73 seconds

Elapsed time: 78-79 : total : 82.427 secs, this iter cost : 4.843 seconds

updateNodeInDegreeOutDegree(year=2003): updated 5998 out-degrees, 75890 in-degrees
Elapsed time: 79-81 : total : 2.001 secs, this iter cost : 0 seconds

Elapsed time: 79-80 : total : 1.436 secs, this iter cost : 0 seconds

Elapsed time: 80-81 : total : 0.554 secs, this iter cost : 0 seconds

Elapsed time: 70-81 : total : 99.227 secs, this iter cost : 5 seconds

 Entering loop for year = 2004
Elapsed time: 70-71: total : 6.794 secs, iter cost : 0 seconds

Elapsed time: 71-72: total : 7.931 secs, iter cost : 0 seconds

Elapsed time: 72-73: total : 382 millisecs, iter cost : 20 mseconds

num_new_nodes = 6058, current_graph_size = 605771, growth rate = 0.010000 
Elapsed time: 73-74: total : 0 millisecs, iter cost : 0 mseconds

Elapsed time: 74-75: total : 72 millisecs, iter cost : 2 mseconds

all new nodes initialized with years and mapped. FillSameYearSourceNodes with new_nodes_vec.size() = 6058
checking same_year_source_nodes size.
Elapsed time: 75-76: total : 0 millisecs, iter cost : 0 mseconds

new_nodes_vec.size() b4 : 6058

updated  updateGraphAttributesGeneratorNode .... 
Elapsed time: 76-77: total : 288 millisecs, iter cost : 15 mseconds

continuous_node_mapping.size() b5 : 611829, reverse_continuous_node_mapping size = 611829

[PA Model] Building connections using Preferential Attachment

Inside optimized buildOneNodeConnections...
Initial Free: 79948.5 MB / 81079.4 MB

[prepareGraph] num_vertices = 605771

[prepareGraph] edges = 3150073, offsets = 605772 (should be V+1 = 605772)

[prepareGraph] num_vertices = 605771

[prepareGraph] edges = 3150073, offsets = 605772 (should be V+1 = 605772)

Year 2004: 6058 new nodes, 118818 new edges

Elapsed time: 78-781 : total : 85.58 secs, this iter cost : 5.295 seconds

Elapsed time: 78-79 : total : 87.887 secs, this iter cost : 5.46 seconds

updateNodeInDegreeOutDegree(year=2004): updated 6058 out-degrees, 76634 in-degrees
Elapsed time: 79-81 : total : 2.112 secs, this iter cost : 0 seconds

Elapsed time: 79-80 : total : 1.518 secs, this iter cost : 0 seconds

Elapsed time: 80-81 : total : 0.583 secs, this iter cost : 0 seconds

Elapsed time: 70-81 : total : 105.534 secs, this iter cost : 6 seconds

 Entering loop for year = 2005
Elapsed time: 70-71: total : 7.2 secs, iter cost : 0 seconds

Elapsed time: 71-72: total : 8.354 secs, iter cost : 0 seconds

Elapsed time: 72-73: total : 405 millisecs, iter cost : 23 mseconds

num_new_nodes = 6119, current_graph_size = 611829, growth rate = 0.010000 
Elapsed time: 73-74: total : 0 millisecs, iter cost : 0 mseconds

Elapsed time: 74-75: total : 75 millisecs, iter cost : 3 mseconds

all new nodes initialized with years and mapped. FillSameYearSourceNodes with new_nodes_vec.size() = 6119
checking same_year_source_nodes size.
Elapsed time: 75-76: total : 0 millisecs, iter cost : 0 mseconds

new_nodes_vec.size() b4 : 6119

updated  updateGraphAttributesGeneratorNode .... 
Elapsed time: 76-77: total : 302 millisecs, iter cost : 14 mseconds

continuous_node_mapping.size() b5 : 617948, reverse_continuous_node_mapping size = 617948

[PA Model] Building connections using Preferential Attachment

Inside optimized buildOneNodeConnections...
Initial Free: 79934.5 MB / 81079.4 MB

[prepareGraph] num_vertices = 611829

[prepareGraph] edges = 3268891, offsets = 611830 (should be V+1 = 611830)

[prepareGraph] num_vertices = 611829

[prepareGraph] edges = 3268891, offsets = 611830 (should be V+1 = 611830)

Year 2005: 6119 new nodes, 120182 new edges

Elapsed time: 78-781 : total : 90.593 secs, this iter cost : 5.013 seconds

Elapsed time: 78-79 : total : 93.078 secs, this iter cost : 5.191 seconds

updateNodeInDegreeOutDegree(year=2005): updated 6119 out-degrees, 76987 in-degrees
Elapsed time: 79-81 : total : 2.215 secs, this iter cost : 0 seconds

Elapsed time: 79-80 : total : 1.591 secs, this iter cost : 0 seconds

Elapsed time: 80-81 : total : 0.612 secs, this iter cost : 0 seconds

Elapsed time: 70-81 : total : 111.701 secs, this iter cost : 6 seconds

 Entering loop for year = 2006
Elapsed time: 70-71: total : 7.548 secs, iter cost : 0 seconds

Elapsed time: 71-72: total : 8.751 secs, iter cost : 0 seconds

Elapsed time: 72-73: total : 424 millisecs, iter cost : 19 mseconds

num_new_nodes = 6180, current_graph_size = 617948, growth rate = 0.010000 
Elapsed time: 73-74: total : 0 millisecs, iter cost : 0 mseconds

Elapsed time: 74-75: total : 78 millisecs, iter cost : 3 mseconds

all new nodes initialized with years and mapped. FillSameYearSourceNodes with new_nodes_vec.size() = 6180
checking same_year_source_nodes size.
Elapsed time: 75-76: total : 0 millisecs, iter cost : 0 mseconds

new_nodes_vec.size() b4 : 6180

updated  updateGraphAttributesGeneratorNode .... 
Elapsed time: 76-77: total : 317 millisecs, iter cost : 15 mseconds

continuous_node_mapping.size() b5 : 624128, reverse_continuous_node_mapping size = 624128

[PA Model] Building connections using Preferential Attachment

Inside optimized buildOneNodeConnections...
Initial Free: 79920.5 MB / 81079.4 MB

[prepareGraph] num_vertices = 617948

[prepareGraph] edges = 3389073, offsets = 617949 (should be V+1 = 617949)

[prepareGraph] num_vertices = 617948

[prepareGraph] edges = 3389073, offsets = 617949 (should be V+1 = 617949)

Year 2006: 6180 new nodes, 121302 new edges

Elapsed time: 78-781 : total : 95.852 secs, this iter cost : 5.259 seconds

Elapsed time: 78-79 : total : 98.47 secs, this iter cost : 5.392 seconds

updateNodeInDegreeOutDegree(year=2006): updated 6180 out-degrees, 77812 in-degrees
Elapsed time: 79-81 : total : 2.357 secs, this iter cost : 0 seconds

Elapsed time: 79-80 : total : 1.704 secs, this iter cost : 0 seconds

Elapsed time: 80-81 : total : 0.641 secs, this iter cost : 0 seconds

Elapsed time: 70-81 : total : 118.02 secs, this iter cost : 6 seconds

 Entering loop for year = 2007
Elapsed time: 70-71: total : 7.905 secs, iter cost : 0 seconds

Elapsed time: 71-72: total : 9.142 secs, iter cost : 0 seconds

Elapsed time: 72-73: total : 443 millisecs, iter cost : 19 mseconds

num_new_nodes = 6242, current_graph_size = 624128, growth rate = 0.010000 
Elapsed time: 73-74: total : 0 millisecs, iter cost : 0 mseconds

Elapsed time: 74-75: total : 81 millisecs, iter cost : 3 mseconds

all new nodes initialized with years and mapped. FillSameYearSourceNodes with new_nodes_vec.size() = 6242
checking same_year_source_nodes size.
Elapsed time: 75-76: total : 0 millisecs, iter cost : 0 mseconds

new_nodes_vec.size() b4 : 6242

updated  updateGraphAttributesGeneratorNode .... 
Elapsed time: 76-77: total : 332 millisecs, iter cost : 15 mseconds

continuous_node_mapping.size() b5 : 630370, reverse_continuous_node_mapping size = 630370

[PA Model] Building connections using Preferential Attachment

Inside optimized buildOneNodeConnections...
Initial Free: 79906.5 MB / 81079.4 MB

[prepareGraph] num_vertices = 624128

[prepareGraph] edges = 3510375, offsets = 624129 (should be V+1 = 624129)

[prepareGraph] num_vertices = 624128

[prepareGraph] edges = 3510375, offsets = 624129 (should be V+1 = 624129)

Year 2007: 6242 new nodes, 122722 new edges

Elapsed time: 78-781 : total : 100.807 secs, this iter cost : 4.955 seconds

Elapsed time: 78-79 : total : 103.549 secs, this iter cost : 5.079 seconds

updateNodeInDegreeOutDegree(year=2007): updated 6242 out-degrees, 79488 in-degrees
Elapsed time: 79-81 : total : 2.457 secs, this iter cost : 0 seconds

Elapsed time: 79-80 : total : 1.774 secs, this iter cost : 0 seconds

Elapsed time: 80-81 : total : 0.671 secs, this iter cost : 0 seconds

Elapsed time: 70-81 : total : 123.986 secs, this iter cost : 5 seconds

 Entering loop for year = 2008
Elapsed time: 70-71: total : 8.236 secs, iter cost : 0 seconds

Elapsed time: 71-72: total : 9.515 secs, iter cost : 0 seconds

Elapsed time: 72-73: total : 462 millisecs, iter cost : 19 mseconds

num_new_nodes = 6304, current_graph_size = 630370, growth rate = 0.010000 
Elapsed time: 73-74: total : 0 millisecs, iter cost : 0 mseconds

Elapsed time: 74-75: total : 84 millisecs, iter cost : 3 mseconds

all new nodes initialized with years and mapped. FillSameYearSourceNodes with new_nodes_vec.size() = 6304
checking same_year_source_nodes size.
Elapsed time: 75-76: total : 0 millisecs, iter cost : 0 mseconds

new_nodes_vec.size() b4 : 6304

updated  updateGraphAttributesGeneratorNode .... 
Elapsed time: 76-77: total : 347 millisecs, iter cost : 15 mseconds

continuous_node_mapping.size() b5 : 636674, reverse_continuous_node_mapping size = 636674

[PA Model] Building connections using Preferential Attachment

Inside optimized buildOneNodeConnections...
Initial Free: 79846.5 MB / 81079.4 MB

[prepareGraph] num_vertices = 630370

[prepareGraph] edges = 3633097, offsets = 630371 (should be V+1 = 630371)

[prepareGraph] num_vertices = 630370

[prepareGraph] edges = 3633097, offsets = 630371 (should be V+1 = 630371)

Year 2008: 6304 new nodes, 124028 new edges

Elapsed time: 78-781 : total : 105.655 secs, this iter cost : 4.848 seconds

Elapsed time: 78-79 : total : 108.517 secs, this iter cost : 4.968 seconds

updateNodeInDegreeOutDegree(year=2008): updated 6304 out-degrees, 79581 in-degrees
Elapsed time: 79-81 : total : 2.558 secs, this iter cost : 0 seconds

Elapsed time: 79-80 : total : 1.845 secs, this iter cost : 0 seconds

Elapsed time: 80-81 : total : 0.701 secs, this iter cost : 0 seconds

Elapsed time: 70-81 : total : 129.798 secs, this iter cost : 5 seconds

 Entering loop for year = 2009
Elapsed time: 70-71: total : 8.56 secs, iter cost : 0 seconds

Elapsed time: 71-72: total : 9.94 secs, iter cost : 0 seconds

Elapsed time: 72-73: total : 481 millisecs, iter cost : 19 mseconds

num_new_nodes = 6367, current_graph_size = 636674, growth rate = 0.010000 
Elapsed time: 73-74: total : 0 millisecs, iter cost : 0 mseconds

Elapsed time: 74-75: total : 87 millisecs, iter cost : 3 mseconds

all new nodes initialized with years and mapped. FillSameYearSourceNodes with new_nodes_vec.size() = 6367
checking same_year_source_nodes size.
Elapsed time: 75-76: total : 0 millisecs, iter cost : 0 mseconds

new_nodes_vec.size() b4 : 6367

updated  updateGraphAttributesGeneratorNode .... 
Elapsed time: 76-77: total : 362 millisecs, iter cost : 15 mseconds

continuous_node_mapping.size() b5 : 643041, reverse_continuous_node_mapping size = 643041

[PA Model] Building connections using Preferential Attachment

Inside optimized buildOneNodeConnections...
Initial Free: 79834.5 MB / 81079.4 MB

[prepareGraph] num_vertices = 636674

[prepareGraph] edges = 3757125, offsets = 636675 (should be V+1 = 636675)

[prepareGraph] num_vertices = 636674

[prepareGraph] edges = 3757125, offsets = 636675 (should be V+1 = 636675)

Year 2009: 6367 new nodes, 125368 new edges

Elapsed time: 78-781 : total : 111.014 secs, this iter cost : 5.359 seconds

Elapsed time: 78-79 : total : 114 secs, this iter cost : 5.483 seconds

updateNodeInDegreeOutDegree(year=2009): updated 6367 out-degrees, 79997 in-degrees
Elapsed time: 79-81 : total : 2.661 secs, this iter cost : 0 seconds

Elapsed time: 79-80 : total : 1.918 secs, this iter cost : 0 seconds

Elapsed time: 80-81 : total : 0.731 secs, this iter cost : 0 seconds

Elapsed time: 70-81 : total : 136.174 secs, this iter cost : 6 seconds

 Entering loop for year = 2010
Elapsed time: 70-71: total : 8.933 secs, iter cost : 0 seconds

Elapsed time: 71-72: total : 10.34 secs, iter cost : 0 seconds

Elapsed time: 72-73: total : 500 millisecs, iter cost : 19 mseconds

num_new_nodes = 6431, current_graph_size = 643041, growth rate = 0.010000 
Elapsed time: 73-74: total : 0 millisecs, iter cost : 0 mseconds

Elapsed time: 74-75: total : 89 millisecs, iter cost : 2 mseconds

all new nodes initialized with years and mapped. FillSameYearSourceNodes with new_nodes_vec.size() = 6431
checking same_year_source_nodes size.
Elapsed time: 75-76: total : 0 millisecs, iter cost : 0 mseconds

new_nodes_vec.size() b4 : 6431

updated  updateGraphAttributesGeneratorNode .... 
Elapsed time: 76-77: total : 378 millisecs, iter cost : 16 mseconds

continuous_node_mapping.size() b5 : 649472, reverse_continuous_node_mapping size = 649472

[PA Model] Building connections using Preferential Attachment

Inside optimized buildOneNodeConnections...
Initial Free: 79820.5 MB / 81079.4 MB

[prepareGraph] num_vertices = 643041

[prepareGraph] edges = 3882493, offsets = 643042 (should be V+1 = 643042)

[prepareGraph] num_vertices = 643041

[prepareGraph] edges = 3882493, offsets = 643042 (should be V+1 = 643042)

Year 2010: 6431 new nodes, 126922 new edges

Elapsed time: 78-781 : total : 116.07 secs, this iter cost : 5.056 seconds

Elapsed time: 78-79 : total : 119.192 secs, this iter cost : 5.192 seconds

updateNodeInDegreeOutDegree(year=2010): updated 6431 out-degrees, 81034 in-degrees
Elapsed time: 79-81 : total : 2.765 secs, this iter cost : 0 seconds

Elapsed time: 79-80 : total : 1.99 secs, this iter cost : 0 seconds

Elapsed time: 80-81 : total : 0.763 secs, this iter cost : 0 seconds

Elapsed time: 70-81 : total : 142.283 secs, this iter cost : 6 seconds

 Entering loop for year = 2011
Elapsed time: 70-71: total : 9.266 secs, iter cost : 0 seconds

Elapsed time: 71-72: total : 10.729 secs, iter cost : 0 seconds

Elapsed time: 72-73: total : 519 millisecs, iter cost : 19 mseconds

num_new_nodes = 6495, current_graph_size = 649472, growth rate = 0.010000 
Elapsed time: 73-74: total : 0 millisecs, iter cost : 0 mseconds

Elapsed time: 74-75: total : 92 millisecs, iter cost : 3 mseconds

all new nodes initialized with years and mapped. FillSameYearSourceNodes with new_nodes_vec.size() = 6495
checking same_year_source_nodes size.
Elapsed time: 75-76: total : 0 millisecs, iter cost : 0 mseconds

new_nodes_vec.size() b4 : 6495

updated  updateGraphAttributesGeneratorNode .... 
Elapsed time: 76-77: total : 393 millisecs, iter cost : 15 mseconds

continuous_node_mapping.size() b5 : 655967, reverse_continuous_node_mapping size = 655967

[PA Model] Building connections using Preferential Attachment

Inside optimized buildOneNodeConnections...
Initial Free: 79806.5 MB / 81079.4 MB

[prepareGraph] num_vertices = 649472

[prepareGraph] edges = 4009415, offsets = 649473 (should be V+1 = 649473)

[prepareGraph] num_vertices = 649472

[prepareGraph] edges = 4009415, offsets = 649473 (should be V+1 = 649473)

Year 2011: 6495 new nodes, 128086 new edges

Elapsed time: 78-781 : total : 121.664 secs, this iter cost : 5.594 seconds

Elapsed time: 78-79 : total : 124.914 secs, this iter cost : 5.722 seconds

updateNodeInDegreeOutDegree(year=2011): updated 6495 out-degrees, 82434 in-degrees
Elapsed time: 79-81 : total : 2.868 secs, this iter cost : 0 seconds

Elapsed time: 79-80 : total : 2.062 secs, this iter cost : 0 seconds

Elapsed time: 80-81 : total : 0.794 secs, this iter cost : 0 seconds

Elapsed time: 70-81 : total : 148.87 secs, this iter cost : 6 seconds

 Entering loop for year = 2012
Elapsed time: 70-71: total : 9.629 secs, iter cost : 0 seconds

Elapsed time: 71-72: total : 11.112 secs, iter cost : 0 seconds

Elapsed time: 72-73: total : 538 millisecs, iter cost : 19 mseconds

num_new_nodes = 6560, current_graph_size = 655967, growth rate = 0.010000 
Elapsed time: 73-74: total : 0 millisecs, iter cost : 0 mseconds

Elapsed time: 74-75: total : 99 millisecs, iter cost : 7 mseconds

all new nodes initialized with years and mapped. FillSameYearSourceNodes with new_nodes_vec.size() = 6560
checking same_year_source_nodes size.
Elapsed time: 75-76: total : 0 millisecs, iter cost : 0 mseconds

new_nodes_vec.size() b4 : 6560

updated  updateGraphAttributesGeneratorNode .... 
Elapsed time: 76-77: total : 411 millisecs, iter cost : 18 mseconds

continuous_node_mapping.size() b5 : 662527, reverse_continuous_node_mapping size = 662527

[PA Model] Building connections using Preferential Attachment

Inside optimized buildOneNodeConnections...
Initial Free: 79706.5 MB / 81079.4 MB

[prepareGraph] num_vertices = 655967

[prepareGraph] edges = 4137501, offsets = 655968 (should be V+1 = 655968)

[prepareGraph] num_vertices = 655967

[prepareGraph] edges = 4137501, offsets = 655968 (should be V+1 = 655968)

Year 2012: 6560 new nodes, 129475 new edges

Elapsed time: 78-781 : total : 127.035 secs, this iter cost : 5.371 seconds

Elapsed time: 78-79 : total : 130.417 secs, this iter cost : 5.503 seconds

updateNodeInDegreeOutDegree(year=2012): updated 6560 out-degrees, 82453 in-degrees
Elapsed time: 79-81 : total : 2.973 secs, this iter cost : 0 seconds

Elapsed time: 79-80 : total : 2.134 secs, this iter cost : 0 seconds

Elapsed time: 80-81 : total : 0.826 secs, this iter cost : 0 seconds

Elapsed time: 70-81 : total : 155.27 secs, this iter cost : 6 seconds

Elapsed time: 7-8 :  155 seconds

compute done:: graph size = 662527
Elapsed time: 8-8.1 :  0 seconds

Writing Graph to file: ./output/30y/gpu-opt-static-output-30y-1p.edgelist

Elapsed time: 8.1-9 :  0 seconds

Elapsed time: 9-10 :  0 seconds

 graph size = 662527
WriteAttributes: graph size = 662527

Elapsed time: 0-1 : 3 seconds

Elapsed time: 1-4 : 0 seconds

Elapsed time: 4-7 : 0 seconds

Elapsed time: 70-71: total : 9.629 seconds.

Elapsed time: 71-72: total : 11.112 seconds.

Elapsed time: 72-73: total : 0.538 seconds.

Elapsed time: 73-74: total : 0 seconds.

Elapsed time: 74-75: total : 0.099 seconds.

Elapsed time: 75-76: total : 0 seconds.

Elapsed time: 76-77: total : 0.411 seconds.

Elapsed time: 77-79: total : 130.417 seconds.

Elapsed time: 79-81 : total : 2.973 seconds.

Elapsed time: 79-80 : total : 2.134 seconds.

Elapsed time: 80-81 : total : 0.826 seconds.

Elapsed time: 70-81 : total : 155.27 seconds.

Elapsed time: 7-8 : 155 seconds

Elapsed time: 8-8.1 :  0 seconds

Elapsed time: 8.1-9 :  0 seconds

Elapsed time: 9-10 : 0 seconds

Elapsed time: 11-12 : 0 seconds

Elapsed time: 10-12 : 0 seconds

Elapsed time: 0-7 : 3 seconds

Elapsed time: 7-8 : 155 seconds

Elapsed time: 8-12 : 1 seconds

E2E Time for num_cycles = 30 with growth_rate = 1 % = 162 seconds.
GPU 0: General Metrics for NVIDIA GH100 (any frequency)
Generating '/tmp/nsys-report-c16c.qdstrm'
[1/8] [0%                          ] nsys-pa-30y-1p.nsys-rep[1/8] [0%                          ] nsys-pa-30y-1p.nsys-rep[1/8] [7%                          ] nsys-pa-30y-1p.nsys-rep[1/8] [8%                          ] nsys-pa-30y-1p.nsys-rep[1/8] [7%                          ] nsys-pa-30y-1p.nsys-rep[1/8] [6%                          ] nsys-pa-30y-1p.nsys-rep[1/8] [9%                          ] nsys-pa-30y-1p.nsys-rep[1/8] [8%                          ] nsys-pa-30y-1p.nsys-rep[1/8] [9%                          ] nsys-pa-30y-1p.nsys-rep[1/8] [8%                          ] nsys-pa-30y-1p.nsys-rep[1/8] [7%                          ] nsys-pa-30y-1p.nsys-rep[1/8] [9%                          ] nsys-pa-30y-1p.nsys-rep[1/8] [8%                          ] nsys-pa-30y-1p.nsys-rep[1/8] [7%                          ] nsys-pa-30y-1p.nsys-rep[1/8] [9%                          ] nsys-pa-30y-1p.nsys-rep[1/8] [8%                          ] nsys-pa-30y-1p.nsys-rep[1/8] [7%                          ] nsys-pa-30y-1p.nsys-rep[1/8] [9%                          ] nsys-pa-30y-1p.nsys-rep[1/8] [8%                          ] nsys-pa-30y-1p.nsys-rep[1/8] [9%                          ] nsys-pa-30y-1p.nsys-rep[1/8] [8%                          ] nsys-pa-30y-1p.nsys-rep[1/8] [9%                          ] nsys-pa-30y-1p.nsys-rep[1/8] [8%                          ] nsys-pa-30y-1p.nsys-rep[1/8] [9%                          ] nsys-pa-30y-1p.nsys-rep[1/8] [8%                          ] nsys-pa-30y-1p.nsys-rep[1/8] [9%                          ] nsys-pa-30y-1p.nsys-rep[1/8] [8%                          ] nsys-pa-30y-1p.nsys-rep[1/8] [9%                          ] nsys-pa-30y-1p.nsys-rep[1/8] [8%                          ] nsys-pa-30y-1p.nsys-rep[1/8] [9%                          ] nsys-pa-30y-1p.nsys-rep[1/8] [8%                          ] nsys-pa-30y-1p.nsys-rep[1/8] [9%                          ] nsys-pa-30y-1p.nsys-rep[1/8] [8%                          ] nsys-pa-30y-1p.nsys-rep[1/8] [9%                          ] nsys-pa-30y-1p.nsys-rep[1/8] [8%                          ] nsys-pa-30y-1p.nsys-rep[1/8] [9%                          ] nsys-pa-30y-1p.nsys-rep[1/8] [8%                          ] nsys-pa-30y-1p.nsys-rep[1/8] [9%                          ] nsys-pa-30y-1p.nsys-rep[1/8] [8%                          ] nsys-pa-30y-1p.nsys-rep[1/8] [9%                          ] nsys-pa-30y-1p.nsys-rep[1/8] [8%                          ] nsys-pa-30y-1p.nsys-rep[1/8] [9%                          ] nsys-pa-30y-1p.nsys-rep[1/8] [8%                          ] nsys-pa-30y-1p.nsys-rep[1/8] [9%                          ] nsys-pa-30y-1p.nsys-rep[1/8] [8%                          ] nsys-pa-30y-1p.nsys-rep[1/8] [9%                          ] nsys-pa-30y-1p.nsys-rep[1/8] [8%                          ] nsys-pa-30y-1p.nsys-rep[1/8] [9%                          ] nsys-pa-30y-1p.nsys-rep[1/8] [8%                          ] nsys-pa-30y-1p.nsys-rep[1/8] [9%                          ] nsys-pa-30y-1p.nsys-rep[1/8] [8%                          ] nsys-pa-30y-1p.nsys-rep[1/8] [9%                          ] nsys-pa-30y-1p.nsys-rep[1/8] [8%                          ] nsys-pa-30y-1p.nsys-rep[1/8] [9%                          ] nsys-pa-30y-1p.nsys-rep[1/8] [8%                          ] nsys-pa-30y-1p.nsys-rep[1/8] [9%                          ] nsys-pa-30y-1p.nsys-rep[1/8] [8%                          ] nsys-pa-30y-1p.nsys-rep[1/8] [9%                          ] nsys-pa-30y-1p.nsys-rep[1/8] [8%                          ] nsys-pa-30y-1p.nsys-rep[1/8] [9%                          ] nsys-pa-30y-1p.nsys-rep[1/8] [8%                          ] nsys-pa-30y-1p.nsys-rep[1/8] [9%                          ] nsys-pa-30y-1p.nsys-rep[1/8] [8%                          ] nsys-pa-30y-1p.nsys-rep[1/8] [9%                          ] nsys-pa-30y-1p.nsys-rep[1/8] [8%                          ] nsys-pa-30y-1p.nsys-rep[1/8] [9%                          ] nsys-pa-30y-1p.nsys-rep[1/8] [8%                          ] nsys-pa-30y-1p.nsys-rep[1/8] [9%                          ] nsys-pa-30y-1p.nsys-rep[1/8] [8%                          ] nsys-pa-30y-1p.nsys-rep[1/8] [9%                          ] nsys-pa-30y-1p.nsys-rep[1/8] [8%                          ] nsys-pa-30y-1p.nsys-rep[1/8] [9%                          ] nsys-pa-30y-1p.nsys-rep[1/8] [8%                          ] nsys-pa-30y-1p.nsys-rep[1/8] [9%                          ] nsys-pa-30y-1p.nsys-rep[1/8] [8%                          ] nsys-pa-30y-1p.nsys-rep[1/8] [9%                          ] nsys-pa-30y-1p.nsys-rep[1/8] [8%                          ] nsys-pa-30y-1p.nsys-rep[1/8] [9%                          ] nsys-pa-30y-1p.nsys-rep[1/8] [8%                          ] nsys-pa-30y-1p.nsys-rep[1/8] [9%                          ] nsys-pa-30y-1p.nsys-rep[1/8] [8%                          ] nsys-pa-30y-1p.nsys-rep[1/8] [9%                          ] nsys-pa-30y-1p.nsys-rep[1/8] [8%                          ] nsys-pa-30y-1p.nsys-rep[1/8] [9%                          ] nsys-pa-30y-1p.nsys-rep[1/8] [8%                          ] nsys-pa-30y-1p.nsys-rep[1/8] [9%                          ] nsys-pa-30y-1p.nsys-rep[1/8] [8%                          ] nsys-pa-30y-1p.nsys-rep[1/8] [9%                          ] nsys-pa-30y-1p.nsys-rep[1/8] [8%                          ] nsys-pa-30y-1p.nsys-rep[1/8] [9%                          ] nsys-pa-30y-1p.nsys-rep[1/8] [8%                          ] nsys-pa-30y-1p.nsys-rep[1/8] [9%                          ] nsys-pa-30y-1p.nsys-rep[1/8] [8%                          ] nsys-pa-30y-1p.nsys-rep[1/8] [9%                          ] nsys-pa-30y-1p.nsys-rep[1/8] [8%                          ] nsys-pa-30y-1p.nsys-rep[1/8] [9%                          ] nsys-pa-30y-1p.nsys-rep[1/8] [8%                          ] nsys-pa-30y-1p.nsys-rep[1/8] [9%                          ] nsys-pa-30y-1p.nsys-rep[1/8] [10%                         ] nsys-pa-30y-1p.nsys-rep[1/8] [9%                          ] nsys-pa-30y-1p.nsys-rep[1/8] [10%                         ] nsys-pa-30y-1p.nsys-rep[1/8] [11%                         ] nsys-pa-30y-1p.nsys-rep[1/8] [10%                         ] nsys-pa-30y-1p.nsys-rep[1/8] [11%                         ] nsys-pa-30y-1p.nsys-rep[1/8] [10%                         ] nsys-pa-30y-1p.nsys-rep[1/8] [11%                         ] nsys-pa-30y-1p.nsys-rep[1/8] [10%                         ] nsys-pa-30y-1p.nsys-rep[1/8] [11%                         ] nsys-pa-30y-1p.nsys-rep[1/8] [10%                         ] nsys-pa-30y-1p.nsys-rep[1/8] [9%                          ] nsys-pa-30y-1p.nsys-rep[1/8] [8%                          ] nsys-pa-30y-1p.nsys-rep[1/8] [7%                          ] nsys-pa-30y-1p.nsys-rep[1/8] [8%                          ] nsys-pa-30y-1p.nsys-rep[1/8] [9%                          ] nsys-pa-30y-1p.nsys-rep[1/8] [10%                         ] nsys-pa-30y-1p.nsys-rep[1/8] [11%                         ] nsys-pa-30y-1p.nsys-rep[1/8] [12%                         ] nsys-pa-30y-1p.nsys-rep[1/8] [13%                         ] nsys-pa-30y-1p.nsys-rep[1/8] [14%                         ] nsys-pa-30y-1p.nsys-rep[1/8] [=15%                        ] nsys-pa-30y-1p.nsys-rep[1/8] [=16%                        ] nsys-pa-30y-1p.nsys-rep[1/8] [=17%                        ] nsys-pa-30y-1p.nsys-rep[1/8] [==18%                       ] nsys-pa-30y-1p.nsys-rep[1/8] [==19%                       ] nsys-pa-30y-1p.nsys-rep[1/8] [==20%                       ] nsys-pa-30y-1p.nsys-rep[1/8] [==21%                       ] nsys-pa-30y-1p.nsys-rep[1/8] [===22%                      ] nsys-pa-30y-1p.nsys-rep[1/8] [===23%                      ] nsys-pa-30y-1p.nsys-rep[1/8] [===24%                      ] nsys-pa-30y-1p.nsys-rep[1/8] [====25%                     ] nsys-pa-30y-1p.nsys-rep[1/8] [====26%                     ] nsys-pa-30y-1p.nsys-rep[1/8] [====27%                     ] nsys-pa-30y-1p.nsys-rep[1/8] [====28%                     ] nsys-pa-30y-1p.nsys-rep[1/8] [=====29%                    ] nsys-pa-30y-1p.nsys-rep[1/8] [=====30%                    ] nsys-pa-30y-1p.nsys-rep[1/8] [=====31%                    ] nsys-pa-30y-1p.nsys-rep[1/8] [=====32%                    ] nsys-pa-30y-1p.nsys-rep[1/8] [======33%                   ] nsys-pa-30y-1p.nsys-rep[1/8] [======34%                   ] nsys-pa-30y-1p.nsys-rep[1/8] [======35%                   ] nsys-pa-30y-1p.nsys-rep[1/8] [=======36%                  ] nsys-pa-30y-1p.nsys-rep[1/8] [=======37%                  ] nsys-pa-30y-1p.nsys-rep[1/8] [=======38%                  ] nsys-pa-30y-1p.nsys-rep[1/8] [=======39%                  ] nsys-pa-30y-1p.nsys-rep[1/8] [========40%                 ] nsys-pa-30y-1p.nsys-rep[1/8] [========41%                 ] nsys-pa-30y-1p.nsys-rep[1/8] [========42%                 ] nsys-pa-30y-1p.nsys-rep[1/8] [=========43%                ] nsys-pa-30y-1p.nsys-rep[1/8] [=========44%                ] nsys-pa-30y-1p.nsys-rep[1/8] [=========45%                ] nsys-pa-30y-1p.nsys-rep[1/8] [=========46%                ] nsys-pa-30y-1p.nsys-rep[1/8] [==========47%               ] nsys-pa-30y-1p.nsys-rep[1/8] [==========48%               ] nsys-pa-30y-1p.nsys-rep[1/8] [==========49%               ] nsys-pa-30y-1p.nsys-rep[1/8] [===========50%              ] nsys-pa-30y-1p.nsys-rep[1/8] [===========51%              ] nsys-pa-30y-1p.nsys-rep[1/8] [===========52%              ] nsys-pa-30y-1p.nsys-rep[1/8] [===========53%              ] nsys-pa-30y-1p.nsys-rep[1/8] [============54%             ] nsys-pa-30y-1p.nsys-rep[1/8] [============55%             ] nsys-pa-30y-1p.nsys-rep[1/8] [============56%             ] nsys-pa-30y-1p.nsys-rep[1/8] [============57%             ] nsys-pa-30y-1p.nsys-rep[1/8] [=============58%            ] nsys-pa-30y-1p.nsys-rep[1/8] [=============59%            ] nsys-pa-30y-1p.nsys-rep[1/8] [=============60%            ] nsys-pa-30y-1p.nsys-rep[1/8] [==============61%           ] nsys-pa-30y-1p.nsys-rep[1/8] [==============62%           ] nsys-pa-30y-1p.nsys-rep[1/8] [==============63%           ] nsys-pa-30y-1p.nsys-rep[1/8] [==============64%           ] nsys-pa-30y-1p.nsys-rep[1/8] [===============65%          ] nsys-pa-30y-1p.nsys-rep[1/8] [===============66%          ] nsys-pa-30y-1p.nsys-rep[1/8] [===============67%          ] nsys-pa-30y-1p.nsys-rep[1/8] [================68%         ] nsys-pa-30y-1p.nsys-rep[1/8] [================69%         ] nsys-pa-30y-1p.nsys-rep[1/8] [================70%         ] nsys-pa-30y-1p.nsys-rep[1/8] [================71%         ] nsys-pa-30y-1p.nsys-rep[1/8] [=================72%        ] nsys-pa-30y-1p.nsys-rep[1/8] [=================73%        ] nsys-pa-30y-1p.nsys-rep[1/8] [=================74%        ] nsys-pa-30y-1p.nsys-rep[1/8] [==================75%       ] nsys-pa-30y-1p.nsys-rep[1/8] [==================76%       ] nsys-pa-30y-1p.nsys-rep[1/8] [==================77%       ] nsys-pa-30y-1p.nsys-rep[1/8] [==================78%       ] nsys-pa-30y-1p.nsys-rep[1/8] [===================79%      ] nsys-pa-30y-1p.nsys-rep[1/8] [===================80%      ] nsys-pa-30y-1p.nsys-rep[1/8] [===================81%      ] nsys-pa-30y-1p.nsys-rep[1/8] [========================100%] nsys-pa-30y-1p.nsys-rep[1/8] [========================100%] nsys-pa-30y-1p.nsys-rep
[2/8] [0%                          ] nsys-pa-30y-1p.sqlite[2/8] [1%                          ] nsys-pa-30y-1p.sqlite[2/8] [2%                          ] nsys-pa-30y-1p.sqlite[2/8] [3%                          ] nsys-pa-30y-1p.sqlite[2/8] [4%                          ] nsys-pa-30y-1p.sqlite[2/8] [5%                          ] nsys-pa-30y-1p.sqlite[2/8] [6%                          ] nsys-pa-30y-1p.sqlite[2/8] [7%                          ] nsys-pa-30y-1p.sqlite[2/8] [8%                          ] nsys-pa-30y-1p.sqlite[2/8] [9%                          ] nsys-pa-30y-1p.sqlite[2/8] [10%                         ] nsys-pa-30y-1p.sqlite[2/8] [11%                         ] nsys-pa-30y-1p.sqlite[2/8] [12%                         ] nsys-pa-30y-1p.sqlite[2/8] [13%                         ] nsys-pa-30y-1p.sqlite[2/8] [14%                         ] nsys-pa-30y-1p.sqlite[2/8] [=15%                        ] nsys-pa-30y-1p.sqlite[2/8] [=16%                        ] nsys-pa-30y-1p.sqlite[2/8] [=17%                        ] nsys-pa-30y-1p.sqlite[2/8] [==18%                       ] nsys-pa-30y-1p.sqlite[2/8] [==19%                       ] nsys-pa-30y-1p.sqlite[2/8] [==20%                       ] nsys-pa-30y-1p.sqlite[2/8] [==21%                       ] nsys-pa-30y-1p.sqlite[2/8] [===22%                      ] nsys-pa-30y-1p.sqlite[2/8] [===23%                      ] nsys-pa-30y-1p.sqlite[2/8] [===24%                      ] nsys-pa-30y-1p.sqlite[2/8] [====25%                     ] nsys-pa-30y-1p.sqlite[2/8] [====26%                     ] nsys-pa-30y-1p.sqlite[2/8] [====27%                     ] nsys-pa-30y-1p.sqlite[2/8] [====28%                     ] nsys-pa-30y-1p.sqlite[2/8] [=====29%                    ] nsys-pa-30y-1p.sqlite[2/8] [=====30%                    ] nsys-pa-30y-1p.sqlite[2/8] [=====31%                    ] nsys-pa-30y-1p.sqlite[2/8] [=====32%                    ] nsys-pa-30y-1p.sqlite[2/8] [======33%                   ] nsys-pa-30y-1p.sqlite[2/8] [======34%                   ] nsys-pa-30y-1p.sqlite[2/8] [======35%                   ] nsys-pa-30y-1p.sqlite[2/8] [=======36%                  ] nsys-pa-30y-1p.sqlite[2/8] [=======37%                  ] nsys-pa-30y-1p.sqlite[2/8] [=======38%                  ] nsys-pa-30y-1p.sqlite[2/8] [=======39%                  ] nsys-pa-30y-1p.sqlite[2/8] [========40%                 ] nsys-pa-30y-1p.sqlite[2/8] [========41%                 ] nsys-pa-30y-1p.sqlite[2/8] [========42%                 ] nsys-pa-30y-1p.sqlite[2/8] [=========43%                ] nsys-pa-30y-1p.sqlite[2/8] [=========44%                ] nsys-pa-30y-1p.sqlite[2/8] [=========45%                ] nsys-pa-30y-1p.sqlite[2/8] [=========46%                ] nsys-pa-30y-1p.sqlite[2/8] [==========47%               ] nsys-pa-30y-1p.sqlite[2/8] [==========48%               ] nsys-pa-30y-1p.sqlite[2/8] [==========49%               ] nsys-pa-30y-1p.sqlite[2/8] [===========50%              ] nsys-pa-30y-1p.sqlite[2/8] [===========51%              ] nsys-pa-30y-1p.sqlite[2/8] [===========52%              ] nsys-pa-30y-1p.sqlite[2/8] [===========53%              ] nsys-pa-30y-1p.sqlite[2/8] [============54%             ] nsys-pa-30y-1p.sqlite[2/8] [============55%             ] nsys-pa-30y-1p.sqlite[2/8] [============56%             ] nsys-pa-30y-1p.sqlite[2/8] [============57%             ] nsys-pa-30y-1p.sqlite[2/8] [=============58%            ] nsys-pa-30y-1p.sqlite[2/8] [=============59%            ] nsys-pa-30y-1p.sqlite[2/8] [=============60%            ] nsys-pa-30y-1p.sqlite[2/8] [==============61%           ] nsys-pa-30y-1p.sqlite[2/8] [==============62%           ] nsys-pa-30y-1p.sqlite[2/8] [==============63%           ] nsys-pa-30y-1p.sqlite[2/8] [==============64%           ] nsys-pa-30y-1p.sqlite[2/8] [===============65%          ] nsys-pa-30y-1p.sqlite[2/8] [===============66%          ] nsys-pa-30y-1p.sqlite[2/8] [===============67%          ] nsys-pa-30y-1p.sqlite[2/8] [================68%         ] nsys-pa-30y-1p.sqlite[2/8] [================69%         ] nsys-pa-30y-1p.sqlite[2/8] [================70%         ] nsys-pa-30y-1p.sqlite[2/8] [================71%         ] nsys-pa-30y-1p.sqlite[2/8] [=================72%        ] nsys-pa-30y-1p.sqlite[2/8] [=================73%        ] nsys-pa-30y-1p.sqlite[2/8] [=================74%        ] nsys-pa-30y-1p.sqlite[2/8] [==================75%       ] nsys-pa-30y-1p.sqlite[2/8] [==================76%       ] nsys-pa-30y-1p.sqlite[2/8] [==================77%       ] nsys-pa-30y-1p.sqlite[2/8] [==================78%       ] nsys-pa-30y-1p.sqlite[2/8] [===================79%      ] nsys-pa-30y-1p.sqlite[2/8] [===================80%      ] nsys-pa-30y-1p.sqlite[2/8] [===================81%      ] nsys-pa-30y-1p.sqlite[2/8] [===================82%      ] nsys-pa-30y-1p.sqlite[2/8] [====================83%     ] nsys-pa-30y-1p.sqlite[2/8] [====================84%     ] nsys-pa-30y-1p.sqlite[2/8] [====================85%     ] nsys-pa-30y-1p.sqlite[2/8] [=====================86%    ] nsys-pa-30y-1p.sqlite[2/8] [=====================87%    ] nsys-pa-30y-1p.sqlite[2/8] [=====================88%    ] nsys-pa-30y-1p.sqlite[2/8] [=====================89%    ] nsys-pa-30y-1p.sqlite[2/8] [======================90%   ] nsys-pa-30y-1p.sqlite[2/8] [======================91%   ] nsys-pa-30y-1p.sqlite[2/8] [======================92%   ] nsys-pa-30y-1p.sqlite[2/8] [=======================93%  ] nsys-pa-30y-1p.sqlite[2/8] [=======================94%  ] nsys-pa-30y-1p.sqlite[2/8] [=======================95%  ] nsys-pa-30y-1p.sqlite[2/8] [=======================96%  ] nsys-pa-30y-1p.sqlite[2/8] [========================97% ] nsys-pa-30y-1p.sqlite[2/8] [========================98% ] nsys-pa-30y-1p.sqlite[2/8] [========================99% ] nsys-pa-30y-1p.sqlite[2/8] [========================100%] nsys-pa-30y-1p.sqlite[2/8] [========================100%] nsys-pa-30y-1p.sqlite
[3/8] Executing 'nvtx_sum' stats report

 Time (%)  Total Time (ns)  Instances  Avg (ns)  Med (ns)  Min (ns)  Max (ns)   StdDev (ns)   Style             Range          
 --------  ---------------  ---------  --------  --------  --------  ---------  -----------  -------  -------------------------
    100.0      907,728,136    171,055   5,306.6   4,836.0     4,128  1,389,327      5,868.9  PushPop  CCCL:cub::DeviceFor::Bulk

[4/8] Executing 'osrt_sum' stats report

 Time (%)  Total Time (ns)  Num Calls    Avg (ns)      Med (ns)    Min (ns)   Max (ns)    StdDev (ns)            Name         
 --------  ---------------  ---------  ------------  ------------  --------  -----------  ------------  ----------------------
     98.3  286,411,941,264     14,478  19,782,562.6  10,061,672.0     2,617  104,088,323  28,009,939.2  poll                  
      1.5    4,435,408,797     80,244      55,274.0      20,268.5     1,001  174,915,283   1,154,356.7  ioctl                 
      0.1      262,649,749      1,088     241,406.0     209,607.5   145,732    3,272,932     188,434.3  pthread_create        
      0.0       75,933,637         74   1,026,130.2     702,568.5   183,582    3,760,087   1,032,475.8  writev                
      0.0       40,883,475        410      99,715.8      29,017.0    18,770      615,175     123,692.3  pthread_rwlock_wrlock 
      0.0       12,268,413        341      35,977.8       6,502.0     1,003    4,581,974     348,046.5  fflush                
      0.0       11,983,815      5,975       2,005.7       1,658.0     1,016    1,915,400      24,759.0  read                  
      0.0       11,638,402         10   1,163,840.2     247,089.5     1,041    7,334,108   2,295,330.7  fopen64               
      0.0        8,462,984        368      22,997.2      21,875.0     1,039      124,405      11,157.4  pthread_rwlock_rdlock 
      0.0        6,307,112        239      26,389.6      15,472.0     1,648      173,394      35,449.1  mmap                  
      0.0        2,243,088         77      29,131.0      15,544.0     1,014      554,014      71,307.9  write                 
      0.0        1,905,090        304       6,266.7       5,291.0     1,071       25,364       4,372.7  munmap                
      0.0        1,336,930         30      44,564.3       7,312.5     4,382      814,912     147,170.8  mmap64                
      0.0          652,637         14      46,616.9       4,075.0     1,047      244,096      87,490.0  fclose                
      0.0          290,187         11      26,380.6      25,684.0    22,451       33,810       3,434.4  sem_timedwait         
      0.0          198,155         52       3,810.7       2,538.0     1,044        9,706       2,448.8  open64                
      0.0          189,861         92       2,063.7       1,859.0     1,001        5,224         941.0  fwrite                
      0.0          166,143         41       4,052.3       1,738.0     1,212       20,958       4,561.0  fopen                 
      0.0          108,290          1     108,290.0     108,290.0   108,290      108,290           0.0  pthread_cond_wait     
      0.0           41,683          8       5,210.4       2,130.0     1,313       21,855       7,162.5  pthread_mutex_lock    
      0.0           35,090          1      35,090.0      35,090.0    35,090       35,090           0.0  fgets                 
      0.0           21,224          6       3,537.3       3,673.0     1,078        6,252       2,026.3  open                  
      0.0           17,783          3       5,927.7       7,543.0     2,546        7,694       2,929.6  pipe2                 
      0.0           15,525          2       7,762.5       7,762.5     5,138       10,387       3,711.6  socket                
      0.0           13,025          1      13,025.0      13,025.0    13,025       13,025           0.0  connect               
      0.0            6,337          2       3,168.5       3,168.5     1,776        4,561       1,969.3  pthread_cond_broadcast
      0.0            2,720          2       1,360.0       1,360.0     1,172        1,548         265.9  fcntl                 
      0.0            2,471          1       2,471.0       2,471.0     2,471        2,471           0.0  bind                  

[5/8] Executing 'cuda_api_sum' stats report

 Time (%)  Total Time (ns)  Num Calls    Avg (ns)     Med (ns)   Min (ns)    Max (ns)      StdDev (ns)            Name         
 --------  ---------------  ---------  -------------  ---------  --------  -------------  -------------  ----------------------
     46.9   43,832,407,217        240  182,635,030.1  453,692.0       799  1,868,730,994  430,876,793.0  cudaStreamSynchronize 
     19.4   18,091,879,745  2,736,640        6,611.0    4,316.0     2,491     10,408,708       18,352.2  cudaMemcpy            
     15.1   14,143,319,744  2,224,195        6,358.8    5,077.0     3,554    175,661,874      174,256.8  cudaFree              
     13.2   12,322,513,772  2,566,215        4,801.8    3,649.0     1,888     79,556,942      111,598.8  cudaMalloc            
      3.0    2,790,942,092        360    7,752,616.9  468,956.0     9,689    123,507,404   24,243,527.7  cudaMemcpyAsync       
      1.2    1,149,508,386    342,230        3,358.9    2,956.0     2,464      5,892,110       20,746.2  cudaMemset            
      0.7      609,611,725    171,325        3,558.2    2,895.0     2,409     30,306,869       73,722.8  cudaLaunchKernel      
      0.4      415,517,864         30   13,850,595.5   66,186.5    48,850    251,709,908   50,052,120.8  cudaMemGetInfo        
      0.0        6,215,962        120       51,799.7   20,450.5     6,124        816,459       86,006.7  cudaMallocManaged     
      0.0        3,149,964         60       52,499.4   39,667.0     5,074        175,656       46,048.1  cudaDeviceSynchronize 
      0.0        1,197,918         30       39,930.6   34,473.0    26,530        139,692       21,110.6  cudaStreamCreate      
      0.0          828,254         60       13,804.2   14,251.0     7,550         25,337        5,527.3  cudaMemsetAsync       
      0.0          633,886         30       21,129.5   18,980.5    16,778         38,889        5,252.5  cudaStreamDestroy     
      0.0            1,104          1        1,104.0    1,104.0     1,104          1,104            0.0  cuModuleGetLoadingMode

[6/8] Executing 'cuda_gpu_kern_sum' stats report

 Time (%)  Total Time (ns)  Instances     Avg (ns)         Med (ns)       Min (ns)      Max (ns)      StdDev (ns)                                                   Name                                                
 --------  ---------------  ---------  ---------------  ---------------  -----------  -------------  -------------  ----------------------------------------------------------------------------------------------------
     83.0   38,733,007,384         30  1,291,100,246.1  1,223,385,317.5  914,587,691  1,868,707,274  238,677,269.2  kernelCallStage1(int, int, int, ABM *, Graph *, DeviceGraph *, DeviceGraph *, device_map<int, Node>…
      9.7    4,514,094,758         30    150,469,825.3    148,884,475.0  111,681,438    191,848,658   24,987,111.3  kernelCallStage3(int, int, int, ABM *, Graph *, int, device_map<int, Node>::device_view, ABMStageSt…
      5.6    2,614,470,178         30     87,149,005.9     86,965,499.5   60,279,239    123,501,209   12,546,959.6  void cuco::legacy::detail::insert<(unsigned long)128, (unsigned int)4, cuco::pair<int, int> *, cuda…
      1.2      552,706,297         30     18,423,543.2     18,273,576.0   11,777,688     31,859,208    4,839,892.7  kernelCallStage2(int, int, int, ABM *, Graph *, cuco::static_set_ref<int, (cuda::std::__4::thread_s…
      0.4      206,916,369    171,025          1,209.9          1,279.0        1,087          1,760           95.0  void cub::CUB_300002_SM_900::detail::for_each::static_kernel<cub::CUB_300002_SM_900::detail::for_ea…
      0.1       28,530,048         30        951,001.6        936,594.0      863,458      1,077,443       60,115.4  kernelCallStage4(int, int, int, ABM *, Graph *, int, device_map<int, Node>::device_view, ABMStageSt…
      0.0        2,983,337         60         49,722.3         35,072.0        4,544        177,408       47,472.9  kernel_extract_vector_sizes(device_vector *, int *, int)                                            
      0.0        1,677,798         30         55,926.6         51,968.0       27,841         98,368       21,329.8  void cuco::detail::open_addressing_ns::insert_if_n<(int)1, (int)128, int *, thrust::THRUST_300002_S…
      0.0           94,401         30          3,146.7          3,152.0        2,848          3,520          191.7  void cuco::legacy::detail::initialize<(unsigned long)256, cuda::__4::atomic<int, (cuda::std::__4::t…
      0.0           43,585         30          1,452.8          1,488.5        1,248          1,728          111.0  void cub::CUB_300002_SM_900::detail::for_each::static_kernel<cub::CUB_300002_SM_900::detail::for_ea…

[7/8] Executing 'cuda_gpu_mem_time_sum' stats report

 Time (%)  Total Time (ns)    Count    Avg (ns)  Med (ns)  Min (ns)  Max (ns)   StdDev (ns)               Operation              
 --------  ---------------  ---------  --------  --------  --------  ---------  -----------  ------------------------------------
     46.6    1,878,613,929  2,052,750     915.2     768.0       703  4,447,850     16,542.7  [CUDA memcpy Host-to-Device]        
     41.0    1,651,937,075    684,250   2,414.2   2,400.0     1,760     45,216        380.0  [CUDA memcpy Device-to-Host]        
     12.2      490,571,488    342,290   1,433.2   1,472.0       704    167,936      2,082.9  [CUDA memset]                       
      0.1        4,600,664      1,499   3,069.2   2,624.0     2,207     12,831      1,126.0  [CUDA memcpy Unified Host-to-Device]
      0.1        2,014,009        598   3,367.9   2,831.5     2,367     16,192      1,265.2  [CUDA memcpy Unified Device-to-Host]

[8/8] Executing 'cuda_gpu_mem_size_sum' stats report

 Total (MB)    Count    Avg (MB)  Med (MB)  Min (MB)  Max (MB)  StdDev (MB)               Operation              
 ----------  ---------  --------  --------  --------  --------  -----------  ------------------------------------
 61,577.448    342,290     0.180     0.072     0.000   537.894        6.729  [CUDA memset]                       
  3,010.112  2,052,750     0.001     0.000     0.000    53.002        0.191  [CUDA memcpy Host-to-Device]        
     51.569    684,250     0.000     0.000     0.000     0.210        0.002  [CUDA memcpy Device-to-Host]        
     48.103      1,499     0.032     0.008     0.004     0.520        0.058  [CUDA memcpy Unified Host-to-Device]
     27.525        598     0.046     0.020     0.004     0.324        0.061  [CUDA memcpy Unified Device-to-Host]

Generated:
    /home/jmukher/workspace/uiuc/citation_abm/profile/nsys-pa-30y-1p.nsys-rep
    /home/jmukher/workspace/uiuc/citation_abm/profile/nsys-pa-30y-1p.sqlite
SUCCESS: 229M → profile/nsys-pa-30y-1p.nsys-rep
Running growth rate 3% for 30 years.
Profile output: profile/nsys-pa-30y-3p.nsys-rep
CMD: nsys profile --trace=nvtx,cuda,osrt --gpu-metrics-device=all --gpu-metrics-frequency=10000 --stats=true --force-overwrite=true -o profile/nsys-pa-30y-3p ./abm --edgelist sj_edgelist --nodelist sj_nodelist --out-degree-bag tcen_at_least_five --recency-probabilities sj_recprob --alpha 0.5 --preferential-weight 0.33 --recency-weight 0.33 --fitness-weight 0.33 --growth-rate .03 --fully-random-citations 0.05 --num-cycles 30 --same-year-proportion 0.12 --output-file ./output/30y/gpu-opt-static-output-30y-3p.edgelist --auxiliary-information-file ./output/30y/gpu-opt-static-output-30y-3p.aux --log-file ./output/30y/nsys-gpu-opt-static-pa-30y-3p.log --num-processors 14 --log-level 1

Start ABM....
parse_args....
edgelist....
num-cycles....
output-file....
log-file = ./output/30y/nsys-gpu-opt-static-pa-30y-3p.log....
num-processors = 14....
log-level = 0
er_probability = 0.000000
model = pa
Init ABM....
Exec ABM....
Start execute.Init Graph
Inside  Graph ParseNodelist.....
Populating the continuous_node mappings..
Elapsed time: ParseNodelist : 1100 millisecs = 1 seconds

Inside Graph ParseEdgelist.....
Elapsed time: ParseEdgelist : 1690 millisecs = 1 seconds

In updateNodeInDegreeOutDegree: Update Outdegree first:
In updateNodeInDegreeOutDegree: Update Indegree:
Total (initial):: In-Degree = 899050, Out-Degree = 899050
Elapsed time: 0-1 : 1 seconds
Elapsed time: 1-2 : 1 seconds
Elapsed time: 2-3 : 0 seconds

Initialized Graph. Let us update the indegree and out-degrees... 
Graph init done...
calling InitializeFitness...
final graph size is 1193102 from initial_graph_size of 491532.
 populated out degree array.
 Entering loop for year = 1983
Elapsed time: 70-71: total : 0.279 secs, iter cost : 0 seconds

Elapsed time: 71-72: total : 0.317 secs, iter cost : 0 seconds

Elapsed time: 72-73: total : 19 millisecs, iter cost : 19 mseconds

num_new_nodes = 14746, current_graph_size = 491532, growth rate = 0.030000 
Elapsed time: 73-74: total : 0 millisecs, iter cost : 0 mseconds

Elapsed time: 74-75: total : 14 millisecs, iter cost : 14 mseconds

all new nodes initialized with years and mapped. FillSameYearSourceNodes with new_nodes_vec.size() = 14746
checking same_year_source_nodes size.
Elapsed time: 75-76: total : 0 millisecs, iter cost : 0 mseconds

new_nodes_vec.size() b4 : 14746

updated  updateGraphAttributesGeneratorNode .... 
Elapsed time: 76-77: total : 37 millisecs, iter cost : 37 mseconds

continuous_node_mapping.size() b5 : 506278, reverse_continuous_node_mapping size = 506278

[PA Model] Building connections using Preferential Attachment

Inside optimized buildOneNodeConnections...
Initial Free: 80526.5 MB / 81079.4 MB

[prepareGraph] num_vertices = 491532

[prepareGraph] edges = 899050, offsets = 491533 (should be V+1 = 491533)

[prepareGraph] num_vertices = 491532

[prepareGraph] edges = 899050, offsets = 491533 (should be V+1 = 491533)

Year 1983: 14746 new nodes, 287592 new edges

Elapsed time: 78-781 : total : 5.714 secs, this iter cost : 5.714 seconds

Elapsed time: 78-79 : total : 5.854 secs, this iter cost : 5.854 seconds

updateNodeInDegreeOutDegree(year=1983): updated 14746 out-degrees, 180527 in-degrees
Elapsed time: 79-81 : total : 0.184 secs, this iter cost : 0 seconds

Elapsed time: 79-80 : total : 0.109 secs, this iter cost : 0 seconds

Elapsed time: 80-81 : total : 0.074 secs, this iter cost : 0 seconds

Elapsed time: 70-81 : total : 6.707 secs, this iter cost : 6 seconds

 Entering loop for year = 1984
Elapsed time: 70-71: total : 0.565 secs, iter cost : 0 seconds

Elapsed time: 71-72: total : 0.648 secs, iter cost : 0 seconds

Elapsed time: 72-73: total : 42 millisecs, iter cost : 23 mseconds

num_new_nodes = 15189, current_graph_size = 506278, growth rate = 0.030000 
Elapsed time: 73-74: total : 0 millisecs, iter cost : 0 mseconds

Elapsed time: 74-75: total : 24 millisecs, iter cost : 10 mseconds

all new nodes initialized with years and mapped. FillSameYearSourceNodes with new_nodes_vec.size() = 15189
checking same_year_source_nodes size.
Elapsed time: 75-76: total : 0 millisecs, iter cost : 0 mseconds

new_nodes_vec.size() b4 : 15189

updated  updateGraphAttributesGeneratorNode .... 
Elapsed time: 76-77: total : 76 millisecs, iter cost : 39 mseconds

continuous_node_mapping.size() b5 : 521467, reverse_continuous_node_mapping size = 521467

[PA Model] Building connections using Preferential Attachment

Inside optimized buildOneNodeConnections...
Initial Free: 80310.5 MB / 81079.4 MB

[prepareGraph] num_vertices = 506278

[prepareGraph] edges = 1186642, offsets = 506279 (should be V+1 = 506279)

[prepareGraph] num_vertices = 506278

[prepareGraph] edges = 1186642, offsets = 506279 (should be V+1 = 506279)

Year 1984: 15189 new nodes, 296363 new edges

Elapsed time: 78-781 : total : 11.538 secs, this iter cost : 5.824 seconds

Elapsed time: 78-79 : total : 11.816 secs, this iter cost : 5.962 seconds

updateNodeInDegreeOutDegree(year=1984): updated 15189 out-degrees, 182765 in-degrees
Elapsed time: 79-81 : total : 0.365 secs, this iter cost : 0 seconds

Elapsed time: 79-80 : total : 0.21 secs, this iter cost : 0 seconds

Elapsed time: 80-81 : total : 0.153 secs, this iter cost : 0 seconds

Elapsed time: 70-81 : total : 13.541 secs, this iter cost : 6 seconds

 Entering loop for year = 1985
Elapsed time: 70-71: total : 0.86 secs, iter cost : 0 seconds

Elapsed time: 71-72: total : 0.982 secs, iter cost : 0 seconds

Elapsed time: 72-73: total : 54 millisecs, iter cost : 12 mseconds

num_new_nodes = 15645, current_graph_size = 521467, growth rate = 0.030000 
Elapsed time: 73-74: total : 0 millisecs, iter cost : 0 mseconds

Elapsed time: 74-75: total : 35 millisecs, iter cost : 11 mseconds

all new nodes initialized with years and mapped. FillSameYearSourceNodes with new_nodes_vec.size() = 15645
checking same_year_source_nodes size.
Elapsed time: 75-76: total : 0 millisecs, iter cost : 0 mseconds

new_nodes_vec.size() b4 : 15645

updated  updateGraphAttributesGeneratorNode .... 
Elapsed time: 76-77: total : 115 millisecs, iter cost : 39 mseconds

continuous_node_mapping.size() b5 : 537112, reverse_continuous_node_mapping size = 537112

[PA Model] Building connections using Preferential Attachment

Inside optimized buildOneNodeConnections...
Initial Free: 80290.5 MB / 81079.4 MB

[prepareGraph] num_vertices = 521467

[prepareGraph] edges = 1483005, offsets = 521468 (should be V+1 = 521468)

[prepareGraph] num_vertices = 521467

[prepareGraph] edges = 1483005, offsets = 521468 (should be V+1 = 521468)

Year 1985: 15645 new nodes, 305795 new edges

Elapsed time: 78-781 : total : 18.298 secs, this iter cost : 6.76 seconds

Elapsed time: 78-79 : total : 18.753 secs, this iter cost : 6.937 seconds

updateNodeInDegreeOutDegree(year=1985): updated 15645 out-degrees, 183228 in-degrees
Elapsed time: 79-81 : total : 0.55 secs, this iter cost : 0 seconds

Elapsed time: 79-80 : total : 0.313 secs, this iter cost : 0 seconds

Elapsed time: 80-81 : total : 0.234 secs, this iter cost : 0 seconds

Elapsed time: 70-81 : total : 21.358 secs, this iter cost : 7 seconds

 Entering loop for year = 1986
Elapsed time: 70-71: total : 1.152 secs, iter cost : 0 seconds

Elapsed time: 71-72: total : 1.318 secs, iter cost : 0 seconds

Elapsed time: 72-73: total : 72 millisecs, iter cost : 18 mseconds

num_new_nodes = 16114, current_graph_size = 537112, growth rate = 0.030000 
Elapsed time: 73-74: total : 0 millisecs, iter cost : 0 mseconds

Elapsed time: 74-75: total : 45 millisecs, iter cost : 10 mseconds

all new nodes initialized with years and mapped. FillSameYearSourceNodes with new_nodes_vec.size() = 16114
checking same_year_source_nodes size.
Elapsed time: 75-76: total : 0 millisecs, iter cost : 0 mseconds

new_nodes_vec.size() b4 : 16114

updated  updateGraphAttributesGeneratorNode .... 
Elapsed time: 76-77: total : 154 millisecs, iter cost : 39 mseconds

continuous_node_mapping.size() b5 : 553226, reverse_continuous_node_mapping size = 553226

[PA Model] Building connections using Preferential Attachment

Inside optimized buildOneNodeConnections...
Initial Free: 80270.5 MB / 81079.4 MB

[prepareGraph] num_vertices = 537112

[prepareGraph] edges = 1788800, offsets = 537113 (should be V+1 = 537113)

[prepareGraph] num_vertices = 537112

[prepareGraph] edges = 1788800, offsets = 537113 (should be V+1 = 537113)

Year 1986: 16114 new nodes, 314001 new edges

Elapsed time: 78-781 : total : 24.925 secs, this iter cost : 6.627 seconds

Elapsed time: 78-79 : total : 25.535 secs, this iter cost : 6.782 seconds

updateNodeInDegreeOutDegree(year=1986): updated 16114 out-degrees, 183581 in-degrees
Elapsed time: 79-81 : total : 0.734 secs, this iter cost : 0 seconds

Elapsed time: 79-80 : total : 0.417 secs, this iter cost : 0 seconds

Elapsed time: 80-81 : total : 0.314 secs, this iter cost : 0 seconds

Elapsed time: 70-81 : total : 29.024 secs, this iter cost : 7 seconds

 Entering loop for year = 1987
Elapsed time: 70-71: total : 1.448 secs, iter cost : 0 seconds

Elapsed time: 71-72: total : 1.66 secs, iter cost : 0 seconds

Elapsed time: 72-73: total : 86 millisecs, iter cost : 14 mseconds

num_new_nodes = 16597, current_graph_size = 553226, growth rate = 0.030000 
Elapsed time: 73-74: total : 0 millisecs, iter cost : 0 mseconds

Elapsed time: 74-75: total : 54 millisecs, iter cost : 9 mseconds

all new nodes initialized with years and mapped. FillSameYearSourceNodes with new_nodes_vec.size() = 16597
checking same_year_source_nodes size.
Elapsed time: 75-76: total : 0 millisecs, iter cost : 0 mseconds

new_nodes_vec.size() b4 : 16597

updated  updateGraphAttributesGeneratorNode .... 
Elapsed time: 76-77: total : 194 millisecs, iter cost : 40 mseconds

continuous_node_mapping.size() b5 : 569823, reverse_continuous_node_mapping size = 569823

[PA Model] Building connections using Preferential Attachment

Inside optimized buildOneNodeConnections...
Initial Free: 80248.5 MB / 81079.4 MB

[prepareGraph] num_vertices = 553226

[prepareGraph] edges = 2102801, offsets = 553227 (should be V+1 = 553227)

[prepareGraph] num_vertices = 553226

[prepareGraph] edges = 2102801, offsets = 553227 (should be V+1 = 553227)

Year 1987: 16597 new nodes, 324038 new edges

Elapsed time: 78-781 : total : 31.816 secs, this iter cost : 6.891 seconds

Elapsed time: 78-79 : total : 32.602 secs, this iter cost : 7.067 seconds

updateNodeInDegreeOutDegree(year=1987): updated 16597 out-degrees, 184930 in-degrees
Elapsed time: 79-81 : total : 0.922 secs, this iter cost : 0 seconds

Elapsed time: 79-80 : total : 0.523 secs, this iter cost : 0 seconds

Elapsed time: 80-81 : total : 0.396 secs, this iter cost : 0 seconds

Elapsed time: 70-81 : total : 36.983 secs, this iter cost : 7 seconds

 Entering loop for year = 1988
Elapsed time: 70-71: total : 1.746 secs, iter cost : 0 seconds

Elapsed time: 71-72: total : 2.016 secs, iter cost : 0 seconds

Elapsed time: 72-73: total : 109 millisecs, iter cost : 23 mseconds

num_new_nodes = 17095, current_graph_size = 569823, growth rate = 0.030000 
Elapsed time: 73-74: total : 0 millisecs, iter cost : 0 mseconds

Elapsed time: 74-75: total : 63 millisecs, iter cost : 9 mseconds

all new nodes initialized with years and mapped. FillSameYearSourceNodes with new_nodes_vec.size() = 17095
checking same_year_source_nodes size.
Elapsed time: 75-76: total : 0 millisecs, iter cost : 0 mseconds

new_nodes_vec.size() b4 : 17095

updated  updateGraphAttributesGeneratorNode .... 
Elapsed time: 76-77: total : 236 millisecs, iter cost : 42 mseconds

continuous_node_mapping.size() b5 : 586918, reverse_continuous_node_mapping size = 586918

[PA Model] Building connections using Preferential Attachment

Inside optimized buildOneNodeConnections...
Initial Free: 80226.5 MB / 81079.4 MB

[prepareGraph] num_vertices = 569823

[prepareGraph] edges = 2426839, offsets = 569824 (should be V+1 = 569824)

[prepareGraph] num_vertices = 569823

[prepareGraph] edges = 2426839, offsets = 569824 (should be V+1 = 569824)

Year 1988: 17095 new nodes, 334012 new edges

Elapsed time: 78-781 : total : 39.017 secs, this iter cost : 7.201 seconds

Elapsed time: 78-79 : total : 39.99 secs, this iter cost : 7.388 seconds

updateNodeInDegreeOutDegree(year=1988): updated 17095 out-degrees, 186528 in-degrees
Elapsed time: 79-81 : total : 1.117 secs, this iter cost : 0 seconds

Elapsed time: 79-80 : total : 0.631 secs, this iter cost : 0 seconds

Elapsed time: 80-81 : total : 0.482 secs, this iter cost : 0 seconds

Elapsed time: 70-81 : total : 45.297 secs, this iter cost : 8 seconds

 Entering loop for year = 1989
Elapsed time: 70-71: total : 2.051 secs, iter cost : 0 seconds

Elapsed time: 71-72: total : 2.364 secs, iter cost : 0 seconds

Elapsed time: 72-73: total : 128 millisecs, iter cost : 19 mseconds

num_new_nodes = 17608, current_graph_size = 586918, growth rate = 0.030000 
Elapsed time: 73-74: total : 0 millisecs, iter cost : 0 mseconds

Elapsed time: 74-75: total : 73 millisecs, iter cost : 10 mseconds

all new nodes initialized with years and mapped. FillSameYearSourceNodes with new_nodes_vec.size() = 17608
checking same_year_source_nodes size.
Elapsed time: 75-76: total : 0 millisecs, iter cost : 0 mseconds

new_nodes_vec.size() b4 : 17608

updated  updateGraphAttributesGeneratorNode .... 
Elapsed time: 76-77: total : 280 millisecs, iter cost : 44 mseconds

continuous_node_mapping.size() b5 : 604526, reverse_continuous_node_mapping size = 604526

[PA Model] Building connections using Preferential Attachment

Inside optimized buildOneNodeConnections...
Initial Free: 80204.5 MB / 81079.4 MB

[prepareGraph] num_vertices = 586918

[prepareGraph] edges = 2760851, offsets = 586919 (should be V+1 = 586919)

[prepareGraph] num_vertices = 586918

[prepareGraph] edges = 2760851, offsets = 586919 (should be V+1 = 586919)

Year 1989: 17608 new nodes, 344227 new edges

Elapsed time: 78-781 : total : 47.024 secs, this iter cost : 8.007 seconds

Elapsed time: 78-79 : total : 48.182 secs, this iter cost : 8.192 seconds

updateNodeInDegreeOutDegree(year=1989): updated 17608 out-degrees, 189897 in-degrees
Elapsed time: 79-81 : total : 1.313 secs, this iter cost : 0 seconds

Elapsed time: 79-80 : total : 0.74 secs, this iter cost : 0 seconds

Elapsed time: 80-81 : total : 0.569 secs, this iter cost : 0 seconds

Elapsed time: 70-81 : total : 54.414 secs, this iter cost : 9 seconds

 Entering loop for year = 1990
Elapsed time: 70-71: total : 2.364 secs, iter cost : 0 seconds

Elapsed time: 71-72: total : 2.722 secs, iter cost : 0 seconds

Elapsed time: 72-73: total : 152 millisecs, iter cost : 24 mseconds

num_new_nodes = 18136, current_graph_size = 604526, growth rate = 0.030000 
Elapsed time: 73-74: total : 0 millisecs, iter cost : 0 mseconds

Elapsed time: 74-75: total : 81 millisecs, iter cost : 8 mseconds

all new nodes initialized with years and mapped. FillSameYearSourceNodes with new_nodes_vec.size() = 18136
checking same_year_source_nodes size.
Elapsed time: 75-76: total : 0 millisecs, iter cost : 0 mseconds

new_nodes_vec.size() b4 : 18136

updated  updateGraphAttributesGeneratorNode .... 
Elapsed time: 76-77: total : 323 millisecs, iter cost : 43 mseconds

continuous_node_mapping.size() b5 : 622662, reverse_continuous_node_mapping size = 622662

[PA Model] Building connections using Preferential Attachment

Inside optimized buildOneNodeConnections...
Initial Free: 80182.5 MB / 81079.4 MB

[prepareGraph] num_vertices = 604526

[prepareGraph] edges = 3105078, offsets = 604527 (should be V+1 = 604527)

[prepareGraph] num_vertices = 604526

[prepareGraph] edges = 3105078, offsets = 604527 (should be V+1 = 604527)

Year 1990: 18136 new nodes, 353773 new edges

Elapsed time: 78-781 : total : 55.235 secs, this iter cost : 8.211 seconds

Elapsed time: 78-79 : total : 56.589 secs, this iter cost : 8.407 seconds

updateNodeInDegreeOutDegree(year=1990): updated 18136 out-degrees, 192043 in-degrees
Elapsed time: 79-81 : total : 1.515 secs, this iter cost : 0 seconds

Elapsed time: 79-80 : total : 0.851 secs, this iter cost : 0 seconds

Elapsed time: 80-81 : total : 0.66 secs, this iter cost : 0 seconds

Elapsed time: 70-81 : total : 63.772 secs, this iter cost : 9 seconds

 Entering loop for year = 1991
Elapsed time: 70-71: total : 2.683 secs, iter cost : 0 seconds

Elapsed time: 71-72: total : 3.076 secs, iter cost : 0 seconds

Elapsed time: 72-73: total : 152 millisecs, iter cost : 0 mseconds

num_new_nodes = 18680, current_graph_size = 622662, growth rate = 0.030000 
Elapsed time: 73-74: total : 0 millisecs, iter cost : 0 mseconds

Elapsed time: 74-75: total : 89 millisecs, iter cost : 8 mseconds

all new nodes initialized with years and mapped. FillSameYearSourceNodes with new_nodes_vec.size() = 18680
checking same_year_source_nodes size.
Elapsed time: 75-76: total : 0 millisecs, iter cost : 0 mseconds

new_nodes_vec.size() b4 : 18680

updated  updateGraphAttributesGeneratorNode .... 
Elapsed time: 76-77: total : 368 millisecs, iter cost : 45 mseconds

continuous_node_mapping.size() b5 : 641342, reverse_continuous_node_mapping size = 641342

[PA Model] Building connections using Preferential Attachment

Inside optimized buildOneNodeConnections...
Initial Free: 80158.5 MB / 81079.4 MB

[prepareGraph] num_vertices = 622662

[prepareGraph] edges = 3458851, offsets = 622663 (should be V+1 = 622663)

[prepareGraph] num_vertices = 622662

[prepareGraph] edges = 3458851, offsets = 622663 (should be V+1 = 622663)

Year 1991: 18680 new nodes, 363995 new edges

Elapsed time: 78-781 : total : 63.629 secs, this iter cost : 8.394 seconds

Elapsed time: 78-79 : total : 65.2 secs, this iter cost : 8.611 seconds

updateNodeInDegreeOutDegree(year=1991): updated 18680 out-degrees, 194982 in-degrees
Elapsed time: 79-81 : total : 1.719 secs, this iter cost : 0 seconds

Elapsed time: 79-80 : total : 0.963 secs, this iter cost : 0 seconds

Elapsed time: 80-81 : total : 0.752 secs, this iter cost : 0 seconds

Elapsed time: 70-81 : total : 73.316 secs, this iter cost : 9 seconds

 Entering loop for year = 1992
Elapsed time: 70-71: total : 3.005 secs, iter cost : 0 seconds

Elapsed time: 71-72: total : 3.442 secs, iter cost : 0 seconds

Elapsed time: 72-73: total : 171 millisecs, iter cost : 19 mseconds

num_new_nodes = 19241, current_graph_size = 641342, growth rate = 0.030000 
Elapsed time: 73-74: total : 0 millisecs, iter cost : 0 mseconds

Elapsed time: 74-75: total : 98 millisecs, iter cost : 9 mseconds

all new nodes initialized with years and mapped. FillSameYearSourceNodes with new_nodes_vec.size() = 19241
checking same_year_source_nodes size.
Elapsed time: 75-76: total : 0 millisecs, iter cost : 0 mseconds

new_nodes_vec.size() b4 : 19241

updated  updateGraphAttributesGeneratorNode .... 
Elapsed time: 76-77: total : 415 millisecs, iter cost : 47 mseconds

continuous_node_mapping.size() b5 : 660583, reverse_continuous_node_mapping size = 660583

[PA Model] Building connections using Preferential Attachment

Inside optimized buildOneNodeConnections...
Initial Free: 79802.5 MB / 81079.4 MB

[prepareGraph] num_vertices = 641342

[prepareGraph] edges = 3822846, offsets = 641343 (should be V+1 = 641343)

[prepareGraph] num_vertices = 641342

[prepareGraph] edges = 3822846, offsets = 641343 (should be V+1 = 641343)

Year 1992: 19241 new nodes, 375656 new edges

Elapsed time: 78-781 : total : 72.356 secs, this iter cost : 8.727 seconds

Elapsed time: 78-79 : total : 74.142 secs, this iter cost : 8.942 seconds

updateNodeInDegreeOutDegree(year=1992): updated 19241 out-degrees, 197350 in-degrees
Elapsed time: 79-81 : total : 1.928 secs, this iter cost : 0 seconds

Elapsed time: 79-80 : total : 1.078 secs, this iter cost : 0 seconds

Elapsed time: 80-81 : total : 0.846 secs, this iter cost : 0 seconds

Elapsed time: 70-81 : total : 83.233 secs, this iter cost : 9 seconds

 Entering loop for year = 1993
Elapsed time: 70-71: total : 3.337 secs, iter cost : 0 seconds

Elapsed time: 71-72: total : 3.831 secs, iter cost : 0 seconds

Elapsed time: 72-73: total : 194 millisecs, iter cost : 23 mseconds

num_new_nodes = 19818, current_graph_size = 660583, growth rate = 0.030000 
Elapsed time: 73-74: total : 0 millisecs, iter cost : 0 mseconds

Elapsed time: 74-75: total : 107 millisecs, iter cost : 9 mseconds

all new nodes initialized with years and mapped. FillSameYearSourceNodes with new_nodes_vec.size() = 19818
checking same_year_source_nodes size.
Elapsed time: 75-76: total : 0 millisecs, iter cost : 0 mseconds

new_nodes_vec.size() b4 : 19818

updated  updateGraphAttributesGeneratorNode .... 
Elapsed time: 76-77: total : 465 millisecs, iter cost : 50 mseconds

continuous_node_mapping.size() b5 : 680401, reverse_continuous_node_mapping size = 680401

[PA Model] Building connections using Preferential Attachment

Inside optimized buildOneNodeConnections...
Initial Free: 79776.5 MB / 81079.4 MB

[prepareGraph] num_vertices = 660583

[prepareGraph] edges = 4198502, offsets = 660584 (should be V+1 = 660584)

[prepareGraph] num_vertices = 660583

[prepareGraph] edges = 4198502, offsets = 660584 (should be V+1 = 660584)

Year 1993: 19818 new nodes, 386776 new edges

Elapsed time: 78-781 : total : 81.794 secs, this iter cost : 9.438 seconds

Elapsed time: 78-79 : total : 83.799 secs, this iter cost : 9.657 seconds

updateNodeInDegreeOutDegree(year=1993): updated 19818 out-degrees, 202597 in-degrees
Elapsed time: 79-81 : total : 2.144 secs, this iter cost : 0 seconds

Elapsed time: 79-80 : total : 1.193 secs, this iter cost : 0 seconds

Elapsed time: 80-81 : total : 0.946 secs, this iter cost : 0 seconds

Elapsed time: 70-81 : total : 93.913 secs, this iter cost : 10 seconds

 Entering loop for year = 1994
Elapsed time: 70-71: total : 3.668 secs, iter cost : 0 seconds

Elapsed time: 71-72: total : 4.219 secs, iter cost : 0 seconds

Elapsed time: 72-73: total : 208 millisecs, iter cost : 14 mseconds

num_new_nodes = 20413, current_graph_size = 680401, growth rate = 0.030000 
Elapsed time: 73-74: total : 0 millisecs, iter cost : 0 mseconds

Elapsed time: 74-75: total : 116 millisecs, iter cost : 9 mseconds

all new nodes initialized with years and mapped. FillSameYearSourceNodes with new_nodes_vec.size() = 20413
checking same_year_source_nodes size.
Elapsed time: 75-76: total : 0 millisecs, iter cost : 0 mseconds

new_nodes_vec.size() b4 : 20413

updated  updateGraphAttributesGeneratorNode .... 
Elapsed time: 76-77: total : 515 millisecs, iter cost : 50 mseconds

continuous_node_mapping.size() b5 : 700814, reverse_continuous_node_mapping size = 700814

[PA Model] Building connections using Preferential Attachment

Inside optimized buildOneNodeConnections...
Initial Free: 79750.5 MB / 81079.4 MB

[prepareGraph] num_vertices = 680401

[prepareGraph] edges = 4585278, offsets = 680402 (should be V+1 = 680402)

[prepareGraph] num_vertices = 680401

[prepareGraph] edges = 4585278, offsets = 680402 (should be V+1 = 680402)

Year 1994: 20413 new nodes, 399070 new edges

Elapsed time: 78-781 : total : 92.92 secs, this iter cost : 11.126 seconds

Elapsed time: 78-79 : total : 95.152 secs, this iter cost : 11.353 seconds

updateNodeInDegreeOutDegree(year=1994): updated 20413 out-degrees, 205959 in-degrees
Elapsed time: 79-81 : total : 2.362 secs, this iter cost : 0 seconds

Elapsed time: 79-80 : total : 1.309 secs, this iter cost : 0 seconds

Elapsed time: 80-81 : total : 1.048 secs, this iter cost : 0 seconds

Elapsed time: 70-81 : total : 106.28 secs, this iter cost : 12 seconds

 Entering loop for year = 1995
Elapsed time: 70-71: total : 4.004 secs, iter cost : 0 seconds

Elapsed time: 71-72: total : 4.6 secs, iter cost : 0 seconds

Elapsed time: 72-73: total : 227 millisecs, iter cost : 19 mseconds

num_new_nodes = 21025, current_graph_size = 700814, growth rate = 0.030000 
Elapsed time: 73-74: total : 0 millisecs, iter cost : 0 mseconds

Elapsed time: 74-75: total : 126 millisecs, iter cost : 10 mseconds

all new nodes initialized with years and mapped. FillSameYearSourceNodes with new_nodes_vec.size() = 21025
checking same_year_source_nodes size.
Elapsed time: 75-76: total : 0 millisecs, iter cost : 0 mseconds

new_nodes_vec.size() b4 : 21025

updated  updateGraphAttributesGeneratorNode .... 
Elapsed time: 76-77: total : 567 millisecs, iter cost : 52 mseconds

continuous_node_mapping.size() b5 : 721839, reverse_continuous_node_mapping size = 721839

[PA Model] Building connections using Preferential Attachment

Inside optimized buildOneNodeConnections...
Initial Free: 79726.5 MB / 81079.4 MB

[prepareGraph] num_vertices = 700814

[prepareGraph] edges = 4984348, offsets = 700815 (should be V+1 = 700815)

[prepareGraph] num_vertices = 700814

[prepareGraph] edges = 4984348, offsets = 700815 (should be V+1 = 700815)

Year 1995: 21025 new nodes, 410858 new edges

Elapsed time: 78-781 : total : 105.835 secs, this iter cost : 12.915 seconds

Elapsed time: 78-79 : total : 108.305 secs, this iter cost : 13.153 seconds

updateNodeInDegreeOutDegree(year=1995): updated 21025 out-degrees, 211316 in-degrees
Elapsed time: 79-81 : total : 2.585 secs, this iter cost : 0 seconds

Elapsed time: 79-80 : total : 1.429 secs, this iter cost : 0 seconds

Elapsed time: 80-81 : total : 1.15 secs, this iter cost : 0 seconds

Elapsed time: 70-81 : total : 120.458 secs, this iter cost : 14 seconds

 Entering loop for year = 1996
Elapsed time: 70-71: total : 4.357 secs, iter cost : 0 seconds

Elapsed time: 71-72: total : 4.99 secs, iter cost : 0 seconds

Elapsed time: 72-73: total : 246 millisecs, iter cost : 19 mseconds

num_new_nodes = 21656, current_graph_size = 721839, growth rate = 0.030000 
Elapsed time: 73-74: total : 0 millisecs, iter cost : 0 mseconds

Elapsed time: 74-75: total : 136 millisecs, iter cost : 10 mseconds

all new nodes initialized with years and mapped. FillSameYearSourceNodes with new_nodes_vec.size() = 21656
checking same_year_source_nodes size.
Elapsed time: 75-76: total : 0 millisecs, iter cost : 0 mseconds

new_nodes_vec.size() b4 : 21656

updated  updateGraphAttributesGeneratorNode .... 
Elapsed time: 76-77: total : 620 millisecs, iter cost : 53 mseconds

continuous_node_mapping.size() b5 : 743495, reverse_continuous_node_mapping size = 743495

[PA Model] Building connections using Preferential Attachment

Inside optimized buildOneNodeConnections...
Initial Free: 79158.5 MB / 81079.4 MB

[prepareGraph] num_vertices = 721839

[prepareGraph] edges = 5395206, offsets = 721840 (should be V+1 = 721840)

[prepareGraph] num_vertices = 721839

[prepareGraph] edges = 5395206, offsets = 721840 (should be V+1 = 721840)

Year 1996: 21656 new nodes, 423609 new edges

Elapsed time: 78-781 : total : 118.842 secs, this iter cost : 13.007 seconds

Elapsed time: 78-79 : total : 121.578 secs, this iter cost : 13.273 seconds

updateNodeInDegreeOutDegree(year=1996): updated 21656 out-degrees, 215505 in-degrees
Elapsed time: 79-81 : total : 2.814 secs, this iter cost : 0 seconds

Elapsed time: 79-80 : total : 1.553 secs, this iter cost : 0 seconds

Elapsed time: 80-81 : total : 1.255 secs, this iter cost : 0 seconds

Elapsed time: 70-81 : total : 134.788 secs, this iter cost : 14 seconds

 Entering loop for year = 1997
Elapsed time: 70-71: total : 4.713 secs, iter cost : 0 seconds

Elapsed time: 71-72: total : 5.386 secs, iter cost : 0 seconds

Elapsed time: 72-73: total : 265 millisecs, iter cost : 19 mseconds

num_new_nodes = 22305, current_graph_size = 743495, growth rate = 0.030000 
Elapsed time: 73-74: total : 0 millisecs, iter cost : 0 mseconds

Elapsed time: 74-75: total : 146 millisecs, iter cost : 10 mseconds

all new nodes initialized with years and mapped. FillSameYearSourceNodes with new_nodes_vec.size() = 22305
checking same_year_source_nodes size.
Elapsed time: 75-76: total : 0 millisecs, iter cost : 0 mseconds

new_nodes_vec.size() b4 : 22305

updated  updateGraphAttributesGeneratorNode .... 
Elapsed time: 76-77: total : 674 millisecs, iter cost : 54 mseconds

continuous_node_mapping.size() b5 : 765800, reverse_continuous_node_mapping size = 765800

[PA Model] Building connections using Preferential Attachment

Inside optimized buildOneNodeConnections...
Initial Free: 79134.5 MB / 81079.4 MB

[prepareGraph] num_vertices = 743495

[prepareGraph] edges = 5818815, offsets = 743496 (should be V+1 = 743496)

[prepareGraph] num_vertices = 743495

[prepareGraph] edges = 5818815, offsets = 743496 (should be V+1 = 743496)

Year 1997: 22305 new nodes, 436608 new edges

Elapsed time: 78-781 : total : 132.784 secs, this iter cost : 13.942 seconds

Elapsed time: 78-79 : total : 135.786 secs, this iter cost : 14.208 seconds

updateNodeInDegreeOutDegree(year=1997): updated 22305 out-degrees, 223125 in-degrees
Elapsed time: 79-81 : total : 3.052 secs, this iter cost : 0 seconds

Elapsed time: 79-80 : total : 1.682 secs, this iter cost : 0 seconds

Elapsed time: 80-81 : total : 1.363 secs, this iter cost : 0 seconds

Elapsed time: 70-81 : total : 150.073 secs, this iter cost : 15 seconds

 Entering loop for year = 1998
Elapsed time: 70-71: total : 5.074 secs, iter cost : 0 seconds

Elapsed time: 71-72: total : 5.801 secs, iter cost : 0 seconds

Elapsed time: 72-73: total : 284 millisecs, iter cost : 19 mseconds

num_new_nodes = 22974, current_graph_size = 765800, growth rate = 0.030000 
Elapsed time: 73-74: total : 0 millisecs, iter cost : 0 mseconds

Elapsed time: 74-75: total : 156 millisecs, iter cost : 10 mseconds

all new nodes initialized with years and mapped. FillSameYearSourceNodes with new_nodes_vec.size() = 22974
checking same_year_source_nodes size.
Elapsed time: 75-76: total : 0 millisecs, iter cost : 0 mseconds

new_nodes_vec.size() b4 : 22974

updated  updateGraphAttributesGeneratorNode .... 
Elapsed time: 76-77: total : 730 millisecs, iter cost : 56 mseconds

continuous_node_mapping.size() b5 : 788774, reverse_continuous_node_mapping size = 788774

[PA Model] Building connections using Preferential Attachment

Inside optimized buildOneNodeConnections...
Initial Free: 79124.5 MB / 81079.4 MB

[prepareGraph] num_vertices = 765800

[prepareGraph] edges = 6255423, offsets = 765801 (should be V+1 = 765801)

[prepareGraph] num_vertices = 765800

[prepareGraph] edges = 6255423, offsets = 765801 (should be V+1 = 765801)

Year 1998: 22974 new nodes, 449457 new edges

Elapsed time: 78-781 : total : 146.345 secs, this iter cost : 13.561 seconds

Elapsed time: 78-79 : total : 149.616 secs, this iter cost : 13.83 seconds

updateNodeInDegreeOutDegree(year=1998): updated 22974 out-degrees, 228422 in-degrees
Elapsed time: 79-81 : total : 3.294 secs, this iter cost : 0 seconds

Elapsed time: 79-80 : total : 1.812 secs, this iter cost : 0 seconds

Elapsed time: 80-81 : total : 1.475 secs, this iter cost : 0 seconds

Elapsed time: 70-81 : total : 165.009 secs, this iter cost : 14 seconds

 Entering loop for year = 1999
Elapsed time: 70-71: total : 5.445 secs, iter cost : 0 seconds

Elapsed time: 71-72: total : 6.209 secs, iter cost : 0 seconds

Elapsed time: 72-73: total : 303 millisecs, iter cost : 19 mseconds

num_new_nodes = 23664, current_graph_size = 788774, growth rate = 0.030000 
Elapsed time: 73-74: total : 0 millisecs, iter cost : 0 mseconds

Elapsed time: 74-75: total : 167 millisecs, iter cost : 11 mseconds

all new nodes initialized with years and mapped. FillSameYearSourceNodes with new_nodes_vec.size() = 23664
checking same_year_source_nodes size.
Elapsed time: 75-76: total : 0 millisecs, iter cost : 0 mseconds

new_nodes_vec.size() b4 : 23664

updated  updateGraphAttributesGeneratorNode .... 
Elapsed time: 76-77: total : 787 millisecs, iter cost : 57 mseconds

continuous_node_mapping.size() b5 : 812438, reverse_continuous_node_mapping size = 812438

[PA Model] Building connections using Preferential Attachment

Inside optimized buildOneNodeConnections...
Initial Free: 78670.5 MB / 81079.4 MB

[prepareGraph] num_vertices = 788774

[prepareGraph] edges = 6704880, offsets = 788775 (should be V+1 = 788775)

[prepareGraph] num_vertices = 788774

[prepareGraph] edges = 6704880, offsets = 788775 (should be V+1 = 788775)

Year 1999: 23664 new nodes, 462439 new edges

Elapsed time: 78-781 : total : 161.22 secs, this iter cost : 14.875 seconds

Elapsed time: 78-79 : total : 164.771 secs, this iter cost : 15.155 seconds

updateNodeInDegreeOutDegree(year=1999): updated 23664 out-degrees, 234078 in-degrees
Elapsed time: 79-81 : total : 3.547 secs, this iter cost : 0 seconds

Elapsed time: 79-80 : total : 1.949 secs, this iter cost : 0 seconds

Elapsed time: 80-81 : total : 1.59 secs, this iter cost : 0 seconds

Elapsed time: 70-81 : total : 181.287 secs, this iter cost : 16 seconds

 Entering loop for year = 2000
Elapsed time: 70-71: total : 5.813 secs, iter cost : 0 seconds

Elapsed time: 71-72: total : 6.616 secs, iter cost : 0 seconds

Elapsed time: 72-73: total : 322 millisecs, iter cost : 19 mseconds

num_new_nodes = 24374, current_graph_size = 812438, growth rate = 0.030000 
Elapsed time: 73-74: total : 0 millisecs, iter cost : 0 mseconds

Elapsed time: 74-75: total : 178 millisecs, iter cost : 11 mseconds

all new nodes initialized with years and mapped. FillSameYearSourceNodes with new_nodes_vec.size() = 24374
checking same_year_source_nodes size.
Elapsed time: 75-76: total : 0 millisecs, iter cost : 0 mseconds

new_nodes_vec.size() b4 : 24374

updated  updateGraphAttributesGeneratorNode .... 
Elapsed time: 76-77: total : 847 millisecs, iter cost : 60 mseconds

continuous_node_mapping.size() b5 : 836812, reverse_continuous_node_mapping size = 836812

[PA Model] Building connections using Preferential Attachment

Inside optimized buildOneNodeConnections...
Initial Free: 78644.5 MB / 81079.4 MB

[prepareGraph] num_vertices = 812438

[prepareGraph] edges = 7167319, offsets = 812439 (should be V+1 = 812439)

[prepareGraph] num_vertices = 812438

[prepareGraph] edges = 7167319, offsets = 812439 (should be V+1 = 812439)

Year 2000: 24374 new nodes, 475663 new edges

Elapsed time: 78-781 : total : 176.792 secs, this iter cost : 15.572 seconds

Elapsed time: 78-79 : total : 180.622 secs, this iter cost : 15.851 seconds

updateNodeInDegreeOutDegree(year=2000): updated 24374 out-degrees, 239589 in-degrees
Elapsed time: 79-81 : total : 3.805 secs, this iter cost : 0 seconds

Elapsed time: 79-80 : total : 2.087 secs, this iter cost : 0 seconds

Elapsed time: 80-81 : total : 1.709 secs, this iter cost : 0 seconds

Elapsed time: 70-81 : total : 198.265 secs, this iter cost : 16 seconds

 Entering loop for year = 2001
Elapsed time: 70-71: total : 6.195 secs, iter cost : 0 seconds

Elapsed time: 71-72: total : 7.057 secs, iter cost : 0 seconds

Elapsed time: 72-73: total : 337 millisecs, iter cost : 15 mseconds

num_new_nodes = 25105, current_graph_size = 836812, growth rate = 0.030000 
Elapsed time: 73-74: total : 0 millisecs, iter cost : 0 mseconds

Elapsed time: 74-75: total : 190 millisecs, iter cost : 12 mseconds

all new nodes initialized with years and mapped. FillSameYearSourceNodes with new_nodes_vec.size() = 25105
checking same_year_source_nodes size.
Elapsed time: 75-76: total : 0 millisecs, iter cost : 0 mseconds

new_nodes_vec.size() b4 : 25105

updated  updateGraphAttributesGeneratorNode .... 
Elapsed time: 76-77: total : 908 millisecs, iter cost : 61 mseconds

continuous_node_mapping.size() b5 : 861917, reverse_continuous_node_mapping size = 861917

[PA Model] Building connections using Preferential Attachment

Inside optimized buildOneNodeConnections...
Initial Free: 78116.5 MB / 81079.4 MB

[prepareGraph] num_vertices = 836812

[prepareGraph] edges = 7642982, offsets = 836813 (should be V+1 = 836813)

[prepareGraph] num_vertices = 836812

[prepareGraph] edges = 7642982, offsets = 836813 (should be V+1 = 836813)

Year 2001: 25105 new nodes, 489869 new edges

Elapsed time: 78-781 : total : 192.794 secs, this iter cost : 16.002 seconds

Elapsed time: 78-79 : total : 196.935 secs, this iter cost : 16.313 seconds

updateNodeInDegreeOutDegree(year=2001): updated 25105 out-degrees, 246112 in-degrees
Elapsed time: 79-81 : total : 4.069 secs, this iter cost : 0 seconds

Elapsed time: 79-80 : total : 2.228 secs, this iter cost : 0 seconds

Elapsed time: 80-81 : total : 1.832 secs, this iter cost : 0 seconds

Elapsed time: 70-81 : total : 215.755 secs, this iter cost : 17 seconds

 Entering loop for year = 2002
Elapsed time: 70-71: total : 6.575 secs, iter cost : 0 seconds

Elapsed time: 71-72: total : 7.494 secs, iter cost : 0 seconds

Elapsed time: 72-73: total : 363 millisecs, iter cost : 26 mseconds

num_new_nodes = 25858, current_graph_size = 861917, growth rate = 0.030000 
Elapsed time: 73-74: total : 0 millisecs, iter cost : 0 mseconds

Elapsed time: 74-75: total : 202 millisecs, iter cost : 12 mseconds

all new nodes initialized with years and mapped. FillSameYearSourceNodes with new_nodes_vec.size() = 25858
checking same_year_source_nodes size.
Elapsed time: 75-76: total : 0 millisecs, iter cost : 0 mseconds

new_nodes_vec.size() b4 : 25858

updated  updateGraphAttributesGeneratorNode .... 
Elapsed time: 76-77: total : 970 millisecs, iter cost : 62 mseconds

continuous_node_mapping.size() b5 : 887775, reverse_continuous_node_mapping size = 887775

[PA Model] Building connections using Preferential Attachment

Inside optimized buildOneNodeConnections...
Initial Free: 77748.5 MB / 81079.4 MB

[prepareGraph] num_vertices = 861917

[prepareGraph] edges = 8132851, offsets = 861918 (should be V+1 = 861918)

[prepareGraph] num_vertices = 861917

[prepareGraph] edges = 8132851, offsets = 861918 (should be V+1 = 861918)

Year 2002: 25858 new nodes, 503861 new edges

Elapsed time: 78-781 : total : 209.434 secs, this iter cost : 16.64 seconds

Elapsed time: 78-79 : total : 213.885 secs, this iter cost : 16.95 seconds

updateNodeInDegreeOutDegree(year=2002): updated 25858 out-degrees, 252207 in-degrees
Elapsed time: 79-81 : total : 4.342 secs, this iter cost : 0 seconds

Elapsed time: 79-80 : total : 2.375 secs, this iter cost : 0 seconds

Elapsed time: 80-81 : total : 1.958 secs, this iter cost : 0 seconds

Elapsed time: 70-81 : total : 233.897 secs, this iter cost : 18 seconds

 Entering loop for year = 2003
Elapsed time: 70-71: total : 6.972 secs, iter cost : 0 seconds

Elapsed time: 71-72: total : 7.94 secs, iter cost : 0 seconds

Elapsed time: 72-73: total : 382 millisecs, iter cost : 19 mseconds

num_new_nodes = 26634, current_graph_size = 887775, growth rate = 0.030000 
Elapsed time: 73-74: total : 0 millisecs, iter cost : 0 mseconds

Elapsed time: 74-75: total : 215 millisecs, iter cost : 13 mseconds

all new nodes initialized with years and mapped. FillSameYearSourceNodes with new_nodes_vec.size() = 26634
checking same_year_source_nodes size.
Elapsed time: 75-76: total : 0 millisecs, iter cost : 0 mseconds

new_nodes_vec.size() b4 : 26634

updated  updateGraphAttributesGeneratorNode .... 
Elapsed time: 76-77: total : 1033 millisecs, iter cost : 63 mseconds

continuous_node_mapping.size() b5 : 914409, reverse_continuous_node_mapping size = 914409

[PA Model] Building connections using Preferential Attachment

Inside optimized buildOneNodeConnections...
Initial Free: 77742.5 MB / 81079.4 MB

[prepareGraph] num_vertices = 887775

[prepareGraph] edges = 8636712, offsets = 887776 (should be V+1 = 887776)

[prepareGraph] num_vertices = 887775

[prepareGraph] edges = 8636712, offsets = 887776 (should be V+1 = 887776)

Year 2003: 26634 new nodes, 519227 new edges

Elapsed time: 78-781 : total : 227.264 secs, this iter cost : 17.83 seconds

Elapsed time: 78-79 : total : 232.044 secs, this iter cost : 18.159 seconds

updateNodeInDegreeOutDegree(year=2003): updated 26634 out-degrees, 258822 in-degrees
Elapsed time: 79-81 : total : 4.62 secs, this iter cost : 0 seconds

Elapsed time: 79-80 : total : 2.523 secs, this iter cost : 0 seconds

Elapsed time: 80-81 : total : 2.087 secs, this iter cost : 0 seconds

Elapsed time: 70-81 : total : 253.275 secs, this iter cost : 19 seconds

 Entering loop for year = 2004
Elapsed time: 70-71: total : 7.39 secs, iter cost : 0 seconds

Elapsed time: 71-72: total : 8.402 secs, iter cost : 0 seconds

Elapsed time: 72-73: total : 396 millisecs, iter cost : 14 mseconds

num_new_nodes = 27433, current_graph_size = 914409, growth rate = 0.030000 
Elapsed time: 73-74: total : 0 millisecs, iter cost : 0 mseconds

Elapsed time: 74-75: total : 229 millisecs, iter cost : 14 mseconds

all new nodes initialized with years and mapped. FillSameYearSourceNodes with new_nodes_vec.size() = 27433
checking same_year_source_nodes size.
Elapsed time: 75-76: total : 0 millisecs, iter cost : 0 mseconds

new_nodes_vec.size() b4 : 27433

updated  updateGraphAttributesGeneratorNode .... 
Elapsed time: 76-77: total : 1099 millisecs, iter cost : 66 mseconds

continuous_node_mapping.size() b5 : 941842, reverse_continuous_node_mapping size = 941842

[PA Model] Building connections using Preferential Attachment

Inside optimized buildOneNodeConnections...
Initial Free: 77366.5 MB / 81079.4 MB

[prepareGraph] num_vertices = 914409

[prepareGraph] edges = 9155939, offsets = 914410 (should be V+1 = 914410)

[prepareGraph] num_vertices = 914409

[prepareGraph] edges = 9155939, offsets = 914410 (should be V+1 = 914410)

Year 2004: 27433 new nodes, 535724 new edges

Elapsed time: 78-781 : total : 248.919 secs, this iter cost : 21.655 seconds

Elapsed time: 78-79 : total : 254.29 secs, this iter cost : 22.246 seconds

updateNodeInDegreeOutDegree(year=2004): updated 27433 out-degrees, 268539 in-degrees
Elapsed time: 79-81 : total : 4.99 secs, this iter cost : 0 seconds

Elapsed time: 79-80 : total : 2.757 secs, this iter cost : 0 seconds

Elapsed time: 80-81 : total : 2.222 secs, this iter cost : 0 seconds

Elapsed time: 70-81 : total : 276.867 secs, this iter cost : 23 seconds

 Entering loop for year = 2005
Elapsed time: 70-71: total : 7.911 secs, iter cost : 0 seconds

Elapsed time: 71-72: total : 8.975 secs, iter cost : 0 seconds

Elapsed time: 72-73: total : 415 millisecs, iter cost : 19 mseconds

num_new_nodes = 28256, current_graph_size = 941842, growth rate = 0.030000 
Elapsed time: 73-74: total : 0 millisecs, iter cost : 0 mseconds

Elapsed time: 74-75: total : 243 millisecs, iter cost : 14 mseconds

all new nodes initialized with years and mapped. FillSameYearSourceNodes with new_nodes_vec.size() = 28256
checking same_year_source_nodes size.
Elapsed time: 75-76: total : 0 millisecs, iter cost : 0 mseconds

new_nodes_vec.size() b4 : 28256

updated  updateGraphAttributesGeneratorNode .... 
Elapsed time: 76-77: total : 1167 millisecs, iter cost : 68 mseconds

continuous_node_mapping.size() b5 : 970098, reverse_continuous_node_mapping size = 970098

[PA Model] Building connections using Preferential Attachment

Inside optimized buildOneNodeConnections...
Initial Free: 77354.5 MB / 81079.4 MB

[prepareGraph] num_vertices = 941842

[prepareGraph] edges = 9691663, offsets = 941843 (should be V+1 = 941843)

[prepareGraph] num_vertices = 941842

[prepareGraph] edges = 9691663, offsets = 941843 (should be V+1 = 941843)

Year 2005: 28256 new nodes, 552719 new edges

Elapsed time: 78-781 : total : 268.746 secs, this iter cost : 19.827 seconds

Elapsed time: 78-79 : total : 274.513 secs, this iter cost : 20.223 seconds

updateNodeInDegreeOutDegree(year=2005): updated 28256 out-degrees, 275458 in-degrees
Elapsed time: 79-81 : total : 5.334 secs, this iter cost : 0 seconds

Elapsed time: 79-80 : total : 2.963 secs, this iter cost : 0 seconds

Elapsed time: 80-81 : total : 2.36 secs, this iter cost : 0 seconds

Elapsed time: 70-81 : total : 298.632 secs, this iter cost : 21 seconds

 Entering loop for year = 2006
Elapsed time: 70-71: total : 8.363 secs, iter cost : 0 seconds

Elapsed time: 71-72: total : 9.454 secs, iter cost : 0 seconds

Elapsed time: 72-73: total : 434 millisecs, iter cost : 19 mseconds

num_new_nodes = 29103, current_graph_size = 970098, growth rate = 0.030000 
Elapsed time: 73-74: total : 0 millisecs, iter cost : 0 mseconds

Elapsed time: 74-75: total : 257 millisecs, iter cost : 14 mseconds

all new nodes initialized with years and mapped. FillSameYearSourceNodes with new_nodes_vec.size() = 29103
checking same_year_source_nodes size.
Elapsed time: 75-76: total : 0 millisecs, iter cost : 0 mseconds

new_nodes_vec.size() b4 : 29103

updated  updateGraphAttributesGeneratorNode .... 
Elapsed time: 76-77: total : 1244 millisecs, iter cost : 77 mseconds

continuous_node_mapping.size() b5 : 999201, reverse_continuous_node_mapping size = 999201

[PA Model] Building connections using Preferential Attachment

Inside optimized buildOneNodeConnections...
Initial Free: 76980.5 MB / 81079.4 MB

[prepareGraph] num_vertices = 970098

[prepareGraph] edges = 10244382, offsets = 970099 (should be V+1 = 970099)

[prepareGraph] num_vertices = 970098

[prepareGraph] edges = 10244382, offsets = 970099 (should be V+1 = 970099)

Year 2006: 29103 new nodes, 568767 new edges

Elapsed time: 78-781 : total : 289.548 secs, this iter cost : 20.802 seconds

Elapsed time: 78-79 : total : 295.752 secs, this iter cost : 21.239 seconds

updateNodeInDegreeOutDegree(year=2006): updated 29103 out-degrees, 282489 in-degrees
Elapsed time: 79-81 : total : 5.738 secs, this iter cost : 0 seconds

Elapsed time: 79-80 : total : 3.222 secs, this iter cost : 0 seconds

Elapsed time: 80-81 : total : 2.504 secs, this iter cost : 0 seconds

Elapsed time: 70-81 : total : 321.319 secs, this iter cost : 22 seconds

 Entering loop for year = 2007
Elapsed time: 70-71: total : 8.836 secs, iter cost : 0 seconds

Elapsed time: 71-72: total : 9.956 secs, iter cost : 0 seconds

Elapsed time: 72-73: total : 453 millisecs, iter cost : 19 mseconds

num_new_nodes = 29977, current_graph_size = 999201, growth rate = 0.030000 
Elapsed time: 73-74: total : 0 millisecs, iter cost : 0 mseconds

Elapsed time: 74-75: total : 273 millisecs, iter cost : 16 mseconds

all new nodes initialized with years and mapped. FillSameYearSourceNodes with new_nodes_vec.size() = 29977
checking same_year_source_nodes size.
Elapsed time: 75-76: total : 0 millisecs, iter cost : 0 mseconds

new_nodes_vec.size() b4 : 29977

updated  updateGraphAttributesGeneratorNode .... 
Elapsed time: 76-77: total : 1321 millisecs, iter cost : 77 mseconds

continuous_node_mapping.size() b5 : 1029178, reverse_continuous_node_mapping size = 1029178

[PA Model] Building connections using Preferential Attachment

Inside optimized buildOneNodeConnections...
Initial Free: 76964.5 MB / 81079.4 MB

[prepareGraph] num_vertices = 999201

[prepareGraph] edges = 10813149, offsets = 999202 (should be V+1 = 999202)

[prepareGraph] num_vertices = 999201

[prepareGraph] edges = 10813149, offsets = 999202 (should be V+1 = 999202)

Year 2007: 29977 new nodes, 586311 new edges

Elapsed time: 78-781 : total : 311.515 secs, this iter cost : 21.967 seconds

Elapsed time: 78-79 : total : 318.356 secs, this iter cost : 22.604 seconds

updateNodeInDegreeOutDegree(year=2007): updated 29977 out-degrees, 290253 in-degrees
Elapsed time: 79-81 : total : 6.082 secs, this iter cost : 0 seconds

Elapsed time: 79-80 : total : 3.414 secs, this iter cost : 0 seconds

Elapsed time: 80-81 : total : 2.656 secs, this iter cost : 0 seconds

Elapsed time: 70-81 : total : 345.358 secs, this iter cost : 24 seconds

 Entering loop for year = 2008
Elapsed time: 70-71: total : 9.383 secs, iter cost : 0 seconds

Elapsed time: 71-72: total : 10.536 secs, iter cost : 0 seconds

Elapsed time: 72-73: total : 473 millisecs, iter cost : 20 mseconds

num_new_nodes = 30876, current_graph_size = 1029178, growth rate = 0.030000 
Elapsed time: 73-74: total : 0 millisecs, iter cost : 0 mseconds

Elapsed time: 74-75: total : 288 millisecs, iter cost : 15 mseconds

all new nodes initialized with years and mapped. FillSameYearSourceNodes with new_nodes_vec.size() = 30876
checking same_year_source_nodes size.
Elapsed time: 75-76: total : 0 millisecs, iter cost : 0 mseconds

new_nodes_vec.size() b4 : 30876

updated  updateGraphAttributesGeneratorNode .... 
Elapsed time: 76-77: total : 1395 millisecs, iter cost : 74 mseconds

continuous_node_mapping.size() b5 : 1060054, reverse_continuous_node_mapping size = 1060054

[PA Model] Building connections using Preferential Attachment

Inside optimized buildOneNodeConnections...
Initial Free: 76606.5 MB / 81079.4 MB

[prepareGraph] num_vertices = 1029178

[prepareGraph] edges = 11399460, offsets = 1029179 (should be V+1 = 1029179)

[prepareGraph] num_vertices = 1029178

[prepareGraph] edges = 11399460, offsets = 1029179 (should be V+1 = 1029179)

Year 2008: 30876 new nodes, 602933 new edges

Elapsed time: 78-781 : total : 333.489 secs, this iter cost : 21.974 seconds

Elapsed time: 78-79 : total : 340.74 secs, this iter cost : 22.384 seconds

updateNodeInDegreeOutDegree(year=2008): updated 30876 out-degrees, 298833 in-degrees
Elapsed time: 79-81 : total : 6.407 secs, this iter cost : 0 seconds

Elapsed time: 79-80 : total : 3.588 secs, this iter cost : 0 seconds

Elapsed time: 80-81 : total : 2.806 secs, this iter cost : 0 seconds

Elapsed time: 70-81 : total : 369.307 secs, this iter cost : 23 seconds

 Entering loop for year = 2009
Elapsed time: 70-71: total : 9.871 secs, iter cost : 0 seconds

Elapsed time: 71-72: total : 11.063 secs, iter cost : 0 seconds

Elapsed time: 72-73: total : 492 millisecs, iter cost : 19 mseconds

num_new_nodes = 31802, current_graph_size = 1060054, growth rate = 0.030000 
Elapsed time: 73-74: total : 0 millisecs, iter cost : 0 mseconds

Elapsed time: 74-75: total : 304 millisecs, iter cost : 16 mseconds

all new nodes initialized with years and mapped. FillSameYearSourceNodes with new_nodes_vec.size() = 31802
checking same_year_source_nodes size.
Elapsed time: 75-76: total : 0 millisecs, iter cost : 0 mseconds

new_nodes_vec.size() b4 : 31802

updated  updateGraphAttributesGeneratorNode .... 
Elapsed time: 76-77: total : 1471 millisecs, iter cost : 76 mseconds

continuous_node_mapping.size() b5 : 1091856, reverse_continuous_node_mapping size = 1091856

[PA Model] Building connections using Preferential Attachment

Inside optimized buildOneNodeConnections...
Initial Free: 76462.5 MB / 81079.4 MB

[prepareGraph] num_vertices = 1060054

[prepareGraph] edges = 12002393, offsets = 1060055 (should be V+1 = 1060055)

[prepareGraph] num_vertices = 1060054

[prepareGraph] edges = 12002393, offsets = 1060055 (should be V+1 = 1060055)

Year 2009: 31802 new nodes, 620357 new edges

Elapsed time: 78-781 : total : 356.388 secs, this iter cost : 22.899 seconds

Elapsed time: 78-79 : total : 364.06 secs, this iter cost : 23.32 seconds

updateNodeInDegreeOutDegree(year=2009): updated 31802 out-degrees, 307087 in-degrees
Elapsed time: 79-81 : total : 6.742 secs, this iter cost : 0 seconds

Elapsed time: 79-80 : total : 3.768 secs, this iter cost : 0 seconds

Elapsed time: 80-81 : total : 2.961 secs, this iter cost : 0 seconds

Elapsed time: 70-81 : total : 394.092 secs, this iter cost : 24 seconds

 Entering loop for year = 2010
Elapsed time: 70-71: total : 10.346 secs, iter cost : 0 seconds

Elapsed time: 71-72: total : 11.584 secs, iter cost : 0 seconds

Elapsed time: 72-73: total : 507 millisecs, iter cost : 15 mseconds

num_new_nodes = 32756, current_graph_size = 1091856, growth rate = 0.030000 
Elapsed time: 73-74: total : 4 millisecs, iter cost : 4 mseconds

Elapsed time: 74-75: total : 320 millisecs, iter cost : 16 mseconds

all new nodes initialized with years and mapped. FillSameYearSourceNodes with new_nodes_vec.size() = 32756
checking same_year_source_nodes size.
Elapsed time: 75-76: total : 0 millisecs, iter cost : 0 mseconds

new_nodes_vec.size() b4 : 32756

updated  updateGraphAttributesGeneratorNode .... 
Elapsed time: 76-77: total : 1555 millisecs, iter cost : 84 mseconds

continuous_node_mapping.size() b5 : 1124612, reverse_continuous_node_mapping size = 1124612

[PA Model] Building connections using Preferential Attachment

Inside optimized buildOneNodeConnections...
Initial Free: 76452.5 MB / 81079.4 MB

[prepareGraph] num_vertices = 1091856

[prepareGraph] edges = 12622750, offsets = 1091857 (should be V+1 = 1091857)

[prepareGraph] num_vertices = 1091856

[prepareGraph] edges = 12622750, offsets = 1091857 (should be V+1 = 1091857)

Year 2010: 32756 new nodes, 638642 new edges

Elapsed time: 78-781 : total : 383.103 secs, this iter cost : 26.715 seconds

Elapsed time: 78-79 : total : 391.204 secs, this iter cost : 27.144 seconds

updateNodeInDegreeOutDegree(year=2010): updated 32756 out-degrees, 316395 in-degrees
Elapsed time: 79-81 : total : 7.151 secs, this iter cost : 0 seconds

Elapsed time: 79-80 : total : 4.008 secs, this iter cost : 0 seconds

Elapsed time: 80-81 : total : 3.129 secs, this iter cost : 0 seconds

Elapsed time: 70-81 : total : 422.763 secs, this iter cost : 28 seconds

 Entering loop for year = 2011
Elapsed time: 70-71: total : 10.815 secs, iter cost : 0 seconds

Elapsed time: 71-72: total : 12.151 secs, iter cost : 0 seconds

Elapsed time: 72-73: total : 522 millisecs, iter cost : 15 mseconds

num_new_nodes = 33739, current_graph_size = 1124612, growth rate = 0.030000 
Elapsed time: 73-74: total : 4 millisecs, iter cost : 0 mseconds

Elapsed time: 74-75: total : 336 millisecs, iter cost : 16 mseconds

all new nodes initialized with years and mapped. FillSameYearSourceNodes with new_nodes_vec.size() = 33739
checking same_year_source_nodes size.
Elapsed time: 75-76: total : 0 millisecs, iter cost : 0 mseconds

new_nodes_vec.size() b4 : 33739

updated  updateGraphAttributesGeneratorNode .... 
Elapsed time: 76-77: total : 1638 millisecs, iter cost : 83 mseconds

continuous_node_mapping.size() b5 : 1158351, reverse_continuous_node_mapping size = 1158351

[PA Model] Building connections using Preferential Attachment

Inside optimized buildOneNodeConnections...
Initial Free: 76444.5 MB / 81079.4 MB

[prepareGraph] num_vertices = 1124612

[prepareGraph] edges = 13261392, offsets = 1124613 (should be V+1 = 1124613)

[prepareGraph] num_vertices = 1124612

[prepareGraph] edges = 13261392, offsets = 1124613 (should be V+1 = 1124613)

Year 2011: 33739 new nodes, 657457 new edges

Elapsed time: 78-781 : total : 414.145 secs, this iter cost : 31.042 seconds

Elapsed time: 78-79 : total : 422.701 secs, this iter cost : 31.497 seconds

updateNodeInDegreeOutDegree(year=2011): updated 33739 out-degrees, 324268 in-degrees
Elapsed time: 79-81 : total : 7.512 secs, this iter cost : 0 seconds

Elapsed time: 79-80 : total : 4.202 secs, this iter cost : 0 seconds

Elapsed time: 80-81 : total : 3.296 secs, this iter cost : 0 seconds

Elapsed time: 70-81 : total : 455.773 secs, this iter cost : 33 seconds

 Entering loop for year = 2012
Elapsed time: 70-71: total : 11.274 secs, iter cost : 0 seconds

Elapsed time: 71-72: total : 12.671 secs, iter cost : 0 seconds

Elapsed time: 72-73: total : 534 millisecs, iter cost : 12 mseconds

num_new_nodes = 34751, current_graph_size = 1158351, growth rate = 0.030000 
Elapsed time: 73-74: total : 4 millisecs, iter cost : 0 mseconds

Elapsed time: 74-75: total : 353 millisecs, iter cost : 17 mseconds

all new nodes initialized with years and mapped. FillSameYearSourceNodes with new_nodes_vec.size() = 34751
checking same_year_source_nodes size.
Elapsed time: 75-76: total : 0 millisecs, iter cost : 0 mseconds

new_nodes_vec.size() b4 : 34751

updated  updateGraphAttributesGeneratorNode .... 
Elapsed time: 76-77: total : 1722 millisecs, iter cost : 84 mseconds

continuous_node_mapping.size() b5 : 1193102, reverse_continuous_node_mapping size = 1193102

[PA Model] Building connections using Preferential Attachment

Inside optimized buildOneNodeConnections...
Initial Free: 76428.5 MB / 81079.4 MB

[prepareGraph] num_vertices = 1158351

[prepareGraph] edges = 13918849, offsets = 1158352 (should be V+1 = 1158352)

[prepareGraph] num_vertices = 1158351

[prepareGraph] edges = 13918849, offsets = 1158352 (should be V+1 = 1158352)

Year 2012: 34751 new nodes, 676722 new edges

Elapsed time: 78-781 : total : 443.36 secs, this iter cost : 29.215 seconds

Elapsed time: 78-79 : total : 452.452 secs, this iter cost : 29.751 seconds

updateNodeInDegreeOutDegree(year=2012): updated 34751 out-degrees, 334393 in-degrees
Elapsed time: 79-81 : total : 7.978 secs, this iter cost : 0 seconds

Elapsed time: 79-80 : total : 4.497 secs, this iter cost : 0 seconds

Elapsed time: 80-81 : total : 3.466 secs, this iter cost : 0 seconds

Elapsed time: 70-81 : total : 487.085 secs, this iter cost : 31 seconds

Elapsed time: 7-8 :  487 seconds

compute done:: graph size = 1193102
Elapsed time: 8-8.1 :  0 seconds

Writing Graph to file: ./output/30y/gpu-opt-static-output-30y-3p.edgelist

Elapsed time: 8.1-9 :  0 seconds

Elapsed time: 9-10 :  0 seconds

 graph size = 1193102
WriteAttributes: graph size = 1193102

Elapsed time: 0-1 : 3 seconds

Elapsed time: 1-4 : 0 seconds

Elapsed time: 4-7 : 0 seconds

Elapsed time: 70-71: total : 11.274 seconds.

Elapsed time: 71-72: total : 12.671 seconds.

Elapsed time: 72-73: total : 0.534 seconds.

Elapsed time: 73-74: total : 0.004 seconds.

Elapsed time: 74-75: total : 0.353 seconds.

Elapsed time: 75-76: total : 0 seconds.

Elapsed time: 76-77: total : 1.722 seconds.

Elapsed time: 77-79: total : 452.452 seconds.

Elapsed time: 79-81 : total : 7.978 seconds.

Elapsed time: 79-80 : total : 4.497 seconds.

Elapsed time: 80-81 : total : 3.466 seconds.

Elapsed time: 70-81 : total : 487.085 seconds.

Elapsed time: 7-8 : 487 seconds

Elapsed time: 8-8.1 :  0 seconds

Elapsed time: 8.1-9 :  0 seconds

Elapsed time: 9-10 : 0 seconds

Elapsed time: 11-12 : 1 seconds

Elapsed time: 10-12 : 2 seconds

Elapsed time: 0-7 : 3 seconds

Elapsed time: 7-8 : 487 seconds

Elapsed time: 8-12 : 3 seconds

E2E Time for num_cycles = 30 with growth_rate = 3 % = 497 seconds.
GPU 0: General Metrics for NVIDIA GH100 (any frequency)
Generating '/tmp/nsys-report-9d10.qdstrm'
[1/8] [0%                          ] nsys-pa-30y-3p.nsys-rep[1/8] [0%                          ] nsys-pa-30y-3p.nsys-rep[1/8] [6%                          ] nsys-pa-30y-3p.nsys-rep[1/8] [7%                          ] nsys-pa-30y-3p.nsys-rep[1/8] [6%                          ] nsys-pa-30y-3p.nsys-rep[1/8] [7%                          ] nsys-pa-30y-3p.nsys-rep[1/8] [9%                          ] nsys-pa-30y-3p.nsys-rep[1/8] [11%                         ] nsys-pa-30y-3p.nsys-rep[1/8] [12%                         ] nsys-pa-30y-3p.nsys-rep[1/8] [11%                         ] nsys-pa-30y-3p.nsys-rep[1/8] [10%                         ] nsys-pa-30y-3p.nsys-rep[1/8] [9%                          ] nsys-pa-30y-3p.nsys-rep[1/8] [11%                         ] nsys-pa-30y-3p.nsys-rep[1/8] [10%                         ] nsys-pa-30y-3p.nsys-rep[1/8] [11%                         ] nsys-pa-30y-3p.nsys-rep[1/8] [10%                         ] nsys-pa-30y-3p.nsys-rep[1/8] [9%                          ] nsys-pa-30y-3p.nsys-rep[1/8] [10%                         ] nsys-pa-30y-3p.nsys-rep[1/8] [9%                          ] nsys-pa-30y-3p.nsys-rep[1/8] [10%                         ] nsys-pa-30y-3p.nsys-rep[1/8] [9%                          ] nsys-pa-30y-3p.nsys-rep[1/8] [10%                         ] nsys-pa-30y-3p.nsys-rep[1/8] [9%                          ] nsys-pa-30y-3p.nsys-rep[1/8] [10%                         ] nsys-pa-30y-3p.nsys-rep[1/8] [9%                          ] nsys-pa-30y-3p.nsys-rep[1/8] [10%                         ] nsys-pa-30y-3p.nsys-rep[1/8] [9%                          ] nsys-pa-30y-3p.nsys-rep[1/8] [10%                         ] nsys-pa-30y-3p.nsys-rep[1/8] [9%                          ] nsys-pa-30y-3p.nsys-rep[1/8] [10%                         ] nsys-pa-30y-3p.nsys-rep[1/8] [9%                          ] nsys-pa-30y-3p.nsys-rep[1/8] [10%                         ] nsys-pa-30y-3p.nsys-rep[1/8] [11%                         ] nsys-pa-30y-3p.nsys-rep[1/8] [10%                         ] nsys-pa-30y-3p.nsys-rep[1/8] [11%                         ] nsys-pa-30y-3p.nsys-rep[1/8] [10%                         ] nsys-pa-30y-3p.nsys-rep[1/8] [9%                          ] nsys-pa-30y-3p.nsys-rep[1/8] [8%                          ] nsys-pa-30y-3p.nsys-rep[1/8] [7%                          ] nsys-pa-30y-3p.nsys-rep[1/8] [6%                          ] nsys-pa-30y-3p.nsys-rep[1/8] [5%                          ] nsys-pa-30y-3p.nsys-rep[1/8] [6%                          ] nsys-pa-30y-3p.nsys-rep[1/8] [7%                          ] nsys-pa-30y-3p.nsys-rep[1/8] [8%                          ] nsys-pa-30y-3p.nsys-rep[1/8] [9%                          ] nsys-pa-30y-3p.nsys-rep[1/8] [10%                         ] nsys-pa-30y-3p.nsys-rep[1/8] [11%                         ] nsys-pa-30y-3p.nsys-rep[1/8] [12%                         ] nsys-pa-30y-3p.nsys-rep[1/8] [13%                         ] nsys-pa-30y-3p.nsys-rep[1/8] [14%                         ] nsys-pa-30y-3p.nsys-rep[1/8] [=15%                        ] nsys-pa-30y-3p.nsys-rep[1/8] [=16%                        ] nsys-pa-30y-3p.nsys-rep[1/8] [=17%                        ] nsys-pa-30y-3p.nsys-rep[1/8] [==18%                       ] nsys-pa-30y-3p.nsys-rep[1/8] [==19%                       ] nsys-pa-30y-3p.nsys-rep[1/8] [==20%                       ] nsys-pa-30y-3p.nsys-rep[1/8] [==21%                       ] nsys-pa-30y-3p.nsys-rep[1/8] [===22%                      ] nsys-pa-30y-3p.nsys-rep[1/8] [===23%                      ] nsys-pa-30y-3p.nsys-rep[1/8] [===24%                      ] nsys-pa-30y-3p.nsys-rep[1/8] [====25%                     ] nsys-pa-30y-3p.nsys-rep[1/8] [====26%                     ] nsys-pa-30y-3p.nsys-rep[1/8] [====27%                     ] nsys-pa-30y-3p.nsys-rep[1/8] [====28%                     ] nsys-pa-30y-3p.nsys-rep[1/8] [=====29%                    ] nsys-pa-30y-3p.nsys-rep[1/8] [=====30%                    ] nsys-pa-30y-3p.nsys-rep[1/8] [=====31%                    ] nsys-pa-30y-3p.nsys-rep[1/8] [=====32%                    ] nsys-pa-30y-3p.nsys-rep[1/8] [======33%                   ] nsys-pa-30y-3p.nsys-rep[1/8] [======34%                   ] nsys-pa-30y-3p.nsys-rep[1/8] [======35%                   ] nsys-pa-30y-3p.nsys-rep[1/8] [=======36%                  ] nsys-pa-30y-3p.nsys-rep[1/8] [=======37%                  ] nsys-pa-30y-3p.nsys-rep[1/8] [=======38%                  ] nsys-pa-30y-3p.nsys-rep[1/8] [=======39%                  ] nsys-pa-30y-3p.nsys-rep[1/8] [========40%                 ] nsys-pa-30y-3p.nsys-rep[1/8] [========41%                 ] nsys-pa-30y-3p.nsys-rep[1/8] [========42%                 ] nsys-pa-30y-3p.nsys-rep[1/8] [=========43%                ] nsys-pa-30y-3p.nsys-rep[1/8] [=========44%                ] nsys-pa-30y-3p.nsys-rep[1/8] [=========45%                ] nsys-pa-30y-3p.nsys-rep[1/8] [=========46%                ] nsys-pa-30y-3p.nsys-rep[1/8] [==========47%               ] nsys-pa-30y-3p.nsys-rep[1/8] [==========48%               ] nsys-pa-30y-3p.nsys-rep[1/8] [==========49%               ] nsys-pa-30y-3p.nsys-rep[1/8] [===========50%              ] nsys-pa-30y-3p.nsys-rep[1/8] [===========51%              ] nsys-pa-30y-3p.nsys-rep[1/8] [===========52%              ] nsys-pa-30y-3p.nsys-rep[1/8] [===========53%              ] nsys-pa-30y-3p.nsys-rep[1/8] [============54%             ] nsys-pa-30y-3p.nsys-rep[1/8] [============55%             ] nsys-pa-30y-3p.nsys-rep[1/8] [============56%             ] nsys-pa-30y-3p.nsys-rep[1/8] [============57%             ] nsys-pa-30y-3p.nsys-rep[1/8] [=============58%            ] nsys-pa-30y-3p.nsys-rep[1/8] [=============59%            ] nsys-pa-30y-3p.nsys-rep[1/8] [=============60%            ] nsys-pa-30y-3p.nsys-rep[1/8] [==============61%           ] nsys-pa-30y-3p.nsys-rep[1/8] [==============62%           ] nsys-pa-30y-3p.nsys-rep[1/8] [==============63%           ] nsys-pa-30y-3p.nsys-rep[1/8] [==============64%           ] nsys-pa-30y-3p.nsys-rep[1/8] [===============65%          ] nsys-pa-30y-3p.nsys-rep[1/8] [===============66%          ] nsys-pa-30y-3p.nsys-rep[1/8] [===============67%          ] nsys-pa-30y-3p.nsys-rep[1/8] [================68%         ] nsys-pa-30y-3p.nsys-rep[1/8] [================69%         ] nsys-pa-30y-3p.nsys-rep[1/8] [================70%         ] nsys-pa-30y-3p.nsys-rep[1/8] [================71%         ] nsys-pa-30y-3p.nsys-rep[1/8] [=================72%        ] nsys-pa-30y-3p.nsys-rep[1/8] [=================73%        ] nsys-pa-30y-3p.nsys-rep[1/8] [=================74%        ] nsys-pa-30y-3p.nsys-rep[1/8] [==================75%       ] nsys-pa-30y-3p.nsys-rep[1/8] [==================76%       ] nsys-pa-30y-3p.nsys-rep[1/8] [==================77%       ] nsys-pa-30y-3p.nsys-rep[1/8] [==================78%       ] nsys-pa-30y-3p.nsys-rep[1/8] [===================79%      ] nsys-pa-30y-3p.nsys-rep[1/8] [===================80%      ] nsys-pa-30y-3p.nsys-rep[1/8] [===================81%      ] nsys-pa-30y-3p.nsys-rep[1/8] [===================82%      ] nsys-pa-30y-3p.nsys-rep[1/8] [========================100%] nsys-pa-30y-3p.nsys-rep[1/8] [========================100%] nsys-pa-30y-3p.nsys-rep
[2/8] [0%                          ] nsys-pa-30y-3p.sqlite[2/8] [1%                          ] nsys-pa-30y-3p.sqlite[2/8] [2%                          ] nsys-pa-30y-3p.sqlite[2/8] [3%                          ] nsys-pa-30y-3p.sqlite[2/8] [4%                          ] nsys-pa-30y-3p.sqlite[2/8] [5%                          ] nsys-pa-30y-3p.sqlite[2/8] [6%                          ] nsys-pa-30y-3p.sqlite[2/8] [7%                          ] nsys-pa-30y-3p.sqlite[2/8] [8%                          ] nsys-pa-30y-3p.sqlite[2/8] [9%                          ] nsys-pa-30y-3p.sqlite[2/8] [10%                         ] nsys-pa-30y-3p.sqlite[2/8] [11%                         ] nsys-pa-30y-3p.sqlite[2/8] [12%                         ] nsys-pa-30y-3p.sqlite[2/8] [13%                         ] nsys-pa-30y-3p.sqlite[2/8] [14%                         ] nsys-pa-30y-3p.sqlite[2/8] [=15%                        ] nsys-pa-30y-3p.sqlite[2/8] [=16%                        ] nsys-pa-30y-3p.sqlite[2/8] [=17%                        ] nsys-pa-30y-3p.sqlite[2/8] [==18%                       ] nsys-pa-30y-3p.sqlite[2/8] [==19%                       ] nsys-pa-30y-3p.sqlite[2/8] [==20%                       ] nsys-pa-30y-3p.sqlite[2/8] [==21%                       ] nsys-pa-30y-3p.sqlite[2/8] [===22%                      ] nsys-pa-30y-3p.sqlite[2/8] [===23%                      ] nsys-pa-30y-3p.sqlite[2/8] [===24%                      ] nsys-pa-30y-3p.sqlite[2/8] [====25%                     ] nsys-pa-30y-3p.sqlite[2/8] [====26%                     ] nsys-pa-30y-3p.sqlite[2/8] [====27%                     ] nsys-pa-30y-3p.sqlite[2/8] [====28%                     ] nsys-pa-30y-3p.sqlite[2/8] [=====29%                    ] nsys-pa-30y-3p.sqlite[2/8] [=====30%                    ] nsys-pa-30y-3p.sqlite[2/8] [=====31%                    ] nsys-pa-30y-3p.sqlite[2/8] [=====32%                    ] nsys-pa-30y-3p.sqlite[2/8] [======33%                   ] nsys-pa-30y-3p.sqlite[2/8] [======34%                   ] nsys-pa-30y-3p.sqlite[2/8] [======35%                   ] nsys-pa-30y-3p.sqlite[2/8] [=======36%                  ] nsys-pa-30y-3p.sqlite[2/8] [=======37%                  ] nsys-pa-30y-3p.sqlite[2/8] [=======38%                  ] nsys-pa-30y-3p.sqlite[2/8] [=======39%                  ] nsys-pa-30y-3p.sqlite[2/8] [========40%                 ] nsys-pa-30y-3p.sqlite[2/8] [========41%                 ] nsys-pa-30y-3p.sqlite[2/8] [========42%                 ] nsys-pa-30y-3p.sqlite[2/8] [=========43%                ] nsys-pa-30y-3p.sqlite[2/8] [=========44%                ] nsys-pa-30y-3p.sqlite[2/8] [=========45%                ] nsys-pa-30y-3p.sqlite[2/8] [=========46%                ] nsys-pa-30y-3p.sqlite[2/8] [==========47%               ] nsys-pa-30y-3p.sqlite[2/8] [==========48%               ] nsys-pa-30y-3p.sqlite[2/8] [==========49%               ] nsys-pa-30y-3p.sqlite[2/8] [===========50%              ] nsys-pa-30y-3p.sqlite[2/8] [===========51%              ] nsys-pa-30y-3p.sqlite[2/8] [===========52%              ] nsys-pa-30y-3p.sqlite[2/8] [===========53%              ] nsys-pa-30y-3p.sqlite[2/8] [============54%             ] nsys-pa-30y-3p.sqlite[2/8] [============55%             ] nsys-pa-30y-3p.sqlite[2/8] [============56%             ] nsys-pa-30y-3p.sqlite[2/8] [============57%             ] nsys-pa-30y-3p.sqlite[2/8] [=============58%            ] nsys-pa-30y-3p.sqlite[2/8] [=============59%            ] nsys-pa-30y-3p.sqlite[2/8] [=============60%            ] nsys-pa-30y-3p.sqlite[2/8] [==============61%           ] nsys-pa-30y-3p.sqlite[2/8] [==============62%           ] nsys-pa-30y-3p.sqlite[2/8] [==============63%           ] nsys-pa-30y-3p.sqlite[2/8] [==============64%           ] nsys-pa-30y-3p.sqlite[2/8] [===============65%          ] nsys-pa-30y-3p.sqlite[2/8] [===============66%          ] nsys-pa-30y-3p.sqlite[2/8] [===============67%          ] nsys-pa-30y-3p.sqlite[2/8] [================68%         ] nsys-pa-30y-3p.sqlite[2/8] [================69%         ] nsys-pa-30y-3p.sqlite[2/8] [================70%         ] nsys-pa-30y-3p.sqlite[2/8] [================71%         ] nsys-pa-30y-3p.sqlite[2/8] [=================72%        ] nsys-pa-30y-3p.sqlite[2/8] [=================73%        ] nsys-pa-30y-3p.sqlite[2/8] [=================74%        ] nsys-pa-30y-3p.sqlite[2/8] [==================75%       ] nsys-pa-30y-3p.sqlite[2/8] [==================76%       ] nsys-pa-30y-3p.sqlite[2/8] [==================77%       ] nsys-pa-30y-3p.sqlite[2/8] [==================78%       ] nsys-pa-30y-3p.sqlite[2/8] [===================79%      ] nsys-pa-30y-3p.sqlite[2/8] [===================80%      ] nsys-pa-30y-3p.sqlite[2/8] [===================81%      ] nsys-pa-30y-3p.sqlite[2/8] [===================82%      ] nsys-pa-30y-3p.sqlite[2/8] [====================83%     ] nsys-pa-30y-3p.sqlite[2/8] [====================84%     ] nsys-pa-30y-3p.sqlite[2/8] [====================85%     ] nsys-pa-30y-3p.sqlite[2/8] [=====================86%    ] nsys-pa-30y-3p.sqlite[2/8] [=====================87%    ] nsys-pa-30y-3p.sqlite[2/8] [=====================88%    ] nsys-pa-30y-3p.sqlite[2/8] [=====================89%    ] nsys-pa-30y-3p.sqlite[2/8] [======================90%   ] nsys-pa-30y-3p.sqlite[2/8] [======================91%   ] nsys-pa-30y-3p.sqlite[2/8] [======================92%   ] nsys-pa-30y-3p.sqlite[2/8] [=======================93%  ] nsys-pa-30y-3p.sqlite[2/8] [=======================94%  ] nsys-pa-30y-3p.sqlite[2/8] [=======================95%  ] nsys-pa-30y-3p.sqlite[2/8] [=======================96%  ] nsys-pa-30y-3p.sqlite[2/8] [========================97% ] nsys-pa-30y-3p.sqlite[2/8] [========================98% ] nsys-pa-30y-3p.sqlite[2/8] [========================99% ] nsys-pa-30y-3p.sqlite[2/8] [========================100%] nsys-pa-30y-3p.sqlite[2/8] [========================100%] nsys-pa-30y-3p.sqlite
[3/8] Executing 'nvtx_sum' stats report

 Time (%)  Total Time (ns)  Instances  Avg (ns)  Med (ns)  Min (ns)  Max (ns)   StdDev (ns)   Style             Range          
 --------  ---------------  ---------  --------  --------  --------  ---------  -----------  -------  -------------------------
    100.0    3,586,124,229    701,630   5,111.1   4,837.0     4,400  9,889,261     18,753.8  PushPop  CCCL:cub::DeviceFor::Bulk

[4/8] Executing 'osrt_sum' stats report

 Time (%)  Total Time (ns)  Num Calls    Avg (ns)      Med (ns)    Min (ns)   Max (ns)    StdDev (ns)            Name         
 --------  ---------------  ---------  ------------  ------------  --------  -----------  ------------  ----------------------
     99.1  898,755,384,176     45,411  19,791,578.8  10,061,950.0     1,124  102,493,709  28,025,276.0  poll                  
      0.8    7,167,056,803    239,928      29,871.7      19,435.0     1,004   80,957,023     321,192.4  ioctl                 
      0.0      301,567,663      1,088     277,176.2     209,458.5   151,501    2,665,910     276,530.9  pthread_create        
      0.0      207,520,766         74   2,804,334.7   1,856,578.0   388,719    6,148,003   2,172,971.9  writev                
      0.0      132,357,404      1,687      78,457.3      27,804.0    18,869      624,116     100,082.1  pthread_rwlock_wrlock 
      0.0       36,036,272      1,541      23,385.0      21,831.0     1,017      577,062      18,438.3  pthread_rwlock_rdlock 
      0.0       21,583,338      1,419      15,210.2       9,491.0     1,599      146,596      22,032.6  mmap                  
      0.0       14,918,253          9   1,657,583.7     190,114.0    63,414   10,627,630   3,478,631.5  fopen64               
      0.0       14,652,790      5,974       2,452.8       2,016.0     1,049    2,450,960      31,686.2  read                  
      0.0       13,207,906      2,349       5,622.8       4,318.0     1,037       43,558       4,133.2  munmap                
      0.0        7,099,893        322      22,049.4       6,157.0     1,001    4,564,911     254,167.3  fflush                
      0.0        2,795,540         76      36,783.4      17,981.0     1,409      310,924      49,670.0  write                 
      0.0        1,280,250         30      42,675.0       6,356.0     3,674      771,138     139,557.4  mmap64                
      0.0          723,112         14      51,650.9       4,229.5     1,058      257,771      95,373.4  fclose                
      0.0          319,087         11      29,007.9      25,226.0    18,198       57,091      11,381.9  sem_timedwait         
      0.0          259,440        111       2,337.3       1,867.0     1,001       16,353       1,748.3  fwrite                
      0.0          183,831         41       4,483.7       1,878.0     1,318       29,334       5,707.8  fopen                 
      0.0          179,506         54       3,324.2       2,478.5     1,006       10,287       2,204.6  open64                
      0.0          134,827         22       6,128.5       2,219.0     1,098       25,853       7,895.8  pthread_mutex_lock    
      0.0           83,096          1      83,096.0      83,096.0    83,096       83,096           0.0  pthread_cond_wait     
      0.0           37,192          1      37,192.0      37,192.0    37,192       37,192           0.0  fgets                 
      0.0           27,232          6       4,538.7       4,681.0     1,244        7,241       1,962.4  open                  
      0.0           17,336          2       8,668.0       8,668.0     5,192       12,144       4,915.8  socket                
      0.0           16,633          3       5,544.3       6,836.0     2,135        7,662       2,981.3  pipe2                 
      0.0           14,943          1      14,943.0      14,943.0    14,943       14,943           0.0  connect               
      0.0            6,129          2       3,064.5       3,064.5     1,673        4,456       1,967.9  pthread_cond_broadcast
      0.0            3,593          1       3,593.0       3,593.0     3,593        3,593           0.0  bind                  
      0.0            1,714          1       1,714.0       1,714.0     1,714        1,714           0.0  pthread_mutex_trylock 
      0.0            1,638          1       1,638.0       1,638.0     1,638        1,638           0.0  fcntl                 
      0.0            1,068          1       1,068.0       1,068.0     1,068        1,068           0.0  listen                

[5/8] Executing 'cuda_api_sum' stats report

 Time (%)  Total Time (ns)  Num Calls     Avg (ns)      Med (ns)    Min (ns)    Max (ns)       StdDev (ns)             Name         
 --------  ---------------  ----------  -------------  -----------  --------  -------------  ---------------  ----------------------
     43.9  160,889,482,978         328  490,516,716.4  1,314,881.0       938  6,453,173,158  1,072,699,867.2  cudaStreamSynchronize 
     20.6   75,655,975,385  11,226,016        6,739.3      4,369.0     2,837     10,950,260         17,076.5  cudaMemcpy            
     16.8   61,552,466,132   9,122,044        6,747.7      5,865.0     3,707     81,661,729         54,514.2  cudaFree              
     15.6   57,176,463,338  10,525,192        5,432.3      4,504.0     1,984     46,781,282         33,605.0  cudaMalloc            
      1.3    4,922,515,773   1,403,534        3,507.2      3,250.0     2,813      5,281,622          7,900.6  cudaMemset            
      1.1    4,129,577,729         360   11,471,049.2    885,846.0    10,206    191,366,528     36,217,882.1  cudaMemcpyAsync       
      0.6    2,290,365,735     702,032        3,262.5      2,989.0     2,665     29,856,172         40,410.7  cudaLaunchKernel      
      0.0      145,721,642          30    4,857,388.1     60,533.5    43,626    143,769,439     26,236,313.3  cudaMemGetInfo        
      0.0       43,752,036         208      210,346.3     45,220.5    10,123      9,823,154        940,254.3  cudaMallocManaged     
      0.0       12,242,079         104      117,712.3     39,913.5     6,133        415,637        126,106.3  cudaDeviceSynchronize 
      0.0        1,134,989          30       37,833.0     28,077.0    25,210        217,595         34,532.1  cudaStreamCreate      
      0.0          904,833          60       15,080.6     13,495.5     7,609         32,729          6,548.3  cudaMemsetAsync       
      0.0          616,141          30       20,538.0     19,889.0    12,681         25,782          2,348.7  cudaStreamDestroy     
      0.0            1,245           1        1,245.0      1,245.0     1,245          1,245              0.0  cuModuleGetLoadingMode

[6/8] Executing 'cuda_gpu_kern_sum' stats report

 Time (%)  Total Time (ns)  Instances     Avg (ns)         Med (ns)       Min (ns)      Max (ns)       StdDev (ns)                                                    Name                                                
 --------  ---------------  ---------  ---------------  ---------------  -----------  -------------  ---------------  ----------------------------------------------------------------------------------------------------
     84.9  140,494,150,635         52  2,701,810,589.1  2,584,131,363.5  751,869,693  6,453,143,679  1,150,923,770.8  kernelCallStage1(int, int, int, ABM *, Graph *, DeviceGraph *, DeviceGraph *, device_map<int, Node>…
     11.2   18,553,102,361         52    356,790,430.0    327,247,951.0  115,655,503    670,926,841    161,261,282.5  kernelCallStage3(int, int, int, ABM *, Graph *, int, device_map<int, Node>::device_view, ABMStageSt…
      2.3    3,795,823,396         30    126,527,446.5    121,669,749.0   66,983,505    191,356,831     35,875,781.2  void cuco::legacy::detail::insert<(unsigned long)128, (unsigned int)4, cuco::pair<int, int> *, cuda…
      1.1    1,780,327,342         52     34,237,064.3     29,858,232.0    8,184,778    176,656,257     26,151,858.9  kernelCallStage2(int, int, int, ABM *, Graph *, cuco::static_set_ref<int, (cuda::std::__4::thread_s…
      0.5      848,829,009    701,600          1,209.8          1,279.0        1,087          1,760             94.9  void cub::CUB_300002_SM_900::detail::for_each::static_kernel<cub::CUB_300002_SM_900::detail::for_ea…
      0.0       59,439,523         52      1,143,067.8      1,209,138.5      681,409      1,477,411        205,427.3  kernelCallStage4(int, int, int, ABM *, Graph *, int, device_map<int, Node>::device_view, ABMStageSt…
      0.0       11,855,704        104        113,997.2         35,584.0        2,592        359,361        125,903.1  kernel_extract_vector_sizes(device_vector *, int *, int)                                            
      0.0        4,969,319         30        165,644.0        171,120.5       49,600        354,209         66,979.3  void cuco::detail::open_addressing_ns::insert_if_n<(int)1, (int)128, int *, thrust::THRUST_300002_S…
      0.0          115,873         30          3,862.4          3,824.0        2,816          5,056            649.3  void cuco::legacy::detail::initialize<(unsigned long)256, cuda::__4::atomic<int, (cuda::std::__4::t…
      0.0           42,337         30          1,411.2          1,392.0        1,280          1,632            111.9  void cub::CUB_300002_SM_900::detail::for_each::static_kernel<cub::CUB_300002_SM_900::detail::for_ea…

[7/8] Executing 'cuda_gpu_mem_time_sum' stats report

 Time (%)  Total Time (ns)    Count    Avg (ns)  Med (ns)  Min (ns)  Max (ns)   StdDev (ns)               Operation              
 --------  ---------------  ---------  --------  --------  --------  ---------  -----------  ------------------------------------
     44.1    7,133,015,156  8,419,760     847.2     768.0       703  8,256,276     14,692.7  [CUDA memcpy Host-to-Device]        
     42.6    6,882,475,077  2,806,616   2,452.2   2,464.0     1,856     41,472        251.2  [CUDA memcpy Device-to-Host]        
     13.1    2,118,427,354  1,403,594   1,509.3   1,472.0       736    680,225      5,000.6  [CUDA memset]                       
      0.1       21,010,067      6,976   3,011.8   2,623.0     2,303     21,408      1,615.2  [CUDA memcpy Unified Host-to-Device]
      0.0        5,984,878      1,489   4,019.4   2,975.0     2,367     24,704      2,900.2  [CUDA memcpy Unified Device-to-Host]

[8/8] Executing 'cuda_gpu_mem_size_sum' stats report

 Total (MB)     Count    Avg (MB)  Med (MB)  Min (MB)  Max (MB)   StdDev (MB)               Operation              
 -----------  ---------  --------  --------  --------  ---------  -----------  ------------------------------------
 364,815.210  1,403,594     0.260     0.105     0.000  2,207.270       16.280  [CUDA memset]                       
   5,734.195  8,419,760     0.001     0.000     0.000     95.448        0.155  [CUDA memcpy Host-to-Device]        
     210.600  2,806,616     0.000     0.000     0.000      1.112        0.004  [CUDA memcpy Device-to-Host]        
     183.763      6,976     0.026     0.008     0.004      1.044        0.087  [CUDA memcpy Unified Host-to-Device]
     115.802      1,489     0.078     0.029     0.004      1.044        0.148  [CUDA memcpy Unified Device-to-Host]

Generated:
    /home/jmukher/workspace/uiuc/citation_abm/profile/nsys-pa-30y-3p.nsys-rep
    /home/jmukher/workspace/uiuc/citation_abm/profile/nsys-pa-30y-3p.sqlite
SUCCESS: 904M → profile/nsys-pa-30y-3p.nsys-rep
Running growth rate 5% for 30 years.
Profile output: profile/nsys-pa-30y-5p.nsys-rep
CMD: nsys profile --trace=nvtx,cuda,osrt --gpu-metrics-device=all --gpu-metrics-frequency=10000 --stats=true --force-overwrite=true -o profile/nsys-pa-30y-5p ./abm --edgelist sj_edgelist --nodelist sj_nodelist --out-degree-bag tcen_at_least_five --recency-probabilities sj_recprob --alpha 0.5 --preferential-weight 0.33 --recency-weight 0.33 --fitness-weight 0.33 --growth-rate .05 --fully-random-citations 0.05 --num-cycles 30 --same-year-proportion 0.12 --output-file ./output/30y/gpu-opt-static-output-30y-5p.edgelist --auxiliary-information-file ./output/30y/gpu-opt-static-output-30y-5p.aux --log-file ./output/30y/nsys-gpu-opt-static-pa-30y-5p.log --num-processors 14 --log-level 1

Start ABM....
parse_args....
edgelist....
num-cycles....
output-file....
log-file = ./output/30y/nsys-gpu-opt-static-pa-30y-5p.log....
num-processors = 14....
log-level = 0
er_probability = 0.000000
model = pa
Init ABM....
Exec ABM....
Start execute.Init Graph
Inside  Graph ParseNodelist.....
Populating the continuous_node mappings..
Elapsed time: ParseNodelist : 1100 millisecs = 1 seconds

Inside Graph ParseEdgelist.....
Elapsed time: ParseEdgelist : 1651 millisecs = 1 seconds

In updateNodeInDegreeOutDegree: Update Outdegree first:
In updateNodeInDegreeOutDegree: Update Indegree:
Total (initial):: In-Degree = 899050, Out-Degree = 899050
Elapsed time: 0-1 : 1 seconds
Elapsed time: 1-2 : 1 seconds
Elapsed time: 2-3 : 0 seconds

Initialized Graph. Let us update the indegree and out-degrees... 
Graph init done...
calling InitializeFitness...
final graph size is 2124405 from initial_graph_size of 491532.
 populated out degree array.
 Entering loop for year = 1983
Elapsed time: 70-71: total : 0.274 secs, iter cost : 0 seconds

Elapsed time: 71-72: total : 0.321 secs, iter cost : 0 seconds

Elapsed time: 72-73: total : 19 millisecs, iter cost : 19 mseconds

num_new_nodes = 24577, current_graph_size = 491532, growth rate = 0.050000 
Elapsed time: 73-74: total : 0 millisecs, iter cost : 0 mseconds

Elapsed time: 74-75: total : 22 millisecs, iter cost : 22 mseconds

all new nodes initialized with years and mapped. FillSameYearSourceNodes with new_nodes_vec.size() = 24577
checking same_year_source_nodes size.
Elapsed time: 75-76: total : 0 millisecs, iter cost : 0 mseconds

new_nodes_vec.size() b4 : 24577

updated  updateGraphAttributesGeneratorNode .... 
Elapsed time: 76-77: total : 61 millisecs, iter cost : 61 mseconds

continuous_node_mapping.size() b5 : 516109, reverse_continuous_node_mapping size = 516109

[PA Model] Building connections using Preferential Attachment

Inside optimized buildOneNodeConnections...
Initial Free: 80526.5 MB / 81079.4 MB

[prepareGraph] num_vertices = 491532

[prepareGraph] edges = 899050, offsets = 491533 (should be V+1 = 491533)

[prepareGraph] num_vertices = 491532

[prepareGraph] edges = 899050, offsets = 491533 (should be V+1 = 491533)

Year 1983: 24577 new nodes, 489333 new edges

Elapsed time: 78-781 : total : 9.577 secs, this iter cost : 9.577 seconds

Elapsed time: 78-79 : total : 9.77 secs, this iter cost : 9.77 seconds

updateNodeInDegreeOutDegree(year=1983): updated 24577 out-degrees, 264147 in-degrees
Elapsed time: 79-81 : total : 0.258 secs, this iter cost : 0 seconds

Elapsed time: 79-80 : total : 0.131 secs, this iter cost : 0 seconds

Elapsed time: 80-81 : total : 0.127 secs, this iter cost : 0 seconds

Elapsed time: 70-81 : total : 10.728 secs, this iter cost : 10 seconds

 Entering loop for year = 1984
Elapsed time: 70-71: total : 0.561 secs, iter cost : 0 seconds

Elapsed time: 71-72: total : 0.657 secs, iter cost : 0 seconds

Elapsed time: 72-73: total : 48 millisecs, iter cost : 29 mseconds

num_new_nodes = 25806, current_graph_size = 516109, growth rate = 0.050000 
Elapsed time: 73-74: total : 0 millisecs, iter cost : 0 mseconds

Elapsed time: 74-75: total : 39 millisecs, iter cost : 17 mseconds

all new nodes initialized with years and mapped. FillSameYearSourceNodes with new_nodes_vec.size() = 25806
checking same_year_source_nodes size.
Elapsed time: 75-76: total : 0 millisecs, iter cost : 0 mseconds

new_nodes_vec.size() b4 : 25806

updated  updateGraphAttributesGeneratorNode .... 
Elapsed time: 76-77: total : 125 millisecs, iter cost : 64 mseconds

continuous_node_mapping.size() b5 : 541915, reverse_continuous_node_mapping size = 541915

[PA Model] Building connections using Preferential Attachment

Inside optimized buildOneNodeConnections...
Initial Free: 80302.5 MB / 81079.4 MB

[prepareGraph] num_vertices = 516109

[prepareGraph] edges = 1388383, offsets = 516110 (should be V+1 = 516110)

[prepareGraph] num_vertices = 516109

[prepareGraph] edges = 1388383, offsets = 516110 (should be V+1 = 516110)

Year 1984: 25806 new nodes, 513533 new edges

Elapsed time: 78-781 : total : 19.566 secs, this iter cost : 9.989 seconds

Elapsed time: 78-79 : total : 19.977 secs, this iter cost : 10.207 seconds

updateNodeInDegreeOutDegree(year=1984): updated 25806 out-degrees, 271878 in-degrees
Elapsed time: 79-81 : total : 0.525 secs, this iter cost : 0 seconds

Elapsed time: 79-80 : total : 0.268 secs, this iter cost : 0 seconds

Elapsed time: 80-81 : total : 0.257 secs, this iter cost : 0 seconds

Elapsed time: 70-81 : total : 21.939 secs, this iter cost : 11 seconds

 Entering loop for year = 1985
Elapsed time: 70-71: total : 0.847 secs, iter cost : 0 seconds

Elapsed time: 71-72: total : 0.988 secs, iter cost : 0 seconds

Elapsed time: 72-73: total : 65 millisecs, iter cost : 17 mseconds

num_new_nodes = 27096, current_graph_size = 541915, growth rate = 0.050000 
Elapsed time: 73-74: total : 4 millisecs, iter cost : 4 mseconds

Elapsed time: 74-75: total : 55 millisecs, iter cost : 16 mseconds

all new nodes initialized with years and mapped. FillSameYearSourceNodes with new_nodes_vec.size() = 27096
checking same_year_source_nodes size.
Elapsed time: 75-76: total : 0 millisecs, iter cost : 0 mseconds

new_nodes_vec.size() b4 : 27096

updated  updateGraphAttributesGeneratorNode .... 
Elapsed time: 76-77: total : 191 millisecs, iter cost : 66 mseconds

continuous_node_mapping.size() b5 : 569011, reverse_continuous_node_mapping size = 569011

[PA Model] Building connections using Preferential Attachment

Inside optimized buildOneNodeConnections...
Initial Free: 80268.5 MB / 81079.4 MB

[prepareGraph] num_vertices = 541915

[prepareGraph] edges = 1901916, offsets = 541916 (should be V+1 = 541916)

[prepareGraph] num_vertices = 541915

[prepareGraph] edges = 1901916, offsets = 541916 (should be V+1 = 541916)

Year 1985: 27096 new nodes, 538789 new edges

Elapsed time: 78-781 : total : 30.073 secs, this iter cost : 10.507 seconds

Elapsed time: 78-79 : total : 30.652 secs, this iter cost : 10.675 seconds

updateNodeInDegreeOutDegree(year=1985): updated 27096 out-degrees, 277671 in-degrees
Elapsed time: 79-81 : total : 0.783 secs, this iter cost : 0 seconds

Elapsed time: 79-80 : total : 0.383 secs, this iter cost : 0 seconds

Elapsed time: 80-81 : total : 0.399 secs, this iter cost : 0 seconds

Elapsed time: 70-81 : total : 33.595 secs, this iter cost : 11 seconds

 Entering loop for year = 1986
Elapsed time: 70-71: total : 1.173 secs, iter cost : 0 seconds

Elapsed time: 71-72: total : 1.33 secs, iter cost : 0 seconds

Elapsed time: 72-73: total : 83 millisecs, iter cost : 18 mseconds

num_new_nodes = 28451, current_graph_size = 569011, growth rate = 0.050000 
Elapsed time: 73-74: total : 4 millisecs, iter cost : 0 mseconds

Elapsed time: 74-75: total : 70 millisecs, iter cost : 15 mseconds

all new nodes initialized with years and mapped. FillSameYearSourceNodes with new_nodes_vec.size() = 28451
checking same_year_source_nodes size.
Elapsed time: 75-76: total : 0 millisecs, iter cost : 0 mseconds

new_nodes_vec.size() b4 : 28451

updated  updateGraphAttributesGeneratorNode .... 
Elapsed time: 76-77: total : 263 millisecs, iter cost : 72 mseconds

continuous_node_mapping.size() b5 : 597462, reverse_continuous_node_mapping size = 597462

[PA Model] Building connections using Preferential Attachment

Inside optimized buildOneNodeConnections...
Initial Free: 80236.5 MB / 81079.4 MB

[prepareGraph] num_vertices = 569011

[prepareGraph] edges = 2440705, offsets = 569012 (should be V+1 = 569012)

[prepareGraph] num_vertices = 569011

[prepareGraph] edges = 2440705, offsets = 569012 (should be V+1 = 569012)

Year 1986: 28451 new nodes, 565851 new edges

Elapsed time: 78-781 : total : 41.759 secs, this iter cost : 11.686 seconds

Elapsed time: 78-79 : total : 42.61 secs, this iter cost : 11.958 seconds

updateNodeInDegreeOutDegree(year=1986): updated 28451 out-degrees, 283926 in-degrees
Elapsed time: 79-81 : total : 1.07 secs, this iter cost : 0 seconds

Elapsed time: 79-80 : total : 0.531 secs, this iter cost : 0 seconds

Elapsed time: 80-81 : total : 0.537 secs, this iter cost : 0 seconds

Elapsed time: 70-81 : total : 46.617 secs, this iter cost : 13 seconds

 Entering loop for year = 1987
Elapsed time: 70-71: total : 1.473 secs, iter cost : 0 seconds

Elapsed time: 71-72: total : 1.674 secs, iter cost : 0 seconds

Elapsed time: 72-73: total : 102 millisecs, iter cost : 19 mseconds

num_new_nodes = 29874, current_graph_size = 597462, growth rate = 0.050000 
Elapsed time: 73-74: total : 4 millisecs, iter cost : 0 mseconds

Elapsed time: 74-75: total : 84 millisecs, iter cost : 14 mseconds

all new nodes initialized with years and mapped. FillSameYearSourceNodes with new_nodes_vec.size() = 29874
checking same_year_source_nodes size.
Elapsed time: 75-76: total : 0 millisecs, iter cost : 0 mseconds

new_nodes_vec.size() b4 : 29874

updated  updateGraphAttributesGeneratorNode .... 
Elapsed time: 76-77: total : 335 millisecs, iter cost : 72 mseconds

continuous_node_mapping.size() b5 : 627336, reverse_continuous_node_mapping size = 627336

[PA Model] Building connections using Preferential Attachment

Inside optimized buildOneNodeConnections...
Initial Free: 80198.5 MB / 81079.4 MB

[prepareGraph] num_vertices = 597462

[prepareGraph] edges = 3006556, offsets = 597463 (should be V+1 = 597463)

[prepareGraph] num_vertices = 597462

[prepareGraph] edges = 3006556, offsets = 597463 (should be V+1 = 597463)

Year 1987: 29874 new nodes, 593400 new edges

Elapsed time: 78-781 : total : 54.503 secs, this iter cost : 12.744 seconds

Elapsed time: 78-79 : total : 55.634 secs, this iter cost : 13.024 seconds

updateNodeInDegreeOutDegree(year=1987): updated 29874 out-degrees, 289999 in-degrees
Elapsed time: 79-81 : total : 1.361 secs, this iter cost : 0 seconds

Elapsed time: 79-80 : total : 0.673 secs, this iter cost : 0 seconds

Elapsed time: 80-81 : total : 0.686 secs, this iter cost : 0 seconds

Elapsed time: 70-81 : total : 60.684 secs, this iter cost : 14 seconds

 Entering loop for year = 1988
Elapsed time: 70-71: total : 1.781 secs, iter cost : 0 seconds

Elapsed time: 71-72: total : 2.025 secs, iter cost : 0 seconds

Elapsed time: 72-73: total : 125 millisecs, iter cost : 23 mseconds

num_new_nodes = 31367, current_graph_size = 627336, growth rate = 0.050000 
Elapsed time: 73-74: total : 4 millisecs, iter cost : 0 mseconds

Elapsed time: 74-75: total : 98 millisecs, iter cost : 14 mseconds

all new nodes initialized with years and mapped. FillSameYearSourceNodes with new_nodes_vec.size() = 31367
checking same_year_source_nodes size.
Elapsed time: 75-76: total : 0 millisecs, iter cost : 0 mseconds

new_nodes_vec.size() b4 : 31367

updated  updateGraphAttributesGeneratorNode .... 
Elapsed time: 76-77: total : 420 millisecs, iter cost : 85 mseconds

continuous_node_mapping.size() b5 : 658703, reverse_continuous_node_mapping size = 658703

[PA Model] Building connections using Preferential Attachment

Inside optimized buildOneNodeConnections...
Initial Free: 80160.5 MB / 81079.4 MB

[prepareGraph] num_vertices = 627336

[prepareGraph] edges = 3599956, offsets = 627337 (should be V+1 = 627337)

[prepareGraph] num_vertices = 627336

[prepareGraph] edges = 3599956, offsets = 627337 (should be V+1 = 627337)

Year 1988: 31367 new nodes, 621743 new edges

Elapsed time: 78-781 : total : 67.475 secs, this iter cost : 12.972 seconds

Elapsed time: 78-79 : total : 68.875 secs, this iter cost : 13.241 seconds

updateNodeInDegreeOutDegree(year=1988): updated 31367 out-degrees, 296116 in-degrees
Elapsed time: 79-81 : total : 1.659 secs, this iter cost : 0 seconds

Elapsed time: 79-80 : total : 0.818 secs, this iter cost : 0 seconds

Elapsed time: 80-81 : total : 0.839 secs, this iter cost : 0 seconds

Elapsed time: 70-81 : total : 75.009 secs, this iter cost : 14 seconds

 Entering loop for year = 1989
Elapsed time: 70-71: total : 2.086 secs, iter cost : 0 seconds

Elapsed time: 71-72: total : 2.386 secs, iter cost : 0 seconds

Elapsed time: 72-73: total : 144 millisecs, iter cost : 19 mseconds

num_new_nodes = 32936, current_graph_size = 658703, growth rate = 0.050000 
Elapsed time: 73-74: total : 4 millisecs, iter cost : 0 mseconds

Elapsed time: 74-75: total : 113 millisecs, iter cost : 15 mseconds

all new nodes initialized with years and mapped. FillSameYearSourceNodes with new_nodes_vec.size() = 32936
checking same_year_source_nodes size.
Elapsed time: 75-76: total : 0 millisecs, iter cost : 0 mseconds

new_nodes_vec.size() b4 : 32936

updated  updateGraphAttributesGeneratorNode .... 
Elapsed time: 76-77: total : 499 millisecs, iter cost : 79 mseconds

continuous_node_mapping.size() b5 : 691639, reverse_continuous_node_mapping size = 691639

[PA Model] Building connections using Preferential Attachment

Inside optimized buildOneNodeConnections...
Initial Free: 80120.5 MB / 81079.4 MB

[prepareGraph] num_vertices = 658703

[prepareGraph] edges = 4221699, offsets = 658704 (should be V+1 = 658704)

[prepareGraph] num_vertices = 658703

[prepareGraph] edges = 4221699, offsets = 658704 (should be V+1 = 658704)

Year 1989: 32936 new nodes, 653058 new edges

Elapsed time: 78-781 : total : 81.549 secs, this iter cost : 14.074 seconds

Elapsed time: 78-79 : total : 83.236 secs, this iter cost : 14.361 seconds

updateNodeInDegreeOutDegree(year=1989): updated 32936 out-degrees, 305374 in-degrees
Elapsed time: 79-81 : total : 1.971 secs, this iter cost : 0 seconds

Elapsed time: 79-80 : total : 0.967 secs, this iter cost : 0 seconds

Elapsed time: 80-81 : total : 1.002 secs, this iter cost : 0 seconds

Elapsed time: 70-81 : total : 90.463 secs, this iter cost : 15 seconds

 Entering loop for year = 1990
Elapsed time: 70-71: total : 2.402 secs, iter cost : 0 seconds

Elapsed time: 71-72: total : 2.764 secs, iter cost : 0 seconds

Elapsed time: 72-73: total : 158 millisecs, iter cost : 14 mseconds

num_new_nodes = 34582, current_graph_size = 691639, growth rate = 0.050000 
Elapsed time: 73-74: total : 4 millisecs, iter cost : 0 mseconds

Elapsed time: 74-75: total : 129 millisecs, iter cost : 16 mseconds

all new nodes initialized with years and mapped. FillSameYearSourceNodes with new_nodes_vec.size() = 34582
checking same_year_source_nodes size.
Elapsed time: 75-76: total : 0 millisecs, iter cost : 0 mseconds

new_nodes_vec.size() b4 : 34582

updated  updateGraphAttributesGeneratorNode .... 
Elapsed time: 76-77: total : 586 millisecs, iter cost : 87 mseconds

continuous_node_mapping.size() b5 : 726221, reverse_continuous_node_mapping size = 726221

[PA Model] Building connections using Preferential Attachment

Inside optimized buildOneNodeConnections...
Initial Free: 80080.5 MB / 81079.4 MB

[prepareGraph] num_vertices = 691639

[prepareGraph] edges = 4874757, offsets = 691640 (should be V+1 = 691640)

[prepareGraph] num_vertices = 691639

[prepareGraph] edges = 4874757, offsets = 691640 (should be V+1 = 691640)

Year 1990: 34582 new nodes, 684966 new edges

Elapsed time: 78-781 : total : 98.962 secs, this iter cost : 17.413 seconds

Elapsed time: 78-79 : total : 100.959 secs, this iter cost : 17.723 seconds

updateNodeInDegreeOutDegree(year=1990): updated 34582 out-degrees, 314263 in-degrees
Elapsed time: 79-81 : total : 2.304 secs, this iter cost : 0 seconds

Elapsed time: 79-80 : total : 1.123 secs, this iter cost : 0 seconds

Elapsed time: 80-81 : total : 1.178 secs, this iter cost : 0 seconds

Elapsed time: 70-81 : total : 109.333 secs, this iter cost : 18 seconds

 Entering loop for year = 1991
Elapsed time: 70-71: total : 2.735 secs, iter cost : 0 seconds

Elapsed time: 71-72: total : 3.122 secs, iter cost : 0 seconds

Elapsed time: 72-73: total : 159 millisecs, iter cost : 1 mseconds

num_new_nodes = 36312, current_graph_size = 726221, growth rate = 0.050000 
Elapsed time: 73-74: total : 4 millisecs, iter cost : 0 mseconds

Elapsed time: 74-75: total : 145 millisecs, iter cost : 16 mseconds

all new nodes initialized with years and mapped. FillSameYearSourceNodes with new_nodes_vec.size() = 36312
checking same_year_source_nodes size.
Elapsed time: 75-76: total : 0 millisecs, iter cost : 0 mseconds

new_nodes_vec.size() b4 : 36312

updated  updateGraphAttributesGeneratorNode .... 
Elapsed time: 76-77: total : 677 millisecs, iter cost : 91 mseconds

continuous_node_mapping.size() b5 : 762533, reverse_continuous_node_mapping size = 762533

[PA Model] Building connections using Preferential Attachment

Inside optimized buildOneNodeConnections...
Initial Free: 80038.5 MB / 81079.4 MB

[prepareGraph] num_vertices = 726221

[prepareGraph] edges = 5559723, offsets = 726222 (should be V+1 = 726222)

[prepareGraph] num_vertices = 726221

[prepareGraph] edges = 5559723, offsets = 726222 (should be V+1 = 726222)

Year 1991: 36312 new nodes, 719763 new edges

Elapsed time: 78-781 : total : 117.292 secs, this iter cost : 18.33 seconds

Elapsed time: 78-79 : total : 119.645 secs, this iter cost : 18.686 seconds

updateNodeInDegreeOutDegree(year=1991): updated 36312 out-degrees, 325661 in-degrees
Elapsed time: 79-81 : total : 2.65 secs, this iter cost : 0 seconds

Elapsed time: 79-80 : total : 1.283 secs, this iter cost : 0 seconds

Elapsed time: 80-81 : total : 1.363 secs, this iter cost : 0 seconds

Elapsed time: 70-81 : total : 129.166 secs, this iter cost : 19 seconds

 Entering loop for year = 1992
Elapsed time: 70-71: total : 3.067 secs, iter cost : 0 seconds

Elapsed time: 71-72: total : 3.505 secs, iter cost : 0 seconds

Elapsed time: 72-73: total : 178 millisecs, iter cost : 19 mseconds

num_new_nodes = 38127, current_graph_size = 762533, growth rate = 0.050000 
Elapsed time: 73-74: total : 4 millisecs, iter cost : 0 mseconds

Elapsed time: 74-75: total : 163 millisecs, iter cost : 18 mseconds

all new nodes initialized with years and mapped. FillSameYearSourceNodes with new_nodes_vec.size() = 38127
checking same_year_source_nodes size.
Elapsed time: 75-76: total : 0 millisecs, iter cost : 0 mseconds

new_nodes_vec.size() b4 : 38127

updated  updateGraphAttributesGeneratorNode .... 
Elapsed time: 76-77: total : 771 millisecs, iter cost : 94 mseconds

continuous_node_mapping.size() b5 : 800660, reverse_continuous_node_mapping size = 800660

[PA Model] Building connections using Preferential Attachment

Inside optimized buildOneNodeConnections...
Initial Free: 79996.5 MB / 81079.4 MB

[prepareGraph] num_vertices = 762533

[prepareGraph] edges = 6279486, offsets = 762534 (should be V+1 = 762534)

[prepareGraph] num_vertices = 762533

[prepareGraph] edges = 6279486, offsets = 762534 (should be V+1 = 762534)

Year 1992: 38127 new nodes, 754199 new edges

Elapsed time: 78-781 : total : 138.127 secs, this iter cost : 20.835 seconds

Elapsed time: 78-79 : total : 140.855 secs, this iter cost : 21.21 seconds

updateNodeInDegreeOutDegree(year=1992): updated 38127 out-degrees, 336016 in-degrees
Elapsed time: 79-81 : total : 3.01 secs, this iter cost : 0 seconds

Elapsed time: 79-80 : total : 1.451 secs, this iter cost : 0 seconds

Elapsed time: 80-81 : total : 1.555 secs, this iter cost : 0 seconds

Elapsed time: 70-81 : total : 151.585 secs, this iter cost : 22 seconds

 Entering loop for year = 1993
Elapsed time: 70-71: total : 3.413 secs, iter cost : 0 seconds

Elapsed time: 71-72: total : 3.911 secs, iter cost : 0 seconds

Elapsed time: 72-73: total : 197 millisecs, iter cost : 19 mseconds

num_new_nodes = 40033, current_graph_size = 800660, growth rate = 0.050000 
Elapsed time: 73-74: total : 4 millisecs, iter cost : 0 mseconds

Elapsed time: 74-75: total : 182 millisecs, iter cost : 19 mseconds

all new nodes initialized with years and mapped. FillSameYearSourceNodes with new_nodes_vec.size() = 40033
checking same_year_source_nodes size.
Elapsed time: 75-76: total : 0 millisecs, iter cost : 0 mseconds

new_nodes_vec.size() b4 : 40033

updated  updateGraphAttributesGeneratorNode .... 
Elapsed time: 76-77: total : 870 millisecs, iter cost : 99 mseconds

continuous_node_mapping.size() b5 : 840693, reverse_continuous_node_mapping size = 840693

[PA Model] Building connections using Preferential Attachment

Inside optimized buildOneNodeConnections...
Initial Free: 79104.5 MB / 81079.4 MB

[prepareGraph] num_vertices = 800660

[prepareGraph] edges = 7033685, offsets = 800661 (should be V+1 = 800661)

[prepareGraph] num_vertices = 800660

[prepareGraph] edges = 7033685, offsets = 800661 (should be V+1 = 800661)

Year 1993: 40033 new nodes, 789748 new edges

Elapsed time: 78-781 : total : 158.611 secs, this iter cost : 20.484 seconds

Elapsed time: 78-79 : total : 161.739 secs, this iter cost : 20.884 seconds

updateNodeInDegreeOutDegree(year=1993): updated 40033 out-degrees, 350229 in-degrees
Elapsed time: 79-81 : total : 3.388 secs, this iter cost : 0 seconds

Elapsed time: 79-80 : total : 1.626 secs, this iter cost : 0 seconds

Elapsed time: 80-81 : total : 1.758 secs, this iter cost : 0 seconds

Elapsed time: 70-81 : total : 173.739 secs, this iter cost : 22 seconds

 Entering loop for year = 1994
Elapsed time: 70-71: total : 3.766 secs, iter cost : 0 seconds

Elapsed time: 71-72: total : 4.318 secs, iter cost : 0 seconds

Elapsed time: 72-73: total : 216 millisecs, iter cost : 19 mseconds

num_new_nodes = 42035, current_graph_size = 840693, growth rate = 0.050000 
Elapsed time: 73-74: total : 4 millisecs, iter cost : 0 mseconds

Elapsed time: 74-75: total : 202 millisecs, iter cost : 20 mseconds

all new nodes initialized with years and mapped. FillSameYearSourceNodes with new_nodes_vec.size() = 42035
checking same_year_source_nodes size.
Elapsed time: 75-76: total : 0 millisecs, iter cost : 0 mseconds

new_nodes_vec.size() b4 : 42035

updated  updateGraphAttributesGeneratorNode .... 
Elapsed time: 76-77: total : 974 millisecs, iter cost : 104 mseconds

continuous_node_mapping.size() b5 : 882728, reverse_continuous_node_mapping size = 882728

[PA Model] Building connections using Preferential Attachment

Inside optimized buildOneNodeConnections...
Initial Free: 78376.5 MB / 81079.4 MB

[prepareGraph] num_vertices = 840693

[prepareGraph] edges = 7823433, offsets = 840694 (should be V+1 = 840694)

[prepareGraph] num_vertices = 840693

[prepareGraph] edges = 7823433, offsets = 840694 (should be V+1 = 840694)

Year 1994: 42035 new nodes, 830121 new edges

Elapsed time: 78-781 : total : 181.26 secs, this iter cost : 22.649 seconds

Elapsed time: 78-79 : total : 184.813 secs, this iter cost : 23.074 seconds

updateNodeInDegreeOutDegree(year=1994): updated 42035 out-degrees, 364245 in-degrees
Elapsed time: 79-81 : total : 3.782 secs, this iter cost : 0 seconds

Elapsed time: 79-80 : total : 1.809 secs, this iter cost : 0 seconds

Elapsed time: 80-81 : total : 1.969 secs, this iter cost : 0 seconds

Elapsed time: 70-81 : total : 198.114 secs, this iter cost : 24 seconds

 Entering loop for year = 1995
Elapsed time: 70-71: total : 4.128 secs, iter cost : 0 seconds

Elapsed time: 71-72: total : 4.744 secs, iter cost : 0 seconds

Elapsed time: 72-73: total : 239 millisecs, iter cost : 23 mseconds

num_new_nodes = 44137, current_graph_size = 882728, growth rate = 0.050000 
Elapsed time: 73-74: total : 4 millisecs, iter cost : 0 mseconds

Elapsed time: 74-75: total : 232 millisecs, iter cost : 30 mseconds

all new nodes initialized with years and mapped. FillSameYearSourceNodes with new_nodes_vec.size() = 44137
checking same_year_source_nodes size.
Elapsed time: 75-76: total : 0 millisecs, iter cost : 0 mseconds

new_nodes_vec.size() b4 : 44137

updated  updateGraphAttributesGeneratorNode .... 
Elapsed time: 76-77: total : 1086 millisecs, iter cost : 112 mseconds

continuous_node_mapping.size() b5 : 926865, reverse_continuous_node_mapping size = 926865

[PA Model] Building connections using Preferential Attachment

Inside optimized buildOneNodeConnections...
Initial Free: 77678.5 MB / 81079.4 MB

[prepareGraph] num_vertices = 882728

[prepareGraph] edges = 8653554, offsets = 882729 (should be V+1 = 882729)

[prepareGraph] num_vertices = 882728

[prepareGraph] edges = 8653554, offsets = 882729 (should be V+1 = 882729)

Year 1995: 44137 new nodes, 871190 new edges

Elapsed time: 78-781 : total : 205.387 secs, this iter cost : 24.127 seconds

Elapsed time: 78-79 : total : 209.368 secs, this iter cost : 24.555 seconds

updateNodeInDegreeOutDegree(year=1995): updated 44137 out-degrees, 380324 in-degrees
Elapsed time: 79-81 : total : 4.195 secs, this iter cost : 0 seconds

Elapsed time: 79-80 : total : 2 secs, this iter cost : 0 seconds

Elapsed time: 80-81 : total : 2.19 secs, this iter cost : 0 seconds

Elapsed time: 70-81 : total : 224.039 secs, this iter cost : 25 seconds

 Entering loop for year = 1996
Elapsed time: 70-71: total : 4.51 secs, iter cost : 0 seconds

Elapsed time: 71-72: total : 5.188 secs, iter cost : 0 seconds

Elapsed time: 72-73: total : 257 millisecs, iter cost : 18 mseconds

num_new_nodes = 46344, current_graph_size = 926865, growth rate = 0.050000 
Elapsed time: 73-74: total : 4 millisecs, iter cost : 0 mseconds

Elapsed time: 74-75: total : 254 millisecs, iter cost : 22 mseconds

all new nodes initialized with years and mapped. FillSameYearSourceNodes with new_nodes_vec.size() = 46344
checking same_year_source_nodes size.
Elapsed time: 75-76: total : 0 millisecs, iter cost : 0 mseconds

new_nodes_vec.size() b4 : 46344

updated  updateGraphAttributesGeneratorNode .... 
Elapsed time: 76-77: total : 1202 millisecs, iter cost : 116 mseconds

continuous_node_mapping.size() b5 : 973209, reverse_continuous_node_mapping size = 973209

[PA Model] Building connections using Preferential Attachment

Inside optimized buildOneNodeConnections...
Initial Free: 77060.5 MB / 81079.4 MB

[prepareGraph] num_vertices = 926865

[prepareGraph] edges = 9524744, offsets = 926866 (should be V+1 = 926866)

[prepareGraph] num_vertices = 926865

[prepareGraph] edges = 9524744, offsets = 926866 (should be V+1 = 926866)

Year 1996: 46344 new nodes, 915067 new edges

Elapsed time: 78-781 : total : 233.681 secs, this iter cost : 28.294 seconds

Elapsed time: 78-79 : total : 238.142 secs, this iter cost : 28.774 seconds

updateNodeInDegreeOutDegree(year=1996): updated 46344 out-degrees, 396325 in-degrees
Elapsed time: 79-81 : total : 4.639 secs, this iter cost : 0 seconds

Elapsed time: 79-80 : total : 2.209 secs, this iter cost : 0 seconds

Elapsed time: 80-81 : total : 2.425 secs, this iter cost : 0 seconds

Elapsed time: 70-81 : total : 254.243 secs, this iter cost : 30 seconds

 Entering loop for year = 1997
Elapsed time: 70-71: total : 4.894 secs, iter cost : 0 seconds

Elapsed time: 71-72: total : 5.63 secs, iter cost : 0 seconds

Elapsed time: 72-73: total : 277 millisecs, iter cost : 20 mseconds

num_new_nodes = 48661, current_graph_size = 973209, growth rate = 0.050000 
Elapsed time: 73-74: total : 4 millisecs, iter cost : 0 mseconds

Elapsed time: 74-75: total : 277 millisecs, iter cost : 23 mseconds

all new nodes initialized with years and mapped. FillSameYearSourceNodes with new_nodes_vec.size() = 48661
checking same_year_source_nodes size.
Elapsed time: 75-76: total : 0 millisecs, iter cost : 0 mseconds

new_nodes_vec.size() b4 : 48661

updated  updateGraphAttributesGeneratorNode .... 
Elapsed time: 76-77: total : 1327 millisecs, iter cost : 125 mseconds

continuous_node_mapping.size() b5 : 1021870, reverse_continuous_node_mapping size = 1021870

[PA Model] Building connections using Preferential Attachment

Inside optimized buildOneNodeConnections...
Initial Free: 77004.5 MB / 81079.4 MB

[prepareGraph] num_vertices = 973209

[prepareGraph] edges = 10439811, offsets = 973210 (should be V+1 = 973210)

[prepareGraph] num_vertices = 973209

[prepareGraph] edges = 10439811, offsets = 973210 (should be V+1 = 973210)

Year 1997: 48661 new nodes, 960509 new edges

Elapsed time: 78-781 : total : 264.676 secs, this iter cost : 30.995 seconds

Elapsed time: 78-79 : total : 269.62 secs, this iter cost : 31.478 seconds

updateNodeInDegreeOutDegree(year=1997): updated 48661 out-degrees, 416253 in-degrees
Elapsed time: 79-81 : total : 5.096 secs, this iter cost : 0 seconds

Elapsed time: 79-80 : total : 2.417 secs, this iter cost : 0 seconds

Elapsed time: 80-81 : total : 2.674 secs, this iter cost : 0 seconds

Elapsed time: 70-81 : total : 287.176 secs, this iter cost : 32 seconds

 Entering loop for year = 1998
Elapsed time: 70-71: total : 5.297 secs, iter cost : 0 seconds

Elapsed time: 71-72: total : 6.101 secs, iter cost : 0 seconds

Elapsed time: 72-73: total : 282 millisecs, iter cost : 5 mseconds

num_new_nodes = 51094, current_graph_size = 1021870, growth rate = 0.050000 
Elapsed time: 73-74: total : 4 millisecs, iter cost : 0 mseconds

Elapsed time: 74-75: total : 301 millisecs, iter cost : 24 mseconds

all new nodes initialized with years and mapped. FillSameYearSourceNodes with new_nodes_vec.size() = 51094
checking same_year_source_nodes size.
Elapsed time: 75-76: total : 0 millisecs, iter cost : 0 mseconds

new_nodes_vec.size() b4 : 51094

updated  updateGraphAttributesGeneratorNode .... 
Elapsed time: 76-77: total : 1451 millisecs, iter cost : 124 mseconds

continuous_node_mapping.size() b5 : 1072964, reverse_continuous_node_mapping size = 1072964

[PA Model] Building connections using Preferential Attachment

Inside optimized buildOneNodeConnections...
Initial Free: 76988.5 MB / 81079.4 MB

[prepareGraph] num_vertices = 1021870

[prepareGraph] edges = 11400320, offsets = 1021871 (should be V+1 = 1021871)

[prepareGraph] num_vertices = 1021870

[prepareGraph] edges = 11400320, offsets = 1021871 (should be V+1 = 1021871)

Year 1998: 51094 new nodes, 1009613 new edges

Elapsed time: 78-781 : total : 298.317 secs, this iter cost : 33.641 seconds

Elapsed time: 78-79 : total : 303.789 secs, this iter cost : 34.169 seconds

updateNodeInDegreeOutDegree(year=1998): updated 51094 out-degrees, 434225 in-degrees
Elapsed time: 79-81 : total : 5.563 secs, this iter cost : 0 seconds

Elapsed time: 79-80 : total : 2.633 secs, this iter cost : 0 seconds

Elapsed time: 80-81 : total : 2.924 secs, this iter cost : 0 seconds

Elapsed time: 70-81 : total : 322.843 secs, this iter cost : 35 seconds

 Entering loop for year = 1999
Elapsed time: 70-71: total : 5.721 secs, iter cost : 0 seconds

Elapsed time: 71-72: total : 6.582 secs, iter cost : 0 seconds

Elapsed time: 72-73: total : 302 millisecs, iter cost : 20 mseconds

num_new_nodes = 53649, current_graph_size = 1072964, growth rate = 0.050000 
Elapsed time: 73-74: total : 4 millisecs, iter cost : 0 mseconds

Elapsed time: 74-75: total : 327 millisecs, iter cost : 26 mseconds

all new nodes initialized with years and mapped. FillSameYearSourceNodes with new_nodes_vec.size() = 53649
checking same_year_source_nodes size.
Elapsed time: 75-76: total : 0 millisecs, iter cost : 0 mseconds

new_nodes_vec.size() b4 : 53649

updated  updateGraphAttributesGeneratorNode .... 
Elapsed time: 76-77: total : 1581 millisecs, iter cost : 130 mseconds

continuous_node_mapping.size() b5 : 1126613, reverse_continuous_node_mapping size = 1126613

[PA Model] Building connections using Preferential Attachment

Inside optimized buildOneNodeConnections...
Initial Free: 76974.5 MB / 81079.4 MB

[prepareGraph] num_vertices = 1072964

[prepareGraph] edges = 12409933, offsets = 1072965 (should be V+1 = 1072965)

[prepareGraph] num_vertices = 1072964

[prepareGraph] edges = 12409933, offsets = 1072965 (should be V+1 = 1072965)

Year 1999: 53649 new nodes, 1061453 new edges

Elapsed time: 78-781 : total : 339.664 secs, this iter cost : 41.347 seconds

Elapsed time: 78-79 : total : 345.674 secs, this iter cost : 41.885 seconds

updateNodeInDegreeOutDegree(year=1999): updated 53649 out-degrees, 456724 in-degrees
Elapsed time: 79-81 : total : 6.061 secs, this iter cost : 0 seconds

Elapsed time: 79-80 : total : 2.859 secs, this iter cost : 0 seconds

Elapsed time: 80-81 : total : 3.195 secs, this iter cost : 0 seconds

Elapsed time: 70-81 : total : 366.311 secs, this iter cost : 43 seconds

 Entering loop for year = 2000
Elapsed time: 70-71: total : 6.152 secs, iter cost : 0 seconds

Elapsed time: 71-72: total : 7.072 secs, iter cost : 0 seconds

Elapsed time: 72-73: total : 317 millisecs, iter cost : 15 mseconds

num_new_nodes = 56331, current_graph_size = 1126613, growth rate = 0.050000 
Elapsed time: 73-74: total : 4 millisecs, iter cost : 0 mseconds

Elapsed time: 74-75: total : 355 millisecs, iter cost : 28 mseconds

all new nodes initialized with years and mapped. FillSameYearSourceNodes with new_nodes_vec.size() = 56331
checking same_year_source_nodes size.
Elapsed time: 75-76: total : 0 millisecs, iter cost : 0 mseconds

new_nodes_vec.size() b4 : 56331

updated  updateGraphAttributesGeneratorNode .... 
Elapsed time: 76-77: total : 1721 millisecs, iter cost : 140 mseconds

continuous_node_mapping.size() b5 : 1182944, reverse_continuous_node_mapping size = 1182944

[PA Model] Building connections using Preferential Attachment

Inside optimized buildOneNodeConnections...
Initial Free: 76068.5 MB / 81079.4 MB

[prepareGraph] num_vertices = 1126613

[prepareGraph] edges = 13471386, offsets = 1126614 (should be V+1 = 1126614)

[prepareGraph] num_vertices = 1126613

[prepareGraph] edges = 13471386, offsets = 1126614 (should be V+1 = 1126614)

Year 2000: 56331 new nodes, 1116548 new edges

Elapsed time: 78-781 : total : 382.884 secs, this iter cost : 43.22 seconds

Elapsed time: 78-79 : total : 389.458 secs, this iter cost : 43.784 seconds

updateNodeInDegreeOutDegree(year=2000): updated 56331 out-degrees, 479947 in-degrees
Elapsed time: 79-81 : total : 6.584 secs, this iter cost : 0 seconds

Elapsed time: 79-80 : total : 3.101 secs, this iter cost : 0 seconds

Elapsed time: 80-81 : total : 3.475 secs, this iter cost : 0 seconds

Elapsed time: 70-81 : total : 411.725 secs, this iter cost : 45 seconds

 Entering loop for year = 2001
Elapsed time: 70-71: total : 6.605 secs, iter cost : 0 seconds

Elapsed time: 71-72: total : 7.581 secs, iter cost : 0 seconds

Elapsed time: 72-73: total : 337 millisecs, iter cost : 20 mseconds

num_new_nodes = 59148, current_graph_size = 1182944, growth rate = 0.050000 
Elapsed time: 73-74: total : 4 millisecs, iter cost : 0 mseconds

Elapsed time: 74-75: total : 385 millisecs, iter cost : 30 mseconds

all new nodes initialized with years and mapped. FillSameYearSourceNodes with new_nodes_vec.size() = 59148
checking same_year_source_nodes size.
Elapsed time: 75-76: total : 0 millisecs, iter cost : 0 mseconds

new_nodes_vec.size() b4 : 59148

updated  updateGraphAttributesGeneratorNode .... 
Elapsed time: 76-77: total : 1866 millisecs, iter cost : 145 mseconds

continuous_node_mapping.size() b5 : 1242092, reverse_continuous_node_mapping size = 1242092

[PA Model] Building connections using Preferential Attachment

Inside optimized buildOneNodeConnections...
Initial Free: 76052.5 MB / 81079.4 MB

[prepareGraph] num_vertices = 1182944

[prepareGraph] edges = 14587934, offsets = 1182945 (should be V+1 = 1182945)

[prepareGraph] num_vertices = 1182944

[prepareGraph] edges = 14587934, offsets = 1182945 (should be V+1 = 1182945)

Year 2001: 59148 new nodes, 1172138 new edges

Elapsed time: 78-781 : total : 432.049 secs, this iter cost : 49.165 seconds

Elapsed time: 78-79 : total : 439.235 secs, this iter cost : 49.777 seconds

updateNodeInDegreeOutDegree(year=2001): updated 59148 out-degrees, 503007 in-degrees
Elapsed time: 79-81 : total : 7.137 secs, this iter cost : 0 seconds

Elapsed time: 79-80 : total : 3.35 secs, this iter cost : 0 seconds

Elapsed time: 80-81 : total : 3.778 secs, this iter cost : 0 seconds

Elapsed time: 70-81 : total : 463.216 secs, this iter cost : 51 seconds

 Entering loop for year = 2002
Elapsed time: 70-71: total : 7.053 secs, iter cost : 0 seconds

Elapsed time: 71-72: total : 8.105 secs, iter cost : 0 seconds

Elapsed time: 72-73: total : 352 millisecs, iter cost : 15 mseconds

num_new_nodes = 62105, current_graph_size = 1242092, growth rate = 0.050000 
Elapsed time: 73-74: total : 8 millisecs, iter cost : 4 mseconds

Elapsed time: 74-75: total : 415 millisecs, iter cost : 30 mseconds

all new nodes initialized with years and mapped. FillSameYearSourceNodes with new_nodes_vec.size() = 62105
checking same_year_source_nodes size.
Elapsed time: 75-76: total : 0 millisecs, iter cost : 0 mseconds

new_nodes_vec.size() b4 : 62105

updated  updateGraphAttributesGeneratorNode .... 
Elapsed time: 76-77: total : 2022 millisecs, iter cost : 156 mseconds

continuous_node_mapping.size() b5 : 1304197, reverse_continuous_node_mapping size = 1304197

[PA Model] Building connections using Preferential Attachment

Inside optimized buildOneNodeConnections...
Initial Free: 76032.5 MB / 81079.4 MB

[prepareGraph] num_vertices = 1242092

[prepareGraph] edges = 15760072, offsets = 1242093 (should be V+1 = 1242093)

[prepareGraph] num_vertices = 1242092

[prepareGraph] edges = 15760072, offsets = 1242093 (should be V+1 = 1242093)

Year 2002: 62105 new nodes, 1230308 new edges

Elapsed time: 78-781 : total : 483.271 secs, this iter cost : 51.222 seconds

Elapsed time: 78-79 : total : 491.093 secs, this iter cost : 51.858 seconds

updateNodeInDegreeOutDegree(year=2002): updated 62105 out-degrees, 529652 in-degrees
Elapsed time: 79-81 : total : 7.719 secs, this iter cost : 0 seconds

Elapsed time: 79-80 : total : 3.607 secs, this iter cost : 0 seconds

Elapsed time: 80-81 : total : 4.102 secs, this iter cost : 0 seconds

Elapsed time: 70-81 : total : 516.838 secs, this iter cost : 53 seconds

 Entering loop for year = 2003
Elapsed time: 70-71: total : 7.52 secs, iter cost : 0 seconds

Elapsed time: 71-72: total : 8.638 secs, iter cost : 0 seconds

Elapsed time: 72-73: total : 372 millisecs, iter cost : 20 mseconds

num_new_nodes = 65210, current_graph_size = 1304197, growth rate = 0.050000 
Elapsed time: 73-74: total : 8 millisecs, iter cost : 0 mseconds

Elapsed time: 74-75: total : 447 millisecs, iter cost : 32 mseconds

all new nodes initialized with years and mapped. FillSameYearSourceNodes with new_nodes_vec.size() = 65210
checking same_year_source_nodes size.
Elapsed time: 75-76: total : 0 millisecs, iter cost : 0 mseconds

new_nodes_vec.size() b4 : 65210

updated  updateGraphAttributesGeneratorNode .... 
Elapsed time: 76-77: total : 2184 millisecs, iter cost : 162 mseconds

continuous_node_mapping.size() b5 : 1369407, reverse_continuous_node_mapping size = 1369407

[PA Model] Building connections using Preferential Attachment

Inside optimized buildOneNodeConnections...
Initial Free: 75452.5 MB / 81079.4 MB

[prepareGraph] num_vertices = 1304197

[prepareGraph] edges = 16990380, offsets = 1304198 (should be V+1 = 1304198)

[prepareGraph] num_vertices = 1304197

[prepareGraph] edges = 16990380, offsets = 1304198 (should be V+1 = 1304198)

Year 2003: 65210 new nodes, 1290862 new edges

Elapsed time: 78-781 : total : 551.744 secs, this iter cost : 68.473 seconds

Elapsed time: 78-79 : total : 560.249 secs, this iter cost : 69.156 seconds

updateNodeInDegreeOutDegree(year=2003): updated 65210 out-degrees, 555301 in-degrees
Elapsed time: 79-81 : total : 8.316 secs, this iter cost : 0 seconds

Elapsed time: 79-80 : total : 3.879 secs, this iter cost : 0 seconds

Elapsed time: 80-81 : total : 4.426 secs, this iter cost : 0 seconds

Elapsed time: 70-81 : total : 587.808 secs, this iter cost : 70 seconds

 Entering loop for year = 2004
Elapsed time: 70-71: total : 8.01 secs, iter cost : 0 seconds

Elapsed time: 71-72: total : 9.194 secs, iter cost : 0 seconds

Elapsed time: 72-73: total : 392 millisecs, iter cost : 20 mseconds

num_new_nodes = 68471, current_graph_size = 1369407, growth rate = 0.050000 
Elapsed time: 73-74: total : 8 millisecs, iter cost : 0 mseconds

Elapsed time: 74-75: total : 480 millisecs, iter cost : 33 mseconds

all new nodes initialized with years and mapped. FillSameYearSourceNodes with new_nodes_vec.size() = 68471
checking same_year_source_nodes size.
Elapsed time: 75-76: total : 0 millisecs, iter cost : 0 mseconds

new_nodes_vec.size() b4 : 68471

updated  updateGraphAttributesGeneratorNode .... 
Elapsed time: 76-77: total : 2350 millisecs, iter cost : 166 mseconds

continuous_node_mapping.size() b5 : 1437878, reverse_continuous_node_mapping size = 1437878

[PA Model] Building connections using Preferential Attachment

Inside optimized buildOneNodeConnections...
Initial Free: 75422.5 MB / 81079.4 MB

[prepareGraph] num_vertices = 1369407

[prepareGraph] edges = 18281242, offsets = 1369408 (should be V+1 = 1369408)

[prepareGraph] num_vertices = 1369407

[prepareGraph] edges = 18281242, offsets = 1369408 (should be V+1 = 1369408)

Year 2004: 68471 new nodes, 1355532 new edges

Elapsed time: 78-781 : total : 614.246 secs, this iter cost : 62.502 seconds

Elapsed time: 78-79 : total : 623.436 secs, this iter cost : 63.187 seconds

updateNodeInDegreeOutDegree(year=2004): updated 68471 out-degrees, 583266 in-degrees
Elapsed time: 79-81 : total : 8.939 secs, this iter cost : 0 seconds

Elapsed time: 79-80 : total : 4.157 secs, this iter cost : 0 seconds

Elapsed time: 80-81 : total : 4.77 secs, this iter cost : 0 seconds

Elapsed time: 70-81 : total : 652.887 secs, this iter cost : 65 seconds

 Entering loop for year = 2005
Elapsed time: 70-71: total : 8.516 secs, iter cost : 0 seconds

Elapsed time: 71-72: total : 9.771 secs, iter cost : 0 seconds

Elapsed time: 72-73: total : 421 millisecs, iter cost : 29 mseconds

num_new_nodes = 71894, current_graph_size = 1437878, growth rate = 0.050000 
Elapsed time: 73-74: total : 8 millisecs, iter cost : 0 mseconds

Elapsed time: 74-75: total : 515 millisecs, iter cost : 35 mseconds

all new nodes initialized with years and mapped. FillSameYearSourceNodes with new_nodes_vec.size() = 71894
checking same_year_source_nodes size.
Elapsed time: 75-76: total : 0 millisecs, iter cost : 0 mseconds

new_nodes_vec.size() b4 : 71894

updated  updateGraphAttributesGeneratorNode .... 
Elapsed time: 76-77: total : 2524 millisecs, iter cost : 174 mseconds

continuous_node_mapping.size() b5 : 1509772, reverse_continuous_node_mapping size = 1509772

[PA Model] Building connections using Preferential Attachment

Inside optimized buildOneNodeConnections...
Initial Free: 75396.5 MB / 81079.4 MB

[prepareGraph] num_vertices = 1437878

[prepareGraph] edges = 19636774, offsets = 1437879 (should be V+1 = 1437879)

[prepareGraph] num_vertices = 1437878

[prepareGraph] edges = 19636774, offsets = 1437879 (should be V+1 = 1437879)

Year 2005: 71894 new nodes, 1424305 new edges

Elapsed time: 78-781 : total : 680.563 secs, this iter cost : 66.317 seconds

Elapsed time: 78-79 : total : 690.51 secs, this iter cost : 67.074 seconds

updateNodeInDegreeOutDegree(year=2005): updated 71894 out-degrees, 611536 in-degrees
Elapsed time: 79-81 : total : 9.582 secs, this iter cost : 0 seconds

Elapsed time: 79-80 : total : 4.447 secs, this iter cost : 0 seconds

Elapsed time: 80-81 : total : 5.122 secs, this iter cost : 0 seconds

Elapsed time: 70-81 : total : 721.928 secs, this iter cost : 69 seconds

 Entering loop for year = 2006
Elapsed time: 70-71: total : 9.031 secs, iter cost : 0 seconds

Elapsed time: 71-72: total : 10.38 secs, iter cost : 0 seconds

Elapsed time: 72-73: total : 441 millisecs, iter cost : 20 mseconds

num_new_nodes = 75489, current_graph_size = 1509772, growth rate = 0.050000 
Elapsed time: 73-74: total : 8 millisecs, iter cost : 0 mseconds

Elapsed time: 74-75: total : 557 millisecs, iter cost : 42 mseconds

all new nodes initialized with years and mapped. FillSameYearSourceNodes with new_nodes_vec.size() = 75489
checking same_year_source_nodes size.
Elapsed time: 75-76: total : 0 millisecs, iter cost : 0 mseconds

new_nodes_vec.size() b4 : 75489

updated  updateGraphAttributesGeneratorNode .... 
Elapsed time: 76-77: total : 2708 millisecs, iter cost : 184 mseconds

continuous_node_mapping.size() b5 : 1585261, reverse_continuous_node_mapping size = 1585261

[PA Model] Building connections using Preferential Attachment

Inside optimized buildOneNodeConnections...
Initial Free: 75302.5 MB / 81079.4 MB

[prepareGraph] num_vertices = 1509772

[prepareGraph] edges = 21061079, offsets = 1509773 (should be V+1 = 1509773)

[prepareGraph] num_vertices = 1509772

[prepareGraph] edges = 21061079, offsets = 1509773 (should be V+1 = 1509773)

Year 2006: 75489 new nodes, 1495872 new edges

Elapsed time: 78-781 : total : 756.272 secs, this iter cost : 75.709 seconds

Elapsed time: 78-79 : total : 766.969 secs, this iter cost : 76.459 seconds

updateNodeInDegreeOutDegree(year=2006): updated 75489 out-degrees, 643875 in-degrees
Elapsed time: 79-81 : total : 10.274 secs, this iter cost : 0 seconds

Elapsed time: 79-80 : total : 4.759 secs, this iter cost : 0 seconds

Elapsed time: 80-81 : total : 5.501 secs, this iter cost : 0 seconds

Elapsed time: 70-81 : total : 800.453 secs, this iter cost : 78 seconds

 Entering loop for year = 2007
Elapsed time: 70-71: total : 9.564 secs, iter cost : 0 seconds

Elapsed time: 71-72: total : 10.988 secs, iter cost : 0 seconds

Elapsed time: 72-73: total : 462 millisecs, iter cost : 21 mseconds

num_new_nodes = 79264, current_graph_size = 1585261, growth rate = 0.050000 
Elapsed time: 73-74: total : 8 millisecs, iter cost : 0 mseconds

Elapsed time: 74-75: total : 597 millisecs, iter cost : 40 mseconds

all new nodes initialized with years and mapped. FillSameYearSourceNodes with new_nodes_vec.size() = 79264
checking same_year_source_nodes size.
Elapsed time: 75-76: total : 0 millisecs, iter cost : 0 mseconds

new_nodes_vec.size() b4 : 79264

updated  updateGraphAttributesGeneratorNode .... 
Elapsed time: 76-77: total : 2905 millisecs, iter cost : 197 mseconds

continuous_node_mapping.size() b5 : 1664525, reverse_continuous_node_mapping size = 1664525

[PA Model] Building connections using Preferential Attachment

Inside optimized buildOneNodeConnections...
Initial Free: 75276.5 MB / 81079.4 MB

[prepareGraph] num_vertices = 1585261

[prepareGraph] edges = 22556951, offsets = 1585262 (should be V+1 = 1585262)

[prepareGraph] num_vertices = 1585261

[prepareGraph] edges = 22556951, offsets = 1585262 (should be V+1 = 1585262)

Year 2007: 79264 new nodes, 1569247 new edges

Elapsed time: 78-781 : total : 841.225 secs, this iter cost : 84.953 seconds

Elapsed time: 78-79 : total : 852.789 secs, this iter cost : 85.82 seconds

updateNodeInDegreeOutDegree(year=2007): updated 79264 out-degrees, 675818 in-degrees
Elapsed time: 79-81 : total : 11.02 secs, this iter cost : 0 seconds

Elapsed time: 79-80 : total : 5.098 secs, this iter cost : 0 seconds

Elapsed time: 80-81 : total : 5.908 secs, this iter cost : 0 seconds

Elapsed time: 70-81 : total : 888.422 secs, this iter cost : 87 seconds

 Entering loop for year = 2008
Elapsed time: 70-71: total : 10.116 secs, iter cost : 0 seconds

Elapsed time: 71-72: total : 11.63 secs, iter cost : 0 seconds

Elapsed time: 72-73: total : 477 millisecs, iter cost : 15 mseconds

num_new_nodes = 83227, current_graph_size = 1664525, growth rate = 0.050000 
Elapsed time: 73-74: total : 8 millisecs, iter cost : 0 mseconds

Elapsed time: 74-75: total : 643 millisecs, iter cost : 46 mseconds

all new nodes initialized with years and mapped. FillSameYearSourceNodes with new_nodes_vec.size() = 83227
checking same_year_source_nodes size.
Elapsed time: 75-76: total : 0 millisecs, iter cost : 0 mseconds

new_nodes_vec.size() b4 : 83227

updated  updateGraphAttributesGeneratorNode .... 
Elapsed time: 76-77: total : 3110 millisecs, iter cost : 205 mseconds

continuous_node_mapping.size() b5 : 1747752, reverse_continuous_node_mapping size = 1747752

[PA Model] Building connections using Preferential Attachment

Inside optimized buildOneNodeConnections...
Initial Free: 74492.5 MB / 81079.4 MB

[prepareGraph] num_vertices = 1664525

[prepareGraph] edges = 24126198, offsets = 1664526 (should be V+1 = 1664526)

[prepareGraph] num_vertices = 1664525

[prepareGraph] edges = 24126198, offsets = 1664526 (should be V+1 = 1664526)

Year 2008: 83227 new nodes, 1643616 new edges

Elapsed time: 78-781 : total : 940.807 secs, this iter cost : 99.582 seconds

Elapsed time: 78-79 : total : 953.272 secs, this iter cost : 100.483 seconds

updateNodeInDegreeOutDegree(year=2008): updated 83227 out-degrees, 707216 in-degrees
Elapsed time: 79-81 : total : 11.784 secs, this iter cost : 0 seconds

Elapsed time: 79-80 : total : 5.442 secs, this iter cost : 0 seconds

Elapsed time: 80-81 : total : 6.328 secs, this iter cost : 0 seconds

Elapsed time: 70-81 : total : 991.133 secs, this iter cost : 102 seconds

 Entering loop for year = 2009
Elapsed time: 70-71: total : 10.711 secs, iter cost : 0 seconds

Elapsed time: 71-72: total : 12.287 secs, iter cost : 0 seconds

Elapsed time: 72-73: total : 498 millisecs, iter cost : 21 mseconds

num_new_nodes = 87388, current_graph_size = 1747752, growth rate = 0.050000 
Elapsed time: 73-74: total : 8 millisecs, iter cost : 0 mseconds

Elapsed time: 74-75: total : 686 millisecs, iter cost : 43 mseconds

all new nodes initialized with years and mapped. FillSameYearSourceNodes with new_nodes_vec.size() = 87388
checking same_year_source_nodes size.
Elapsed time: 75-76: total : 0 millisecs, iter cost : 0 mseconds

new_nodes_vec.size() b4 : 87388

updated  updateGraphAttributesGeneratorNode .... 
Elapsed time: 76-77: total : 3331 millisecs, iter cost : 221 mseconds

continuous_node_mapping.size() b5 : 1835140, reverse_continuous_node_mapping size = 1835140

[PA Model] Building connections using Preferential Attachment

Inside optimized buildOneNodeConnections...
Initial Free: 74458.5 MB / 81079.4 MB

[prepareGraph] num_vertices = 1747752

[prepareGraph] edges = 25769814, offsets = 1747753 (should be V+1 = 1747753)

[prepareGraph] num_vertices = 1747752

[prepareGraph] edges = 25769814, offsets = 1747753 (should be V+1 = 1747753)

Year 2009: 87388 new nodes, 1723167 new edges

Elapsed time: 78-781 : total : 1047.62 secs, this iter cost : 106.812 seconds

Elapsed time: 78-79 : total : 1061.04 secs, this iter cost : 107.765 seconds

updateNodeInDegreeOutDegree(year=2009): updated 87388 out-degrees, 743296 in-degrees
Elapsed time: 79-81 : total : 12.59 secs, this iter cost : 0 seconds

Elapsed time: 79-80 : total : 5.802 secs, this iter cost : 0 seconds

Elapsed time: 80-81 : total : 6.774 secs, this iter cost : 0 seconds

Elapsed time: 70-81 : total : 1101.24 secs, this iter cost : 110 seconds

 Entering loop for year = 2010
Elapsed time: 70-71: total : 11.311 secs, iter cost : 0 seconds

Elapsed time: 71-72: total : 12.983 secs, iter cost : 0 seconds

Elapsed time: 72-73: total : 514 millisecs, iter cost : 16 mseconds

num_new_nodes = 91757, current_graph_size = 1835140, growth rate = 0.050000 
Elapsed time: 73-74: total : 8 millisecs, iter cost : 0 mseconds

Elapsed time: 74-75: total : 732 millisecs, iter cost : 46 mseconds

all new nodes initialized with years and mapped. FillSameYearSourceNodes with new_nodes_vec.size() = 91757
checking same_year_source_nodes size.
Elapsed time: 75-76: total : 0 millisecs, iter cost : 0 mseconds

new_nodes_vec.size() b4 : 91757

updated  updateGraphAttributesGeneratorNode .... 
Elapsed time: 76-77: total : 3563 millisecs, iter cost : 232 mseconds

continuous_node_mapping.size() b5 : 1926897, reverse_continuous_node_mapping size = 1926897

[PA Model] Building connections using Preferential Attachment

Inside optimized buildOneNodeConnections...
Initial Free: 74292.5 MB / 81079.4 MB

[prepareGraph] num_vertices = 1835140

[prepareGraph] edges = 27492981, offsets = 1835141 (should be V+1 = 1835141)

[prepareGraph] num_vertices = 1835140

[prepareGraph] edges = 27492981, offsets = 1835141 (should be V+1 = 1835141)

Year 2010: 91757 new nodes, 1807373 new edges

Elapsed time: 78-781 : total : 1162.65 secs, this iter cost : 115.032 seconds

Elapsed time: 78-79 : total : 1177.08 secs, this iter cost : 116.044 seconds

updateNodeInDegreeOutDegree(year=2010): updated 91757 out-degrees, 781587 in-degrees
Elapsed time: 79-81 : total : 13.457 secs, this iter cost : 0 seconds

Elapsed time: 79-80 : total : 6.182 secs, this iter cost : 0 seconds

Elapsed time: 80-81 : total : 7.261 secs, this iter cost : 0 seconds

Elapsed time: 70-81 : total : 1219.75 secs, this iter cost : 118 seconds

 Entering loop for year = 2011
Elapsed time: 70-71: total : 11.925 secs, iter cost : 0 seconds

Elapsed time: 71-72: total : 13.692 secs, iter cost : 0 seconds

Elapsed time: 72-73: total : 536 millisecs, iter cost : 22 mseconds

num_new_nodes = 96345, current_graph_size = 1926897, growth rate = 0.050000 
Elapsed time: 73-74: total : 8 millisecs, iter cost : 0 mseconds

Elapsed time: 74-75: total : 780 millisecs, iter cost : 48 mseconds

all new nodes initialized with years and mapped. FillSameYearSourceNodes with new_nodes_vec.size() = 96345
checking same_year_source_nodes size.
Elapsed time: 75-76: total : 0 millisecs, iter cost : 0 mseconds

new_nodes_vec.size() b4 : 96345

updated  updateGraphAttributesGeneratorNode .... 
Elapsed time: 76-77: total : 3802 millisecs, iter cost : 239 mseconds

continuous_node_mapping.size() b5 : 2023242, reverse_continuous_node_mapping size = 2023242

[PA Model] Building connections using Preferential Attachment

Inside optimized buildOneNodeConnections...
Initial Free: 74252.5 MB / 81079.4 MB

[prepareGraph] num_vertices = 1926897

[prepareGraph] edges = 29300354, offsets = 1926898 (should be V+1 = 1926898)

[prepareGraph] num_vertices = 1926897

[prepareGraph] edges = 29300354, offsets = 1926898 (should be V+1 = 1926898)

Year 2011: 96345 new nodes, 1896786 new edges

Elapsed time: 78-781 : total : 1290.55 secs, this iter cost : 127.901 seconds

Elapsed time: 78-79 : total : 1305.98 secs, this iter cost : 128.902 seconds

updateNodeInDegreeOutDegree(year=2011): updated 96345 out-degrees, 820157 in-degrees
Elapsed time: 79-81 : total : 14.359 secs, this iter cost : 0 seconds

Elapsed time: 79-80 : total : 6.577 secs, this iter cost : 0 seconds

Elapsed time: 80-81 : total : 7.767 secs, this iter cost : 0 seconds

Elapsed time: 70-81 : total : 1351.19 secs, this iter cost : 131 seconds

 Entering loop for year = 2012
Elapsed time: 70-71: total : 12.57 secs, iter cost : 0 seconds

Elapsed time: 71-72: total : 14.422 secs, iter cost : 0 seconds

Elapsed time: 72-73: total : 557 millisecs, iter cost : 21 mseconds

num_new_nodes = 101163, current_graph_size = 2023242, growth rate = 0.050000 
Elapsed time: 73-74: total : 8 millisecs, iter cost : 0 mseconds

Elapsed time: 74-75: total : 832 millisecs, iter cost : 52 mseconds

all new nodes initialized with years and mapped. FillSameYearSourceNodes with new_nodes_vec.size() = 101163
checking same_year_source_nodes size.
Elapsed time: 75-76: total : 0 millisecs, iter cost : 0 mseconds

new_nodes_vec.size() b4 : 101163

updated  updateGraphAttributesGeneratorNode .... 
Elapsed time: 76-77: total : 4049 millisecs, iter cost : 247 mseconds

continuous_node_mapping.size() b5 : 2124405, reverse_continuous_node_mapping size = 2124405

[PA Model] Building connections using Preferential Attachment

Inside optimized buildOneNodeConnections...
Initial Free: 74214.5 MB / 81079.4 MB

[prepareGraph] num_vertices = 2023242

[prepareGraph] edges = 31197140, offsets = 2023243 (should be V+1 = 2023243)

[prepareGraph] num_vertices = 2023242

[prepareGraph] edges = 31197140, offsets = 2023243 (should be V+1 = 2023243)

Year 2012: 101163 new nodes, 1991385 new edges

Elapsed time: 78-781 : total : 1438.47 secs, this iter cost : 147.917 seconds

Elapsed time: 78-79 : total : 1454.95 secs, this iter cost : 148.97 seconds

updateNodeInDegreeOutDegree(year=2012): updated 101163 out-degrees, 861430 in-degrees
Elapsed time: 79-81 : total : 15.473 secs, this iter cost : 1 seconds

Elapsed time: 79-80 : total : 7.182 secs, this iter cost : 0 seconds

Elapsed time: 80-81 : total : 8.275 secs, this iter cost : 0 seconds

Elapsed time: 70-81 : total : 1502.97 secs, this iter cost : 151 seconds

Elapsed time: 7-8 :  1503 seconds

compute done:: graph size = 2124405
Elapsed time: 8-8.1 :  0 seconds

Writing Graph to file: ./output/30y/gpu-opt-static-output-30y-5p.edgelist

Elapsed time: 8.1-9 :  1 seconds

Elapsed time: 9-10 :  1 seconds

 graph size = 2124405
WriteAttributes: graph size = 2124405

Elapsed time: 0-1 : 3 seconds

Elapsed time: 1-4 : 0 seconds

Elapsed time: 4-7 : 0 seconds

Elapsed time: 70-71: total : 12.57 seconds.

Elapsed time: 71-72: total : 14.422 seconds.

Elapsed time: 72-73: total : 0.557 seconds.

Elapsed time: 73-74: total : 0.008 seconds.

Elapsed time: 74-75: total : 0.832 seconds.

Elapsed time: 75-76: total : 0 seconds.

Elapsed time: 76-77: total : 4.049 seconds.

Elapsed time: 77-79: total : 1454.95 seconds.

Elapsed time: 79-81 : total : 15.473 seconds.

Elapsed time: 79-80 : total : 7.182 seconds.

Elapsed time: 80-81 : total : 8.275 seconds.

Elapsed time: 70-81 : total : 1502.97 seconds.

Elapsed time: 7-8 : 1503 seconds

Elapsed time: 8-8.1 :  0 seconds

Elapsed time: 8.1-9 :  1 seconds

Elapsed time: 9-10 : 1 seconds

Elapsed time: 11-12 : 3 seconds

Elapsed time: 10-12 : 3 seconds

Elapsed time: 0-7 : 3 seconds

Elapsed time: 7-8 : 1503 seconds

Elapsed time: 8-12 : 7 seconds

E2E Time for num_cycles = 30 with growth_rate = 5 % = 1517 seconds.
GPU 0: General Metrics for NVIDIA GH100 (any frequency)
Generating '/tmp/nsys-report-925e.qdstrm'
[1/8] [0%                          ] nsys-pa-30y-5p.nsys-rep[1/8] [0%                          ] nsys-pa-30y-5p.nsys-rep[1/8] [0%                          ] nsys-pa-30y-5p.nsys-rep[1/8] [5%                          ] nsys-pa-30y-5p.nsys-rep[1/8] [7%                          ] nsys-pa-30y-5p.nsys-rep[1/8] [8%                          ] nsys-pa-30y-5p.nsys-rep[1/8] [9%                          ] nsys-pa-30y-5p.nsys-rep[1/8] [8%                          ] nsys-pa-30y-5p.nsys-rep[1/8] [9%                          ] nsys-pa-30y-5p.nsys-rep[1/8] [8%                          ] nsys-pa-30y-5p.nsys-rep[1/8] [9%                          ] nsys-pa-30y-5p.nsys-rep[1/8] [8%                          ] nsys-pa-30y-5p.nsys-rep[1/8] [9%                          ] nsys-pa-30y-5p.nsys-rep[1/8] [8%                          ] nsys-pa-30y-5p.nsys-rep[1/8] [9%                          ] nsys-pa-30y-5p.nsys-rep[1/8] [8%                          ] nsys-pa-30y-5p.nsys-rep[1/8] [9%                          ] nsys-pa-30y-5p.nsys-rep[1/8] [10%                         ] nsys-pa-30y-5p.nsys-rep[1/8] [9%                          ] nsys-pa-30y-5p.nsys-rep[1/8] [10%                         ] nsys-pa-30y-5p.nsys-rep[1/8] [9%                          ] nsys-pa-30y-5p.nsys-rep[1/8] [10%                         ] nsys-pa-30y-5p.nsys-rep[1/8] [11%                         ] nsys-pa-30y-5p.nsys-rep[1/8] [10%                         ] nsys-pa-30y-5p.nsys-rep[1/8] [11%                         ] nsys-pa-30y-5p.nsys-rep[1/8] [10%                         ] nsys-pa-30y-5p.nsys-rep[1/8] [11%                         ] nsys-pa-30y-5p.nsys-rep[1/8] [10%                         ] nsys-pa-30y-5p.nsys-rep[1/8] [11%                         ] nsys-pa-30y-5p.nsys-rep[1/8] [12%                         ] nsys-pa-30y-5p.nsys-rep[1/8] [11%                         ] nsys-pa-30y-5p.nsys-rep[1/8] [10%                         ] nsys-pa-30y-5p.nsys-rep[1/8] [11%                         ] nsys-pa-30y-5p.nsys-rep[1/8] [10%                         ] nsys-pa-30y-5p.nsys-rep[1/8] [11%                         ] nsys-pa-30y-5p.nsys-rep[1/8] [10%                         ] nsys-pa-30y-5p.nsys-rep[1/8] [9%                          ] nsys-pa-30y-5p.nsys-rep[1/8] [10%                         ] nsys-pa-30y-5p.nsys-rep[1/8] [9%                          ] nsys-pa-30y-5p.nsys-rep[1/8] [10%                         ] nsys-pa-30y-5p.nsys-rep[1/8] [9%                          ] nsys-pa-30y-5p.nsys-rep[1/8] [10%                         ] nsys-pa-30y-5p.nsys-rep[1/8] [9%                          ] nsys-pa-30y-5p.nsys-rep[1/8] [10%                         ] nsys-pa-30y-5p.nsys-rep[1/8] [9%                          ] nsys-pa-30y-5p.nsys-rep[1/8] [8%                          ] nsys-pa-30y-5p.nsys-rep[1/8] [9%                          ] nsys-pa-30y-5p.nsys-rep[1/8] [8%                          ] nsys-pa-30y-5p.nsys-rep[1/8] [9%                          ] nsys-pa-30y-5p.nsys-rep[1/8] [8%                          ] nsys-pa-30y-5p.nsys-rep[1/8] [9%                          ] nsys-pa-30y-5p.nsys-rep[1/8] [8%                          ] nsys-pa-30y-5p.nsys-rep[1/8] [9%                          ] nsys-pa-30y-5p.nsys-rep[1/8] [8%                          ] nsys-pa-30y-5p.nsys-rep[1/8] [9%                          ] nsys-pa-30y-5p.nsys-rep[1/8] [8%                          ] nsys-pa-30y-5p.nsys-rep[1/8] [9%                          ] nsys-pa-30y-5p.nsys-rep[1/8] [8%                          ] nsys-pa-30y-5p.nsys-rep[1/8] [9%                          ] nsys-pa-30y-5p.nsys-rep[1/8] [8%                          ] nsys-pa-30y-5p.nsys-rep[1/8] [9%                          ] nsys-pa-30y-5p.nsys-rep[1/8] [8%                          ] nsys-pa-30y-5p.nsys-rep[1/8] [9%                          ] nsys-pa-30y-5p.nsys-rep[1/8] [8%                          ] nsys-pa-30y-5p.nsys-rep[1/8] [9%                          ] nsys-pa-30y-5p.nsys-rep[1/8] [8%                          ] nsys-pa-30y-5p.nsys-rep[1/8] [9%                          ] nsys-pa-30y-5p.nsys-rep[1/8] [8%                          ] nsys-pa-30y-5p.nsys-rep[1/8] [9%                          ] nsys-pa-30y-5p.nsys-rep[1/8] [8%                          ] nsys-pa-30y-5p.nsys-rep[1/8] [9%                          ] nsys-pa-30y-5p.nsys-rep[1/8] [8%                          ] nsys-pa-30y-5p.nsys-rep[1/8] [9%                          ] nsys-pa-30y-5p.nsys-rep[1/8] [8%                          ] nsys-pa-30y-5p.nsys-rep[1/8] [9%                          ] nsys-pa-30y-5p.nsys-rep[1/8] [8%                          ] nsys-pa-30y-5p.nsys-rep[1/8] [9%                          ] nsys-pa-30y-5p.nsys-rep[1/8] [8%                          ] nsys-pa-30y-5p.nsys-rep[1/8] [9%                          ] nsys-pa-30y-5p.nsys-rep[1/8] [8%                          ] nsys-pa-30y-5p.nsys-rep[1/8] [9%                          ] nsys-pa-30y-5p.nsys-rep[1/8] [8%                          ] nsys-pa-30y-5p.nsys-rep[1/8] [9%                          ] nsys-pa-30y-5p.nsys-rep[1/8] [8%                          ] nsys-pa-30y-5p.nsys-rep[1/8] [9%                          ] nsys-pa-30y-5p.nsys-rep[1/8] [8%                          ] nsys-pa-30y-5p.nsys-rep[1/8] [9%                          ] nsys-pa-30y-5p.nsys-rep[1/8] [8%                          ] nsys-pa-30y-5p.nsys-rep[1/8] [9%                          ] nsys-pa-30y-5p.nsys-rep[1/8] [8%                          ] nsys-pa-30y-5p.nsys-rep[1/8] [9%                          ] nsys-pa-30y-5p.nsys-rep[1/8] [8%                          ] nsys-pa-30y-5p.nsys-rep[1/8] [9%                          ] nsys-pa-30y-5p.nsys-rep[1/8] [8%                          ] nsys-pa-30y-5p.nsys-rep[1/8] [9%                          ] nsys-pa-30y-5p.nsys-rep[1/8] [8%                          ] nsys-pa-30y-5p.nsys-rep[1/8] [9%                          ] nsys-pa-30y-5p.nsys-rep[1/8] [10%                         ] nsys-pa-30y-5p.nsys-rep[1/8] [9%                          ] nsys-pa-30y-5p.nsys-rep[1/8] [10%                         ] nsys-pa-30y-5p.nsys-rep[1/8] [9%                          ] nsys-pa-30y-5p.nsys-rep[1/8] [10%                         ] nsys-pa-30y-5p.nsys-rep[1/8] [11%                         ] nsys-pa-30y-5p.nsys-rep[1/8] [10%                         ] nsys-pa-30y-5p.nsys-rep[1/8] [11%                         ] nsys-pa-30y-5p.nsys-rep[1/8] [10%                         ] nsys-pa-30y-5p.nsys-rep[1/8] [11%                         ] nsys-pa-30y-5p.nsys-rep[1/8] [10%                         ] nsys-pa-30y-5p.nsys-rep[1/8] [11%                         ] nsys-pa-30y-5p.nsys-rep[1/8] [10%                         ] nsys-pa-30y-5p.nsys-rep[1/8] [9%                          ] nsys-pa-30y-5p.nsys-rep[1/8] [8%                          ] nsys-pa-30y-5p.nsys-rep[1/8] [7%                          ] nsys-pa-30y-5p.nsys-rep[1/8] [6%                          ] nsys-pa-30y-5p.nsys-rep[1/8] [7%                          ] nsys-pa-30y-5p.nsys-rep[1/8] [8%                          ] nsys-pa-30y-5p.nsys-rep[1/8] [9%                          ] nsys-pa-30y-5p.nsys-rep[1/8] [10%                         ] nsys-pa-30y-5p.nsys-rep[1/8] [11%                         ] nsys-pa-30y-5p.nsys-rep[1/8] [12%                         ] nsys-pa-30y-5p.nsys-rep[1/8] [13%                         ] nsys-pa-30y-5p.nsys-rep[1/8] [14%                         ] nsys-pa-30y-5p.nsys-rep[1/8] [=15%                        ] nsys-pa-30y-5p.nsys-rep[1/8] [=16%                        ] nsys-pa-30y-5p.nsys-rep[1/8] [=17%                        ] nsys-pa-30y-5p.nsys-rep[1/8] [==18%                       ] nsys-pa-30y-5p.nsys-rep[1/8] [==19%                       ] nsys-pa-30y-5p.nsys-rep[1/8] [==20%                       ] nsys-pa-30y-5p.nsys-rep[1/8] [==21%                       ] nsys-pa-30y-5p.nsys-rep[1/8] [===22%                      ] nsys-pa-30y-5p.nsys-rep[1/8] [===23%                      ] nsys-pa-30y-5p.nsys-rep[1/8] [===24%                      ] nsys-pa-30y-5p.nsys-rep[1/8] [====25%                     ] nsys-pa-30y-5p.nsys-rep[1/8] [====26%                     ] nsys-pa-30y-5p.nsys-rep[1/8] [====27%                     ] nsys-pa-30y-5p.nsys-rep[1/8] [====28%                     ] nsys-pa-30y-5p.nsys-rep[1/8] [=====29%                    ] nsys-pa-30y-5p.nsys-rep[1/8] [=====30%                    ] nsys-pa-30y-5p.nsys-rep[1/8] [=====31%                    ] nsys-pa-30y-5p.nsys-rep[1/8] [=====32%                    ] nsys-pa-30y-5p.nsys-rep[1/8] [======33%                   ] nsys-pa-30y-5p.nsys-rep[1/8] [======34%                   ] nsys-pa-30y-5p.nsys-rep[1/8] [======35%                   ] nsys-pa-30y-5p.nsys-rep[1/8] [=======36%                  ] nsys-pa-30y-5p.nsys-rep[1/8] [=======37%                  ] nsys-pa-30y-5p.nsys-rep[1/8] [=======38%                  ] nsys-pa-30y-5p.nsys-rep[1/8] [=======39%                  ] nsys-pa-30y-5p.nsys-rep[1/8] [========40%                 ] nsys-pa-30y-5p.nsys-rep[1/8] [========41%                 ] nsys-pa-30y-5p.nsys-rep[1/8] [========42%                 ] nsys-pa-30y-5p.nsys-rep[1/8] [=========43%                ] nsys-pa-30y-5p.nsys-rep[1/8] [=========44%                ] nsys-pa-30y-5p.nsys-rep[1/8] [=========45%                ] nsys-pa-30y-5p.nsys-rep[1/8] [=========46%                ] nsys-pa-30y-5p.nsys-rep[1/8] [==========47%               ] nsys-pa-30y-5p.nsys-rep[1/8] [==========48%               ] nsys-pa-30y-5p.nsys-rep[1/8] [==========49%               ] nsys-pa-30y-5p.nsys-rep[1/8] [===========50%              ] nsys-pa-30y-5p.nsys-rep[1/8] [===========51%              ] nsys-pa-30y-5p.nsys-rep[1/8] [===========52%              ] nsys-pa-30y-5p.nsys-rep[1/8] [===========53%              ] nsys-pa-30y-5p.nsys-rep[1/8] [============54%             ] nsys-pa-30y-5p.nsys-rep[1/8] [============55%             ] nsys-pa-30y-5p.nsys-rep[1/8] [============56%             ] nsys-pa-30y-5p.nsys-rep[1/8] [============57%             ] nsys-pa-30y-5p.nsys-rep[1/8] [=============58%            ] nsys-pa-30y-5p.nsys-rep[1/8] [=============59%            ] nsys-pa-30y-5p.nsys-rep[1/8] [=============60%            ] nsys-pa-30y-5p.nsys-rep[1/8] [==============61%           ] nsys-pa-30y-5p.nsys-rep[1/8] [==============62%           ] nsys-pa-30y-5p.nsys-rep[1/8] [==============63%           ] nsys-pa-30y-5p.nsys-rep[1/8] [==============64%           ] nsys-pa-30y-5p.nsys-rep[1/8] [===============65%          ] nsys-pa-30y-5p.nsys-rep[1/8] [===============66%          ] nsys-pa-30y-5p.nsys-rep[1/8] [===============67%          ] nsys-pa-30y-5p.nsys-rep[1/8] [================68%         ] nsys-pa-30y-5p.nsys-rep[1/8] [================69%         ] nsys-pa-30y-5p.nsys-rep[1/8] [================70%         ] nsys-pa-30y-5p.nsys-rep[1/8] [================71%         ] nsys-pa-30y-5p.nsys-rep[1/8] [=================72%        ] nsys-pa-30y-5p.nsys-rep[1/8] [=================73%        ] nsys-pa-30y-5p.nsys-rep[1/8] [=================74%        ] nsys-pa-30y-5p.nsys-rep[1/8] [==================75%       ] nsys-pa-30y-5p.nsys-rep[1/8] [==================76%       ] nsys-pa-30y-5p.nsys-rep[1/8] [==================77%       ] nsys-pa-30y-5p.nsys-rep[1/8] [==================78%       ] nsys-pa-30y-5p.nsys-rep[1/8] [===================79%      ] nsys-pa-30y-5p.nsys-rep[1/8] [===================80%      ] nsys-pa-30y-5p.nsys-rep[1/8] [===================81%      ] nsys-pa-30y-5p.nsys-rep[1/8] [========================100%] nsys-pa-30y-5p.nsys-rep[1/8] [========================100%] nsys-pa-30y-5p.nsys-rep
[2/8] [0%                          ] nsys-pa-30y-5p.sqlite[2/8] [1%                          ] nsys-pa-30y-5p.sqlite[2/8] [2%                          ] nsys-pa-30y-5p.sqlite[2/8] [3%                          ] nsys-pa-30y-5p.sqlite[2/8] [4%                          ] nsys-pa-30y-5p.sqlite[2/8] [5%                          ] nsys-pa-30y-5p.sqlite[2/8] [6%                          ] nsys-pa-30y-5p.sqlite[2/8] [7%                          ] nsys-pa-30y-5p.sqlite[2/8] [8%                          ] nsys-pa-30y-5p.sqlite[2/8] [9%                          ] nsys-pa-30y-5p.sqlite[2/8] [10%                         ] nsys-pa-30y-5p.sqlite[2/8] [11%                         ] nsys-pa-30y-5p.sqlite[2/8] [12%                         ] nsys-pa-30y-5p.sqlite[2/8] [13%                         ] nsys-pa-30y-5p.sqlite[2/8] [14%                         ] nsys-pa-30y-5p.sqlite[2/8] [=15%                        ] nsys-pa-30y-5p.sqlite[2/8] [=16%                        ] nsys-pa-30y-5p.sqlite[2/8] [=17%                        ] nsys-pa-30y-5p.sqlite[2/8] [==18%                       ] nsys-pa-30y-5p.sqlite[2/8] [==19%                       ] nsys-pa-30y-5p.sqlite[2/8] [==20%                       ] nsys-pa-30y-5p.sqlite[2/8] [==21%                       ] nsys-pa-30y-5p.sqlite[2/8] [===22%                      ] nsys-pa-30y-5p.sqlite[2/8] [===23%                      ] nsys-pa-30y-5p.sqlite[2/8] [===24%                      ] nsys-pa-30y-5p.sqlite[2/8] [====25%                     ] nsys-pa-30y-5p.sqlite[2/8] [====26%                     ] nsys-pa-30y-5p.sqlite[2/8] [====27%                     ] nsys-pa-30y-5p.sqlite[2/8] [====28%                     ] nsys-pa-30y-5p.sqlite[2/8] [=====29%                    ] nsys-pa-30y-5p.sqlite[2/8] [=====30%                    ] nsys-pa-30y-5p.sqlite[2/8] [=====31%                    ] nsys-pa-30y-5p.sqlite[2/8] [=====32%                    ] nsys-pa-30y-5p.sqlite[2/8] [======33%                   ] nsys-pa-30y-5p.sqlite[2/8] [======34%                   ] nsys-pa-30y-5p.sqlite[2/8] [======35%                   ] nsys-pa-30y-5p.sqlite[2/8] [=======36%                  ] nsys-pa-30y-5p.sqlite[2/8] [=======37%                  ] nsys-pa-30y-5p.sqlite[2/8] [=======38%                  ] nsys-pa-30y-5p.sqlite[2/8] [=======39%                  ] nsys-pa-30y-5p.sqlite[2/8] [========40%                 ] nsys-pa-30y-5p.sqlite[2/8] [========41%                 ] nsys-pa-30y-5p.sqlite[2/8] [========42%                 ] nsys-pa-30y-5p.sqlite[2/8] [=========43%                ] nsys-pa-30y-5p.sqlite[2/8] [=========44%                ] nsys-pa-30y-5p.sqlite[2/8] [=========45%                ] nsys-pa-30y-5p.sqlite[2/8] [=========46%                ] nsys-pa-30y-5p.sqlite[2/8] [==========47%               ] nsys-pa-30y-5p.sqlite[2/8] [==========48%               ] nsys-pa-30y-5p.sqlite[2/8] [==========49%               ] nsys-pa-30y-5p.sqlite[2/8] [===========50%              ] nsys-pa-30y-5p.sqlite[2/8] [===========51%              ] nsys-pa-30y-5p.sqlite[2/8] [===========52%              ] nsys-pa-30y-5p.sqlite[2/8] [===========53%              ] nsys-pa-30y-5p.sqlite[2/8] [============54%             ] nsys-pa-30y-5p.sqlite[2/8] [============55%             ] nsys-pa-30y-5p.sqlite[2/8] [============56%             ] nsys-pa-30y-5p.sqlite[2/8] [============57%             ] nsys-pa-30y-5p.sqlite[2/8] [=============58%            ] nsys-pa-30y-5p.sqlite[2/8] [=============59%            ] nsys-pa-30y-5p.sqlite[2/8] [=============60%            ] nsys-pa-30y-5p.sqlite[2/8] [==============61%           ] nsys-pa-30y-5p.sqlite[2/8] [==============62%           ] nsys-pa-30y-5p.sqlite[2/8] [==============63%           ] nsys-pa-30y-5p.sqlite[2/8] [==============64%           ] nsys-pa-30y-5p.sqlite[2/8] [===============65%          ] nsys-pa-30y-5p.sqlite[2/8] [===============66%          ] nsys-pa-30y-5p.sqlite[2/8] [===============67%          ] nsys-pa-30y-5p.sqlite[2/8] [================68%         ] nsys-pa-30y-5p.sqlite[2/8] [================69%         ] nsys-pa-30y-5p.sqlite[2/8] [================70%         ] nsys-pa-30y-5p.sqlite[2/8] [================71%         ] nsys-pa-30y-5p.sqlite[2/8] [=================72%        ] nsys-pa-30y-5p.sqlite[2/8] [=================73%        ] nsys-pa-30y-5p.sqlite[2/8] [=================74%        ] nsys-pa-30y-5p.sqlite[2/8] [==================75%       ] nsys-pa-30y-5p.sqlite[2/8] [==================76%       ] nsys-pa-30y-5p.sqlite[2/8] [==================77%       ] nsys-pa-30y-5p.sqlite[2/8] [==================78%       ] nsys-pa-30y-5p.sqlite[2/8] [===================79%      ] nsys-pa-30y-5p.sqlite[2/8] [===================80%      ] nsys-pa-30y-5p.sqlite[2/8] [===================81%      ] nsys-pa-30y-5p.sqlite[2/8] [===================82%      ] nsys-pa-30y-5p.sqlite[2/8] [====================83%     ] nsys-pa-30y-5p.sqlite[2/8] [====================84%     ] nsys-pa-30y-5p.sqlite[2/8] [====================85%     ] nsys-pa-30y-5p.sqlite[2/8] [=====================86%    ] nsys-pa-30y-5p.sqlite[2/8] [=====================87%    ] nsys-pa-30y-5p.sqlite[2/8] [=====================88%    ] nsys-pa-30y-5p.sqlite[2/8] [=====================89%    ] nsys-pa-30y-5p.sqlite[2/8] [======================90%   ] nsys-pa-30y-5p.sqlite[2/8] [======================91%   ] nsys-pa-30y-5p.sqlite[2/8] [======================92%   ] nsys-pa-30y-5p.sqlite[2/8] [=======================93%  ] nsys-pa-30y-5p.sqlite[2/8] [=======================94%  ] nsys-pa-30y-5p.sqlite[2/8] [=======================95%  ] nsys-pa-30y-5p.sqlite[2/8] [=======================96%  ] nsys-pa-30y-5p.sqlite[2/8] [========================97% ] nsys-pa-30y-5p.sqlite[2/8] [========================98% ] nsys-pa-30y-5p.sqlite[2/8] [========================99% ] nsys-pa-30y-5p.sqlite[2/8] [========================100%] nsys-pa-30y-5p.sqlite[2/8] [========================100%] nsys-pa-30y-5p.sqlite
[3/8] Executing 'nvtx_sum' stats report

 Time (%)  Total Time (ns)  Instances  Avg (ns)  Med (ns)  Min (ns)  Max (ns)   StdDev (ns)   Style             Range          
 --------  ---------------  ---------  --------  --------  --------  ---------  -----------  -------  -------------------------
    100.0    8,017,796,076  1,632,933   4,910.1   4,682.0     4,175  5,898,384     11,041.5  PushPop  CCCL:cub::DeviceFor::Bulk

[4/8] Executing 'osrt_sum' stats report

 Time (%)   Total Time (ns)   Num Calls    Avg (ns)      Med (ns)    Min (ns)   Max (ns)    StdDev (ns)            Name         
 --------  -----------------  ---------  ------------  ------------  --------  -----------  ------------  ----------------------
     99.6  2,765,922,136,469    139,774  19,788,531.0  10,058,394.0     1,712  103,092,698  28,024,893.1  poll                  
      0.4     10,231,971,852    361,430      28,309.7      19,660.0     1,002   25,969,637      75,618.2  ioctl                 
      0.0        457,987,017         74   6,189,013.7   3,340,681.5   765,337   12,378,806   4,360,434.2  writev                
      0.0        353,958,152      1,088     325,329.2     208,738.5   142,991    1,852,757     333,134.5  pthread_create        
      0.0        234,586,607      3,913      59,950.6      26,674.0    12,024    1,691,728      70,499.2  pthread_rwlock_wrlock 
      0.0         79,721,814      3,544      22,494.9      21,161.0     1,027    1,687,666      29,860.9  pthread_rwlock_rdlock 
      0.0         35,328,365      1,978      17,860.6       9,742.5     1,582      186,643      26,721.3  mmap                  
      0.0         24,685,090        322      76,661.8       4,881.0     1,002    4,551,839     559,083.7  fflush                
      0.0         15,543,827      3,115       4,990.0       4,110.0     1,014       54,230       3,137.4  munmap                
      0.0         13,121,601      5,975       2,196.1       1,762.0     1,105    2,190,443      28,321.6  read                  
      0.0         12,091,174          9   1,343,463.8     305,436.0    66,549    7,494,700   2,424,992.2  fopen64               
      0.0          3,752,938         76      49,380.8      17,431.5     1,278      315,752      59,064.5  write                 
      0.0          1,235,446         30      41,181.5       5,327.5     3,153      776,016     140,390.8  mmap64                
      0.0            768,179        100       7,681.8       1,353.0     1,016      442,398      44,326.6  pthread_mutex_lock    
      0.0            740,208         14      52,872.0       3,882.5     1,029      270,651      98,306.3  fclose                
      0.0            312,839         11      28,439.9      27,064.0    20,186       54,968       9,941.3  sem_timedwait         
      0.0            167,508         41       4,085.6       1,892.0     1,234       23,717       4,811.3  fopen                 
      0.0            160,071         55       2,910.4       2,219.0     1,012       11,117       2,033.0  open64                
      0.0            145,421         75       1,938.9       1,865.0     1,010        4,846         835.4  fwrite                
      0.0             79,694          1      79,694.0      79,694.0    79,694       79,694           0.0  pthread_cond_wait     
      0.0             34,204          1      34,204.0      34,204.0    34,204       34,204           0.0  fgets                 
      0.0             23,751          6       3,958.5       4,357.0     1,339        6,071       2,013.8  open                  
      0.0             15,044          2       7,522.0       7,522.0     5,091        9,953       3,438.0  socket                
      0.0             14,992          3       4,997.3       6,169.0     2,250        6,573       2,387.8  pipe2                 
      0.0             12,405          1      12,405.0      12,405.0    12,405       12,405           0.0  connect               
      0.0              5,582          2       2,791.0       2,791.0     1,680        3,902       1,571.2  pthread_cond_broadcast
      0.0              3,341          3       1,113.7       1,073.0     1,059        1,209          82.9  fcntl                 
      0.0              2,218          1       2,218.0       2,218.0     2,218        2,218           0.0  bind                  
      0.0              1,989          1       1,989.0       1,989.0     1,989        1,989           0.0  pthread_mutex_trylock 

[5/8] Executing 'cuda_api_sum' stats report

 Time (%)  Total Time (ns)  Num Calls      Avg (ns)        Med (ns)    Min (ns)     Max (ns)       StdDev (ns)             Name         
 --------  ---------------  ----------  ---------------  ------------  --------  --------------  ---------------  ----------------------
     62.6  818,655,146,192         708  1,156,292,579.4  57,398,397.0       903  14,368,157,005  2,133,166,941.6  cudaStreamSynchronize 
     12.6  165,320,714,756  26,127,624          6,327.4       4,099.0     2,583      20,446,115         17,462.9  cudaMemcpy            
     11.5  150,834,447,228  24,496,257          6,157.4       5,105.0     1,868     911,672,587        381,043.4  cudaMalloc            
     11.5  150,703,880,967  21,230,598          7,098.4       6,226.0     3,726      26,181,693         18,504.1  cudaFree              
      0.9   11,404,965,967   3,266,805          3,491.2       3,115.0     2,563       7,059,364          9,626.0  cudaMemset            
      0.5    5,887,991,472         360     16,355,531.9   1,646,808.0    12,063     336,068,838     54,655,938.1  cudaMemcpyAsync       
      0.4    4,937,757,011   1,633,905          3,022.1       2,828.0     2,454      29,350,620         25,547.4  cudaLaunchKernel      
      0.0      164,984,983          30      5,499,499.4      70,965.5    54,394     162,953,108     29,738,242.0  cudaMemGetInfo        
      0.0      136,068,976         588        231,409.8      27,542.0     9,324       5,652,879        719,731.3  cudaMallocManaged     
      0.0       23,007,005         294         78,255.1      12,679.5     5,344         362,383         90,833.4  cudaDeviceSynchronize 
      0.0          934,185          60         15,569.8      15,153.0     8,108          39,546          6,893.1  cudaMemsetAsync       
      0.0          924,686          30         30,822.9      26,989.0    24,391         123,022         17,706.0  cudaStreamCreate      
      0.0          545,835          30         18,194.5      17,747.5    10,906          25,405          2,660.8  cudaStreamDestroy     
      0.0            1,645           1          1,645.0       1,645.0     1,645           1,645              0.0  cuModuleGetLoadingMode

[6/8] Executing 'cuda_gpu_kern_sum' stats report

 Time (%)  Total Time (ns)  Instances     Avg (ns)         Med (ns)       Min (ns)       Max (ns)       StdDev (ns)                                                    Name                                                
 --------  ---------------  ---------  ---------------  ---------------  -----------  --------------  ---------------  ----------------------------------------------------------------------------------------------------
     82.7  683,437,917,232        147  4,649,237,532.2  4,531,300,736.0  979,034,114  14,368,140,818  2,403,371,470.7  kernelCallStage1(int, int, int, ABM *, Graph *, DeviceGraph *, DeviceGraph *, device_map<int, Node>…
     15.4  127,121,011,287        147    864,768,784.3    870,978,524.0  113,196,829   1,675,169,188    470,843,427.0  kernelCallStage3(int, int, int, ABM *, Graph *, int, device_map<int, Node>::device_view, ABMStageSt…
      1.0    7,928,453,976        147     53,935,061.1     50,841,772.0    8,921,927     327,705,609     36,963,907.1  kernelCallStage2(int, int, int, ABM *, Graph *, cuco::static_set_ref<int, (cuda::std::__4::thread_s…
      0.7    5,450,669,427         30    181,688,980.9    159,356,425.0   80,277,288     336,050,279     78,217,269.3  void cuco::legacy::detail::insert<(unsigned long)128, (unsigned int)4, cuco::pair<int, int> *, cuda…
      0.2    1,975,582,166  1,632,903          1,209.9          1,279.0        1,087           1,888             95.0  void cub::CUB_300002_SM_900::detail::for_each::static_kernel<cub::CUB_300002_SM_900::detail::for_ea…
      0.0      163,455,116        147      1,111,939.6      1,124,386.0      533,122       1,483,938        163,783.1  kernelCallStage4(int, int, int, ABM *, Graph *, int, device_map<int, Node>::device_view, ABMStageSt…
      0.0       22,383,623        294         76,134.8          8,944.0        2,752         360,321         90,760.7  kernel_extract_vector_sizes(device_vector *, int *, int)                                            
      0.0       13,964,572         30        465,485.7        412,800.5       96,736       1,132,675        279,993.0  void cuco::detail::open_addressing_ns::insert_if_n<(int)1, (int)128, int *, thrust::THRUST_300002_S…
      0.0          145,057         30          4,835.2          4,512.0        3,008           7,968          1,425.5  void cuco::legacy::detail::initialize<(unsigned long)256, cuda::__4::atomic<int, (cuda::std::__4::t…
      0.0           43,936         30          1,464.5          1,456.0        1,280           1,760            104.5  void cub::CUB_300002_SM_900::detail::for_each::static_kernel<cub::CUB_300002_SM_900::detail::for_ea…

[7/8] Executing 'cuda_gpu_mem_time_sum' stats report

 Time (%)  Total Time (ns)    Count     Avg (ns)  Med (ns)  Min (ns)   Max (ns)   StdDev (ns)               Operation              
 --------  ---------------  ----------  --------  --------  --------  ----------  -----------  ------------------------------------
     43.2   16,193,041,623   6,532,113   2,479.0   2,464.0     1,696     244,673        328.0  [CUDA memcpy Device-to-Host]        
     43.1   16,137,479,631  19,595,871     823.5     768.0       703  15,686,562     15,935.9  [CUDA memcpy Host-to-Device]        
     13.5    5,064,004,972   3,266,865   1,550.1   1,472.0       704     748,097      6,651.2  [CUDA memset]                       
      0.1       47,809,115      16,203   2,950.6   2,527.0     2,175      21,888      1,579.9  [CUDA memcpy Unified Host-to-Device]
      0.0       15,907,096       4,245   3,747.3   2,911.0     2,303      21,792      2,246.6  [CUDA memcpy Unified Device-to-Host]

[8/8] Executing 'cuda_gpu_mem_size_sum' stats report

  Total (MB)      Count     Avg (MB)  Med (MB)  Min (MB)  Max (MB)   StdDev (MB)               Operation              
 -------------  ----------  --------  --------  --------  ---------  -----------  ------------------------------------
 1,304,546.289   3,266,865     0.399     0.163     0.000  2,429.687       21.719  [CUDA memset]                       
    10,109.491  19,595,871     0.001     0.000     0.000    169.952        0.172  [CUDA memcpy Host-to-Device]        
       493.451   6,532,113     0.000     0.000     0.000      3.237        0.006  [CUDA memcpy Device-to-Host]        
       469.107      16,203     0.029     0.008     0.004      1.040        0.085  [CUDA memcpy Unified Host-to-Device]
       279.249       4,245     0.066     0.020     0.004      1.044        0.120  [CUDA memcpy Unified Device-to-Host]

Generated:
    /home/jmukher/workspace/uiuc/citation_abm/profile/nsys-pa-30y-5p.nsys-rep
    /home/jmukher/workspace/uiuc/citation_abm/profile/nsys-pa-30y-5p.sqlite
SUCCESS: 2.2G → profile/nsys-pa-30y-5p.nsys-rep
Running growth rate 6% for 30 years.
Profile output: profile/nsys-pa-30y-6p.nsys-rep
CMD: nsys profile --trace=nvtx,cuda,osrt --gpu-metrics-device=all --gpu-metrics-frequency=10000 --stats=true --force-overwrite=true -o profile/nsys-pa-30y-6p ./abm --edgelist sj_edgelist --nodelist sj_nodelist --out-degree-bag tcen_at_least_five --recency-probabilities sj_recprob --alpha 0.5 --preferential-weight 0.33 --recency-weight 0.33 --fitness-weight 0.33 --growth-rate .06 --fully-random-citations 0.05 --num-cycles 30 --same-year-proportion 0.12 --output-file ./output/30y/gpu-opt-static-output-30y-6p.edgelist --auxiliary-information-file ./output/30y/gpu-opt-static-output-30y-6p.aux --log-file ./output/30y/nsys-gpu-opt-static-pa-30y-6p.log --num-processors 14 --log-level 1

Start ABM....
parse_args....
edgelist....
num-cycles....
output-file....
log-file = ./output/30y/nsys-gpu-opt-static-pa-30y-6p.log....
num-processors = 14....
log-level = 0
er_probability = 0.000000
model = pa
Init ABM....
Exec ABM....
Start execute.Init Graph
Inside  Graph ParseNodelist.....
Populating the continuous_node mappings..
Elapsed time: ParseNodelist : 1084 millisecs = 1 seconds

Inside Graph ParseEdgelist.....
Elapsed time: ParseEdgelist : 1578 millisecs = 1 seconds

In updateNodeInDegreeOutDegree: Update Outdegree first:
In updateNodeInDegreeOutDegree: Update Indegree:
Total (initial):: In-Degree = 899050, Out-Degree = 899050
Elapsed time: 0-1 : 1 seconds
Elapsed time: 1-2 : 1 seconds
Elapsed time: 2-3 : 0 seconds

Initialized Graph. Let us update the indegree and out-degrees... 
Graph init done...
calling InitializeFitness...
final graph size is 2823139 from initial_graph_size of 491532.
 populated out degree array.
 Entering loop for year = 1983
Elapsed time: 70-71: total : 0.268 secs, iter cost : 0 seconds

Elapsed time: 71-72: total : 0.309 secs, iter cost : 0 seconds

Elapsed time: 72-73: total : 19 millisecs, iter cost : 19 mseconds

num_new_nodes = 29492, current_graph_size = 491532, growth rate = 0.060000 
Elapsed time: 73-74: total : 0 millisecs, iter cost : 0 mseconds

Elapsed time: 74-75: total : 25 millisecs, iter cost : 25 mseconds

all new nodes initialized with years and mapped. FillSameYearSourceNodes with new_nodes_vec.size() = 29492
checking same_year_source_nodes size.
Elapsed time: 75-76: total : 0 millisecs, iter cost : 0 mseconds

new_nodes_vec.size() b4 : 29492

updated  updateGraphAttributesGeneratorNode .... 
Elapsed time: 76-77: total : 76 millisecs, iter cost : 76 mseconds

continuous_node_mapping.size() b5 : 521024, reverse_continuous_node_mapping size = 521024

[PA Model] Building connections using Preferential Attachment

Inside optimized buildOneNodeConnections...
Initial Free: 80526.5 MB / 81079.4 MB

[prepareGraph] num_vertices = 491532

[prepareGraph] edges = 899050, offsets = 491533 (should be V+1 = 491533)

[prepareGraph] num_vertices = 491532

[prepareGraph] edges = 899050, offsets = 491533 (should be V+1 = 491533)

Year 1983: 29492 new nodes, 585141 new edges

Elapsed time: 78-781 : total : 11.052 secs, this iter cost : 11.052 seconds

Elapsed time: 78-79 : total : 11.363 secs, this iter cost : 11.363 seconds

updateNodeInDegreeOutDegree(year=1983): updated 29492 out-degrees, 296929 in-degrees
Elapsed time: 79-81 : total : 0.322 secs, this iter cost : 0 seconds

Elapsed time: 79-80 : total : 0.176 secs, this iter cost : 0 seconds

Elapsed time: 80-81 : total : 0.146 secs, this iter cost : 0 seconds

Elapsed time: 70-81 : total : 12.387 secs, this iter cost : 12 seconds

 Entering loop for year = 1984
Elapsed time: 70-71: total : 0.642 secs, iter cost : 0 seconds

Elapsed time: 71-72: total : 0.7 secs, iter cost : 0 seconds

Elapsed time: 72-73: total : 38 millisecs, iter cost : 19 mseconds

num_new_nodes = 31262, current_graph_size = 521024, growth rate = 0.060000 
Elapsed time: 73-74: total : 0 millisecs, iter cost : 0 mseconds

Elapsed time: 74-75: total : 45 millisecs, iter cost : 20 mseconds

all new nodes initialized with years and mapped. FillSameYearSourceNodes with new_nodes_vec.size() = 31262
checking same_year_source_nodes size.
Elapsed time: 75-76: total : 0 millisecs, iter cost : 0 mseconds

new_nodes_vec.size() b4 : 31262

updated  updateGraphAttributesGeneratorNode .... 
Elapsed time: 76-77: total : 153 millisecs, iter cost : 77 mseconds

continuous_node_mapping.size() b5 : 552286, reverse_continuous_node_mapping size = 552286

[PA Model] Building connections using Preferential Attachment

Inside optimized buildOneNodeConnections...
Initial Free: 80298.5 MB / 81079.4 MB

[prepareGraph] num_vertices = 521024

[prepareGraph] edges = 1484191, offsets = 521025 (should be V+1 = 521025)

[prepareGraph] num_vertices = 521024

[prepareGraph] edges = 1484191, offsets = 521025 (should be V+1 = 521025)

Year 1984: 31262 new nodes, 619180 new edges

Elapsed time: 78-781 : total : 22.433 secs, this iter cost : 11.381 seconds

Elapsed time: 78-79 : total : 22.983 secs, this iter cost : 11.62 seconds

updateNodeInDegreeOutDegree(year=1984): updated 31262 out-degrees, 307279 in-degrees
Elapsed time: 79-81 : total : 0.611 secs, this iter cost : 0 seconds

Elapsed time: 79-80 : total : 0.31 secs, this iter cost : 0 seconds

Elapsed time: 80-81 : total : 0.3 secs, this iter cost : 0 seconds

Elapsed time: 70-81 : total : 25.181 secs, this iter cost : 12 seconds

 Entering loop for year = 1985
Elapsed time: 70-71: total : 1.005 secs, iter cost : 0 seconds

Elapsed time: 71-72: total : 1.084 secs, iter cost : 0 seconds

Elapsed time: 72-73: total : 56 millisecs, iter cost : 18 mseconds

num_new_nodes = 33138, current_graph_size = 552286, growth rate = 0.060000 
Elapsed time: 73-74: total : 0 millisecs, iter cost : 0 mseconds

Elapsed time: 74-75: total : 64 millisecs, iter cost : 19 mseconds

all new nodes initialized with years and mapped. FillSameYearSourceNodes with new_nodes_vec.size() = 33138
checking same_year_source_nodes size.
Elapsed time: 75-76: total : 0 millisecs, iter cost : 0 mseconds

new_nodes_vec.size() b4 : 33138

updated  updateGraphAttributesGeneratorNode .... 
Elapsed time: 76-77: total : 235 millisecs, iter cost : 82 mseconds

continuous_node_mapping.size() b5 : 585424, reverse_continuous_node_mapping size = 585424

[PA Model] Building connections using Preferential Attachment

Inside optimized buildOneNodeConnections...
Initial Free: 80262.5 MB / 81079.4 MB

[prepareGraph] num_vertices = 552286

[prepareGraph] edges = 2103371, offsets = 552287 (should be V+1 = 552287)

[prepareGraph] num_vertices = 552286

[prepareGraph] edges = 2103371, offsets = 552287 (should be V+1 = 552287)

Year 1985: 33138 new nodes, 655951 new edges

Elapsed time: 78-781 : total : 34.628 secs, this iter cost : 12.195 seconds

Elapsed time: 78-79 : total : 35.539 secs, this iter cost : 12.556 seconds

updateNodeInDegreeOutDegree(year=1985): updated 33138 out-degrees, 315864 in-degrees
Elapsed time: 79-81 : total : 0.938 secs, this iter cost : 0 seconds

Elapsed time: 79-80 : total : 0.471 secs, this iter cost : 0 seconds

Elapsed time: 80-81 : total : 0.465 secs, this iter cost : 0 seconds

Elapsed time: 70-81 : total : 38.933 secs, this iter cost : 13 seconds

 Entering loop for year = 1986
Elapsed time: 70-71: total : 1.411 secs, iter cost : 0 seconds

Elapsed time: 71-72: total : 1.52 secs, iter cost : 0 seconds

Elapsed time: 72-73: total : 72 millisecs, iter cost : 16 mseconds

num_new_nodes = 35126, current_graph_size = 585424, growth rate = 0.060000 
Elapsed time: 73-74: total : 0 millisecs, iter cost : 0 mseconds

Elapsed time: 74-75: total : 82 millisecs, iter cost : 18 mseconds

all new nodes initialized with years and mapped. FillSameYearSourceNodes with new_nodes_vec.size() = 35126
checking same_year_source_nodes size.
Elapsed time: 75-76: total : 0 millisecs, iter cost : 0 mseconds

new_nodes_vec.size() b4 : 35126

updated  updateGraphAttributesGeneratorNode .... 
Elapsed time: 76-77: total : 321 millisecs, iter cost : 86 mseconds

continuous_node_mapping.size() b5 : 620550, reverse_continuous_node_mapping size = 620550

[PA Model] Building connections using Preferential Attachment

Inside optimized buildOneNodeConnections...
Initial Free: 80222.5 MB / 81079.4 MB

[prepareGraph] num_vertices = 585424

[prepareGraph] edges = 2759322, offsets = 585425 (should be V+1 = 585425)

[prepareGraph] num_vertices = 585424

[prepareGraph] edges = 2759322, offsets = 585425 (should be V+1 = 585425)

Year 1986: 35126 new nodes, 692896 new edges

Elapsed time: 78-781 : total : 48.665 secs, this iter cost : 14.037 seconds

Elapsed time: 78-79 : total : 49.921 secs, this iter cost : 14.382 seconds

updateNodeInDegreeOutDegree(year=1986): updated 35126 out-degrees, 325407 in-degrees
Elapsed time: 79-81 : total : 1.281 secs, this iter cost : 0 seconds

Elapsed time: 79-80 : total : 0.638 secs, this iter cost : 0 seconds

Elapsed time: 80-81 : total : 0.64 secs, this iter cost : 0 seconds

Elapsed time: 70-81 : total : 54.623 secs, this iter cost : 15 seconds

 Entering loop for year = 1987
Elapsed time: 70-71: total : 1.816 secs, iter cost : 0 seconds

Elapsed time: 71-72: total : 1.958 secs, iter cost : 0 seconds

Elapsed time: 72-73: total : 91 millisecs, iter cost : 19 mseconds

num_new_nodes = 37233, current_graph_size = 620550, growth rate = 0.060000 
Elapsed time: 73-74: total : 0 millisecs, iter cost : 0 mseconds

Elapsed time: 74-75: total : 100 millisecs, iter cost : 18 mseconds

all new nodes initialized with years and mapped. FillSameYearSourceNodes with new_nodes_vec.size() = 37233
checking same_year_source_nodes size.
Elapsed time: 75-76: total : 0 millisecs, iter cost : 0 mseconds

new_nodes_vec.size() b4 : 37233

updated  updateGraphAttributesGeneratorNode .... 
Elapsed time: 76-77: total : 412 millisecs, iter cost : 91 mseconds

continuous_node_mapping.size() b5 : 657783, reverse_continuous_node_mapping size = 657783

[PA Model] Building connections using Preferential Attachment

Inside optimized buildOneNodeConnections...
Initial Free: 80180.5 MB / 81079.4 MB

[prepareGraph] num_vertices = 620550

[prepareGraph] edges = 3452218, offsets = 620551 (should be V+1 = 620551)

[prepareGraph] num_vertices = 620550

[prepareGraph] edges = 3452218, offsets = 620551 (should be V+1 = 620551)

Year 1987: 37233 new nodes, 734809 new edges

Elapsed time: 78-781 : total : 65.007 secs, this iter cost : 16.342 seconds

Elapsed time: 78-79 : total : 66.677 secs, this iter cost : 16.756 seconds

updateNodeInDegreeOutDegree(year=1987): updated 37233 out-degrees, 336858 in-degrees
Elapsed time: 79-81 : total : 1.648 secs, this iter cost : 0 seconds

Elapsed time: 79-80 : total : 0.821 secs, this iter cost : 0 seconds

Elapsed time: 80-81 : total : 0.824 secs, this iter cost : 0 seconds

Elapsed time: 70-81 : total : 72.721 secs, this iter cost : 18 seconds

 Entering loop for year = 1988
Elapsed time: 70-71: total : 2.147 secs, iter cost : 0 seconds

Elapsed time: 71-72: total : 2.327 secs, iter cost : 0 seconds

Elapsed time: 72-73: total : 110 millisecs, iter cost : 19 mseconds

num_new_nodes = 39467, current_graph_size = 657783, growth rate = 0.060000 
Elapsed time: 73-74: total : 0 millisecs, iter cost : 0 mseconds

Elapsed time: 74-75: total : 118 millisecs, iter cost : 18 mseconds

all new nodes initialized with years and mapped. FillSameYearSourceNodes with new_nodes_vec.size() = 39467
checking same_year_source_nodes size.
Elapsed time: 75-76: total : 0 millisecs, iter cost : 0 mseconds

new_nodes_vec.size() b4 : 39467

updated  updateGraphAttributesGeneratorNode .... 
Elapsed time: 76-77: total : 509 millisecs, iter cost : 97 mseconds

continuous_node_mapping.size() b5 : 697250, reverse_continuous_node_mapping size = 697250

[PA Model] Building connections using Preferential Attachment

Inside optimized buildOneNodeConnections...
Initial Free: 79190.5 MB / 81079.4 MB

[prepareGraph] num_vertices = 657783

[prepareGraph] edges = 4187027, offsets = 657784 (should be V+1 = 657784)

[prepareGraph] num_vertices = 657783

[prepareGraph] edges = 4187027, offsets = 657784 (should be V+1 = 657784)

Year 1988: 39467 new nodes, 777511 new edges

Elapsed time: 78-781 : total : 82.383 secs, this iter cost : 17.376 seconds

Elapsed time: 78-79 : total : 84.425 secs, this iter cost : 17.748 seconds

updateNodeInDegreeOutDegree(year=1988): updated 39467 out-degrees, 348113 in-degrees
Elapsed time: 79-81 : total : 2.069 secs, this iter cost : 0 seconds

Elapsed time: 79-80 : total : 1.046 secs, this iter cost : 0 seconds

Elapsed time: 80-81 : total : 1.02 secs, this iter cost : 0 seconds

Elapsed time: 70-81 : total : 91.726 secs, this iter cost : 19 seconds

 Entering loop for year = 1989
Elapsed time: 70-71: total : 2.465 secs, iter cost : 0 seconds

Elapsed time: 71-72: total : 2.697 secs, iter cost : 0 seconds

Elapsed time: 72-73: total : 127 millisecs, iter cost : 17 mseconds

num_new_nodes = 41835, current_graph_size = 697250, growth rate = 0.060000 
Elapsed time: 73-74: total : 0 millisecs, iter cost : 0 mseconds

Elapsed time: 74-75: total : 137 millisecs, iter cost : 19 mseconds

all new nodes initialized with years and mapped. FillSameYearSourceNodes with new_nodes_vec.size() = 41835
checking same_year_source_nodes size.
Elapsed time: 75-76: total : 0 millisecs, iter cost : 0 mseconds

new_nodes_vec.size() b4 : 41835

updated  updateGraphAttributesGeneratorNode .... 
Elapsed time: 76-77: total : 613 millisecs, iter cost : 104 mseconds

continuous_node_mapping.size() b5 : 739085, reverse_continuous_node_mapping size = 739085

[PA Model] Building connections using Preferential Attachment

Inside optimized buildOneNodeConnections...
Initial Free: 79150.5 MB / 81079.4 MB

[prepareGraph] num_vertices = 697250

[prepareGraph] edges = 4964538, offsets = 697251 (should be V+1 = 697251)

[prepareGraph] num_vertices = 697250

[prepareGraph] edges = 4964538, offsets = 697251 (should be V+1 = 697251)

Year 1989: 41835 new nodes, 824314 new edges

Elapsed time: 78-781 : total : 101.202 secs, this iter cost : 18.819 seconds

Elapsed time: 78-79 : total : 103.721 secs, this iter cost : 19.296 seconds

updateNodeInDegreeOutDegree(year=1989): updated 41835 out-degrees, 359756 in-degrees
Elapsed time: 79-81 : total : 2.47 secs, this iter cost : 0 seconds

Elapsed time: 79-80 : total : 1.239 secs, this iter cost : 0 seconds

Elapsed time: 80-81 : total : 1.228 secs, this iter cost : 0 seconds

Elapsed time: 70-81 : total : 112.253 secs, this iter cost : 20 seconds

 Entering loop for year = 1990
Elapsed time: 70-71: total : 2.842 secs, iter cost : 0 seconds

Elapsed time: 71-72: total : 3.111 secs, iter cost : 0 seconds

Elapsed time: 72-73: total : 146 millisecs, iter cost : 19 mseconds

num_new_nodes = 44346, current_graph_size = 739085, growth rate = 0.060000 
Elapsed time: 73-74: total : 0 millisecs, iter cost : 0 mseconds

Elapsed time: 74-75: total : 157 millisecs, iter cost : 20 mseconds

all new nodes initialized with years and mapped. FillSameYearSourceNodes with new_nodes_vec.size() = 44346
checking same_year_source_nodes size.
Elapsed time: 75-76: total : 0 millisecs, iter cost : 0 mseconds

new_nodes_vec.size() b4 : 44346

updated  updateGraphAttributesGeneratorNode .... 
Elapsed time: 76-77: total : 720 millisecs, iter cost : 107 mseconds

continuous_node_mapping.size() b5 : 783431, reverse_continuous_node_mapping size = 783431

[PA Model] Building connections using Preferential Attachment

Inside optimized buildOneNodeConnections...
Initial Free: 78324.5 MB / 81079.4 MB

[prepareGraph] num_vertices = 739085

[prepareGraph] edges = 5788852, offsets = 739086 (should be V+1 = 739086)

[prepareGraph] num_vertices = 739085

[prepareGraph] edges = 5788852, offsets = 739086 (should be V+1 = 739086)

Year 1990: 44346 new nodes, 874702 new edges

Elapsed time: 78-781 : total : 121.798 secs, this iter cost : 20.596 seconds

Elapsed time: 78-79 : total : 124.805 secs, this iter cost : 21.084 seconds

updateNodeInDegreeOutDegree(year=1990): updated 44346 out-degrees, 376294 in-degrees
Elapsed time: 79-81 : total : 2.867 secs, this iter cost : 0 seconds

Elapsed time: 79-80 : total : 1.419 secs, this iter cost : 0 seconds

Elapsed time: 80-81 : total : 1.445 secs, this iter cost : 0 seconds

Elapsed time: 70-81 : total : 134.674 secs, this iter cost : 22 seconds

 Entering loop for year = 1991
Elapsed time: 70-71: total : 3.19 secs, iter cost : 0 seconds

Elapsed time: 71-72: total : 3.518 secs, iter cost : 0 seconds

Elapsed time: 72-73: total : 160 millisecs, iter cost : 14 mseconds

num_new_nodes = 47006, current_graph_size = 783431, growth rate = 0.060000 
Elapsed time: 73-74: total : 0 millisecs, iter cost : 0 mseconds

Elapsed time: 74-75: total : 179 millisecs, iter cost : 22 mseconds

all new nodes initialized with years and mapped. FillSameYearSourceNodes with new_nodes_vec.size() = 47006
checking same_year_source_nodes size.
Elapsed time: 75-76: total : 0 millisecs, iter cost : 0 mseconds

new_nodes_vec.size() b4 : 47006

updated  updateGraphAttributesGeneratorNode .... 
Elapsed time: 76-77: total : 838 millisecs, iter cost : 118 mseconds

continuous_node_mapping.size() b5 : 830437, reverse_continuous_node_mapping size = 830437

[PA Model] Building connections using Preferential Attachment

Inside optimized buildOneNodeConnections...
Initial Free: 78314.5 MB / 81079.4 MB

[prepareGraph] num_vertices = 783431

[prepareGraph] edges = 6663554, offsets = 783432 (should be V+1 = 783432)

[prepareGraph] num_vertices = 783431

[prepareGraph] edges = 6663554, offsets = 783432 (should be V+1 = 783432)

Year 1991: 47006 new nodes, 926110 new edges

Elapsed time: 78-781 : total : 144.415 secs, this iter cost : 22.617 seconds

Elapsed time: 78-79 : total : 147.845 secs, this iter cost : 23.04 seconds

updateNodeInDegreeOutDegree(year=1991): updated 47006 out-degrees, 393279 in-degrees
Elapsed time: 79-81 : total : 3.292 secs, this iter cost : 0 seconds

Elapsed time: 79-80 : total : 1.605 secs, this iter cost : 0 seconds

Elapsed time: 80-81 : total : 1.684 secs, this iter cost : 0 seconds

Elapsed time: 70-81 : total : 159.052 secs, this iter cost : 24 seconds

 Entering loop for year = 1992
Elapsed time: 70-71: total : 3.544 secs, iter cost : 0 seconds

Elapsed time: 71-72: total : 3.933 secs, iter cost : 0 seconds

Elapsed time: 72-73: total : 162 millisecs, iter cost : 2 mseconds

num_new_nodes = 49827, current_graph_size = 830437, growth rate = 0.060000 
Elapsed time: 73-74: total : 0 millisecs, iter cost : 0 mseconds

Elapsed time: 74-75: total : 202 millisecs, iter cost : 23 mseconds

all new nodes initialized with years and mapped. FillSameYearSourceNodes with new_nodes_vec.size() = 49827
checking same_year_source_nodes size.
Elapsed time: 75-76: total : 0 millisecs, iter cost : 0 mseconds

new_nodes_vec.size() b4 : 49827

updated  updateGraphAttributesGeneratorNode .... 
Elapsed time: 76-77: total : 960 millisecs, iter cost : 122 mseconds

continuous_node_mapping.size() b5 : 880264, reverse_continuous_node_mapping size = 880264

[PA Model] Building connections using Preferential Attachment

Inside optimized buildOneNodeConnections...
Initial Free: 78282.5 MB / 81079.4 MB

[prepareGraph] num_vertices = 830437

[prepareGraph] edges = 7589664, offsets = 830438 (should be V+1 = 830438)

[prepareGraph] num_vertices = 830437

[prepareGraph] edges = 7589664, offsets = 830438 (should be V+1 = 830438)

Year 1992: 49827 new nodes, 981267 new edges

Elapsed time: 78-781 : total : 171.383 secs, this iter cost : 26.968 seconds

Elapsed time: 78-79 : total : 175.244 secs, this iter cost : 27.399 seconds

updateNodeInDegreeOutDegree(year=1992): updated 49827 out-degrees, 411259 in-degrees
Elapsed time: 79-81 : total : 3.734 secs, this iter cost : 0 seconds

Elapsed time: 79-80 : total : 1.799 secs, this iter cost : 0 seconds

Elapsed time: 80-81 : total : 1.932 secs, this iter cost : 0 seconds

Elapsed time: 70-81 : total : 187.814 secs, this iter cost : 28 seconds

 Entering loop for year = 1993
Elapsed time: 70-71: total : 3.918 secs, iter cost : 0 seconds

Elapsed time: 71-72: total : 4.364 secs, iter cost : 0 seconds

Elapsed time: 72-73: total : 177 millisecs, iter cost : 15 mseconds

num_new_nodes = 52816, current_graph_size = 880264, growth rate = 0.060000 
Elapsed time: 73-74: total : 0 millisecs, iter cost : 0 mseconds

Elapsed time: 74-75: total : 227 millisecs, iter cost : 25 mseconds

all new nodes initialized with years and mapped. FillSameYearSourceNodes with new_nodes_vec.size() = 52816
checking same_year_source_nodes size.
Elapsed time: 75-76: total : 0 millisecs, iter cost : 0 mseconds

new_nodes_vec.size() b4 : 52816

updated  updateGraphAttributesGeneratorNode .... 
Elapsed time: 76-77: total : 1090 millisecs, iter cost : 130 mseconds

continuous_node_mapping.size() b5 : 933080, reverse_continuous_node_mapping size = 933080

[PA Model] Building connections using Preferential Attachment

Inside optimized buildOneNodeConnections...
Initial Free: 78242.5 MB / 81079.4 MB

[prepareGraph] num_vertices = 880264

[prepareGraph] edges = 8570931, offsets = 880265 (should be V+1 = 880265)

[prepareGraph] num_vertices = 880264

[prepareGraph] edges = 8570931, offsets = 880265 (should be V+1 = 880265)

Year 1993: 52816 new nodes, 1039995 new edges

Elapsed time: 78-781 : total : 200.092 secs, this iter cost : 28.709 seconds

Elapsed time: 78-79 : total : 204.426 secs, this iter cost : 29.182 seconds

updateNodeInDegreeOutDegree(year=1993): updated 52816 out-degrees, 431211 in-degrees
Elapsed time: 79-81 : total : 4.21 secs, this iter cost : 0 seconds

Elapsed time: 79-80 : total : 2.003 secs, this iter cost : 0 seconds

Elapsed time: 80-81 : total : 2.204 secs, this iter cost : 0 seconds

Elapsed time: 70-81 : total : 218.45 secs, this iter cost : 30 seconds

 Entering loop for year = 1994
Elapsed time: 70-71: total : 4.3 secs, iter cost : 0 seconds

Elapsed time: 71-72: total : 4.797 secs, iter cost : 0 seconds

Elapsed time: 72-73: total : 196 millisecs, iter cost : 19 mseconds

num_new_nodes = 55985, current_graph_size = 933080, growth rate = 0.060000 
Elapsed time: 73-74: total : 0 millisecs, iter cost : 0 mseconds

Elapsed time: 74-75: total : 253 millisecs, iter cost : 26 mseconds

all new nodes initialized with years and mapped. FillSameYearSourceNodes with new_nodes_vec.size() = 55985
checking same_year_source_nodes size.
Elapsed time: 75-76: total : 0 millisecs, iter cost : 0 mseconds

new_nodes_vec.size() b4 : 55985

updated  updateGraphAttributesGeneratorNode .... 
Elapsed time: 76-77: total : 1224 millisecs, iter cost : 134 mseconds

continuous_node_mapping.size() b5 : 989065, reverse_continuous_node_mapping size = 989065

[PA Model] Building connections using Preferential Attachment

Inside optimized buildOneNodeConnections...
Initial Free: 78182.5 MB / 81079.4 MB

[prepareGraph] num_vertices = 933080

[prepareGraph] edges = 9610926, offsets = 933081 (should be V+1 = 933081)

[prepareGraph] num_vertices = 933080

[prepareGraph] edges = 9610926, offsets = 933081 (should be V+1 = 933081)

Year 1994: 55985 new nodes, 1100658 new edges

Elapsed time: 78-781 : total : 230.524 secs, this iter cost : 30.432 seconds

Elapsed time: 78-79 : total : 235.376 secs, this iter cost : 30.95 seconds

updateNodeInDegreeOutDegree(year=1994): updated 55985 out-degrees, 453993 in-degrees
Elapsed time: 79-81 : total : 4.702 secs, this iter cost : 0 seconds

Elapsed time: 79-80 : total : 2.22 secs, this iter cost : 0 seconds

Elapsed time: 80-81 : total : 2.478 secs, this iter cost : 0 seconds

Elapsed time: 70-81 : total : 250.888 secs, this iter cost : 32 seconds

 Entering loop for year = 1995
Elapsed time: 70-71: total : 4.693 secs, iter cost : 0 seconds

Elapsed time: 71-72: total : 5.25 secs, iter cost : 0 seconds

Elapsed time: 72-73: total : 215 millisecs, iter cost : 19 mseconds

num_new_nodes = 59344, current_graph_size = 989065, growth rate = 0.060000 
Elapsed time: 73-74: total : 0 millisecs, iter cost : 0 mseconds

Elapsed time: 74-75: total : 281 millisecs, iter cost : 28 mseconds

all new nodes initialized with years and mapped. FillSameYearSourceNodes with new_nodes_vec.size() = 59344
checking same_year_source_nodes size.
Elapsed time: 75-76: total : 0 millisecs, iter cost : 0 mseconds

new_nodes_vec.size() b4 : 59344

updated  updateGraphAttributesGeneratorNode .... 
Elapsed time: 76-77: total : 1368 millisecs, iter cost : 144 mseconds

continuous_node_mapping.size() b5 : 1048409, reverse_continuous_node_mapping size = 1048409

[PA Model] Building connections using Preferential Attachment

Inside optimized buildOneNodeConnections...
Initial Free: 77134.5 MB / 81079.4 MB

[prepareGraph] num_vertices = 989065

[prepareGraph] edges = 10711584, offsets = 989066 (should be V+1 = 989066)

[prepareGraph] num_vertices = 989065

[prepareGraph] edges = 10711584, offsets = 989066 (should be V+1 = 989066)

Year 1995: 59344 new nodes, 1164509 new edges

Elapsed time: 78-781 : total : 266.523 secs, this iter cost : 35.999 seconds

Elapsed time: 78-79 : total : 271.881 secs, this iter cost : 36.505 seconds

updateNodeInDegreeOutDegree(year=1995): updated 59344 out-degrees, 479972 in-degrees
Elapsed time: 79-81 : total : 5.216 secs, this iter cost : 0 seconds

Elapsed time: 79-80 : total : 2.443 secs, this iter cost : 0 seconds

Elapsed time: 80-81 : total : 2.769 secs, this iter cost : 0 seconds

Elapsed time: 70-81 : total : 288.947 secs, this iter cost : 38 seconds

 Entering loop for year = 1996
Elapsed time: 70-71: total : 5.107 secs, iter cost : 0 seconds

Elapsed time: 71-72: total : 5.718 secs, iter cost : 0 seconds

Elapsed time: 72-73: total : 234 millisecs, iter cost : 19 mseconds

num_new_nodes = 62905, current_graph_size = 1048409, growth rate = 0.060000 
Elapsed time: 73-74: total : 0 millisecs, iter cost : 0 mseconds

Elapsed time: 74-75: total : 312 millisecs, iter cost : 31 mseconds

all new nodes initialized with years and mapped. FillSameYearSourceNodes with new_nodes_vec.size() = 62905
checking same_year_source_nodes size.
Elapsed time: 75-76: total : 0 millisecs, iter cost : 0 mseconds

new_nodes_vec.size() b4 : 62905

updated  updateGraphAttributesGeneratorNode .... 
Elapsed time: 76-77: total : 1524 millisecs, iter cost : 156 mseconds

continuous_node_mapping.size() b5 : 1111314, reverse_continuous_node_mapping size = 1111314

[PA Model] Building connections using Preferential Attachment

Inside optimized buildOneNodeConnections...
Initial Free: 76602.5 MB / 81079.4 MB

[prepareGraph] num_vertices = 1048409

[prepareGraph] edges = 11876093, offsets = 1048410 (should be V+1 = 1048410)

[prepareGraph] num_vertices = 1048409

[prepareGraph] edges = 11876093, offsets = 1048410 (should be V+1 = 1048410)

Year 1996: 62905 new nodes, 1233929 new edges

Elapsed time: 78-781 : total : 310.002 secs, this iter cost : 43.479 seconds

Elapsed time: 78-79 : total : 315.954 secs, this iter cost : 44.073 seconds

updateNodeInDegreeOutDegree(year=1996): updated 62905 out-degrees, 505609 in-degrees
Elapsed time: 79-81 : total : 5.774 secs, this iter cost : 0 seconds

Elapsed time: 79-80 : total : 2.683 secs, this iter cost : 0 seconds

Elapsed time: 80-81 : total : 3.086 secs, this iter cost : 0 seconds

Elapsed time: 70-81 : total : 334.668 secs, this iter cost : 45 seconds

 Entering loop for year = 1997
Elapsed time: 70-71: total : 5.541 secs, iter cost : 0 seconds

Elapsed time: 71-72: total : 6.208 secs, iter cost : 0 seconds

Elapsed time: 72-73: total : 249 millisecs, iter cost : 15 mseconds

num_new_nodes = 66679, current_graph_size = 1111314, growth rate = 0.060000 
Elapsed time: 73-74: total : 0 millisecs, iter cost : 0 mseconds

Elapsed time: 74-75: total : 344 millisecs, iter cost : 32 mseconds

all new nodes initialized with years and mapped. FillSameYearSourceNodes with new_nodes_vec.size() = 66679
checking same_year_source_nodes size.
Elapsed time: 75-76: total : 0 millisecs, iter cost : 0 mseconds

new_nodes_vec.size() b4 : 66679

updated  updateGraphAttributesGeneratorNode .... 
Elapsed time: 76-77: total : 1700 millisecs, iter cost : 176 mseconds

continuous_node_mapping.size() b5 : 1177993, reverse_continuous_node_mapping size = 1177993

[PA Model] Building connections using Preferential Attachment

Inside optimized buildOneNodeConnections...
Initial Free: 76544.5 MB / 81079.4 MB

[prepareGraph] num_vertices = 1111314

[prepareGraph] edges = 13110022, offsets = 1111315 (should be V+1 = 1111315)

[prepareGraph] num_vertices = 1111314

[prepareGraph] edges = 13110022, offsets = 1111315 (should be V+1 = 1111315)

Year 1997: 66679 new nodes, 1306846 new edges

Elapsed time: 78-781 : total : 359.553 secs, this iter cost : 49.551 seconds

Elapsed time: 78-79 : total : 366.113 secs, this iter cost : 50.159 seconds

updateNodeInDegreeOutDegree(year=1997): updated 66679 out-degrees, 534899 in-degrees
Elapsed time: 79-81 : total : 6.37 secs, this iter cost : 0 seconds

Elapsed time: 79-80 : total : 2.935 secs, this iter cost : 0 seconds

Elapsed time: 80-81 : total : 3.43 secs, this iter cost : 0 seconds

Elapsed time: 70-81 : total : 386.574 secs, this iter cost : 51 seconds

 Entering loop for year = 1998
Elapsed time: 70-71: total : 5.99 secs, iter cost : 0 seconds

Elapsed time: 71-72: total : 6.725 secs, iter cost : 0 seconds

Elapsed time: 72-73: total : 269 millisecs, iter cost : 20 mseconds

num_new_nodes = 70680, current_graph_size = 1177993, growth rate = 0.060000 
Elapsed time: 73-74: total : 0 millisecs, iter cost : 0 mseconds

Elapsed time: 74-75: total : 380 millisecs, iter cost : 36 mseconds

all new nodes initialized with years and mapped. FillSameYearSourceNodes with new_nodes_vec.size() = 70680
checking same_year_source_nodes size.
Elapsed time: 75-76: total : 0 millisecs, iter cost : 0 mseconds

new_nodes_vec.size() b4 : 70680

updated  updateGraphAttributesGeneratorNode .... 
Elapsed time: 76-77: total : 1877 millisecs, iter cost : 177 mseconds

continuous_node_mapping.size() b5 : 1248673, reverse_continuous_node_mapping size = 1248673

[PA Model] Building connections using Preferential Attachment

Inside optimized buildOneNodeConnections...
Initial Free: 76370.5 MB / 81079.4 MB

[prepareGraph] num_vertices = 1177993

[prepareGraph] edges = 14416868, offsets = 1177994 (should be V+1 = 1177994)

[prepareGraph] num_vertices = 1177993

[prepareGraph] edges = 14416868, offsets = 1177994 (should be V+1 = 1177994)

Year 1998: 70680 new nodes, 1384206 new edges

Elapsed time: 78-781 : total : 412.577 secs, this iter cost : 53.024 seconds

Elapsed time: 78-79 : total : 419.771 secs, this iter cost : 53.658 seconds

updateNodeInDegreeOutDegree(year=1998): updated 70680 out-degrees, 565283 in-degrees
Elapsed time: 79-81 : total : 6.992 secs, this iter cost : 0 seconds

Elapsed time: 79-80 : total : 3.201 secs, this iter cost : 0 seconds

Elapsed time: 80-81 : total : 3.786 secs, this iter cost : 0 seconds

Elapsed time: 70-81 : total : 442.055 secs, this iter cost : 55 seconds

 Entering loop for year = 1999
Elapsed time: 70-71: total : 6.448 secs, iter cost : 0 seconds

Elapsed time: 71-72: total : 7.249 secs, iter cost : 0 seconds

Elapsed time: 72-73: total : 276 millisecs, iter cost : 7 mseconds

num_new_nodes = 74921, current_graph_size = 1248673, growth rate = 0.060000 
Elapsed time: 73-74: total : 0 millisecs, iter cost : 0 mseconds

Elapsed time: 74-75: total : 417 millisecs, iter cost : 37 mseconds

all new nodes initialized with years and mapped. FillSameYearSourceNodes with new_nodes_vec.size() = 74921
checking same_year_source_nodes size.
Elapsed time: 75-76: total : 0 millisecs, iter cost : 0 mseconds

new_nodes_vec.size() b4 : 74921

updated  updateGraphAttributesGeneratorNode .... 
Elapsed time: 76-77: total : 2066 millisecs, iter cost : 189 mseconds

continuous_node_mapping.size() b5 : 1323594, reverse_continuous_node_mapping size = 1323594

[PA Model] Building connections using Preferential Attachment

Inside optimized buildOneNodeConnections...
Initial Free: 76348.5 MB / 81079.4 MB

[prepareGraph] num_vertices = 1248673

[prepareGraph] edges = 15801074, offsets = 1248674 (should be V+1 = 1248674)

[prepareGraph] num_vertices = 1248673

[prepareGraph] edges = 15801074, offsets = 1248674 (should be V+1 = 1248674)

Year 1999: 74921 new nodes, 1467323 new edges

Elapsed time: 78-781 : total : 474.288 secs, this iter cost : 61.711 seconds

Elapsed time: 78-79 : total : 482.182 secs, this iter cost : 62.411 seconds

updateNodeInDegreeOutDegree(year=1999): updated 74921 out-degrees, 597925 in-degrees
Elapsed time: 79-81 : total : 7.648 secs, this iter cost : 0 seconds

Elapsed time: 79-80 : total : 3.479 secs, this iter cost : 0 seconds

Elapsed time: 80-81 : total : 4.163 secs, this iter cost : 0 seconds

Elapsed time: 70-81 : total : 506.34 secs, this iter cost : 64 seconds

 Entering loop for year = 2000
Elapsed time: 70-71: total : 6.933 secs, iter cost : 0 seconds

Elapsed time: 71-72: total : 7.805 secs, iter cost : 0 seconds

Elapsed time: 72-73: total : 296 millisecs, iter cost : 20 mseconds

num_new_nodes = 79416, current_graph_size = 1323594, growth rate = 0.060000 
Elapsed time: 73-74: total : 0 millisecs, iter cost : 0 mseconds

Elapsed time: 74-75: total : 457 millisecs, iter cost : 40 mseconds

all new nodes initialized with years and mapped. FillSameYearSourceNodes with new_nodes_vec.size() = 79416
checking same_year_source_nodes size.
Elapsed time: 75-76: total : 0 millisecs, iter cost : 0 mseconds

new_nodes_vec.size() b4 : 79416

updated  updateGraphAttributesGeneratorNode .... 
Elapsed time: 76-77: total : 2267 millisecs, iter cost : 201 mseconds

continuous_node_mapping.size() b5 : 1403010, reverse_continuous_node_mapping size = 1403010

[PA Model] Building connections using Preferential Attachment

Inside optimized buildOneNodeConnections...
Initial Free: 75586.5 MB / 81079.4 MB

[prepareGraph] num_vertices = 1323594

[prepareGraph] edges = 17268397, offsets = 1323595 (should be V+1 = 1323595)

[prepareGraph] num_vertices = 1323594

[prepareGraph] edges = 17268397, offsets = 1323595 (should be V+1 = 1323595)

Year 2000: 79416 new nodes, 1554978 new edges

Elapsed time: 78-781 : total : 538.239 secs, this iter cost : 63.951 seconds

Elapsed time: 78-79 : total : 546.878 secs, this iter cost : 64.696 seconds

updateNodeInDegreeOutDegree(year=2000): updated 79416 out-degrees, 635328 in-degrees
Elapsed time: 79-81 : total : 8.359 secs, this iter cost : 0 seconds

Elapsed time: 79-80 : total : 3.786 secs, this iter cost : 0 seconds

Elapsed time: 80-81 : total : 4.567 secs, this iter cost : 0 seconds

Elapsed time: 70-81 : total : 573.051 secs, this iter cost : 66 seconds

 Entering loop for year = 2001
Elapsed time: 70-71: total : 7.422 secs, iter cost : 0 seconds

Elapsed time: 71-72: total : 8.388 secs, iter cost : 0 seconds

Elapsed time: 72-73: total : 312 millisecs, iter cost : 16 mseconds

num_new_nodes = 84181, current_graph_size = 1403010, growth rate = 0.060000 
Elapsed time: 73-74: total : 0 millisecs, iter cost : 0 mseconds

Elapsed time: 74-75: total : 498 millisecs, iter cost : 41 mseconds

all new nodes initialized with years and mapped. FillSameYearSourceNodes with new_nodes_vec.size() = 84181
checking same_year_source_nodes size.
Elapsed time: 75-76: total : 0 millisecs, iter cost : 0 mseconds

new_nodes_vec.size() b4 : 84181

updated  updateGraphAttributesGeneratorNode .... 
Elapsed time: 76-77: total : 2469 millisecs, iter cost : 202 mseconds

continuous_node_mapping.size() b5 : 1487191, reverse_continuous_node_mapping size = 1487191

[PA Model] Building connections using Preferential Attachment

Inside optimized buildOneNodeConnections...
Initial Free: 75480.5 MB / 81079.4 MB

[prepareGraph] num_vertices = 1403010

[prepareGraph] edges = 18823375, offsets = 1403011 (should be V+1 = 1403011)

[prepareGraph] num_vertices = 1403010

[prepareGraph] edges = 18823375, offsets = 1403011 (should be V+1 = 1403011)

Year 2001: 84181 new nodes, 1648677 new edges

Elapsed time: 78-781 : total : 623.776 secs, this iter cost : 85.537 seconds

Elapsed time: 78-79 : total : 633.179 secs, this iter cost : 86.301 seconds

updateNodeInDegreeOutDegree(year=2001): updated 84181 out-degrees, 675285 in-degrees
Elapsed time: 79-81 : total : 9.107 secs, this iter cost : 0 seconds

Elapsed time: 79-80 : total : 4.109 secs, this iter cost : 0 seconds

Elapsed time: 80-81 : total : 4.991 secs, this iter cost : 0 seconds

Elapsed time: 70-81 : total : 661.434 secs, this iter cost : 88 seconds

 Entering loop for year = 2002
Elapsed time: 70-71: total : 7.964 secs, iter cost : 0 seconds

Elapsed time: 71-72: total : 9.006 secs, iter cost : 0 seconds

Elapsed time: 72-73: total : 328 millisecs, iter cost : 16 mseconds

num_new_nodes = 89232, current_graph_size = 1487191, growth rate = 0.060000 
Elapsed time: 73-74: total : 0 millisecs, iter cost : 0 mseconds

Elapsed time: 74-75: total : 542 millisecs, iter cost : 44 mseconds

all new nodes initialized with years and mapped. FillSameYearSourceNodes with new_nodes_vec.size() = 89232
checking same_year_source_nodes size.
Elapsed time: 75-76: total : 0 millisecs, iter cost : 0 mseconds

new_nodes_vec.size() b4 : 89232

updated  updateGraphAttributesGeneratorNode .... 
Elapsed time: 76-77: total : 2700 millisecs, iter cost : 231 mseconds

continuous_node_mapping.size() b5 : 1576423, reverse_continuous_node_mapping size = 1576423

[PA Model] Building connections using Preferential Attachment

Inside optimized buildOneNodeConnections...
Initial Free: 75446.5 MB / 81079.4 MB

[prepareGraph] num_vertices = 1487191

[prepareGraph] edges = 20472052, offsets = 1487192 (should be V+1 = 1487192)

[prepareGraph] num_vertices = 1487191

[prepareGraph] edges = 20472052, offsets = 1487192 (should be V+1 = 1487192)

Year 2002: 89232 new nodes, 1744092 new edges

Elapsed time: 78-781 : total : 710.117 secs, this iter cost : 86.341 seconds

Elapsed time: 78-79 : total : 720.396 secs, this iter cost : 87.217 seconds

updateNodeInDegreeOutDegree(year=2002): updated 89232 out-degrees, 713955 in-degrees
Elapsed time: 79-81 : total : 9.905 secs, this iter cost : 0 seconds

Elapsed time: 79-80 : total : 4.449 secs, this iter cost : 0 seconds

Elapsed time: 80-81 : total : 5.448 secs, this iter cost : 0 seconds

Elapsed time: 70-81 : total : 750.903 secs, this iter cost : 89 seconds

 Entering loop for year = 2003
Elapsed time: 70-71: total : 8.496 secs, iter cost : 0 seconds

Elapsed time: 71-72: total : 9.622 secs, iter cost : 0 seconds

Elapsed time: 72-73: total : 349 millisecs, iter cost : 21 mseconds

num_new_nodes = 94586, current_graph_size = 1576423, growth rate = 0.060000 
Elapsed time: 73-74: total : 0 millisecs, iter cost : 0 mseconds

Elapsed time: 74-75: total : 590 millisecs, iter cost : 48 mseconds

all new nodes initialized with years and mapped. FillSameYearSourceNodes with new_nodes_vec.size() = 94586
checking same_year_source_nodes size.
Elapsed time: 75-76: total : 0 millisecs, iter cost : 0 mseconds

new_nodes_vec.size() b4 : 94586

updated  updateGraphAttributesGeneratorNode .... 
Elapsed time: 76-77: total : 2942 millisecs, iter cost : 242 mseconds

continuous_node_mapping.size() b5 : 1671009, reverse_continuous_node_mapping size = 1671009

[PA Model] Building connections using Preferential Attachment

Inside optimized buildOneNodeConnections...
Initial Free: 75408.5 MB / 81079.4 MB

[prepareGraph] num_vertices = 1576423

[prepareGraph] edges = 22216144, offsets = 1576424 (should be V+1 = 1576424)

[prepareGraph] num_vertices = 1576423

[prepareGraph] edges = 22216144, offsets = 1576424 (should be V+1 = 1576424)

Year 2003: 94586 new nodes, 1850104 new edges

Elapsed time: 78-781 : total : 813.329 secs, this iter cost : 103.212 seconds

Elapsed time: 78-79 : total : 824.54 secs, this iter cost : 104.144 seconds

updateNodeInDegreeOutDegree(year=2003): updated 94586 out-degrees, 757546 in-degrees
Elapsed time: 79-81 : total : 10.742 secs, this iter cost : 0 seconds

Elapsed time: 79-80 : total : 4.799 secs, this iter cost : 0 seconds

Elapsed time: 80-81 : total : 5.934 secs, this iter cost : 0 seconds

Elapsed time: 70-81 : total : 857.347 secs, this iter cost : 106 seconds

 Entering loop for year = 2004
Elapsed time: 70-71: total : 9.061 secs, iter cost : 0 seconds

Elapsed time: 71-72: total : 10.277 secs, iter cost : 0 seconds

Elapsed time: 72-73: total : 366 millisecs, iter cost : 17 mseconds

num_new_nodes = 100261, current_graph_size = 1671009, growth rate = 0.060000 
Elapsed time: 73-74: total : 0 millisecs, iter cost : 0 mseconds

Elapsed time: 74-75: total : 642 millisecs, iter cost : 52 mseconds

all new nodes initialized with years and mapped. FillSameYearSourceNodes with new_nodes_vec.size() = 100261
checking same_year_source_nodes size.
Elapsed time: 75-76: total : 0 millisecs, iter cost : 0 mseconds

new_nodes_vec.size() b4 : 100261

updated  updateGraphAttributesGeneratorNode .... 
Elapsed time: 76-77: total : 3204 millisecs, iter cost : 262 mseconds

continuous_node_mapping.size() b5 : 1771270, reverse_continuous_node_mapping size = 1771270

[PA Model] Building connections using Preferential Attachment

Inside optimized buildOneNodeConnections...
Initial Free: 75374.5 MB / 81079.4 MB

[prepareGraph] num_vertices = 1671009

[prepareGraph] edges = 24066248, offsets = 1671010 (should be V+1 = 1671010)

[prepareGraph] num_vertices = 1671009

[prepareGraph] edges = 24066248, offsets = 1671010 (should be V+1 = 1671010)

Year 2004: 100261 new nodes, 1959323 new edges

Elapsed time: 78-781 : total : 926.851 secs, this iter cost : 113.522 seconds

Elapsed time: 78-79 : total : 939.554 secs, this iter cost : 115.014 seconds

updateNodeInDegreeOutDegree(year=2004): updated 100261 out-degrees, 805155 in-degrees
Elapsed time: 79-81 : total : 11.778 secs, this iter cost : 1 seconds

Elapsed time: 79-80 : total : 5.316 secs, this iter cost : 0 seconds

Elapsed time: 80-81 : total : 6.452 secs, this iter cost : 0 seconds

Elapsed time: 70-81 : total : 974.951 secs, this iter cost : 117 seconds

 Entering loop for year = 2005
Elapsed time: 70-71: total : 9.751 secs, iter cost : 0 seconds

Elapsed time: 71-72: total : 11.063 secs, iter cost : 0 seconds

Elapsed time: 72-73: total : 383 millisecs, iter cost : 17 mseconds

num_new_nodes = 106277, current_graph_size = 1771270, growth rate = 0.060000 
Elapsed time: 73-74: total : 0 millisecs, iter cost : 0 mseconds

Elapsed time: 74-75: total : 698 millisecs, iter cost : 56 mseconds

all new nodes initialized with years and mapped. FillSameYearSourceNodes with new_nodes_vec.size() = 106277
checking same_year_source_nodes size.
Elapsed time: 75-76: total : 0 millisecs, iter cost : 0 mseconds

new_nodes_vec.size() b4 : 106277

updated  updateGraphAttributesGeneratorNode .... 
Elapsed time: 76-77: total : 3466 millisecs, iter cost : 262 mseconds

continuous_node_mapping.size() b5 : 1877547, reverse_continuous_node_mapping size = 1877547

[PA Model] Building connections using Preferential Attachment

Inside optimized buildOneNodeConnections...
Initial Free: 75336.5 MB / 81079.4 MB

[prepareGraph] num_vertices = 1771270

[prepareGraph] edges = 26025571, offsets = 1771271 (should be V+1 = 1771271)

[prepareGraph] num_vertices = 1771270

[prepareGraph] edges = 26025571, offsets = 1771271 (should be V+1 = 1771271)

Year 2005: 106277 new nodes, 2076829 new edges

Elapsed time: 78-781 : total : 1060.69 secs, this iter cost : 133.835 seconds

Elapsed time: 78-79 : total : 1074.75 secs, this iter cost : 135.198 seconds

updateNodeInDegreeOutDegree(year=2005): updated 106277 out-degrees, 852469 in-degrees
Elapsed time: 79-81 : total : 12.724 secs, this iter cost : 0 seconds

Elapsed time: 79-80 : total : 5.716 secs, this iter cost : 0 seconds

Elapsed time: 80-81 : total : 6.997 secs, this iter cost : 0 seconds

Elapsed time: 70-81 : total : 1112.91 secs, this iter cost : 137 seconds

 Entering loop for year = 2006
Elapsed time: 70-71: total : 10.363 secs, iter cost : 0 seconds

Elapsed time: 71-72: total : 11.78 secs, iter cost : 0 seconds

Elapsed time: 72-73: total : 404 millisecs, iter cost : 21 mseconds

num_new_nodes = 112653, current_graph_size = 1877547, growth rate = 0.060000 
Elapsed time: 73-74: total : 0 millisecs, iter cost : 0 mseconds

Elapsed time: 74-75: total : 757 millisecs, iter cost : 59 mseconds

all new nodes initialized with years and mapped. FillSameYearSourceNodes with new_nodes_vec.size() = 112653
checking same_year_source_nodes size.
Elapsed time: 75-76: total : 0 millisecs, iter cost : 0 mseconds

new_nodes_vec.size() b4 : 112653

updated  updateGraphAttributesGeneratorNode .... 
Elapsed time: 76-77: total : 3749 millisecs, iter cost : 283 mseconds

continuous_node_mapping.size() b5 : 1990200, reverse_continuous_node_mapping size = 1990200

[PA Model] Building connections using Preferential Attachment

Inside optimized buildOneNodeConnections...
Initial Free: 73888.5 MB / 81079.4 MB

[prepareGraph] num_vertices = 1877547

[prepareGraph] edges = 28102400, offsets = 1877548 (should be V+1 = 1877548)

[prepareGraph] num_vertices = 1877547

[prepareGraph] edges = 28102400, offsets = 1877548 (should be V+1 = 1877548)

Year 2006: 112653 new nodes, 2205379 new edges

Elapsed time: 78-781 : total : 1204.56 secs, this iter cost : 143.878 seconds

Elapsed time: 78-79 : total : 1219.73 secs, this iter cost : 144.975 seconds

updateNodeInDegreeOutDegree(year=2006): updated 112653 out-degrees, 905997 in-degrees
Elapsed time: 79-81 : total : 13.749 secs, this iter cost : 1 seconds

Elapsed time: 79-80 : total : 6.157 secs, this iter cost : 0 seconds

Elapsed time: 80-81 : total : 7.58 secs, this iter cost : 0 seconds

Elapsed time: 70-81 : total : 1260.61 secs, this iter cost : 147 seconds

 Entering loop for year = 2007
Elapsed time: 70-71: total : 11.046 secs, iter cost : 0 seconds

Elapsed time: 71-72: total : 12.536 secs, iter cost : 0 seconds

Elapsed time: 72-73: total : 425 millisecs, iter cost : 21 mseconds

num_new_nodes = 119412, current_graph_size = 1990200, growth rate = 0.060000 
Elapsed time: 73-74: total : 0 millisecs, iter cost : 0 mseconds

Elapsed time: 74-75: total : 826 millisecs, iter cost : 69 mseconds

all new nodes initialized with years and mapped. FillSameYearSourceNodes with new_nodes_vec.size() = 119412
checking same_year_source_nodes size.
Elapsed time: 75-76: total : 0 millisecs, iter cost : 0 mseconds

new_nodes_vec.size() b4 : 119412

updated  updateGraphAttributesGeneratorNode .... 
Elapsed time: 76-77: total : 4053 millisecs, iter cost : 304 mseconds

continuous_node_mapping.size() b5 : 2109612, reverse_continuous_node_mapping size = 2109612

[PA Model] Building connections using Preferential Attachment

Inside optimized buildOneNodeConnections...
Initial Free: 73838.5 MB / 81079.4 MB

[prepareGraph] num_vertices = 1990200

[prepareGraph] edges = 30307779, offsets = 1990201 (should be V+1 = 1990201)

[prepareGraph] num_vertices = 1990200

[prepareGraph] edges = 30307779, offsets = 1990201 (should be V+1 = 1990201)

Year 2007: 119412 new nodes, 2338568 new edges

Elapsed time: 78-781 : total : 1379.64 secs, this iter cost : 175.081 seconds

Elapsed time: 78-79 : total : 1396 secs, this iter cost : 176.269 seconds

updateNodeInDegreeOutDegree(year=2007): updated 119412 out-degrees, 962325 in-degrees
Elapsed time: 79-81 : total : 14.809 secs, this iter cost : 1 seconds

Elapsed time: 79-80 : total : 6.598 secs, this iter cost : 0 seconds

Elapsed time: 80-81 : total : 8.198 secs, this iter cost : 0 seconds

Elapsed time: 70-81 : total : 1439.77 secs, this iter cost : 179 seconds

 Entering loop for year = 2008
Elapsed time: 70-71: total : 11.721 secs, iter cost : 0 seconds

Elapsed time: 71-72: total : 13.285 secs, iter cost : 0 seconds

Elapsed time: 72-73: total : 447 millisecs, iter cost : 22 mseconds

num_new_nodes = 126577, current_graph_size = 2109612, growth rate = 0.060000 
Elapsed time: 73-74: total : 0 millisecs, iter cost : 0 mseconds

Elapsed time: 74-75: total : 893 millisecs, iter cost : 67 mseconds

all new nodes initialized with years and mapped. FillSameYearSourceNodes with new_nodes_vec.size() = 126577
checking same_year_source_nodes size.
Elapsed time: 75-76: total : 0 millisecs, iter cost : 0 mseconds

new_nodes_vec.size() b4 : 126577

updated  updateGraphAttributesGeneratorNode .... 
Elapsed time: 76-77: total : 4370 millisecs, iter cost : 317 mseconds

continuous_node_mapping.size() b5 : 2236189, reverse_continuous_node_mapping size = 2236189

[PA Model] Building connections using Preferential Attachment

Inside optimized buildOneNodeConnections...
Initial Free: 73252.5 MB / 81079.4 MB

[prepareGraph] num_vertices = 2109612

[prepareGraph] edges = 32646347, offsets = 2109613 (should be V+1 = 2109613)

[prepareGraph] num_vertices = 2109612

[prepareGraph] edges = 32646347, offsets = 2109613 (should be V+1 = 2109613)

Year 2008: 126577 new nodes, 2477502 new edges

Elapsed time: 78-781 : total : 1563.67 secs, this iter cost : 184.024 seconds

Elapsed time: 78-79 : total : 1581.2 secs, this iter cost : 185.207 seconds

updateNodeInDegreeOutDegree(year=2008): updated 126577 out-degrees, 1020934 in-degrees
Elapsed time: 79-81 : total : 15.944 secs, this iter cost : 1 seconds

Elapsed time: 79-80 : total : 7.089 secs, this iter cost : 0 seconds

Elapsed time: 80-81 : total : 8.841 secs, this iter cost : 0 seconds

Elapsed time: 70-81 : total : 1627.95 secs, this iter cost : 188 seconds

 Entering loop for year = 2009
Elapsed time: 70-71: total : 12.427 secs, iter cost : 0 seconds

Elapsed time: 71-72: total : 14.074 secs, iter cost : 0 seconds

Elapsed time: 72-73: total : 469 millisecs, iter cost : 22 mseconds

num_new_nodes = 134172, current_graph_size = 2236189, growth rate = 0.060000 
Elapsed time: 73-74: total : 0 millisecs, iter cost : 0 mseconds

Elapsed time: 74-75: total : 965 millisecs, iter cost : 72 mseconds

all new nodes initialized with years and mapped. FillSameYearSourceNodes with new_nodes_vec.size() = 134172
checking same_year_source_nodes size.
Elapsed time: 75-76: total : 0 millisecs, iter cost : 0 mseconds

new_nodes_vec.size() b4 : 134172

updated  updateGraphAttributesGeneratorNode .... 
Elapsed time: 76-77: total : 4705 millisecs, iter cost : 335 mseconds

continuous_node_mapping.size() b5 : 2370361, reverse_continuous_node_mapping size = 2370361

[PA Model] Building connections using Preferential Attachment

Inside optimized buildOneNodeConnections...
Initial Free: 73204.5 MB / 81079.4 MB

[prepareGraph] num_vertices = 2236189

[prepareGraph] edges = 35123849, offsets = 2236190 (should be V+1 = 2236190)

[prepareGraph] num_vertices = 2236189

[prepareGraph] edges = 35123849, offsets = 2236190 (should be V+1 = 2236190)

Year 2009: 134172 new nodes, 2627607 new edges

Elapsed time: 78-781 : total : 1789.37 secs, this iter cost : 225.696 seconds

Elapsed time: 78-79 : total : 1808.23 secs, this iter cost : 227.031 seconds

updateNodeInDegreeOutDegree(year=2009): updated 134172 out-degrees, 1083528 in-degrees
Elapsed time: 79-81 : total : 17.125 secs, this iter cost : 1 seconds

Elapsed time: 79-80 : total : 7.596 secs, this iter cost : 0 seconds

Elapsed time: 80-81 : total : 9.514 secs, this iter cost : 0 seconds

Elapsed time: 70-81 : total : 1858.09 secs, this iter cost : 230 seconds

 Entering loop for year = 2010
Elapsed time: 70-71: total : 13.16 secs, iter cost : 0 seconds

Elapsed time: 71-72: total : 14.911 secs, iter cost : 0 seconds

Elapsed time: 72-73: total : 486 millisecs, iter cost : 17 mseconds

num_new_nodes = 142222, current_graph_size = 2370361, growth rate = 0.060000 
Elapsed time: 73-74: total : 0 millisecs, iter cost : 0 mseconds

Elapsed time: 74-75: total : 1038 millisecs, iter cost : 73 mseconds

all new nodes initialized with years and mapped. FillSameYearSourceNodes with new_nodes_vec.size() = 142222
checking same_year_source_nodes size.
Elapsed time: 75-76: total : 0 millisecs, iter cost : 0 mseconds

new_nodes_vec.size() b4 : 142222

updated  updateGraphAttributesGeneratorNode .... 
Elapsed time: 76-77: total : 5065 millisecs, iter cost : 360 mseconds

continuous_node_mapping.size() b5 : 2512583, reverse_continuous_node_mapping size = 2512583

[PA Model] Building connections using Preferential Attachment

Inside optimized buildOneNodeConnections...
Initial Free: 72614.5 MB / 81079.4 MB

[prepareGraph] num_vertices = 2370361

[prepareGraph] edges = 37751456, offsets = 2370362 (should be V+1 = 2370362)

[prepareGraph] num_vertices = 2370361

[prepareGraph] edges = 37751456, offsets = 2370362 (should be V+1 = 2370362)

Year 2010: 142222 new nodes, 2788166 new edges

Elapsed time: 78-781 : total : 2048.53 secs, this iter cost : 259.17 seconds

Elapsed time: 78-79 : total : 2068.87 secs, this iter cost : 260.635 seconds

updateNodeInDegreeOutDegree(year=2010): updated 142222 out-degrees, 1148966 in-degrees
Elapsed time: 79-81 : total : 18.382 secs, this iter cost : 1 seconds

Elapsed time: 79-80 : total : 8.118 secs, this iter cost : 0 seconds

Elapsed time: 80-81 : total : 10.248 secs, this iter cost : 0 seconds

Elapsed time: 70-81 : total : 2122.01 secs, this iter cost : 263 seconds

 Entering loop for year = 2011
Elapsed time: 70-71: total : 13.926 secs, iter cost : 0 seconds

Elapsed time: 71-72: total : 15.774 secs, iter cost : 0 seconds

Elapsed time: 72-73: total : 508 millisecs, iter cost : 22 mseconds

num_new_nodes = 150755, current_graph_size = 2512583, growth rate = 0.060000 
Elapsed time: 73-74: total : 0 millisecs, iter cost : 0 mseconds

Elapsed time: 74-75: total : 1119 millisecs, iter cost : 81 mseconds

all new nodes initialized with years and mapped. FillSameYearSourceNodes with new_nodes_vec.size() = 150755
checking same_year_source_nodes size.
Elapsed time: 75-76: total : 0 millisecs, iter cost : 0 mseconds

new_nodes_vec.size() b4 : 150755

updated  updateGraphAttributesGeneratorNode .... 
Elapsed time: 76-77: total : 5452 millisecs, iter cost : 387 mseconds

continuous_node_mapping.size() b5 : 2663338, reverse_continuous_node_mapping size = 2663338

[PA Model] Building connections using Preferential Attachment

Inside optimized buildOneNodeConnections...
Initial Free: 72440.5 MB / 81079.4 MB

[prepareGraph] num_vertices = 2512583

[prepareGraph] edges = 40539622, offsets = 2512584 (should be V+1 = 2512584)

[prepareGraph] num_vertices = 2512583

[prepareGraph] edges = 40539622, offsets = 2512584 (should be V+1 = 2512584)

Year 2011: 150755 new nodes, 2954620 new edges

Elapsed time: 78-781 : total : 2331.28 secs, this iter cost : 282.741 seconds

Elapsed time: 78-79 : total : 2353.15 secs, this iter cost : 284.281 seconds

updateNodeInDegreeOutDegree(year=2011): updated 150755 out-degrees, 1218742 in-degrees
Elapsed time: 79-81 : total : 19.747 secs, this iter cost : 1 seconds

Elapsed time: 79-80 : total : 8.71 secs, this iter cost : 0 seconds

Elapsed time: 80-81 : total : 11.02 secs, this iter cost : 0 seconds

Elapsed time: 70-81 : total : 2409.77 secs, this iter cost : 287 seconds

 Entering loop for year = 2012
Elapsed time: 70-71: total : 14.727 secs, iter cost : 0 seconds

Elapsed time: 71-72: total : 16.677 secs, iter cost : 0 seconds

Elapsed time: 72-73: total : 530 millisecs, iter cost : 22 mseconds

num_new_nodes = 159801, current_graph_size = 2663338, growth rate = 0.060000 
Elapsed time: 73-74: total : 0 millisecs, iter cost : 0 mseconds

Elapsed time: 74-75: total : 1204 millisecs, iter cost : 85 mseconds

all new nodes initialized with years and mapped. FillSameYearSourceNodes with new_nodes_vec.size() = 159801
checking same_year_source_nodes size.
Elapsed time: 75-76: total : 0 millisecs, iter cost : 0 mseconds

new_nodes_vec.size() b4 : 159801

updated  updateGraphAttributesGeneratorNode .... 
Elapsed time: 76-77: total : 5848 millisecs, iter cost : 396 mseconds

continuous_node_mapping.size() b5 : 2823139, reverse_continuous_node_mapping size = 2823139

[PA Model] Building connections using Preferential Attachment

Inside optimized buildOneNodeConnections...
Initial Free: 72402.5 MB / 81079.4 MB

[prepareGraph] num_vertices = 2663338

[prepareGraph] edges = 43494242, offsets = 2663339 (should be V+1 = 2663339)

[prepareGraph] num_vertices = 2663338

[prepareGraph] edges = 43494242, offsets = 2663339 (should be V+1 = 2663339)

Year 2012: 159801 new nodes, 3131495 new edges

Elapsed time: 78-781 : total : 2658.34 secs, this iter cost : 327.059 seconds

Elapsed time: 78-79 : total : 2681.76 secs, this iter cost : 328.613 seconds

updateNodeInDegreeOutDegree(year=2012): updated 159801 out-degrees, 1295055 in-degrees
Elapsed time: 79-81 : total : 21.151 secs, this iter cost : 1 seconds

Elapsed time: 79-80 : total : 9.288 secs, this iter cost : 0 seconds

Elapsed time: 80-81 : total : 11.846 secs, this iter cost : 0 seconds

Elapsed time: 70-81 : total : 2742 secs, this iter cost : 332 seconds

Elapsed time: 7-8 :  2742 seconds

compute done:: graph size = 2823139
Elapsed time: 8-8.1 :  0 seconds

Writing Graph to file: ./output/30y/gpu-opt-static-output-30y-6p.edgelist

Elapsed time: 8.1-9 :  1 seconds

Elapsed time: 9-10 :  2 seconds

 graph size = 2823139
WriteAttributes: graph size = 2823139

Elapsed time: 0-1 : 3 seconds

Elapsed time: 1-4 : 0 seconds

Elapsed time: 4-7 : 0 seconds

Elapsed time: 70-71: total : 14.727 seconds.

Elapsed time: 71-72: total : 16.677 seconds.

Elapsed time: 72-73: total : 0.53 seconds.

Elapsed time: 73-74: total : 0 seconds.

Elapsed time: 74-75: total : 1.204 seconds.

Elapsed time: 75-76: total : 0 seconds.

Elapsed time: 76-77: total : 5.848 seconds.

Elapsed time: 77-79: total : 2681.76 seconds.

Elapsed time: 79-81 : total : 21.151 seconds.

Elapsed time: 79-80 : total : 9.288 seconds.

Elapsed time: 80-81 : total : 11.846 seconds.

Elapsed time: 70-81 : total : 2742 seconds.

Elapsed time: 7-8 : 2742 seconds

Elapsed time: 8-8.1 :  0 seconds

Elapsed time: 8.1-9 :  1 seconds

Elapsed time: 9-10 : 2 seconds

Elapsed time: 11-12 : 4 seconds

Elapsed time: 10-12 : 4 seconds

Elapsed time: 0-7 : 3 seconds

Elapsed time: 7-8 : 2742 seconds

Elapsed time: 8-12 : 9 seconds

E2E Time for num_cycles = 30 with growth_rate = 6 % = 2758 seconds.
GPU 0: General Metrics for NVIDIA GH100 (any frequency)
Generating '/tmp/nsys-report-1137.qdstrm'
[1/8] [0%                          ] nsys-pa-30y-6p.nsys-rep[1/8] [0%                          ] nsys-pa-30y-6p.nsys-rep[1/8] [0%                          ] nsys-pa-30y-6p.nsys-rep[1/8] [5%                          ] nsys-pa-30y-6p.nsys-rep[1/8] [5%                          ] nsys-pa-30y-6p.nsys-rep[1/8] [5%                          ] nsys-pa-30y-6p.nsys-rep[1/8] [5%                          ] nsys-pa-30y-6p.nsys-rep[1/8] [6%                          ] nsys-pa-30y-6p.nsys-rep[1/8] [5%                          ] nsys-pa-30y-6p.nsys-rep[1/8] [6%                          ] nsys-pa-30y-6p.nsys-rep[1/8] [5%                          ] nsys-pa-30y-6p.nsys-rep[1/8] [6%                          ] nsys-pa-30y-6p.nsys-rep[1/8] [5%                          ] nsys-pa-30y-6p.nsys-rep[1/8] [0%                          ] nsys-pa-30y-6p.nsys-rep[1/8] [5%                          ] nsys-pa-30y-6p.nsys-rep[1/8] [6%                          ] nsys-pa-30y-6p.nsys-rep[1/8] [7%                          ] nsys-pa-30y-6p.nsys-rep[1/8] [8%                          ] nsys-pa-30y-6p.nsys-rep[1/8] [9%                          ] nsys-pa-30y-6p.nsys-rep[1/8] [10%                         ] nsys-pa-30y-6p.nsys-rep[1/8] [11%                         ] nsys-pa-30y-6p.nsys-rep[1/8] [12%                         ] nsys-pa-30y-6p.nsys-rep[1/8] [13%                         ] nsys-pa-30y-6p.nsys-rep[1/8] [14%                         ] nsys-pa-30y-6p.nsys-rep[1/8] [=15%                        ] nsys-pa-30y-6p.nsys-rep[1/8] [=16%                        ] nsys-pa-30y-6p.nsys-rep[1/8] [=17%                        ] nsys-pa-30y-6p.nsys-rep[1/8] [==18%                       ] nsys-pa-30y-6p.nsys-rep[1/8] [==19%                       ] nsys-pa-30y-6p.nsys-rep[1/8] [==20%                       ] nsys-pa-30y-6p.nsys-rep[1/8] [==21%                       ] nsys-pa-30y-6p.nsys-rep[1/8] [===22%                      ] nsys-pa-30y-6p.nsys-rep[1/8] [===23%                      ] nsys-pa-30y-6p.nsys-rep[1/8] [===24%                      ] nsys-pa-30y-6p.nsys-rep[1/8] [====25%                     ] nsys-pa-30y-6p.nsys-rep[1/8] [====26%                     ] nsys-pa-30y-6p.nsys-rep[1/8] [====27%                     ] nsys-pa-30y-6p.nsys-rep[1/8] [====28%                     ] nsys-pa-30y-6p.nsys-rep[1/8] [=====29%                    ] nsys-pa-30y-6p.nsys-rep[1/8] [=====30%                    ] nsys-pa-30y-6p.nsys-rep[1/8] [=====31%                    ] nsys-pa-30y-6p.nsys-rep[1/8] [=====32%                    ] nsys-pa-30y-6p.nsys-rep[1/8] [======33%                   ] nsys-pa-30y-6p.nsys-rep[1/8] [======34%                   ] nsys-pa-30y-6p.nsys-rep[1/8] [======35%                   ] nsys-pa-30y-6p.nsys-rep[1/8] [=======36%                  ] nsys-pa-30y-6p.nsys-rep[1/8] [=======37%                  ] nsys-pa-30y-6p.nsys-rep[1/8] [=======38%                  ] nsys-pa-30y-6p.nsys-rep[1/8] [=======39%                  ] nsys-pa-30y-6p.nsys-rep[1/8] [========40%                 ] nsys-pa-30y-6p.nsys-rep[1/8] [========41%                 ] nsys-pa-30y-6p.nsys-rep[1/8] [========42%                 ] nsys-pa-30y-6p.nsys-rep[1/8] [=========43%                ] nsys-pa-30y-6p.nsys-rep[1/8] [=========44%                ] nsys-pa-30y-6p.nsys-rep[1/8] [=========45%                ] nsys-pa-30y-6p.nsys-rep[1/8] [=========46%                ] nsys-pa-30y-6p.nsys-rep[1/8] [==========47%               ] nsys-pa-30y-6p.nsys-rep[1/8] [==========48%               ] nsys-pa-30y-6p.nsys-rep[1/8] [==========49%               ] nsys-pa-30y-6p.nsys-rep[1/8] [===========50%              ] nsys-pa-30y-6p.nsys-rep[1/8] [===========51%              ] nsys-pa-30y-6p.nsys-rep[1/8] [===========52%              ] nsys-pa-30y-6p.nsys-rep[1/8] [===========53%              ] nsys-pa-30y-6p.nsys-rep[1/8] [============54%             ] nsys-pa-30y-6p.nsys-rep[1/8] [============55%             ] nsys-pa-30y-6p.nsys-rep[1/8] [============56%             ] nsys-pa-30y-6p.nsys-rep[1/8] [============57%             ] nsys-pa-30y-6p.nsys-rep[1/8] [=============58%            ] nsys-pa-30y-6p.nsys-rep[1/8] [=============59%            ] nsys-pa-30y-6p.nsys-rep[1/8] [=============60%            ] nsys-pa-30y-6p.nsys-rep[1/8] [==============61%           ] nsys-pa-30y-6p.nsys-rep[1/8] [==============62%           ] nsys-pa-30y-6p.nsys-rep[1/8] [==============63%           ] nsys-pa-30y-6p.nsys-rep[1/8] [==============64%           ] nsys-pa-30y-6p.nsys-rep[1/8] [===============65%          ] nsys-pa-30y-6p.nsys-rep[1/8] [===============66%          ] nsys-pa-30y-6p.nsys-rep[1/8] [===============67%          ] nsys-pa-30y-6p.nsys-rep[1/8] [================68%         ] nsys-pa-30y-6p.nsys-rep[1/8] [================69%         ] nsys-pa-30y-6p.nsys-rep[1/8] [================70%         ] nsys-pa-30y-6p.nsys-rep[1/8] [================71%         ] nsys-pa-30y-6p.nsys-rep[1/8] [=================72%        ] nsys-pa-30y-6p.nsys-rep[1/8] [=================73%        ] nsys-pa-30y-6p.nsys-rep[1/8] [=================74%        ] nsys-pa-30y-6p.nsys-rep[1/8] [==================75%       ] nsys-pa-30y-6p.nsys-rep[1/8] [==================76%       ] nsys-pa-30y-6p.nsys-rep[1/8] [==================77%       ] nsys-pa-30y-6p.nsys-rep[1/8] [==================78%       ] nsys-pa-30y-6p.nsys-rep[1/8] [===================79%      ] nsys-pa-30y-6p.nsys-rep[1/8] [===================80%      ] nsys-pa-30y-6p.nsys-rep[1/8] [========================100%] nsys-pa-30y-6p.nsys-rep[1/8] [========================100%] nsys-pa-30y-6p.nsys-rep
[2/8] [0%                          ] nsys-pa-30y-6p.sqlite[2/8] [1%                          ] nsys-pa-30y-6p.sqlite[2/8] [2%                          ] nsys-pa-30y-6p.sqlite[2/8] [3%                          ] nsys-pa-30y-6p.sqlite[2/8] [4%                          ] nsys-pa-30y-6p.sqlite[2/8] [5%                          ] nsys-pa-30y-6p.sqlite[2/8] [6%                          ] nsys-pa-30y-6p.sqlite[2/8] [7%                          ] nsys-pa-30y-6p.sqlite[2/8] [8%                          ] nsys-pa-30y-6p.sqlite[2/8] [9%                          ] nsys-pa-30y-6p.sqlite[2/8] [10%                         ] nsys-pa-30y-6p.sqlite[2/8] [11%                         ] nsys-pa-30y-6p.sqlite[2/8] [12%                         ] nsys-pa-30y-6p.sqlite[2/8] [13%                         ] nsys-pa-30y-6p.sqlite[2/8] [14%                         ] nsys-pa-30y-6p.sqlite[2/8] [=15%                        ] nsys-pa-30y-6p.sqlite[2/8] [=16%                        ] nsys-pa-30y-6p.sqlite[2/8] [=17%                        ] nsys-pa-30y-6p.sqlite[2/8] [==18%                       ] nsys-pa-30y-6p.sqlite[2/8] [==19%                       ] nsys-pa-30y-6p.sqlite[2/8] [==20%                       ] nsys-pa-30y-6p.sqlite[2/8] [==21%                       ] nsys-pa-30y-6p.sqlite[2/8] [===22%                      ] nsys-pa-30y-6p.sqlite[2/8] [===23%                      ] nsys-pa-30y-6p.sqlite[2/8] [===24%                      ] nsys-pa-30y-6p.sqlite[2/8] [====25%                     ] nsys-pa-30y-6p.sqlite[2/8] [====26%                     ] nsys-pa-30y-6p.sqlite[2/8] [====27%                     ] nsys-pa-30y-6p.sqlite[2/8] [====28%                     ] nsys-pa-30y-6p.sqlite[2/8] [=====29%                    ] nsys-pa-30y-6p.sqlite[2/8] [=====30%                    ] nsys-pa-30y-6p.sqlite[2/8] [=====31%                    ] nsys-pa-30y-6p.sqlite[2/8] [=====32%                    ] nsys-pa-30y-6p.sqlite[2/8] [======33%                   ] nsys-pa-30y-6p.sqlite[2/8] [======34%                   ] nsys-pa-30y-6p.sqlite[2/8] [======35%                   ] nsys-pa-30y-6p.sqlite[2/8] [=======36%                  ] nsys-pa-30y-6p.sqlite[2/8] [=======37%                  ] nsys-pa-30y-6p.sqlite[2/8] [=======38%                  ] nsys-pa-30y-6p.sqlite[2/8] [=======39%                  ] nsys-pa-30y-6p.sqlite[2/8] [========40%                 ] nsys-pa-30y-6p.sqlite[2/8] [========41%                 ] nsys-pa-30y-6p.sqlite[2/8] [========42%                 ] nsys-pa-30y-6p.sqlite[2/8] [=========43%                ] nsys-pa-30y-6p.sqlite[2/8] [=========44%                ] nsys-pa-30y-6p.sqlite[2/8] [=========45%                ] nsys-pa-30y-6p.sqlite[2/8] [=========46%                ] nsys-pa-30y-6p.sqlite[2/8] [==========47%               ] nsys-pa-30y-6p.sqlite[2/8] [==========48%               ] nsys-pa-30y-6p.sqlite[2/8] [==========49%               ] nsys-pa-30y-6p.sqlite[2/8] [===========50%              ] nsys-pa-30y-6p.sqlite[2/8] [===========51%              ] nsys-pa-30y-6p.sqlite[2/8] [===========52%              ] nsys-pa-30y-6p.sqlite[2/8] [===========53%              ] nsys-pa-30y-6p.sqlite[2/8] [============54%             ] nsys-pa-30y-6p.sqlite[2/8] [============55%             ] nsys-pa-30y-6p.sqlite[2/8] [============56%             ] nsys-pa-30y-6p.sqlite[2/8] [============57%             ] nsys-pa-30y-6p.sqlite[2/8] [=============58%            ] nsys-pa-30y-6p.sqlite[2/8] [=============59%            ] nsys-pa-30y-6p.sqlite[2/8] [=============60%            ] nsys-pa-30y-6p.sqlite[2/8] [==============61%           ] nsys-pa-30y-6p.sqlite[2/8] [==============62%           ] nsys-pa-30y-6p.sqlite[2/8] [==============63%           ] nsys-pa-30y-6p.sqlite[2/8] [==============64%           ] nsys-pa-30y-6p.sqlite[2/8] [===============65%          ] nsys-pa-30y-6p.sqlite[2/8] [===============66%          ] nsys-pa-30y-6p.sqlite[2/8] [===============67%          ] nsys-pa-30y-6p.sqlite[2/8] [================68%         ] nsys-pa-30y-6p.sqlite[2/8] [================69%         ] nsys-pa-30y-6p.sqlite[2/8] [================70%         ] nsys-pa-30y-6p.sqlite[2/8] [================71%         ] nsys-pa-30y-6p.sqlite[2/8] [=================72%        ] nsys-pa-30y-6p.sqlite[2/8] [=================73%        ] nsys-pa-30y-6p.sqlite[2/8] [=================74%        ] nsys-pa-30y-6p.sqlite[2/8] [==================75%       ] nsys-pa-30y-6p.sqlite[2/8] [==================76%       ] nsys-pa-30y-6p.sqlite[2/8] [==================77%       ] nsys-pa-30y-6p.sqlite[2/8] [==================78%       ] nsys-pa-30y-6p.sqlite[2/8] [===================79%      ] nsys-pa-30y-6p.sqlite[2/8] [===================80%      ] nsys-pa-30y-6p.sqlite[2/8] [===================81%      ] nsys-pa-30y-6p.sqlite[2/8] [===================82%      ] nsys-pa-30y-6p.sqlite[2/8] [====================83%     ] nsys-pa-30y-6p.sqlite[2/8] [====================84%     ] nsys-pa-30y-6p.sqlite[2/8] [====================85%     ] nsys-pa-30y-6p.sqlite[2/8] [=====================86%    ] nsys-pa-30y-6p.sqlite[2/8] [=====================87%    ] nsys-pa-30y-6p.sqlite[2/8] [=====================88%    ] nsys-pa-30y-6p.sqlite[2/8] [=====================89%    ] nsys-pa-30y-6p.sqlite[2/8] [======================90%   ] nsys-pa-30y-6p.sqlite[2/8] [======================91%   ] nsys-pa-30y-6p.sqlite[2/8] [======================92%   ] nsys-pa-30y-6p.sqlite[2/8] [=======================93%  ] nsys-pa-30y-6p.sqlite[2/8] [=======================94%  ] nsys-pa-30y-6p.sqlite[2/8] [=======================95%  ] nsys-pa-30y-6p.sqlite[2/8] [=======================96%  ] nsys-pa-30y-6p.sqlite[2/8] [========================97% ] nsys-pa-30y-6p.sqlite[2/8] [========================98% ] nsys-pa-30y-6p.sqlite[2/8] [========================99% ] nsys-pa-30y-6p.sqlite[2/8] [========================100%] nsys-pa-30y-6p.sqlite[2/8] [========================100%] nsys-pa-30y-6p.sqlite
[3/8] Executing 'nvtx_sum' stats report

 Time (%)  Total Time (ns)  Instances  Avg (ns)  Med (ns)  Min (ns)  Max (ns)   StdDev (ns)   Style             Range          
 --------  ---------------  ---------  --------  --------  --------  ---------  -----------  -------  -------------------------
    100.0   11,474,068,951  2,331,667   4,921.0   4,656.0     4,132  5,906,198     13,107.2  PushPop  CCCL:cub::DeviceFor::Bulk

[4/8] Executing 'osrt_sum' stats report

 Time (%)   Total Time (ns)   Num Calls    Avg (ns)      Med (ns)    Min (ns)   Max (ns)    StdDev (ns)            Name         
 --------  -----------------  ---------  ------------  ------------  --------  -----------  ------------  ----------------------
     99.7  5,037,742,998,425    254,574  19,788,914.0  10,058,304.0     1,820  105,528,816  28,026,104.0  poll                  
      0.3     13,100,495,028    451,820      28,994.9      19,835.0     1,000   30,789,048      70,430.8  ioctl                 
      0.0        643,751,126         74   8,699,339.5   4,313,095.0   883,408   16,609,803   5,856,327.0  writev                
      0.0        376,106,184      1,088     345,685.8     209,143.5   144,789    2,253,644     383,638.2  pthread_create        
      0.0        351,682,184      5,560      63,252.2      26,828.5    10,612    1,056,230      75,824.9  pthread_rwlock_wrlock 
      0.0        114,756,826      5,096      22,519.0      21,640.5     1,002      129,973      10,447.5  pthread_rwlock_rdlock 
      0.0         46,169,271      2,487      18,564.2      10,042.0     1,505      156,307      28,291.0  mmap                  
      0.0         19,866,035      3,765       5,276.5       4,512.0     1,000       46,518       3,280.3  munmap                
      0.0         15,915,161          9   1,768,351.2     198,422.0    56,698   12,181,160   3,954,120.2  fopen64               
      0.0         11,570,272      5,971       1,937.7       1,597.0     1,007    1,891,713      24,461.5  read                  
      0.0          4,338,037         76      57,079.4      17,634.5     1,254      592,397      85,121.8  write                 
      0.0          2,905,343        318       9,136.3       5,408.5     1,003      533,774      31,103.3  fflush                
      0.0          1,344,725         30      44,824.2       6,462.0     3,335      876,816     158,595.0  mmap64                
      0.0            937,447         13      72,111.3       3,766.0     1,322      463,634     143,442.9  fclose                
      0.0            310,371         11      28,215.5      26,856.0    18,834       50,190       8,730.5  sem_timedwait         
      0.0            294,845         78       3,780.1       1,414.0     1,017       23,469       5,339.5  pthread_mutex_lock    
      0.0            176,155         41       4,296.5       1,726.0     1,290       22,103       5,223.4  fopen                 
      0.0            164,013         54       3,037.3       1,987.5     1,001       10,136       2,186.4  open64                
      0.0            150,985         76       1,986.6       1,841.5     1,001        4,694         755.5  fwrite                
      0.0             74,298          1      74,298.0      74,298.0    74,298       74,298           0.0  pthread_cond_wait     
      0.0             36,422          1      36,422.0      36,422.0    36,422       36,422           0.0  fgets                 
      0.0             25,177          6       4,196.2       4,297.0     1,660        7,127       2,221.6  open                  
      0.0             16,687          3       5,562.3       6,019.0     2,771        7,897       2,593.3  pipe2                 
      0.0             16,060          2       8,030.0       8,030.0     5,019       11,041       4,258.2  socket                
      0.0             15,663          1      15,663.0      15,663.0    15,663       15,663           0.0  connect               
      0.0              5,754          2       2,877.0       2,877.0     1,926        3,828       1,344.9  pthread_cond_broadcast
      0.0              2,640          2       1,320.0       1,320.0     1,290        1,350          42.4  fcntl                 
      0.0              1,527          1       1,527.0       1,527.0     1,527        1,527           0.0  bind                  

[5/8] Executing 'cuda_api_sum' stats report

 Time (%)   Total Time (ns)   Num Calls      Avg (ns)        Med (ns)    Min (ns)     Max (ns)       StdDev (ns)             Name         
 --------  -----------------  ----------  ---------------  ------------  --------  --------------  ---------------  ----------------------
     70.4  1,745,516,351,428       1,024  1,704,605,811.9  86,167,562.5       866  15,439,374,583  2,956,747,497.2  cudaStreamSynchronize 
      9.6    238,633,798,682  37,308,000          6,396.3       4,263.0     2,456      46,966,047         19,313.0  cudaMemcpy            
      9.4    232,675,944,730  30,315,483          7,675.2       6,312.0     3,656      32,979,904         23,443.2  cudaFree              
      9.4    232,041,563,893  34,978,531          6,633.8       5,387.0     1,902     910,365,374        289,296.8  cudaMalloc            
      0.6     16,061,413,421   4,664,826          3,443.1       3,068.0     2,431       7,226,956          6,816.0  cudaMemset            
      0.3      7,206,727,071         360     20,018,686.3   2,188,950.0    11,334     461,191,236     69,803,354.2  cudaMemcpyAsync       
      0.3      6,988,457,731   2,333,113          2,995.3       2,781.0     2,387      31,168,493         24,289.3  cudaLaunchKernel      
      0.0        268,923,109         904        297,481.3      29,429.0    10,670       6,697,116        781,116.5  cudaMallocManaged     
      0.0        135,087,904          30      4,502,930.1      70,135.0    50,360     132,967,311     24,263,058.6  cudaMemGetInfo        
      0.0         32,524,355         452         71,956.5      32,121.5     5,064         364,272         78,207.4  cudaDeviceSynchronize 
      0.0          1,007,539          30         33,584.6      25,533.0    22,102         129,042         25,422.5  cudaStreamCreate      
      0.0            926,691          60         15,444.9      13,329.5     7,690          30,987          6,952.1  cudaMemsetAsync       
      0.0            436,494          30         14,549.8      14,059.5    11,269          26,290          2,510.2  cudaStreamDestroy     
      0.0              1,510           1          1,510.0       1,510.0     1,510           1,510              0.0  cuModuleGetLoadingMode

[6/8] Executing 'cuda_gpu_kern_sum' stats report

 Time (%)   Total Time (ns)   Instances     Avg (ns)         Med (ns)       Min (ns)       Max (ns)       StdDev (ns)                                                    Name                                                
 --------  -----------------  ---------  ---------------  ---------------  -----------  --------------  ---------------  ----------------------------------------------------------------------------------------------------
     81.7  1,433,553,292,607        226  6,343,156,162.0  6,216,357,630.5  785,419,200  15,439,361,641  3,212,554,709.1  kernelCallStage1(int, int, int, ABM *, Graph *, DeviceGraph *, DeviceGraph *, device_map<int, Node>…
     16.9    296,789,394,144        226  1,313,227,407.7  1,318,276,552.5  117,239,808   2,522,288,234    707,176,095.9  kernelCallStage3(int, int, int, ABM *, Graph *, int, device_map<int, Node>::device_view, ABMStageSt…
      0.9     14,925,155,639        226     66,040,511.7     67,296,514.5    8,234,087     190,390,354     27,435,165.2  kernelCallStage2(int, int, int, ABM *, Graph *, cuco::static_set_ref<int, (cuda::std::__4::thread_s…
      0.4      6,667,767,855         30    222,258,928.5    198,843,441.0   79,603,287     461,171,737    118,925,692.4  void cuco::legacy::detail::insert<(unsigned long)128, (unsigned int)4, cuco::pair<int, int> *, cuda…
      0.2      2,821,208,640  2,331,637          1,210.0          1,279.0        1,087           2,016             95.0  void cub::CUB_300002_SM_900::detail::for_each::static_kernel<cub::CUB_300002_SM_900::detail::for_ea…
      0.0        242,032,284        226      1,070,939.3      1,078,898.0      612,929       1,573,731        151,733.6  kernelCallStage4(int, int, int, ABM *, Graph *, int, device_map<int, Node>::device_view, ABMStageSt…
      0.0         31,842,461        452         70,447.9         27,984.0        2,848         366,145         77,654.7  kernel_extract_vector_sizes(device_vector *, int *, int)                                            
      0.0         17,446,759         30        581,558.6        544,753.5      130,624       1,239,587        305,369.7  void cuco::detail::open_addressing_ns::insert_if_n<(int)1, (int)128, int *, thrust::THRUST_300002_S…
      0.0            164,285         30          5,476.2          4,944.0        2,976           9,728          1,965.0  void cuco::legacy::detail::initialize<(unsigned long)256, cuda::__4::atomic<int, (cuda::std::__4::t…
      0.0             43,584         30          1,452.8          1,472.0        1,312           1,600             78.2  void cub::CUB_300002_SM_900::detail::for_each::static_kernel<cub::CUB_300002_SM_900::detail::for_ea…

[7/8] Executing 'cuda_gpu_mem_time_sum' stats report

 Time (%)  Total Time (ns)    Count     Avg (ns)  Med (ns)  Min (ns)   Max (ns)   StdDev (ns)               Operation              
 --------  ---------------  ----------  --------  --------  --------  ----------  -----------  ------------------------------------
     43.2   23,147,343,314   9,327,286   2,481.7   2,464.0     1,792     408,577        476.7  [CUDA memcpy Device-to-Host]        
     42.9   22,943,098,472  27,981,074     820.0     768.0       703  46,818,057     19,284.4  [CUDA memcpy Host-to-Device]        
     13.7    7,343,857,751   4,664,886   1,574.3   1,472.0       736     846,338      7,974.9  [CUDA memset]                       
      0.1       69,950,776      24,013   2,913.0   2,495.0     2,175      22,240      1,525.9  [CUDA memcpy Unified Host-to-Device]
      0.0       25,327,418       6,795   3,727.4   2,944.0     2,367      24,544      2,119.2  [CUDA memcpy Unified Device-to-Host]

[8/8] Executing 'cuda_gpu_mem_size_sum' stats report

  Total (MB)      Count     Avg (MB)  Med (MB)  Min (MB)  Max (MB)   StdDev (MB)               Operation              
 -------------  ----------  --------  --------  --------  ---------  -----------  ------------------------------------
 2,348,071.716   4,664,886     0.503     0.197     0.000  2,755.912       26.039  [CUDA memset]                       
    13,153.332  27,981,074     0.000     0.000     0.000    225.851        0.186  [CUDA memcpy Host-to-Device]        
       701.567   9,327,286     0.000     0.000     0.000      5.114        0.007  [CUDA memcpy Device-to-Host]        
       697.631      24,013     0.029     0.008     0.004      1.044        0.081  [CUDA memcpy Unified Host-to-Device]
       440.533       6,795     0.065     0.029     0.004      1.044        0.113  [CUDA memcpy Unified Device-to-Host]

Generated:
    /home/jmukher/workspace/uiuc/citation_abm/profile/nsys-pa-30y-6p.nsys-rep
    /home/jmukher/workspace/uiuc/citation_abm/profile/nsys-pa-30y-6p.sqlite
SUCCESS: 3.2G → profile/nsys-pa-30y-6p.nsys-rep
