Lmod Warning:
-------------------------------------------------------------------------------
The following dependent module(s) are not currently loaded: zlib/1.2.11-seqnime
(required by: gcc/14.1.0)
-------------------------------------------------------------------------------




Inactive Modules:
  1) openmpi/5.0.5

The following have been reloaded with a version change:
  1) gcc/11.4.1 => gcc/14.1.0

Lmod Warning:
-------------------------------------------------------------------------------
The following dependent module(s) are not currently loaded: zlib/1.2.11-seqnime
(required by: gcc/14.1.0)
-------------------------------------------------------------------------------




The following have been reloaded with a version change:
  1) cuda/12.6.1 => cuda/12.9.0


Activating Modules:
  1) openmpi/5.0.5

The following have been reloaded with a version change:
  1) cuda/12.9.0 => cuda/12.6.1     2) gcc/14.1.0 => gcc/11.4.1

Running growth rate 1% for 30 years.
Profile output: ./profile/nsys-pa-30y-1p.nsys-rep
CMD: nsys profile --trace=cuda,nvtx --stats=true --force-overwrite=true -o ./profile/nsys-pa-30y-1p ./abm --edgelist sj_edgelist --nodelist sj_nodelist --out-degree-bag tcen_at_least_five --recency-probabilities sj_recprob --alpha 0.5 --preferential-weight 0.33 --recency-weight 0.33 --fitness-weight 0.33 --growth-rate .01 --fully-random-citations 0.05 --num-cycles 30 --same-year-proportion 0.12 --output-file ./output/30y/gpu-opt-static-output-30y-1p.edgelist --auxiliary-information-file ./output/30y/gpu-opt-static-output-30y-1p.aux --log-file ./output/30y/nsys-gpu-opt-static-pa-30y-1p.log --num-processors 14 --log-level 1

Start ABM....
parse_args....
edgelist....
num-cycles....
output-file....
log-file = ./output/30y/nsys-gpu-opt-static-pa-30y-1p.log....
num-processors = 14....
log-level = 0
Init ABM....
Exec ABM....
Start execute.Init Graph
Inside  Graph ParseNodelist.....
Populating the continuous_node mappings..
Elapsed time: ParseNodelist : 1125 millisecs = 1 seconds

Inside Graph ParseEdgelist.....
Elapsed time: ParseEdgelist : 1640 millisecs = 1 seconds

In updateNodeInDegreeOutDegree: Update Outdegree first:
In updateNodeInDegreeOutDegree: Update Indegree:
Total (initial):: In-Degree = 899050, Out-Degree = 899050
Elapsed time: 0-1 : 1 seconds
Elapsed time: 1-2 : 1 seconds
Elapsed time: 2-3 : 0 seconds

Initialized Graph. Let us update the indegree and out-degrees... 
Graph init done...
calling InitializeFitness...
final graph size is 662527 from initial_graph_size of 491532.
 populated out degree array.
 Entering loop for year = 1983
Elapsed time: 70-71: total : 0.263 secs, iter cost : 0 seconds

Elapsed time: 71-72: total : 0.288 secs, iter cost : 0 seconds

Elapsed time: 72-73: total : 12 millisecs, iter cost : 12 mseconds

num_new_nodes = 4916, current_graph_size = 491532, growth rate = 0.010000 
Elapsed time: 73-74: total : 0 millisecs, iter cost : 0 mseconds

Elapsed time: 74-75: total : 6 millisecs, iter cost : 6 mseconds

all new nodes initialized with years and mapped. FillSameYearSourceNodes with new_nodes_vec.size() = 4916
checking same_year_source_nodes size.
Elapsed time: 75-76: total : 0 millisecs, iter cost : 0 mseconds

new_nodes_vec.size() b4 : 4916

updated  updateGraphAttributesGeneratorNode .... 
Elapsed time: 76-77: total : 13 millisecs, iter cost : 13 mseconds

continuous_node_mapping.size() b5 : 496448, reverse_continuous_node_mapping size = 496448

Inside optimized buildOneNodeConnections...
Initial Free: 80526.5 MB / 81079.4 MB

[prepareGraph] num_vertices = 491532

[prepareGraph] edges = 899050, offsets = 491533 (should be V+1 = 491533)

[prepareGraph] num_vertices = 491532

[prepareGraph] edges = 899050, offsets = 491533 (should be V+1 = 491533)

Year 1983: 4916 new nodes, 96163 new edges

Elapsed time: 78-781 : total : 3.257 secs,  this iter cost : 3.257 seconds

Elapsed time: 78-79 : total : 3.312 secs, this iter cost : 3.312 seconds

updateNodeInDegreeOutDegree(year=1983): updated 4916 out-degrees, 73201 in-degrees
Elapsed time: 79-81 : total : 0.077 secs, this iter cost : 0 seconds

Elapsed time: 79-80 : total : 0.051 secs, this iter cost : 0 seconds

Elapsed time: 80-81 : total : 0.026 secs, this iter cost : 0 seconds

Elapsed time: 70-81 : total : 3.973 secs, this iter cost : 3 seconds

 Entering loop for year = 1984
Elapsed time: 70-71: total : 0.531 secs, iter cost : 0 seconds

Elapsed time: 71-72: total : 0.567 secs, iter cost : 0 seconds

Elapsed time: 72-73: total : 23 millisecs, iter cost : 11 mseconds

num_new_nodes = 4965, current_graph_size = 496448, growth rate = 0.010000 
Elapsed time: 73-74: total : 0 millisecs, iter cost : 0 mseconds

Elapsed time: 74-75: total : 10 millisecs, iter cost : 4 mseconds

all new nodes initialized with years and mapped. FillSameYearSourceNodes with new_nodes_vec.size() = 4965
checking same_year_source_nodes size.
Elapsed time: 75-76: total : 0 millisecs, iter cost : 0 mseconds

new_nodes_vec.size() b4 : 4965

updated  updateGraphAttributesGeneratorNode .... 
Elapsed time: 76-77: total : 25 millisecs, iter cost : 12 mseconds

continuous_node_mapping.size() b5 : 501413, reverse_continuous_node_mapping size = 501413

Inside optimized buildOneNodeConnections...
Initial Free: 80294.5 MB / 81079.4 MB

[prepareGraph] num_vertices = 496448

[prepareGraph] edges = 995213, offsets = 496449 (should be V+1 = 496449)

[prepareGraph] num_vertices = 496448

[prepareGraph] edges = 995213, offsets = 496449 (should be V+1 = 496449)

Year 1984: 4965 new nodes, 97105 new edges

Elapsed time: 78-781 : total : 6.313 secs,  this iter cost : 3.056 seconds

Elapsed time: 78-79 : total : 6.432 secs, this iter cost : 3.12 seconds

updateNodeInDegreeOutDegree(year=1984): updated 4965 out-degrees, 73594 in-degrees
Elapsed time: 79-81 : total : 0.167 secs, this iter cost : 0 seconds

Elapsed time: 79-80 : total : 0.116 secs, this iter cost : 0 seconds

Elapsed time: 80-81 : total : 0.051 secs, this iter cost : 0 seconds

Elapsed time: 70-81 : total : 7.761 secs, this iter cost : 3 seconds

 Entering loop for year = 1985
Elapsed time: 70-71: total : 0.806 secs, iter cost : 0 seconds

Elapsed time: 71-72: total : 0.856 secs, iter cost : 0 seconds

Elapsed time: 72-73: total : 35 millisecs, iter cost : 12 mseconds

num_new_nodes = 5015, current_graph_size = 501413, growth rate = 0.010000 
Elapsed time: 73-74: total : 0 millisecs, iter cost : 0 mseconds

Elapsed time: 74-75: total : 13 millisecs, iter cost : 3 mseconds

all new nodes initialized with years and mapped. FillSameYearSourceNodes with new_nodes_vec.size() = 5015
checking same_year_source_nodes size.
Elapsed time: 75-76: total : 0 millisecs, iter cost : 0 mseconds

new_nodes_vec.size() b4 : 5015

updated  updateGraphAttributesGeneratorNode .... 
Elapsed time: 76-77: total : 37 millisecs, iter cost : 12 mseconds

continuous_node_mapping.size() b5 : 506428, reverse_continuous_node_mapping size = 506428

Inside optimized buildOneNodeConnections...
Initial Free: 80288.5 MB / 81079.4 MB

[prepareGraph] num_vertices = 501413

[prepareGraph] edges = 1092318, offsets = 501414 (should be V+1 = 501414)

[prepareGraph] num_vertices = 501413

[prepareGraph] edges = 1092318, offsets = 501414 (should be V+1 = 501414)

Year 1985: 5015 new nodes, 97948 new edges

Elapsed time: 78-781 : total : 9.277 secs,  this iter cost : 2.964 seconds

Elapsed time: 78-79 : total : 9.461 secs, this iter cost : 3.029 seconds

updateNodeInDegreeOutDegree(year=1985): updated 5015 out-degrees, 72111 in-degrees
Elapsed time: 79-81 : total : 0.24 secs, this iter cost : 0 seconds

Elapsed time: 79-80 : total : 0.164 secs, this iter cost : 0 seconds

Elapsed time: 80-81 : total : 0.076 secs, this iter cost : 0 seconds

Elapsed time: 70-81 : total : 11.458 secs, this iter cost : 3 seconds

 Entering loop for year = 1986
Elapsed time: 70-71: total : 1.093 secs, iter cost : 0 seconds

Elapsed time: 71-72: total : 1.16 secs, iter cost : 0 seconds

Elapsed time: 72-73: total : 46 millisecs, iter cost : 11 mseconds

num_new_nodes = 5065, current_graph_size = 506428, growth rate = 0.010000 
Elapsed time: 73-74: total : 0 millisecs, iter cost : 0 mseconds

Elapsed time: 74-75: total : 16 millisecs, iter cost : 3 mseconds

all new nodes initialized with years and mapped. FillSameYearSourceNodes with new_nodes_vec.size() = 5065
checking same_year_source_nodes size.
Elapsed time: 75-76: total : 0 millisecs, iter cost : 0 mseconds

new_nodes_vec.size() b4 : 5065

updated  updateGraphAttributesGeneratorNode .... 
Elapsed time: 76-77: total : 49 millisecs, iter cost : 12 mseconds

continuous_node_mapping.size() b5 : 511493, reverse_continuous_node_mapping size = 511493

Inside optimized buildOneNodeConnections...
Initial Free: 80284.5 MB / 81079.4 MB

[prepareGraph] num_vertices = 506428

[prepareGraph] edges = 1190266, offsets = 506429 (should be V+1 = 506429)

[prepareGraph] num_vertices = 506428

[prepareGraph] edges = 1190266, offsets = 506429 (should be V+1 = 506429)

Year 1986: 5065 new nodes, 98684 new edges

Elapsed time: 78-781 : total : 12.419 secs,  this iter cost : 3.142 seconds

Elapsed time: 78-79 : total : 12.65 secs, this iter cost : 3.189 seconds

updateNodeInDegreeOutDegree(year=1986): updated 5065 out-degrees, 72635 in-degrees
Elapsed time: 79-81 : total : 0.313 secs, this iter cost : 0 seconds

Elapsed time: 79-80 : total : 0.211 secs, this iter cost : 0 seconds

Elapsed time: 80-81 : total : 0.101 secs, this iter cost : 0 seconds

Elapsed time: 70-81 : total : 15.34 secs, this iter cost : 3 seconds

 Entering loop for year = 1987
Elapsed time: 70-71: total : 1.379 secs, iter cost : 0 seconds

Elapsed time: 71-72: total : 1.468 secs, iter cost : 0 seconds

Elapsed time: 72-73: total : 57 millisecs, iter cost : 11 mseconds

num_new_nodes = 5115, current_graph_size = 511493, growth rate = 0.010000 
Elapsed time: 73-74: total : 0 millisecs, iter cost : 0 mseconds

Elapsed time: 74-75: total : 19 millisecs, iter cost : 3 mseconds

all new nodes initialized with years and mapped. FillSameYearSourceNodes with new_nodes_vec.size() = 5115
checking same_year_source_nodes size.
Elapsed time: 75-76: total : 0 millisecs, iter cost : 0 mseconds

new_nodes_vec.size() b4 : 5115

updated  updateGraphAttributesGeneratorNode .... 
Elapsed time: 76-77: total : 61 millisecs, iter cost : 12 mseconds

continuous_node_mapping.size() b5 : 516608, reverse_continuous_node_mapping size = 516608

Inside optimized buildOneNodeConnections...
Initial Free: 80280.5 MB / 81079.4 MB

[prepareGraph] num_vertices = 511493

[prepareGraph] edges = 1288950, offsets = 511494 (should be V+1 = 511494)

[prepareGraph] num_vertices = 511493

[prepareGraph] edges = 1288950, offsets = 511494 (should be V+1 = 511494)

Year 1987: 5115 new nodes, 99460 new edges

Elapsed time: 78-781 : total : 15.517 secs,  this iter cost : 3.098 seconds

Elapsed time: 78-79 : total : 15.795 secs, this iter cost : 3.145 seconds

updateNodeInDegreeOutDegree(year=1987): updated 5115 out-degrees, 70961 in-degrees
Elapsed time: 79-81 : total : 0.385 secs, this iter cost : 0 seconds

Elapsed time: 79-80 : total : 0.257 secs, this iter cost : 0 seconds

Elapsed time: 80-81 : total : 0.126 secs, this iter cost : 0 seconds

Elapsed time: 70-81 : total : 19.181 secs, this iter cost : 3 seconds

 Entering loop for year = 1988
Elapsed time: 70-71: total : 1.659 secs, iter cost : 0 seconds

Elapsed time: 71-72: total : 1.769 secs, iter cost : 0 seconds

Elapsed time: 72-73: total : 68 millisecs, iter cost : 11 mseconds

num_new_nodes = 5167, current_graph_size = 516608, growth rate = 0.010000 
Elapsed time: 73-74: total : 0 millisecs, iter cost : 0 mseconds

Elapsed time: 74-75: total : 22 millisecs, iter cost : 3 mseconds

all new nodes initialized with years and mapped. FillSameYearSourceNodes with new_nodes_vec.size() = 5167
checking same_year_source_nodes size.
Elapsed time: 75-76: total : 0 millisecs, iter cost : 0 mseconds

new_nodes_vec.size() b4 : 5167

updated  updateGraphAttributesGeneratorNode .... 
Elapsed time: 76-77: total : 74 millisecs, iter cost : 13 mseconds

continuous_node_mapping.size() b5 : 521775, reverse_continuous_node_mapping size = 521775

Inside optimized buildOneNodeConnections...
Initial Free: 80274.5 MB / 81079.4 MB

[prepareGraph] num_vertices = 516608

[prepareGraph] edges = 1388410, offsets = 516609 (should be V+1 = 516609)

[prepareGraph] num_vertices = 516608

[prepareGraph] edges = 1388410, offsets = 516609 (should be V+1 = 516609)

Year 1988: 5167 new nodes, 100435 new edges

Elapsed time: 78-781 : total : 19.12 secs,  this iter cost : 3.603 seconds

Elapsed time: 78-79 : total : 19.446 secs, this iter cost : 3.651 seconds

updateNodeInDegreeOutDegree(year=1988): updated 5167 out-degrees, 71393 in-degrees
Elapsed time: 79-81 : total : 0.458 secs, this iter cost : 0 seconds

Elapsed time: 79-80 : total : 0.304 secs, this iter cost : 0 seconds

Elapsed time: 80-81 : total : 0.152 secs, this iter cost : 0 seconds

Elapsed time: 70-81 : total : 23.516 secs, this iter cost : 4 seconds

 Entering loop for year = 1989
Elapsed time: 70-71: total : 1.939 secs, iter cost : 0 seconds

Elapsed time: 71-72: total : 2.063 secs, iter cost : 0 seconds

Elapsed time: 72-73: total : 80 millisecs, iter cost : 12 mseconds

num_new_nodes = 5218, current_graph_size = 521775, growth rate = 0.010000 
Elapsed time: 73-74: total : 0 millisecs, iter cost : 0 mseconds

Elapsed time: 74-75: total : 25 millisecs, iter cost : 3 mseconds

all new nodes initialized with years and mapped. FillSameYearSourceNodes with new_nodes_vec.size() = 5218
checking same_year_source_nodes size.
Elapsed time: 75-76: total : 0 millisecs, iter cost : 0 mseconds

new_nodes_vec.size() b4 : 5218

updated  updateGraphAttributesGeneratorNode .... 
Elapsed time: 76-77: total : 87 millisecs, iter cost : 13 mseconds

continuous_node_mapping.size() b5 : 526993, reverse_continuous_node_mapping size = 526993

Inside optimized buildOneNodeConnections...
Initial Free: 80268.5 MB / 81079.4 MB

[prepareGraph] num_vertices = 521775

[prepareGraph] edges = 1488845, offsets = 521776 (should be V+1 = 521776)

[prepareGraph] num_vertices = 521775

[prepareGraph] edges = 1488845, offsets = 521776 (should be V+1 = 521776)

Year 1989: 5218 new nodes, 101369 new edges

Elapsed time: 78-781 : total : 22.208 secs,  this iter cost : 3.088 seconds

Elapsed time: 78-79 : total : 22.582 secs, this iter cost : 3.136 seconds

updateNodeInDegreeOutDegree(year=1989): updated 5218 out-degrees, 71130 in-degrees
Elapsed time: 79-81 : total : 0.533 secs, this iter cost : 0 seconds

Elapsed time: 79-80 : total : 0.352 secs, this iter cost : 0 seconds

Elapsed time: 80-81 : total : 0.178 secs, this iter cost : 0 seconds

Elapsed time: 70-81 : total : 27.332 secs, this iter cost : 3 seconds

 Entering loop for year = 1990
Elapsed time: 70-71: total : 2.231 secs, iter cost : 0 seconds

Elapsed time: 71-72: total : 2.393 secs, iter cost : 0 seconds

Elapsed time: 72-73: total : 92 millisecs, iter cost : 12 mseconds

num_new_nodes = 5270, current_graph_size = 526993, growth rate = 0.010000 
Elapsed time: 73-74: total : 0 millisecs, iter cost : 0 mseconds

Elapsed time: 74-75: total : 28 millisecs, iter cost : 3 mseconds

all new nodes initialized with years and mapped. FillSameYearSourceNodes with new_nodes_vec.size() = 5270
checking same_year_source_nodes size.
Elapsed time: 75-76: total : 0 millisecs, iter cost : 0 mseconds

new_nodes_vec.size() b4 : 5270

updated  updateGraphAttributesGeneratorNode .... 
Elapsed time: 76-77: total : 100 millisecs, iter cost : 13 mseconds

continuous_node_mapping.size() b5 : 532263, reverse_continuous_node_mapping size = 532263

Inside optimized buildOneNodeConnections...
Initial Free: 80232.5 MB / 81079.4 MB

[prepareGraph] num_vertices = 526993

[prepareGraph] edges = 1590214, offsets = 526994 (should be V+1 = 526994)

[prepareGraph] num_vertices = 526993

[prepareGraph] edges = 1590214, offsets = 526994 (should be V+1 = 526994)

Year 1990: 5270 new nodes, 102417 new edges

Elapsed time: 78-781 : total : 25.579 secs,  this iter cost : 3.371 seconds

Elapsed time: 78-79 : total : 26.011 secs, this iter cost : 3.429 seconds

updateNodeInDegreeOutDegree(year=1990): updated 5270 out-degrees, 71056 in-degrees
Elapsed time: 79-81 : total : 0.615 secs, this iter cost : 0 seconds

Elapsed time: 79-80 : total : 0.407 secs, this iter cost : 0 seconds

Elapsed time: 80-81 : total : 0.204 secs, this iter cost : 0 seconds

Elapsed time: 70-81 : total : 31.496 secs, this iter cost : 4 seconds

 Entering loop for year = 1991
Elapsed time: 70-71: total : 2.513 secs, iter cost : 0 seconds

Elapsed time: 71-72: total : 2.695 secs, iter cost : 0 seconds

Elapsed time: 72-73: total : 105 millisecs, iter cost : 13 mseconds

num_new_nodes = 5323, current_graph_size = 532263, growth rate = 0.010000 
Elapsed time: 73-74: total : 0 millisecs, iter cost : 0 mseconds

Elapsed time: 74-75: total : 32 millisecs, iter cost : 4 mseconds

all new nodes initialized with years and mapped. FillSameYearSourceNodes with new_nodes_vec.size() = 5323
checking same_year_source_nodes size.
Elapsed time: 75-76: total : 0 millisecs, iter cost : 0 mseconds

new_nodes_vec.size() b4 : 5323

updated  updateGraphAttributesGeneratorNode .... 
Elapsed time: 76-77: total : 113 millisecs, iter cost : 13 mseconds

continuous_node_mapping.size() b5 : 537586, reverse_continuous_node_mapping size = 537586

Inside optimized buildOneNodeConnections...
Initial Free: 80226.5 MB / 81079.4 MB

[prepareGraph] num_vertices = 532263

[prepareGraph] edges = 1692631, offsets = 532264 (should be V+1 = 532264)

[prepareGraph] num_vertices = 532263

[prepareGraph] edges = 1692631, offsets = 532264 (should be V+1 = 532264)

Year 1991: 5323 new nodes, 103341 new edges

Elapsed time: 78-781 : total : 29.01 secs,  this iter cost : 3.431 seconds

Elapsed time: 78-79 : total : 29.519 secs, this iter cost : 3.508 seconds

updateNodeInDegreeOutDegree(year=1991): updated 5323 out-degrees, 70670 in-degrees
Elapsed time: 79-81 : total : 0.71 secs, this iter cost : 0 seconds

Elapsed time: 79-80 : total : 0.474 secs, this iter cost : 0 seconds

Elapsed time: 80-81 : total : 0.231 secs, this iter cost : 0 seconds

Elapsed time: 70-81 : total : 35.716 secs, this iter cost : 4 seconds

 Entering loop for year = 1992
Elapsed time: 70-71: total : 2.819 secs, iter cost : 0 seconds

Elapsed time: 71-72: total : 3.025 secs, iter cost : 0 seconds

Elapsed time: 72-73: total : 117 millisecs, iter cost : 12 mseconds

num_new_nodes = 5376, current_graph_size = 537586, growth rate = 0.010000 
Elapsed time: 73-74: total : 0 millisecs, iter cost : 0 mseconds

Elapsed time: 74-75: total : 37 millisecs, iter cost : 5 mseconds

all new nodes initialized with years and mapped. FillSameYearSourceNodes with new_nodes_vec.size() = 5376
checking same_year_source_nodes size.
Elapsed time: 75-76: total : 0 millisecs, iter cost : 0 mseconds

new_nodes_vec.size() b4 : 5376

updated  updateGraphAttributesGeneratorNode .... 
Elapsed time: 76-77: total : 126 millisecs, iter cost : 13 mseconds

continuous_node_mapping.size() b5 : 542962, reverse_continuous_node_mapping size = 542962

Inside optimized buildOneNodeConnections...
Initial Free: 80220.5 MB / 81079.4 MB

[prepareGraph] num_vertices = 537586

[prepareGraph] edges = 1795972, offsets = 537587 (should be V+1 = 537587)

[prepareGraph] num_vertices = 537586

[prepareGraph] edges = 1795972, offsets = 537587 (should be V+1 = 537587)

Year 1992: 5376 new nodes, 104252 new edges

Elapsed time: 78-781 : total : 32.747 secs,  this iter cost : 3.737 seconds

Elapsed time: 78-79 : total : 33.316 secs, this iter cost : 3.797 seconds

updateNodeInDegreeOutDegree(year=1992): updated 5376 out-degrees, 70956 in-degrees
Elapsed time: 79-81 : total : 0.789 secs, this iter cost : 0 seconds

Elapsed time: 79-80 : total : 0.525 secs, this iter cost : 0 seconds

Elapsed time: 80-81 : total : 0.258 secs, this iter cost : 0 seconds

Elapsed time: 70-81 : total : 40.26 secs, this iter cost : 4 seconds

 Entering loop for year = 1993
Elapsed time: 70-71: total : 3.106 secs, iter cost : 0 seconds

Elapsed time: 71-72: total : 3.339 secs, iter cost : 0 seconds

Elapsed time: 72-73: total : 129 millisecs, iter cost : 12 mseconds

num_new_nodes = 5430, current_graph_size = 542962, growth rate = 0.010000 
Elapsed time: 73-74: total : 0 millisecs, iter cost : 0 mseconds

Elapsed time: 74-75: total : 41 millisecs, iter cost : 4 mseconds

all new nodes initialized with years and mapped. FillSameYearSourceNodes with new_nodes_vec.size() = 5430
checking same_year_source_nodes size.
Elapsed time: 75-76: total : 0 millisecs, iter cost : 0 mseconds

new_nodes_vec.size() b4 : 5430

updated  updateGraphAttributesGeneratorNode .... 
Elapsed time: 76-77: total : 139 millisecs, iter cost : 13 mseconds

continuous_node_mapping.size() b5 : 548392, reverse_continuous_node_mapping size = 548392

Inside optimized buildOneNodeConnections...
Initial Free: 80214.5 MB / 81079.4 MB

[prepareGraph] num_vertices = 542962

[prepareGraph] edges = 1900224, offsets = 542963 (should be V+1 = 542963)

[prepareGraph] num_vertices = 542962

[prepareGraph] edges = 1900224, offsets = 542963 (should be V+1 = 542963)

Year 1993: 5430 new nodes, 105184 new edges

Elapsed time: 78-781 : total : 36.282 secs,  this iter cost : 3.535 seconds

Elapsed time: 78-79 : total : 36.903 secs, this iter cost : 3.587 seconds

updateNodeInDegreeOutDegree(year=1993): updated 5430 out-degrees, 70973 in-degrees
Elapsed time: 79-81 : total : 0.866 secs, this iter cost : 0 seconds

Elapsed time: 79-80 : total : 0.575 secs, this iter cost : 0 seconds

Elapsed time: 80-81 : total : 0.285 secs, this iter cost : 0 seconds

Elapsed time: 70-81 : total : 44.558 secs, this iter cost : 4 seconds

 Entering loop for year = 1994
Elapsed time: 70-71: total : 3.394 secs, iter cost : 0 seconds

Elapsed time: 71-72: total : 3.639 secs, iter cost : 0 seconds

Elapsed time: 72-73: total : 141 millisecs, iter cost : 12 mseconds

num_new_nodes = 5484, current_graph_size = 548392, growth rate = 0.010000 
Elapsed time: 73-74: total : 0 millisecs, iter cost : 0 mseconds

Elapsed time: 74-75: total : 45 millisecs, iter cost : 4 mseconds

all new nodes initialized with years and mapped. FillSameYearSourceNodes with new_nodes_vec.size() = 5484
checking same_year_source_nodes size.
Elapsed time: 75-76: total : 0 millisecs, iter cost : 0 mseconds

new_nodes_vec.size() b4 : 5484

updated  updateGraphAttributesGeneratorNode .... 
Elapsed time: 76-77: total : 152 millisecs, iter cost : 13 mseconds

continuous_node_mapping.size() b5 : 553876, reverse_continuous_node_mapping size = 553876

Inside optimized buildOneNodeConnections...
Initial Free: 80208.5 MB / 81079.4 MB

[prepareGraph] num_vertices = 548392

[prepareGraph] edges = 2005408, offsets = 548393 (should be V+1 = 548393)

[prepareGraph] num_vertices = 548392

[prepareGraph] edges = 2005408, offsets = 548393 (should be V+1 = 548393)

Year 1994: 5484 new nodes, 105827 new edges

Elapsed time: 78-781 : total : 40.151 secs,  this iter cost : 3.869 seconds

Elapsed time: 78-79 : total : 40.822 secs, this iter cost : 3.919 seconds

updateNodeInDegreeOutDegree(year=1994): updated 5484 out-degrees, 71184 in-degrees
Elapsed time: 79-81 : total : 0.943 secs, this iter cost : 0 seconds

Elapsed time: 79-80 : total : 0.624 secs, this iter cost : 0 seconds

Elapsed time: 80-81 : total : 0.312 secs, this iter cost : 0 seconds

Elapsed time: 70-81 : total : 49.174 secs, this iter cost : 4 seconds

 Entering loop for year = 1995
Elapsed time: 70-71: total : 3.683 secs, iter cost : 0 seconds

Elapsed time: 71-72: total : 3.972 secs, iter cost : 0 seconds

Elapsed time: 72-73: total : 153 millisecs, iter cost : 12 mseconds

num_new_nodes = 5539, current_graph_size = 553876, growth rate = 0.010000 
Elapsed time: 73-74: total : 0 millisecs, iter cost : 0 mseconds

Elapsed time: 74-75: total : 49 millisecs, iter cost : 4 mseconds

all new nodes initialized with years and mapped. FillSameYearSourceNodes with new_nodes_vec.size() = 5539
checking same_year_source_nodes size.
Elapsed time: 75-76: total : 0 millisecs, iter cost : 0 mseconds

new_nodes_vec.size() b4 : 5539

updated  updateGraphAttributesGeneratorNode .... 
Elapsed time: 76-77: total : 165 millisecs, iter cost : 13 mseconds

continuous_node_mapping.size() b5 : 559415, reverse_continuous_node_mapping size = 559415

Inside optimized buildOneNodeConnections...
Initial Free: 80202.5 MB / 81079.4 MB

[prepareGraph] num_vertices = 553876

[prepareGraph] edges = 2111235, offsets = 553877 (should be V+1 = 553877)

[prepareGraph] num_vertices = 553876

[prepareGraph] edges = 2111235, offsets = 553877 (should be V+1 = 553877)

Year 1995: 5539 new nodes, 106714 new edges

Elapsed time: 78-781 : total : 43.96 secs,  this iter cost : 3.809 seconds

Elapsed time: 78-79 : total : 44.685 secs, this iter cost : 3.863 seconds

updateNodeInDegreeOutDegree(year=1995): updated 5539 out-degrees, 70598 in-degrees
Elapsed time: 79-81 : total : 1.034 secs, this iter cost : 0 seconds

Elapsed time: 79-80 : total : 0.687 secs, this iter cost : 0 seconds

Elapsed time: 80-81 : total : 0.339 secs, this iter cost : 0 seconds

Elapsed time: 70-81 : total : 53.782 secs, this iter cost : 4 seconds

 Entering loop for year = 1996
Elapsed time: 70-71: total : 3.97 secs, iter cost : 0 seconds

Elapsed time: 71-72: total : 4.298 secs, iter cost : 0 seconds

Elapsed time: 72-73: total : 166 millisecs, iter cost : 13 mseconds

num_new_nodes = 5595, current_graph_size = 559415, growth rate = 0.010000 
Elapsed time: 73-74: total : 0 millisecs, iter cost : 0 mseconds

Elapsed time: 74-75: total : 52 millisecs, iter cost : 3 mseconds

all new nodes initialized with years and mapped. FillSameYearSourceNodes with new_nodes_vec.size() = 5595
checking same_year_source_nodes size.
Elapsed time: 75-76: total : 0 millisecs, iter cost : 0 mseconds

new_nodes_vec.size() b4 : 5595

updated  updateGraphAttributesGeneratorNode .... 
Elapsed time: 76-77: total : 179 millisecs, iter cost : 14 mseconds

continuous_node_mapping.size() b5 : 565010, reverse_continuous_node_mapping size = 565010

Inside optimized buildOneNodeConnections...
Initial Free: 80196.5 MB / 81079.4 MB

[prepareGraph] num_vertices = 559415

[prepareGraph] edges = 2217949, offsets = 559416 (should be V+1 = 559416)

[prepareGraph] num_vertices = 559415

[prepareGraph] edges = 2217949, offsets = 559416 (should be V+1 = 559416)

Year 1996: 5595 new nodes, 107959 new edges

Elapsed time: 78-781 : total : 47.515 secs,  this iter cost : 3.555 seconds

Elapsed time: 78-79 : total : 48.29 secs, this iter cost : 3.605 seconds

updateNodeInDegreeOutDegree(year=1996): updated 5595 out-degrees, 71454 in-degrees
Elapsed time: 79-81 : total : 1.109 secs, this iter cost : 0 seconds

Elapsed time: 79-80 : total : 0.734 secs, this iter cost : 0 seconds

Elapsed time: 80-81 : total : 0.367 secs, this iter cost : 0 seconds

Elapsed time: 70-81 : total : 58.109 secs, this iter cost : 4 seconds

 Entering loop for year = 1997
Elapsed time: 70-71: total : 4.264 secs, iter cost : 0 seconds

Elapsed time: 71-72: total : 4.619 secs, iter cost : 0 seconds

Elapsed time: 72-73: total : 179 millisecs, iter cost : 13 mseconds

num_new_nodes = 5651, current_graph_size = 565010, growth rate = 0.010000 
Elapsed time: 73-74: total : 0 millisecs, iter cost : 0 mseconds

Elapsed time: 74-75: total : 55 millisecs, iter cost : 3 mseconds

all new nodes initialized with years and mapped. FillSameYearSourceNodes with new_nodes_vec.size() = 5651
checking same_year_source_nodes size.
Elapsed time: 75-76: total : 0 millisecs, iter cost : 0 mseconds

new_nodes_vec.size() b4 : 5651

updated  updateGraphAttributesGeneratorNode .... 
Elapsed time: 76-77: total : 193 millisecs, iter cost : 14 mseconds

continuous_node_mapping.size() b5 : 570661, reverse_continuous_node_mapping size = 570661

Inside optimized buildOneNodeConnections...
Initial Free: 80148.5 MB / 81079.4 MB

[prepareGraph] num_vertices = 565010

[prepareGraph] edges = 2325908, offsets = 565011 (should be V+1 = 565011)

[prepareGraph] num_vertices = 565010

[prepareGraph] edges = 2325908, offsets = 565011 (should be V+1 = 565011)

Year 1997: 5651 new nodes, 109101 new edges

Elapsed time: 78-781 : total : 51.501 secs,  this iter cost : 3.986 seconds

Elapsed time: 78-79 : total : 52.332 secs, this iter cost : 4.042 seconds

updateNodeInDegreeOutDegree(year=1997): updated 5651 out-degrees, 71145 in-degrees
Elapsed time: 79-81 : total : 1.185 secs, this iter cost : 0 seconds

Elapsed time: 79-80 : total : 0.782 secs, this iter cost : 0 seconds

Elapsed time: 80-81 : total : 0.395 secs, this iter cost : 0 seconds

Elapsed time: 70-81 : total : 62.874 secs, this iter cost : 4 seconds

 Entering loop for year = 1998
Elapsed time: 70-71: total : 4.561 secs, iter cost : 0 seconds

Elapsed time: 71-72: total : 4.957 secs, iter cost : 0 seconds

Elapsed time: 72-73: total : 192 millisecs, iter cost : 13 mseconds

num_new_nodes = 5707, current_graph_size = 570661, growth rate = 0.010000 
Elapsed time: 73-74: total : 0 millisecs, iter cost : 0 mseconds

Elapsed time: 74-75: total : 58 millisecs, iter cost : 3 mseconds

all new nodes initialized with years and mapped. FillSameYearSourceNodes with new_nodes_vec.size() = 5707
checking same_year_source_nodes size.
Elapsed time: 75-76: total : 0 millisecs, iter cost : 0 mseconds

new_nodes_vec.size() b4 : 5707

updated  updateGraphAttributesGeneratorNode .... 
Elapsed time: 76-77: total : 207 millisecs, iter cost : 14 mseconds

continuous_node_mapping.size() b5 : 576368, reverse_continuous_node_mapping size = 576368

Inside optimized buildOneNodeConnections...
Initial Free: 80110.5 MB / 81079.4 MB

[prepareGraph] num_vertices = 570661

[prepareGraph] edges = 2435009, offsets = 570662 (should be V+1 = 570662)

[prepareGraph] num_vertices = 570661

[prepareGraph] edges = 2435009, offsets = 570662 (should be V+1 = 570662)

Year 1998: 5707 new nodes, 110387 new edges

Elapsed time: 78-781 : total : 55.322 secs,  this iter cost : 3.821 seconds

Elapsed time: 78-79 : total : 56.208 secs, this iter cost : 3.876 seconds

updateNodeInDegreeOutDegree(year=1998): updated 5707 out-degrees, 72723 in-degrees
Elapsed time: 79-81 : total : 1.262 secs, this iter cost : 0 seconds

Elapsed time: 79-80 : total : 0.831 secs, this iter cost : 0 seconds

Elapsed time: 80-81 : total : 0.423 secs, this iter cost : 0 seconds

Elapsed time: 70-81 : total : 67.495 secs, this iter cost : 4 seconds

 Entering loop for year = 1999
Elapsed time: 70-71: total : 4.853 secs, iter cost : 0 seconds

Elapsed time: 71-72: total : 5.273 secs, iter cost : 0 seconds

Elapsed time: 72-73: total : 205 millisecs, iter cost : 13 mseconds

num_new_nodes = 5764, current_graph_size = 576368, growth rate = 0.010000 
Elapsed time: 73-74: total : 0 millisecs, iter cost : 0 mseconds

Elapsed time: 74-75: total : 61 millisecs, iter cost : 3 mseconds

all new nodes initialized with years and mapped. FillSameYearSourceNodes with new_nodes_vec.size() = 5764
checking same_year_source_nodes size.
Elapsed time: 75-76: total : 0 millisecs, iter cost : 0 mseconds

new_nodes_vec.size() b4 : 5764

updated  updateGraphAttributesGeneratorNode .... 
Elapsed time: 76-77: total : 221 millisecs, iter cost : 14 mseconds

continuous_node_mapping.size() b5 : 582132, reverse_continuous_node_mapping size = 582132

Inside optimized buildOneNodeConnections...
Initial Free: 80104.5 MB / 81079.4 MB

[prepareGraph] num_vertices = 576368

[prepareGraph] edges = 2545396, offsets = 576369 (should be V+1 = 576369)

[prepareGraph] num_vertices = 576368

[prepareGraph] edges = 2545396, offsets = 576369 (should be V+1 = 576369)

Year 1999: 5764 new nodes, 111443 new edges

Elapsed time: 78-781 : total : 59.094 secs,  this iter cost : 3.772 seconds

Elapsed time: 78-79 : total : 60.035 secs, this iter cost : 3.827 seconds

updateNodeInDegreeOutDegree(year=1999): updated 5764 out-degrees, 72955 in-degrees
Elapsed time: 79-81 : total : 1.342 secs, this iter cost : 0 seconds

Elapsed time: 79-80 : total : 0.882 secs, this iter cost : 0 seconds

Elapsed time: 80-81 : total : 0.452 secs, this iter cost : 0 seconds

Elapsed time: 70-81 : total : 72.044 secs, this iter cost : 4 seconds

 Entering loop for year = 2000
Elapsed time: 70-71: total : 5.149 secs, iter cost : 0 seconds

Elapsed time: 71-72: total : 5.595 secs, iter cost : 0 seconds

Elapsed time: 72-73: total : 218 millisecs, iter cost : 13 mseconds

num_new_nodes = 5822, current_graph_size = 582132, growth rate = 0.010000 
Elapsed time: 73-74: total : 0 millisecs, iter cost : 0 mseconds

Elapsed time: 74-75: total : 67 millisecs, iter cost : 6 mseconds

all new nodes initialized with years and mapped. FillSameYearSourceNodes with new_nodes_vec.size() = 5822
checking same_year_source_nodes size.
Elapsed time: 75-76: total : 0 millisecs, iter cost : 0 mseconds

new_nodes_vec.size() b4 : 5822

updated  updateGraphAttributesGeneratorNode .... 
Elapsed time: 76-77: total : 235 millisecs, iter cost : 14 mseconds

continuous_node_mapping.size() b5 : 587954, reverse_continuous_node_mapping size = 587954

Inside optimized buildOneNodeConnections...
Initial Free: 80098.5 MB / 81079.4 MB

[prepareGraph] num_vertices = 582132

[prepareGraph] edges = 2656839, offsets = 582133 (should be V+1 = 582133)

[prepareGraph] num_vertices = 582132

[prepareGraph] edges = 2656839, offsets = 582133 (should be V+1 = 582133)

Year 2000: 5822 new nodes, 112776 new edges

Elapsed time: 78-781 : total : 64.41 secs,  this iter cost : 5.316 seconds

Elapsed time: 78-79 : total : 65.432 secs, this iter cost : 5.397 seconds

updateNodeInDegreeOutDegree(year=2000): updated 5822 out-degrees, 73218 in-degrees
Elapsed time: 79-81 : total : 1.421 secs, this iter cost : 0 seconds

Elapsed time: 79-80 : total : 0.931 secs, this iter cost : 0 seconds

Elapsed time: 80-81 : total : 0.481 secs, this iter cost : 0 seconds

Elapsed time: 70-81 : total : 78.174 secs, this iter cost : 6 seconds

 Entering loop for year = 2001
Elapsed time: 70-71: total : 5.447 secs, iter cost : 0 seconds

Elapsed time: 71-72: total : 5.921 secs, iter cost : 0 seconds

Elapsed time: 72-73: total : 231 millisecs, iter cost : 13 mseconds

num_new_nodes = 5880, current_graph_size = 587954, growth rate = 0.010000 
Elapsed time: 73-74: total : 0 millisecs, iter cost : 0 mseconds

Elapsed time: 74-75: total : 70 millisecs, iter cost : 3 mseconds

all new nodes initialized with years and mapped. FillSameYearSourceNodes with new_nodes_vec.size() = 5880
checking same_year_source_nodes size.
Elapsed time: 75-76: total : 0 millisecs, iter cost : 0 mseconds

new_nodes_vec.size() b4 : 5880

updated  updateGraphAttributesGeneratorNode .... 
Elapsed time: 76-77: total : 249 millisecs, iter cost : 14 mseconds

continuous_node_mapping.size() b5 : 593834, reverse_continuous_node_mapping size = 593834

Inside optimized buildOneNodeConnections...
Initial Free: 80092.5 MB / 81079.4 MB

[prepareGraph] num_vertices = 587954

[prepareGraph] edges = 2769615, offsets = 587955 (should be V+1 = 587955)

[prepareGraph] num_vertices = 587954

[prepareGraph] edges = 2769615, offsets = 587955 (should be V+1 = 587955)

Year 2001: 5880 new nodes, 114102 new edges

Elapsed time: 78-781 : total : 68.077 secs,  this iter cost : 3.667 seconds

Elapsed time: 78-79 : total : 69.154 secs, this iter cost : 3.722 seconds

updateNodeInDegreeOutDegree(year=2001): updated 5880 out-degrees, 73771 in-degrees
Elapsed time: 79-81 : total : 1.5 secs, this iter cost : 0 seconds

Elapsed time: 79-80 : total : 0.981 secs, this iter cost : 0 seconds

Elapsed time: 80-81 : total : 0.51 secs, this iter cost : 0 seconds

Elapsed time: 70-81 : total : 82.632 secs, this iter cost : 4 seconds

 Entering loop for year = 2002
Elapsed time: 70-71: total : 5.751 secs, iter cost : 0 seconds

Elapsed time: 71-72: total : 6.267 secs, iter cost : 0 seconds

Elapsed time: 72-73: total : 244 millisecs, iter cost : 13 mseconds

num_new_nodes = 5939, current_graph_size = 593834, growth rate = 0.010000 
Elapsed time: 73-74: total : 0 millisecs, iter cost : 0 mseconds

Elapsed time: 74-75: total : 73 millisecs, iter cost : 3 mseconds

all new nodes initialized with years and mapped. FillSameYearSourceNodes with new_nodes_vec.size() = 5939
checking same_year_source_nodes size.
Elapsed time: 75-76: total : 0 millisecs, iter cost : 0 mseconds

new_nodes_vec.size() b4 : 5939

updated  updateGraphAttributesGeneratorNode .... 
Elapsed time: 76-77: total : 263 millisecs, iter cost : 14 mseconds

continuous_node_mapping.size() b5 : 599773, reverse_continuous_node_mapping size = 599773

Inside optimized buildOneNodeConnections...
Initial Free: 80086.5 MB / 81079.4 MB

[prepareGraph] num_vertices = 593834

[prepareGraph] edges = 2883717, offsets = 593835 (should be V+1 = 593835)

[prepareGraph] num_vertices = 593834

[prepareGraph] edges = 2883717, offsets = 593835 (should be V+1 = 593835)

Year 2002: 5939 new nodes, 115367 new edges

Elapsed time: 78-781 : total : 72.779 secs,  this iter cost : 4.702 seconds

Elapsed time: 78-79 : total : 73.912 secs, this iter cost : 4.758 seconds

updateNodeInDegreeOutDegree(year=2002): updated 5939 out-degrees, 75302 in-degrees
Elapsed time: 79-81 : total : 1.583 secs, this iter cost : 0 seconds

Elapsed time: 79-80 : total : 1.034 secs, this iter cost : 0 seconds

Elapsed time: 80-81 : total : 0.539 secs, this iter cost : 0 seconds

Elapsed time: 70-81 : total : 88.158 secs, this iter cost : 5 seconds

 Entering loop for year = 2003
Elapsed time: 70-71: total : 6.053 secs, iter cost : 0 seconds

Elapsed time: 71-72: total : 6.602 secs, iter cost : 0 seconds

Elapsed time: 72-73: total : 259 millisecs, iter cost : 15 mseconds

num_new_nodes = 5998, current_graph_size = 599773, growth rate = 0.010000 
Elapsed time: 73-74: total : 0 millisecs, iter cost : 0 mseconds

Elapsed time: 74-75: total : 78 millisecs, iter cost : 5 mseconds

all new nodes initialized with years and mapped. FillSameYearSourceNodes with new_nodes_vec.size() = 5998
checking same_year_source_nodes size.
Elapsed time: 75-76: total : 0 millisecs, iter cost : 0 mseconds

new_nodes_vec.size() b4 : 5998

updated  updateGraphAttributesGeneratorNode .... 
Elapsed time: 76-77: total : 277 millisecs, iter cost : 14 mseconds

continuous_node_mapping.size() b5 : 605771, reverse_continuous_node_mapping size = 605771

Inside optimized buildOneNodeConnections...
Initial Free: 80080.5 MB / 81079.4 MB

[prepareGraph] num_vertices = 599773

[prepareGraph] edges = 2999084, offsets = 599774 (should be V+1 = 599774)

[prepareGraph] num_vertices = 599773

[prepareGraph] edges = 2999084, offsets = 599774 (should be V+1 = 599774)

Year 2003: 5998 new nodes, 116624 new edges

Elapsed time: 78-781 : total : 77.086 secs,  this iter cost : 4.307 seconds

Elapsed time: 78-79 : total : 78.297 secs, this iter cost : 4.385 seconds

updateNodeInDegreeOutDegree(year=2003): updated 5998 out-degrees, 75294 in-degrees
Elapsed time: 79-81 : total : 1.671 secs, this iter cost : 0 seconds

Elapsed time: 79-80 : total : 1.092 secs, this iter cost : 0 seconds

Elapsed time: 80-81 : total : 0.569 secs, this iter cost : 0 seconds

Elapsed time: 70-81 : total : 93.305 secs, this iter cost : 5 seconds

 Entering loop for year = 2004
Elapsed time: 70-71: total : 6.371 secs, iter cost : 0 seconds

Elapsed time: 71-72: total : 6.944 secs, iter cost : 0 seconds

Elapsed time: 72-73: total : 272 millisecs, iter cost : 13 mseconds

num_new_nodes = 6058, current_graph_size = 605771, growth rate = 0.010000 
Elapsed time: 73-74: total : 0 millisecs, iter cost : 0 mseconds

Elapsed time: 74-75: total : 82 millisecs, iter cost : 4 mseconds

all new nodes initialized with years and mapped. FillSameYearSourceNodes with new_nodes_vec.size() = 6058
checking same_year_source_nodes size.
Elapsed time: 75-76: total : 0 millisecs, iter cost : 0 mseconds

new_nodes_vec.size() b4 : 6058

updated  updateGraphAttributesGeneratorNode .... 
Elapsed time: 76-77: total : 292 millisecs, iter cost : 15 mseconds

continuous_node_mapping.size() b5 : 611829, reverse_continuous_node_mapping size = 611829

Inside optimized buildOneNodeConnections...
Initial Free: 79968.5 MB / 81079.4 MB

[prepareGraph] num_vertices = 605771

[prepareGraph] edges = 3115708, offsets = 605772 (should be V+1 = 605772)

[prepareGraph] num_vertices = 605771

[prepareGraph] edges = 3115708, offsets = 605772 (should be V+1 = 605772)

Year 2004: 6058 new nodes, 117860 new edges

Elapsed time: 78-781 : total : 81.891 secs,  this iter cost : 4.805 seconds

Elapsed time: 78-79 : total : 83.165 secs, this iter cost : 4.868 seconds

updateNodeInDegreeOutDegree(year=2004): updated 6058 out-degrees, 76605 in-degrees
Elapsed time: 79-81 : total : 1.756 secs, this iter cost : 0 seconds

Elapsed time: 79-80 : total : 1.147 secs, this iter cost : 0 seconds

Elapsed time: 80-81 : total : 0.599 secs, this iter cost : 0 seconds

Elapsed time: 70-81 : total : 98.953 secs, this iter cost : 5 seconds

 Entering loop for year = 2005
Elapsed time: 70-71: total : 6.675 secs, iter cost : 0 seconds

Elapsed time: 71-72: total : 7.283 secs, iter cost : 0 seconds

Elapsed time: 72-73: total : 286 millisecs, iter cost : 14 mseconds

num_new_nodes = 6119, current_graph_size = 611829, growth rate = 0.010000 
Elapsed time: 73-74: total : 0 millisecs, iter cost : 0 mseconds

Elapsed time: 74-75: total : 88 millisecs, iter cost : 6 mseconds

all new nodes initialized with years and mapped. FillSameYearSourceNodes with new_nodes_vec.size() = 6119
checking same_year_source_nodes size.
Elapsed time: 75-76: total : 0 millisecs, iter cost : 0 mseconds

new_nodes_vec.size() b4 : 6119

updated  updateGraphAttributesGeneratorNode .... 
Elapsed time: 76-77: total : 307 millisecs, iter cost : 15 mseconds

continuous_node_mapping.size() b5 : 617948, reverse_continuous_node_mapping size = 617948

Inside optimized buildOneNodeConnections...
Initial Free: 79928.5 MB / 81079.4 MB

[prepareGraph] num_vertices = 611829

[prepareGraph] edges = 3233568, offsets = 611830 (should be V+1 = 611830)

[prepareGraph] num_vertices = 611829

[prepareGraph] edges = 3233568, offsets = 611830 (should be V+1 = 611830)

Year 2005: 6119 new nodes, 119286 new edges

Elapsed time: 78-781 : total : 86.492 secs,  this iter cost : 4.601 seconds

Elapsed time: 78-79 : total : 87.825 secs, this iter cost : 4.66 seconds

updateNodeInDegreeOutDegree(year=2005): updated 6119 out-degrees, 77478 in-degrees
Elapsed time: 79-81 : total : 1.839 secs, this iter cost : 0 seconds

Elapsed time: 79-80 : total : 1.199 secs, this iter cost : 0 seconds

Elapsed time: 80-81 : total : 0.629 secs, this iter cost : 0 seconds

Elapsed time: 70-81 : total : 104.376 secs, this iter cost : 5 seconds

 Entering loop for year = 2006
Elapsed time: 70-71: total : 6.988 secs, iter cost : 0 seconds

Elapsed time: 71-72: total : 7.633 secs, iter cost : 0 seconds

Elapsed time: 72-73: total : 300 millisecs, iter cost : 14 mseconds

num_new_nodes = 6180, current_graph_size = 617948, growth rate = 0.010000 
Elapsed time: 73-74: total : 0 millisecs, iter cost : 0 mseconds

Elapsed time: 74-75: total : 92 millisecs, iter cost : 4 mseconds

all new nodes initialized with years and mapped. FillSameYearSourceNodes with new_nodes_vec.size() = 6180
checking same_year_source_nodes size.
Elapsed time: 75-76: total : 0 millisecs, iter cost : 0 mseconds

new_nodes_vec.size() b4 : 6180

updated  updateGraphAttributesGeneratorNode .... 
Elapsed time: 76-77: total : 322 millisecs, iter cost : 15 mseconds

continuous_node_mapping.size() b5 : 624128, reverse_continuous_node_mapping size = 624128

Inside optimized buildOneNodeConnections...
Initial Free: 79922.5 MB / 81079.4 MB

[prepareGraph] num_vertices = 617948

[prepareGraph] edges = 3352854, offsets = 617949 (should be V+1 = 617949)

[prepareGraph] num_vertices = 617948

[prepareGraph] edges = 3352854, offsets = 617949 (should be V+1 = 617949)

Year 2006: 6180 new nodes, 120994 new edges

Elapsed time: 78-781 : total : 91.193 secs,  this iter cost : 4.701 seconds

Elapsed time: 78-79 : total : 92.586 secs, this iter cost : 4.761 seconds

updateNodeInDegreeOutDegree(year=2006): updated 6180 out-degrees, 77924 in-degrees
Elapsed time: 79-81 : total : 1.922 secs, this iter cost : 0 seconds

Elapsed time: 79-80 : total : 1.251 secs, this iter cost : 0 seconds

Elapsed time: 80-81 : total : 0.659 secs, this iter cost : 0 seconds

Elapsed time: 70-81 : total : 109.919 secs, this iter cost : 5 seconds

 Entering loop for year = 2007
Elapsed time: 70-71: total : 7.304 secs, iter cost : 0 seconds

Elapsed time: 71-72: total : 7.995 secs, iter cost : 0 seconds

Elapsed time: 72-73: total : 314 millisecs, iter cost : 14 mseconds

num_new_nodes = 6242, current_graph_size = 624128, growth rate = 0.010000 
Elapsed time: 73-74: total : 0 millisecs, iter cost : 0 mseconds

Elapsed time: 74-75: total : 98 millisecs, iter cost : 6 mseconds

all new nodes initialized with years and mapped. FillSameYearSourceNodes with new_nodes_vec.size() = 6242
checking same_year_source_nodes size.
Elapsed time: 75-76: total : 0 millisecs, iter cost : 0 mseconds

new_nodes_vec.size() b4 : 6242

updated  updateGraphAttributesGeneratorNode .... 
Elapsed time: 76-77: total : 337 millisecs, iter cost : 15 mseconds

continuous_node_mapping.size() b5 : 630370, reverse_continuous_node_mapping size = 630370

Inside optimized buildOneNodeConnections...
Initial Free: 79916.5 MB / 81079.4 MB

[prepareGraph] num_vertices = 624128

[prepareGraph] edges = 3473848, offsets = 624129 (should be V+1 = 624129)

[prepareGraph] num_vertices = 624128

[prepareGraph] edges = 3473848, offsets = 624129 (should be V+1 = 624129)

Year 2007: 6242 new nodes, 122160 new edges

Elapsed time: 78-781 : total : 95.745 secs,  this iter cost : 4.552 seconds

Elapsed time: 78-79 : total : 97.198 secs, this iter cost : 4.612 seconds

updateNodeInDegreeOutDegree(year=2007): updated 6242 out-degrees, 78951 in-degrees
Elapsed time: 79-81 : total : 2.003 secs, this iter cost : 0 seconds

Elapsed time: 79-80 : total : 1.301 secs, this iter cost : 0 seconds

Elapsed time: 80-81 : total : 0.69 secs, this iter cost : 0 seconds

Elapsed time: 70-81 : total : 115.328 secs, this iter cost : 5 seconds

 Entering loop for year = 2008
Elapsed time: 70-71: total : 7.616 secs, iter cost : 0 seconds

Elapsed time: 71-72: total : 8.35 secs, iter cost : 0 seconds

Elapsed time: 72-73: total : 328 millisecs, iter cost : 14 mseconds

num_new_nodes = 6304, current_graph_size = 630370, growth rate = 0.010000 
Elapsed time: 73-74: total : 0 millisecs, iter cost : 0 mseconds

Elapsed time: 74-75: total : 102 millisecs, iter cost : 4 mseconds

all new nodes initialized with years and mapped. FillSameYearSourceNodes with new_nodes_vec.size() = 6304
checking same_year_source_nodes size.
Elapsed time: 75-76: total : 0 millisecs, iter cost : 0 mseconds

new_nodes_vec.size() b4 : 6304

updated  updateGraphAttributesGeneratorNode .... 
Elapsed time: 76-77: total : 352 millisecs, iter cost : 15 mseconds

continuous_node_mapping.size() b5 : 636674, reverse_continuous_node_mapping size = 636674

Inside optimized buildOneNodeConnections...
Initial Free: 79860.5 MB / 81079.4 MB

[prepareGraph] num_vertices = 630370

[prepareGraph] edges = 3596008, offsets = 630371 (should be V+1 = 630371)

[prepareGraph] num_vertices = 630370

[prepareGraph] edges = 3596008, offsets = 630371 (should be V+1 = 630371)

Year 2008: 6304 new nodes, 123789 new edges

Elapsed time: 78-781 : total : 100.286 secs,  this iter cost : 4.541 seconds

Elapsed time: 78-79 : total : 101.839 secs, this iter cost : 4.641 seconds

updateNodeInDegreeOutDegree(year=2008): updated 6304 out-degrees, 78820 in-degrees
Elapsed time: 79-81 : total : 2.086 secs, this iter cost : 0 seconds

Elapsed time: 79-80 : total : 1.352 secs, this iter cost : 0 seconds

Elapsed time: 80-81 : total : 0.721 secs, this iter cost : 0 seconds

Elapsed time: 70-81 : total : 120.755 secs, this iter cost : 5 seconds

 Entering loop for year = 2009
Elapsed time: 70-71: total : 7.927 secs, iter cost : 0 seconds

Elapsed time: 71-72: total : 8.691 secs, iter cost : 0 seconds

Elapsed time: 72-73: total : 342 millisecs, iter cost : 14 mseconds

num_new_nodes = 6367, current_graph_size = 636674, growth rate = 0.010000 
Elapsed time: 73-74: total : 0 millisecs, iter cost : 0 mseconds

Elapsed time: 74-75: total : 105 millisecs, iter cost : 3 mseconds

all new nodes initialized with years and mapped. FillSameYearSourceNodes with new_nodes_vec.size() = 6367
checking same_year_source_nodes size.
Elapsed time: 75-76: total : 0 millisecs, iter cost : 0 mseconds

new_nodes_vec.size() b4 : 6367

updated  updateGraphAttributesGeneratorNode .... 
Elapsed time: 76-77: total : 367 millisecs, iter cost : 15 mseconds

continuous_node_mapping.size() b5 : 643041, reverse_continuous_node_mapping size = 643041

Inside optimized buildOneNodeConnections...
Initial Free: 79852.5 MB / 81079.4 MB

[prepareGraph] num_vertices = 636674

[prepareGraph] edges = 3719797, offsets = 636675 (should be V+1 = 636675)

[prepareGraph] num_vertices = 636674

[prepareGraph] edges = 3719797, offsets = 636675 (should be V+1 = 636675)

Year 2009: 6367 new nodes, 125171 new edges

Elapsed time: 78-781 : total : 105.149 secs,  this iter cost : 4.863 seconds

Elapsed time: 78-79 : total : 106.766 secs, this iter cost : 4.927 seconds

updateNodeInDegreeOutDegree(year=2009): updated 6367 out-degrees, 80495 in-degrees
Elapsed time: 79-81 : total : 2.172 secs, this iter cost : 0 seconds

Elapsed time: 79-80 : total : 1.406 secs, this iter cost : 0 seconds

Elapsed time: 80-81 : total : 0.752 secs, this iter cost : 0 seconds

Elapsed time: 70-81 : total : 126.456 secs, this iter cost : 5 seconds

 Entering loop for year = 2010
Elapsed time: 70-71: total : 8.249 secs, iter cost : 0 seconds

Elapsed time: 71-72: total : 9.051 secs, iter cost : 0 seconds

Elapsed time: 72-73: total : 356 millisecs, iter cost : 14 mseconds

num_new_nodes = 6431, current_graph_size = 643041, growth rate = 0.010000 
Elapsed time: 73-74: total : 0 millisecs, iter cost : 0 mseconds

Elapsed time: 74-75: total : 111 millisecs, iter cost : 6 mseconds

all new nodes initialized with years and mapped. FillSameYearSourceNodes with new_nodes_vec.size() = 6431
checking same_year_source_nodes size.
Elapsed time: 75-76: total : 0 millisecs, iter cost : 0 mseconds

new_nodes_vec.size() b4 : 6431

updated  updateGraphAttributesGeneratorNode .... 
Elapsed time: 76-77: total : 382 millisecs, iter cost : 15 mseconds

continuous_node_mapping.size() b5 : 649472, reverse_continuous_node_mapping size = 649472

Inside optimized buildOneNodeConnections...
Initial Free: 79846.5 MB / 81079.4 MB

[prepareGraph] num_vertices = 643041

[prepareGraph] edges = 3844968, offsets = 643042 (should be V+1 = 643042)

[prepareGraph] num_vertices = 643041

[prepareGraph] edges = 3844968, offsets = 643042 (should be V+1 = 643042)

Year 2010: 6431 new nodes, 126520 new edges

Elapsed time: 78-781 : total : 109.993 secs,  this iter cost : 4.844 seconds

Elapsed time: 78-79 : total : 111.672 secs, this iter cost : 4.906 seconds

updateNodeInDegreeOutDegree(year=2010): updated 6431 out-degrees, 81645 in-degrees
Elapsed time: 79-81 : total : 2.259 secs, this iter cost : 0 seconds

Elapsed time: 79-80 : total : 1.46 secs, this iter cost : 0 seconds

Elapsed time: 80-81 : total : 0.784 secs, this iter cost : 0 seconds

Elapsed time: 70-81 : total : 132.17 secs, this iter cost : 5 seconds

 Entering loop for year = 2011
Elapsed time: 70-71: total : 8.561 secs, iter cost : 0 seconds

Elapsed time: 71-72: total : 9.403 secs, iter cost : 0 seconds

Elapsed time: 72-73: total : 371 millisecs, iter cost : 15 mseconds

num_new_nodes = 6495, current_graph_size = 649472, growth rate = 0.010000 
Elapsed time: 73-74: total : 0 millisecs, iter cost : 0 mseconds

Elapsed time: 74-75: total : 115 millisecs, iter cost : 4 mseconds

all new nodes initialized with years and mapped. FillSameYearSourceNodes with new_nodes_vec.size() = 6495
checking same_year_source_nodes size.
Elapsed time: 75-76: total : 0 millisecs, iter cost : 0 mseconds

new_nodes_vec.size() b4 : 6495

updated  updateGraphAttributesGeneratorNode .... 
Elapsed time: 76-77: total : 398 millisecs, iter cost : 16 mseconds

continuous_node_mapping.size() b5 : 655967, reverse_continuous_node_mapping size = 655967

Inside optimized buildOneNodeConnections...
Initial Free: 79838.5 MB / 81079.4 MB

[prepareGraph] num_vertices = 649472

[prepareGraph] edges = 3971488, offsets = 649473 (should be V+1 = 649473)

[prepareGraph] num_vertices = 649472

[prepareGraph] edges = 3971488, offsets = 649473 (should be V+1 = 649473)

Year 2011: 6495 new nodes, 127695 new edges

Elapsed time: 78-781 : total : 115.344 secs,  this iter cost : 5.351 seconds

Elapsed time: 78-79 : total : 117.084 secs, this iter cost : 5.412 seconds

updateNodeInDegreeOutDegree(year=2011): updated 6495 out-degrees, 82202 in-degrees
Elapsed time: 79-81 : total : 2.345 secs, this iter cost : 0 seconds

Elapsed time: 79-80 : total : 1.513 secs, this iter cost : 0 seconds

Elapsed time: 80-81 : total : 0.816 secs, this iter cost : 0 seconds

Elapsed time: 70-81 : total : 138.369 secs, this iter cost : 6 seconds

 Entering loop for year = 2012
Elapsed time: 70-71: total : 8.87 secs, iter cost : 0 seconds

Elapsed time: 71-72: total : 9.754 secs, iter cost : 0 seconds

Elapsed time: 72-73: total : 387 millisecs, iter cost : 16 mseconds

num_new_nodes = 6560, current_graph_size = 655967, growth rate = 0.010000 
Elapsed time: 73-74: total : 0 millisecs, iter cost : 0 mseconds

Elapsed time: 74-75: total : 119 millisecs, iter cost : 4 mseconds

all new nodes initialized with years and mapped. FillSameYearSourceNodes with new_nodes_vec.size() = 6560
checking same_year_source_nodes size.
Elapsed time: 75-76: total : 0 millisecs, iter cost : 0 mseconds

new_nodes_vec.size() b4 : 6560

updated  updateGraphAttributesGeneratorNode .... 
Elapsed time: 76-77: total : 414 millisecs, iter cost : 16 mseconds

continuous_node_mapping.size() b5 : 662527, reverse_continuous_node_mapping size = 662527

Inside optimized buildOneNodeConnections...
Initial Free: 79710.5 MB / 81079.4 MB

[prepareGraph] num_vertices = 655967

[prepareGraph] edges = 4099183, offsets = 655968 (should be V+1 = 655968)

[prepareGraph] num_vertices = 655967

[prepareGraph] edges = 4099183, offsets = 655968 (should be V+1 = 655968)

Year 2012: 6560 new nodes, 129108 new edges

Elapsed time: 78-781 : total : 120.274 secs,  this iter cost : 4.93 seconds

Elapsed time: 78-79 : total : 122.098 secs, this iter cost : 5.014 seconds

updateNodeInDegreeOutDegree(year=2012): updated 6560 out-degrees, 82566 in-degrees
Elapsed time: 79-81 : total : 2.444 secs, this iter cost : 0 seconds

Elapsed time: 79-80 : total : 1.579 secs, this iter cost : 0 seconds

Elapsed time: 80-81 : total : 0.848 secs, this iter cost : 0 seconds

Elapsed time: 70-81 : total : 144.18 secs, this iter cost : 5 seconds

Elapsed time: 7-8 :  144 seconds

compute done:: graph size = 662527
Elapsed time: 8-8.1 :  0 seconds

Writing Graph to file: ./output/30y/gpu-opt-static-output-30y-1p.edgelist

Elapsed time: 8.1-9 :  0 seconds

Elapsed time: 9-10 :  0 seconds

 graph size = 662527
WriteAttributes: graph size = 662527

Elapsed time: 0-1 : 3 seconds

Elapsed time: 1-4 : 0 seconds

Elapsed time: 4-7 : 0 seconds

Elapsed time: 70-71: total : 8.87 seconds.

Elapsed time: 71-72: total : 9.754 seconds.

Elapsed time: 72-73: total : 0.387 seconds.

Elapsed time: 73-74: total : 0 seconds.

Elapsed time: 74-75: total : 0.119 seconds.

Elapsed time: 75-76: total : 0 seconds.

Elapsed time: 76-77: total : 0.414 seconds.

Elapsed time: 77-79: total : 122.098 seconds.

Elapsed time: 79-81 : total : 2.444 seconds.

Elapsed time: 79-80 : total : 1.579 seconds.

Elapsed time: 80-81 : total : 0.848 seconds.

Elapsed time: 70-81 : total : 144.18 seconds.

Elapsed time: 7-8 : 144 seconds

Elapsed time: 8-8.1 :  0 seconds

Elapsed time: 8.1-9 :  0 seconds

Elapsed time: 9-10 : 0 seconds

Elapsed time: 11-12 : 0 seconds

Elapsed time: 10-12 : 1 seconds

Elapsed time: 0-7 : 3 seconds

Elapsed time: 7-8 : 144 seconds

Elapsed time: 8-12 : 1 seconds

E2E Time for num_cycles = 30 with growth_rate = 1 % = 151 seconds.
Generating '/tmp/nsys-report-d9f0.qdstrm'
[1/7] [0%                          ] nsys-pa-30y-1p.nsys-rep[1/7] [0%                          ] nsys-pa-30y-1p.nsys-rep[1/7] [8%                          ] nsys-pa-30y-1p.nsys-rep[1/7] [7%                          ] nsys-pa-30y-1p.nsys-rep[1/7] [8%                          ] nsys-pa-30y-1p.nsys-rep[1/7] [12%                         ] nsys-pa-30y-1p.nsys-rep[1/7] [14%                         ] nsys-pa-30y-1p.nsys-rep[1/7] [13%                         ] nsys-pa-30y-1p.nsys-rep[1/7] [12%                         ] nsys-pa-30y-1p.nsys-rep[1/7] [14%                         ] nsys-pa-30y-1p.nsys-rep[1/7] [=17%                        ] nsys-pa-30y-1p.nsys-rep[1/7] [=16%                        ] nsys-pa-30y-1p.nsys-rep[1/7] [=15%                        ] nsys-pa-30y-1p.nsys-rep[1/7] [=17%                        ] nsys-pa-30y-1p.nsys-rep[1/7] [=16%                        ] nsys-pa-30y-1p.nsys-rep[1/7] [==18%                       ] nsys-pa-30y-1p.nsys-rep[1/7] [==19%                       ] nsys-pa-30y-1p.nsys-rep[1/7] [==18%                       ] nsys-pa-30y-1p.nsys-rep[1/7] [=17%                        ] nsys-pa-30y-1p.nsys-rep[1/7] [==19%                       ] nsys-pa-30y-1p.nsys-rep[1/7] [==18%                       ] nsys-pa-30y-1p.nsys-rep[1/7] [==20%                       ] nsys-pa-30y-1p.nsys-rep[1/7] [==21%                       ] nsys-pa-30y-1p.nsys-rep[1/7] [==20%                       ] nsys-pa-30y-1p.nsys-rep[1/7] [==21%                       ] nsys-pa-30y-1p.nsys-rep[1/7] [==20%                       ] nsys-pa-30y-1p.nsys-rep[1/7] [==19%                       ] nsys-pa-30y-1p.nsys-rep[1/7] [==18%                       ] nsys-pa-30y-1p.nsys-rep[1/7] [=17%                        ] nsys-pa-30y-1p.nsys-rep[1/7] [=16%                        ] nsys-pa-30y-1p.nsys-rep[1/7] [=15%                        ] nsys-pa-30y-1p.nsys-rep[1/7] [14%                         ] nsys-pa-30y-1p.nsys-rep[1/7] [13%                         ] nsys-pa-30y-1p.nsys-rep[1/7] [12%                         ] nsys-pa-30y-1p.nsys-rep[1/7] [11%                         ] nsys-pa-30y-1p.nsys-rep[1/7] [10%                         ] nsys-pa-30y-1p.nsys-rep[1/7] [9%                          ] nsys-pa-30y-1p.nsys-rep[1/7] [8%                          ] nsys-pa-30y-1p.nsys-rep[1/7] [7%                          ] nsys-pa-30y-1p.nsys-rep[1/7] [6%                          ] nsys-pa-30y-1p.nsys-rep[1/7] [5%                          ] nsys-pa-30y-1p.nsys-rep[1/7] [5%                          ] nsys-pa-30y-1p.nsys-rep[1/7] [6%                          ] nsys-pa-30y-1p.nsys-rep[1/7] [7%                          ] nsys-pa-30y-1p.nsys-rep[1/7] [8%                          ] nsys-pa-30y-1p.nsys-rep[1/7] [9%                          ] nsys-pa-30y-1p.nsys-rep[1/7] [10%                         ] nsys-pa-30y-1p.nsys-rep[1/7] [11%                         ] nsys-pa-30y-1p.nsys-rep[1/7] [12%                         ] nsys-pa-30y-1p.nsys-rep[1/7] [13%                         ] nsys-pa-30y-1p.nsys-rep[1/7] [14%                         ] nsys-pa-30y-1p.nsys-rep[1/7] [=15%                        ] nsys-pa-30y-1p.nsys-rep[1/7] [=16%                        ] nsys-pa-30y-1p.nsys-rep[1/7] [=17%                        ] nsys-pa-30y-1p.nsys-rep[1/7] [==18%                       ] nsys-pa-30y-1p.nsys-rep[1/7] [==19%                       ] nsys-pa-30y-1p.nsys-rep[1/7] [==20%                       ] nsys-pa-30y-1p.nsys-rep[1/7] [==21%                       ] nsys-pa-30y-1p.nsys-rep[1/7] [===22%                      ] nsys-pa-30y-1p.nsys-rep[1/7] [===23%                      ] nsys-pa-30y-1p.nsys-rep[1/7] [===24%                      ] nsys-pa-30y-1p.nsys-rep[1/7] [====25%                     ] nsys-pa-30y-1p.nsys-rep[1/7] [====26%                     ] nsys-pa-30y-1p.nsys-rep[1/7] [====27%                     ] nsys-pa-30y-1p.nsys-rep[1/7] [====28%                     ] nsys-pa-30y-1p.nsys-rep[1/7] [=====29%                    ] nsys-pa-30y-1p.nsys-rep[1/7] [=====30%                    ] nsys-pa-30y-1p.nsys-rep[1/7] [=====31%                    ] nsys-pa-30y-1p.nsys-rep[1/7] [=====32%                    ] nsys-pa-30y-1p.nsys-rep[1/7] [======33%                   ] nsys-pa-30y-1p.nsys-rep[1/7] [======34%                   ] nsys-pa-30y-1p.nsys-rep[1/7] [======35%                   ] nsys-pa-30y-1p.nsys-rep[1/7] [=======36%                  ] nsys-pa-30y-1p.nsys-rep[1/7] [=======37%                  ] nsys-pa-30y-1p.nsys-rep[1/7] [=======38%                  ] nsys-pa-30y-1p.nsys-rep[1/7] [=======39%                  ] nsys-pa-30y-1p.nsys-rep[1/7] [========40%                 ] nsys-pa-30y-1p.nsys-rep[1/7] [========41%                 ] nsys-pa-30y-1p.nsys-rep[1/7] [========42%                 ] nsys-pa-30y-1p.nsys-rep[1/7] [=========43%                ] nsys-pa-30y-1p.nsys-rep[1/7] [=========44%                ] nsys-pa-30y-1p.nsys-rep[1/7] [=========45%                ] nsys-pa-30y-1p.nsys-rep[1/7] [=========46%                ] nsys-pa-30y-1p.nsys-rep[1/7] [==========47%               ] nsys-pa-30y-1p.nsys-rep[1/7] [==========48%               ] nsys-pa-30y-1p.nsys-rep[1/7] [==========49%               ] nsys-pa-30y-1p.nsys-rep[1/7] [===========50%              ] nsys-pa-30y-1p.nsys-rep[1/7] [===========51%              ] nsys-pa-30y-1p.nsys-rep[1/7] [===========52%              ] nsys-pa-30y-1p.nsys-rep[1/7] [===========53%              ] nsys-pa-30y-1p.nsys-rep[1/7] [============54%             ] nsys-pa-30y-1p.nsys-rep[1/7] [============55%             ] nsys-pa-30y-1p.nsys-rep[1/7] [============56%             ] nsys-pa-30y-1p.nsys-rep[1/7] [============57%             ] nsys-pa-30y-1p.nsys-rep[1/7] [=============58%            ] nsys-pa-30y-1p.nsys-rep[1/7] [=============59%            ] nsys-pa-30y-1p.nsys-rep[1/7] [=============60%            ] nsys-pa-30y-1p.nsys-rep[1/7] [==============61%           ] nsys-pa-30y-1p.nsys-rep[1/7] [==============62%           ] nsys-pa-30y-1p.nsys-rep[1/7] [==============63%           ] nsys-pa-30y-1p.nsys-rep[1/7] [==============64%           ] nsys-pa-30y-1p.nsys-rep[1/7] [===============65%          ] nsys-pa-30y-1p.nsys-rep[1/7] [===============66%          ] nsys-pa-30y-1p.nsys-rep[1/7] [===============67%          ] nsys-pa-30y-1p.nsys-rep[1/7] [================68%         ] nsys-pa-30y-1p.nsys-rep[1/7] [================69%         ] nsys-pa-30y-1p.nsys-rep[1/7] [================70%         ] nsys-pa-30y-1p.nsys-rep[1/7] [================71%         ] nsys-pa-30y-1p.nsys-rep[1/7] [=================72%        ] nsys-pa-30y-1p.nsys-rep[1/7] [=================73%        ] nsys-pa-30y-1p.nsys-rep[1/7] [=================74%        ] nsys-pa-30y-1p.nsys-rep[1/7] [==================75%       ] nsys-pa-30y-1p.nsys-rep[1/7] [==================76%       ] nsys-pa-30y-1p.nsys-rep[1/7] [==================77%       ] nsys-pa-30y-1p.nsys-rep[1/7] [==================78%       ] nsys-pa-30y-1p.nsys-rep[1/7] [===================79%      ] nsys-pa-30y-1p.nsys-rep[1/7] [===================80%      ] nsys-pa-30y-1p.nsys-rep[1/7] [===================81%      ] nsys-pa-30y-1p.nsys-rep[1/7] [===================82%      ] nsys-pa-30y-1p.nsys-rep[1/7] [====================83%     ] nsys-pa-30y-1p.nsys-rep[1/7] [====================84%     ] nsys-pa-30y-1p.nsys-rep[1/7] [====================85%     ] nsys-pa-30y-1p.nsys-rep[1/7] [========================100%] nsys-pa-30y-1p.nsys-rep[1/7] [========================100%] nsys-pa-30y-1p.nsys-rep
[2/7] [0%                          ] nsys-pa-30y-1p.sqlite[2/7] [1%                          ] nsys-pa-30y-1p.sqlite[2/7] [2%                          ] nsys-pa-30y-1p.sqlite[2/7] [3%                          ] nsys-pa-30y-1p.sqlite[2/7] [4%                          ] nsys-pa-30y-1p.sqlite[2/7] [5%                          ] nsys-pa-30y-1p.sqlite[2/7] [6%                          ] nsys-pa-30y-1p.sqlite[2/7] [7%                          ] nsys-pa-30y-1p.sqlite[2/7] [8%                          ] nsys-pa-30y-1p.sqlite[2/7] [9%                          ] nsys-pa-30y-1p.sqlite[2/7] [10%                         ] nsys-pa-30y-1p.sqlite[2/7] [11%                         ] nsys-pa-30y-1p.sqlite[2/7] [12%                         ] nsys-pa-30y-1p.sqlite[2/7] [13%                         ] nsys-pa-30y-1p.sqlite[2/7] [14%                         ] nsys-pa-30y-1p.sqlite[2/7] [=15%                        ] nsys-pa-30y-1p.sqlite[2/7] [=16%                        ] nsys-pa-30y-1p.sqlite[2/7] [=17%                        ] nsys-pa-30y-1p.sqlite[2/7] [==18%                       ] nsys-pa-30y-1p.sqlite[2/7] [==19%                       ] nsys-pa-30y-1p.sqlite[2/7] [==20%                       ] nsys-pa-30y-1p.sqlite[2/7] [==21%                       ] nsys-pa-30y-1p.sqlite[2/7] [===22%                      ] nsys-pa-30y-1p.sqlite[2/7] [===23%                      ] nsys-pa-30y-1p.sqlite[2/7] [===24%                      ] nsys-pa-30y-1p.sqlite[2/7] [====25%                     ] nsys-pa-30y-1p.sqlite[2/7] [====26%                     ] nsys-pa-30y-1p.sqlite[2/7] [====27%                     ] nsys-pa-30y-1p.sqlite[2/7] [====28%                     ] nsys-pa-30y-1p.sqlite[2/7] [=====29%                    ] nsys-pa-30y-1p.sqlite[2/7] [=====30%                    ] nsys-pa-30y-1p.sqlite[2/7] [=====31%                    ] nsys-pa-30y-1p.sqlite[2/7] [=====32%                    ] nsys-pa-30y-1p.sqlite[2/7] [======33%                   ] nsys-pa-30y-1p.sqlite[2/7] [======34%                   ] nsys-pa-30y-1p.sqlite[2/7] [======35%                   ] nsys-pa-30y-1p.sqlite[2/7] [=======36%                  ] nsys-pa-30y-1p.sqlite[2/7] [=======37%                  ] nsys-pa-30y-1p.sqlite[2/7] [=======38%                  ] nsys-pa-30y-1p.sqlite[2/7] [=======39%                  ] nsys-pa-30y-1p.sqlite[2/7] [========40%                 ] nsys-pa-30y-1p.sqlite[2/7] [========41%                 ] nsys-pa-30y-1p.sqlite[2/7] [========42%                 ] nsys-pa-30y-1p.sqlite[2/7] [=========43%                ] nsys-pa-30y-1p.sqlite[2/7] [=========44%                ] nsys-pa-30y-1p.sqlite[2/7] [=========45%                ] nsys-pa-30y-1p.sqlite[2/7] [=========46%                ] nsys-pa-30y-1p.sqlite[2/7] [==========47%               ] nsys-pa-30y-1p.sqlite[2/7] [==========48%               ] nsys-pa-30y-1p.sqlite[2/7] [==========49%               ] nsys-pa-30y-1p.sqlite[2/7] [===========50%              ] nsys-pa-30y-1p.sqlite[2/7] [===========51%              ] nsys-pa-30y-1p.sqlite[2/7] [===========52%              ] nsys-pa-30y-1p.sqlite[2/7] [===========53%              ] nsys-pa-30y-1p.sqlite[2/7] [============54%             ] nsys-pa-30y-1p.sqlite[2/7] [============55%             ] nsys-pa-30y-1p.sqlite[2/7] [============56%             ] nsys-pa-30y-1p.sqlite[2/7] [============57%             ] nsys-pa-30y-1p.sqlite[2/7] [=============58%            ] nsys-pa-30y-1p.sqlite[2/7] [=============59%            ] nsys-pa-30y-1p.sqlite[2/7] [=============60%            ] nsys-pa-30y-1p.sqlite[2/7] [==============61%           ] nsys-pa-30y-1p.sqlite[2/7] [==============62%           ] nsys-pa-30y-1p.sqlite[2/7] [==============63%           ] nsys-pa-30y-1p.sqlite[2/7] [==============64%           ] nsys-pa-30y-1p.sqlite[2/7] [===============65%          ] nsys-pa-30y-1p.sqlite[2/7] [===============66%          ] nsys-pa-30y-1p.sqlite[2/7] [===============67%          ] nsys-pa-30y-1p.sqlite[2/7] [================68%         ] nsys-pa-30y-1p.sqlite[2/7] [================69%         ] nsys-pa-30y-1p.sqlite[2/7] [================70%         ] nsys-pa-30y-1p.sqlite[2/7] [================71%         ] nsys-pa-30y-1p.sqlite[2/7] [=================72%        ] nsys-pa-30y-1p.sqlite[2/7] [=================73%        ] nsys-pa-30y-1p.sqlite[2/7] [=================74%        ] nsys-pa-30y-1p.sqlite[2/7] [==================75%       ] nsys-pa-30y-1p.sqlite[2/7] [==================76%       ] nsys-pa-30y-1p.sqlite[2/7] [==================77%       ] nsys-pa-30y-1p.sqlite[2/7] [==================78%       ] nsys-pa-30y-1p.sqlite[2/7] [===================79%      ] nsys-pa-30y-1p.sqlite[2/7] [===================80%      ] nsys-pa-30y-1p.sqlite[2/7] [===================81%      ] nsys-pa-30y-1p.sqlite[2/7] [===================82%      ] nsys-pa-30y-1p.sqlite[2/7] [====================83%     ] nsys-pa-30y-1p.sqlite[2/7] [====================84%     ] nsys-pa-30y-1p.sqlite[2/7] [====================85%     ] nsys-pa-30y-1p.sqlite[2/7] [=====================86%    ] nsys-pa-30y-1p.sqlite[2/7] [=====================87%    ] nsys-pa-30y-1p.sqlite[2/7] [=====================88%    ] nsys-pa-30y-1p.sqlite[2/7] [=====================89%    ] nsys-pa-30y-1p.sqlite[2/7] [======================90%   ] nsys-pa-30y-1p.sqlite[2/7] [======================91%   ] nsys-pa-30y-1p.sqlite[2/7] [======================92%   ] nsys-pa-30y-1p.sqlite[2/7] [=======================93%  ] nsys-pa-30y-1p.sqlite[2/7] [=======================94%  ] nsys-pa-30y-1p.sqlite[2/7] [=======================95%  ] nsys-pa-30y-1p.sqlite[2/7] [=======================96%  ] nsys-pa-30y-1p.sqlite[2/7] [========================97% ] nsys-pa-30y-1p.sqlite[2/7] [========================98% ] nsys-pa-30y-1p.sqlite[2/7] [========================99% ] nsys-pa-30y-1p.sqlite[2/7] [========================100%] nsys-pa-30y-1p.sqlite[2/7] [========================100%] nsys-pa-30y-1p.sqlite
[3/7] Executing 'nvtx_sum' stats report

 Time (%)  Total Time (ns)  Instances  Avg (ns)  Med (ns)  Min (ns)  Max (ns)  StdDev (ns)   Style              Range            
 --------  ---------------  ---------  --------  --------  --------  --------  -----------  -------  ----------------------------
     99.6      805,224,106    171,055   4,707.4   4,541.0     4,213   272,722      1,742.4  PushPop  CCCL:cub::DeviceFor::Bulk   
      0.2        1,384,994         60  23,083.2  22,017.5    18,198    40,918      4,021.3  PushPop  CCCL:thrust::copy           
      0.1        1,023,689         30  34,123.0  33,740.5    28,361    45,352      4,353.1  PushPop  CCCL:uninitialized_fill_n   
      0.1          691,740         30  23,058.0  22,022.0    18,809    40,161      3,989.8  PushPop  CCCL:thrust::two_system_copy

[4/7] Executing 'cuda_api_sum' stats report

 Time (%)  Total Time (ns)  Num Calls    Avg (ns)     Med (ns)   Min (ns)    Max (ns)      StdDev (ns)                Name             
 --------  ---------------  ---------  -------------  ---------  --------  -------------  -------------  ------------------------------
     49.9   44,905,260,384        210  213,834,573.3  974,080.0     5,429  1,976,098,240  466,795,958.6  cudaStreamSynchronize         
     18.4   16,564,446,627  2,736,640        6,052.8    3,683.0     2,555      4,293,569       14,265.4  cudaMemcpy                    
     15.0   13,481,770,367  2,053,140        6,566.4    5,125.0     3,454    251,357,429      297,343.4  cudaFree                      
     11.5   10,326,243,102  2,395,100        4,311.4    3,536.0     1,897     83,529,264       79,329.3  cudaMalloc                    
      3.0    2,689,975,890        360    7,472,155.3  145,947.0     8,897    123,173,058   24,388,656.5  cudaMemcpyAsync               
      1.1    1,032,434,068    342,230        3,016.8    2,824.0     2,528      5,978,909       17,958.6  cudaMemset                    
      0.6      574,263,466    171,325        3,351.9    2,744.0     2,498     74,486,658      180,089.6  cudaLaunchKernel              
      0.2      166,721,221    171,115          974.3      782.0       644     22,749,412       54,997.9  cudaMallocAsync_v11020        
      0.2      155,271,591         30    5,175,719.7   51,530.5    38,575    153,735,968   28,058,552.7  cudaMemGetInfo                
      0.2      147,400,036    171,055          861.7      780.0       636        335,762        1,250.9  cudaFreeAsync_v11020          
      0.0        4,107,747        120       34,231.2   17,782.0     4,958        121,898       33,141.2  cudaMallocManaged             
      0.0        2,724,466         60       45,407.8   35,766.0     5,781        157,983       41,162.2  cudaDeviceSynchronize         
      0.0          909,861         60       15,164.4   16,572.0     8,319         25,203        4,815.0  cudaMemsetAsync               
      0.0          864,875         30       28,829.2   24,379.0    20,397        141,541       21,531.5  cudaStreamCreate              
      0.0          442,097         30       14,736.6   13,326.5    10,800         22,613        3,419.3  cudaStreamDestroy             
      0.0           31,806         30        1,060.2    1,011.0       893          1,375          120.7  cuStreamSynchronize           
      0.0            1,795          1        1,795.0    1,795.0     1,795          1,795            0.0  cudaGetDriverEntryPoint_v11030
      0.0            1,524          2          762.0      762.0       721            803           58.0  cuGetProcAddress_v2           
      0.0            1,229          1        1,229.0    1,229.0     1,229          1,229            0.0  cuModuleGetLoadingMode        
      0.0            1,164          1        1,164.0    1,164.0     1,164          1,164            0.0  cuInit                        

[5/7] Executing 'cuda_gpu_kern_sum' stats report

 Time (%)  Total Time (ns)  Instances     Avg (ns)         Med (ns)       Min (ns)      Max (ns)      StdDev (ns)                                                   Name                                                
 --------  ---------------  ---------  ---------------  ---------------  -----------  -------------  -------------  ----------------------------------------------------------------------------------------------------
     82.7   39,457,296,450         30  1,315,243,215.0  1,303,357,143.5  928,306,731  1,976,084,219  289,623,305.7  kernelCallStage1(int, int, int, ABM *, Graph *, DeviceGraph *, DeviceGraph *, device_map<int, Node>…
     10.1    4,818,497,107         30    160,616,570.2    158,608,691.5  118,467,191    208,176,236   27,691,939.4  kernelCallStage3(int, int, int, ABM *, Graph *, int, device_map<int, Node>::device_view, ABMStageSt…
      5.5    2,617,877,748         30     87,262,591.6     87,255,382.5   51,025,321    123,164,164   13,275,788.1  void cuco::legacy::detail::insert<(unsigned long)128, (unsigned int)4, cuco::pair<int, int> *, cuda…
      1.3      598,264,456         30     19,942,148.5     18,249,719.0    8,549,734     84,641,918   12,878,928.3  kernelCallStage2(int, int, int, ABM *, Graph *, cuco::static_set_ref<int, (cuda::std::__4::thread_s…
      0.4      208,024,509    171,025          1,216.3          1,248.0        1,087          1,728           95.3  void cub::CUB_300103_SM_600::detail::for_each::static_kernel<cub::CUB_300103_SM_600::detail::for_ea…
      0.1       29,305,316         30        976,843.9        971,921.0      869,121      1,123,938       60,270.2  kernelCallStage4(int, int, int, ABM *, Graph *, int, device_map<int, Node>::device_view, ABMStageSt…
      0.0        2,431,683         60         40,528.1         30,560.0        4,288        155,552       39,166.2  kernel_extract_vector_sizes(device_vector *, int *, int)                                            
      0.0        1,778,691         30         59,289.7         52,864.0       27,104        109,952       23,158.3  void cuco::detail::open_addressing_ns::insert_if_n<(int)1, (int)128, int *, thrust::THRUST_300103_S…
      0.0           97,595         30          3,253.2          3,200.0        2,848          3,647          215.8  void cuco::legacy::detail::initialize<(unsigned long)256, cuda::__4::atomic<int, (cuda::std::__4::t…
      0.0           44,768         30          1,492.3          1,504.0        1,280          1,856          142.0  void cub::CUB_300103_SM_600::detail::for_each::static_kernel<cub::CUB_300103_SM_600::detail::for_ea…

[6/7] Executing 'cuda_gpu_mem_time_sum' stats report

 Time (%)  Total Time (ns)    Count    Avg (ns)  Med (ns)  Min (ns)  Max (ns)   StdDev (ns)               Operation              
 --------  ---------------  ---------  --------  --------  --------  ---------  -----------  ------------------------------------
     45.7    1,784,137,763  2,052,750     869.1     768.0       703  4,194,823     14,920.6  [CUDA memcpy Host-to-Device]        
     41.5    1,617,788,738    684,250   2,364.3   2,368.0     1,888     10,592        111.7  [CUDA memcpy Device-to-Host]        
     12.6      491,832,148    342,290   1,436.9   1,440.0       704    167,969      2,083.9  [CUDA memset]                       
      0.1        4,363,657      1,471   2,966.5   2,559.0     2,175     12,095      1,058.1  [CUDA memcpy Unified Host-to-Device]
      0.1        1,972,090        594   3,320.0   2,767.5     2,335      9,312      1,204.7  [CUDA memcpy Unified Device-to-Host]

[7/7] Executing 'cuda_gpu_mem_size_sum' stats report

 Total (MB)    Count    Avg (MB)  Med (MB)  Min (MB)  Max (MB)  StdDev (MB)               Operation              
 ----------  ---------  --------  --------  --------  --------  -----------  ------------------------------------
 61,577.887    342,290     0.180     0.072     0.000   537.894        6.729  [CUDA memset]                       
  3,005.009  2,052,750     0.001     0.000     0.000    53.002        0.190  [CUDA memcpy Host-to-Device]        
     51.259    684,250     0.000     0.000     0.000     0.210        0.002  [CUDA memcpy Device-to-Host]        
     47.383      1,471     0.032     0.008     0.004     0.520        0.056  [CUDA memcpy Unified Host-to-Device]
     27.394        594     0.046     0.020     0.004     0.324        0.061  [CUDA memcpy Unified Device-to-Host]

Generated:
    /home/jmukher/workspace/uiuc/citation_abm/./profile/nsys-pa-30y-1p.nsys-rep
    /home/jmukher/workspace/uiuc/citation_abm/./profile/nsys-pa-30y-1p.sqlite
SUCCESS: 103M → ./profile/nsys-pa-30y-1p.nsys-rep
Running growth rate 3% for 30 years.
Profile output: ./profile/nsys-pa-30y-3p.nsys-rep
CMD: nsys profile --trace=cuda,nvtx --stats=true --force-overwrite=true -o ./profile/nsys-pa-30y-3p ./abm --edgelist sj_edgelist --nodelist sj_nodelist --out-degree-bag tcen_at_least_five --recency-probabilities sj_recprob --alpha 0.5 --preferential-weight 0.33 --recency-weight 0.33 --fitness-weight 0.33 --growth-rate .03 --fully-random-citations 0.05 --num-cycles 30 --same-year-proportion 0.12 --output-file ./output/30y/gpu-opt-static-output-30y-3p.edgelist --auxiliary-information-file ./output/30y/gpu-opt-static-output-30y-3p.aux --log-file ./output/30y/nsys-gpu-opt-static-pa-30y-3p.log --num-processors 14 --log-level 1

Start ABM....
parse_args....
edgelist....
num-cycles....
output-file....
log-file = ./output/30y/nsys-gpu-opt-static-pa-30y-3p.log....
num-processors = 14....
log-level = 0
Init ABM....
Exec ABM....
Start execute.Init Graph
Inside  Graph ParseNodelist.....
Populating the continuous_node mappings..
Elapsed time: ParseNodelist : 1099 millisecs = 1 seconds

Inside Graph ParseEdgelist.....
Elapsed time: ParseEdgelist : 1571 millisecs = 1 seconds

In updateNodeInDegreeOutDegree: Update Outdegree first:
In updateNodeInDegreeOutDegree: Update Indegree:
Total (initial):: In-Degree = 899050, Out-Degree = 899050
Elapsed time: 0-1 : 1 seconds
Elapsed time: 1-2 : 1 seconds
Elapsed time: 2-3 : 0 seconds

Initialized Graph. Let us update the indegree and out-degrees... 
Graph init done...
calling InitializeFitness...
final graph size is 1193102 from initial_graph_size of 491532.
 populated out degree array.
 Entering loop for year = 1983
Elapsed time: 70-71: total : 0.256 secs, iter cost : 0 seconds

Elapsed time: 71-72: total : 0.322 secs, iter cost : 0 seconds

Elapsed time: 72-73: total : 12 millisecs, iter cost : 12 mseconds

num_new_nodes = 14746, current_graph_size = 491532, growth rate = 0.030000 
Elapsed time: 73-74: total : 0 millisecs, iter cost : 0 mseconds

Elapsed time: 74-75: total : 17 millisecs, iter cost : 17 mseconds

all new nodes initialized with years and mapped. FillSameYearSourceNodes with new_nodes_vec.size() = 14746
checking same_year_source_nodes size.
Elapsed time: 75-76: total : 0 millisecs, iter cost : 0 mseconds

new_nodes_vec.size() b4 : 14746

updated  updateGraphAttributesGeneratorNode .... 
Elapsed time: 76-77: total : 37 millisecs, iter cost : 37 mseconds

continuous_node_mapping.size() b5 : 506278, reverse_continuous_node_mapping size = 506278

Inside optimized buildOneNodeConnections...
Initial Free: 80526.5 MB / 81079.4 MB

[prepareGraph] num_vertices = 491532

[prepareGraph] edges = 899050, offsets = 491533 (should be V+1 = 491533)

[prepareGraph] num_vertices = 491532

[prepareGraph] edges = 899050, offsets = 491533 (should be V+1 = 491533)

Year 1983: 14746 new nodes, 289879 new edges

Elapsed time: 78-781 : total : 6.541 secs,  this iter cost : 6.541 seconds

Elapsed time: 78-79 : total : 6.657 secs, this iter cost : 6.657 seconds

updateNodeInDegreeOutDegree(year=1983): updated 14746 out-degrees, 181938 in-degrees
Elapsed time: 79-81 : total : 0.165 secs, this iter cost : 0 seconds

Elapsed time: 79-80 : total : 0.09 secs, this iter cost : 0 seconds

Elapsed time: 80-81 : total : 0.075 secs, this iter cost : 0 seconds

Elapsed time: 70-81 : total : 7.469 secs, this iter cost : 7 seconds

 Entering loop for year = 1984
Elapsed time: 70-71: total : 0.528 secs, iter cost : 0 seconds

Elapsed time: 71-72: total : 0.605 secs, iter cost : 0 seconds

Elapsed time: 72-73: total : 24 millisecs, iter cost : 12 mseconds

num_new_nodes = 15189, current_graph_size = 506278, growth rate = 0.030000 
Elapsed time: 73-74: total : 0 millisecs, iter cost : 0 mseconds

Elapsed time: 74-75: total : 28 millisecs, iter cost : 11 mseconds

all new nodes initialized with years and mapped. FillSameYearSourceNodes with new_nodes_vec.size() = 15189
checking same_year_source_nodes size.
Elapsed time: 75-76: total : 0 millisecs, iter cost : 0 mseconds

new_nodes_vec.size() b4 : 15189

updated  updateGraphAttributesGeneratorNode .... 
Elapsed time: 76-77: total : 75 millisecs, iter cost : 38 mseconds

continuous_node_mapping.size() b5 : 521467, reverse_continuous_node_mapping size = 521467

Inside optimized buildOneNodeConnections...
Initial Free: 80284.5 MB / 81079.4 MB

[prepareGraph] num_vertices = 506278

[prepareGraph] edges = 1188929, offsets = 506279 (should be V+1 = 506279)

[prepareGraph] num_vertices = 506278

[prepareGraph] edges = 1188929, offsets = 506279 (should be V+1 = 506279)

Year 1984: 15189 new nodes, 299263 new edges

Elapsed time: 78-781 : total : 12.155 secs,  this iter cost : 5.614 seconds

Elapsed time: 78-79 : total : 12.425 secs, this iter cost : 5.768 seconds

updateNodeInDegreeOutDegree(year=1984): updated 15189 out-degrees, 183689 in-degrees
Elapsed time: 79-81 : total : 0.348 secs, this iter cost : 0 seconds

Elapsed time: 79-80 : total : 0.195 secs, this iter cost : 0 seconds

Elapsed time: 80-81 : total : 0.152 secs, this iter cost : 0 seconds

Elapsed time: 70-81 : total : 14.038 secs, this iter cost : 6 seconds

 Entering loop for year = 1985
Elapsed time: 70-71: total : 0.811 secs, iter cost : 0 seconds

Elapsed time: 71-72: total : 0.897 secs, iter cost : 0 seconds

Elapsed time: 72-73: total : 36 millisecs, iter cost : 12 mseconds

num_new_nodes = 15645, current_graph_size = 521467, growth rate = 0.030000 
Elapsed time: 73-74: total : 0 millisecs, iter cost : 0 mseconds

Elapsed time: 74-75: total : 39 millisecs, iter cost : 11 mseconds

all new nodes initialized with years and mapped. FillSameYearSourceNodes with new_nodes_vec.size() = 15645
checking same_year_source_nodes size.
Elapsed time: 75-76: total : 0 millisecs, iter cost : 0 mseconds

new_nodes_vec.size() b4 : 15645

updated  updateGraphAttributesGeneratorNode .... 
Elapsed time: 76-77: total : 114 millisecs, iter cost : 39 mseconds

continuous_node_mapping.size() b5 : 537112, reverse_continuous_node_mapping size = 537112

Inside optimized buildOneNodeConnections...
Initial Free: 80268.5 MB / 81079.4 MB

[prepareGraph] num_vertices = 521467

[prepareGraph] edges = 1488192, offsets = 521468 (should be V+1 = 521468)

[prepareGraph] num_vertices = 521467

[prepareGraph] edges = 1488192, offsets = 521468 (should be V+1 = 521468)

Year 1985: 15645 new nodes, 307479 new edges

Elapsed time: 78-781 : total : 18.344 secs,  this iter cost : 6.189 seconds

Elapsed time: 78-79 : total : 18.731 secs, this iter cost : 6.306 seconds

updateNodeInDegreeOutDegree(year=1985): updated 15645 out-degrees, 184039 in-degrees
Elapsed time: 79-81 : total : 0.519 secs, this iter cost : 0 seconds

Elapsed time: 79-80 : total : 0.286 secs, this iter cost : 0 seconds

Elapsed time: 80-81 : total : 0.231 secs, this iter cost : 0 seconds

Elapsed time: 70-81 : total : 21.155 secs, this iter cost : 7 seconds

 Entering loop for year = 1986
Elapsed time: 70-71: total : 1.097 secs, iter cost : 0 seconds

Elapsed time: 71-72: total : 1.202 secs, iter cost : 0 seconds

Elapsed time: 72-73: total : 48 millisecs, iter cost : 12 mseconds

num_new_nodes = 16114, current_graph_size = 537112, growth rate = 0.030000 
Elapsed time: 73-74: total : 0 millisecs, iter cost : 0 mseconds

Elapsed time: 74-75: total : 50 millisecs, iter cost : 11 mseconds

all new nodes initialized with years and mapped. FillSameYearSourceNodes with new_nodes_vec.size() = 16114
checking same_year_source_nodes size.
Elapsed time: 75-76: total : 0 millisecs, iter cost : 0 mseconds

new_nodes_vec.size() b4 : 16114

updated  updateGraphAttributesGeneratorNode .... 
Elapsed time: 76-77: total : 154 millisecs, iter cost : 40 mseconds

continuous_node_mapping.size() b5 : 553226, reverse_continuous_node_mapping size = 553226

Inside optimized buildOneNodeConnections...
Initial Free: 80254.5 MB / 81079.4 MB

[prepareGraph] num_vertices = 537112

[prepareGraph] edges = 1795671, offsets = 537113 (should be V+1 = 537113)

[prepareGraph] num_vertices = 537112

[prepareGraph] edges = 1795671, offsets = 537113 (should be V+1 = 537113)

Year 1986: 16114 new nodes, 316643 new edges

Elapsed time: 78-781 : total : 24.629 secs,  this iter cost : 6.285 seconds

Elapsed time: 78-79 : total : 25.135 secs, this iter cost : 6.404 seconds

updateNodeInDegreeOutDegree(year=1986): updated 16114 out-degrees, 184959 in-degrees
Elapsed time: 79-81 : total : 0.693 secs, this iter cost : 0 seconds

Elapsed time: 79-80 : total : 0.379 secs, this iter cost : 0 seconds

Elapsed time: 80-81 : total : 0.312 secs, this iter cost : 0 seconds

Elapsed time: 70-81 : total : 28.391 secs, this iter cost : 7 seconds

 Entering loop for year = 1987
Elapsed time: 70-71: total : 1.387 secs, iter cost : 0 seconds

Elapsed time: 71-72: total : 1.51 secs, iter cost : 0 seconds

Elapsed time: 72-73: total : 60 millisecs, iter cost : 12 mseconds

num_new_nodes = 16597, current_graph_size = 553226, growth rate = 0.030000 
Elapsed time: 73-74: total : 0 millisecs, iter cost : 0 mseconds

Elapsed time: 74-75: total : 59 millisecs, iter cost : 9 mseconds

all new nodes initialized with years and mapped. FillSameYearSourceNodes with new_nodes_vec.size() = 16597
checking same_year_source_nodes size.
Elapsed time: 75-76: total : 0 millisecs, iter cost : 0 mseconds

new_nodes_vec.size() b4 : 16597

updated  updateGraphAttributesGeneratorNode .... 
Elapsed time: 76-77: total : 195 millisecs, iter cost : 41 mseconds

continuous_node_mapping.size() b5 : 569823, reverse_continuous_node_mapping size = 569823

Inside optimized buildOneNodeConnections...
Initial Free: 80238.5 MB / 81079.4 MB

[prepareGraph] num_vertices = 553226

[prepareGraph] edges = 2112314, offsets = 553227 (should be V+1 = 553227)

[prepareGraph] num_vertices = 553226

[prepareGraph] edges = 2112314, offsets = 553227 (should be V+1 = 553227)

Year 1987: 16597 new nodes, 324907 new edges

Elapsed time: 78-781 : total : 31.199 secs,  this iter cost : 6.57 seconds

Elapsed time: 78-79 : total : 31.829 secs, this iter cost : 6.694 seconds

updateNodeInDegreeOutDegree(year=1987): updated 16597 out-degrees, 185656 in-degrees
Elapsed time: 79-81 : total : 0.877 secs, this iter cost : 0 seconds

Elapsed time: 79-80 : total : 0.479 secs, this iter cost : 0 seconds

Elapsed time: 80-81 : total : 0.395 secs, this iter cost : 0 seconds

Elapsed time: 70-81 : total : 35.932 secs, this iter cost : 7 seconds

 Entering loop for year = 1988
Elapsed time: 70-71: total : 1.718 secs, iter cost : 0 seconds

Elapsed time: 71-72: total : 1.827 secs, iter cost : 0 seconds

Elapsed time: 72-73: total : 73 millisecs, iter cost : 13 mseconds

num_new_nodes = 17095, current_graph_size = 569823, growth rate = 0.030000 
Elapsed time: 73-74: total : 0 millisecs, iter cost : 0 mseconds

Elapsed time: 74-75: total : 68 millisecs, iter cost : 9 mseconds

all new nodes initialized with years and mapped. FillSameYearSourceNodes with new_nodes_vec.size() = 17095
checking same_year_source_nodes size.
Elapsed time: 75-76: total : 0 millisecs, iter cost : 0 mseconds

new_nodes_vec.size() b4 : 17095

updated  updateGraphAttributesGeneratorNode .... 
Elapsed time: 76-77: total : 237 millisecs, iter cost : 42 mseconds

continuous_node_mapping.size() b5 : 586918, reverse_continuous_node_mapping size = 586918

Inside optimized buildOneNodeConnections...
Initial Free: 80190.5 MB / 81079.4 MB

[prepareGraph] num_vertices = 569823

[prepareGraph] edges = 2437221, offsets = 569824 (should be V+1 = 569824)

[prepareGraph] num_vertices = 569823

[prepareGraph] edges = 2437221, offsets = 569824 (should be V+1 = 569824)

Year 1988: 17095 new nodes, 334933 new edges

Elapsed time: 78-781 : total : 38.137 secs,  this iter cost : 6.938 seconds

Elapsed time: 78-79 : total : 38.907 secs, this iter cost : 7.078 seconds

updateNodeInDegreeOutDegree(year=1988): updated 17095 out-degrees, 189045 in-degrees
Elapsed time: 79-81 : total : 1.064 secs, this iter cost : 0 seconds

Elapsed time: 79-80 : total : 0.58 secs, this iter cost : 0 seconds

Elapsed time: 80-81 : total : 0.48 secs, this iter cost : 0 seconds

Elapsed time: 70-81 : total : 43.912 secs, this iter cost : 7 seconds

 Entering loop for year = 1989
Elapsed time: 70-71: total : 2.019 secs, iter cost : 0 seconds

Elapsed time: 71-72: total : 2.148 secs, iter cost : 0 seconds

Elapsed time: 72-73: total : 86 millisecs, iter cost : 13 mseconds

num_new_nodes = 17608, current_graph_size = 586918, growth rate = 0.030000 
Elapsed time: 73-74: total : 0 millisecs, iter cost : 0 mseconds

Elapsed time: 74-75: total : 76 millisecs, iter cost : 8 mseconds

all new nodes initialized with years and mapped. FillSameYearSourceNodes with new_nodes_vec.size() = 17608
checking same_year_source_nodes size.
Elapsed time: 75-76: total : 0 millisecs, iter cost : 0 mseconds

new_nodes_vec.size() b4 : 17608

updated  updateGraphAttributesGeneratorNode .... 
Elapsed time: 76-77: total : 280 millisecs, iter cost : 43 mseconds

continuous_node_mapping.size() b5 : 604526, reverse_continuous_node_mapping size = 604526

Inside optimized buildOneNodeConnections...
Initial Free: 80174.5 MB / 81079.4 MB

[prepareGraph] num_vertices = 586918

[prepareGraph] edges = 2772154, offsets = 586919 (should be V+1 = 586919)

[prepareGraph] num_vertices = 586918

[prepareGraph] edges = 2772154, offsets = 586919 (should be V+1 = 586919)

Year 1989: 17608 new nodes, 344128 new edges

Elapsed time: 78-781 : total : 45.704 secs,  this iter cost : 7.567 seconds

Elapsed time: 78-79 : total : 46.605 secs, this iter cost : 7.698 seconds

updateNodeInDegreeOutDegree(year=1989): updated 17608 out-degrees, 189054 in-degrees
Elapsed time: 79-81 : total : 1.248 secs, this iter cost : 0 seconds

Elapsed time: 79-80 : total : 0.676 secs, this iter cost : 0 seconds

Elapsed time: 80-81 : total : 0.568 secs, this iter cost : 0 seconds

Elapsed time: 70-81 : total : 52.484 secs, this iter cost : 8 seconds

 Entering loop for year = 1990
Elapsed time: 70-71: total : 2.324 secs, iter cost : 0 seconds

Elapsed time: 71-72: total : 2.475 secs, iter cost : 0 seconds

Elapsed time: 72-73: total : 100 millisecs, iter cost : 14 mseconds

num_new_nodes = 18136, current_graph_size = 604526, growth rate = 0.030000 
Elapsed time: 73-74: total : 0 millisecs, iter cost : 0 mseconds

Elapsed time: 74-75: total : 85 millisecs, iter cost : 9 mseconds

all new nodes initialized with years and mapped. FillSameYearSourceNodes with new_nodes_vec.size() = 18136
checking same_year_source_nodes size.
Elapsed time: 75-76: total : 0 millisecs, iter cost : 0 mseconds

new_nodes_vec.size() b4 : 18136

updated  updateGraphAttributesGeneratorNode .... 
Elapsed time: 76-77: total : 324 millisecs, iter cost : 44 mseconds

continuous_node_mapping.size() b5 : 622662, reverse_continuous_node_mapping size = 622662

Inside optimized buildOneNodeConnections...
Initial Free: 80156.5 MB / 81079.4 MB

[prepareGraph] num_vertices = 604526

[prepareGraph] edges = 3116282, offsets = 604527 (should be V+1 = 604527)

[prepareGraph] num_vertices = 604526

[prepareGraph] edges = 3116282, offsets = 604527 (should be V+1 = 604527)

Year 1990: 18136 new nodes, 354425 new edges

Elapsed time: 78-781 : total : 53.225 secs,  this iter cost : 7.521 seconds

Elapsed time: 78-79 : total : 54.261 secs, this iter cost : 7.656 seconds

updateNodeInDegreeOutDegree(year=1990): updated 18136 out-degrees, 191243 in-degrees
Elapsed time: 79-81 : total : 1.435 secs, this iter cost : 0 seconds

Elapsed time: 79-80 : total : 0.772 secs, this iter cost : 0 seconds

Elapsed time: 80-81 : total : 0.658 secs, this iter cost : 0 seconds

Elapsed time: 70-81 : total : 61.028 secs, this iter cost : 8 seconds

 Entering loop for year = 1991
Elapsed time: 70-71: total : 2.633 secs, iter cost : 0 seconds

Elapsed time: 71-72: total : 2.809 secs, iter cost : 0 seconds

Elapsed time: 72-73: total : 114 millisecs, iter cost : 14 mseconds

num_new_nodes = 18680, current_graph_size = 622662, growth rate = 0.030000 
Elapsed time: 73-74: total : 0 millisecs, iter cost : 0 mseconds

Elapsed time: 74-75: total : 93 millisecs, iter cost : 8 mseconds

all new nodes initialized with years and mapped. FillSameYearSourceNodes with new_nodes_vec.size() = 18680
checking same_year_source_nodes size.
Elapsed time: 75-76: total : 0 millisecs, iter cost : 0 mseconds

new_nodes_vec.size() b4 : 18680

updated  updateGraphAttributesGeneratorNode .... 
Elapsed time: 76-77: total : 370 millisecs, iter cost : 46 mseconds

continuous_node_mapping.size() b5 : 641342, reverse_continuous_node_mapping size = 641342

Inside optimized buildOneNodeConnections...
Initial Free: 80138.5 MB / 81079.4 MB

[prepareGraph] num_vertices = 622662

[prepareGraph] edges = 3470707, offsets = 622663 (should be V+1 = 622663)

[prepareGraph] num_vertices = 622662

[prepareGraph] edges = 3470707, offsets = 622663 (should be V+1 = 622663)

Year 1991: 18680 new nodes, 366239 new edges

Elapsed time: 78-781 : total : 61.153 secs,  this iter cost : 7.928 seconds

Elapsed time: 78-79 : total : 62.326 secs, this iter cost : 8.065 seconds

updateNodeInDegreeOutDegree(year=1991): updated 18680 out-degrees, 195696 in-degrees
Elapsed time: 79-81 : total : 1.626 secs, this iter cost : 0 seconds

Elapsed time: 79-80 : total : 0.87 secs, this iter cost : 0 seconds

Elapsed time: 80-81 : total : 0.751 secs, this iter cost : 0 seconds

Elapsed time: 70-81 : total : 69.998 secs, this iter cost : 8 seconds

 Entering loop for year = 1992
Elapsed time: 70-71: total : 2.949 secs, iter cost : 0 seconds

Elapsed time: 71-72: total : 3.154 secs, iter cost : 0 seconds

Elapsed time: 72-73: total : 128 millisecs, iter cost : 14 mseconds

num_new_nodes = 19241, current_graph_size = 641342, growth rate = 0.030000 
Elapsed time: 73-74: total : 0 millisecs, iter cost : 0 mseconds

Elapsed time: 74-75: total : 102 millisecs, iter cost : 9 mseconds

all new nodes initialized with years and mapped. FillSameYearSourceNodes with new_nodes_vec.size() = 19241
checking same_year_source_nodes size.
Elapsed time: 75-76: total : 0 millisecs, iter cost : 0 mseconds

new_nodes_vec.size() b4 : 19241

updated  updateGraphAttributesGeneratorNode .... 
Elapsed time: 76-77: total : 417 millisecs, iter cost : 47 mseconds

continuous_node_mapping.size() b5 : 660583, reverse_continuous_node_mapping size = 660583

Inside optimized buildOneNodeConnections...
Initial Free: 79786.5 MB / 81079.4 MB

[prepareGraph] num_vertices = 641342

[prepareGraph] edges = 3836946, offsets = 641343 (should be V+1 = 641343)

[prepareGraph] num_vertices = 641342

[prepareGraph] edges = 3836946, offsets = 641343 (should be V+1 = 641343)

Year 1992: 19241 new nodes, 377639 new edges

Elapsed time: 78-781 : total : 69.282 secs,  this iter cost : 8.129 seconds

Elapsed time: 78-79 : total : 70.602 secs, this iter cost : 8.276 seconds

updateNodeInDegreeOutDegree(year=1992): updated 19241 out-degrees, 198929 in-degrees
Elapsed time: 79-81 : total : 1.827 secs, this iter cost : 0 seconds

Elapsed time: 79-80 : total : 0.974 secs, this iter cost : 0 seconds

Elapsed time: 80-81 : total : 0.847 secs, this iter cost : 0 seconds

Elapsed time: 70-81 : total : 79.209 secs, this iter cost : 9 seconds

 Entering loop for year = 1993
Elapsed time: 70-71: total : 3.262 secs, iter cost : 0 seconds

Elapsed time: 71-72: total : 3.502 secs, iter cost : 0 seconds

Elapsed time: 72-73: total : 143 millisecs, iter cost : 15 mseconds

num_new_nodes = 19818, current_graph_size = 660583, growth rate = 0.030000 
Elapsed time: 73-74: total : 0 millisecs, iter cost : 0 mseconds

Elapsed time: 74-75: total : 111 millisecs, iter cost : 9 mseconds

all new nodes initialized with years and mapped. FillSameYearSourceNodes with new_nodes_vec.size() = 19818
checking same_year_source_nodes size.
Elapsed time: 75-76: total : 0 millisecs, iter cost : 0 mseconds

new_nodes_vec.size() b4 : 19818

updated  updateGraphAttributesGeneratorNode .... 
Elapsed time: 76-77: total : 466 millisecs, iter cost : 49 mseconds

continuous_node_mapping.size() b5 : 680401, reverse_continuous_node_mapping size = 680401

Inside optimized buildOneNodeConnections...
Initial Free: 79766.5 MB / 81079.4 MB

[prepareGraph] num_vertices = 660583

[prepareGraph] edges = 4214585, offsets = 660584 (should be V+1 = 660584)

[prepareGraph] num_vertices = 660583

[prepareGraph] edges = 4214585, offsets = 660584 (should be V+1 = 660584)

Year 1993: 19818 new nodes, 388343 new edges

Elapsed time: 78-781 : total : 78.207 secs,  this iter cost : 8.925 seconds

Elapsed time: 78-79 : total : 79.685 secs, this iter cost : 9.083 seconds

updateNodeInDegreeOutDegree(year=1993): updated 19818 out-degrees, 203574 in-degrees
Elapsed time: 79-81 : total : 2.029 secs, this iter cost : 0 seconds

Elapsed time: 79-80 : total : 1.077 secs, this iter cost : 0 seconds

Elapsed time: 80-81 : total : 0.945 secs, this iter cost : 0 seconds

Elapsed time: 70-81 : total : 89.23 secs, this iter cost : 10 seconds

 Entering loop for year = 1994
Elapsed time: 70-71: total : 3.576 secs, iter cost : 0 seconds

Elapsed time: 71-72: total : 3.851 secs, iter cost : 0 seconds

Elapsed time: 72-73: total : 158 millisecs, iter cost : 15 mseconds

num_new_nodes = 20413, current_graph_size = 680401, growth rate = 0.030000 
Elapsed time: 73-74: total : 0 millisecs, iter cost : 0 mseconds

Elapsed time: 74-75: total : 121 millisecs, iter cost : 10 mseconds

all new nodes initialized with years and mapped. FillSameYearSourceNodes with new_nodes_vec.size() = 20413
checking same_year_source_nodes size.
Elapsed time: 75-76: total : 0 millisecs, iter cost : 0 mseconds

new_nodes_vec.size() b4 : 20413

updated  updateGraphAttributesGeneratorNode .... 
Elapsed time: 76-77: total : 516 millisecs, iter cost : 50 mseconds

continuous_node_mapping.size() b5 : 700814, reverse_continuous_node_mapping size = 700814

Inside optimized buildOneNodeConnections...
Initial Free: 79714.5 MB / 81079.4 MB

[prepareGraph] num_vertices = 680401

[prepareGraph] edges = 4602928, offsets = 680402 (should be V+1 = 680402)

[prepareGraph] num_vertices = 680401

[prepareGraph] edges = 4602928, offsets = 680402 (should be V+1 = 680402)

Year 1994: 20413 new nodes, 400102 new edges

Elapsed time: 78-781 : total : 87.522 secs,  this iter cost : 9.315 seconds

Elapsed time: 78-79 : total : 89.15 secs, this iter cost : 9.465 seconds

updateNodeInDegreeOutDegree(year=1994): updated 20413 out-degrees, 206695 in-degrees
Elapsed time: 79-81 : total : 2.234 secs, this iter cost : 0 seconds

Elapsed time: 79-80 : total : 1.18 secs, this iter cost : 0 seconds

Elapsed time: 80-81 : total : 1.047 secs, this iter cost : 0 seconds

Elapsed time: 70-81 : total : 99.642 secs, this iter cost : 10 seconds

 Entering loop for year = 1995
Elapsed time: 70-71: total : 3.897 secs, iter cost : 0 seconds

Elapsed time: 71-72: total : 4.21 secs, iter cost : 0 seconds

Elapsed time: 72-73: total : 174 millisecs, iter cost : 16 mseconds

num_new_nodes = 21025, current_graph_size = 700814, growth rate = 0.030000 
Elapsed time: 73-74: total : 0 millisecs, iter cost : 0 mseconds

Elapsed time: 74-75: total : 131 millisecs, iter cost : 10 mseconds

all new nodes initialized with years and mapped. FillSameYearSourceNodes with new_nodes_vec.size() = 21025
checking same_year_source_nodes size.
Elapsed time: 75-76: total : 0 millisecs, iter cost : 0 mseconds

new_nodes_vec.size() b4 : 21025

updated  updateGraphAttributesGeneratorNode .... 
Elapsed time: 76-77: total : 568 millisecs, iter cost : 52 mseconds

continuous_node_mapping.size() b5 : 721839, reverse_continuous_node_mapping size = 721839

Inside optimized buildOneNodeConnections...
Initial Free: 79692.5 MB / 81079.4 MB

[prepareGraph] num_vertices = 700814

[prepareGraph] edges = 5003030, offsets = 700815 (should be V+1 = 700815)

[prepareGraph] num_vertices = 700814

[prepareGraph] edges = 5003030, offsets = 700815 (should be V+1 = 700815)

Year 1995: 21025 new nodes, 411578 new edges

Elapsed time: 78-781 : total : 96.962 secs,  this iter cost : 9.44 seconds

Elapsed time: 78-79 : total : 98.783 secs, this iter cost : 9.633 seconds

updateNodeInDegreeOutDegree(year=1995): updated 21025 out-degrees, 210328 in-degrees
Elapsed time: 79-81 : total : 2.461 secs, this iter cost : 0 seconds

Elapsed time: 79-80 : total : 1.302 secs, this iter cost : 0 seconds

Elapsed time: 80-81 : total : 1.152 secs, this iter cost : 0 seconds

Elapsed time: 70-81 : total : 110.263 secs, this iter cost : 10 seconds

 Entering loop for year = 1996
Elapsed time: 70-71: total : 4.234 secs, iter cost : 0 seconds

Elapsed time: 71-72: total : 4.579 secs, iter cost : 0 seconds

Elapsed time: 72-73: total : 191 millisecs, iter cost : 17 mseconds

num_new_nodes = 21656, current_graph_size = 721839, growth rate = 0.030000 
Elapsed time: 73-74: total : 0 millisecs, iter cost : 0 mseconds

Elapsed time: 74-75: total : 141 millisecs, iter cost : 10 mseconds

all new nodes initialized with years and mapped. FillSameYearSourceNodes with new_nodes_vec.size() = 21656
checking same_year_source_nodes size.
Elapsed time: 75-76: total : 0 millisecs, iter cost : 0 mseconds

new_nodes_vec.size() b4 : 21656

updated  updateGraphAttributesGeneratorNode .... 
Elapsed time: 76-77: total : 621 millisecs, iter cost : 53 mseconds

continuous_node_mapping.size() b5 : 743495, reverse_continuous_node_mapping size = 743495

Inside optimized buildOneNodeConnections...
Initial Free: 79090.5 MB / 81079.4 MB

[prepareGraph] num_vertices = 721839

[prepareGraph] edges = 5414608, offsets = 721840 (should be V+1 = 721840)

[prepareGraph] num_vertices = 721839

[prepareGraph] edges = 5414608, offsets = 721840 (should be V+1 = 721840)

Year 1996: 21656 new nodes, 425168 new edges

Elapsed time: 78-781 : total : 106.939 secs,  this iter cost : 9.977 seconds

Elapsed time: 78-79 : total : 108.92 secs, this iter cost : 10.137 seconds

updateNodeInDegreeOutDegree(year=1996): updated 21656 out-degrees, 216519 in-degrees
Elapsed time: 79-81 : total : 2.68 secs, this iter cost : 0 seconds

Elapsed time: 79-80 : total : 1.413 secs, this iter cost : 0 seconds

Elapsed time: 80-81 : total : 1.26 secs, this iter cost : 0 seconds

Elapsed time: 70-81 : total : 121.408 secs, this iter cost : 11 seconds

 Entering loop for year = 1997
Elapsed time: 70-71: total : 4.574 secs, iter cost : 0 seconds

Elapsed time: 71-72: total : 4.95 secs, iter cost : 0 seconds

Elapsed time: 72-73: total : 208 millisecs, iter cost : 17 mseconds

num_new_nodes = 22305, current_graph_size = 743495, growth rate = 0.030000 
Elapsed time: 73-74: total : 0 millisecs, iter cost : 0 mseconds

Elapsed time: 74-75: total : 151 millisecs, iter cost : 10 mseconds

all new nodes initialized with years and mapped. FillSameYearSourceNodes with new_nodes_vec.size() = 22305
checking same_year_source_nodes size.
Elapsed time: 75-76: total : 0 millisecs, iter cost : 0 mseconds

new_nodes_vec.size() b4 : 22305

updated  updateGraphAttributesGeneratorNode .... 
Elapsed time: 76-77: total : 676 millisecs, iter cost : 55 mseconds

continuous_node_mapping.size() b5 : 765800, reverse_continuous_node_mapping size = 765800

Inside optimized buildOneNodeConnections...
Initial Free: 79066.5 MB / 81079.4 MB

[prepareGraph] num_vertices = 743495

[prepareGraph] edges = 5839776, offsets = 743496 (should be V+1 = 743496)

[prepareGraph] num_vertices = 743495

[prepareGraph] edges = 5839776, offsets = 743496 (should be V+1 = 743496)

Year 1997: 22305 new nodes, 436708 new edges

Elapsed time: 78-781 : total : 117.602 secs,  this iter cost : 10.663 seconds

Elapsed time: 78-79 : total : 119.747 secs, this iter cost : 10.827 seconds

updateNodeInDegreeOutDegree(year=1997): updated 22305 out-degrees, 222257 in-degrees
Elapsed time: 79-81 : total : 2.902 secs, this iter cost : 0 seconds

Elapsed time: 79-80 : total : 1.523 secs, this iter cost : 0 seconds

Elapsed time: 80-81 : total : 1.371 secs, this iter cost : 0 seconds

Elapsed time: 70-81 : total : 133.252 secs, this iter cost : 11 seconds

 Entering loop for year = 1998
Elapsed time: 70-71: total : 4.915 secs, iter cost : 0 seconds

Elapsed time: 71-72: total : 5.327 secs, iter cost : 0 seconds

Elapsed time: 72-73: total : 225 millisecs, iter cost : 17 mseconds

num_new_nodes = 22974, current_graph_size = 765800, growth rate = 0.030000 
Elapsed time: 73-74: total : 0 millisecs, iter cost : 0 mseconds

Elapsed time: 74-75: total : 161 millisecs, iter cost : 10 mseconds

all new nodes initialized with years and mapped. FillSameYearSourceNodes with new_nodes_vec.size() = 22974
checking same_year_source_nodes size.
Elapsed time: 75-76: total : 0 millisecs, iter cost : 0 mseconds

new_nodes_vec.size() b4 : 22974

updated  updateGraphAttributesGeneratorNode .... 
Elapsed time: 76-77: total : 732 millisecs, iter cost : 56 mseconds

continuous_node_mapping.size() b5 : 788774, reverse_continuous_node_mapping size = 788774

Inside optimized buildOneNodeConnections...
Initial Free: 79060.5 MB / 81079.4 MB

[prepareGraph] num_vertices = 765800

[prepareGraph] edges = 6276484, offsets = 765801 (should be V+1 = 765801)

[prepareGraph] num_vertices = 765800

[prepareGraph] edges = 6276484, offsets = 765801 (should be V+1 = 765801)

Year 1998: 22974 new nodes, 449004 new edges

Elapsed time: 78-781 : total : 128.4 secs,  this iter cost : 10.798 seconds

Elapsed time: 78-79 : total : 130.717 secs, this iter cost : 10.97 seconds

updateNodeInDegreeOutDegree(year=1998): updated 22974 out-degrees, 227192 in-degrees
Elapsed time: 79-81 : total : 3.133 secs, this iter cost : 0 seconds

Elapsed time: 79-80 : total : 1.639 secs, this iter cost : 0 seconds

Elapsed time: 80-81 : total : 1.486 secs, this iter cost : 0 seconds

Elapsed time: 70-81 : total : 145.258 secs, this iter cost : 12 seconds

 Entering loop for year = 1999
Elapsed time: 70-71: total : 5.26 secs, iter cost : 0 seconds

Elapsed time: 71-72: total : 5.714 secs, iter cost : 0 seconds

Elapsed time: 72-73: total : 243 millisecs, iter cost : 18 mseconds

num_new_nodes = 23664, current_graph_size = 788774, growth rate = 0.030000 
Elapsed time: 73-74: total : 0 millisecs, iter cost : 0 mseconds

Elapsed time: 74-75: total : 173 millisecs, iter cost : 12 mseconds

all new nodes initialized with years and mapped. FillSameYearSourceNodes with new_nodes_vec.size() = 23664
checking same_year_source_nodes size.
Elapsed time: 75-76: total : 0 millisecs, iter cost : 0 mseconds

new_nodes_vec.size() b4 : 23664

updated  updateGraphAttributesGeneratorNode .... 
Elapsed time: 76-77: total : 790 millisecs, iter cost : 58 mseconds

continuous_node_mapping.size() b5 : 812438, reverse_continuous_node_mapping size = 812438

Inside optimized buildOneNodeConnections...
Initial Free: 78482.5 MB / 81079.4 MB

[prepareGraph] num_vertices = 788774

[prepareGraph] edges = 6725488, offsets = 788775 (should be V+1 = 788775)

[prepareGraph] num_vertices = 788774

[prepareGraph] edges = 6725488, offsets = 788775 (should be V+1 = 788775)

Year 1999: 23664 new nodes, 462859 new edges

Elapsed time: 78-781 : total : 142.044 secs,  this iter cost : 13.644 seconds

Elapsed time: 78-79 : total : 144.547 secs, this iter cost : 13.83 seconds

updateNodeInDegreeOutDegree(year=1999): updated 23664 out-degrees, 233584 in-degrees
Elapsed time: 79-81 : total : 3.368 secs, this iter cost : 0 seconds

Elapsed time: 79-80 : total : 1.756 secs, this iter cost : 0 seconds

Elapsed time: 80-81 : total : 1.604 secs, this iter cost : 0 seconds

Elapsed time: 70-81 : total : 160.147 secs, this iter cost : 14 seconds

 Entering loop for year = 2000
Elapsed time: 70-71: total : 5.611 secs, iter cost : 0 seconds

Elapsed time: 71-72: total : 6.109 secs, iter cost : 0 seconds

Elapsed time: 72-73: total : 261 millisecs, iter cost : 18 mseconds

num_new_nodes = 24374, current_graph_size = 812438, growth rate = 0.030000 
Elapsed time: 73-74: total : 0 millisecs, iter cost : 0 mseconds

Elapsed time: 74-75: total : 186 millisecs, iter cost : 13 mseconds

all new nodes initialized with years and mapped. FillSameYearSourceNodes with new_nodes_vec.size() = 24374
checking same_year_source_nodes size.
Elapsed time: 75-76: total : 0 millisecs, iter cost : 0 mseconds

new_nodes_vec.size() b4 : 24374

updated  updateGraphAttributesGeneratorNode .... 
Elapsed time: 76-77: total : 850 millisecs, iter cost : 60 mseconds

continuous_node_mapping.size() b5 : 836812, reverse_continuous_node_mapping size = 836812

Inside optimized buildOneNodeConnections...
Initial Free: 78490.5 MB / 81079.4 MB

[prepareGraph] num_vertices = 812438

[prepareGraph] edges = 7188347, offsets = 812439 (should be V+1 = 812439)

[prepareGraph] num_vertices = 812438

[prepareGraph] edges = 7188347, offsets = 812439 (should be V+1 = 812439)

Year 2000: 24374 new nodes, 475782 new edges

Elapsed time: 78-781 : total : 156.688 secs,  this iter cost : 14.644 seconds

Elapsed time: 78-79 : total : 159.377 secs, this iter cost : 14.83 seconds

updateNodeInDegreeOutDegree(year=2000): updated 24374 out-degrees, 239097 in-degrees
Elapsed time: 79-81 : total : 3.626 secs, this iter cost : 0 seconds

Elapsed time: 79-80 : total : 1.892 secs, this iter cost : 0 seconds

Elapsed time: 80-81 : total : 1.725 secs, this iter cost : 0 seconds

Elapsed time: 70-81 : total : 176.075 secs, this iter cost : 15 seconds

 Entering loop for year = 2001
Elapsed time: 70-71: total : 5.97 secs, iter cost : 0 seconds

Elapsed time: 71-72: total : 6.513 secs, iter cost : 0 seconds

Elapsed time: 72-73: total : 280 millisecs, iter cost : 19 mseconds

num_new_nodes = 25105, current_graph_size = 836812, growth rate = 0.030000 
Elapsed time: 73-74: total : 0 millisecs, iter cost : 0 mseconds

Elapsed time: 74-75: total : 199 millisecs, iter cost : 13 mseconds

all new nodes initialized with years and mapped. FillSameYearSourceNodes with new_nodes_vec.size() = 25105
checking same_year_source_nodes size.
Elapsed time: 75-76: total : 0 millisecs, iter cost : 0 mseconds

new_nodes_vec.size() b4 : 25105

updated  updateGraphAttributesGeneratorNode .... 
Elapsed time: 76-77: total : 912 millisecs, iter cost : 62 mseconds

continuous_node_mapping.size() b5 : 861917, reverse_continuous_node_mapping size = 861917

Inside optimized buildOneNodeConnections...
Initial Free: 77772.5 MB / 81079.4 MB

[prepareGraph] num_vertices = 836812

[prepareGraph] edges = 7664129, offsets = 836813 (should be V+1 = 836813)

[prepareGraph] num_vertices = 836812

[prepareGraph] edges = 7664129, offsets = 836813 (should be V+1 = 836813)

Year 2001: 25105 new nodes, 490153 new edges

Elapsed time: 78-781 : total : 171.801 secs,  this iter cost : 15.113 seconds

Elapsed time: 78-79 : total : 174.686 secs, this iter cost : 15.309 seconds

updateNodeInDegreeOutDegree(year=2001): updated 25105 out-degrees, 245206 in-degrees
Elapsed time: 79-81 : total : 3.88 secs, this iter cost : 0 seconds

Elapsed time: 79-80 : total : 2.02 secs, this iter cost : 0 seconds

Elapsed time: 80-81 : total : 1.85 secs, this iter cost : 0 seconds

Elapsed time: 70-81 : total : 192.497 secs, this iter cost : 16 seconds

 Entering loop for year = 2002
Elapsed time: 70-71: total : 6.35 secs, iter cost : 0 seconds

Elapsed time: 71-72: total : 6.925 secs, iter cost : 0 seconds

Elapsed time: 72-73: total : 300 millisecs, iter cost : 20 mseconds

num_new_nodes = 25858, current_graph_size = 861917, growth rate = 0.030000 
Elapsed time: 73-74: total : 0 millisecs, iter cost : 0 mseconds

Elapsed time: 74-75: total : 216 millisecs, iter cost : 17 mseconds

all new nodes initialized with years and mapped. FillSameYearSourceNodes with new_nodes_vec.size() = 25858
checking same_year_source_nodes size.
Elapsed time: 75-76: total : 0 millisecs, iter cost : 0 mseconds

new_nodes_vec.size() b4 : 25858

updated  updateGraphAttributesGeneratorNode .... 
Elapsed time: 76-77: total : 975 millisecs, iter cost : 63 mseconds

continuous_node_mapping.size() b5 : 887775, reverse_continuous_node_mapping size = 887775

Inside optimized buildOneNodeConnections...
Initial Free: 77294.5 MB / 81079.4 MB

[prepareGraph] num_vertices = 861917

[prepareGraph] edges = 8154282, offsets = 861918 (should be V+1 = 861918)

[prepareGraph] num_vertices = 861917

[prepareGraph] edges = 8154282, offsets = 861918 (should be V+1 = 861918)

Year 2002: 25858 new nodes, 505231 new edges

Elapsed time: 78-781 : total : 187.955 secs,  this iter cost : 16.154 seconds

Elapsed time: 78-79 : total : 191.037 secs, this iter cost : 16.351 seconds

updateNodeInDegreeOutDegree(year=2002): updated 25858 out-degrees, 252646 in-degrees
Elapsed time: 79-81 : total : 4.14 secs, this iter cost : 0 seconds

Elapsed time: 79-80 : total : 2.151 secs, this iter cost : 0 seconds

Elapsed time: 80-81 : total : 1.979 secs, this iter cost : 0 seconds

Elapsed time: 70-81 : total : 210.004 secs, this iter cost : 17 seconds

 Entering loop for year = 2003
Elapsed time: 70-71: total : 6.722 secs, iter cost : 0 seconds

Elapsed time: 71-72: total : 7.345 secs, iter cost : 0 seconds

Elapsed time: 72-73: total : 320 millisecs, iter cost : 20 mseconds

num_new_nodes = 26634, current_graph_size = 887775, growth rate = 0.030000 
Elapsed time: 73-74: total : 0 millisecs, iter cost : 0 mseconds

Elapsed time: 74-75: total : 232 millisecs, iter cost : 16 mseconds

all new nodes initialized with years and mapped. FillSameYearSourceNodes with new_nodes_vec.size() = 26634
checking same_year_source_nodes size.
Elapsed time: 75-76: total : 0 millisecs, iter cost : 0 mseconds

new_nodes_vec.size() b4 : 26634

updated  updateGraphAttributesGeneratorNode .... 
Elapsed time: 76-77: total : 1041 millisecs, iter cost : 66 mseconds

continuous_node_mapping.size() b5 : 914409, reverse_continuous_node_mapping size = 914409

Inside optimized buildOneNodeConnections...
Initial Free: 77294.5 MB / 81079.4 MB

[prepareGraph] num_vertices = 887775

[prepareGraph] edges = 8659513, offsets = 887776 (should be V+1 = 887776)

[prepareGraph] num_vertices = 887775

[prepareGraph] edges = 8659513, offsets = 887776 (should be V+1 = 887776)

Year 2003: 26634 new nodes, 520647 new edges

Elapsed time: 78-781 : total : 207.457 secs,  this iter cost : 19.502 seconds

Elapsed time: 78-79 : total : 210.786 secs, this iter cost : 19.749 seconds

updateNodeInDegreeOutDegree(year=2003): updated 26634 out-degrees, 260987 in-degrees
Elapsed time: 79-81 : total : 4.4 secs, this iter cost : 0 seconds

Elapsed time: 79-80 : total : 2.277 secs, this iter cost : 0 seconds

Elapsed time: 80-81 : total : 2.112 secs, this iter cost : 0 seconds

Elapsed time: 70-81 : total : 230.908 secs, this iter cost : 20 seconds

 Entering loop for year = 2004
Elapsed time: 70-71: total : 7.103 secs, iter cost : 0 seconds

Elapsed time: 71-72: total : 7.773 secs, iter cost : 0 seconds

Elapsed time: 72-73: total : 341 millisecs, iter cost : 21 mseconds

num_new_nodes = 27433, current_graph_size = 914409, growth rate = 0.030000 
Elapsed time: 73-74: total : 0 millisecs, iter cost : 0 mseconds

Elapsed time: 74-75: total : 245 millisecs, iter cost : 13 mseconds

all new nodes initialized with years and mapped. FillSameYearSourceNodes with new_nodes_vec.size() = 27433
checking same_year_source_nodes size.
Elapsed time: 75-76: total : 0 millisecs, iter cost : 0 mseconds

new_nodes_vec.size() b4 : 27433

updated  updateGraphAttributesGeneratorNode .... 
Elapsed time: 76-77: total : 1109 millisecs, iter cost : 68 mseconds

continuous_node_mapping.size() b5 : 941842, reverse_continuous_node_mapping size = 941842

Inside optimized buildOneNodeConnections...
Initial Free: 76832.5 MB / 81079.4 MB

[prepareGraph] num_vertices = 914409

[prepareGraph] edges = 9180160, offsets = 914410 (should be V+1 = 914410)

[prepareGraph] num_vertices = 914409

[prepareGraph] edges = 9180160, offsets = 914410 (should be V+1 = 914410)

Year 2004: 27433 new nodes, 536104 new edges

Elapsed time: 78-781 : total : 224.9 secs,  this iter cost : 17.443 seconds

Elapsed time: 78-79 : total : 228.486 secs, this iter cost : 17.7 seconds

updateNodeInDegreeOutDegree(year=2004): updated 27433 out-degrees, 267777 in-degrees
Elapsed time: 79-81 : total : 4.691 secs, this iter cost : 0 seconds

Elapsed time: 79-80 : total : 2.431 secs, this iter cost : 0 seconds

Elapsed time: 80-81 : total : 2.248 secs, this iter cost : 0 seconds

Elapsed time: 70-81 : total : 249.812 secs, this iter cost : 18 seconds

 Entering loop for year = 2005
Elapsed time: 70-71: total : 7.506 secs, iter cost : 0 seconds

Elapsed time: 71-72: total : 8.213 secs, iter cost : 0 seconds

Elapsed time: 72-73: total : 363 millisecs, iter cost : 22 mseconds

num_new_nodes = 28256, current_graph_size = 941842, growth rate = 0.030000 
Elapsed time: 73-74: total : 0 millisecs, iter cost : 0 mseconds

Elapsed time: 74-75: total : 262 millisecs, iter cost : 17 mseconds

all new nodes initialized with years and mapped. FillSameYearSourceNodes with new_nodes_vec.size() = 28256
checking same_year_source_nodes size.
Elapsed time: 75-76: total : 0 millisecs, iter cost : 0 mseconds

new_nodes_vec.size() b4 : 28256

updated  updateGraphAttributesGeneratorNode .... 
Elapsed time: 76-77: total : 1179 millisecs, iter cost : 70 mseconds

continuous_node_mapping.size() b5 : 970098, reverse_continuous_node_mapping size = 970098

Inside optimized buildOneNodeConnections...
Initial Free: 76832.5 MB / 81079.4 MB

[prepareGraph] num_vertices = 941842

[prepareGraph] edges = 9716264, offsets = 941843 (should be V+1 = 941843)

[prepareGraph] num_vertices = 941842

[prepareGraph] edges = 9716264, offsets = 941843 (should be V+1 = 941843)

Year 2005: 28256 new nodes, 552659 new edges

Elapsed time: 78-781 : total : 242.583 secs,  this iter cost : 17.683 seconds

Elapsed time: 78-79 : total : 246.386 secs, this iter cost : 17.9 seconds

updateNodeInDegreeOutDegree(year=2005): updated 28256 out-degrees, 274610 in-degrees
Elapsed time: 79-81 : total : 4.977 secs, this iter cost : 0 seconds

Elapsed time: 79-80 : total : 2.576 secs, this iter cost : 0 seconds

Elapsed time: 80-81 : total : 2.388 secs, this iter cost : 0 seconds

Elapsed time: 70-81 : total : 268.953 secs, this iter cost : 19 seconds

 Entering loop for year = 2006
Elapsed time: 70-71: total : 7.907 secs, iter cost : 0 seconds

Elapsed time: 71-72: total : 8.659 secs, iter cost : 0 seconds

Elapsed time: 72-73: total : 385 millisecs, iter cost : 22 mseconds

num_new_nodes = 29103, current_graph_size = 970098, growth rate = 0.030000 
Elapsed time: 73-74: total : 0 millisecs, iter cost : 0 mseconds

Elapsed time: 74-75: total : 280 millisecs, iter cost : 18 mseconds

all new nodes initialized with years and mapped. FillSameYearSourceNodes with new_nodes_vec.size() = 29103
checking same_year_source_nodes size.
Elapsed time: 75-76: total : 0 millisecs, iter cost : 0 mseconds

new_nodes_vec.size() b4 : 29103

updated  updateGraphAttributesGeneratorNode .... 
Elapsed time: 76-77: total : 1251 millisecs, iter cost : 72 mseconds

continuous_node_mapping.size() b5 : 999201, reverse_continuous_node_mapping size = 999201

Inside optimized buildOneNodeConnections...
Initial Free: 76346.5 MB / 81079.4 MB

[prepareGraph] num_vertices = 970098

[prepareGraph] edges = 10268923, offsets = 970099 (should be V+1 = 970099)

[prepareGraph] num_vertices = 970098

[prepareGraph] edges = 10268923, offsets = 970099 (should be V+1 = 970099)

Year 2006: 29103 new nodes, 568896 new edges

Elapsed time: 78-781 : total : 261.8 secs,  this iter cost : 19.217 seconds

Elapsed time: 78-79 : total : 265.876 secs, this iter cost : 19.49 seconds

updateNodeInDegreeOutDegree(year=2006): updated 29103 out-degrees, 283017 in-degrees
Elapsed time: 79-81 : total : 5.268 secs, this iter cost : 0 seconds

Elapsed time: 79-80 : total : 2.721 secs, this iter cost : 0 seconds

Elapsed time: 80-81 : total : 2.533 secs, this iter cost : 0 seconds

Elapsed time: 70-81 : total : 289.696 secs, this iter cost : 20 seconds

 Entering loop for year = 2007
Elapsed time: 70-71: total : 8.316 secs, iter cost : 0 seconds

Elapsed time: 71-72: total : 9.12 secs, iter cost : 0 seconds

Elapsed time: 72-73: total : 408 millisecs, iter cost : 23 mseconds

num_new_nodes = 29977, current_graph_size = 999201, growth rate = 0.030000 
Elapsed time: 73-74: total : 0 millisecs, iter cost : 0 mseconds

Elapsed time: 74-75: total : 298 millisecs, iter cost : 18 mseconds

all new nodes initialized with years and mapped. FillSameYearSourceNodes with new_nodes_vec.size() = 29977
checking same_year_source_nodes size.
Elapsed time: 75-76: total : 0 millisecs, iter cost : 0 mseconds

new_nodes_vec.size() b4 : 29977

updated  updateGraphAttributesGeneratorNode .... 
Elapsed time: 76-77: total : 1325 millisecs, iter cost : 74 mseconds

continuous_node_mapping.size() b5 : 1029178, reverse_continuous_node_mapping size = 1029178

Inside optimized buildOneNodeConnections...
Initial Free: 76346.5 MB / 81079.4 MB

[prepareGraph] num_vertices = 999201

[prepareGraph] edges = 10837819, offsets = 999202 (should be V+1 = 999202)

[prepareGraph] num_vertices = 999201

[prepareGraph] edges = 10837819, offsets = 999202 (should be V+1 = 999202)

Year 2007: 29977 new nodes, 585942 new edges

Elapsed time: 78-781 : total : 281.209 secs,  this iter cost : 19.409 seconds

Elapsed time: 78-79 : total : 285.563 secs, this iter cost : 19.687 seconds

updateNodeInDegreeOutDegree(year=2007): updated 29977 out-degrees, 290966 in-degrees
Elapsed time: 79-81 : total : 5.58 secs, this iter cost : 0 seconds

Elapsed time: 79-80 : total : 2.883 secs, this iter cost : 0 seconds

Elapsed time: 80-81 : total : 2.683 secs, this iter cost : 0 seconds

Elapsed time: 70-81 : total : 310.684 secs, this iter cost : 20 seconds

 Entering loop for year = 2008
Elapsed time: 70-71: total : 8.746 secs, iter cost : 0 seconds

Elapsed time: 71-72: total : 9.595 secs, iter cost : 0 seconds

Elapsed time: 72-73: total : 432 millisecs, iter cost : 24 mseconds

num_new_nodes = 30876, current_graph_size = 1029178, growth rate = 0.030000 
Elapsed time: 73-74: total : 0 millisecs, iter cost : 0 mseconds

Elapsed time: 74-75: total : 316 millisecs, iter cost : 18 mseconds

all new nodes initialized with years and mapped. FillSameYearSourceNodes with new_nodes_vec.size() = 30876
checking same_year_source_nodes size.
Elapsed time: 75-76: total : 0 millisecs, iter cost : 0 mseconds

new_nodes_vec.size() b4 : 30876

updated  updateGraphAttributesGeneratorNode .... 
Elapsed time: 76-77: total : 1401 millisecs, iter cost : 76 mseconds

continuous_node_mapping.size() b5 : 1060054, reverse_continuous_node_mapping size = 1060054

Inside optimized buildOneNodeConnections...
Initial Free: 75918.5 MB / 81079.4 MB

[prepareGraph] num_vertices = 1029178

[prepareGraph] edges = 11423761, offsets = 1029179 (should be V+1 = 1029179)

[prepareGraph] num_vertices = 1029178

[prepareGraph] edges = 11423761, offsets = 1029179 (should be V+1 = 1029179)

Year 2008: 30876 new nodes, 604242 new edges

Elapsed time: 78-781 : total : 301.356 secs,  this iter cost : 20.147 seconds

Elapsed time: 78-79 : total : 305.946 secs, this iter cost : 20.383 seconds

updateNodeInDegreeOutDegree(year=2008): updated 30876 out-degrees, 299756 in-degrees
Elapsed time: 79-81 : total : 5.892 secs, this iter cost : 0 seconds

Elapsed time: 79-80 : total : 3.041 secs, this iter cost : 0 seconds

Elapsed time: 80-81 : total : 2.836 secs, this iter cost : 0 seconds

Elapsed time: 70-81 : total : 332.406 secs, this iter cost : 21 seconds

 Entering loop for year = 2009
Elapsed time: 70-71: total : 9.166 secs, iter cost : 0 seconds

Elapsed time: 71-72: total : 10.072 secs, iter cost : 0 seconds

Elapsed time: 72-73: total : 456 millisecs, iter cost : 24 mseconds

num_new_nodes = 31802, current_graph_size = 1060054, growth rate = 0.030000 
Elapsed time: 73-74: total : 0 millisecs, iter cost : 0 mseconds

Elapsed time: 74-75: total : 336 millisecs, iter cost : 20 mseconds

all new nodes initialized with years and mapped. FillSameYearSourceNodes with new_nodes_vec.size() = 31802
checking same_year_source_nodes size.
Elapsed time: 75-76: total : 0 millisecs, iter cost : 0 mseconds

new_nodes_vec.size() b4 : 31802

updated  updateGraphAttributesGeneratorNode .... 
Elapsed time: 76-77: total : 1480 millisecs, iter cost : 79 mseconds

continuous_node_mapping.size() b5 : 1091856, reverse_continuous_node_mapping size = 1091856

Inside optimized buildOneNodeConnections...
Initial Free: 75918.5 MB / 81079.4 MB

[prepareGraph] num_vertices = 1060054

[prepareGraph] edges = 12028003, offsets = 1060055 (should be V+1 = 1060055)

[prepareGraph] num_vertices = 1060054

[prepareGraph] edges = 12028003, offsets = 1060055 (should be V+1 = 1060055)

Year 2009: 31802 new nodes, 621477 new edges

Elapsed time: 78-781 : total : 322.477 secs,  this iter cost : 21.121 seconds

Elapsed time: 78-79 : total : 327.358 secs, this iter cost : 21.412 seconds

updateNodeInDegreeOutDegree(year=2009): updated 31802 out-degrees, 307954 in-degrees
Elapsed time: 79-81 : total : 6.206 secs, this iter cost : 0 seconds

Elapsed time: 79-80 : total : 3.195 secs, this iter cost : 0 seconds

Elapsed time: 80-81 : total : 2.995 secs, this iter cost : 0 seconds

Elapsed time: 70-81 : total : 355.155 secs, this iter cost : 22 seconds

 Entering loop for year = 2010
Elapsed time: 70-71: total : 9.59 secs, iter cost : 0 seconds

Elapsed time: 71-72: total : 10.558 secs, iter cost : 0 seconds

Elapsed time: 72-73: total : 481 millisecs, iter cost : 25 mseconds

num_new_nodes = 32756, current_graph_size = 1091856, growth rate = 0.030000 
Elapsed time: 73-74: total : 0 millisecs, iter cost : 0 mseconds

Elapsed time: 74-75: total : 359 millisecs, iter cost : 23 mseconds

all new nodes initialized with years and mapped. FillSameYearSourceNodes with new_nodes_vec.size() = 32756
checking same_year_source_nodes size.
Elapsed time: 75-76: total : 0 millisecs, iter cost : 0 mseconds

new_nodes_vec.size() b4 : 32756

updated  updateGraphAttributesGeneratorNode .... 
Elapsed time: 76-77: total : 1561 millisecs, iter cost : 81 mseconds

continuous_node_mapping.size() b5 : 1124612, reverse_continuous_node_mapping size = 1124612

Inside optimized buildOneNodeConnections...
Initial Free: 75772.5 MB / 81079.4 MB

[prepareGraph] num_vertices = 1091856

[prepareGraph] edges = 12649480, offsets = 1091857 (should be V+1 = 1091857)

[prepareGraph] num_vertices = 1091856

[prepareGraph] edges = 12649480, offsets = 1091857 (should be V+1 = 1091857)

Year 2010: 32756 new nodes, 640515 new edges

Elapsed time: 78-781 : total : 344.454 secs,  this iter cost : 21.977 seconds

Elapsed time: 78-79 : total : 349.685 secs, this iter cost : 22.327 seconds

updateNodeInDegreeOutDegree(year=2010): updated 32756 out-degrees, 316376 in-degrees
Elapsed time: 79-81 : total : 6.551 secs, this iter cost : 0 seconds

Elapsed time: 79-80 : total : 3.376 secs, this iter cost : 0 seconds

Elapsed time: 80-81 : total : 3.158 secs, this iter cost : 0 seconds

Elapsed time: 70-81 : total : 378.868 secs, this iter cost : 23 seconds

 Entering loop for year = 2011
Elapsed time: 70-71: total : 10.045 secs, iter cost : 0 seconds

Elapsed time: 71-72: total : 11.062 secs, iter cost : 0 seconds

Elapsed time: 72-73: total : 507 millisecs, iter cost : 26 mseconds

num_new_nodes = 33739, current_graph_size = 1124612, growth rate = 0.030000 
Elapsed time: 73-74: total : 0 millisecs, iter cost : 0 mseconds

Elapsed time: 74-75: total : 384 millisecs, iter cost : 25 mseconds

all new nodes initialized with years and mapped. FillSameYearSourceNodes with new_nodes_vec.size() = 33739
checking same_year_source_nodes size.
Elapsed time: 75-76: total : 0 millisecs, iter cost : 0 mseconds

new_nodes_vec.size() b4 : 33739

updated  updateGraphAttributesGeneratorNode .... 
Elapsed time: 76-77: total : 1645 millisecs, iter cost : 84 mseconds

continuous_node_mapping.size() b5 : 1158351, reverse_continuous_node_mapping size = 1158351

Inside optimized buildOneNodeConnections...
Initial Free: 75644.5 MB / 81079.4 MB

[prepareGraph] num_vertices = 1124612

[prepareGraph] edges = 13289995, offsets = 1124613 (should be V+1 = 1124613)

[prepareGraph] num_vertices = 1124612

[prepareGraph] edges = 13289995, offsets = 1124613 (should be V+1 = 1124613)

Year 2011: 33739 new nodes, 660368 new edges

Elapsed time: 78-781 : total : 368.229 secs,  this iter cost : 23.775 seconds

Elapsed time: 78-79 : total : 373.726 secs, this iter cost : 24.041 seconds

updateNodeInDegreeOutDegree(year=2011): updated 33739 out-degrees, 325637 in-degrees
Elapsed time: 79-81 : total : 6.89 secs, this iter cost : 0 seconds

Elapsed time: 79-80 : total : 3.546 secs, this iter cost : 0 seconds

Elapsed time: 80-81 : total : 3.326 secs, this iter cost : 0 seconds

Elapsed time: 70-81 : total : 404.345 secs, this iter cost : 25 seconds

 Entering loop for year = 2012
Elapsed time: 70-71: total : 10.487 secs, iter cost : 0 seconds

Elapsed time: 71-72: total : 11.566 secs, iter cost : 0 seconds

Elapsed time: 72-73: total : 533 millisecs, iter cost : 26 mseconds

num_new_nodes = 34751, current_graph_size = 1158351, growth rate = 0.030000 
Elapsed time: 73-74: total : 0 millisecs, iter cost : 0 mseconds

Elapsed time: 74-75: total : 409 millisecs, iter cost : 25 mseconds

all new nodes initialized with years and mapped. FillSameYearSourceNodes with new_nodes_vec.size() = 34751
checking same_year_source_nodes size.
Elapsed time: 75-76: total : 0 millisecs, iter cost : 0 mseconds

new_nodes_vec.size() b4 : 34751

updated  updateGraphAttributesGeneratorNode .... 
Elapsed time: 76-77: total : 1731 millisecs, iter cost : 86 mseconds

continuous_node_mapping.size() b5 : 1193102, reverse_continuous_node_mapping size = 1193102

Inside optimized buildOneNodeConnections...
Initial Free: 75640.5 MB / 81079.4 MB

[prepareGraph] num_vertices = 1158351

[prepareGraph] edges = 13950363, offsets = 1158352 (should be V+1 = 1158352)

[prepareGraph] num_vertices = 1158351

[prepareGraph] edges = 13950363, offsets = 1158352 (should be V+1 = 1158352)

Year 2012: 34751 new nodes, 679341 new edges

Elapsed time: 78-781 : total : 392.056 secs,  this iter cost : 23.827 seconds

Elapsed time: 78-79 : total : 397.989 secs, this iter cost : 24.263 seconds

updateNodeInDegreeOutDegree(year=2012): updated 34751 out-degrees, 335303 in-degrees
Elapsed time: 79-81 : total : 7.252 secs, this iter cost : 0 seconds

Elapsed time: 79-80 : total : 3.734 secs, this iter cost : 0 seconds

Elapsed time: 80-81 : total : 3.499 secs, this iter cost : 0 seconds

Elapsed time: 70-81 : total : 430.056 secs, this iter cost : 25 seconds

Elapsed time: 7-8 :  430 seconds

compute done:: graph size = 1193102
Elapsed time: 8-8.1 :  0 seconds

Writing Graph to file: ./output/30y/gpu-opt-static-output-30y-3p.edgelist

Elapsed time: 8.1-9 :  1 seconds

Elapsed time: 9-10 :  0 seconds

 graph size = 1193102
WriteAttributes: graph size = 1193102

Elapsed time: 0-1 : 3 seconds

Elapsed time: 1-4 : 0 seconds

Elapsed time: 4-7 : 0 seconds

Elapsed time: 70-71: total : 10.487 seconds.

Elapsed time: 71-72: total : 11.566 seconds.

Elapsed time: 72-73: total : 0.533 seconds.

Elapsed time: 73-74: total : 0 seconds.

Elapsed time: 74-75: total : 0.409 seconds.

Elapsed time: 75-76: total : 0 seconds.

Elapsed time: 76-77: total : 1.731 seconds.

Elapsed time: 77-79: total : 397.989 seconds.

Elapsed time: 79-81 : total : 7.252 seconds.

Elapsed time: 79-80 : total : 3.734 seconds.

Elapsed time: 80-81 : total : 3.499 seconds.

Elapsed time: 70-81 : total : 430.056 seconds.

Elapsed time: 7-8 : 430 seconds

Elapsed time: 8-8.1 :  0 seconds

Elapsed time: 8.1-9 :  1 seconds

Elapsed time: 9-10 : 0 seconds

Elapsed time: 11-12 : 1 seconds

Elapsed time: 10-12 : 2 seconds

Elapsed time: 0-7 : 3 seconds

Elapsed time: 7-8 : 430 seconds

Elapsed time: 8-12 : 4 seconds

E2E Time for num_cycles = 30 with growth_rate = 3 % = 440 seconds.
Generating '/tmp/nsys-report-d55d.qdstrm'
[1/7] [0%                          ] nsys-pa-30y-3p.nsys-rep[1/7] [0%                          ] nsys-pa-30y-3p.nsys-rep[1/7] [0%                          ] nsys-pa-30y-3p.nsys-rep[1/7] [5%                          ] nsys-pa-30y-3p.nsys-rep[1/7] [5%                          ] nsys-pa-30y-3p.nsys-rep[1/7] [7%                          ] nsys-pa-30y-3p.nsys-rep[1/7] [8%                          ] nsys-pa-30y-3p.nsys-rep[1/7] [7%                          ] nsys-pa-30y-3p.nsys-rep[1/7] [8%                          ] nsys-pa-30y-3p.nsys-rep[1/7] [9%                          ] nsys-pa-30y-3p.nsys-rep[1/7] [11%                         ] nsys-pa-30y-3p.nsys-rep[1/7] [13%                         ] nsys-pa-30y-3p.nsys-rep[1/7] [12%                         ] nsys-pa-30y-3p.nsys-rep[1/7] [14%                         ] nsys-pa-30y-3p.nsys-rep[1/7] [=15%                        ] nsys-pa-30y-3p.nsys-rep[1/7] [14%                         ] nsys-pa-30y-3p.nsys-rep[1/7] [=15%                        ] nsys-pa-30y-3p.nsys-rep[1/7] [14%                         ] nsys-pa-30y-3p.nsys-rep[1/7] [=16%                        ] nsys-pa-30y-3p.nsys-rep[1/7] [=15%                        ] nsys-pa-30y-3p.nsys-rep[1/7] [=16%                        ] nsys-pa-30y-3p.nsys-rep[1/7] [=15%                        ] nsys-pa-30y-3p.nsys-rep[1/7] [=17%                        ] nsys-pa-30y-3p.nsys-rep[1/7] [=16%                        ] nsys-pa-30y-3p.nsys-rep[1/7] [=17%                        ] nsys-pa-30y-3p.nsys-rep[1/7] [=16%                        ] nsys-pa-30y-3p.nsys-rep[1/7] [=17%                        ] nsys-pa-30y-3p.nsys-rep[1/7] [=16%                        ] nsys-pa-30y-3p.nsys-rep[1/7] [=17%                        ] nsys-pa-30y-3p.nsys-rep[1/7] [=16%                        ] nsys-pa-30y-3p.nsys-rep[1/7] [=17%                        ] nsys-pa-30y-3p.nsys-rep[1/7] [=16%                        ] nsys-pa-30y-3p.nsys-rep[1/7] [=15%                        ] nsys-pa-30y-3p.nsys-rep[1/7] [=16%                        ] nsys-pa-30y-3p.nsys-rep[1/7] [=15%                        ] nsys-pa-30y-3p.nsys-rep[1/7] [=16%                        ] nsys-pa-30y-3p.nsys-rep[1/7] [=15%                        ] nsys-pa-30y-3p.nsys-rep[1/7] [=16%                        ] nsys-pa-30y-3p.nsys-rep[1/7] [=15%                        ] nsys-pa-30y-3p.nsys-rep[1/7] [=16%                        ] nsys-pa-30y-3p.nsys-rep[1/7] [=15%                        ] nsys-pa-30y-3p.nsys-rep[1/7] [14%                         ] nsys-pa-30y-3p.nsys-rep[1/7] [13%                         ] nsys-pa-30y-3p.nsys-rep[1/7] [12%                         ] nsys-pa-30y-3p.nsys-rep[1/7] [11%                         ] nsys-pa-30y-3p.nsys-rep[1/7] [10%                         ] nsys-pa-30y-3p.nsys-rep[1/7] [9%                          ] nsys-pa-30y-3p.nsys-rep[1/7] [8%                          ] nsys-pa-30y-3p.nsys-rep[1/7] [7%                          ] nsys-pa-30y-3p.nsys-rep[1/7] [6%                          ] nsys-pa-30y-3p.nsys-rep[1/7] [5%                          ] nsys-pa-30y-3p.nsys-rep[1/7] [0%                          ] nsys-pa-30y-3p.nsys-rep[1/7] [5%                          ] nsys-pa-30y-3p.nsys-rep[1/7] [6%                          ] nsys-pa-30y-3p.nsys-rep[1/7] [7%                          ] nsys-pa-30y-3p.nsys-rep[1/7] [8%                          ] nsys-pa-30y-3p.nsys-rep[1/7] [9%                          ] nsys-pa-30y-3p.nsys-rep[1/7] [10%                         ] nsys-pa-30y-3p.nsys-rep[1/7] [11%                         ] nsys-pa-30y-3p.nsys-rep[1/7] [12%                         ] nsys-pa-30y-3p.nsys-rep[1/7] [13%                         ] nsys-pa-30y-3p.nsys-rep[1/7] [14%                         ] nsys-pa-30y-3p.nsys-rep[1/7] [=15%                        ] nsys-pa-30y-3p.nsys-rep[1/7] [=16%                        ] nsys-pa-30y-3p.nsys-rep[1/7] [=17%                        ] nsys-pa-30y-3p.nsys-rep[1/7] [==18%                       ] nsys-pa-30y-3p.nsys-rep[1/7] [==19%                       ] nsys-pa-30y-3p.nsys-rep[1/7] [==20%                       ] nsys-pa-30y-3p.nsys-rep[1/7] [==21%                       ] nsys-pa-30y-3p.nsys-rep[1/7] [===22%                      ] nsys-pa-30y-3p.nsys-rep[1/7] [===23%                      ] nsys-pa-30y-3p.nsys-rep[1/7] [===24%                      ] nsys-pa-30y-3p.nsys-rep[1/7] [====25%                     ] nsys-pa-30y-3p.nsys-rep[1/7] [====26%                     ] nsys-pa-30y-3p.nsys-rep[1/7] [====27%                     ] nsys-pa-30y-3p.nsys-rep[1/7] [====28%                     ] nsys-pa-30y-3p.nsys-rep[1/7] [=====29%                    ] nsys-pa-30y-3p.nsys-rep[1/7] [=====30%                    ] nsys-pa-30y-3p.nsys-rep[1/7] [=====31%                    ] nsys-pa-30y-3p.nsys-rep[1/7] [=====32%                    ] nsys-pa-30y-3p.nsys-rep[1/7] [======33%                   ] nsys-pa-30y-3p.nsys-rep[1/7] [======34%                   ] nsys-pa-30y-3p.nsys-rep[1/7] [======35%                   ] nsys-pa-30y-3p.nsys-rep[1/7] [=======36%                  ] nsys-pa-30y-3p.nsys-rep[1/7] [=======37%                  ] nsys-pa-30y-3p.nsys-rep[1/7] [=======38%                  ] nsys-pa-30y-3p.nsys-rep[1/7] [=======39%                  ] nsys-pa-30y-3p.nsys-rep[1/7] [========40%                 ] nsys-pa-30y-3p.nsys-rep[1/7] [========41%                 ] nsys-pa-30y-3p.nsys-rep[1/7] [========42%                 ] nsys-pa-30y-3p.nsys-rep[1/7] [=========43%                ] nsys-pa-30y-3p.nsys-rep[1/7] [=========44%                ] nsys-pa-30y-3p.nsys-rep[1/7] [=========45%                ] nsys-pa-30y-3p.nsys-rep[1/7] [=========46%                ] nsys-pa-30y-3p.nsys-rep[1/7] [==========47%               ] nsys-pa-30y-3p.nsys-rep[1/7] [==========48%               ] nsys-pa-30y-3p.nsys-rep[1/7] [==========49%               ] nsys-pa-30y-3p.nsys-rep[1/7] [===========50%              ] nsys-pa-30y-3p.nsys-rep[1/7] [===========51%              ] nsys-pa-30y-3p.nsys-rep[1/7] [===========52%              ] nsys-pa-30y-3p.nsys-rep[1/7] [===========53%              ] nsys-pa-30y-3p.nsys-rep[1/7] [============54%             ] nsys-pa-30y-3p.nsys-rep[1/7] [============55%             ] nsys-pa-30y-3p.nsys-rep[1/7] [============56%             ] nsys-pa-30y-3p.nsys-rep[1/7] [============57%             ] nsys-pa-30y-3p.nsys-rep[1/7] [=============58%            ] nsys-pa-30y-3p.nsys-rep[1/7] [=============59%            ] nsys-pa-30y-3p.nsys-rep[1/7] [=============60%            ] nsys-pa-30y-3p.nsys-rep[1/7] [==============61%           ] nsys-pa-30y-3p.nsys-rep[1/7] [==============62%           ] nsys-pa-30y-3p.nsys-rep[1/7] [==============63%           ] nsys-pa-30y-3p.nsys-rep[1/7] [==============64%           ] nsys-pa-30y-3p.nsys-rep[1/7] [===============65%          ] nsys-pa-30y-3p.nsys-rep[1/7] [===============66%          ] nsys-pa-30y-3p.nsys-rep[1/7] [===============67%          ] nsys-pa-30y-3p.nsys-rep[1/7] [================68%         ] nsys-pa-30y-3p.nsys-rep[1/7] [================69%         ] nsys-pa-30y-3p.nsys-rep[1/7] [================70%         ] nsys-pa-30y-3p.nsys-rep[1/7] [================71%         ] nsys-pa-30y-3p.nsys-rep[1/7] [=================72%        ] nsys-pa-30y-3p.nsys-rep[1/7] [=================73%        ] nsys-pa-30y-3p.nsys-rep[1/7] [=================74%        ] nsys-pa-30y-3p.nsys-rep[1/7] [==================75%       ] nsys-pa-30y-3p.nsys-rep[1/7] [==================76%       ] nsys-pa-30y-3p.nsys-rep[1/7] [==================77%       ] nsys-pa-30y-3p.nsys-rep[1/7] [==================78%       ] nsys-pa-30y-3p.nsys-rep[1/7] [===================79%      ] nsys-pa-30y-3p.nsys-rep[1/7] [===================80%      ] nsys-pa-30y-3p.nsys-rep[1/7] [===================81%      ] nsys-pa-30y-3p.nsys-rep[1/7] [===================82%      ] nsys-pa-30y-3p.nsys-rep[1/7] [====================83%     ] nsys-pa-30y-3p.nsys-rep[1/7] [====================84%     ] nsys-pa-30y-3p.nsys-rep[1/7] [====================85%     ] nsys-pa-30y-3p.nsys-rep[1/7] [========================100%] nsys-pa-30y-3p.nsys-rep[1/7] [========================100%] nsys-pa-30y-3p.nsys-rep
[2/7] [0%                          ] nsys-pa-30y-3p.sqlite[2/7] [1%                          ] nsys-pa-30y-3p.sqlite[2/7] [2%                          ] nsys-pa-30y-3p.sqlite[2/7] [3%                          ] nsys-pa-30y-3p.sqlite[2/7] [4%                          ] nsys-pa-30y-3p.sqlite[2/7] [5%                          ] nsys-pa-30y-3p.sqlite[2/7] [6%                          ] nsys-pa-30y-3p.sqlite[2/7] [7%                          ] nsys-pa-30y-3p.sqlite[2/7] [8%                          ] nsys-pa-30y-3p.sqlite[2/7] [9%                          ] nsys-pa-30y-3p.sqlite[2/7] [10%                         ] nsys-pa-30y-3p.sqlite[2/7] [11%                         ] nsys-pa-30y-3p.sqlite[2/7] [12%                         ] nsys-pa-30y-3p.sqlite[2/7] [13%                         ] nsys-pa-30y-3p.sqlite[2/7] [14%                         ] nsys-pa-30y-3p.sqlite[2/7] [=15%                        ] nsys-pa-30y-3p.sqlite[2/7] [=16%                        ] nsys-pa-30y-3p.sqlite[2/7] [=17%                        ] nsys-pa-30y-3p.sqlite[2/7] [==18%                       ] nsys-pa-30y-3p.sqlite[2/7] [==19%                       ] nsys-pa-30y-3p.sqlite[2/7] [==20%                       ] nsys-pa-30y-3p.sqlite[2/7] [==21%                       ] nsys-pa-30y-3p.sqlite[2/7] [===22%                      ] nsys-pa-30y-3p.sqlite[2/7] [===23%                      ] nsys-pa-30y-3p.sqlite[2/7] [===24%                      ] nsys-pa-30y-3p.sqlite[2/7] [====25%                     ] nsys-pa-30y-3p.sqlite[2/7] [====26%                     ] nsys-pa-30y-3p.sqlite[2/7] [====27%                     ] nsys-pa-30y-3p.sqlite[2/7] [====28%                     ] nsys-pa-30y-3p.sqlite[2/7] [=====29%                    ] nsys-pa-30y-3p.sqlite[2/7] [=====30%                    ] nsys-pa-30y-3p.sqlite[2/7] [=====31%                    ] nsys-pa-30y-3p.sqlite[2/7] [=====32%                    ] nsys-pa-30y-3p.sqlite[2/7] [======33%                   ] nsys-pa-30y-3p.sqlite[2/7] [======34%                   ] nsys-pa-30y-3p.sqlite[2/7] [======35%                   ] nsys-pa-30y-3p.sqlite[2/7] [=======36%                  ] nsys-pa-30y-3p.sqlite[2/7] [=======37%                  ] nsys-pa-30y-3p.sqlite[2/7] [=======38%                  ] nsys-pa-30y-3p.sqlite[2/7] [=======39%                  ] nsys-pa-30y-3p.sqlite[2/7] [========40%                 ] nsys-pa-30y-3p.sqlite[2/7] [========41%                 ] nsys-pa-30y-3p.sqlite[2/7] [========42%                 ] nsys-pa-30y-3p.sqlite[2/7] [=========43%                ] nsys-pa-30y-3p.sqlite[2/7] [=========44%                ] nsys-pa-30y-3p.sqlite[2/7] [=========45%                ] nsys-pa-30y-3p.sqlite[2/7] [=========46%                ] nsys-pa-30y-3p.sqlite[2/7] [==========47%               ] nsys-pa-30y-3p.sqlite[2/7] [==========48%               ] nsys-pa-30y-3p.sqlite[2/7] [==========49%               ] nsys-pa-30y-3p.sqlite[2/7] [===========50%              ] nsys-pa-30y-3p.sqlite[2/7] [===========51%              ] nsys-pa-30y-3p.sqlite[2/7] [===========52%              ] nsys-pa-30y-3p.sqlite[2/7] [===========53%              ] nsys-pa-30y-3p.sqlite[2/7] [============54%             ] nsys-pa-30y-3p.sqlite[2/7] [============55%             ] nsys-pa-30y-3p.sqlite[2/7] [============56%             ] nsys-pa-30y-3p.sqlite[2/7] [============57%             ] nsys-pa-30y-3p.sqlite[2/7] [=============58%            ] nsys-pa-30y-3p.sqlite[2/7] [=============59%            ] nsys-pa-30y-3p.sqlite[2/7] [=============60%            ] nsys-pa-30y-3p.sqlite[2/7] [==============61%           ] nsys-pa-30y-3p.sqlite[2/7] [==============62%           ] nsys-pa-30y-3p.sqlite[2/7] [==============63%           ] nsys-pa-30y-3p.sqlite[2/7] [==============64%           ] nsys-pa-30y-3p.sqlite[2/7] [===============65%          ] nsys-pa-30y-3p.sqlite[2/7] [===============66%          ] nsys-pa-30y-3p.sqlite[2/7] [===============67%          ] nsys-pa-30y-3p.sqlite[2/7] [================68%         ] nsys-pa-30y-3p.sqlite[2/7] [================69%         ] nsys-pa-30y-3p.sqlite[2/7] [================70%         ] nsys-pa-30y-3p.sqlite[2/7] [================71%         ] nsys-pa-30y-3p.sqlite[2/7] [=================72%        ] nsys-pa-30y-3p.sqlite[2/7] [=================73%        ] nsys-pa-30y-3p.sqlite[2/7] [=================74%        ] nsys-pa-30y-3p.sqlite[2/7] [==================75%       ] nsys-pa-30y-3p.sqlite[2/7] [==================76%       ] nsys-pa-30y-3p.sqlite[2/7] [==================77%       ] nsys-pa-30y-3p.sqlite[2/7] [==================78%       ] nsys-pa-30y-3p.sqlite[2/7] [===================79%      ] nsys-pa-30y-3p.sqlite[2/7] [===================80%      ] nsys-pa-30y-3p.sqlite[2/7] [===================81%      ] nsys-pa-30y-3p.sqlite[2/7] [===================82%      ] nsys-pa-30y-3p.sqlite[2/7] [====================83%     ] nsys-pa-30y-3p.sqlite[2/7] [====================84%     ] nsys-pa-30y-3p.sqlite[2/7] [====================85%     ] nsys-pa-30y-3p.sqlite[2/7] [=====================86%    ] nsys-pa-30y-3p.sqlite[2/7] [=====================87%    ] nsys-pa-30y-3p.sqlite[2/7] [=====================88%    ] nsys-pa-30y-3p.sqlite[2/7] [=====================89%    ] nsys-pa-30y-3p.sqlite[2/7] [======================90%   ] nsys-pa-30y-3p.sqlite[2/7] [======================91%   ] nsys-pa-30y-3p.sqlite[2/7] [======================92%   ] nsys-pa-30y-3p.sqlite[2/7] [=======================93%  ] nsys-pa-30y-3p.sqlite[2/7] [=======================94%  ] nsys-pa-30y-3p.sqlite[2/7] [=======================95%  ] nsys-pa-30y-3p.sqlite[2/7] [=======================96%  ] nsys-pa-30y-3p.sqlite[2/7] [========================97% ] nsys-pa-30y-3p.sqlite[2/7] [========================98% ] nsys-pa-30y-3p.sqlite[2/7] [========================99% ] nsys-pa-30y-3p.sqlite[2/7] [========================100%] nsys-pa-30y-3p.sqlite[2/7] [========================100%] nsys-pa-30y-3p.sqlite
[3/7] Executing 'nvtx_sum' stats report

 Time (%)  Total Time (ns)  Instances  Avg (ns)  Med (ns)  Min (ns)  Max (ns)   StdDev (ns)   Style              Range            
 --------  ---------------  ---------  --------  --------  --------  ---------  -----------  -------  ----------------------------
     99.9    3,506,344,254    701,630   4,997.4   4,823.0     4,387  9,042,748     14,809.2  PushPop  CCCL:cub::DeviceFor::Bulk   
      0.0        1,666,146         60  27,769.1  27,201.5    20,300     41,381      4,741.8  PushPop  CCCL:thrust::copy           
      0.0        1,171,384         30  39,046.1  38,661.0    29,591     52,583      5,802.0  PushPop  CCCL:uninitialized_fill_n   
      0.0          830,835         30  27,694.5  27,122.5    20,924     40,601      4,744.8  PushPop  CCCL:thrust::two_system_copy

[4/7] Executing 'cuda_api_sum' stats report

 Time (%)  Total Time (ns)  Num Calls     Avg (ns)      Med (ns)    Min (ns)    Max (ns)       StdDev (ns)                 Name             
 --------  ---------------  ----------  -------------  -----------  --------  -------------  ---------------  ------------------------------
     41.4  134,512,690,748         266  505,686,807.3  1,363,499.5     5,367  5,455,114,813  1,052,797,213.9  cudaStreamSynchronize         
     22.3   72,389,598,180  11,225,952        6,448.4      4,090.0     2,791      8,305,316         14,762.4  cudaMemcpy                    
     17.0   55,196,729,694   8,420,278        6,555.2      5,940.0     3,830    240,024,554        108,572.8  cudaFree                      
     15.5   50,248,244,756   9,823,374        5,115.2      4,399.0     1,962    310,634,481        108,989.9  cudaMalloc                    
      1.4    4,637,341,563   1,403,478        3,304.2      3,123.0     2,746      2,589,674          3,375.9  cudaMemset                    
      1.2    3,945,790,112         360   10,960,528.1    551,159.0     9,987    191,278,999     36,042,587.1  cudaMemcpyAsync               
      0.7    2,316,734,101     701,984        3,300.3      3,010.0     2,700     68,147,238         82,809.5  cudaLaunchKernel              
      0.2      666,457,819     701,690          949.8        827.0       620     23,487,575         28,354.1  cudaMallocAsync_v11020        
      0.2      666,392,650     701,630          949.8        875.0       669        353,534            953.8  cudaFreeAsync_v11020          
      0.0      136,567,949          30    4,552,265.0     52,946.0    43,415    135,007,263     24,639,016.9  cudaMemGetInfo                
      0.0       43,949,717         176      249,714.3     31,904.5     9,838      8,025,647      1,062,006.8  cudaMallocManaged             
      0.0        9,388,400          88      106,686.4     43,362.5     7,214        398,758        113,887.3  cudaDeviceSynchronize         
      0.0          988,585          60       16,476.4     15,820.0     8,189         24,342          5,315.4  cudaMemsetAsync               
      0.0          859,422          30       28,647.4     25,238.0    23,298        129,218         19,021.8  cudaStreamCreate              
      0.0          509,134          30       16,971.1     15,325.0    13,656         26,321          3,505.8  cudaStreamDestroy             
      0.0           34,786          30        1,159.5      1,152.0       943          1,419            119.9  cuStreamSynchronize           
      0.0            1,759           1        1,759.0      1,759.0     1,759          1,759              0.0  cudaGetDriverEntryPoint_v11030
      0.0            1,668           1        1,668.0      1,668.0     1,668          1,668              0.0  cuInit                        
      0.0            1,367           1        1,367.0      1,367.0     1,367          1,367              0.0  cuModuleGetLoadingMode        
      0.0            1,144           2          572.0        572.0       507            637             91.9  cuGetProcAddress_v2           

[5/7] Executing 'cuda_gpu_kern_sum' stats report

 Time (%)  Total Time (ns)  Instances     Avg (ns)         Med (ns)       Min (ns)      Max (ns)       StdDev (ns)                                                    Name                                                
 --------  ---------------  ---------  ---------------  ---------------  -----------  -------------  ---------------  ----------------------------------------------------------------------------------------------------
     83.8  116,617,135,687         44  2,650,389,447.4  2,646,881,781.0  928,381,170  5,455,083,961  1,026,985,529.8  kernelCallStage1(int, int, int, ABM *, Graph *, DeviceGraph *, DeviceGraph *, device_map<int, Node>…
     11.7   16,348,432,491         44    371,555,283.9    371,718,571.0  122,563,565    684,494,963    162,903,919.4  kernelCallStage3(int, int, int, ABM *, Graph *, int, device_map<int, Node>::device_view, ABMStageSt…
      2.7    3,769,309,750         30    125,643,658.3    121,662,548.5   67,776,568    191,275,915     35,140,320.2  void cuco::legacy::detail::insert<(unsigned long)128, (unsigned int)4, cuco::pair<int, int> *, cuda…
      1.1    1,491,958,713         44     33,908,152.6     29,330,384.0   10,512,616    172,451,997     24,744,156.6  kernelCallStage2(int, int, int, ABM *, Graph *, cuco::static_set_ref<int, (cuda::std::__4::thread_s…
      0.6      852,896,891    701,600          1,215.6          1,248.0        1,087          1,952             95.0  void cub::CUB_300103_SM_600::detail::for_each::static_kernel<cub::CUB_300103_SM_600::detail::for_ea…
      0.0       50,430,190         44      1,146,140.7      1,167,266.5      752,002      1,361,154        139,848.5  kernelCallStage4(int, int, int, ABM *, Graph *, int, device_map<int, Node>::device_view, ABMStageSt…
      0.0        8,999,873         88        102,271.3         37,792.0        4,895        390,048        111,879.7  kernel_extract_vector_sizes(device_vector *, int *, int)                                            
      0.0        5,613,159         30        187,105.3        178,464.0       56,960        377,249         78,558.6  void cuco::detail::open_addressing_ns::insert_if_n<(int)1, (int)128, int *, thrust::THRUST_300103_S…
      0.0          120,126         30          4,004.2          3,840.0        2,944          5,248            659.2  void cuco::legacy::detail::initialize<(unsigned long)256, cuda::__4::atomic<int, (cuda::std::__4::t…
      0.0           41,823         30          1,394.1          1,392.0        1,280          1,504             90.8  void cub::CUB_300103_SM_600::detail::for_each::static_kernel<cub::CUB_300103_SM_600::detail::for_ea…

[6/7] Executing 'cuda_gpu_mem_time_sum' stats report

 Time (%)  Total Time (ns)    Count    Avg (ns)  Med (ns)  Min (ns)  Max (ns)   StdDev (ns)               Operation              
 --------  ---------------  ---------  --------  --------  --------  ---------  -----------  ------------------------------------
     43.7    6,881,570,639  8,419,720     817.3     768.0       703  8,199,726     13,075.1  [CUDA memcpy Host-to-Device]        
     42.7    6,726,086,939  2,806,592   2,396.5   2,400.0     1,888     26,912        130.9  [CUDA memcpy Device-to-Host]        
     13.5    2,122,157,667  1,403,538   1,512.0   1,472.0       704    840,002      5,408.7  [CUDA memset]                       
      0.1       17,790,230      5,846   3,043.1   2,623.0     2,303     35,935      1,778.5  [CUDA memcpy Unified Host-to-Device]
      0.0        5,276,841      1,340   3,937.9   2,816.0     2,335     56,799      2,959.3  [CUDA memcpy Unified Device-to-Host]

[7/7] Executing 'cuda_gpu_mem_size_sum' stats report

 Total (MB)     Count    Avg (MB)  Med (MB)  Min (MB)  Max (MB)   StdDev (MB)               Operation              
 -----------  ---------  --------  --------  --------  ---------  -----------  ------------------------------------
 364,814.270  1,403,538     0.260     0.105     0.000  2,737.224       17.653  [CUDA memset]                       
   5,738.502  8,419,720     0.001     0.000     0.000     95.448        0.155  [CUDA memcpy Host-to-Device]        
     210.873  2,806,592     0.000     0.000     0.000      1.112        0.004  [CUDA memcpy Device-to-Host]        
     175.374      5,846     0.030     0.008     0.004      1.040        0.094  [CUDA memcpy Unified Host-to-Device]
     101.843      1,340     0.076     0.025     0.004      1.044        0.136  [CUDA memcpy Unified Device-to-Host]

Generated:
    /home/jmukher/workspace/uiuc/citation_abm/./profile/nsys-pa-30y-3p.nsys-rep
    /home/jmukher/workspace/uiuc/citation_abm/./profile/nsys-pa-30y-3p.sqlite
SUCCESS: 417M → ./profile/nsys-pa-30y-3p.nsys-rep
Running growth rate 5% for 30 years.
Profile output: ./profile/nsys-pa-30y-5p.nsys-rep
CMD: nsys profile --trace=cuda,nvtx --stats=true --force-overwrite=true -o ./profile/nsys-pa-30y-5p ./abm --edgelist sj_edgelist --nodelist sj_nodelist --out-degree-bag tcen_at_least_five --recency-probabilities sj_recprob --alpha 0.5 --preferential-weight 0.33 --recency-weight 0.33 --fitness-weight 0.33 --growth-rate .05 --fully-random-citations 0.05 --num-cycles 30 --same-year-proportion 0.12 --output-file ./output/30y/gpu-opt-static-output-30y-5p.edgelist --auxiliary-information-file ./output/30y/gpu-opt-static-output-30y-5p.aux --log-file ./output/30y/nsys-gpu-opt-static-pa-30y-5p.log --num-processors 14 --log-level 1

Start ABM....
parse_args....
edgelist....
num-cycles....
output-file....
log-file = ./output/30y/nsys-gpu-opt-static-pa-30y-5p.log....
num-processors = 14....
log-level = 0
Init ABM....
Exec ABM....
Start execute.Init Graph
Inside  Graph ParseNodelist.....
Populating the continuous_node mappings..
Elapsed time: ParseNodelist : 1108 millisecs = 1 seconds

Inside Graph ParseEdgelist.....
Elapsed time: ParseEdgelist : 1574 millisecs = 1 seconds

In updateNodeInDegreeOutDegree: Update Outdegree first:
In updateNodeInDegreeOutDegree: Update Indegree:
Total (initial):: In-Degree = 899050, Out-Degree = 899050
Elapsed time: 0-1 : 1 seconds
Elapsed time: 1-2 : 1 seconds
Elapsed time: 2-3 : 0 seconds

Initialized Graph. Let us update the indegree and out-degrees... 
Graph init done...
calling InitializeFitness...
final graph size is 2124405 from initial_graph_size of 491532.
 populated out degree array.
 Entering loop for year = 1983
Elapsed time: 70-71: total : 0.279 secs, iter cost : 0 seconds

Elapsed time: 71-72: total : 0.297 secs, iter cost : 0 seconds

Elapsed time: 72-73: total : 12 millisecs, iter cost : 12 mseconds

num_new_nodes = 24577, current_graph_size = 491532, growth rate = 0.050000 
Elapsed time: 73-74: total : 0 millisecs, iter cost : 0 mseconds

Elapsed time: 74-75: total : 23 millisecs, iter cost : 23 mseconds

all new nodes initialized with years and mapped. FillSameYearSourceNodes with new_nodes_vec.size() = 24577
checking same_year_source_nodes size.
Elapsed time: 75-76: total : 0 millisecs, iter cost : 0 mseconds

new_nodes_vec.size() b4 : 24577

updated  updateGraphAttributesGeneratorNode .... 
Elapsed time: 76-77: total : 60 millisecs, iter cost : 60 mseconds

continuous_node_mapping.size() b5 : 516109, reverse_continuous_node_mapping size = 516109

Inside optimized buildOneNodeConnections...
Initial Free: 80526.5 MB / 81079.4 MB

[prepareGraph] num_vertices = 491532

[prepareGraph] edges = 899050, offsets = 491533 (should be V+1 = 491533)

[prepareGraph] num_vertices = 491532

[prepareGraph] edges = 899050, offsets = 491533 (should be V+1 = 491533)

Year 1983: 24577 new nodes, 479764 new edges

Elapsed time: 78-781 : total : 9.648 secs,  this iter cost : 9.648 seconds

Elapsed time: 78-79 : total : 9.818 secs, this iter cost : 9.818 seconds

updateNodeInDegreeOutDegree(year=1983): updated 24577 out-degrees, 260297 in-degrees
Elapsed time: 79-81 : total : 0.236 secs, this iter cost : 0 seconds

Elapsed time: 79-80 : total : 0.114 secs, this iter cost : 0 seconds

Elapsed time: 80-81 : total : 0.121 secs, this iter cost : 0 seconds

Elapsed time: 70-81 : total : 10.729 secs, this iter cost : 10 seconds

 Entering loop for year = 1984
Elapsed time: 70-71: total : 0.564 secs, iter cost : 0 seconds

Elapsed time: 71-72: total : 0.609 secs, iter cost : 0 seconds

Elapsed time: 72-73: total : 24 millisecs, iter cost : 12 mseconds

num_new_nodes = 25806, current_graph_size = 516109, growth rate = 0.050000 
Elapsed time: 73-74: total : 0 millisecs, iter cost : 0 mseconds

Elapsed time: 74-75: total : 40 millisecs, iter cost : 17 mseconds

all new nodes initialized with years and mapped. FillSameYearSourceNodes with new_nodes_vec.size() = 25806
checking same_year_source_nodes size.
Elapsed time: 75-76: total : 0 millisecs, iter cost : 0 mseconds

new_nodes_vec.size() b4 : 25806

updated  updateGraphAttributesGeneratorNode .... 
Elapsed time: 76-77: total : 123 millisecs, iter cost : 63 mseconds

continuous_node_mapping.size() b5 : 541915, reverse_continuous_node_mapping size = 541915

Inside optimized buildOneNodeConnections...
Initial Free: 80272.5 MB / 81079.4 MB

[prepareGraph] num_vertices = 516109

[prepareGraph] edges = 1378814, offsets = 516110 (should be V+1 = 516110)

[prepareGraph] num_vertices = 516109

[prepareGraph] edges = 1378814, offsets = 516110 (should be V+1 = 516110)

Year 1984: 25806 new nodes, 503917 new edges

Elapsed time: 78-781 : total : 19.35 secs,  this iter cost : 9.702 seconds

Elapsed time: 78-79 : total : 19.741 secs, this iter cost : 9.923 seconds

updateNodeInDegreeOutDegree(year=1984): updated 25806 out-degrees, 268108 in-degrees
Elapsed time: 79-81 : total : 0.488 secs, this iter cost : 0 seconds

Elapsed time: 79-80 : total : 0.237 secs, this iter cost : 0 seconds

Elapsed time: 80-81 : total : 0.25 secs, this iter cost : 0 seconds

Elapsed time: 70-81 : total : 21.596 secs, this iter cost : 10 seconds

 Entering loop for year = 1985
Elapsed time: 70-71: total : 0.856 secs, iter cost : 0 seconds

Elapsed time: 71-72: total : 0.907 secs, iter cost : 0 seconds

Elapsed time: 72-73: total : 36 millisecs, iter cost : 12 mseconds

num_new_nodes = 27096, current_graph_size = 541915, growth rate = 0.050000 
Elapsed time: 73-74: total : 0 millisecs, iter cost : 0 mseconds

Elapsed time: 74-75: total : 56 millisecs, iter cost : 16 mseconds

all new nodes initialized with years and mapped. FillSameYearSourceNodes with new_nodes_vec.size() = 27096
checking same_year_source_nodes size.
Elapsed time: 75-76: total : 0 millisecs, iter cost : 0 mseconds

new_nodes_vec.size() b4 : 27096

updated  updateGraphAttributesGeneratorNode .... 
Elapsed time: 76-77: total : 189 millisecs, iter cost : 66 mseconds

continuous_node_mapping.size() b5 : 569011, reverse_continuous_node_mapping size = 569011

Inside optimized buildOneNodeConnections...
Initial Free: 80246.5 MB / 81079.4 MB

[prepareGraph] num_vertices = 541915

[prepareGraph] edges = 1882731, offsets = 541916 (should be V+1 = 541916)

[prepareGraph] num_vertices = 541915

[prepareGraph] edges = 1882731, offsets = 541916 (should be V+1 = 541916)

Year 1985: 27096 new nodes, 530307 new edges

Elapsed time: 78-781 : total : 29.875 secs,  this iter cost : 10.525 seconds

Elapsed time: 78-79 : total : 30.45 secs, this iter cost : 10.709 seconds

updateNodeInDegreeOutDegree(year=1985): updated 27096 out-degrees, 275544 in-degrees
Elapsed time: 79-81 : total : 0.754 secs, this iter cost : 0 seconds

Elapsed time: 79-80 : total : 0.359 secs, this iter cost : 0 seconds

Elapsed time: 80-81 : total : 0.393 secs, this iter cost : 0 seconds

Elapsed time: 70-81 : total : 33.258 secs, this iter cost : 11 seconds

 Entering loop for year = 1986
Elapsed time: 70-71: total : 1.15 secs, iter cost : 0 seconds

Elapsed time: 71-72: total : 1.218 secs, iter cost : 0 seconds

Elapsed time: 72-73: total : 49 millisecs, iter cost : 13 mseconds

num_new_nodes = 28451, current_graph_size = 569011, growth rate = 0.050000 
Elapsed time: 73-74: total : 0 millisecs, iter cost : 0 mseconds

Elapsed time: 74-75: total : 73 millisecs, iter cost : 17 mseconds

all new nodes initialized with years and mapped. FillSameYearSourceNodes with new_nodes_vec.size() = 28451
checking same_year_source_nodes size.
Elapsed time: 75-76: total : 0 millisecs, iter cost : 0 mseconds

new_nodes_vec.size() b4 : 28451

updated  updateGraphAttributesGeneratorNode .... 
Elapsed time: 76-77: total : 257 millisecs, iter cost : 68 mseconds

continuous_node_mapping.size() b5 : 597462, reverse_continuous_node_mapping size = 597462

Inside optimized buildOneNodeConnections...
Initial Free: 80218.5 MB / 81079.4 MB

[prepareGraph] num_vertices = 569011

[prepareGraph] edges = 2413038, offsets = 569012 (should be V+1 = 569012)

[prepareGraph] num_vertices = 569011

[prepareGraph] edges = 2413038, offsets = 569012 (should be V+1 = 569012)

Year 1986: 28451 new nodes, 556390 new edges

Elapsed time: 78-781 : total : 41.055 secs,  this iter cost : 11.18 seconds

Elapsed time: 78-79 : total : 41.85 secs, this iter cost : 11.4 seconds

updateNodeInDegreeOutDegree(year=1986): updated 28451 out-degrees, 281070 in-degrees
Elapsed time: 79-81 : total : 1.036 secs, this iter cost : 0 seconds

Elapsed time: 79-80 : total : 0.502 secs, this iter cost : 0 seconds

Elapsed time: 80-81 : total : 0.532 secs, this iter cost : 0 seconds

Elapsed time: 70-81 : total : 45.646 secs, this iter cost : 12 seconds

 Entering loop for year = 1987
Elapsed time: 70-71: total : 1.453 secs, iter cost : 0 seconds

Elapsed time: 71-72: total : 1.556 secs, iter cost : 0 seconds

Elapsed time: 72-73: total : 62 millisecs, iter cost : 13 mseconds

num_new_nodes = 29874, current_graph_size = 597462, growth rate = 0.050000 
Elapsed time: 73-74: total : 0 millisecs, iter cost : 0 mseconds

Elapsed time: 74-75: total : 89 millisecs, iter cost : 16 mseconds

all new nodes initialized with years and mapped. FillSameYearSourceNodes with new_nodes_vec.size() = 29874
checking same_year_source_nodes size.
Elapsed time: 75-76: total : 0 millisecs, iter cost : 0 mseconds

new_nodes_vec.size() b4 : 29874

updated  updateGraphAttributesGeneratorNode .... 
Elapsed time: 76-77: total : 328 millisecs, iter cost : 71 mseconds

continuous_node_mapping.size() b5 : 627336, reverse_continuous_node_mapping size = 627336

Inside optimized buildOneNodeConnections...
Initial Free: 80188.5 MB / 81079.4 MB

[prepareGraph] num_vertices = 597462

[prepareGraph] edges = 2969428, offsets = 597463 (should be V+1 = 597463)

[prepareGraph] num_vertices = 597462

[prepareGraph] edges = 2969428, offsets = 597463 (should be V+1 = 597463)

Year 1987: 29874 new nodes, 586001 new edges

Elapsed time: 78-781 : total : 53.064 secs,  this iter cost : 12.009 seconds

Elapsed time: 78-79 : total : 54.068 secs, this iter cost : 12.218 seconds

updateNodeInDegreeOutDegree(year=1987): updated 29874 out-degrees, 287109 in-degrees
Elapsed time: 79-81 : total : 1.315 secs, this iter cost : 0 seconds

Elapsed time: 79-80 : total : 0.635 secs, this iter cost : 0 seconds

Elapsed time: 80-81 : total : 0.677 secs, this iter cost : 0 seconds

Elapsed time: 70-81 : total : 58.888 secs, this iter cost : 13 seconds

 Entering loop for year = 1988
Elapsed time: 70-71: total : 1.759 secs, iter cost : 0 seconds

Elapsed time: 71-72: total : 1.889 secs, iter cost : 0 seconds

Elapsed time: 72-73: total : 76 millisecs, iter cost : 14 mseconds

num_new_nodes = 31367, current_graph_size = 627336, growth rate = 0.050000 
Elapsed time: 73-74: total : 0 millisecs, iter cost : 0 mseconds

Elapsed time: 74-75: total : 108 millisecs, iter cost : 19 mseconds

all new nodes initialized with years and mapped. FillSameYearSourceNodes with new_nodes_vec.size() = 31367
checking same_year_source_nodes size.
Elapsed time: 75-76: total : 0 millisecs, iter cost : 0 mseconds

new_nodes_vec.size() b4 : 31367

updated  updateGraphAttributesGeneratorNode .... 
Elapsed time: 76-77: total : 404 millisecs, iter cost : 76 mseconds

continuous_node_mapping.size() b5 : 658703, reverse_continuous_node_mapping size = 658703

Inside optimized buildOneNodeConnections...
Initial Free: 80158.5 MB / 81079.4 MB

[prepareGraph] num_vertices = 627336

[prepareGraph] edges = 3555429, offsets = 627337 (should be V+1 = 627337)

[prepareGraph] num_vertices = 627336

[prepareGraph] edges = 3555429, offsets = 627337 (should be V+1 = 627337)

Year 1988: 31367 new nodes, 614202 new edges

Elapsed time: 78-781 : total : 65.872 secs,  this iter cost : 12.808 seconds

Elapsed time: 78-79 : total : 67.084 secs, this iter cost : 13.016 seconds

updateNodeInDegreeOutDegree(year=1988): updated 31367 out-degrees, 294298 in-degrees
Elapsed time: 79-81 : total : 1.601 secs, this iter cost : 0 seconds

Elapsed time: 79-80 : total : 0.767 secs, this iter cost : 0 seconds

Elapsed time: 80-81 : total : 0.83 secs, this iter cost : 0 seconds

Elapsed time: 70-81 : total : 72.941 secs, this iter cost : 14 seconds

 Entering loop for year = 1989
Elapsed time: 70-71: total : 2.067 secs, iter cost : 0 seconds

Elapsed time: 71-72: total : 2.227 secs, iter cost : 0 seconds

Elapsed time: 72-73: total : 91 millisecs, iter cost : 15 mseconds

num_new_nodes = 32936, current_graph_size = 658703, growth rate = 0.050000 
Elapsed time: 73-74: total : 0 millisecs, iter cost : 0 mseconds

Elapsed time: 74-75: total : 125 millisecs, iter cost : 17 mseconds

all new nodes initialized with years and mapped. FillSameYearSourceNodes with new_nodes_vec.size() = 32936
checking same_year_source_nodes size.
Elapsed time: 75-76: total : 0 millisecs, iter cost : 0 mseconds

new_nodes_vec.size() b4 : 32936

updated  updateGraphAttributesGeneratorNode .... 
Elapsed time: 76-77: total : 483 millisecs, iter cost : 79 mseconds

continuous_node_mapping.size() b5 : 691639, reverse_continuous_node_mapping size = 691639

Inside optimized buildOneNodeConnections...
Initial Free: 80092.5 MB / 81079.4 MB

[prepareGraph] num_vertices = 658703

[prepareGraph] edges = 4169631, offsets = 658704 (should be V+1 = 658704)

[prepareGraph] num_vertices = 658703

[prepareGraph] edges = 4169631, offsets = 658704 (should be V+1 = 658704)

Year 1989: 32936 new nodes, 644302 new edges

Elapsed time: 78-781 : total : 79.479 secs,  this iter cost : 13.607 seconds

Elapsed time: 78-79 : total : 80.955 secs, this iter cost : 13.871 seconds

updateNodeInDegreeOutDegree(year=1989): updated 32936 out-degrees, 302843 in-degrees
Elapsed time: 79-81 : total : 1.93 secs, this iter cost : 0 seconds

Elapsed time: 79-80 : total : 0.926 secs, this iter cost : 0 seconds

Elapsed time: 80-81 : total : 1 secs, this iter cost : 0 seconds

Elapsed time: 70-81 : total : 87.901 secs, this iter cost : 14 seconds

 Entering loop for year = 1990
Elapsed time: 70-71: total : 2.396 secs, iter cost : 0 seconds

Elapsed time: 71-72: total : 2.577 secs, iter cost : 0 seconds

Elapsed time: 72-73: total : 107 millisecs, iter cost : 16 mseconds

num_new_nodes = 34582, current_graph_size = 691639, growth rate = 0.050000 
Elapsed time: 73-74: total : 0 millisecs, iter cost : 0 mseconds

Elapsed time: 74-75: total : 145 millisecs, iter cost : 20 mseconds

all new nodes initialized with years and mapped. FillSameYearSourceNodes with new_nodes_vec.size() = 34582
checking same_year_source_nodes size.
Elapsed time: 75-76: total : 0 millisecs, iter cost : 0 mseconds

new_nodes_vec.size() b4 : 34582

updated  updateGraphAttributesGeneratorNode .... 
Elapsed time: 76-77: total : 566 millisecs, iter cost : 83 mseconds

continuous_node_mapping.size() b5 : 726221, reverse_continuous_node_mapping size = 726221

Inside optimized buildOneNodeConnections...
Initial Free: 80056.5 MB / 81079.4 MB

[prepareGraph] num_vertices = 691639

[prepareGraph] edges = 4813933, offsets = 691640 (should be V+1 = 691640)

[prepareGraph] num_vertices = 691639

[prepareGraph] edges = 4813933, offsets = 691640 (should be V+1 = 691640)

Year 1990: 34582 new nodes, 675931 new edges

Elapsed time: 78-781 : total : 93.957 secs,  this iter cost : 14.478 seconds

Elapsed time: 78-79 : total : 95.676 secs, this iter cost : 14.721 seconds

updateNodeInDegreeOutDegree(year=1990): updated 34582 out-degrees, 312203 in-degrees
Elapsed time: 79-81 : total : 2.254 secs, this iter cost : 0 seconds

Elapsed time: 79-80 : total : 1.072 secs, this iter cost : 0 seconds

Elapsed time: 80-81 : total : 1.177 secs, this iter cost : 0 seconds

Elapsed time: 70-81 : total : 103.746 secs, this iter cost : 15 seconds

 Entering loop for year = 1991
Elapsed time: 70-71: total : 2.719 secs, iter cost : 0 seconds

Elapsed time: 71-72: total : 2.938 secs, iter cost : 0 seconds

Elapsed time: 72-73: total : 123 millisecs, iter cost : 16 mseconds

num_new_nodes = 36312, current_graph_size = 726221, growth rate = 0.050000 
Elapsed time: 73-74: total : 0 millisecs, iter cost : 0 mseconds

Elapsed time: 74-75: total : 165 millisecs, iter cost : 20 mseconds

all new nodes initialized with years and mapped. FillSameYearSourceNodes with new_nodes_vec.size() = 36312
checking same_year_source_nodes size.
Elapsed time: 75-76: total : 0 millisecs, iter cost : 0 mseconds

new_nodes_vec.size() b4 : 36312

updated  updateGraphAttributesGeneratorNode .... 
Elapsed time: 76-77: total : 654 millisecs, iter cost : 88 mseconds

continuous_node_mapping.size() b5 : 762533, reverse_continuous_node_mapping size = 762533

Inside optimized buildOneNodeConnections...
Initial Free: 80018.5 MB / 81079.4 MB

[prepareGraph] num_vertices = 726221

[prepareGraph] edges = 5489864, offsets = 726222 (should be V+1 = 726222)

[prepareGraph] num_vertices = 726221

[prepareGraph] edges = 5489864, offsets = 726222 (should be V+1 = 726222)

Year 1991: 36312 new nodes, 709844 new edges

Elapsed time: 78-781 : total : 111.058 secs,  this iter cost : 17.101 seconds

Elapsed time: 78-79 : total : 113.047 secs, this iter cost : 17.371 seconds

updateNodeInDegreeOutDegree(year=1991): updated 36312 out-degrees, 322485 in-degrees
Elapsed time: 79-81 : total : 2.59 secs, this iter cost : 0 seconds

Elapsed time: 79-80 : total : 1.223 secs, this iter cost : 0 seconds

Elapsed time: 80-81 : total : 1.362 secs, this iter cost : 0 seconds

Elapsed time: 70-81 : total : 122.265 secs, this iter cost : 18 seconds

 Entering loop for year = 1992
Elapsed time: 70-71: total : 3.058 secs, iter cost : 0 seconds

Elapsed time: 71-72: total : 3.308 secs, iter cost : 0 seconds

Elapsed time: 72-73: total : 140 millisecs, iter cost : 17 mseconds

num_new_nodes = 38127, current_graph_size = 762533, growth rate = 0.050000 
Elapsed time: 73-74: total : 0 millisecs, iter cost : 0 mseconds

Elapsed time: 74-75: total : 185 millisecs, iter cost : 20 mseconds

all new nodes initialized with years and mapped. FillSameYearSourceNodes with new_nodes_vec.size() = 38127
checking same_year_source_nodes size.
Elapsed time: 75-76: total : 0 millisecs, iter cost : 0 mseconds

new_nodes_vec.size() b4 : 38127

updated  updateGraphAttributesGeneratorNode .... 
Elapsed time: 76-77: total : 745 millisecs, iter cost : 91 mseconds

continuous_node_mapping.size() b5 : 800660, reverse_continuous_node_mapping size = 800660

Inside optimized buildOneNodeConnections...
Initial Free: 79978.5 MB / 81079.4 MB

[prepareGraph] num_vertices = 762533

[prepareGraph] edges = 6199708, offsets = 762534 (should be V+1 = 762534)

[prepareGraph] num_vertices = 762533

[prepareGraph] edges = 6199708, offsets = 762534 (should be V+1 = 762534)

Year 1992: 38127 new nodes, 744957 new edges

Elapsed time: 78-781 : total : 130.418 secs,  this iter cost : 19.36 seconds

Elapsed time: 78-79 : total : 132.697 secs, this iter cost : 19.65 seconds

updateNodeInDegreeOutDegree(year=1992): updated 38127 out-degrees, 334340 in-degrees
Elapsed time: 79-81 : total : 2.946 secs, this iter cost : 0 seconds

Elapsed time: 79-80 : total : 1.393 secs, this iter cost : 0 seconds

Elapsed time: 80-81 : total : 1.547 secs, this iter cost : 0 seconds

Elapsed time: 70-81 : total : 143.112 secs, this iter cost : 20 seconds

 Entering loop for year = 1993
Elapsed time: 70-71: total : 3.406 secs, iter cost : 0 seconds

Elapsed time: 71-72: total : 3.699 secs, iter cost : 0 seconds

Elapsed time: 72-73: total : 159 millisecs, iter cost : 19 mseconds

num_new_nodes = 40033, current_graph_size = 800660, growth rate = 0.050000 
Elapsed time: 73-74: total : 0 millisecs, iter cost : 0 mseconds

Elapsed time: 74-75: total : 206 millisecs, iter cost : 21 mseconds

all new nodes initialized with years and mapped. FillSameYearSourceNodes with new_nodes_vec.size() = 40033
checking same_year_source_nodes size.
Elapsed time: 75-76: total : 0 millisecs, iter cost : 0 mseconds

new_nodes_vec.size() b4 : 40033

updated  updateGraphAttributesGeneratorNode .... 
Elapsed time: 76-77: total : 841 millisecs, iter cost : 96 mseconds

continuous_node_mapping.size() b5 : 840693, reverse_continuous_node_mapping size = 840693

Inside optimized buildOneNodeConnections...
Initial Free: 79076.5 MB / 81079.4 MB

[prepareGraph] num_vertices = 800660

[prepareGraph] edges = 6944665, offsets = 800661 (should be V+1 = 800661)

[prepareGraph] num_vertices = 800660

[prepareGraph] edges = 6944665, offsets = 800661 (should be V+1 = 800661)

Year 1993: 40033 new nodes, 781235 new edges

Elapsed time: 78-781 : total : 149.715 secs,  this iter cost : 19.297 seconds

Elapsed time: 78-79 : total : 152.282 secs, this iter cost : 19.585 seconds

updateNodeInDegreeOutDegree(year=1993): updated 40033 out-degrees, 348303 in-degrees
Elapsed time: 79-81 : total : 3.313 secs, this iter cost : 0 seconds

Elapsed time: 79-80 : total : 1.565 secs, this iter cost : 0 seconds

Elapsed time: 80-81 : total : 1.742 secs, this iter cost : 0 seconds

Elapsed time: 70-81 : total : 163.942 secs, this iter cost : 20 seconds

 Entering loop for year = 1994
Elapsed time: 70-71: total : 3.759 secs, iter cost : 0 seconds

Elapsed time: 71-72: total : 4.091 secs, iter cost : 0 seconds

Elapsed time: 72-73: total : 178 millisecs, iter cost : 19 mseconds

num_new_nodes = 42035, current_graph_size = 840693, growth rate = 0.050000 
Elapsed time: 73-74: total : 0 millisecs, iter cost : 0 mseconds

Elapsed time: 74-75: total : 229 millisecs, iter cost : 23 mseconds

all new nodes initialized with years and mapped. FillSameYearSourceNodes with new_nodes_vec.size() = 42035
checking same_year_source_nodes size.
Elapsed time: 75-76: total : 0 millisecs, iter cost : 0 mseconds

new_nodes_vec.size() b4 : 42035

updated  updateGraphAttributesGeneratorNode .... 
Elapsed time: 76-77: total : 942 millisecs, iter cost : 101 mseconds

continuous_node_mapping.size() b5 : 882728, reverse_continuous_node_mapping size = 882728

Inside optimized buildOneNodeConnections...
Initial Free: 78262.5 MB / 81079.4 MB

[prepareGraph] num_vertices = 840693

[prepareGraph] edges = 7725900, offsets = 840694 (should be V+1 = 840694)

[prepareGraph] num_vertices = 840693

[prepareGraph] edges = 7725900, offsets = 840694 (should be V+1 = 840694)

Year 1994: 42035 new nodes, 822512 new edges

Elapsed time: 78-781 : total : 171.453 secs,  this iter cost : 21.738 seconds

Elapsed time: 78-79 : total : 174.317 secs, this iter cost : 22.035 seconds

updateNodeInDegreeOutDegree(year=1994): updated 42035 out-degrees, 362667 in-degrees
Elapsed time: 79-81 : total : 3.687 secs, this iter cost : 0 seconds

Elapsed time: 79-80 : total : 1.734 secs, this iter cost : 0 seconds

Elapsed time: 80-81 : total : 1.946 secs, this iter cost : 0 seconds

Elapsed time: 70-81 : total : 187.241 secs, this iter cost : 23 seconds

 Entering loop for year = 1995
Elapsed time: 70-71: total : 4.121 secs, iter cost : 0 seconds

Elapsed time: 71-72: total : 4.507 secs, iter cost : 0 seconds

Elapsed time: 72-73: total : 198 millisecs, iter cost : 20 mseconds

num_new_nodes = 44137, current_graph_size = 882728, growth rate = 0.050000 
Elapsed time: 73-74: total : 0 millisecs, iter cost : 0 mseconds

Elapsed time: 74-75: total : 261 millisecs, iter cost : 32 mseconds

all new nodes initialized with years and mapped. FillSameYearSourceNodes with new_nodes_vec.size() = 44137
checking same_year_source_nodes size.
Elapsed time: 75-76: total : 0 millisecs, iter cost : 0 mseconds

new_nodes_vec.size() b4 : 44137

updated  updateGraphAttributesGeneratorNode .... 
Elapsed time: 76-77: total : 1051 millisecs, iter cost : 109 mseconds

continuous_node_mapping.size() b5 : 926865, reverse_continuous_node_mapping size = 926865

Inside optimized buildOneNodeConnections...
Initial Free: 77492.5 MB / 81079.4 MB

[prepareGraph] num_vertices = 882728

[prepareGraph] edges = 8548412, offsets = 882729 (should be V+1 = 882729)

[prepareGraph] num_vertices = 882728

[prepareGraph] edges = 8548412, offsets = 882729 (should be V+1 = 882729)

Year 1995: 44137 new nodes, 865128 new edges

Elapsed time: 78-781 : total : 194.668 secs,  this iter cost : 23.215 seconds

Elapsed time: 78-79 : total : 197.889 secs, this iter cost : 23.572 seconds

updateNodeInDegreeOutDegree(year=1995): updated 44137 out-degrees, 379414 in-degrees
Elapsed time: 79-81 : total : 4.093 secs, this iter cost : 0 seconds

Elapsed time: 79-80 : total : 1.925 secs, this iter cost : 0 seconds

Elapsed time: 80-81 : total : 2.16 secs, this iter cost : 0 seconds

Elapsed time: 70-81 : total : 212.16 secs, this iter cost : 24 seconds

 Entering loop for year = 1996
Elapsed time: 70-71: total : 4.501 secs, iter cost : 0 seconds

Elapsed time: 71-72: total : 4.937 secs, iter cost : 0 seconds

Elapsed time: 72-73: total : 220 millisecs, iter cost : 22 mseconds

num_new_nodes = 46344, current_graph_size = 926865, growth rate = 0.050000 
Elapsed time: 73-74: total : 0 millisecs, iter cost : 0 mseconds

Elapsed time: 74-75: total : 287 millisecs, iter cost : 26 mseconds

all new nodes initialized with years and mapped. FillSameYearSourceNodes with new_nodes_vec.size() = 46344
checking same_year_source_nodes size.
Elapsed time: 75-76: total : 0 millisecs, iter cost : 0 mseconds

new_nodes_vec.size() b4 : 46344

updated  updateGraphAttributesGeneratorNode .... 
Elapsed time: 76-77: total : 1162 millisecs, iter cost : 111 mseconds

continuous_node_mapping.size() b5 : 973209, reverse_continuous_node_mapping size = 973209

Inside optimized buildOneNodeConnections...
Initial Free: 76834.5 MB / 81079.4 MB

[prepareGraph] num_vertices = 926865

[prepareGraph] edges = 9413540, offsets = 926866 (should be V+1 = 926866)

[prepareGraph] num_vertices = 926865

[prepareGraph] edges = 9413540, offsets = 926866 (should be V+1 = 926866)

Year 1996: 46344 new nodes, 910480 new edges

Elapsed time: 78-781 : total : 219.185 secs,  this iter cost : 24.517 seconds

Elapsed time: 78-79 : total : 222.743 secs, this iter cost : 24.854 seconds

updateNodeInDegreeOutDegree(year=1996): updated 46344 out-degrees, 395736 in-degrees
Elapsed time: 79-81 : total : 4.523 secs, this iter cost : 0 seconds

Elapsed time: 79-80 : total : 2.13 secs, this iter cost : 0 seconds

Elapsed time: 80-81 : total : 2.385 secs, this iter cost : 0 seconds

Elapsed time: 70-81 : total : 238.417 secs, this iter cost : 26 seconds

 Entering loop for year = 1997
Elapsed time: 70-71: total : 4.886 secs, iter cost : 0 seconds

Elapsed time: 71-72: total : 5.38 secs, iter cost : 0 seconds

Elapsed time: 72-73: total : 242 millisecs, iter cost : 22 mseconds

num_new_nodes = 48661, current_graph_size = 973209, growth rate = 0.050000 
Elapsed time: 73-74: total : 0 millisecs, iter cost : 0 mseconds

Elapsed time: 74-75: total : 318 millisecs, iter cost : 31 mseconds

all new nodes initialized with years and mapped. FillSameYearSourceNodes with new_nodes_vec.size() = 48661
checking same_year_source_nodes size.
Elapsed time: 75-76: total : 0 millisecs, iter cost : 0 mseconds

new_nodes_vec.size() b4 : 48661

updated  updateGraphAttributesGeneratorNode .... 
Elapsed time: 76-77: total : 1279 millisecs, iter cost : 117 mseconds

continuous_node_mapping.size() b5 : 1021870, reverse_continuous_node_mapping size = 1021870

Inside optimized buildOneNodeConnections...
Initial Free: 76784.5 MB / 81079.4 MB

[prepareGraph] num_vertices = 973209

[prepareGraph] edges = 10324020, offsets = 973210 (should be V+1 = 973210)

[prepareGraph] num_vertices = 973209

[prepareGraph] edges = 10324020, offsets = 973210 (should be V+1 = 973210)

Year 1997: 48661 new nodes, 956541 new edges

Elapsed time: 78-781 : total : 247.58 secs,  this iter cost : 28.395 seconds

Elapsed time: 78-79 : total : 251.538 secs, this iter cost : 28.795 seconds

updateNodeInDegreeOutDegree(year=1997): updated 48661 out-degrees, 413385 in-degrees
Elapsed time: 79-81 : total : 4.95 secs, this iter cost : 0 seconds

Elapsed time: 79-80 : total : 2.32 secs, this iter cost : 0 seconds

Elapsed time: 80-81 : total : 2.621 secs, this iter cost : 0 seconds

Elapsed time: 70-81 : total : 268.639 secs, this iter cost : 30 seconds

 Entering loop for year = 1998
Elapsed time: 70-71: total : 5.281 secs, iter cost : 0 seconds

Elapsed time: 71-72: total : 5.826 secs, iter cost : 0 seconds

Elapsed time: 72-73: total : 265 millisecs, iter cost : 23 mseconds

num_new_nodes = 51094, current_graph_size = 1021870, growth rate = 0.050000 
Elapsed time: 73-74: total : 0 millisecs, iter cost : 0 mseconds

Elapsed time: 74-75: total : 348 millisecs, iter cost : 30 mseconds

all new nodes initialized with years and mapped. FillSameYearSourceNodes with new_nodes_vec.size() = 51094
checking same_year_source_nodes size.
Elapsed time: 75-76: total : 0 millisecs, iter cost : 0 mseconds

new_nodes_vec.size() b4 : 51094

updated  updateGraphAttributesGeneratorNode .... 
Elapsed time: 76-77: total : 1402 millisecs, iter cost : 123 mseconds

continuous_node_mapping.size() b5 : 1072964, reverse_continuous_node_mapping size = 1072964

Inside optimized buildOneNodeConnections...
Initial Free: 76746.5 MB / 81079.4 MB

[prepareGraph] num_vertices = 1021870

[prepareGraph] edges = 11280561, offsets = 1021871 (should be V+1 = 1021871)

[prepareGraph] num_vertices = 1021870

[prepareGraph] edges = 11280561, offsets = 1021871 (should be V+1 = 1021871)

Year 1998: 51094 new nodes, 1001192 new edges

Elapsed time: 78-781 : total : 279.095 secs,  this iter cost : 31.515 seconds

Elapsed time: 78-79 : total : 283.459 secs, this iter cost : 31.921 seconds

updateNodeInDegreeOutDegree(year=1998): updated 51094 out-degrees, 432614 in-degrees
Elapsed time: 79-81 : total : 5.426 secs, this iter cost : 0 seconds

Elapsed time: 79-80 : total : 2.547 secs, this iter cost : 0 seconds

Elapsed time: 80-81 : total : 2.869 secs, this iter cost : 0 seconds

Elapsed time: 70-81 : total : 302.056 secs, this iter cost : 33 seconds

 Entering loop for year = 1999
Elapsed time: 70-71: total : 5.706 secs, iter cost : 0 seconds

Elapsed time: 71-72: total : 6.286 secs, iter cost : 0 seconds

Elapsed time: 72-73: total : 290 millisecs, iter cost : 25 mseconds

num_new_nodes = 53649, current_graph_size = 1072964, growth rate = 0.050000 
Elapsed time: 73-74: total : 0 millisecs, iter cost : 0 mseconds

Elapsed time: 74-75: total : 379 millisecs, iter cost : 31 mseconds

all new nodes initialized with years and mapped. FillSameYearSourceNodes with new_nodes_vec.size() = 53649
checking same_year_source_nodes size.
Elapsed time: 75-76: total : 0 millisecs, iter cost : 0 mseconds

new_nodes_vec.size() b4 : 53649

updated  updateGraphAttributesGeneratorNode .... 
Elapsed time: 76-77: total : 1541 millisecs, iter cost : 139 mseconds

continuous_node_mapping.size() b5 : 1126613, reverse_continuous_node_mapping size = 1126613

Inside optimized buildOneNodeConnections...
Initial Free: 76618.5 MB / 81079.4 MB

[prepareGraph] num_vertices = 1072964

[prepareGraph] edges = 12281753, offsets = 1072965 (should be V+1 = 1072965)

[prepareGraph] num_vertices = 1072964

[prepareGraph] edges = 12281753, offsets = 1072965 (should be V+1 = 1072965)

Year 1999: 53649 new nodes, 1050217 new edges

Elapsed time: 78-781 : total : 315.098 secs,  this iter cost : 36.003 seconds

Elapsed time: 78-79 : total : 319.935 secs, this iter cost : 36.476 seconds

updateNodeInDegreeOutDegree(year=1999): updated 53649 out-degrees, 453682 in-degrees
Elapsed time: 79-81 : total : 5.898 secs, this iter cost : 0 seconds

Elapsed time: 79-80 : total : 2.757 secs, this iter cost : 0 seconds

Elapsed time: 80-81 : total : 3.13 secs, this iter cost : 0 seconds

Elapsed time: 70-81 : total : 340.087 secs, this iter cost : 38 seconds

 Entering loop for year = 2000
Elapsed time: 70-71: total : 6.142 secs, iter cost : 0 seconds

Elapsed time: 71-72: total : 6.76 secs, iter cost : 0 seconds

Elapsed time: 72-73: total : 316 millisecs, iter cost : 26 mseconds

num_new_nodes = 56331, current_graph_size = 1126613, growth rate = 0.050000 
Elapsed time: 73-74: total : 0 millisecs, iter cost : 0 mseconds

Elapsed time: 74-75: total : 412 millisecs, iter cost : 33 mseconds

all new nodes initialized with years and mapped. FillSameYearSourceNodes with new_nodes_vec.size() = 56331
checking same_year_source_nodes size.
Elapsed time: 75-76: total : 0 millisecs, iter cost : 0 mseconds

new_nodes_vec.size() b4 : 56331

updated  updateGraphAttributesGeneratorNode .... 
Elapsed time: 76-77: total : 1676 millisecs, iter cost : 135 mseconds

continuous_node_mapping.size() b5 : 1182944, reverse_continuous_node_mapping size = 1182944

Inside optimized buildOneNodeConnections...
Initial Free: 75966.5 MB / 81079.4 MB

[prepareGraph] num_vertices = 1126613

[prepareGraph] edges = 13331970, offsets = 1126614 (should be V+1 = 1126614)

[prepareGraph] num_vertices = 1126613

[prepareGraph] edges = 13331970, offsets = 1126614 (should be V+1 = 1126614)

Year 2000: 56331 new nodes, 1102267 new edges

Elapsed time: 78-781 : total : 354.442 secs,  this iter cost : 39.344 seconds

Elapsed time: 78-79 : total : 359.711 secs, this iter cost : 39.776 seconds

updateNodeInDegreeOutDegree(year=2000): updated 56331 out-degrees, 474442 in-degrees
Elapsed time: 79-81 : total : 6.423 secs, this iter cost : 0 seconds

Elapsed time: 79-80 : total : 3.008 secs, this iter cost : 0 seconds

Elapsed time: 80-81 : total : 3.404 secs, this iter cost : 0 seconds

Elapsed time: 70-81 : total : 381.495 secs, this iter cost : 41 seconds

 Entering loop for year = 2001
Elapsed time: 70-71: total : 6.596 secs, iter cost : 0 seconds

Elapsed time: 71-72: total : 7.26 secs, iter cost : 0 seconds

Elapsed time: 72-73: total : 344 millisecs, iter cost : 28 mseconds

num_new_nodes = 59148, current_graph_size = 1182944, growth rate = 0.050000 
Elapsed time: 73-74: total : 0 millisecs, iter cost : 0 mseconds

Elapsed time: 74-75: total : 448 millisecs, iter cost : 36 mseconds

all new nodes initialized with years and mapped. FillSameYearSourceNodes with new_nodes_vec.size() = 59148
checking same_year_source_nodes size.
Elapsed time: 75-76: total : 0 millisecs, iter cost : 0 mseconds

new_nodes_vec.size() b4 : 59148

updated  updateGraphAttributesGeneratorNode .... 
Elapsed time: 76-77: total : 1819 millisecs, iter cost : 143 mseconds

continuous_node_mapping.size() b5 : 1242092, reverse_continuous_node_mapping size = 1242092

Inside optimized buildOneNodeConnections...
Initial Free: 75962.5 MB / 81079.4 MB

[prepareGraph] num_vertices = 1182944

[prepareGraph] edges = 14434237, offsets = 1182945 (should be V+1 = 1182945)

[prepareGraph] num_vertices = 1182944

[prepareGraph] edges = 14434237, offsets = 1182945 (should be V+1 = 1182945)

Year 2001: 59148 new nodes, 1157202 new edges

Elapsed time: 78-781 : total : 400.135 secs,  this iter cost : 45.693 seconds

Elapsed time: 78-79 : total : 406.011 secs, this iter cost : 46.3 seconds

updateNodeInDegreeOutDegree(year=2001): updated 59148 out-degrees, 498603 in-degrees
Elapsed time: 79-81 : total : 6.971 secs, this iter cost : 0 seconds

Elapsed time: 79-80 : total : 3.268 secs, this iter cost : 0 seconds

Elapsed time: 80-81 : total : 3.692 secs, this iter cost : 0 seconds

Elapsed time: 70-81 : total : 429.508 secs, this iter cost : 48 seconds

 Entering loop for year = 2002
Elapsed time: 70-71: total : 7.049 secs, iter cost : 0 seconds

Elapsed time: 71-72: total : 7.774 secs, iter cost : 0 seconds

Elapsed time: 72-73: total : 374 millisecs, iter cost : 30 mseconds

num_new_nodes = 62105, current_graph_size = 1242092, growth rate = 0.050000 
Elapsed time: 73-74: total : 0 millisecs, iter cost : 0 mseconds

Elapsed time: 74-75: total : 485 millisecs, iter cost : 37 mseconds

all new nodes initialized with years and mapped. FillSameYearSourceNodes with new_nodes_vec.size() = 62105
checking same_year_source_nodes size.
Elapsed time: 75-76: total : 0 millisecs, iter cost : 0 mseconds

new_nodes_vec.size() b4 : 62105

updated  updateGraphAttributesGeneratorNode .... 
Elapsed time: 76-77: total : 1978 millisecs, iter cost : 159 mseconds

continuous_node_mapping.size() b5 : 1304197, reverse_continuous_node_mapping size = 1304197

Inside optimized buildOneNodeConnections...
Initial Free: 75922.5 MB / 81079.4 MB

[prepareGraph] num_vertices = 1242092

[prepareGraph] edges = 15591439, offsets = 1242093 (should be V+1 = 1242093)

[prepareGraph] num_vertices = 1242092

[prepareGraph] edges = 15591439, offsets = 1242093 (should be V+1 = 1242093)

Year 2002: 62105 new nodes, 1213522 new edges

Elapsed time: 78-781 : total : 446.278 secs,  this iter cost : 46.143 seconds

Elapsed time: 78-79 : total : 452.744 secs, this iter cost : 46.733 seconds

updateNodeInDegreeOutDegree(year=2002): updated 62105 out-degrees, 524413 in-degrees
Elapsed time: 79-81 : total : 7.523 secs, this iter cost : 0 seconds

Elapsed time: 79-80 : total : 3.518 secs, this iter cost : 0 seconds

Elapsed time: 80-81 : total : 3.994 secs, this iter cost : 0 seconds

Elapsed time: 70-81 : total : 477.988 secs, this iter cost : 48 seconds

 Entering loop for year = 2003
Elapsed time: 70-71: total : 7.518 secs, iter cost : 0 seconds

Elapsed time: 71-72: total : 8.302 secs, iter cost : 0 seconds

Elapsed time: 72-73: total : 404 millisecs, iter cost : 30 mseconds

num_new_nodes = 65210, current_graph_size = 1304197, growth rate = 0.050000 
Elapsed time: 73-74: total : 0 millisecs, iter cost : 0 mseconds

Elapsed time: 74-75: total : 523 millisecs, iter cost : 38 mseconds

all new nodes initialized with years and mapped. FillSameYearSourceNodes with new_nodes_vec.size() = 65210
checking same_year_source_nodes size.
Elapsed time: 75-76: total : 0 millisecs, iter cost : 0 mseconds

new_nodes_vec.size() b4 : 65210

updated  updateGraphAttributesGeneratorNode .... 
Elapsed time: 76-77: total : 2135 millisecs, iter cost : 157 mseconds

continuous_node_mapping.size() b5 : 1369407, reverse_continuous_node_mapping size = 1369407

Inside optimized buildOneNodeConnections...
Initial Free: 74978.5 MB / 81079.4 MB

[prepareGraph] num_vertices = 1304197

[prepareGraph] edges = 16804961, offsets = 1304198 (should be V+1 = 1304198)

[prepareGraph] num_vertices = 1304197

[prepareGraph] edges = 16804961, offsets = 1304198 (should be V+1 = 1304198)

Year 2003: 65210 new nodes, 1272863 new edges

Elapsed time: 78-781 : total : 497.931 secs,  this iter cost : 51.653 seconds

Elapsed time: 78-79 : total : 504.898 secs, this iter cost : 52.154 seconds

updateNodeInDegreeOutDegree(year=2003): updated 65210 out-degrees, 550077 in-degrees
Elapsed time: 79-81 : total : 8.118 secs, this iter cost : 0 seconds

Elapsed time: 79-80 : total : 3.796 secs, this iter cost : 0 seconds

Elapsed time: 80-81 : total : 4.311 secs, this iter cost : 0 seconds

Elapsed time: 70-81 : total : 531.962 secs, this iter cost : 53 seconds

 Entering loop for year = 2004
Elapsed time: 70-71: total : 8.013 secs, iter cost : 0 seconds

Elapsed time: 71-72: total : 8.854 secs, iter cost : 0 seconds

Elapsed time: 72-73: total : 437 millisecs, iter cost : 33 mseconds

num_new_nodes = 68471, current_graph_size = 1369407, growth rate = 0.050000 
Elapsed time: 73-74: total : 0 millisecs, iter cost : 0 mseconds

Elapsed time: 74-75: total : 563 millisecs, iter cost : 40 mseconds

all new nodes initialized with years and mapped. FillSameYearSourceNodes with new_nodes_vec.size() = 68471
checking same_year_source_nodes size.
Elapsed time: 75-76: total : 0 millisecs, iter cost : 0 mseconds

new_nodes_vec.size() b4 : 68471

updated  updateGraphAttributesGeneratorNode .... 
Elapsed time: 76-77: total : 2300 millisecs, iter cost : 165 mseconds

continuous_node_mapping.size() b5 : 1437878, reverse_continuous_node_mapping size = 1437878

Inside optimized buildOneNodeConnections...
Initial Free: 74972.5 MB / 81079.4 MB

[prepareGraph] num_vertices = 1369407

[prepareGraph] edges = 18077824, offsets = 1369408 (should be V+1 = 1369408)

[prepareGraph] num_vertices = 1369407

[prepareGraph] edges = 18077824, offsets = 1369408 (should be V+1 = 1369408)

Year 2004: 68471 new nodes, 1333624 new edges

Elapsed time: 78-781 : total : 557.884 secs,  this iter cost : 59.953 seconds

Elapsed time: 78-79 : total : 565.529 secs, this iter cost : 60.631 seconds

updateNodeInDegreeOutDegree(year=2004): updated 68471 out-degrees, 575665 in-degrees
Elapsed time: 79-81 : total : 8.764 secs, this iter cost : 0 seconds

Elapsed time: 79-80 : total : 4.1 secs, this iter cost : 0 seconds

Elapsed time: 80-81 : total : 4.653 secs, this iter cost : 0 seconds

Elapsed time: 70-81 : total : 594.527 secs, this iter cost : 62 seconds

 Entering loop for year = 2005
Elapsed time: 70-71: total : 8.517 secs, iter cost : 0 seconds

Elapsed time: 71-72: total : 9.417 secs, iter cost : 0 seconds

Elapsed time: 72-73: total : 472 millisecs, iter cost : 35 mseconds

num_new_nodes = 71894, current_graph_size = 1437878, growth rate = 0.050000 
Elapsed time: 73-74: total : 0 millisecs, iter cost : 0 mseconds

Elapsed time: 74-75: total : 606 millisecs, iter cost : 43 mseconds

all new nodes initialized with years and mapped. FillSameYearSourceNodes with new_nodes_vec.size() = 71894
checking same_year_source_nodes size.
Elapsed time: 75-76: total : 0 millisecs, iter cost : 0 mseconds

new_nodes_vec.size() b4 : 71894

updated  updateGraphAttributesGeneratorNode .... 
Elapsed time: 76-77: total : 2473 millisecs, iter cost : 173 mseconds

continuous_node_mapping.size() b5 : 1509772, reverse_continuous_node_mapping size = 1509772

Inside optimized buildOneNodeConnections...
Initial Free: 74928.5 MB / 81079.4 MB

[prepareGraph] num_vertices = 1437878

[prepareGraph] edges = 19411448, offsets = 1437879 (should be V+1 = 1437879)

[prepareGraph] num_vertices = 1437878

[prepareGraph] edges = 19411448, offsets = 1437879 (should be V+1 = 1437879)

Year 2005: 71894 new nodes, 1400186 new edges

Elapsed time: 78-781 : total : 630.429 secs,  this iter cost : 72.545 seconds

Elapsed time: 78-79 : total : 638.822 secs, this iter cost : 73.293 seconds

updateNodeInDegreeOutDegree(year=2005): updated 71894 out-degrees, 605426 in-degrees
Elapsed time: 79-81 : total : 9.44 secs, this iter cost : 0 seconds

Elapsed time: 79-80 : total : 4.418 secs, this iter cost : 0 seconds

Elapsed time: 80-81 : total : 5.011 secs, this iter cost : 0 seconds

Elapsed time: 70-81 : total : 669.816 secs, this iter cost : 75 seconds

 Entering loop for year = 2006
Elapsed time: 70-71: total : 9.046 secs, iter cost : 0 seconds

Elapsed time: 71-72: total : 9.996 secs, iter cost : 0 seconds

Elapsed time: 72-73: total : 508 millisecs, iter cost : 36 mseconds

num_new_nodes = 75489, current_graph_size = 1509772, growth rate = 0.050000 
Elapsed time: 73-74: total : 0 millisecs, iter cost : 0 mseconds

Elapsed time: 74-75: total : 652 millisecs, iter cost : 46 mseconds

all new nodes initialized with years and mapped. FillSameYearSourceNodes with new_nodes_vec.size() = 75489
checking same_year_source_nodes size.
Elapsed time: 75-76: total : 0 millisecs, iter cost : 0 mseconds

new_nodes_vec.size() b4 : 75489

updated  updateGraphAttributesGeneratorNode .... 
Elapsed time: 76-77: total : 2655 millisecs, iter cost : 182 mseconds

continuous_node_mapping.size() b5 : 1585261, reverse_continuous_node_mapping size = 1585261

Inside optimized buildOneNodeConnections...
Initial Free: 74802.5 MB / 81079.4 MB

[prepareGraph] num_vertices = 1509772

[prepareGraph] edges = 20811634, offsets = 1509773 (should be V+1 = 1509773)

[prepareGraph] num_vertices = 1509772

[prepareGraph] edges = 20811634, offsets = 1509773 (should be V+1 = 1509773)

Year 2006: 75489 new nodes, 1471117 new edges

Elapsed time: 78-781 : total : 698.054 secs,  this iter cost : 67.625 seconds

Elapsed time: 78-79 : total : 707.219 secs, this iter cost : 68.397 seconds

updateNodeInDegreeOutDegree(year=2006): updated 75489 out-degrees, 635551 in-degrees
Elapsed time: 79-81 : total : 10.14 secs, this iter cost : 0 seconds

Elapsed time: 79-80 : total : 4.75 secs, this iter cost : 0 seconds

Elapsed time: 80-81 : total : 5.378 secs, this iter cost : 0 seconds

Elapsed time: 70-81 : total : 740.289 secs, this iter cost : 70 seconds

 Entering loop for year = 2007
Elapsed time: 70-71: total : 9.608 secs, iter cost : 0 seconds

Elapsed time: 71-72: total : 10.613 secs, iter cost : 0 seconds

Elapsed time: 72-73: total : 546 millisecs, iter cost : 38 mseconds

num_new_nodes = 79264, current_graph_size = 1585261, growth rate = 0.050000 
Elapsed time: 73-74: total : 0 millisecs, iter cost : 0 mseconds

Elapsed time: 74-75: total : 700 millisecs, iter cost : 48 mseconds

all new nodes initialized with years and mapped. FillSameYearSourceNodes with new_nodes_vec.size() = 79264
checking same_year_source_nodes size.
Elapsed time: 75-76: total : 0 millisecs, iter cost : 0 mseconds

new_nodes_vec.size() b4 : 79264

updated  updateGraphAttributesGeneratorNode .... 
Elapsed time: 76-77: total : 2847 millisecs, iter cost : 192 mseconds

continuous_node_mapping.size() b5 : 1664525, reverse_continuous_node_mapping size = 1664525

Inside optimized buildOneNodeConnections...
Initial Free: 74756.5 MB / 81079.4 MB

[prepareGraph] num_vertices = 1585261

[prepareGraph] edges = 22282751, offsets = 1585262 (should be V+1 = 1585262)

[prepareGraph] num_vertices = 1585261

[prepareGraph] edges = 22282751, offsets = 1585262 (should be V+1 = 1585262)

Year 2007: 79264 new nodes, 1546250 new edges

Elapsed time: 78-781 : total : 774.144 secs,  this iter cost : 76.09 seconds

Elapsed time: 78-79 : total : 784.121 secs, this iter cost : 76.902 seconds

updateNodeInDegreeOutDegree(year=2007): updated 79264 out-degrees, 669079 in-degrees
Elapsed time: 79-81 : total : 10.877 secs, this iter cost : 0 seconds

Elapsed time: 79-80 : total : 5.101 secs, this iter cost : 0 seconds

Elapsed time: 80-81 : total : 5.763 secs, this iter cost : 0 seconds

Elapsed time: 70-81 : total : 819.387 secs, this iter cost : 79 seconds

 Entering loop for year = 2008
Elapsed time: 70-71: total : 10.168 secs, iter cost : 0 seconds

Elapsed time: 71-72: total : 11.25 secs, iter cost : 0 seconds

Elapsed time: 72-73: total : 586 millisecs, iter cost : 40 mseconds

num_new_nodes = 83227, current_graph_size = 1664525, growth rate = 0.050000 
Elapsed time: 73-74: total : 0 millisecs, iter cost : 0 mseconds

Elapsed time: 74-75: total : 750 millisecs, iter cost : 50 mseconds

all new nodes initialized with years and mapped. FillSameYearSourceNodes with new_nodes_vec.size() = 83227
checking same_year_source_nodes size.
Elapsed time: 75-76: total : 0 millisecs, iter cost : 0 mseconds

new_nodes_vec.size() b4 : 83227

updated  updateGraphAttributesGeneratorNode .... 
Elapsed time: 76-77: total : 3048 millisecs, iter cost : 201 mseconds

continuous_node_mapping.size() b5 : 1747752, reverse_continuous_node_mapping size = 1747752

Inside optimized buildOneNodeConnections...
Initial Free: 73802.5 MB / 81079.4 MB

[prepareGraph] num_vertices = 1664525

[prepareGraph] edges = 23829001, offsets = 1664526 (should be V+1 = 1664526)

[prepareGraph] num_vertices = 1664525

[prepareGraph] edges = 23829001, offsets = 1664526 (should be V+1 = 1664526)

Year 2008: 83227 new nodes, 1622212 new edges

Elapsed time: 78-781 : total : 864.17 secs,  this iter cost : 90.026 seconds

Elapsed time: 78-79 : total : 875 secs, this iter cost : 90.879 seconds

updateNodeInDegreeOutDegree(year=2008): updated 83227 out-degrees, 701218 in-degrees
Elapsed time: 79-81 : total : 11.65 secs, this iter cost : 0 seconds

Elapsed time: 79-80 : total : 5.469 secs, this iter cost : 0 seconds

Elapsed time: 80-81 : total : 6.168 secs, this iter cost : 0 seconds

Elapsed time: 70-81 : total : 912.531 secs, this iter cost : 93 seconds

 Entering loop for year = 2009
Elapsed time: 70-71: total : 10.759 secs, iter cost : 0 seconds

Elapsed time: 71-72: total : 11.897 secs, iter cost : 0 seconds

Elapsed time: 72-73: total : 628 millisecs, iter cost : 42 mseconds

num_new_nodes = 87388, current_graph_size = 1747752, growth rate = 0.050000 
Elapsed time: 73-74: total : 0 millisecs, iter cost : 0 mseconds

Elapsed time: 74-75: total : 803 millisecs, iter cost : 53 mseconds

all new nodes initialized with years and mapped. FillSameYearSourceNodes with new_nodes_vec.size() = 87388
checking same_year_source_nodes size.
Elapsed time: 75-76: total : 0 millisecs, iter cost : 0 mseconds

new_nodes_vec.size() b4 : 87388

updated  updateGraphAttributesGeneratorNode .... 
Elapsed time: 76-77: total : 3259 millisecs, iter cost : 211 mseconds

continuous_node_mapping.size() b5 : 1835140, reverse_continuous_node_mapping size = 1835140

Inside optimized buildOneNodeConnections...
Initial Free: 73782.5 MB / 81079.4 MB

[prepareGraph] num_vertices = 1747752

[prepareGraph] edges = 25451213, offsets = 1747753 (should be V+1 = 1747753)

[prepareGraph] num_vertices = 1747752

[prepareGraph] edges = 25451213, offsets = 1747753 (should be V+1 = 1747753)

Year 2009: 87388 new nodes, 1705856 new edges

Elapsed time: 78-781 : total : 963.784 secs,  this iter cost : 99.614 seconds

Elapsed time: 78-79 : total : 975.499 secs, this iter cost : 100.499 seconds

updateNodeInDegreeOutDegree(year=2009): updated 87388 out-degrees, 737596 in-degrees
Elapsed time: 79-81 : total : 12.481 secs, this iter cost : 0 seconds

Elapsed time: 79-80 : total : 5.865 secs, this iter cost : 0 seconds

Elapsed time: 80-81 : total : 6.602 secs, this iter cost : 0 seconds

Elapsed time: 70-81 : total : 1015.41 secs, this iter cost : 102 seconds

 Entering loop for year = 2010
Elapsed time: 70-71: total : 11.36 secs, iter cost : 0 seconds

Elapsed time: 71-72: total : 12.592 secs, iter cost : 0 seconds

Elapsed time: 72-73: total : 672 millisecs, iter cost : 44 mseconds

num_new_nodes = 91757, current_graph_size = 1835140, growth rate = 0.050000 
Elapsed time: 73-74: total : 0 millisecs, iter cost : 0 mseconds

Elapsed time: 74-75: total : 859 millisecs, iter cost : 56 mseconds

all new nodes initialized with years and mapped. FillSameYearSourceNodes with new_nodes_vec.size() = 91757
checking same_year_source_nodes size.
Elapsed time: 75-76: total : 0 millisecs, iter cost : 0 mseconds

new_nodes_vec.size() b4 : 91757

updated  updateGraphAttributesGeneratorNode .... 
Elapsed time: 76-77: total : 3481 millisecs, iter cost : 222 mseconds

continuous_node_mapping.size() b5 : 1926897, reverse_continuous_node_mapping size = 1926897

Inside optimized buildOneNodeConnections...
Initial Free: 73608.5 MB / 81079.4 MB

[prepareGraph] num_vertices = 1835140

[prepareGraph] edges = 27157069, offsets = 1835141 (should be V+1 = 1835141)

[prepareGraph] num_vertices = 1835140

[prepareGraph] edges = 27157069, offsets = 1835141 (should be V+1 = 1835141)

Year 2010: 91757 new nodes, 1787377 new edges

Elapsed time: 78-781 : total : 1061.29 secs,  this iter cost : 97.503 seconds

Elapsed time: 78-79 : total : 1073.98 secs, this iter cost : 98.477 seconds

updateNodeInDegreeOutDegree(year=2010): updated 91757 out-degrees, 773765 in-degrees
Elapsed time: 79-81 : total : 13.331 secs, this iter cost : 0 seconds

Elapsed time: 79-80 : total : 6.269 secs, this iter cost : 0 seconds

Elapsed time: 80-81 : total : 7.048 secs, this iter cost : 0 seconds

Elapsed time: 70-81 : total : 1116.36 secs, this iter cost : 100 seconds

 Entering loop for year = 2011
Elapsed time: 70-71: total : 12.01 secs, iter cost : 0 seconds

Elapsed time: 71-72: total : 13.291 secs, iter cost : 0 seconds

Elapsed time: 72-73: total : 719 millisecs, iter cost : 47 mseconds

num_new_nodes = 96345, current_graph_size = 1926897, growth rate = 0.050000 
Elapsed time: 73-74: total : 0 millisecs, iter cost : 0 mseconds

Elapsed time: 74-75: total : 918 millisecs, iter cost : 59 mseconds

all new nodes initialized with years and mapped. FillSameYearSourceNodes with new_nodes_vec.size() = 96345
checking same_year_source_nodes size.
Elapsed time: 75-76: total : 0 millisecs, iter cost : 0 mseconds

new_nodes_vec.size() b4 : 96345

updated  updateGraphAttributesGeneratorNode .... 
Elapsed time: 76-77: total : 3714 millisecs, iter cost : 233 mseconds

continuous_node_mapping.size() b5 : 2023242, reverse_continuous_node_mapping size = 2023242

Inside optimized buildOneNodeConnections...
Initial Free: 73584.5 MB / 81079.4 MB

[prepareGraph] num_vertices = 1926897

[prepareGraph] edges = 28944446, offsets = 1926898 (should be V+1 = 1926898)

[prepareGraph] num_vertices = 1926897

[prepareGraph] edges = 28944446, offsets = 1926898 (should be V+1 = 1926898)

Year 2011: 96345 new nodes, 1876437 new edges

Elapsed time: 78-781 : total : 1174.62 secs,  this iter cost : 113.328 seconds

Elapsed time: 78-79 : total : 1188.33 secs, this iter cost : 114.357 seconds

updateNodeInDegreeOutDegree(year=2011): updated 96345 out-degrees, 813490 in-degrees
Elapsed time: 79-81 : total : 14.233 secs, this iter cost : 0 seconds

Elapsed time: 79-80 : total : 6.693 secs, this iter cost : 0 seconds

Elapsed time: 80-81 : total : 7.526 secs, this iter cost : 0 seconds

Elapsed time: 70-81 : total : 1233.31 secs, this iter cost : 116 seconds

 Entering loop for year = 2012
Elapsed time: 70-71: total : 12.669 secs, iter cost : 0 seconds

Elapsed time: 71-72: total : 14.014 secs, iter cost : 0 seconds

Elapsed time: 72-73: total : 768 millisecs, iter cost : 49 mseconds

num_new_nodes = 101163, current_graph_size = 2023242, growth rate = 0.050000 
Elapsed time: 73-74: total : 0 millisecs, iter cost : 0 mseconds

Elapsed time: 74-75: total : 979 millisecs, iter cost : 61 mseconds

all new nodes initialized with years and mapped. FillSameYearSourceNodes with new_nodes_vec.size() = 101163
checking same_year_source_nodes size.
Elapsed time: 75-76: total : 0 millisecs, iter cost : 0 mseconds

new_nodes_vec.size() b4 : 101163

updated  updateGraphAttributesGeneratorNode .... 
Elapsed time: 76-77: total : 3959 millisecs, iter cost : 245 mseconds

continuous_node_mapping.size() b5 : 2124405, reverse_continuous_node_mapping size = 2124405

Inside optimized buildOneNodeConnections...
Initial Free: 73534.5 MB / 81079.4 MB

[prepareGraph] num_vertices = 2023242

[prepareGraph] edges = 30820883, offsets = 2023243 (should be V+1 = 2023243)

[prepareGraph] num_vertices = 2023242

[prepareGraph] edges = 30820883, offsets = 2023243 (should be V+1 = 2023243)

Year 2012: 101163 new nodes, 1969192 new edges

Elapsed time: 78-781 : total : 1317.51 secs,  this iter cost : 142.89 seconds

Elapsed time: 78-79 : total : 1332.3 secs, this iter cost : 143.97 seconds

updateNodeInDegreeOutDegree(year=2012): updated 101163 out-degrees, 853525 in-degrees
Elapsed time: 79-81 : total : 15.171 secs, this iter cost : 0 seconds

Elapsed time: 79-80 : total : 7.138 secs, this iter cost : 0 seconds

Elapsed time: 80-81 : total : 8.018 secs, this iter cost : 0 seconds

Elapsed time: 70-81 : total : 1379.95 secs, this iter cost : 146 seconds

Elapsed time: 7-8 :  1380 seconds

compute done:: graph size = 2124405
Elapsed time: 8-8.1 :  0 seconds

Writing Graph to file: ./output/30y/gpu-opt-static-output-30y-5p.edgelist

Elapsed time: 8.1-9 :  2 seconds

Elapsed time: 9-10 :  1 seconds

 graph size = 2124405
WriteAttributes: graph size = 2124405

Elapsed time: 0-1 : 3 seconds

Elapsed time: 1-4 : 0 seconds

Elapsed time: 4-7 : 0 seconds

Elapsed time: 70-71: total : 12.669 seconds.

Elapsed time: 71-72: total : 14.014 seconds.

Elapsed time: 72-73: total : 0.768 seconds.

Elapsed time: 73-74: total : 0 seconds.

Elapsed time: 74-75: total : 0.979 seconds.

Elapsed time: 75-76: total : 0 seconds.

Elapsed time: 76-77: total : 3.959 seconds.

Elapsed time: 77-79: total : 1332.3 seconds.

Elapsed time: 79-81 : total : 15.171 seconds.

Elapsed time: 79-80 : total : 7.138 seconds.

Elapsed time: 80-81 : total : 8.018 seconds.

Elapsed time: 70-81 : total : 1379.95 seconds.

Elapsed time: 7-8 : 1380 seconds

Elapsed time: 8-8.1 :  0 seconds

Elapsed time: 8.1-9 :  2 seconds

Elapsed time: 9-10 : 1 seconds

Elapsed time: 11-12 : 2 seconds

Elapsed time: 10-12 : 4 seconds

Elapsed time: 0-7 : 3 seconds

Elapsed time: 7-8 : 1380 seconds

Elapsed time: 8-12 : 9 seconds

E2E Time for num_cycles = 30 with growth_rate = 5 % = 1396 seconds.
Generating '/tmp/nsys-report-6150.qdstrm'
[1/7] [0%                          ] nsys-pa-30y-5p.nsys-rep[1/7] [0%                          ] nsys-pa-30y-5p.nsys-rep[1/7] [0%                          ] nsys-pa-30y-5p.nsys-rep[1/7] [5%                          ] nsys-pa-30y-5p.nsys-rep[1/7] [6%                          ] nsys-pa-30y-5p.nsys-rep[1/7] [5%                          ] nsys-pa-30y-5p.nsys-rep[1/7] [6%                          ] nsys-pa-30y-5p.nsys-rep[1/7] [7%                          ] nsys-pa-30y-5p.nsys-rep[1/7] [8%                          ] nsys-pa-30y-5p.nsys-rep[1/7] [7%                          ] nsys-pa-30y-5p.nsys-rep[1/7] [8%                          ] nsys-pa-30y-5p.nsys-rep[1/7] [7%                          ] nsys-pa-30y-5p.nsys-rep[1/7] [8%                          ] nsys-pa-30y-5p.nsys-rep[1/7] [9%                          ] nsys-pa-30y-5p.nsys-rep[1/7] [10%                         ] nsys-pa-30y-5p.nsys-rep[1/7] [9%                          ] nsys-pa-30y-5p.nsys-rep[1/7] [10%                         ] nsys-pa-30y-5p.nsys-rep[1/7] [9%                          ] nsys-pa-30y-5p.nsys-rep[1/7] [10%                         ] nsys-pa-30y-5p.nsys-rep[1/7] [11%                         ] nsys-pa-30y-5p.nsys-rep[1/7] [12%                         ] nsys-pa-30y-5p.nsys-rep[1/7] [13%                         ] nsys-pa-30y-5p.nsys-rep[1/7] [14%                         ] nsys-pa-30y-5p.nsys-rep[1/7] [13%                         ] nsys-pa-30y-5p.nsys-rep[1/7] [14%                         ] nsys-pa-30y-5p.nsys-rep[1/7] [13%                         ] nsys-pa-30y-5p.nsys-rep[1/7] [14%                         ] nsys-pa-30y-5p.nsys-rep[1/7] [13%                         ] nsys-pa-30y-5p.nsys-rep[1/7] [14%                         ] nsys-pa-30y-5p.nsys-rep[1/7] [13%                         ] nsys-pa-30y-5p.nsys-rep[1/7] [14%                         ] nsys-pa-30y-5p.nsys-rep[1/7] [13%                         ] nsys-pa-30y-5p.nsys-rep[1/7] [14%                         ] nsys-pa-30y-5p.nsys-rep[1/7] [13%                         ] nsys-pa-30y-5p.nsys-rep[1/7] [14%                         ] nsys-pa-30y-5p.nsys-rep[1/7] [13%                         ] nsys-pa-30y-5p.nsys-rep[1/7] [14%                         ] nsys-pa-30y-5p.nsys-rep[1/7] [13%                         ] nsys-pa-30y-5p.nsys-rep[1/7] [14%                         ] nsys-pa-30y-5p.nsys-rep[1/7] [13%                         ] nsys-pa-30y-5p.nsys-rep[1/7] [14%                         ] nsys-pa-30y-5p.nsys-rep[1/7] [13%                         ] nsys-pa-30y-5p.nsys-rep[1/7] [14%                         ] nsys-pa-30y-5p.nsys-rep[1/7] [13%                         ] nsys-pa-30y-5p.nsys-rep[1/7] [14%                         ] nsys-pa-30y-5p.nsys-rep[1/7] [13%                         ] nsys-pa-30y-5p.nsys-rep[1/7] [14%                         ] nsys-pa-30y-5p.nsys-rep[1/7] [13%                         ] nsys-pa-30y-5p.nsys-rep[1/7] [14%                         ] nsys-pa-30y-5p.nsys-rep[1/7] [13%                         ] nsys-pa-30y-5p.nsys-rep[1/7] [14%                         ] nsys-pa-30y-5p.nsys-rep[1/7] [13%                         ] nsys-pa-30y-5p.nsys-rep[1/7] [12%                         ] nsys-pa-30y-5p.nsys-rep[1/7] [11%                         ] nsys-pa-30y-5p.nsys-rep[1/7] [10%                         ] nsys-pa-30y-5p.nsys-rep[1/7] [9%                          ] nsys-pa-30y-5p.nsys-rep[1/7] [8%                          ] nsys-pa-30y-5p.nsys-rep[1/7] [7%                          ] nsys-pa-30y-5p.nsys-rep[1/7] [6%                          ] nsys-pa-30y-5p.nsys-rep[1/7] [5%                          ] nsys-pa-30y-5p.nsys-rep[1/7] [5%                          ] nsys-pa-30y-5p.nsys-rep[1/7] [6%                          ] nsys-pa-30y-5p.nsys-rep[1/7] [7%                          ] nsys-pa-30y-5p.nsys-rep[1/7] [8%                          ] nsys-pa-30y-5p.nsys-rep[1/7] [9%                          ] nsys-pa-30y-5p.nsys-rep[1/7] [10%                         ] nsys-pa-30y-5p.nsys-rep[1/7] [11%                         ] nsys-pa-30y-5p.nsys-rep[1/7] [12%                         ] nsys-pa-30y-5p.nsys-rep[1/7] [13%                         ] nsys-pa-30y-5p.nsys-rep[1/7] [14%                         ] nsys-pa-30y-5p.nsys-rep[1/7] [=15%                        ] nsys-pa-30y-5p.nsys-rep[1/7] [=16%                        ] nsys-pa-30y-5p.nsys-rep[1/7] [=17%                        ] nsys-pa-30y-5p.nsys-rep[1/7] [==18%                       ] nsys-pa-30y-5p.nsys-rep[1/7] [==19%                       ] nsys-pa-30y-5p.nsys-rep[1/7] [==20%                       ] nsys-pa-30y-5p.nsys-rep[1/7] [==21%                       ] nsys-pa-30y-5p.nsys-rep[1/7] [===22%                      ] nsys-pa-30y-5p.nsys-rep[1/7] [===23%                      ] nsys-pa-30y-5p.nsys-rep[1/7] [===24%                      ] nsys-pa-30y-5p.nsys-rep[1/7] [====25%                     ] nsys-pa-30y-5p.nsys-rep[1/7] [====26%                     ] nsys-pa-30y-5p.nsys-rep[1/7] [====27%                     ] nsys-pa-30y-5p.nsys-rep[1/7] [====28%                     ] nsys-pa-30y-5p.nsys-rep[1/7] [=====29%                    ] nsys-pa-30y-5p.nsys-rep[1/7] [=====30%                    ] nsys-pa-30y-5p.nsys-rep[1/7] [=====31%                    ] nsys-pa-30y-5p.nsys-rep[1/7] [=====32%                    ] nsys-pa-30y-5p.nsys-rep[1/7] [======33%                   ] nsys-pa-30y-5p.nsys-rep[1/7] [======34%                   ] nsys-pa-30y-5p.nsys-rep[1/7] [======35%                   ] nsys-pa-30y-5p.nsys-rep[1/7] [=======36%                  ] nsys-pa-30y-5p.nsys-rep[1/7] [=======37%                  ] nsys-pa-30y-5p.nsys-rep[1/7] [=======38%                  ] nsys-pa-30y-5p.nsys-rep[1/7] [=======39%                  ] nsys-pa-30y-5p.nsys-rep[1/7] [========40%                 ] nsys-pa-30y-5p.nsys-rep[1/7] [========41%                 ] nsys-pa-30y-5p.nsys-rep[1/7] [========42%                 ] nsys-pa-30y-5p.nsys-rep[1/7] [=========43%                ] nsys-pa-30y-5p.nsys-rep[1/7] [=========44%                ] nsys-pa-30y-5p.nsys-rep[1/7] [=========45%                ] nsys-pa-30y-5p.nsys-rep[1/7] [=========46%                ] nsys-pa-30y-5p.nsys-rep[1/7] [==========47%               ] nsys-pa-30y-5p.nsys-rep[1/7] [==========48%               ] nsys-pa-30y-5p.nsys-rep[1/7] [==========49%               ] nsys-pa-30y-5p.nsys-rep[1/7] [===========50%              ] nsys-pa-30y-5p.nsys-rep[1/7] [===========51%              ] nsys-pa-30y-5p.nsys-rep[1/7] [===========52%              ] nsys-pa-30y-5p.nsys-rep[1/7] [===========53%              ] nsys-pa-30y-5p.nsys-rep[1/7] [============54%             ] nsys-pa-30y-5p.nsys-rep[1/7] [============55%             ] nsys-pa-30y-5p.nsys-rep[1/7] [============56%             ] nsys-pa-30y-5p.nsys-rep[1/7] [============57%             ] nsys-pa-30y-5p.nsys-rep[1/7] [=============58%            ] nsys-pa-30y-5p.nsys-rep[1/7] [=============59%            ] nsys-pa-30y-5p.nsys-rep[1/7] [=============60%            ] nsys-pa-30y-5p.nsys-rep[1/7] [==============61%           ] nsys-pa-30y-5p.nsys-rep[1/7] [==============62%           ] nsys-pa-30y-5p.nsys-rep[1/7] [==============63%           ] nsys-pa-30y-5p.nsys-rep[1/7] [==============64%           ] nsys-pa-30y-5p.nsys-rep[1/7] [===============65%          ] nsys-pa-30y-5p.nsys-rep[1/7] [===============66%          ] nsys-pa-30y-5p.nsys-rep[1/7] [===============67%          ] nsys-pa-30y-5p.nsys-rep[1/7] [================68%         ] nsys-pa-30y-5p.nsys-rep[1/7] [================69%         ] nsys-pa-30y-5p.nsys-rep[1/7] [================70%         ] nsys-pa-30y-5p.nsys-rep[1/7] [================71%         ] nsys-pa-30y-5p.nsys-rep[1/7] [=================72%        ] nsys-pa-30y-5p.nsys-rep[1/7] [=================73%        ] nsys-pa-30y-5p.nsys-rep[1/7] [=================74%        ] nsys-pa-30y-5p.nsys-rep[1/7] [==================75%       ] nsys-pa-30y-5p.nsys-rep[1/7] [==================76%       ] nsys-pa-30y-5p.nsys-rep[1/7] [==================77%       ] nsys-pa-30y-5p.nsys-rep[1/7] [==================78%       ] nsys-pa-30y-5p.nsys-rep[1/7] [===================79%      ] nsys-pa-30y-5p.nsys-rep[1/7] [===================80%      ] nsys-pa-30y-5p.nsys-rep[1/7] [===================81%      ] nsys-pa-30y-5p.nsys-rep[1/7] [===================82%      ] nsys-pa-30y-5p.nsys-rep[1/7] [====================83%     ] nsys-pa-30y-5p.nsys-rep[1/7] [====================84%     ] nsys-pa-30y-5p.nsys-rep[1/7] [====================85%     ] nsys-pa-30y-5p.nsys-rep[1/7] [========================100%] nsys-pa-30y-5p.nsys-rep[1/7] [========================100%] nsys-pa-30y-5p.nsys-rep
[2/7] [0%                          ] nsys-pa-30y-5p.sqlite[2/7] [1%                          ] nsys-pa-30y-5p.sqlite[2/7] [2%                          ] nsys-pa-30y-5p.sqlite[2/7] [3%                          ] nsys-pa-30y-5p.sqlite[2/7] [4%                          ] nsys-pa-30y-5p.sqlite[2/7] [5%                          ] nsys-pa-30y-5p.sqlite[2/7] [6%                          ] nsys-pa-30y-5p.sqlite[2/7] [7%                          ] nsys-pa-30y-5p.sqlite[2/7] [8%                          ] nsys-pa-30y-5p.sqlite[2/7] [9%                          ] nsys-pa-30y-5p.sqlite[2/7] [10%                         ] nsys-pa-30y-5p.sqlite[2/7] [11%                         ] nsys-pa-30y-5p.sqlite[2/7] [12%                         ] nsys-pa-30y-5p.sqlite[2/7] [13%                         ] nsys-pa-30y-5p.sqlite[2/7] [14%                         ] nsys-pa-30y-5p.sqlite[2/7] [=15%                        ] nsys-pa-30y-5p.sqlite[2/7] [=16%                        ] nsys-pa-30y-5p.sqlite[2/7] [=17%                        ] nsys-pa-30y-5p.sqlite[2/7] [==18%                       ] nsys-pa-30y-5p.sqlite[2/7] [==19%                       ] nsys-pa-30y-5p.sqlite[2/7] [==20%                       ] nsys-pa-30y-5p.sqlite[2/7] [==21%                       ] nsys-pa-30y-5p.sqlite[2/7] [===22%                      ] nsys-pa-30y-5p.sqlite[2/7] [===23%                      ] nsys-pa-30y-5p.sqlite[2/7] [===24%                      ] nsys-pa-30y-5p.sqlite[2/7] [====25%                     ] nsys-pa-30y-5p.sqlite[2/7] [====26%                     ] nsys-pa-30y-5p.sqlite[2/7] [====27%                     ] nsys-pa-30y-5p.sqlite[2/7] [====28%                     ] nsys-pa-30y-5p.sqlite[2/7] [=====29%                    ] nsys-pa-30y-5p.sqlite[2/7] [=====30%                    ] nsys-pa-30y-5p.sqlite[2/7] [=====31%                    ] nsys-pa-30y-5p.sqlite[2/7] [=====32%                    ] nsys-pa-30y-5p.sqlite[2/7] [======33%                   ] nsys-pa-30y-5p.sqlite[2/7] [======34%                   ] nsys-pa-30y-5p.sqlite[2/7] [======35%                   ] nsys-pa-30y-5p.sqlite[2/7] [=======36%                  ] nsys-pa-30y-5p.sqlite[2/7] [=======37%                  ] nsys-pa-30y-5p.sqlite[2/7] [=======38%                  ] nsys-pa-30y-5p.sqlite[2/7] [=======39%                  ] nsys-pa-30y-5p.sqlite[2/7] [========40%                 ] nsys-pa-30y-5p.sqlite[2/7] [========41%                 ] nsys-pa-30y-5p.sqlite[2/7] [========42%                 ] nsys-pa-30y-5p.sqlite[2/7] [=========43%                ] nsys-pa-30y-5p.sqlite[2/7] [=========44%                ] nsys-pa-30y-5p.sqlite[2/7] [=========45%                ] nsys-pa-30y-5p.sqlite[2/7] [=========46%                ] nsys-pa-30y-5p.sqlite[2/7] [==========47%               ] nsys-pa-30y-5p.sqlite[2/7] [==========48%               ] nsys-pa-30y-5p.sqlite[2/7] [==========49%               ] nsys-pa-30y-5p.sqlite[2/7] [===========50%              ] nsys-pa-30y-5p.sqlite[2/7] [===========51%              ] nsys-pa-30y-5p.sqlite[2/7] [===========52%              ] nsys-pa-30y-5p.sqlite[2/7] [===========53%              ] nsys-pa-30y-5p.sqlite[2/7] [============54%             ] nsys-pa-30y-5p.sqlite[2/7] [============55%             ] nsys-pa-30y-5p.sqlite[2/7] [============56%             ] nsys-pa-30y-5p.sqlite[2/7] [============57%             ] nsys-pa-30y-5p.sqlite[2/7] [=============58%            ] nsys-pa-30y-5p.sqlite[2/7] [=============59%            ] nsys-pa-30y-5p.sqlite[2/7] [=============60%            ] nsys-pa-30y-5p.sqlite[2/7] [==============61%           ] nsys-pa-30y-5p.sqlite[2/7] [==============62%           ] nsys-pa-30y-5p.sqlite[2/7] [==============63%           ] nsys-pa-30y-5p.sqlite[2/7] [==============64%           ] nsys-pa-30y-5p.sqlite[2/7] [===============65%          ] nsys-pa-30y-5p.sqlite[2/7] [===============66%          ] nsys-pa-30y-5p.sqlite[2/7] [===============67%          ] nsys-pa-30y-5p.sqlite[2/7] [================68%         ] nsys-pa-30y-5p.sqlite[2/7] [================69%         ] nsys-pa-30y-5p.sqlite[2/7] [================70%         ] nsys-pa-30y-5p.sqlite[2/7] [================71%         ] nsys-pa-30y-5p.sqlite[2/7] [=================72%        ] nsys-pa-30y-5p.sqlite[2/7] [=================73%        ] nsys-pa-30y-5p.sqlite[2/7] [=================74%        ] nsys-pa-30y-5p.sqlite[2/7] [==================75%       ] nsys-pa-30y-5p.sqlite[2/7] [==================76%       ] nsys-pa-30y-5p.sqlite[2/7] [==================77%       ] nsys-pa-30y-5p.sqlite[2/7] [==================78%       ] nsys-pa-30y-5p.sqlite[2/7] [===================79%      ] nsys-pa-30y-5p.sqlite[2/7] [===================80%      ] nsys-pa-30y-5p.sqlite[2/7] [===================81%      ] nsys-pa-30y-5p.sqlite[2/7] [===================82%      ] nsys-pa-30y-5p.sqlite[2/7] [====================83%     ] nsys-pa-30y-5p.sqlite[2/7] [====================84%     ] nsys-pa-30y-5p.sqlite[2/7] [====================85%     ] nsys-pa-30y-5p.sqlite[2/7] [=====================86%    ] nsys-pa-30y-5p.sqlite[2/7] [=====================87%    ] nsys-pa-30y-5p.sqlite[2/7] [=====================88%    ] nsys-pa-30y-5p.sqlite[2/7] [=====================89%    ] nsys-pa-30y-5p.sqlite[2/7] [======================90%   ] nsys-pa-30y-5p.sqlite[2/7] [======================91%   ] nsys-pa-30y-5p.sqlite[2/7] [======================92%   ] nsys-pa-30y-5p.sqlite[2/7] [=======================93%  ] nsys-pa-30y-5p.sqlite[2/7] [=======================94%  ] nsys-pa-30y-5p.sqlite[2/7] [=======================95%  ] nsys-pa-30y-5p.sqlite[2/7] [=======================96%  ] nsys-pa-30y-5p.sqlite[2/7] [========================97% ] nsys-pa-30y-5p.sqlite[2/7] [========================98% ] nsys-pa-30y-5p.sqlite[2/7] [========================99% ] nsys-pa-30y-5p.sqlite[2/7] [========================100%] nsys-pa-30y-5p.sqlite[2/7] [========================100%] nsys-pa-30y-5p.sqlite
[3/7] Executing 'nvtx_sum' stats report

 Time (%)  Total Time (ns)  Instances  Avg (ns)  Med (ns)  Min (ns)  Max (ns)   StdDev (ns)   Style              Range            
 --------  ---------------  ---------  --------  --------  --------  ---------  -----------  -------  ----------------------------
     99.9    7,741,019,708  1,632,933   4,740.6   4,518.0     4,114  6,668,953     11,803.4  PushPop  CCCL:cub::DeviceFor::Bulk   
      0.0        1,888,533         60  31,475.6  30,869.0    19,361     42,164      5,503.5  PushPop  CCCL:thrust::copy           
      0.0        1,333,903         30  44,463.4  42,091.0    29,148     62,570      9,405.7  PushPop  CCCL:uninitialized_fill_n   
      0.0          941,082         30  31,369.4  30,923.5    20,493     41,539      5,468.8  PushPop  CCCL:thrust::two_system_copy

[4/7] Executing 'cuda_api_sum' stats report

 Time (%)  Total Time (ns)  Num Calls      Avg (ns)        Med (ns)    Min (ns)     Max (ns)       StdDev (ns)                 Name             
 --------  ---------------  ----------  ---------------  ------------  --------  --------------  ---------------  ------------------------------
     61.7  735,975,979,170         614  1,198,657,946.5  59,559,253.0     5,740  15,238,904,208  2,206,000,254.3  cudaStreamSynchronize         
     13.5  160,834,077,132  26,127,496          6,155.7       3,925.0     2,466      16,523,096         16,330.9  cudaMemcpy                    
     11.4  136,456,492,911  19,597,393          6,963.0       6,278.0     3,910      11,489,848         15,008.1  cudaFree                      
     11.3  135,037,181,069  22,863,008          5,906.4       4,962.0     1,935     814,416,283        309,815.3  cudaMalloc                    
      0.9   10,647,632,297   3,266,693          3,259.5       2,960.0     2,457       5,593,123          8,388.6  cudaMemset                    
      0.5    5,805,482,520         360     16,126,340.3   1,237,869.0     9,717     350,369,976     55,111,773.3  cudaMemcpyAsync               
      0.4    4,731,015,707   1,633,809          2,895.7       2,677.0     2,374      68,181,638         54,786.8  cudaLaunchKernel              
      0.1    1,646,402,706   1,632,933          1,008.2         909.0       663       1,421,464          1,816.9  cudaFreeAsync_v11020          
      0.1    1,621,983,060   1,632,993            993.3         886.0       614      24,469,585         19,549.6  cudaMallocAsync_v11020        
      0.0      148,900,550         524        284,161.4      27,293.0     8,144       6,187,609        842,722.9  cudaMallocManaged             
      0.0      145,286,415          30      4,842,880.5      61,344.5    42,193     143,463,838     26,181,320.3  cudaMemGetInfo                
      0.0       23,865,379         262         91,089.2      32,423.0     5,754         354,089        104,629.5  cudaDeviceSynchronize         
      0.0        1,040,950          60         17,349.2      15,546.0     9,060          31,164          5,930.0  cudaMemsetAsync               
      0.0          930,335          30         31,011.2      25,688.0    23,174         127,742         19,209.8  cudaStreamCreate              
      0.0          523,427          30         17,447.6      18,221.5    12,787          23,389          3,131.2  cudaStreamDestroy             
      0.0           35,914          30          1,197.1       1,204.0       941           1,464            125.1  cuStreamSynchronize           
      0.0            1,800           1          1,800.0       1,800.0     1,800           1,800              0.0  cudaGetDriverEntryPoint_v11030
      0.0            1,550           1          1,550.0       1,550.0     1,550           1,550              0.0  cuInit                        
      0.0            1,497           1          1,497.0       1,497.0     1,497           1,497              0.0  cuModuleGetLoadingMode        
      0.0            1,457           2            728.5         728.5       716             741             17.7  cuGetProcAddress_v2           

[5/7] Executing 'cuda_gpu_kern_sum' stats report

 Time (%)  Total Time (ns)  Instances     Avg (ns)         Med (ns)        Min (ns)        Max (ns)       StdDev (ns)                                                    Name                                                
 --------  ---------------  ---------  ---------------  ---------------  -------------  --------------  ---------------  ----------------------------------------------------------------------------------------------------
     82.5  613,643,205,495        131  4,684,299,278.6  4,407,061,900.0  1,086,219,981  15,238,848,669  2,570,745,096.5  kernelCallStage1(int, int, int, ABM *, Graph *, DeviceGraph *, DeviceGraph *, device_map<int, Node>…
     15.4  114,790,950,382        131    876,266,796.8    885,223,177.0    114,581,944   1,717,362,882    483,498,308.9  kernelCallStage3(int, int, int, ABM *, Graph *, int, device_map<int, Node>::device_view, ABMStageSt…
      1.0    7,394,166,684        131     56,444,020.5     50,310,778.0      6,837,797     380,870,045     44,214,113.8  kernelCallStage2(int, int, int, ABM *, Graph *, cuco::static_set_ref<int, (cuda::std::__4::thread_s…
      0.7    5,467,303,448         30    182,243,448.3    155,889,788.5     75,979,121     350,360,365     80,318,317.5  void cuco::legacy::detail::insert<(unsigned long)128, (unsigned int)4, cuco::pair<int, int> *, cuda…
      0.3    1,985,799,074  1,632,903          1,216.1          1,248.0          1,087           1,920             95.2  void cub::CUB_300103_SM_600::detail::for_each::static_kernel<cub::CUB_300103_SM_600::detail::for_ea…
      0.0      141,549,775        131      1,080,532.6      1,084,162.0        466,753       1,750,273        171,306.9  kernelCallStage4(int, int, int, ABM *, Graph *, int, device_map<int, Node>::device_view, ABMStageSt…
      0.0       22,865,263        262         87,272.0         27,040.0          2,944         350,400        104,656.3  kernel_extract_vector_sizes(device_vector *, int *, int)                                            
      0.0       13,161,527         30        438,717.6        326,448.0         70,176       1,294,786        285,083.8  void cuco::detail::open_addressing_ns::insert_if_n<(int)1, (int)128, int *, thrust::THRUST_300103_S…
      0.0          149,951         30          4,998.4          4,800.0          3,200           7,808          1,425.7  void cuco::legacy::detail::initialize<(unsigned long)256, cuda::__4::atomic<int, (cuda::std::__4::t…
      0.0           44,062         30          1,468.7          1,472.0          1,312           1,824            113.5  void cub::CUB_300103_SM_600::detail::for_each::static_kernel<cub::CUB_300103_SM_600::detail::for_ea…

[6/7] Executing 'cuda_gpu_mem_time_sum' stats report

 Time (%)  Total Time (ns)    Count     Avg (ns)  Med (ns)  Min (ns)   Max (ns)   StdDev (ns)               Operation              
 --------  ---------------  ----------  --------  --------  --------  ----------  -----------  ------------------------------------
     43.2   15,898,326,326   6,532,065   2,433.9   2,432.0     1,856     238,177        317.4  [CUDA memcpy Device-to-Host]        
     42.9   15,783,831,803  19,595,791     805.5     768.0       703  16,403,870     15,580.3  [CUDA memcpy Host-to-Device]        
     13.8    5,077,643,580   3,266,753   1,554.3   1,472.0       704     856,098      7,125.9  [CUDA memset]                       
      0.1       46,917,096      16,335   2,872.2   2,495.0     2,174      26,400      1,657.2  [CUDA memcpy Unified Host-to-Device]
      0.0       14,299,382       3,603   3,968.7   2,880.0     2,303      29,536      2,763.4  [CUDA memcpy Unified Device-to-Host]

[7/7] Executing 'cuda_gpu_mem_size_sum' stats report

  Total (MB)      Count     Avg (MB)  Med (MB)  Min (MB)  Max (MB)   StdDev (MB)               Operation              
 -------------  ----------  --------  --------  --------  ---------  -----------  ------------------------------------
 1,304,543.265   3,266,753     0.399     0.163     0.000  2,794.380       23.247  [CUDA memset]                       
    10,073.885  19,595,791     0.001     0.000     0.000    169.952        0.171  [CUDA memcpy Host-to-Device]        
       490.264   6,532,065     0.000     0.000     0.000      3.237        0.006  [CUDA memcpy Device-to-Host]        
       457.769      16,335     0.028     0.008     0.004      1.044        0.089  [CUDA memcpy Unified Host-to-Device]
       288.358       3,603     0.080     0.029     0.004      1.044        0.147  [CUDA memcpy Unified Device-to-Host]

Generated:
    /home/jmukher/workspace/uiuc/citation_abm/./profile/nsys-pa-30y-5p.nsys-rep
    /home/jmukher/workspace/uiuc/citation_abm/./profile/nsys-pa-30y-5p.sqlite
SUCCESS: 985M → ./profile/nsys-pa-30y-5p.nsys-rep
Running growth rate 6% for 30 years.
Profile output: ./profile/nsys-pa-30y-6p.nsys-rep
CMD: nsys profile --trace=cuda,nvtx --stats=true --force-overwrite=true -o ./profile/nsys-pa-30y-6p ./abm --edgelist sj_edgelist --nodelist sj_nodelist --out-degree-bag tcen_at_least_five --recency-probabilities sj_recprob --alpha 0.5 --preferential-weight 0.33 --recency-weight 0.33 --fitness-weight 0.33 --growth-rate .06 --fully-random-citations 0.05 --num-cycles 30 --same-year-proportion 0.12 --output-file ./output/30y/gpu-opt-static-output-30y-6p.edgelist --auxiliary-information-file ./output/30y/gpu-opt-static-output-30y-6p.aux --log-file ./output/30y/nsys-gpu-opt-static-pa-30y-6p.log --num-processors 14 --log-level 1

Start ABM....
parse_args....
edgelist....
num-cycles....
output-file....
log-file = ./output/30y/nsys-gpu-opt-static-pa-30y-6p.log....
num-processors = 14....
log-level = 0
Init ABM....
Exec ABM....
Start execute.Init Graph
Inside  Graph ParseNodelist.....
Populating the continuous_node mappings..
Elapsed time: ParseNodelist : 1100 millisecs = 1 seconds

Inside Graph ParseEdgelist.....
Elapsed time: ParseEdgelist : 1574 millisecs = 1 seconds

In updateNodeInDegreeOutDegree: Update Outdegree first:
In updateNodeInDegreeOutDegree: Update Indegree:
Total (initial):: In-Degree = 899050, Out-Degree = 899050
Elapsed time: 0-1 : 1 seconds
Elapsed time: 1-2 : 1 seconds
Elapsed time: 2-3 : 0 seconds

Initialized Graph. Let us update the indegree and out-degrees... 
Graph init done...
calling InitializeFitness...
final graph size is 2823139 from initial_graph_size of 491532.
 populated out degree array.
 Entering loop for year = 1983
Elapsed time: 70-71: total : 0.264 secs, iter cost : 0 seconds

Elapsed time: 71-72: total : 0.322 secs, iter cost : 0 seconds

Elapsed time: 72-73: total : 12 millisecs, iter cost : 12 mseconds

num_new_nodes = 29492, current_graph_size = 491532, growth rate = 0.060000 
Elapsed time: 73-74: total : 0 millisecs, iter cost : 0 mseconds

Elapsed time: 74-75: total : 28 millisecs, iter cost : 28 mseconds

all new nodes initialized with years and mapped. FillSameYearSourceNodes with new_nodes_vec.size() = 29492
checking same_year_source_nodes size.
Elapsed time: 75-76: total : 0 millisecs, iter cost : 0 mseconds

new_nodes_vec.size() b4 : 29492

updated  updateGraphAttributesGeneratorNode .... 
Elapsed time: 76-77: total : 75 millisecs, iter cost : 75 mseconds

continuous_node_mapping.size() b5 : 521024, reverse_continuous_node_mapping size = 521024

Inside optimized buildOneNodeConnections...
Initial Free: 80526.5 MB / 81079.4 MB

[prepareGraph] num_vertices = 491532

[prepareGraph] edges = 899050, offsets = 491533 (should be V+1 = 491533)

[prepareGraph] num_vertices = 491532

[prepareGraph] edges = 899050, offsets = 491533 (should be V+1 = 491533)

Year 1983: 29492 new nodes, 577342 new edges

Elapsed time: 78-781 : total : 11.189 secs,  this iter cost : 11.189 seconds

Elapsed time: 78-79 : total : 11.398 secs, this iter cost : 11.398 seconds

updateNodeInDegreeOutDegree(year=1983): updated 29492 out-degrees, 294805 in-degrees
Elapsed time: 79-81 : total : 0.303 secs, this iter cost : 0 seconds

Elapsed time: 79-80 : total : 0.151 secs, this iter cost : 0 seconds

Elapsed time: 80-81 : total : 0.151 secs, this iter cost : 0 seconds

Elapsed time: 70-81 : total : 12.405 secs, this iter cost : 12 seconds

 Entering loop for year = 1984
Elapsed time: 70-71: total : 0.546 secs, iter cost : 0 seconds

Elapsed time: 71-72: total : 0.616 secs, iter cost : 0 seconds

Elapsed time: 72-73: total : 24 millisecs, iter cost : 12 mseconds

num_new_nodes = 31262, current_graph_size = 521024, growth rate = 0.060000 
Elapsed time: 73-74: total : 0 millisecs, iter cost : 0 mseconds

Elapsed time: 74-75: total : 48 millisecs, iter cost : 20 mseconds

all new nodes initialized with years and mapped. FillSameYearSourceNodes with new_nodes_vec.size() = 31262
checking same_year_source_nodes size.
Elapsed time: 75-76: total : 0 millisecs, iter cost : 0 mseconds

new_nodes_vec.size() b4 : 31262

updated  updateGraphAttributesGeneratorNode .... 
Elapsed time: 76-77: total : 155 millisecs, iter cost : 80 mseconds

continuous_node_mapping.size() b5 : 552286, reverse_continuous_node_mapping size = 552286

Inside optimized buildOneNodeConnections...
Initial Free: 80272.5 MB / 81079.4 MB

[prepareGraph] num_vertices = 521024

[prepareGraph] edges = 1476392, offsets = 521025 (should be V+1 = 521025)

[prepareGraph] num_vertices = 521024

[prepareGraph] edges = 1476392, offsets = 521025 (should be V+1 = 521025)

Year 1984: 31262 new nodes, 610508 new edges

Elapsed time: 78-781 : total : 22.469 secs,  this iter cost : 11.28 seconds

Elapsed time: 78-79 : total : 22.9 secs, this iter cost : 11.502 seconds

updateNodeInDegreeOutDegree(year=1984): updated 31262 out-degrees, 304343 in-degrees
Elapsed time: 79-81 : total : 0.595 secs, this iter cost : 0 seconds

Elapsed time: 79-80 : total : 0.282 secs, this iter cost : 0 seconds

Elapsed time: 80-81 : total : 0.311 secs, this iter cost : 0 seconds

Elapsed time: 70-81 : total : 24.889 secs, this iter cost : 12 seconds

 Entering loop for year = 1985
Elapsed time: 70-71: total : 0.834 secs, iter cost : 0 seconds

Elapsed time: 71-72: total : 0.915 secs, iter cost : 0 seconds

Elapsed time: 72-73: total : 36 millisecs, iter cost : 12 mseconds

num_new_nodes = 33138, current_graph_size = 552286, growth rate = 0.060000 
Elapsed time: 73-74: total : 0 millisecs, iter cost : 0 mseconds

Elapsed time: 74-75: total : 67 millisecs, iter cost : 19 mseconds

all new nodes initialized with years and mapped. FillSameYearSourceNodes with new_nodes_vec.size() = 33138
checking same_year_source_nodes size.
Elapsed time: 75-76: total : 0 millisecs, iter cost : 0 mseconds

new_nodes_vec.size() b4 : 33138

updated  updateGraphAttributesGeneratorNode .... 
Elapsed time: 76-77: total : 238 millisecs, iter cost : 83 mseconds

continuous_node_mapping.size() b5 : 585424, reverse_continuous_node_mapping size = 585424

Inside optimized buildOneNodeConnections...
Initial Free: 80240.5 MB / 81079.4 MB

[prepareGraph] num_vertices = 552286

[prepareGraph] edges = 2086900, offsets = 552287 (should be V+1 = 552287)

[prepareGraph] num_vertices = 552286

[prepareGraph] edges = 2086900, offsets = 552287 (should be V+1 = 552287)

Year 1985: 33138 new nodes, 645846 new edges

Elapsed time: 78-781 : total : 34.122 secs,  this iter cost : 11.653 seconds

Elapsed time: 78-79 : total : 34.773 secs, this iter cost : 11.873 seconds

updateNodeInDegreeOutDegree(year=1985): updated 33138 out-degrees, 313482 in-degrees
Elapsed time: 79-81 : total : 0.899 secs, this iter cost : 0 seconds

Elapsed time: 79-80 : total : 0.418 secs, this iter cost : 0 seconds

Elapsed time: 80-81 : total : 0.479 secs, this iter cost : 0 seconds

Elapsed time: 70-81 : total : 37.771 secs, this iter cost : 12 seconds

 Entering loop for year = 1986
Elapsed time: 70-71: total : 1.129 secs, iter cost : 0 seconds

Elapsed time: 71-72: total : 1.23 secs, iter cost : 0 seconds

Elapsed time: 72-73: total : 49 millisecs, iter cost : 13 mseconds

num_new_nodes = 35126, current_graph_size = 585424, growth rate = 0.060000 
Elapsed time: 73-74: total : 0 millisecs, iter cost : 0 mseconds

Elapsed time: 74-75: total : 88 millisecs, iter cost : 21 mseconds

all new nodes initialized with years and mapped. FillSameYearSourceNodes with new_nodes_vec.size() = 35126
checking same_year_source_nodes size.
Elapsed time: 75-76: total : 0 millisecs, iter cost : 0 mseconds

new_nodes_vec.size() b4 : 35126

updated  updateGraphAttributesGeneratorNode .... 
Elapsed time: 76-77: total : 327 millisecs, iter cost : 89 mseconds

continuous_node_mapping.size() b5 : 620550, reverse_continuous_node_mapping size = 620550

Inside optimized buildOneNodeConnections...
Initial Free: 80204.5 MB / 81079.4 MB

[prepareGraph] num_vertices = 585424

[prepareGraph] edges = 2732746, offsets = 585425 (should be V+1 = 585425)

[prepareGraph] num_vertices = 585424

[prepareGraph] edges = 2732746, offsets = 585425 (should be V+1 = 585425)

Year 1986: 35126 new nodes, 684406 new edges

Elapsed time: 78-781 : total : 48.619 secs,  this iter cost : 14.497 seconds

Elapsed time: 78-79 : total : 49.552 secs, this iter cost : 14.779 seconds

updateNodeInDegreeOutDegree(year=1986): updated 35126 out-degrees, 323843 in-degrees
Elapsed time: 79-81 : total : 1.239 secs, this iter cost : 0 seconds

Elapsed time: 79-80 : total : 0.584 secs, this iter cost : 0 seconds

Elapsed time: 80-81 : total : 0.653 secs, this iter cost : 0 seconds

Elapsed time: 70-81 : total : 53.626 secs, this iter cost : 15 seconds

 Entering loop for year = 1987
Elapsed time: 70-71: total : 1.439 secs, iter cost : 0 seconds

Elapsed time: 71-72: total : 1.56 secs, iter cost : 0 seconds

Elapsed time: 72-73: total : 63 millisecs, iter cost : 14 mseconds

num_new_nodes = 37233, current_graph_size = 620550, growth rate = 0.060000 
Elapsed time: 73-74: total : 0 millisecs, iter cost : 0 mseconds

Elapsed time: 74-75: total : 107 millisecs, iter cost : 19 mseconds

all new nodes initialized with years and mapped. FillSameYearSourceNodes with new_nodes_vec.size() = 37233
checking same_year_source_nodes size.
Elapsed time: 75-76: total : 0 millisecs, iter cost : 0 mseconds

new_nodes_vec.size() b4 : 37233

updated  updateGraphAttributesGeneratorNode .... 
Elapsed time: 76-77: total : 417 millisecs, iter cost : 90 mseconds

continuous_node_mapping.size() b5 : 657783, reverse_continuous_node_mapping size = 657783

Inside optimized buildOneNodeConnections...
Initial Free: 80166.5 MB / 81079.4 MB

[prepareGraph] num_vertices = 620550

[prepareGraph] edges = 3417152, offsets = 620551 (should be V+1 = 620551)

[prepareGraph] num_vertices = 620550

[prepareGraph] edges = 3417152, offsets = 620551 (should be V+1 = 620551)

Year 1987: 37233 new nodes, 727810 new edges

Elapsed time: 78-781 : total : 62.558 secs,  this iter cost : 13.939 seconds

Elapsed time: 78-79 : total : 63.736 secs, this iter cost : 14.184 seconds

updateNodeInDegreeOutDegree(year=1987): updated 37233 out-degrees, 333897 in-degrees
Elapsed time: 79-81 : total : 1.568 secs, this iter cost : 0 seconds

Elapsed time: 79-80 : total : 0.729 secs, this iter cost : 0 seconds

Elapsed time: 80-81 : total : 0.836 secs, this iter cost : 0 seconds

Elapsed time: 70-81 : total : 68.906 secs, this iter cost : 15 seconds

 Entering loop for year = 1988
Elapsed time: 70-71: total : 1.745 secs, iter cost : 0 seconds

Elapsed time: 71-72: total : 1.899 secs, iter cost : 0 seconds

Elapsed time: 72-73: total : 78 millisecs, iter cost : 15 mseconds

num_new_nodes = 39467, current_graph_size = 657783, growth rate = 0.060000 
Elapsed time: 73-74: total : 0 millisecs, iter cost : 0 mseconds

Elapsed time: 74-75: total : 126 millisecs, iter cost : 19 mseconds

all new nodes initialized with years and mapped. FillSameYearSourceNodes with new_nodes_vec.size() = 39467
checking same_year_source_nodes size.
Elapsed time: 75-76: total : 0 millisecs, iter cost : 0 mseconds

new_nodes_vec.size() b4 : 39467

updated  updateGraphAttributesGeneratorNode .... 
Elapsed time: 76-77: total : 513 millisecs, iter cost : 96 mseconds

continuous_node_mapping.size() b5 : 697250, reverse_continuous_node_mapping size = 697250

Inside optimized buildOneNodeConnections...
Initial Free: 79100.5 MB / 81079.4 MB

[prepareGraph] num_vertices = 657783

[prepareGraph] edges = 4144962, offsets = 657784 (should be V+1 = 657784)

[prepareGraph] num_vertices = 657783

[prepareGraph] edges = 4144962, offsets = 657784 (should be V+1 = 657784)

Year 1988: 39467 new nodes, 771424 new edges

Elapsed time: 78-781 : total : 78.074 secs,  this iter cost : 15.516 seconds

Elapsed time: 78-79 : total : 79.509 secs, this iter cost : 15.773 seconds

updateNodeInDegreeOutDegree(year=1988): updated 39467 out-degrees, 346365 in-degrees
Elapsed time: 79-81 : total : 1.913 secs, this iter cost : 0 seconds

Elapsed time: 79-80 : total : 0.88 secs, this iter cost : 0 seconds

Elapsed time: 80-81 : total : 1.03 secs, this iter cost : 0 seconds

Elapsed time: 70-81 : total : 85.804 secs, this iter cost : 16 seconds

 Entering loop for year = 1989
Elapsed time: 70-71: total : 2.059 secs, iter cost : 0 seconds

Elapsed time: 71-72: total : 2.248 secs, iter cost : 0 seconds

Elapsed time: 72-73: total : 94 millisecs, iter cost : 16 mseconds

num_new_nodes = 41835, current_graph_size = 697250, growth rate = 0.060000 
Elapsed time: 73-74: total : 0 millisecs, iter cost : 0 mseconds

Elapsed time: 74-75: total : 146 millisecs, iter cost : 20 mseconds

all new nodes initialized with years and mapped. FillSameYearSourceNodes with new_nodes_vec.size() = 41835
checking same_year_source_nodes size.
Elapsed time: 75-76: total : 0 millisecs, iter cost : 0 mseconds

new_nodes_vec.size() b4 : 41835

updated  updateGraphAttributesGeneratorNode .... 
Elapsed time: 76-77: total : 615 millisecs, iter cost : 102 mseconds

continuous_node_mapping.size() b5 : 739085, reverse_continuous_node_mapping size = 739085

Inside optimized buildOneNodeConnections...
Initial Free: 79060.5 MB / 81079.4 MB

[prepareGraph] num_vertices = 697250

[prepareGraph] edges = 4916386, offsets = 697251 (should be V+1 = 697251)

[prepareGraph] num_vertices = 697250

[prepareGraph] edges = 4916386, offsets = 697251 (should be V+1 = 697251)

Year 1989: 41835 new nodes, 819042 new edges

Elapsed time: 78-781 : total : 96.224 secs,  this iter cost : 18.15 seconds

Elapsed time: 78-79 : total : 97.981 secs, this iter cost : 18.472 seconds

updateNodeInDegreeOutDegree(year=1989): updated 41835 out-degrees, 360575 in-degrees
Elapsed time: 79-81 : total : 2.282 secs, this iter cost : 0 seconds

Elapsed time: 79-80 : total : 1.043 secs, this iter cost : 0 seconds

Elapsed time: 80-81 : total : 1.236 secs, this iter cost : 0 seconds

Elapsed time: 70-81 : total : 105.45 secs, this iter cost : 19 seconds

 Entering loop for year = 1990
Elapsed time: 70-71: total : 2.383 secs, iter cost : 0 seconds

Elapsed time: 71-72: total : 2.609 secs, iter cost : 0 seconds

Elapsed time: 72-73: total : 111 millisecs, iter cost : 17 mseconds

num_new_nodes = 44346, current_graph_size = 739085, growth rate = 0.060000 
Elapsed time: 73-74: total : 0 millisecs, iter cost : 0 mseconds

Elapsed time: 74-75: total : 168 millisecs, iter cost : 22 mseconds

all new nodes initialized with years and mapped. FillSameYearSourceNodes with new_nodes_vec.size() = 44346
checking same_year_source_nodes size.
Elapsed time: 75-76: total : 0 millisecs, iter cost : 0 mseconds

new_nodes_vec.size() b4 : 44346

updated  updateGraphAttributesGeneratorNode .... 
Elapsed time: 76-77: total : 723 millisecs, iter cost : 108 mseconds

continuous_node_mapping.size() b5 : 783431, reverse_continuous_node_mapping size = 783431

Inside optimized buildOneNodeConnections...
Initial Free: 78120.5 MB / 81079.4 MB

[prepareGraph] num_vertices = 739085

[prepareGraph] edges = 5735428, offsets = 739086 (should be V+1 = 739086)

[prepareGraph] num_vertices = 739085

[prepareGraph] edges = 5735428, offsets = 739086 (should be V+1 = 739086)

Year 1990: 44346 new nodes, 869038 new edges

Elapsed time: 78-781 : total : 116.391 secs,  this iter cost : 20.167 seconds

Elapsed time: 78-79 : total : 118.475 secs, this iter cost : 20.494 seconds

updateNodeInDegreeOutDegree(year=1990): updated 44346 out-degrees, 375291 in-degrees
Elapsed time: 79-81 : total : 2.694 secs, this iter cost : 0 seconds

Elapsed time: 79-80 : total : 1.236 secs, this iter cost : 0 seconds

Elapsed time: 80-81 : total : 1.454 secs, this iter cost : 0 seconds

Elapsed time: 70-81 : total : 127.191 secs, this iter cost : 21 seconds

 Entering loop for year = 1991
Elapsed time: 70-71: total : 2.722 secs, iter cost : 0 seconds

Elapsed time: 71-72: total : 2.985 secs, iter cost : 0 seconds

Elapsed time: 72-73: total : 129 millisecs, iter cost : 18 mseconds

num_new_nodes = 47006, current_graph_size = 783431, growth rate = 0.060000 
Elapsed time: 73-74: total : 0 millisecs, iter cost : 0 mseconds

Elapsed time: 74-75: total : 192 millisecs, iter cost : 24 mseconds

all new nodes initialized with years and mapped. FillSameYearSourceNodes with new_nodes_vec.size() = 47006
checking same_year_source_nodes size.
Elapsed time: 75-76: total : 0 millisecs, iter cost : 0 mseconds

new_nodes_vec.size() b4 : 47006

updated  updateGraphAttributesGeneratorNode .... 
Elapsed time: 76-77: total : 837 millisecs, iter cost : 114 mseconds

continuous_node_mapping.size() b5 : 830437, reverse_continuous_node_mapping size = 830437

Inside optimized buildOneNodeConnections...
Initial Free: 78122.5 MB / 81079.4 MB

[prepareGraph] num_vertices = 783431

[prepareGraph] edges = 6604466, offsets = 783432 (should be V+1 = 783432)

[prepareGraph] num_vertices = 783431

[prepareGraph] edges = 6604466, offsets = 783432 (should be V+1 = 783432)

Year 1991: 47006 new nodes, 922181 new edges

Elapsed time: 78-781 : total : 138.98 secs,  this iter cost : 22.589 seconds

Elapsed time: 78-79 : total : 141.378 secs, this iter cost : 22.903 seconds

updateNodeInDegreeOutDegree(year=1991): updated 47006 out-degrees, 392151 in-degrees
Elapsed time: 79-81 : total : 3.106 secs, this iter cost : 0 seconds

Elapsed time: 79-80 : total : 1.416 secs, this iter cost : 0 seconds

Elapsed time: 80-81 : total : 1.686 secs, this iter cost : 0 seconds

Elapsed time: 70-81 : total : 151.38 secs, this iter cost : 24 seconds

 Entering loop for year = 1992
Elapsed time: 70-71: total : 3.068 secs, iter cost : 0 seconds

Elapsed time: 71-72: total : 3.373 secs, iter cost : 0 seconds

Elapsed time: 72-73: total : 148 millisecs, iter cost : 19 mseconds

num_new_nodes = 49827, current_graph_size = 830437, growth rate = 0.060000 
Elapsed time: 73-74: total : 0 millisecs, iter cost : 0 mseconds

Elapsed time: 74-75: total : 217 millisecs, iter cost : 25 mseconds

all new nodes initialized with years and mapped. FillSameYearSourceNodes with new_nodes_vec.size() = 49827
checking same_year_source_nodes size.
Elapsed time: 75-76: total : 0 millisecs, iter cost : 0 mseconds

new_nodes_vec.size() b4 : 49827

updated  updateGraphAttributesGeneratorNode .... 
Elapsed time: 76-77: total : 959 millisecs, iter cost : 122 mseconds

continuous_node_mapping.size() b5 : 880264, reverse_continuous_node_mapping size = 880264

Inside optimized buildOneNodeConnections...
Initial Free: 78100.5 MB / 81079.4 MB

[prepareGraph] num_vertices = 830437

[prepareGraph] edges = 7526647, offsets = 830438 (should be V+1 = 830438)

[prepareGraph] num_vertices = 830437

[prepareGraph] edges = 7526647, offsets = 830438 (should be V+1 = 830438)

Year 1992: 49827 new nodes, 977544 new edges

Elapsed time: 78-781 : total : 162.917 secs,  this iter cost : 23.937 seconds

Elapsed time: 78-79 : total : 165.691 secs, this iter cost : 24.313 seconds

updateNodeInDegreeOutDegree(year=1992): updated 49827 out-degrees, 410782 in-degrees
Elapsed time: 79-81 : total : 3.535 secs, this iter cost : 0 seconds

Elapsed time: 79-80 : total : 1.598 secs, this iter cost : 0 seconds

Elapsed time: 80-81 : total : 1.932 secs, this iter cost : 0 seconds

Elapsed time: 70-81 : total : 177.025 secs, this iter cost : 25 seconds

 Entering loop for year = 1993
Elapsed time: 70-71: total : 3.425 secs, iter cost : 0 seconds

Elapsed time: 71-72: total : 3.775 secs, iter cost : 0 seconds

Elapsed time: 72-73: total : 168 millisecs, iter cost : 20 mseconds

num_new_nodes = 52816, current_graph_size = 880264, growth rate = 0.060000 
Elapsed time: 73-74: total : 0 millisecs, iter cost : 0 mseconds

Elapsed time: 74-75: total : 245 millisecs, iter cost : 28 mseconds

all new nodes initialized with years and mapped. FillSameYearSourceNodes with new_nodes_vec.size() = 52816
checking same_year_source_nodes size.
Elapsed time: 75-76: total : 0 millisecs, iter cost : 0 mseconds

new_nodes_vec.size() b4 : 52816

updated  updateGraphAttributesGeneratorNode .... 
Elapsed time: 76-77: total : 1088 millisecs, iter cost : 129 mseconds

continuous_node_mapping.size() b5 : 933080, reverse_continuous_node_mapping size = 933080

Inside optimized buildOneNodeConnections...
Initial Free: 78034.5 MB / 81079.4 MB

[prepareGraph] num_vertices = 880264

[prepareGraph] edges = 8504191, offsets = 880265 (should be V+1 = 880265)

[prepareGraph] num_vertices = 880264

[prepareGraph] edges = 8504191, offsets = 880265 (should be V+1 = 880265)

Year 1993: 52816 new nodes, 1034207 new edges

Elapsed time: 78-781 : total : 191.863 secs,  this iter cost : 28.946 seconds

Elapsed time: 78-79 : total : 195.035 secs, this iter cost : 29.344 seconds

updateNodeInDegreeOutDegree(year=1993): updated 52816 out-degrees, 430637 in-degrees
Elapsed time: 79-81 : total : 4.017 secs, this iter cost : 0 seconds

Elapsed time: 79-80 : total : 1.819 secs, this iter cost : 0 seconds

Elapsed time: 80-81 : total : 2.192 secs, this iter cost : 0 seconds

Elapsed time: 70-81 : total : 207.789 secs, this iter cost : 30 seconds

 Entering loop for year = 1994
Elapsed time: 70-71: total : 3.803 secs, iter cost : 0 seconds

Elapsed time: 71-72: total : 4.197 secs, iter cost : 0 seconds

Elapsed time: 72-73: total : 189 millisecs, iter cost : 21 mseconds

num_new_nodes = 55985, current_graph_size = 933080, growth rate = 0.060000 
Elapsed time: 73-74: total : 0 millisecs, iter cost : 0 mseconds

Elapsed time: 74-75: total : 275 millisecs, iter cost : 30 mseconds

all new nodes initialized with years and mapped. FillSameYearSourceNodes with new_nodes_vec.size() = 55985
checking same_year_source_nodes size.
Elapsed time: 75-76: total : 0 millisecs, iter cost : 0 mseconds

new_nodes_vec.size() b4 : 55985

updated  updateGraphAttributesGeneratorNode .... 
Elapsed time: 76-77: total : 1225 millisecs, iter cost : 137 mseconds

continuous_node_mapping.size() b5 : 989065, reverse_continuous_node_mapping size = 989065

Inside optimized buildOneNodeConnections...
Initial Free: 77982.5 MB / 81079.4 MB

[prepareGraph] num_vertices = 933080

[prepareGraph] edges = 9538398, offsets = 933081 (should be V+1 = 933081)

[prepareGraph] num_vertices = 933080

[prepareGraph] edges = 9538398, offsets = 933081 (should be V+1 = 933081)

Year 1994: 55985 new nodes, 1094506 new edges

Elapsed time: 78-781 : total : 222.987 secs,  this iter cost : 31.124 seconds

Elapsed time: 78-79 : total : 226.584 secs, this iter cost : 31.549 seconds

updateNodeInDegreeOutDegree(year=1994): updated 55985 out-degrees, 453308 in-degrees
Elapsed time: 79-81 : total : 4.502 secs, this iter cost : 0 seconds

Elapsed time: 79-80 : total : 2.027 secs, this iter cost : 0 seconds

Elapsed time: 80-81 : total : 2.468 secs, this iter cost : 0 seconds

Elapsed time: 70-81 : total : 240.814 secs, this iter cost : 33 seconds

 Entering loop for year = 1995
Elapsed time: 70-71: total : 4.188 secs, iter cost : 0 seconds

Elapsed time: 71-72: total : 4.633 secs, iter cost : 0 seconds

Elapsed time: 72-73: total : 212 millisecs, iter cost : 23 mseconds

num_new_nodes = 59344, current_graph_size = 989065, growth rate = 0.060000 
Elapsed time: 73-74: total : 0 millisecs, iter cost : 0 mseconds

Elapsed time: 74-75: total : 307 millisecs, iter cost : 32 mseconds

all new nodes initialized with years and mapped. FillSameYearSourceNodes with new_nodes_vec.size() = 59344
checking same_year_source_nodes size.
Elapsed time: 75-76: total : 0 millisecs, iter cost : 0 mseconds

new_nodes_vec.size() b4 : 59344

updated  updateGraphAttributesGeneratorNode .... 
Elapsed time: 76-77: total : 1370 millisecs, iter cost : 145 mseconds

continuous_node_mapping.size() b5 : 1048409, reverse_continuous_node_mapping size = 1048409

Inside optimized buildOneNodeConnections...
Initial Free: 77082.5 MB / 81079.4 MB

[prepareGraph] num_vertices = 989065

[prepareGraph] edges = 10632904, offsets = 989066 (should be V+1 = 989066)

[prepareGraph] num_vertices = 989065

[prepareGraph] edges = 10632904, offsets = 989066 (should be V+1 = 989066)

Year 1995: 59344 new nodes, 1161009 new edges

Elapsed time: 78-781 : total : 256.333 secs,  this iter cost : 33.346 seconds

Elapsed time: 78-79 : total : 260.404 secs, this iter cost : 33.82 seconds

updateNodeInDegreeOutDegree(year=1995): updated 59344 out-degrees, 478647 in-degrees
Elapsed time: 79-81 : total : 5.041 secs, this iter cost : 0 seconds

Elapsed time: 79-80 : total : 2.273 secs, this iter cost : 0 seconds

Elapsed time: 80-81 : total : 2.761 secs, this iter cost : 0 seconds

Elapsed time: 70-81 : total : 276.196 secs, this iter cost : 35 seconds

 Entering loop for year = 1996
Elapsed time: 70-71: total : 4.596 secs, iter cost : 0 seconds

Elapsed time: 71-72: total : 5.083 secs, iter cost : 0 seconds

Elapsed time: 72-73: total : 236 millisecs, iter cost : 24 mseconds

num_new_nodes = 62905, current_graph_size = 1048409, growth rate = 0.060000 
Elapsed time: 73-74: total : 0 millisecs, iter cost : 0 mseconds

Elapsed time: 74-75: total : 343 millisecs, iter cost : 36 mseconds

all new nodes initialized with years and mapped. FillSameYearSourceNodes with new_nodes_vec.size() = 62905
checking same_year_source_nodes size.
Elapsed time: 75-76: total : 0 millisecs, iter cost : 0 mseconds

new_nodes_vec.size() b4 : 62905

updated  updateGraphAttributesGeneratorNode .... 
Elapsed time: 76-77: total : 1525 millisecs, iter cost : 155 mseconds

continuous_node_mapping.size() b5 : 1111314, reverse_continuous_node_mapping size = 1111314

Inside optimized buildOneNodeConnections...
Initial Free: 76222.5 MB / 81079.4 MB

[prepareGraph] num_vertices = 1048409

[prepareGraph] edges = 11793913, offsets = 1048410 (should be V+1 = 1048410)

[prepareGraph] num_vertices = 1048409

[prepareGraph] edges = 11793913, offsets = 1048410 (should be V+1 = 1048410)

Year 1996: 62905 new nodes, 1228191 new edges

Elapsed time: 78-781 : total : 297.84 secs,  this iter cost : 41.507 seconds

Elapsed time: 78-79 : total : 302.451 secs, this iter cost : 42.047 seconds

updateNodeInDegreeOutDegree(year=1996): updated 62905 out-degrees, 504495 in-degrees
Elapsed time: 79-81 : total : 5.584 secs, this iter cost : 0 seconds

Elapsed time: 79-80 : total : 2.504 secs, this iter cost : 0 seconds

Elapsed time: 80-81 : total : 3.072 secs, this iter cost : 0 seconds

Elapsed time: 70-81 : total : 319.862 secs, this iter cost : 43 seconds

 Entering loop for year = 1997
Elapsed time: 70-71: total : 5.01 secs, iter cost : 0 seconds

Elapsed time: 71-72: total : 5.549 secs, iter cost : 0 seconds

Elapsed time: 72-73: total : 261 millisecs, iter cost : 25 mseconds

num_new_nodes = 66679, current_graph_size = 1111314, growth rate = 0.060000 
Elapsed time: 73-74: total : 0 millisecs, iter cost : 0 mseconds

Elapsed time: 74-75: total : 382 millisecs, iter cost : 39 mseconds

all new nodes initialized with years and mapped. FillSameYearSourceNodes with new_nodes_vec.size() = 66679
checking same_year_source_nodes size.
Elapsed time: 75-76: total : 0 millisecs, iter cost : 0 mseconds

new_nodes_vec.size() b4 : 66679

updated  updateGraphAttributesGeneratorNode .... 
Elapsed time: 76-77: total : 1689 millisecs, iter cost : 164 mseconds

continuous_node_mapping.size() b5 : 1177993, reverse_continuous_node_mapping size = 1177993

Inside optimized buildOneNodeConnections...
Initial Free: 76006.5 MB / 81079.4 MB

[prepareGraph] num_vertices = 1111314

[prepareGraph] edges = 13022104, offsets = 1111315 (should be V+1 = 1111315)

[prepareGraph] num_vertices = 1111314

[prepareGraph] edges = 13022104, offsets = 1111315 (should be V+1 = 1111315)

Year 1997: 66679 new nodes, 1301301 new edges

Elapsed time: 78-781 : total : 342.436 secs,  this iter cost : 44.596 seconds

Elapsed time: 78-79 : total : 347.521 secs, this iter cost : 45.07 seconds

updateNodeInDegreeOutDegree(year=1997): updated 66679 out-degrees, 532854 in-degrees
Elapsed time: 79-81 : total : 6.178 secs, this iter cost : 0 seconds

Elapsed time: 79-80 : total : 2.767 secs, this iter cost : 0 seconds

Elapsed time: 80-81 : total : 3.402 secs, this iter cost : 0 seconds

Elapsed time: 70-81 : total : 366.637 secs, this iter cost : 46 seconds

 Entering loop for year = 1998
Elapsed time: 70-71: total : 5.445 secs, iter cost : 0 seconds

Elapsed time: 71-72: total : 6.036 secs, iter cost : 0 seconds

Elapsed time: 72-73: total : 288 millisecs, iter cost : 27 mseconds

num_new_nodes = 70680, current_graph_size = 1177993, growth rate = 0.060000 
Elapsed time: 73-74: total : 0 millisecs, iter cost : 0 mseconds

Elapsed time: 74-75: total : 424 millisecs, iter cost : 42 mseconds

all new nodes initialized with years and mapped. FillSameYearSourceNodes with new_nodes_vec.size() = 70680
checking same_year_source_nodes size.
Elapsed time: 75-76: total : 0 millisecs, iter cost : 0 mseconds

new_nodes_vec.size() b4 : 70680

updated  updateGraphAttributesGeneratorNode .... 
Elapsed time: 76-77: total : 1862 millisecs, iter cost : 173 mseconds

continuous_node_mapping.size() b5 : 1248673, reverse_continuous_node_mapping size = 1248673

Inside optimized buildOneNodeConnections...
Initial Free: 75982.5 MB / 81079.4 MB

[prepareGraph] num_vertices = 1177993

[prepareGraph] edges = 14323405, offsets = 1177994 (should be V+1 = 1177994)

[prepareGraph] num_vertices = 1177993

[prepareGraph] edges = 14323405, offsets = 1177994 (should be V+1 = 1177994)

Year 1998: 70680 new nodes, 1378482 new edges

Elapsed time: 78-781 : total : 389.662 secs,  this iter cost : 47.226 seconds

Elapsed time: 78-79 : total : 395.365 secs, this iter cost : 47.844 seconds

updateNodeInDegreeOutDegree(year=1998): updated 70680 out-degrees, 564802 in-degrees
Elapsed time: 79-81 : total : 6.819 secs, this iter cost : 0 seconds

Elapsed time: 79-80 : total : 3.058 secs, this iter cost : 0 seconds

Elapsed time: 80-81 : total : 3.751 secs, this iter cost : 0 seconds

Elapsed time: 70-81 : total : 416.29 secs, this iter cost : 49 seconds

 Entering loop for year = 1999
Elapsed time: 70-71: total : 5.901 secs, iter cost : 0 seconds

Elapsed time: 71-72: total : 6.544 secs, iter cost : 0 seconds

Elapsed time: 72-73: total : 317 millisecs, iter cost : 29 mseconds

num_new_nodes = 74921, current_graph_size = 1248673, growth rate = 0.060000 
Elapsed time: 73-74: total : 0 millisecs, iter cost : 0 mseconds

Elapsed time: 74-75: total : 469 millisecs, iter cost : 45 mseconds

all new nodes initialized with years and mapped. FillSameYearSourceNodes with new_nodes_vec.size() = 74921
checking same_year_source_nodes size.
Elapsed time: 75-76: total : 0 millisecs, iter cost : 0 mseconds

new_nodes_vec.size() b4 : 74921

updated  updateGraphAttributesGeneratorNode .... 
Elapsed time: 76-77: total : 2046 millisecs, iter cost : 184 mseconds

continuous_node_mapping.size() b5 : 1323594, reverse_continuous_node_mapping size = 1323594

Inside optimized buildOneNodeConnections...
Initial Free: 75972.5 MB / 81079.4 MB

[prepareGraph] num_vertices = 1248673

[prepareGraph] edges = 15701887, offsets = 1248674 (should be V+1 = 1248674)

[prepareGraph] num_vertices = 1248673

[prepareGraph] edges = 15701887, offsets = 1248674 (should be V+1 = 1248674)

Year 1999: 74921 new nodes, 1463871 new edges

Elapsed time: 78-781 : total : 443.753 secs,  this iter cost : 54.091 seconds

Elapsed time: 78-79 : total : 450.137 secs, this iter cost : 54.772 seconds

updateNodeInDegreeOutDegree(year=1999): updated 74921 out-degrees, 599013 in-degrees
Elapsed time: 79-81 : total : 7.491 secs, this iter cost : 0 seconds

Elapsed time: 79-80 : total : 3.36 secs, this iter cost : 0 seconds

Elapsed time: 80-81 : total : 4.121 secs, this iter cost : 0 seconds

Elapsed time: 70-81 : total : 472.959 secs, this iter cost : 56 seconds

 Entering loop for year = 2000
Elapsed time: 70-71: total : 6.37 secs, iter cost : 0 seconds

Elapsed time: 71-72: total : 7.077 secs, iter cost : 0 seconds

Elapsed time: 72-73: total : 347 millisecs, iter cost : 30 mseconds

num_new_nodes = 79416, current_graph_size = 1323594, growth rate = 0.060000 
Elapsed time: 73-74: total : 0 millisecs, iter cost : 0 mseconds

Elapsed time: 74-75: total : 516 millisecs, iter cost : 47 mseconds

all new nodes initialized with years and mapped. FillSameYearSourceNodes with new_nodes_vec.size() = 79416
checking same_year_source_nodes size.
Elapsed time: 75-76: total : 0 millisecs, iter cost : 0 mseconds

new_nodes_vec.size() b4 : 79416

updated  updateGraphAttributesGeneratorNode .... 
Elapsed time: 76-77: total : 2241 millisecs, iter cost : 195 mseconds

continuous_node_mapping.size() b5 : 1403010, reverse_continuous_node_mapping size = 1403010

Inside optimized buildOneNodeConnections...
Initial Free: 75088.5 MB / 81079.4 MB

[prepareGraph] num_vertices = 1323594

[prepareGraph] edges = 17165758, offsets = 1323595 (should be V+1 = 1323595)

[prepareGraph] num_vertices = 1323594

[prepareGraph] edges = 17165758, offsets = 1323595 (should be V+1 = 1323595)

Year 2000: 79416 new nodes, 1550069 new edges

Elapsed time: 78-781 : total : 501.429 secs,  this iter cost : 57.676 seconds

Elapsed time: 78-79 : total : 508.551 secs, this iter cost : 58.414 seconds

updateNodeInDegreeOutDegree(year=2000): updated 79416 out-degrees, 635008 in-degrees
Elapsed time: 79-81 : total : 8.204 secs, this iter cost : 0 seconds

Elapsed time: 79-80 : total : 3.68 secs, this iter cost : 0 seconds

Elapsed time: 80-81 : total : 4.513 secs, this iter cost : 0 seconds

Elapsed time: 70-81 : total : 533.363 secs, this iter cost : 60 seconds

 Entering loop for year = 2001
Elapsed time: 70-71: total : 6.861 secs, iter cost : 0 seconds

Elapsed time: 71-72: total : 7.63 secs, iter cost : 0 seconds

Elapsed time: 72-73: total : 379 millisecs, iter cost : 32 mseconds

num_new_nodes = 84181, current_graph_size = 1403010, growth rate = 0.060000 
Elapsed time: 73-74: total : 0 millisecs, iter cost : 0 mseconds

Elapsed time: 74-75: total : 566 millisecs, iter cost : 50 mseconds

all new nodes initialized with years and mapped. FillSameYearSourceNodes with new_nodes_vec.size() = 84181
checking same_year_source_nodes size.
Elapsed time: 75-76: total : 0 millisecs, iter cost : 0 mseconds

new_nodes_vec.size() b4 : 84181

updated  updateGraphAttributesGeneratorNode .... 
Elapsed time: 76-77: total : 2448 millisecs, iter cost : 207 mseconds

continuous_node_mapping.size() b5 : 1487191, reverse_continuous_node_mapping size = 1487191

Inside optimized buildOneNodeConnections...
Initial Free: 75044.5 MB / 81079.4 MB

[prepareGraph] num_vertices = 1403010

[prepareGraph] edges = 18715827, offsets = 1403011 (should be V+1 = 1403011)

[prepareGraph] num_vertices = 1403010

[prepareGraph] edges = 18715827, offsets = 1403011 (should be V+1 = 1403011)

Year 2001: 84181 new nodes, 1643835 new edges

Elapsed time: 78-781 : total : 573.072 secs,  this iter cost : 71.643 seconds

Elapsed time: 78-79 : total : 580.967 secs, this iter cost : 72.416 seconds

updateNodeInDegreeOutDegree(year=2001): updated 84181 out-degrees, 671732 in-degrees
Elapsed time: 79-81 : total : 8.963 secs, this iter cost : 0 seconds

Elapsed time: 79-80 : total : 4.023 secs, this iter cost : 0 seconds

Elapsed time: 80-81 : total : 4.928 secs, this iter cost : 0 seconds

Elapsed time: 70-81 : total : 607.874 secs, this iter cost : 74 seconds

 Entering loop for year = 2002
Elapsed time: 70-71: total : 7.373 secs, iter cost : 0 seconds

Elapsed time: 71-72: total : 8.201 secs, iter cost : 0 seconds

Elapsed time: 72-73: total : 413 millisecs, iter cost : 34 mseconds

num_new_nodes = 89232, current_graph_size = 1487191, growth rate = 0.060000 
Elapsed time: 73-74: total : 0 millisecs, iter cost : 0 mseconds

Elapsed time: 74-75: total : 618 millisecs, iter cost : 52 mseconds

all new nodes initialized with years and mapped. FillSameYearSourceNodes with new_nodes_vec.size() = 89232
checking same_year_source_nodes size.
Elapsed time: 75-76: total : 0 millisecs, iter cost : 0 mseconds

new_nodes_vec.size() b4 : 89232

updated  updateGraphAttributesGeneratorNode .... 
Elapsed time: 76-77: total : 2667 millisecs, iter cost : 219 mseconds

continuous_node_mapping.size() b5 : 1576423, reverse_continuous_node_mapping size = 1576423

Inside optimized buildOneNodeConnections...
Initial Free: 75032.5 MB / 81079.4 MB

[prepareGraph] num_vertices = 1487191

[prepareGraph] edges = 20359662, offsets = 1487192 (should be V+1 = 1487192)

[prepareGraph] num_vertices = 1487191

[prepareGraph] edges = 20359662, offsets = 1487192 (should be V+1 = 1487192)

Year 2002: 89232 new nodes, 1743661 new edges

Elapsed time: 78-781 : total : 650.517 secs,  this iter cost : 77.445 seconds

Elapsed time: 78-79 : total : 659.267 secs, this iter cost : 78.3 seconds

updateNodeInDegreeOutDegree(year=2002): updated 89232 out-degrees, 714678 in-degrees
Elapsed time: 79-81 : total : 9.768 secs, this iter cost : 0 seconds

Elapsed time: 79-80 : total : 4.386 secs, this iter cost : 0 seconds

Elapsed time: 80-81 : total : 5.369 secs, this iter cost : 0 seconds

Elapsed time: 70-81 : total : 688.37 secs, this iter cost : 80 seconds

 Entering loop for year = 2003
Elapsed time: 70-71: total : 7.904 secs, iter cost : 0 seconds

Elapsed time: 71-72: total : 8.793 secs, iter cost : 0 seconds

Elapsed time: 72-73: total : 449 millisecs, iter cost : 36 mseconds

num_new_nodes = 94586, current_graph_size = 1576423, growth rate = 0.060000 
Elapsed time: 73-74: total : 0 millisecs, iter cost : 0 mseconds

Elapsed time: 74-75: total : 674 millisecs, iter cost : 56 mseconds

all new nodes initialized with years and mapped. FillSameYearSourceNodes with new_nodes_vec.size() = 94586
checking same_year_source_nodes size.
Elapsed time: 75-76: total : 0 millisecs, iter cost : 0 mseconds

new_nodes_vec.size() b4 : 94586

updated  updateGraphAttributesGeneratorNode .... 
Elapsed time: 76-77: total : 2900 millisecs, iter cost : 233 mseconds

continuous_node_mapping.size() b5 : 1671009, reverse_continuous_node_mapping size = 1671009

Inside optimized buildOneNodeConnections...
Initial Free: 74982.5 MB / 81079.4 MB

[prepareGraph] num_vertices = 1576423

[prepareGraph] edges = 22103323, offsets = 1576424 (should be V+1 = 1576424)

[prepareGraph] num_vertices = 1576423

[prepareGraph] edges = 22103323, offsets = 1576424 (should be V+1 = 1576424)

Year 2003: 94586 new nodes, 1849576 new edges

Elapsed time: 78-781 : total : 743.734 secs,  this iter cost : 93.217 seconds

Elapsed time: 78-79 : total : 753.351 secs, this iter cost : 94.084 seconds

updateNodeInDegreeOutDegree(year=2003): updated 94586 out-degrees, 758003 in-degrees
Elapsed time: 79-81 : total : 10.619 secs, this iter cost : 0 seconds

Elapsed time: 79-80 : total : 4.768 secs, this iter cost : 0 seconds

Elapsed time: 80-81 : total : 5.837 secs, this iter cost : 0 seconds

Elapsed time: 70-81 : total : 784.755 secs, this iter cost : 96 seconds

 Entering loop for year = 2004
Elapsed time: 70-71: total : 8.461 secs, iter cost : 0 seconds

Elapsed time: 71-72: total : 9.42 secs, iter cost : 0 seconds

Elapsed time: 72-73: total : 489 millisecs, iter cost : 40 mseconds

num_new_nodes = 100261, current_graph_size = 1671009, growth rate = 0.060000 
Elapsed time: 73-74: total : 0 millisecs, iter cost : 0 mseconds

Elapsed time: 74-75: total : 733 millisecs, iter cost : 59 mseconds

all new nodes initialized with years and mapped. FillSameYearSourceNodes with new_nodes_vec.size() = 100261
checking same_year_source_nodes size.
Elapsed time: 75-76: total : 0 millisecs, iter cost : 0 mseconds

new_nodes_vec.size() b4 : 100261

updated  updateGraphAttributesGeneratorNode .... 
Elapsed time: 76-77: total : 3147 millisecs, iter cost : 247 mseconds

continuous_node_mapping.size() b5 : 1771270, reverse_continuous_node_mapping size = 1771270

Inside optimized buildOneNodeConnections...
Initial Free: 74968.5 MB / 81079.4 MB

[prepareGraph] num_vertices = 1671009

[prepareGraph] edges = 23952899, offsets = 1671010 (should be V+1 = 1671010)

[prepareGraph] num_vertices = 1671009

[prepareGraph] edges = 23952899, offsets = 1671010 (should be V+1 = 1671010)

Year 2004: 100261 new nodes, 1962036 new edges

Elapsed time: 78-781 : total : 846.055 secs,  this iter cost : 102.321 seconds

Elapsed time: 78-79 : total : 856.62 secs, this iter cost : 103.269 seconds

updateNodeInDegreeOutDegree(year=2004): updated 100261 out-degrees, 804773 in-degrees
Elapsed time: 79-81 : total : 11.521 secs, this iter cost : 0 seconds

Elapsed time: 79-80 : total : 5.174 secs, this iter cost : 0 seconds

Elapsed time: 80-81 : total : 6.332 secs, this iter cost : 0 seconds

Elapsed time: 70-81 : total : 890.459 secs, this iter cost : 105 seconds

 Entering loop for year = 2005
Elapsed time: 70-71: total : 9.038 secs, iter cost : 0 seconds

Elapsed time: 71-72: total : 10.073 secs, iter cost : 0 seconds

Elapsed time: 72-73: total : 532 millisecs, iter cost : 43 mseconds

num_new_nodes = 106277, current_graph_size = 1771270, growth rate = 0.060000 
Elapsed time: 73-74: total : 0 millisecs, iter cost : 0 mseconds

Elapsed time: 74-75: total : 796 millisecs, iter cost : 63 mseconds

all new nodes initialized with years and mapped. FillSameYearSourceNodes with new_nodes_vec.size() = 106277
checking same_year_source_nodes size.
Elapsed time: 75-76: total : 0 millisecs, iter cost : 0 mseconds

new_nodes_vec.size() b4 : 106277

updated  updateGraphAttributesGeneratorNode .... 
Elapsed time: 76-77: total : 3408 millisecs, iter cost : 261 mseconds

continuous_node_mapping.size() b5 : 1877547, reverse_continuous_node_mapping size = 1877547

Inside optimized buildOneNodeConnections...
Initial Free: 74950.5 MB / 81079.4 MB

[prepareGraph] num_vertices = 1771270

[prepareGraph] edges = 25914935, offsets = 1771271 (should be V+1 = 1771271)

[prepareGraph] num_vertices = 1771270

[prepareGraph] edges = 25914935, offsets = 1771271 (should be V+1 = 1771271)

Year 2005: 106277 new nodes, 2079721 new edges

Elapsed time: 78-781 : total : 968.797 secs,  this iter cost : 122.742 seconds

Elapsed time: 78-79 : total : 980.376 secs, this iter cost : 123.756 seconds

updateNodeInDegreeOutDegree(year=2005): updated 106277 out-degrees, 853989 in-degrees
Elapsed time: 79-81 : total : 12.477 secs, this iter cost : 0 seconds

Elapsed time: 79-80 : total : 5.604 secs, this iter cost : 0 seconds

Elapsed time: 80-81 : total : 6.857 secs, this iter cost : 0 seconds

Elapsed time: 70-81 : total : 1016.77 secs, this iter cost : 126 seconds

 Entering loop for year = 2006
Elapsed time: 70-71: total : 9.643 secs, iter cost : 0 seconds

Elapsed time: 71-72: total : 10.752 secs, iter cost : 0 seconds

Elapsed time: 72-73: total : 578 millisecs, iter cost : 46 mseconds

num_new_nodes = 112653, current_graph_size = 1877547, growth rate = 0.060000 
Elapsed time: 73-74: total : 0 millisecs, iter cost : 0 mseconds

Elapsed time: 74-75: total : 862 millisecs, iter cost : 66 mseconds

all new nodes initialized with years and mapped. FillSameYearSourceNodes with new_nodes_vec.size() = 112653
checking same_year_source_nodes size.
Elapsed time: 75-76: total : 0 millisecs, iter cost : 0 mseconds

new_nodes_vec.size() b4 : 112653

updated  updateGraphAttributesGeneratorNode .... 
Elapsed time: 76-77: total : 3685 millisecs, iter cost : 277 mseconds

continuous_node_mapping.size() b5 : 1990200, reverse_continuous_node_mapping size = 1990200

Inside optimized buildOneNodeConnections...
Initial Free: 73192.5 MB / 81079.4 MB

[prepareGraph] num_vertices = 1877547

[prepareGraph] edges = 27994656, offsets = 1877548 (should be V+1 = 1877548)

[prepareGraph] num_vertices = 1877547

[prepareGraph] edges = 27994656, offsets = 1877548 (should be V+1 = 1877548)

Year 2006: 112653 new nodes, 2205167 new edges

Elapsed time: 78-781 : total : 1096.7 secs,  this iter cost : 127.9 seconds

Elapsed time: 78-79 : total : 1109.35 secs, this iter cost : 128.971 seconds

updateNodeInDegreeOutDegree(year=2006): updated 112653 out-degrees, 908303 in-degrees
Elapsed time: 79-81 : total : 13.49 secs, this iter cost : 1 seconds

Elapsed time: 79-80 : total : 6.059 secs, this iter cost : 0 seconds

Elapsed time: 80-81 : total : 7.414 secs, this iter cost : 0 seconds

Elapsed time: 70-81 : total : 1148.43 secs, this iter cost : 131 seconds

 Entering loop for year = 2007
Elapsed time: 70-71: total : 10.275 secs, iter cost : 0 seconds

Elapsed time: 71-72: total : 11.471 secs, iter cost : 0 seconds

Elapsed time: 72-73: total : 626 millisecs, iter cost : 48 mseconds

num_new_nodes = 119412, current_graph_size = 1990200, growth rate = 0.060000 
Elapsed time: 73-74: total : 0 millisecs, iter cost : 0 mseconds

Elapsed time: 74-75: total : 933 millisecs, iter cost : 71 mseconds

all new nodes initialized with years and mapped. FillSameYearSourceNodes with new_nodes_vec.size() = 119412
checking same_year_source_nodes size.
Elapsed time: 75-76: total : 0 millisecs, iter cost : 0 mseconds

new_nodes_vec.size() b4 : 119412

updated  updateGraphAttributesGeneratorNode .... 
Elapsed time: 76-77: total : 3979 millisecs, iter cost : 294 mseconds

continuous_node_mapping.size() b5 : 2109612, reverse_continuous_node_mapping size = 2109612

Inside optimized buildOneNodeConnections...
Initial Free: 73164.5 MB / 81079.4 MB

[prepareGraph] num_vertices = 1990200

[prepareGraph] edges = 30199823, offsets = 1990201 (should be V+1 = 1990201)

[prepareGraph] num_vertices = 1990200

[prepareGraph] edges = 30199823, offsets = 1990201 (should be V+1 = 1990201)

Year 2007: 119412 new nodes, 2335073 new edges

Elapsed time: 78-781 : total : 1247.81 secs,  this iter cost : 151.111 seconds

Elapsed time: 78-79 : total : 1261.64 secs, this iter cost : 152.293 seconds

updateNodeInDegreeOutDegree(year=2007): updated 119412 out-degrees, 960931 in-degrees
Elapsed time: 79-81 : total : 14.559 secs, this iter cost : 1 seconds

Elapsed time: 79-80 : total : 6.538 secs, this iter cost : 0 seconds

Elapsed time: 80-81 : total : 8.004 secs, this iter cost : 0 seconds

Elapsed time: 70-81 : total : 1303.56 secs, this iter cost : 155 seconds

 Entering loop for year = 2008
Elapsed time: 70-71: total : 10.954 secs, iter cost : 0 seconds

Elapsed time: 71-72: total : 12.217 secs, iter cost : 0 seconds

Elapsed time: 72-73: total : 677 millisecs, iter cost : 51 mseconds

num_new_nodes = 126577, current_graph_size = 2109612, growth rate = 0.060000 
Elapsed time: 73-74: total : 0 millisecs, iter cost : 0 mseconds

Elapsed time: 74-75: total : 1009 millisecs, iter cost : 76 mseconds

all new nodes initialized with years and mapped. FillSameYearSourceNodes with new_nodes_vec.size() = 126577
checking same_year_source_nodes size.
Elapsed time: 75-76: total : 0 millisecs, iter cost : 0 mseconds

new_nodes_vec.size() b4 : 126577

updated  updateGraphAttributesGeneratorNode .... 
Elapsed time: 76-77: total : 4292 millisecs, iter cost : 313 mseconds

continuous_node_mapping.size() b5 : 2236189, reverse_continuous_node_mapping size = 2236189

Inside optimized buildOneNodeConnections...
Initial Free: 72514.5 MB / 81079.4 MB

[prepareGraph] num_vertices = 2109612

[prepareGraph] edges = 32534896, offsets = 2109613 (should be V+1 = 2109613)

[prepareGraph] num_vertices = 2109612

[prepareGraph] edges = 32534896, offsets = 2109613 (should be V+1 = 2109613)

Year 2008: 126577 new nodes, 2475920 new edges

Elapsed time: 78-781 : total : 1410.13 secs,  this iter cost : 162.321 seconds

Elapsed time: 78-79 : total : 1425.18 secs, this iter cost : 163.542 seconds

updateNodeInDegreeOutDegree(year=2008): updated 126577 out-degrees, 1020372 in-degrees
Elapsed time: 79-81 : total : 15.696 secs, this iter cost : 1 seconds

Elapsed time: 79-80 : total : 7.048 secs, this iter cost : 0 seconds

Elapsed time: 80-81 : total : 8.63 secs, this iter cost : 0 seconds

Elapsed time: 70-81 : total : 1470.11 secs, this iter cost : 166 seconds

 Entering loop for year = 2009
Elapsed time: 70-71: total : 11.655 secs, iter cost : 0 seconds

Elapsed time: 71-72: total : 12.999 secs, iter cost : 0 seconds

Elapsed time: 72-73: total : 732 millisecs, iter cost : 55 mseconds

num_new_nodes = 134172, current_graph_size = 2236189, growth rate = 0.060000 
Elapsed time: 73-74: total : 0 millisecs, iter cost : 0 mseconds

Elapsed time: 74-75: total : 1093 millisecs, iter cost : 84 mseconds

all new nodes initialized with years and mapped. FillSameYearSourceNodes with new_nodes_vec.size() = 134172
checking same_year_source_nodes size.
Elapsed time: 75-76: total : 0 millisecs, iter cost : 0 mseconds

new_nodes_vec.size() b4 : 134172

updated  updateGraphAttributesGeneratorNode .... 
Elapsed time: 76-77: total : 4622 millisecs, iter cost : 330 mseconds

continuous_node_mapping.size() b5 : 2370361, reverse_continuous_node_mapping size = 2370361

Inside optimized buildOneNodeConnections...
Initial Free: 72486.5 MB / 81079.4 MB

[prepareGraph] num_vertices = 2236189

[prepareGraph] edges = 35010816, offsets = 2236190 (should be V+1 = 2236190)

[prepareGraph] num_vertices = 2236189

[prepareGraph] edges = 35010816, offsets = 2236190 (should be V+1 = 2236190)

Year 2009: 134172 new nodes, 2626323 new edges

Elapsed time: 78-781 : total : 1611.52 secs,  this iter cost : 201.392 seconds

Elapsed time: 78-79 : total : 1627.87 secs, this iter cost : 202.69 seconds

updateNodeInDegreeOutDegree(year=2009): updated 134172 out-degrees, 1082622 in-degrees
Elapsed time: 79-81 : total : 16.897 secs, this iter cost : 1 seconds

Elapsed time: 79-80 : total : 7.585 secs, this iter cost : 0 seconds

Elapsed time: 80-81 : total : 9.293 secs, this iter cost : 0 seconds

Elapsed time: 70-81 : total : 1675.96 secs, this iter cost : 205 seconds

 Entering loop for year = 2010
Elapsed time: 70-71: total : 12.384 secs, iter cost : 0 seconds

Elapsed time: 71-72: total : 13.825 secs, iter cost : 0 seconds

Elapsed time: 72-73: total : 790 millisecs, iter cost : 58 mseconds

num_new_nodes = 142222, current_graph_size = 2370361, growth rate = 0.060000 
Elapsed time: 73-74: total : 0 millisecs, iter cost : 0 mseconds

Elapsed time: 74-75: total : 1181 millisecs, iter cost : 88 mseconds

all new nodes initialized with years and mapped. FillSameYearSourceNodes with new_nodes_vec.size() = 142222
checking same_year_source_nodes size.
Elapsed time: 75-76: total : 0 millisecs, iter cost : 0 mseconds

new_nodes_vec.size() b4 : 142222

updated  updateGraphAttributesGeneratorNode .... 
Elapsed time: 76-77: total : 4971 millisecs, iter cost : 349 mseconds

continuous_node_mapping.size() b5 : 2512583, reverse_continuous_node_mapping size = 2512583

Inside optimized buildOneNodeConnections...
Initial Free: 71818.5 MB / 81079.4 MB

[prepareGraph] num_vertices = 2370361

[prepareGraph] edges = 37637139, offsets = 2370362 (should be V+1 = 2370362)

[prepareGraph] num_vertices = 2370361

[prepareGraph] edges = 37637139, offsets = 2370362 (should be V+1 = 2370362)

Year 2010: 142222 new nodes, 2784688 new edges

Elapsed time: 78-781 : total : 1865.79 secs,  this iter cost : 254.266 seconds

Elapsed time: 78-79 : total : 1883.55 secs, this iter cost : 255.674 seconds

updateNodeInDegreeOutDegree(year=2010): updated 142222 out-degrees, 1149258 in-degrees
Elapsed time: 79-81 : total : 18.17 secs, this iter cost : 1 seconds

Elapsed time: 79-80 : total : 8.155 secs, this iter cost : 0 seconds

Elapsed time: 80-81 : total : 9.996 secs, this iter cost : 0 seconds

Elapsed time: 70-81 : total : 1934.96 secs, this iter cost : 259 seconds

 Entering loop for year = 2011
Elapsed time: 70-71: total : 13.149 secs, iter cost : 0 seconds

Elapsed time: 71-72: total : 14.681 secs, iter cost : 0 seconds

Elapsed time: 72-73: total : 851 millisecs, iter cost : 61 mseconds

num_new_nodes = 150755, current_graph_size = 2512583, growth rate = 0.060000 
Elapsed time: 73-74: total : 0 millisecs, iter cost : 0 mseconds

Elapsed time: 74-75: total : 1275 millisecs, iter cost : 94 mseconds

all new nodes initialized with years and mapped. FillSameYearSourceNodes with new_nodes_vec.size() = 150755
checking same_year_source_nodes size.
Elapsed time: 75-76: total : 0 millisecs, iter cost : 0 mseconds

new_nodes_vec.size() b4 : 150755

updated  updateGraphAttributesGeneratorNode .... 
Elapsed time: 76-77: total : 5342 millisecs, iter cost : 371 mseconds

continuous_node_mapping.size() b5 : 2663338, reverse_continuous_node_mapping size = 2663338

Inside optimized buildOneNodeConnections...
Initial Free: 71648.5 MB / 81079.4 MB

[prepareGraph] num_vertices = 2512583

[prepareGraph] edges = 40421827, offsets = 2512584 (should be V+1 = 2512584)

[prepareGraph] num_vertices = 2512583

[prepareGraph] edges = 40421827, offsets = 2512584 (should be V+1 = 2512584)

Year 2011: 150755 new nodes, 2947373 new edges

Elapsed time: 78-781 : total : 2128.53 secs,  this iter cost : 262.74 seconds

Elapsed time: 78-79 : total : 2147.78 secs, this iter cost : 264.236 seconds

updateNodeInDegreeOutDegree(year=2011): updated 150755 out-degrees, 1218855 in-degrees
Elapsed time: 79-81 : total : 19.524 secs, this iter cost : 1 seconds

Elapsed time: 79-80 : total : 8.76 secs, this iter cost : 0 seconds

Elapsed time: 80-81 : total : 10.745 secs, this iter cost : 0 seconds

Elapsed time: 70-81 : total : 2202.7 secs, this iter cost : 267 seconds

 Entering loop for year = 2012
Elapsed time: 70-71: total : 13.951 secs, iter cost : 0 seconds

Elapsed time: 71-72: total : 15.597 secs, iter cost : 0 seconds

Elapsed time: 72-73: total : 916 millisecs, iter cost : 65 mseconds

num_new_nodes = 159801, current_graph_size = 2663338, growth rate = 0.060000 
Elapsed time: 73-74: total : 0 millisecs, iter cost : 0 mseconds

Elapsed time: 74-75: total : 1375 millisecs, iter cost : 100 mseconds

all new nodes initialized with years and mapped. FillSameYearSourceNodes with new_nodes_vec.size() = 159801
checking same_year_source_nodes size.
Elapsed time: 75-76: total : 0 millisecs, iter cost : 0 mseconds

new_nodes_vec.size() b4 : 159801

updated  updateGraphAttributesGeneratorNode .... 
Elapsed time: 76-77: total : 5737 millisecs, iter cost : 395 mseconds

continuous_node_mapping.size() b5 : 2823139, reverse_continuous_node_mapping size = 2823139

Inside optimized buildOneNodeConnections...
Initial Free: 71572.5 MB / 81079.4 MB

[prepareGraph] num_vertices = 2663338

[prepareGraph] edges = 43369200, offsets = 2663339 (should be V+1 = 2663339)

[prepareGraph] num_vertices = 2663338

[prepareGraph] edges = 43369200, offsets = 2663339 (should be V+1 = 2663339)

Year 2012: 159801 new nodes, 3128093 new edges

Elapsed time: 78-781 : total : 2439.63 secs,  this iter cost : 311.101 seconds

Elapsed time: 78-79 : total : 2460.53 secs, this iter cost : 312.746 seconds

updateNodeInDegreeOutDegree(year=2012): updated 159801 out-degrees, 1292804 in-degrees
Elapsed time: 79-81 : total : 20.955 secs, this iter cost : 1 seconds

Elapsed time: 79-80 : total : 9.401 secs, this iter cost : 0 seconds

Elapsed time: 80-81 : total : 11.534 secs, this iter cost : 0 seconds

Elapsed time: 70-81 : total : 2519.16 secs, this iter cost : 316 seconds

Elapsed time: 7-8 :  2520 seconds

compute done:: graph size = 2823139
Elapsed time: 8-8.1 :  0 seconds

Writing Graph to file: ./output/30y/gpu-opt-static-output-30y-6p.edgelist

Elapsed time: 8.1-9 :  3 seconds

Elapsed time: 9-10 :  2 seconds

 graph size = 2823139
WriteAttributes: graph size = 2823139

Elapsed time: 0-1 : 3 seconds

Elapsed time: 1-4 : 0 seconds

Elapsed time: 4-7 : 0 seconds

Elapsed time: 70-71: total : 13.951 seconds.

Elapsed time: 71-72: total : 15.597 seconds.

Elapsed time: 72-73: total : 0.916 seconds.

Elapsed time: 73-74: total : 0 seconds.

Elapsed time: 74-75: total : 1.375 seconds.

Elapsed time: 75-76: total : 0 seconds.

Elapsed time: 76-77: total : 5.737 seconds.

Elapsed time: 77-79: total : 2460.53 seconds.

Elapsed time: 79-81 : total : 20.955 seconds.

Elapsed time: 79-80 : total : 9.401 seconds.

Elapsed time: 80-81 : total : 11.534 seconds.

Elapsed time: 70-81 : total : 2519.16 seconds.

Elapsed time: 7-8 : 2520 seconds

Elapsed time: 8-8.1 :  0 seconds

Elapsed time: 8.1-9 :  3 seconds

Elapsed time: 9-10 : 2 seconds

Elapsed time: 11-12 : 3 seconds

Elapsed time: 10-12 : 6 seconds

Elapsed time: 0-7 : 3 seconds

Elapsed time: 7-8 : 2520 seconds

Elapsed time: 8-12 : 12 seconds

E2E Time for num_cycles = 30 with growth_rate = 6 % = 2539 seconds.
Generating '/tmp/nsys-report-72dc.qdstrm'
[1/7] [0%                          ] nsys-pa-30y-6p.nsys-rep[1/7] [0%                          ] nsys-pa-30y-6p.nsys-rep[1/7] [0%                          ] nsys-pa-30y-6p.nsys-rep[1/7] [6%                          ] nsys-pa-30y-6p.nsys-rep[1/7] [5%                          ] nsys-pa-30y-6p.nsys-rep[1/7] [6%                          ] nsys-pa-30y-6p.nsys-rep[1/7] [7%                          ] nsys-pa-30y-6p.nsys-rep[1/7] [8%                          ] nsys-pa-30y-6p.nsys-rep[1/7] [7%                          ] nsys-pa-30y-6p.nsys-rep[1/7] [8%                          ] nsys-pa-30y-6p.nsys-rep[1/7] [7%                          ] nsys-pa-30y-6p.nsys-rep[1/7] [8%                          ] nsys-pa-30y-6p.nsys-rep[1/7] [7%                          ] nsys-pa-30y-6p.nsys-rep[1/7] [8%                          ] nsys-pa-30y-6p.nsys-rep[1/7] [7%                          ] nsys-pa-30y-6p.nsys-rep[1/7] [8%                          ] nsys-pa-30y-6p.nsys-rep[1/7] [7%                          ] nsys-pa-30y-6p.nsys-rep[1/7] [8%                          ] nsys-pa-30y-6p.nsys-rep[1/7] [9%                          ] nsys-pa-30y-6p.nsys-rep[1/7] [8%                          ] nsys-pa-30y-6p.nsys-rep[1/7] [9%                          ] nsys-pa-30y-6p.nsys-rep[1/7] [8%                          ] nsys-pa-30y-6p.nsys-rep[1/7] [9%                          ] nsys-pa-30y-6p.nsys-rep[1/7] [8%                          ] nsys-pa-30y-6p.nsys-rep[1/7] [9%                          ] nsys-pa-30y-6p.nsys-rep[1/7] [8%                          ] nsys-pa-30y-6p.nsys-rep[1/7] [9%                          ] nsys-pa-30y-6p.nsys-rep[1/7] [8%                          ] nsys-pa-30y-6p.nsys-rep[1/7] [9%                          ] nsys-pa-30y-6p.nsys-rep[1/7] [10%                         ] nsys-pa-30y-6p.nsys-rep[1/7] [9%                          ] nsys-pa-30y-6p.nsys-rep[1/7] [10%                         ] nsys-pa-30y-6p.nsys-rep[1/7] [9%                          ] nsys-pa-30y-6p.nsys-rep[1/7] [10%                         ] nsys-pa-30y-6p.nsys-rep[1/7] [9%                          ] nsys-pa-30y-6p.nsys-rep[1/7] [10%                         ] nsys-pa-30y-6p.nsys-rep[1/7] [9%                          ] nsys-pa-30y-6p.nsys-rep[1/7] [10%                         ] nsys-pa-30y-6p.nsys-rep[1/7] [11%                         ] nsys-pa-30y-6p.nsys-rep[1/7] [12%                         ] nsys-pa-30y-6p.nsys-rep[1/7] [13%                         ] nsys-pa-30y-6p.nsys-rep[1/7] [14%                         ] nsys-pa-30y-6p.nsys-rep[1/7] [13%                         ] nsys-pa-30y-6p.nsys-rep[1/7] [14%                         ] nsys-pa-30y-6p.nsys-rep[1/7] [13%                         ] nsys-pa-30y-6p.nsys-rep[1/7] [14%                         ] nsys-pa-30y-6p.nsys-rep[1/7] [13%                         ] nsys-pa-30y-6p.nsys-rep[1/7] [14%                         ] nsys-pa-30y-6p.nsys-rep[1/7] [13%                         ] nsys-pa-30y-6p.nsys-rep[1/7] [14%                         ] nsys-pa-30y-6p.nsys-rep[1/7] [13%                         ] nsys-pa-30y-6p.nsys-rep[1/7] [14%                         ] nsys-pa-30y-6p.nsys-rep[1/7] [13%                         ] nsys-pa-30y-6p.nsys-rep[1/7] [12%                         ] nsys-pa-30y-6p.nsys-rep[1/7] [11%                         ] nsys-pa-30y-6p.nsys-rep[1/7] [10%                         ] nsys-pa-30y-6p.nsys-rep[1/7] [9%                          ] nsys-pa-30y-6p.nsys-rep[1/7] [8%                          ] nsys-pa-30y-6p.nsys-rep[1/7] [7%                          ] nsys-pa-30y-6p.nsys-rep[1/7] [6%                          ] nsys-pa-30y-6p.nsys-rep[1/7] [5%                          ] nsys-pa-30y-6p.nsys-rep[1/7] [5%                          ] nsys-pa-30y-6p.nsys-rep[1/7] [6%                          ] nsys-pa-30y-6p.nsys-rep[1/7] [7%                          ] nsys-pa-30y-6p.nsys-rep[1/7] [8%                          ] nsys-pa-30y-6p.nsys-rep[1/7] [9%                          ] nsys-pa-30y-6p.nsys-rep[1/7] [10%                         ] nsys-pa-30y-6p.nsys-rep[1/7] [11%                         ] nsys-pa-30y-6p.nsys-rep[1/7] [12%                         ] nsys-pa-30y-6p.nsys-rep[1/7] [13%                         ] nsys-pa-30y-6p.nsys-rep[1/7] [14%                         ] nsys-pa-30y-6p.nsys-rep[1/7] [=15%                        ] nsys-pa-30y-6p.nsys-rep[1/7] [=16%                        ] nsys-pa-30y-6p.nsys-rep[1/7] [=17%                        ] nsys-pa-30y-6p.nsys-rep[1/7] [==18%                       ] nsys-pa-30y-6p.nsys-rep[1/7] [==19%                       ] nsys-pa-30y-6p.nsys-rep[1/7] [==20%                       ] nsys-pa-30y-6p.nsys-rep[1/7] [==21%                       ] nsys-pa-30y-6p.nsys-rep[1/7] [===22%                      ] nsys-pa-30y-6p.nsys-rep[1/7] [===23%                      ] nsys-pa-30y-6p.nsys-rep[1/7] [===24%                      ] nsys-pa-30y-6p.nsys-rep[1/7] [====25%                     ] nsys-pa-30y-6p.nsys-rep[1/7] [====26%                     ] nsys-pa-30y-6p.nsys-rep[1/7] [====27%                     ] nsys-pa-30y-6p.nsys-rep[1/7] [====28%                     ] nsys-pa-30y-6p.nsys-rep[1/7] [=====29%                    ] nsys-pa-30y-6p.nsys-rep[1/7] [=====30%                    ] nsys-pa-30y-6p.nsys-rep[1/7] [=====31%                    ] nsys-pa-30y-6p.nsys-rep[1/7] [=====32%                    ] nsys-pa-30y-6p.nsys-rep[1/7] [======33%                   ] nsys-pa-30y-6p.nsys-rep[1/7] [======34%                   ] nsys-pa-30y-6p.nsys-rep[1/7] [======35%                   ] nsys-pa-30y-6p.nsys-rep[1/7] [=======36%                  ] nsys-pa-30y-6p.nsys-rep[1/7] [=======37%                  ] nsys-pa-30y-6p.nsys-rep[1/7] [=======38%                  ] nsys-pa-30y-6p.nsys-rep[1/7] [=======39%                  ] nsys-pa-30y-6p.nsys-rep[1/7] [========40%                 ] nsys-pa-30y-6p.nsys-rep[1/7] [========41%                 ] nsys-pa-30y-6p.nsys-rep[1/7] [========42%                 ] nsys-pa-30y-6p.nsys-rep[1/7] [=========43%                ] nsys-pa-30y-6p.nsys-rep[1/7] [=========44%                ] nsys-pa-30y-6p.nsys-rep[1/7] [=========45%                ] nsys-pa-30y-6p.nsys-rep[1/7] [=========46%                ] nsys-pa-30y-6p.nsys-rep[1/7] [==========47%               ] nsys-pa-30y-6p.nsys-rep[1/7] [==========48%               ] nsys-pa-30y-6p.nsys-rep[1/7] [==========49%               ] nsys-pa-30y-6p.nsys-rep[1/7] [===========50%              ] nsys-pa-30y-6p.nsys-rep[1/7] [===========51%              ] nsys-pa-30y-6p.nsys-rep[1/7] [===========52%              ] nsys-pa-30y-6p.nsys-rep[1/7] [===========53%              ] nsys-pa-30y-6p.nsys-rep[1/7] [============54%             ] nsys-pa-30y-6p.nsys-rep[1/7] [============55%             ] nsys-pa-30y-6p.nsys-rep[1/7] [============56%             ] nsys-pa-30y-6p.nsys-rep[1/7] [============57%             ] nsys-pa-30y-6p.nsys-rep[1/7] [=============58%            ] nsys-pa-30y-6p.nsys-rep[1/7] [=============59%            ] nsys-pa-30y-6p.nsys-rep[1/7] [=============60%            ] nsys-pa-30y-6p.nsys-rep[1/7] [==============61%           ] nsys-pa-30y-6p.nsys-rep[1/7] [==============62%           ] nsys-pa-30y-6p.nsys-rep[1/7] [==============63%           ] nsys-pa-30y-6p.nsys-rep[1/7] [==============64%           ] nsys-pa-30y-6p.nsys-rep[1/7] [===============65%          ] nsys-pa-30y-6p.nsys-rep[1/7] [===============66%          ] nsys-pa-30y-6p.nsys-rep[1/7] [===============67%          ] nsys-pa-30y-6p.nsys-rep[1/7] [================68%         ] nsys-pa-30y-6p.nsys-rep[1/7] [================69%         ] nsys-pa-30y-6p.nsys-rep[1/7] [================70%         ] nsys-pa-30y-6p.nsys-rep[1/7] [================71%         ] nsys-pa-30y-6p.nsys-rep[1/7] [=================72%        ] nsys-pa-30y-6p.nsys-rep[1/7] [=================73%        ] nsys-pa-30y-6p.nsys-rep[1/7] [=================74%        ] nsys-pa-30y-6p.nsys-rep[1/7] [==================75%       ] nsys-pa-30y-6p.nsys-rep[1/7] [==================76%       ] nsys-pa-30y-6p.nsys-rep[1/7] [==================77%       ] nsys-pa-30y-6p.nsys-rep[1/7] [==================78%       ] nsys-pa-30y-6p.nsys-rep[1/7] [===================79%      ] nsys-pa-30y-6p.nsys-rep[1/7] [===================80%      ] nsys-pa-30y-6p.nsys-rep[1/7] [===================81%      ] nsys-pa-30y-6p.nsys-rep[1/7] [===================82%      ] nsys-pa-30y-6p.nsys-rep[1/7] [====================83%     ] nsys-pa-30y-6p.nsys-rep[1/7] [====================84%     ] nsys-pa-30y-6p.nsys-rep[1/7] [====================85%     ] nsys-pa-30y-6p.nsys-rep[1/7] [========================100%] nsys-pa-30y-6p.nsys-rep[1/7] [========================100%] nsys-pa-30y-6p.nsys-rep
[2/7] [0%                          ] nsys-pa-30y-6p.sqlite[2/7] [1%                          ] nsys-pa-30y-6p.sqlite[2/7] [2%                          ] nsys-pa-30y-6p.sqlite[2/7] [3%                          ] nsys-pa-30y-6p.sqlite[2/7] [4%                          ] nsys-pa-30y-6p.sqlite[2/7] [5%                          ] nsys-pa-30y-6p.sqlite[2/7] [6%                          ] nsys-pa-30y-6p.sqlite[2/7] [7%                          ] nsys-pa-30y-6p.sqlite[2/7] [8%                          ] nsys-pa-30y-6p.sqlite[2/7] [9%                          ] nsys-pa-30y-6p.sqlite[2/7] [10%                         ] nsys-pa-30y-6p.sqlite[2/7] [11%                         ] nsys-pa-30y-6p.sqlite[2/7] [12%                         ] nsys-pa-30y-6p.sqlite[2/7] [13%                         ] nsys-pa-30y-6p.sqlite[2/7] [14%                         ] nsys-pa-30y-6p.sqlite[2/7] [=15%                        ] nsys-pa-30y-6p.sqlite[2/7] [=16%                        ] nsys-pa-30y-6p.sqlite[2/7] [=17%                        ] nsys-pa-30y-6p.sqlite[2/7] [==18%                       ] nsys-pa-30y-6p.sqlite[2/7] [==19%                       ] nsys-pa-30y-6p.sqlite[2/7] [==20%                       ] nsys-pa-30y-6p.sqlite[2/7] [==21%                       ] nsys-pa-30y-6p.sqlite[2/7] [===22%                      ] nsys-pa-30y-6p.sqlite[2/7] [===23%                      ] nsys-pa-30y-6p.sqlite[2/7] [===24%                      ] nsys-pa-30y-6p.sqlite[2/7] [====25%                     ] nsys-pa-30y-6p.sqlite[2/7] [====26%                     ] nsys-pa-30y-6p.sqlite[2/7] [====27%                     ] nsys-pa-30y-6p.sqlite[2/7] [====28%                     ] nsys-pa-30y-6p.sqlite[2/7] [=====29%                    ] nsys-pa-30y-6p.sqlite[2/7] [=====30%                    ] nsys-pa-30y-6p.sqlite[2/7] [=====31%                    ] nsys-pa-30y-6p.sqlite[2/7] [=====32%                    ] nsys-pa-30y-6p.sqlite[2/7] [======33%                   ] nsys-pa-30y-6p.sqlite[2/7] [======34%                   ] nsys-pa-30y-6p.sqlite[2/7] [======35%                   ] nsys-pa-30y-6p.sqlite[2/7] [=======36%                  ] nsys-pa-30y-6p.sqlite[2/7] [=======37%                  ] nsys-pa-30y-6p.sqlite[2/7] [=======38%                  ] nsys-pa-30y-6p.sqlite[2/7] [=======39%                  ] nsys-pa-30y-6p.sqlite[2/7] [========40%                 ] nsys-pa-30y-6p.sqlite[2/7] [========41%                 ] nsys-pa-30y-6p.sqlite[2/7] [========42%                 ] nsys-pa-30y-6p.sqlite[2/7] [=========43%                ] nsys-pa-30y-6p.sqlite[2/7] [=========44%                ] nsys-pa-30y-6p.sqlite[2/7] [=========45%                ] nsys-pa-30y-6p.sqlite[2/7] [=========46%                ] nsys-pa-30y-6p.sqlite[2/7] [==========47%               ] nsys-pa-30y-6p.sqlite[2/7] [==========48%               ] nsys-pa-30y-6p.sqlite[2/7] [==========49%               ] nsys-pa-30y-6p.sqlite[2/7] [===========50%              ] nsys-pa-30y-6p.sqlite[2/7] [===========51%              ] nsys-pa-30y-6p.sqlite[2/7] [===========52%              ] nsys-pa-30y-6p.sqlite[2/7] [===========53%              ] nsys-pa-30y-6p.sqlite[2/7] [============54%             ] nsys-pa-30y-6p.sqlite[2/7] [============55%             ] nsys-pa-30y-6p.sqlite[2/7] [============56%             ] nsys-pa-30y-6p.sqlite[2/7] [============57%             ] nsys-pa-30y-6p.sqlite[2/7] [=============58%            ] nsys-pa-30y-6p.sqlite[2/7] [=============59%            ] nsys-pa-30y-6p.sqlite[2/7] [=============60%            ] nsys-pa-30y-6p.sqlite[2/7] [==============61%           ] nsys-pa-30y-6p.sqlite[2/7] [==============62%           ] nsys-pa-30y-6p.sqlite[2/7] [==============63%           ] nsys-pa-30y-6p.sqlite[2/7] [==============64%           ] nsys-pa-30y-6p.sqlite[2/7] [===============65%          ] nsys-pa-30y-6p.sqlite[2/7] [===============66%          ] nsys-pa-30y-6p.sqlite[2/7] [===============67%          ] nsys-pa-30y-6p.sqlite[2/7] [================68%         ] nsys-pa-30y-6p.sqlite[2/7] [================69%         ] nsys-pa-30y-6p.sqlite[2/7] [================70%         ] nsys-pa-30y-6p.sqlite[2/7] [================71%         ] nsys-pa-30y-6p.sqlite[2/7] [=================72%        ] nsys-pa-30y-6p.sqlite[2/7] [=================73%        ] nsys-pa-30y-6p.sqlite[2/7] [=================74%        ] nsys-pa-30y-6p.sqlite[2/7] [==================75%       ] nsys-pa-30y-6p.sqlite[2/7] [==================76%       ] nsys-pa-30y-6p.sqlite[2/7] [==================77%       ] nsys-pa-30y-6p.sqlite[2/7] [==================78%       ] nsys-pa-30y-6p.sqlite[2/7] [===================79%      ] nsys-pa-30y-6p.sqlite[2/7] [===================80%      ] nsys-pa-30y-6p.sqlite[2/7] [===================81%      ] nsys-pa-30y-6p.sqlite[2/7] [===================82%      ] nsys-pa-30y-6p.sqlite[2/7] [====================83%     ] nsys-pa-30y-6p.sqlite[2/7] [====================84%     ] nsys-pa-30y-6p.sqlite[2/7] [====================85%     ] nsys-pa-30y-6p.sqlite[2/7] [=====================86%    ] nsys-pa-30y-6p.sqlite[2/7] [=====================87%    ] nsys-pa-30y-6p.sqlite[2/7] [=====================88%    ] nsys-pa-30y-6p.sqlite[2/7] [=====================89%    ] nsys-pa-30y-6p.sqlite[2/7] [======================90%   ] nsys-pa-30y-6p.sqlite[2/7] [======================91%   ] nsys-pa-30y-6p.sqlite[2/7] [======================92%   ] nsys-pa-30y-6p.sqlite[2/7] [=======================93%  ] nsys-pa-30y-6p.sqlite[2/7] [=======================94%  ] nsys-pa-30y-6p.sqlite[2/7] [=======================95%  ] nsys-pa-30y-6p.sqlite[2/7] [=======================96%  ] nsys-pa-30y-6p.sqlite[2/7] [========================97% ] nsys-pa-30y-6p.sqlite[2/7] [========================98% ] nsys-pa-30y-6p.sqlite[2/7] [========================99% ] nsys-pa-30y-6p.sqlite[2/7] [========================100%] nsys-pa-30y-6p.sqlite[2/7] [========================100%] nsys-pa-30y-6p.sqlite
[3/7] Executing 'nvtx_sum' stats report

 Time (%)  Total Time (ns)  Instances  Avg (ns)  Med (ns)  Min (ns)  Max (ns)   StdDev (ns)   Style              Range            
 --------  ---------------  ---------  --------  --------  --------  ---------  -----------  -------  ----------------------------
    100.0   11,763,893,936  2,331,667   5,045.3   4,863.0     4,348  6,457,268     13,764.1  PushPop  CCCL:cub::DeviceFor::Bulk   
      0.0        2,171,738         60  36,195.6  35,198.0    20,802     59,239      8,645.3  PushPop  CCCL:thrust::copy           
      0.0        1,394,911         30  46,497.0  45,967.0    33,464     62,366      9,038.3  PushPop  CCCL:uninitialized_fill_n   
      0.0        1,084,519         30  36,150.6  34,961.0    22,010     58,414      8,686.0  PushPop  CCCL:thrust::two_system_copy

[4/7] Executing 'cuda_api_sum' stats report

 Time (%)   Total Time (ns)   Num Calls      Avg (ns)        Med (ns)    Min (ns)     Max (ns)       StdDev (ns)                 Name             
 --------  -----------------  ----------  ---------------  ------------  --------  --------------  ---------------  ------------------------------
     69.5  1,582,960,240,173         882  1,794,739,501.3  88,999,890.0     1,375  30,725,216,247  3,237,187,355.6  cudaStreamSynchronize         
     10.8    245,616,726,051  37,307,776          6,583.5       4,337.0     2,818      21,120,445         17,474.0  cudaMemcpy                    
      9.1    206,674,655,527  32,646,356          6,330.7       5,208.0     1,964   1,198,847,748        453,968.6  cudaMalloc                    
      9.1    206,490,979,093  27,983,340          7,379.1       6,467.0     3,968     214,212,157         63,771.3  cudaFree                      
      0.7     16,921,422,023   4,664,630          3,627.6       3,283.0     2,736       7,364,608          7,769.5  cudaMemset                    
      0.3      7,473,707,041   2,332,945          3,203.6       2,998.0     2,628      68,531,837         46,937.1  cudaLaunchKernel              
      0.3      7,181,001,506         360     19,947,226.4   1,682,181.5    10,773     460,056,517     70,418,951.1  cudaMemcpyAsync               
      0.1      2,446,420,326   2,331,667          1,049.2         941.0       682         597,257          1,647.0  cudaFreeAsync_v11020          
      0.1      2,259,062,098   2,331,727            968.8         839.0       626      24,004,860         16,595.4  cudaMallocAsync_v11020        
      0.0        264,586,092         792        334,073.3      28,969.0     8,135       6,760,229        957,698.3  cudaMallocManaged             
      0.0        131,454,462          30      4,381,815.4      56,065.5    43,770     129,830,895     23,693,549.3  cudaMemGetInfo                
      0.0         34,130,213         396         86,187.4      39,368.5     6,309         442,933         96,153.5  cudaDeviceSynchronize         
      0.0          1,077,021          60         17,950.4      17,875.0    10,064          29,370          5,869.2  cudaMemsetAsync               
      0.0            921,691          30         30,723.0      25,742.0    21,879         146,602         22,368.6  cudaStreamCreate              
      0.0            566,008          30         18,866.9      19,452.0    14,297          22,225          2,549.9  cudaStreamDestroy             
      0.0             33,572          30          1,119.1       1,108.5       910           1,404            111.9  cuStreamSynchronize           
      0.0              2,042           1          2,042.0       2,042.0     2,042           2,042              0.0  cudaGetDriverEntryPoint_v11030
      0.0              1,882           1          1,882.0       1,882.0     1,882           1,882              0.0  cuInit                        
      0.0              1,305           2            652.5         652.5       643             662             13.4  cuGetProcAddress_v2           
      0.0              1,140           1          1,140.0       1,140.0     1,140           1,140              0.0  cuModuleGetLoadingMode        

[5/7] Executing 'cuda_gpu_kern_sum' stats report

 Time (%)   Total Time (ns)   Instances     Avg (ns)         Med (ns)       Min (ns)       Max (ns)       StdDev (ns)                                                    Name                                                
 --------  -----------------  ---------  ---------------  ---------------  -----------  --------------  ---------------  ----------------------------------------------------------------------------------------------------
     81.9  1,304,478,528,144        198  6,588,275,394.7  6,268,900,004.0  865,372,670  30,725,176,227  3,916,739,313.6  kernelCallStage1(int, int, int, ABM *, Graph *, DeviceGraph *, DeviceGraph *, device_map<int, Node>…
     16.6    263,980,045,618        198  1,333,232,553.6  1,338,969,027.0  118,790,814   2,531,014,015    723,647,057.1  kernelCallStage3(int, int, int, ABM *, Graph *, int, device_map<int, Node>::device_view, ABMStageSt…
      0.9     14,272,322,994        198     72,082,439.4     68,216,196.0    8,491,751     630,981,624     59,962,194.5  kernelCallStage2(int, int, int, ABM *, Graph *, cuco::static_set_ref<int, (cuda::std::__4::thread_s…
      0.4      6,725,354,374         30    224,178,479.1    200,275,166.5   82,137,490     460,047,119    119,595,284.3  void cuco::legacy::detail::insert<(unsigned long)128, (unsigned int)4, cuco::pair<int, int> *, cuda…
      0.2      2,835,991,853  2,331,637          1,216.3          1,248.0        1,087           1,952             95.2  void cub::CUB_300103_SM_600::detail::for_each::static_kernel<cub::CUB_300103_SM_600::detail::for_ea…
      0.0        220,030,260        198      1,111,263.9      1,122,770.0      535,585       1,641,794        135,518.4  kernelCallStage4(int, int, int, ABM *, Graph *, int, device_map<int, Node>::device_view, ABMStageSt…
      0.0         32,450,656        396         81,946.1         32,960.0        2,592         438,113         95,310.8  kernel_extract_vector_sizes(device_vector *, int *, int)                                            
      0.0         19,437,701         30        647,923.4        512,000.5      133,152       1,914,148        434,962.3  void cuco::detail::open_addressing_ns::insert_if_n<(int)1, (int)128, int *, thrust::THRUST_300103_S…
      0.0            169,312         30          5,643.7          5,247.5        3,168           9,760          1,961.6  void cuco::legacy::detail::initialize<(unsigned long)256, cuda::__4::atomic<int, (cuda::std::__4::t…
      0.0             44,000         30          1,466.7          1,472.0        1,344           1,728             90.2  void cub::CUB_300103_SM_600::detail::for_each::static_kernel<cub::CUB_300103_SM_600::detail::for_ea…

[6/7] Executing 'cuda_gpu_mem_time_sum' stats report

 Time (%)  Total Time (ns)    Count     Avg (ns)  Med (ns)  Min (ns)   Max (ns)   StdDev (ns)               Operation              
 --------  ---------------  ----------  --------  --------  --------  ----------  -----------  ------------------------------------
     43.2   22,723,418,830   9,327,202   2,436.3   2,432.0     1,888     478,817        505.0  [CUDA memcpy Device-to-Host]        
     42.6   22,440,103,575  27,980,934     802.0     768.0       703  20,993,066     16,789.7  [CUDA memcpy Host-to-Device]        
     14.0    7,365,197,670   4,664,690   1,578.9   1,504.0       704     972,898      8,563.7  [CUDA memset]                       
      0.1       66,987,643      22,131   3,026.9   2,591.0     2,302      22,047      1,618.4  [CUDA memcpy Unified Host-to-Device]
      0.0       22,652,506       6,097   3,715.4   2,880.0     2,270      26,752      2,270.4  [CUDA memcpy Unified Device-to-Host]

[7/7] Executing 'cuda_gpu_mem_size_sum' stats report

  Total (MB)      Count     Avg (MB)  Med (MB)  Min (MB)  Max (MB)   StdDev (MB)               Operation              
 -------------  ----------  --------  --------  --------  ---------  -----------  ------------------------------------
 2,348,087.313   4,664,690     0.503     0.197     0.000  3,168.733       27.933  [CUDA memset]                       
    13,134.219  27,980,934     0.000     0.000     0.000    225.851        0.185  [CUDA memcpy Host-to-Device]        
       700.539   9,327,202     0.000     0.000     0.000      5.114        0.007  [CUDA memcpy Device-to-Host]        
       666.894      22,131     0.030     0.008     0.004      1.044        0.087  [CUDA memcpy Unified Host-to-Device]
       403.177       6,097     0.066     0.025     0.004      1.044        0.121  [CUDA memcpy Unified Device-to-Host]

Generated:
    /home/jmukher/workspace/uiuc/citation_abm/./profile/nsys-pa-30y-6p.nsys-rep
    /home/jmukher/workspace/uiuc/citation_abm/./profile/nsys-pa-30y-6p.sqlite
SUCCESS: 1.4G → ./profile/nsys-pa-30y-6p.nsys-rep
