Lmod has detected the following error: The following module(s) are unknown:
"cuda/12.8"

Please check the spelling or version number. Also try "module spider ..."
It is also possible your cache file is out-of-date; it may help to try:
  $ module --ignore_cache load "cuda/12.8"

Also make sure that all modulefiles written in TCL start with the string
#%Module



Running growth rate 1% for 30 years.
./output/gpu-opt-static-output-30y-1p.edgelist
./output/gpu-opt-static-output-30y-1p.aux

Start ABM....
parse_args....
edgelist....
num-cycles....
output-file....
log-file = ./output/gpu-opt-static-output-30y-1p.log....
num-processors = 1....
log-level = 0
Init ABM....
Exec ABM....
Start execute.Init Graph
Inside  Graph ParseNodelist.....
Populating the continuous_node mappings..
Elapsed time: ParseNodelist : 2412 millisecs = 2 seconds

Inside Graph ParseEdgelist.....
Elapsed time: ParseEdgelist : 3321 millisecs = 3 seconds

In updateNodeInDegreeOutDegree: Update Outdegree first:
In updateNodeInDegreeOutDegree: Update Indegree:
Total (initial):: In-Degree = 899050, Out-Degree = 899050
Elapsed time: 0-1 : 2 seconds
Elapsed time: 1-2 : 3 seconds
Elapsed time: 2-3 : 0 seconds

Initialized Graph. Let us update the indegree and out-degrees... 
Graph init done...
calling InitializeFitness...
final graph size is 662527 from initial_graph_size of 491532.
 populated out degree array.
 Entering loop for year = 1983
Elapsed time: 70-71: total : 0.445 secs, iter cost : 0 seconds

Elapsed time: 71-72: total : 0.632 secs, iter cost : 0 seconds

Elapsed time: 72-73: total : 13 millisecs, iter cost : 13 mseconds

num_new_nodes = 4916, current_graph_size = 491532, growth rate = 0.010000 
Elapsed time: 73-74: total : 0 millisecs, iter cost : 0 mseconds

Elapsed time: 74-75: total : 15 millisecs, iter cost : 15 mseconds

all new nodes initialized with years and mapped. FillSameYearSourceNodes with new_nodes_vec.size() = 4916
checking same_year_source_nodes size.
Elapsed time: 75-76: total : 0 millisecs, iter cost : 0 mseconds

new_nodes_vec.size() b4 : 4916

updated  updateGraphAttributesGeneratorNode .... 
Elapsed time: 76-77: total : 14 millisecs, iter cost : 14 mseconds

continuous_node_mapping.size() b5 : 496448, reverse_continuous_node_mapping size = 496448

Inside optimized buildOneNodeConnections...
Initial Free: 80554.6 MB / 81079.4 MB

[prepareGraph] num_vertices = 491532

[prepareGraph] edges = 899050, offsets = 491533 (should be V+1 = 491533)

[prepareGraph] num_vertices = 491532

[prepareGraph] edges = 899050, offsets = 491533 (should be V+1 = 491533)

Year 1983: 4916 new nodes, 94633 new edges

updateNodeInDegreeOutDegree(year=1983): updated 4916 out-degrees, 71917 in-degrees

Elapsed time: 79-81 : total : 0.124 secs, this iter cost : 0 seconds

Elapsed time: 79-80 : total : 0.092 secs, this iter cost : 0 seconds

Elapsed time: 80-81 : total : 0.032 secs, this iter cost : 0 seconds

Elapsed time: 70-81 : total : 5.489 secs, this iter cost : 5 seconds

 Entering loop for year = 1984
Elapsed time: 70-71: total : 0.905 secs, iter cost : 0 seconds

Elapsed time: 71-72: total : 1.299 secs, iter cost : 0 seconds

Elapsed time: 72-73: total : 27 millisecs, iter cost : 14 mseconds

num_new_nodes = 4965, current_graph_size = 496448, growth rate = 0.010000 
Elapsed time: 73-74: total : 0 millisecs, iter cost : 0 mseconds

Elapsed time: 74-75: total : 38 millisecs, iter cost : 23 mseconds

all new nodes initialized with years and mapped. FillSameYearSourceNodes with new_nodes_vec.size() = 4965
checking same_year_source_nodes size.
Elapsed time: 75-76: total : 0 millisecs, iter cost : 0 mseconds

new_nodes_vec.size() b4 : 4965

updated  updateGraphAttributesGeneratorNode .... 
Elapsed time: 76-77: total : 28 millisecs, iter cost : 14 mseconds

continuous_node_mapping.size() b5 : 501413, reverse_continuous_node_mapping size = 501413

Inside optimized buildOneNodeConnections...
Initial Free: 80350.6 MB / 81079.4 MB

[prepareGraph] num_vertices = 496448

[prepareGraph] edges = 993683, offsets = 496449 (should be V+1 = 496449)

[prepareGraph] num_vertices = 496448

[prepareGraph] edges = 993683, offsets = 496449 (should be V+1 = 496449)

Year 1984: 4965 new nodes, 95426 new edges

updateNodeInDegreeOutDegree(year=1984): updated 4965 out-degrees, 71622 in-degrees

Elapsed time: 79-81 : total : 0.245 secs, this iter cost : 0 seconds

Elapsed time: 79-80 : total : 0.18 secs, this iter cost : 0 seconds

Elapsed time: 80-81 : total : 0.064 secs, this iter cost : 0 seconds

Elapsed time: 70-81 : total : 10.555 secs, this iter cost : 5 seconds

 Entering loop for year = 1985
Elapsed time: 70-71: total : 1.371 secs, iter cost : 0 seconds

Elapsed time: 71-72: total : 1.99 secs, iter cost : 0 seconds

Elapsed time: 72-73: total : 41 millisecs, iter cost : 14 mseconds

num_new_nodes = 5015, current_graph_size = 501413, growth rate = 0.010000 
Elapsed time: 73-74: total : 0 millisecs, iter cost : 0 mseconds

Elapsed time: 74-75: total : 61 millisecs, iter cost : 23 mseconds

all new nodes initialized with years and mapped. FillSameYearSourceNodes with new_nodes_vec.size() = 5015
checking same_year_source_nodes size.
Elapsed time: 75-76: total : 0 millisecs, iter cost : 0 mseconds

new_nodes_vec.size() b4 : 5015

updated  updateGraphAttributesGeneratorNode .... 
Elapsed time: 76-77: total : 43 millisecs, iter cost : 15 mseconds

continuous_node_mapping.size() b5 : 506428, reverse_continuous_node_mapping size = 506428

Inside optimized buildOneNodeConnections...
Initial Free: 80340.6 MB / 81079.4 MB

[prepareGraph] num_vertices = 501413

[prepareGraph] edges = 1089109, offsets = 501414 (should be V+1 = 501414)

[prepareGraph] num_vertices = 501413

[prepareGraph] edges = 1089109, offsets = 501414 (should be V+1 = 501414)

Year 1985: 5015 new nodes, 96157 new edges

updateNodeInDegreeOutDegree(year=1985): updated 5015 out-degrees, 70904 in-degrees

Elapsed time: 79-81 : total : 0.372 secs, this iter cost : 0 seconds

Elapsed time: 79-80 : total : 0.274 secs, this iter cost : 0 seconds

Elapsed time: 80-81 : total : 0.096 secs, this iter cost : 0 seconds

Elapsed time: 70-81 : total : 15.926 secs, this iter cost : 5 seconds

 Entering loop for year = 1986
Elapsed time: 70-71: total : 1.849 secs, iter cost : 0 seconds

Elapsed time: 71-72: total : 2.677 secs, iter cost : 0 seconds

Elapsed time: 72-73: total : 54 millisecs, iter cost : 13 mseconds

num_new_nodes = 5065, current_graph_size = 506428, growth rate = 0.010000 
Elapsed time: 73-74: total : 0 millisecs, iter cost : 0 mseconds

Elapsed time: 74-75: total : 84 millisecs, iter cost : 23 mseconds

all new nodes initialized with years and mapped. FillSameYearSourceNodes with new_nodes_vec.size() = 5065
checking same_year_source_nodes size.
Elapsed time: 75-76: total : 0 millisecs, iter cost : 0 mseconds

new_nodes_vec.size() b4 : 5065

updated  updateGraphAttributesGeneratorNode .... 
Elapsed time: 76-77: total : 58 millisecs, iter cost : 15 mseconds

continuous_node_mapping.size() b5 : 511493, reverse_continuous_node_mapping size = 511493

Inside optimized buildOneNodeConnections...
Initial Free: 80330.6 MB / 81079.4 MB

[prepareGraph] num_vertices = 506428

[prepareGraph] edges = 1185266, offsets = 506429 (should be V+1 = 506429)

[prepareGraph] num_vertices = 506428

[prepareGraph] edges = 1185266, offsets = 506429 (should be V+1 = 506429)

Year 1986: 5065 new nodes, 97144 new edges

updateNodeInDegreeOutDegree(year=1986): updated 5065 out-degrees, 71156 in-degrees

Elapsed time: 79-81 : total : 0.494 secs, this iter cost : 0 seconds

Elapsed time: 79-80 : total : 0.363 secs, this iter cost : 0 seconds

Elapsed time: 80-81 : total : 0.128 secs, this iter cost : 0 seconds

Elapsed time: 70-81 : total : 21.496 secs, this iter cost : 5 seconds

 Entering loop for year = 1987
Elapsed time: 70-71: total : 2.316 secs, iter cost : 0 seconds

Elapsed time: 71-72: total : 3.387 secs, iter cost : 0 seconds

Elapsed time: 72-73: total : 67 millisecs, iter cost : 13 mseconds

num_new_nodes = 5115, current_graph_size = 511493, growth rate = 0.010000 
Elapsed time: 73-74: total : 0 millisecs, iter cost : 0 mseconds

Elapsed time: 74-75: total : 107 millisecs, iter cost : 23 mseconds

all new nodes initialized with years and mapped. FillSameYearSourceNodes with new_nodes_vec.size() = 5115
checking same_year_source_nodes size.
Elapsed time: 75-76: total : 0 millisecs, iter cost : 0 mseconds

new_nodes_vec.size() b4 : 5115

updated  updateGraphAttributesGeneratorNode .... 
Elapsed time: 76-77: total : 73 millisecs, iter cost : 15 mseconds

continuous_node_mapping.size() b5 : 516608, reverse_continuous_node_mapping size = 516608

Inside optimized buildOneNodeConnections...
Initial Free: 80322.6 MB / 81079.4 MB

[prepareGraph] num_vertices = 511493

[prepareGraph] edges = 1282410, offsets = 511494 (should be V+1 = 511494)

[prepareGraph] num_vertices = 511493

[prepareGraph] edges = 1282410, offsets = 511494 (should be V+1 = 511494)

Year 1987: 5115 new nodes, 98643 new edges

updateNodeInDegreeOutDegree(year=1987): updated 5115 out-degrees, 70193 in-degrees

Elapsed time: 79-81 : total : 0.616 secs, this iter cost : 0 seconds

Elapsed time: 79-80 : total : 0.452 secs, this iter cost : 0 seconds

Elapsed time: 80-81 : total : 0.16 secs, this iter cost : 0 seconds

Elapsed time: 70-81 : total : 27.003 secs, this iter cost : 5 seconds

 Entering loop for year = 1988
Elapsed time: 70-71: total : 2.788 secs, iter cost : 0 seconds

Elapsed time: 71-72: total : 4.085 secs, iter cost : 0 seconds

Elapsed time: 72-73: total : 81 millisecs, iter cost : 14 mseconds

num_new_nodes = 5167, current_graph_size = 516608, growth rate = 0.010000 
Elapsed time: 73-74: total : 0 millisecs, iter cost : 0 mseconds

Elapsed time: 74-75: total : 124 millisecs, iter cost : 17 mseconds

all new nodes initialized with years and mapped. FillSameYearSourceNodes with new_nodes_vec.size() = 5167
checking same_year_source_nodes size.
Elapsed time: 75-76: total : 0 millisecs, iter cost : 0 mseconds

new_nodes_vec.size() b4 : 5167

updated  updateGraphAttributesGeneratorNode .... 
Elapsed time: 76-77: total : 88 millisecs, iter cost : 15 mseconds

continuous_node_mapping.size() b5 : 521775, reverse_continuous_node_mapping size = 521775

Inside optimized buildOneNodeConnections...
Initial Free: 80312.6 MB / 81079.4 MB

[prepareGraph] num_vertices = 516608

[prepareGraph] edges = 1381053, offsets = 516609 (should be V+1 = 516609)

[prepareGraph] num_vertices = 516608

[prepareGraph] edges = 1381053, offsets = 516609 (should be V+1 = 516609)

Year 1988: 5167 new nodes, 99743 new edges

updateNodeInDegreeOutDegree(year=1988): updated 5167 out-degrees, 70376 in-degrees

Elapsed time: 79-81 : total : 0.74 secs, this iter cost : 0 seconds

Elapsed time: 79-80 : total : 0.543 secs, this iter cost : 0 seconds

Elapsed time: 80-81 : total : 0.193 secs, this iter cost : 0 seconds

Elapsed time: 70-81 : total : 32.492 secs, this iter cost : 5 seconds

 Entering loop for year = 1989
Elapsed time: 70-71: total : 3.281 secs, iter cost : 0 seconds

Elapsed time: 71-72: total : 4.791 secs, iter cost : 0 seconds

Elapsed time: 72-73: total : 95 millisecs, iter cost : 14 mseconds

num_new_nodes = 5218, current_graph_size = 521775, growth rate = 0.010000 
Elapsed time: 73-74: total : 0 millisecs, iter cost : 0 mseconds

Elapsed time: 74-75: total : 148 millisecs, iter cost : 24 mseconds

all new nodes initialized with years and mapped. FillSameYearSourceNodes with new_nodes_vec.size() = 5218
checking same_year_source_nodes size.
Elapsed time: 75-76: total : 0 millisecs, iter cost : 0 mseconds

new_nodes_vec.size() b4 : 5218

updated  updateGraphAttributesGeneratorNode .... 
Elapsed time: 76-77: total : 103 millisecs, iter cost : 15 mseconds

continuous_node_mapping.size() b5 : 526993, reverse_continuous_node_mapping size = 526993

Inside optimized buildOneNodeConnections...
Initial Free: 80302.6 MB / 81079.4 MB

[prepareGraph] num_vertices = 521775

[prepareGraph] edges = 1480796, offsets = 521776 (should be V+1 = 521776)

[prepareGraph] num_vertices = 521775

[prepareGraph] edges = 1480796, offsets = 521776 (should be V+1 = 521776)

Year 1989: 5218 new nodes, 100794 new edges

updateNodeInDegreeOutDegree(year=1989): updated 5218 out-degrees, 70131 in-degrees

Elapsed time: 79-81 : total : 0.873 secs, this iter cost : 0 seconds

Elapsed time: 79-80 : total : 0.642 secs, this iter cost : 0 seconds

Elapsed time: 80-81 : total : 0.226 secs, this iter cost : 0 seconds

Elapsed time: 70-81 : total : 38.241 secs, this iter cost : 5 seconds

 Entering loop for year = 1990
Elapsed time: 70-71: total : 3.763 secs, iter cost : 0 seconds

Elapsed time: 71-72: total : 5.509 secs, iter cost : 0 seconds

Elapsed time: 72-73: total : 109 millisecs, iter cost : 14 mseconds

num_new_nodes = 5270, current_graph_size = 526993, growth rate = 0.010000 
Elapsed time: 73-74: total : 0 millisecs, iter cost : 0 mseconds

Elapsed time: 74-75: total : 172 millisecs, iter cost : 24 mseconds

all new nodes initialized with years and mapped. FillSameYearSourceNodes with new_nodes_vec.size() = 5270
checking same_year_source_nodes size.
Elapsed time: 75-76: total : 0 millisecs, iter cost : 0 mseconds

new_nodes_vec.size() b4 : 5270

updated  updateGraphAttributesGeneratorNode .... 
Elapsed time: 76-77: total : 118 millisecs, iter cost : 15 mseconds

continuous_node_mapping.size() b5 : 532263, reverse_continuous_node_mapping size = 532263

Inside optimized buildOneNodeConnections...
Initial Free: 80292.6 MB / 81079.4 MB

[prepareGraph] num_vertices = 526993

[prepareGraph] edges = 1581590, offsets = 526994 (should be V+1 = 526994)

[prepareGraph] num_vertices = 526993

[prepareGraph] edges = 1581590, offsets = 526994 (should be V+1 = 526994)

Year 1990: 5270 new nodes, 102175 new edges

updateNodeInDegreeOutDegree(year=1990): updated 5270 out-degrees, 70209 in-degrees

Elapsed time: 79-81 : total : 0.998 secs, this iter cost : 0 seconds

Elapsed time: 79-80 : total : 0.733 secs, this iter cost : 0 seconds

Elapsed time: 80-81 : total : 0.26 secs, this iter cost : 0 seconds

Elapsed time: 70-81 : total : 44.282 secs, this iter cost : 6 seconds

 Entering loop for year = 1991
Elapsed time: 70-71: total : 4.257 secs, iter cost : 0 seconds

Elapsed time: 71-72: total : 6.245 secs, iter cost : 0 seconds

Elapsed time: 72-73: total : 123 millisecs, iter cost : 14 mseconds

num_new_nodes = 5323, current_graph_size = 532263, growth rate = 0.010000 
Elapsed time: 73-74: total : 0 millisecs, iter cost : 0 mseconds

Elapsed time: 74-75: total : 196 millisecs, iter cost : 24 mseconds

all new nodes initialized with years and mapped. FillSameYearSourceNodes with new_nodes_vec.size() = 5323
checking same_year_source_nodes size.
Elapsed time: 75-76: total : 0 millisecs, iter cost : 0 mseconds

new_nodes_vec.size() b4 : 5323

updated  updateGraphAttributesGeneratorNode .... 
Elapsed time: 76-77: total : 134 millisecs, iter cost : 16 mseconds

continuous_node_mapping.size() b5 : 537586, reverse_continuous_node_mapping size = 537586

Inside optimized buildOneNodeConnections...
Initial Free: 80280.6 MB / 81079.4 MB

[prepareGraph] num_vertices = 532263

[prepareGraph] edges = 1683765, offsets = 532264 (should be V+1 = 532264)

[prepareGraph] num_vertices = 532263

[prepareGraph] edges = 1683765, offsets = 532264 (should be V+1 = 532264)

Year 1991: 5323 new nodes, 103147 new edges

updateNodeInDegreeOutDegree(year=1991): updated 5323 out-degrees, 70425 in-degrees

Elapsed time: 79-81 : total : 1.124 secs, this iter cost : 0 seconds

Elapsed time: 79-80 : total : 0.824 secs, this iter cost : 0 seconds

Elapsed time: 80-81 : total : 0.294 secs, this iter cost : 0 seconds

Elapsed time: 70-81 : total : 50.34 secs, this iter cost : 6 seconds

 Entering loop for year = 1992
Elapsed time: 70-71: total : 4.747 secs, iter cost : 0 seconds

Elapsed time: 71-72: total : 6.991 secs, iter cost : 0 seconds

Elapsed time: 72-73: total : 137 millisecs, iter cost : 14 mseconds

num_new_nodes = 5376, current_graph_size = 537586, growth rate = 0.010000 
Elapsed time: 73-74: total : 0 millisecs, iter cost : 0 mseconds

Elapsed time: 74-75: total : 218 millisecs, iter cost : 22 mseconds

all new nodes initialized with years and mapped. FillSameYearSourceNodes with new_nodes_vec.size() = 5376
checking same_year_source_nodes size.
Elapsed time: 75-76: total : 0 millisecs, iter cost : 0 mseconds

new_nodes_vec.size() b4 : 5376

updated  updateGraphAttributesGeneratorNode .... 
Elapsed time: 76-77: total : 150 millisecs, iter cost : 16 mseconds

continuous_node_mapping.size() b5 : 542962, reverse_continuous_node_mapping size = 542962

Inside optimized buildOneNodeConnections...
Initial Free: 80268.6 MB / 81079.4 MB

[prepareGraph] num_vertices = 537586

[prepareGraph] edges = 1786912, offsets = 537587 (should be V+1 = 537587)

[prepareGraph] num_vertices = 537586

[prepareGraph] edges = 1786912, offsets = 537587 (should be V+1 = 537587)

Year 1992: 5376 new nodes, 104061 new edges

updateNodeInDegreeOutDegree(year=1992): updated 5376 out-degrees, 70708 in-degrees

Elapsed time: 79-81 : total : 1.264 secs, this iter cost : 0 seconds

Elapsed time: 79-80 : total : 0.921 secs, this iter cost : 0 seconds

Elapsed time: 80-81 : total : 0.337 secs, this iter cost : 0 seconds

Elapsed time: 70-81 : total : 56.669 secs, this iter cost : 6 seconds

 Entering loop for year = 1993
Elapsed time: 70-71: total : 5.242 secs, iter cost : 0 seconds

Elapsed time: 71-72: total : 7.705 secs, iter cost : 0 seconds

Elapsed time: 72-73: total : 151 millisecs, iter cost : 14 mseconds

num_new_nodes = 5430, current_graph_size = 542962, growth rate = 0.010000 
Elapsed time: 73-74: total : 0 millisecs, iter cost : 0 mseconds

Elapsed time: 74-75: total : 252 millisecs, iter cost : 34 mseconds

all new nodes initialized with years and mapped. FillSameYearSourceNodes with new_nodes_vec.size() = 5430
checking same_year_source_nodes size.
Elapsed time: 75-76: total : 0 millisecs, iter cost : 0 mseconds

new_nodes_vec.size() b4 : 5430

updated  updateGraphAttributesGeneratorNode .... 
Elapsed time: 76-77: total : 169 millisecs, iter cost : 19 mseconds

continuous_node_mapping.size() b5 : 548392, reverse_continuous_node_mapping size = 548392

Inside optimized buildOneNodeConnections...
Initial Free: 80256.6 MB / 81079.4 MB

[prepareGraph] num_vertices = 542962

[prepareGraph] edges = 1890973, offsets = 542963 (should be V+1 = 542963)

[prepareGraph] num_vertices = 542962

[prepareGraph] edges = 1890973, offsets = 542963 (should be V+1 = 542963)

Year 1993: 5430 new nodes, 105722 new edges

updateNodeInDegreeOutDegree(year=1993): updated 5430 out-degrees, 71046 in-degrees

Elapsed time: 79-81 : total : 1.392 secs, this iter cost : 0 seconds

Elapsed time: 79-80 : total : 1.014 secs, this iter cost : 0 seconds

Elapsed time: 80-81 : total : 0.372 secs, this iter cost : 0 seconds

Elapsed time: 70-81 : total : 62.986 secs, this iter cost : 6 seconds

 Entering loop for year = 1994
Elapsed time: 70-71: total : 5.75 secs, iter cost : 0 seconds

Elapsed time: 71-72: total : 8.435 secs, iter cost : 0 seconds

Elapsed time: 72-73: total : 166 millisecs, iter cost : 15 mseconds

num_new_nodes = 5484, current_graph_size = 548392, growth rate = 0.010000 
Elapsed time: 73-74: total : 0 millisecs, iter cost : 0 mseconds

Elapsed time: 74-75: total : 277 millisecs, iter cost : 25 mseconds

all new nodes initialized with years and mapped. FillSameYearSourceNodes with new_nodes_vec.size() = 5484
checking same_year_source_nodes size.
Elapsed time: 75-76: total : 0 millisecs, iter cost : 0 mseconds

new_nodes_vec.size() b4 : 5484

updated  updateGraphAttributesGeneratorNode .... 
Elapsed time: 76-77: total : 185 millisecs, iter cost : 16 mseconds

continuous_node_mapping.size() b5 : 553876, reverse_continuous_node_mapping size = 553876

Inside optimized buildOneNodeConnections...
Initial Free: 80244.6 MB / 81079.4 MB

[prepareGraph] num_vertices = 548392

[prepareGraph] edges = 1996695, offsets = 548393 (should be V+1 = 548393)

[prepareGraph] num_vertices = 548392

[prepareGraph] edges = 1996695, offsets = 548393 (should be V+1 = 548393)

Year 1994: 5484 new nodes, 106506 new edges

updateNodeInDegreeOutDegree(year=1994): updated 5484 out-degrees, 71735 in-degrees

Elapsed time: 79-81 : total : 1.523 secs, this iter cost : 0 seconds

Elapsed time: 79-80 : total : 1.109 secs, this iter cost : 0 seconds

Elapsed time: 80-81 : total : 0.407 secs, this iter cost : 0 seconds

Elapsed time: 70-81 : total : 69.553 secs, this iter cost : 6 seconds

 Entering loop for year = 1995
Elapsed time: 70-71: total : 6.276 secs, iter cost : 0 seconds

Elapsed time: 71-72: total : 9.163 secs, iter cost : 0 seconds

Elapsed time: 72-73: total : 181 millisecs, iter cost : 15 mseconds

num_new_nodes = 5539, current_graph_size = 553876, growth rate = 0.010000 
Elapsed time: 73-74: total : 0 millisecs, iter cost : 0 mseconds

Elapsed time: 74-75: total : 302 millisecs, iter cost : 25 mseconds

all new nodes initialized with years and mapped. FillSameYearSourceNodes with new_nodes_vec.size() = 5539
checking same_year_source_nodes size.
Elapsed time: 75-76: total : 0 millisecs, iter cost : 0 mseconds

new_nodes_vec.size() b4 : 5539

updated  updateGraphAttributesGeneratorNode .... 
Elapsed time: 76-77: total : 201 millisecs, iter cost : 16 mseconds

continuous_node_mapping.size() b5 : 559415, reverse_continuous_node_mapping size = 559415

Inside optimized buildOneNodeConnections...
Initial Free: 80232.6 MB / 81079.4 MB

[prepareGraph] num_vertices = 553876

[prepareGraph] edges = 2103201, offsets = 553877 (should be V+1 = 553877)

[prepareGraph] num_vertices = 553876

[prepareGraph] edges = 2103201, offsets = 553877 (should be V+1 = 553877)

Year 1995: 5539 new nodes, 107440 new edges

updateNodeInDegreeOutDegree(year=1995): updated 5539 out-degrees, 71652 in-degrees

Elapsed time: 79-81 : total : 1.659 secs, this iter cost : 0 seconds

Elapsed time: 79-80 : total : 1.21 secs, this iter cost : 0 seconds

Elapsed time: 80-81 : total : 0.442 secs, this iter cost : 0 seconds

Elapsed time: 70-81 : total : 76.28 secs, this iter cost : 6 seconds

 Entering loop for year = 1996
Elapsed time: 70-71: total : 6.797 secs, iter cost : 0 seconds

Elapsed time: 71-72: total : 9.897 secs, iter cost : 0 seconds

Elapsed time: 72-73: total : 196 millisecs, iter cost : 15 mseconds

num_new_nodes = 5595, current_graph_size = 559415, growth rate = 0.010000 
Elapsed time: 73-74: total : 0 millisecs, iter cost : 0 mseconds

Elapsed time: 74-75: total : 328 millisecs, iter cost : 26 mseconds

all new nodes initialized with years and mapped. FillSameYearSourceNodes with new_nodes_vec.size() = 5595
checking same_year_source_nodes size.
Elapsed time: 75-76: total : 0 millisecs, iter cost : 0 mseconds

new_nodes_vec.size() b4 : 5595

updated  updateGraphAttributesGeneratorNode .... 
Elapsed time: 76-77: total : 217 millisecs, iter cost : 16 mseconds

continuous_node_mapping.size() b5 : 565010, reverse_continuous_node_mapping size = 565010

Inside optimized buildOneNodeConnections...
Initial Free: 80220.6 MB / 81079.4 MB

[prepareGraph] num_vertices = 559415

[prepareGraph] edges = 2210641, offsets = 559416 (should be V+1 = 559416)

[prepareGraph] num_vertices = 559415

[prepareGraph] edges = 2210641, offsets = 559416 (should be V+1 = 559416)

Year 1996: 5595 new nodes, 108252 new edges

updateNodeInDegreeOutDegree(year=1996): updated 5595 out-degrees, 71527 in-degrees

Elapsed time: 79-81 : total : 1.787 secs, this iter cost : 0 seconds

Elapsed time: 79-80 : total : 1.301 secs, this iter cost : 0 seconds

Elapsed time: 80-81 : total : 0.478 secs, this iter cost : 0 seconds

Elapsed time: 70-81 : total : 82.812 secs, this iter cost : 6 seconds

 Entering loop for year = 1997
Elapsed time: 70-71: total : 7.312 secs, iter cost : 0 seconds

Elapsed time: 71-72: total : 10.646 secs, iter cost : 0 seconds

Elapsed time: 72-73: total : 211 millisecs, iter cost : 15 mseconds

num_new_nodes = 5651, current_graph_size = 565010, growth rate = 0.010000 
Elapsed time: 73-74: total : 0 millisecs, iter cost : 0 mseconds

Elapsed time: 74-75: total : 354 millisecs, iter cost : 26 mseconds

all new nodes initialized with years and mapped. FillSameYearSourceNodes with new_nodes_vec.size() = 5651
checking same_year_source_nodes size.
Elapsed time: 75-76: total : 0 millisecs, iter cost : 0 mseconds

new_nodes_vec.size() b4 : 5651

updated  updateGraphAttributesGeneratorNode .... 
Elapsed time: 76-77: total : 234 millisecs, iter cost : 17 mseconds

continuous_node_mapping.size() b5 : 570661, reverse_continuous_node_mapping size = 570661

Inside optimized buildOneNodeConnections...
Initial Free: 80170.6 MB / 81079.4 MB

[prepareGraph] num_vertices = 565010

[prepareGraph] edges = 2318893, offsets = 565011 (should be V+1 = 565011)

[prepareGraph] num_vertices = 565010

[prepareGraph] edges = 2318893, offsets = 565011 (should be V+1 = 565011)

Year 1997: 5651 new nodes, 109360 new edges

updateNodeInDegreeOutDegree(year=1997): updated 5651 out-degrees, 71581 in-degrees

Elapsed time: 79-81 : total : 1.919 secs, this iter cost : 0 seconds

Elapsed time: 79-80 : total : 1.396 secs, this iter cost : 0 seconds

Elapsed time: 80-81 : total : 0.514 secs, this iter cost : 0 seconds

Elapsed time: 70-81 : total : 89.48 secs, this iter cost : 6 seconds

 Entering loop for year = 1998
Elapsed time: 70-71: total : 7.839 secs, iter cost : 0 seconds

Elapsed time: 71-72: total : 11.404 secs, iter cost : 0 seconds

Elapsed time: 72-73: total : 226 millisecs, iter cost : 15 mseconds

num_new_nodes = 5707, current_graph_size = 570661, growth rate = 0.010000 
Elapsed time: 73-74: total : 0 millisecs, iter cost : 0 mseconds

Elapsed time: 74-75: total : 380 millisecs, iter cost : 26 mseconds

all new nodes initialized with years and mapped. FillSameYearSourceNodes with new_nodes_vec.size() = 5707
checking same_year_source_nodes size.
Elapsed time: 75-76: total : 0 millisecs, iter cost : 0 mseconds

new_nodes_vec.size() b4 : 5707

updated  updateGraphAttributesGeneratorNode .... 
Elapsed time: 76-77: total : 251 millisecs, iter cost : 17 mseconds

continuous_node_mapping.size() b5 : 576368, reverse_continuous_node_mapping size = 576368

Inside optimized buildOneNodeConnections...
Initial Free: 80158.6 MB / 81079.4 MB

[prepareGraph] num_vertices = 570661

[prepareGraph] edges = 2428253, offsets = 570662 (should be V+1 = 570662)

[prepareGraph] num_vertices = 570661

[prepareGraph] edges = 2428253, offsets = 570662 (should be V+1 = 570662)

Year 1998: 5707 new nodes, 110564 new edges

updateNodeInDegreeOutDegree(year=1998): updated 5707 out-degrees, 72293 in-degrees

Elapsed time: 79-81 : total : 2.048 secs, this iter cost : 0 seconds

Elapsed time: 79-80 : total : 1.488 secs, this iter cost : 0 seconds

Elapsed time: 80-81 : total : 0.55 secs, this iter cost : 0 seconds

Elapsed time: 70-81 : total : 96.462 secs, this iter cost : 6 seconds

 Entering loop for year = 1999
Elapsed time: 70-71: total : 8.365 secs, iter cost : 0 seconds

Elapsed time: 71-72: total : 12.157 secs, iter cost : 0 seconds

Elapsed time: 72-73: total : 241 millisecs, iter cost : 15 mseconds

num_new_nodes = 5764, current_graph_size = 576368, growth rate = 0.010000 
Elapsed time: 73-74: total : 0 millisecs, iter cost : 0 mseconds

Elapsed time: 74-75: total : 406 millisecs, iter cost : 26 mseconds

all new nodes initialized with years and mapped. FillSameYearSourceNodes with new_nodes_vec.size() = 5764
checking same_year_source_nodes size.
Elapsed time: 75-76: total : 0 millisecs, iter cost : 0 mseconds

new_nodes_vec.size() b4 : 5764

updated  updateGraphAttributesGeneratorNode .... 
Elapsed time: 76-77: total : 268 millisecs, iter cost : 17 mseconds

continuous_node_mapping.size() b5 : 582132, reverse_continuous_node_mapping size = 582132

Inside optimized buildOneNodeConnections...
Initial Free: 80146.6 MB / 81079.4 MB

[prepareGraph] num_vertices = 576368

[prepareGraph] edges = 2538817, offsets = 576369 (should be V+1 = 576369)

[prepareGraph] num_vertices = 576368

[prepareGraph] edges = 2538817, offsets = 576369 (should be V+1 = 576369)

Year 1999: 5764 new nodes, 111589 new edges

updateNodeInDegreeOutDegree(year=1999): updated 5764 out-degrees, 73131 in-degrees

Elapsed time: 79-81 : total : 2.207 secs, this iter cost : 0 seconds

Elapsed time: 79-80 : total : 1.609 secs, this iter cost : 0 seconds

Elapsed time: 80-81 : total : 0.587 secs, this iter cost : 0 seconds

Elapsed time: 70-81 : total : 103.428 secs, this iter cost : 6 seconds

 Entering loop for year = 2000
Elapsed time: 70-71: total : 8.899 secs, iter cost : 0 seconds

Elapsed time: 71-72: total : 12.943 secs, iter cost : 0 seconds

Elapsed time: 72-73: total : 258 millisecs, iter cost : 17 mseconds

num_new_nodes = 5822, current_graph_size = 582132, growth rate = 0.010000 
Elapsed time: 73-74: total : 0 millisecs, iter cost : 0 mseconds

Elapsed time: 74-75: total : 433 millisecs, iter cost : 27 mseconds

all new nodes initialized with years and mapped. FillSameYearSourceNodes with new_nodes_vec.size() = 5822
checking same_year_source_nodes size.
Elapsed time: 75-76: total : 0 millisecs, iter cost : 0 mseconds

new_nodes_vec.size() b4 : 5822

updated  updateGraphAttributesGeneratorNode .... 
Elapsed time: 76-77: total : 285 millisecs, iter cost : 17 mseconds

continuous_node_mapping.size() b5 : 587954, reverse_continuous_node_mapping size = 587954

Inside optimized buildOneNodeConnections...
Initial Free: 80134.6 MB / 81079.4 MB

[prepareGraph] num_vertices = 582132

[prepareGraph] edges = 2650406, offsets = 582133 (should be V+1 = 582133)

[prepareGraph] num_vertices = 582132

[prepareGraph] edges = 2650406, offsets = 582133 (should be V+1 = 582133)

Year 2000: 5822 new nodes, 112617 new edges

updateNodeInDegreeOutDegree(year=2000): updated 5822 out-degrees, 73118 in-degrees

Elapsed time: 79-81 : total : 2.35 secs, this iter cost : 0 seconds

Elapsed time: 79-80 : total : 1.714 secs, this iter cost : 0 seconds

Elapsed time: 80-81 : total : 0.624 secs, this iter cost : 0 seconds

Elapsed time: 70-81 : total : 110.831 secs, this iter cost : 7 seconds

 Entering loop for year = 2001
Elapsed time: 70-71: total : 9.445 secs, iter cost : 0 seconds

Elapsed time: 71-72: total : 13.735 secs, iter cost : 0 seconds

Elapsed time: 72-73: total : 273 millisecs, iter cost : 15 mseconds

num_new_nodes = 5880, current_graph_size = 587954, growth rate = 0.010000 
Elapsed time: 73-74: total : 0 millisecs, iter cost : 0 mseconds

Elapsed time: 74-75: total : 463 millisecs, iter cost : 30 mseconds

all new nodes initialized with years and mapped. FillSameYearSourceNodes with new_nodes_vec.size() = 5880
checking same_year_source_nodes size.
Elapsed time: 75-76: total : 0 millisecs, iter cost : 0 mseconds

new_nodes_vec.size() b4 : 5880

updated  updateGraphAttributesGeneratorNode .... 
Elapsed time: 76-77: total : 302 millisecs, iter cost : 17 mseconds

continuous_node_mapping.size() b5 : 593834, reverse_continuous_node_mapping size = 593834

Inside optimized buildOneNodeConnections...
Initial Free: 80122.6 MB / 81079.4 MB

[prepareGraph] num_vertices = 587954

[prepareGraph] edges = 2763023, offsets = 587955 (should be V+1 = 587955)

[prepareGraph] num_vertices = 587954

[prepareGraph] edges = 2763023, offsets = 587955 (should be V+1 = 587955)

Year 2001: 5880 new nodes, 113992 new edges

updateNodeInDegreeOutDegree(year=2001): updated 5880 out-degrees, 74877 in-degrees

Elapsed time: 79-81 : total : 2.485 secs, this iter cost : 0 seconds

Elapsed time: 79-80 : total : 1.811 secs, this iter cost : 0 seconds

Elapsed time: 80-81 : total : 0.662 secs, this iter cost : 0 seconds

Elapsed time: 70-81 : total : 117.742 secs, this iter cost : 6 seconds

 Entering loop for year = 2002
Elapsed time: 70-71: total : 10.005 secs, iter cost : 0 seconds

Elapsed time: 71-72: total : 14.51 secs, iter cost : 0 seconds

Elapsed time: 72-73: total : 289 millisecs, iter cost : 16 mseconds

num_new_nodes = 5939, current_graph_size = 593834, growth rate = 0.010000 
Elapsed time: 73-74: total : 0 millisecs, iter cost : 0 mseconds

Elapsed time: 74-75: total : 490 millisecs, iter cost : 27 mseconds

all new nodes initialized with years and mapped. FillSameYearSourceNodes with new_nodes_vec.size() = 5939
checking same_year_source_nodes size.
Elapsed time: 75-76: total : 0 millisecs, iter cost : 0 mseconds

new_nodes_vec.size() b4 : 5939

updated  updateGraphAttributesGeneratorNode .... 
Elapsed time: 76-77: total : 320 millisecs, iter cost : 18 mseconds

continuous_node_mapping.size() b5 : 599773, reverse_continuous_node_mapping size = 599773

Inside optimized buildOneNodeConnections...
Initial Free: 80110.6 MB / 81079.4 MB

[prepareGraph] num_vertices = 593834

[prepareGraph] edges = 2877015, offsets = 593835 (should be V+1 = 593835)

[prepareGraph] num_vertices = 593834

[prepareGraph] edges = 2877015, offsets = 593835 (should be V+1 = 593835)

Year 2002: 5939 new nodes, 114878 new edges

updateNodeInDegreeOutDegree(year=2002): updated 5939 out-degrees, 75578 in-degrees

Elapsed time: 79-81 : total : 2.62 secs, this iter cost : 0 seconds

Elapsed time: 79-80 : total : 1.907 secs, this iter cost : 0 seconds

Elapsed time: 80-81 : total : 0.7 secs, this iter cost : 0 seconds

Elapsed time: 70-81 : total : 125.595 secs, this iter cost : 7 seconds

 Entering loop for year = 2003
Elapsed time: 70-71: total : 10.552 secs, iter cost : 0 seconds

Elapsed time: 71-72: total : 15.315 secs, iter cost : 0 seconds

Elapsed time: 72-73: total : 305 millisecs, iter cost : 16 mseconds

num_new_nodes = 5998, current_graph_size = 599773, growth rate = 0.010000 
Elapsed time: 73-74: total : 0 millisecs, iter cost : 0 mseconds

Elapsed time: 74-75: total : 517 millisecs, iter cost : 27 mseconds

all new nodes initialized with years and mapped. FillSameYearSourceNodes with new_nodes_vec.size() = 5998
checking same_year_source_nodes size.
Elapsed time: 75-76: total : 0 millisecs, iter cost : 0 mseconds

new_nodes_vec.size() b4 : 5998

updated  updateGraphAttributesGeneratorNode .... 
Elapsed time: 76-77: total : 338 millisecs, iter cost : 18 mseconds

continuous_node_mapping.size() b5 : 605771, reverse_continuous_node_mapping size = 605771

Inside optimized buildOneNodeConnections...
Initial Free: 80096.6 MB / 81079.4 MB

[prepareGraph] num_vertices = 599773

[prepareGraph] edges = 2991893, offsets = 599774 (should be V+1 = 599774)

[prepareGraph] num_vertices = 599773

[prepareGraph] edges = 2991893, offsets = 599774 (should be V+1 = 599774)

Year 2003: 5998 new nodes, 116236 new edges

updateNodeInDegreeOutDegree(year=2003): updated 5998 out-degrees, 75552 in-degrees

Elapsed time: 79-81 : total : 2.761 secs, this iter cost : 0 seconds

Elapsed time: 79-80 : total : 2.009 secs, this iter cost : 0 seconds

Elapsed time: 80-81 : total : 0.738 secs, this iter cost : 0 seconds

Elapsed time: 70-81 : total : 133.301 secs, this iter cost : 7 seconds

 Entering loop for year = 2004
Elapsed time: 70-71: total : 11.122 secs, iter cost : 0 seconds

Elapsed time: 71-72: total : 16.109 secs, iter cost : 0 seconds

Elapsed time: 72-73: total : 322 millisecs, iter cost : 17 mseconds

num_new_nodes = 6058, current_graph_size = 605771, growth rate = 0.010000 
Elapsed time: 73-74: total : 0 millisecs, iter cost : 0 mseconds

Elapsed time: 74-75: total : 545 millisecs, iter cost : 28 mseconds

all new nodes initialized with years and mapped. FillSameYearSourceNodes with new_nodes_vec.size() = 6058
checking same_year_source_nodes size.
Elapsed time: 75-76: total : 0 millisecs, iter cost : 0 mseconds

new_nodes_vec.size() b4 : 6058

updated  updateGraphAttributesGeneratorNode .... 
Elapsed time: 76-77: total : 356 millisecs, iter cost : 18 mseconds

continuous_node_mapping.size() b5 : 611829, reverse_continuous_node_mapping size = 611829

Inside optimized buildOneNodeConnections...
Initial Free: 79978.6 MB / 81079.4 MB

[prepareGraph] num_vertices = 605771

[prepareGraph] edges = 3108129, offsets = 605772 (should be V+1 = 605772)

[prepareGraph] num_vertices = 605771

[prepareGraph] edges = 3108129, offsets = 605772 (should be V+1 = 605772)

Year 2004: 6058 new nodes, 117676 new edges

updateNodeInDegreeOutDegree(year=2004): updated 6058 out-degrees, 77062 in-degrees

Elapsed time: 79-81 : total : 2.9 secs, this iter cost : 0 seconds

Elapsed time: 79-80 : total : 2.109 secs, this iter cost : 0 seconds

Elapsed time: 80-81 : total : 0.777 secs, this iter cost : 0 seconds

Elapsed time: 70-81 : total : 141.42 secs, this iter cost : 8 seconds

 Entering loop for year = 2005
Elapsed time: 70-71: total : 11.7 secs, iter cost : 0 seconds

Elapsed time: 71-72: total : 16.908 secs, iter cost : 0 seconds

Elapsed time: 72-73: total : 338 millisecs, iter cost : 16 mseconds

num_new_nodes = 6119, current_graph_size = 611829, growth rate = 0.010000 
Elapsed time: 73-74: total : 0 millisecs, iter cost : 0 mseconds

Elapsed time: 74-75: total : 573 millisecs, iter cost : 28 mseconds

all new nodes initialized with years and mapped. FillSameYearSourceNodes with new_nodes_vec.size() = 6119
checking same_year_source_nodes size.
Elapsed time: 75-76: total : 0 millisecs, iter cost : 0 mseconds

new_nodes_vec.size() b4 : 6119

updated  updateGraphAttributesGeneratorNode .... 
Elapsed time: 76-77: total : 374 millisecs, iter cost : 18 mseconds

continuous_node_mapping.size() b5 : 617948, reverse_continuous_node_mapping size = 617948

Inside optimized buildOneNodeConnections...
Initial Free: 79964.6 MB / 81079.4 MB

[prepareGraph] num_vertices = 611829

[prepareGraph] edges = 3225805, offsets = 611830 (should be V+1 = 611830)

[prepareGraph] num_vertices = 611829

[prepareGraph] edges = 3225805, offsets = 611830 (should be V+1 = 611830)

Year 2005: 6119 new nodes, 119102 new edges

updateNodeInDegreeOutDegree(year=2005): updated 6119 out-degrees, 77627 in-degrees

Elapsed time: 79-81 : total : 3.049 secs, this iter cost : 0 seconds

Elapsed time: 79-80 : total : 2.219 secs, this iter cost : 0 seconds

Elapsed time: 80-81 : total : 0.816 secs, this iter cost : 0 seconds

Elapsed time: 70-81 : total : 149.319 secs, this iter cost : 7 seconds

 Entering loop for year = 2006
Elapsed time: 70-71: total : 12.272 secs, iter cost : 0 seconds

Elapsed time: 71-72: total : 17.718 secs, iter cost : 0 seconds

Elapsed time: 72-73: total : 354 millisecs, iter cost : 16 mseconds

num_new_nodes = 6180, current_graph_size = 617948, growth rate = 0.010000 
Elapsed time: 73-74: total : 0 millisecs, iter cost : 0 mseconds

Elapsed time: 74-75: total : 601 millisecs, iter cost : 28 mseconds

all new nodes initialized with years and mapped. FillSameYearSourceNodes with new_nodes_vec.size() = 6180
checking same_year_source_nodes size.
Elapsed time: 75-76: total : 0 millisecs, iter cost : 0 mseconds

new_nodes_vec.size() b4 : 6180

updated  updateGraphAttributesGeneratorNode .... 
Elapsed time: 76-77: total : 392 millisecs, iter cost : 18 mseconds

continuous_node_mapping.size() b5 : 624128, reverse_continuous_node_mapping size = 624128

Inside optimized buildOneNodeConnections...
Initial Free: 79950.6 MB / 81079.4 MB

[prepareGraph] num_vertices = 617948

[prepareGraph] edges = 3344907, offsets = 617949 (should be V+1 = 617949)

[prepareGraph] num_vertices = 617948

[prepareGraph] edges = 3344907, offsets = 617949 (should be V+1 = 617949)

Year 2006: 6180 new nodes, 120262 new edges

updateNodeInDegreeOutDegree(year=2006): updated 6180 out-degrees, 77310 in-degrees

Elapsed time: 79-81 : total : 3.189 secs, this iter cost : 0 seconds

Elapsed time: 79-80 : total : 2.319 secs, this iter cost : 0 seconds

Elapsed time: 80-81 : total : 0.855 secs, this iter cost : 0 seconds

Elapsed time: 70-81 : total : 157.464 secs, this iter cost : 8 seconds

 Entering loop for year = 2007
Elapsed time: 70-71: total : 12.839 secs, iter cost : 0 seconds

Elapsed time: 71-72: total : 18.532 secs, iter cost : 0 seconds

Elapsed time: 72-73: total : 371 millisecs, iter cost : 17 mseconds

num_new_nodes = 6242, current_graph_size = 624128, growth rate = 0.010000 
Elapsed time: 73-74: total : 0 millisecs, iter cost : 0 mseconds

Elapsed time: 74-75: total : 631 millisecs, iter cost : 30 mseconds

all new nodes initialized with years and mapped. FillSameYearSourceNodes with new_nodes_vec.size() = 6242
checking same_year_source_nodes size.
Elapsed time: 75-76: total : 0 millisecs, iter cost : 0 mseconds

new_nodes_vec.size() b4 : 6242

updated  updateGraphAttributesGeneratorNode .... 
Elapsed time: 76-77: total : 410 millisecs, iter cost : 18 mseconds

continuous_node_mapping.size() b5 : 630370, reverse_continuous_node_mapping size = 630370

Inside optimized buildOneNodeConnections...
Initial Free: 79936.6 MB / 81079.4 MB

[prepareGraph] num_vertices = 624128

[prepareGraph] edges = 3465169, offsets = 624129 (should be V+1 = 624129)

[prepareGraph] num_vertices = 624128

[prepareGraph] edges = 3465169, offsets = 624129 (should be V+1 = 624129)

Year 2007: 6242 new nodes, 121351 new edges

updateNodeInDegreeOutDegree(year=2007): updated 6242 out-degrees, 78745 in-degrees

Elapsed time: 79-81 : total : 3.333 secs, this iter cost : 0 seconds

Elapsed time: 79-80 : total : 2.423 secs, this iter cost : 0 seconds

Elapsed time: 80-81 : total : 0.895 secs, this iter cost : 0 seconds

Elapsed time: 70-81 : total : 165.488 secs, this iter cost : 8 seconds

 Entering loop for year = 2008
Elapsed time: 70-71: total : 13.413 secs, iter cost : 0 seconds

Elapsed time: 71-72: total : 19.365 secs, iter cost : 0 seconds

Elapsed time: 72-73: total : 388 millisecs, iter cost : 17 mseconds

num_new_nodes = 6304, current_graph_size = 630370, growth rate = 0.010000 
Elapsed time: 73-74: total : 0 millisecs, iter cost : 0 mseconds

Elapsed time: 74-75: total : 660 millisecs, iter cost : 29 mseconds

all new nodes initialized with years and mapped. FillSameYearSourceNodes with new_nodes_vec.size() = 6304
checking same_year_source_nodes size.
Elapsed time: 75-76: total : 0 millisecs, iter cost : 0 mseconds

new_nodes_vec.size() b4 : 6304

updated  updateGraphAttributesGeneratorNode .... 
Elapsed time: 76-77: total : 429 millisecs, iter cost : 19 mseconds

continuous_node_mapping.size() b5 : 636674, reverse_continuous_node_mapping size = 636674

Inside optimized buildOneNodeConnections...
Initial Free: 79872.6 MB / 81079.4 MB

[prepareGraph] num_vertices = 630370

[prepareGraph] edges = 3586520, offsets = 630371 (should be V+1 = 630371)

[prepareGraph] num_vertices = 630370

[prepareGraph] edges = 3586520, offsets = 630371 (should be V+1 = 630371)

Year 2008: 6304 new nodes, 122387 new edges

updateNodeInDegreeOutDegree(year=2008): updated 6304 out-degrees, 78369 in-degrees

Elapsed time: 79-81 : total : 3.474 secs, this iter cost : 0 seconds

Elapsed time: 79-80 : total : 2.523 secs, this iter cost : 0 seconds

Elapsed time: 80-81 : total : 0.935 secs, this iter cost : 0 seconds

Elapsed time: 70-81 : total : 173.634 secs, this iter cost : 8 seconds

 Entering loop for year = 2009
Elapsed time: 70-71: total : 13.994 secs, iter cost : 0 seconds

Elapsed time: 71-72: total : 20.217 secs, iter cost : 0 seconds

Elapsed time: 72-73: total : 405 millisecs, iter cost : 17 mseconds

num_new_nodes = 6367, current_graph_size = 636674, growth rate = 0.010000 
Elapsed time: 73-74: total : 0 millisecs, iter cost : 0 mseconds

Elapsed time: 74-75: total : 689 millisecs, iter cost : 29 mseconds

all new nodes initialized with years and mapped. FillSameYearSourceNodes with new_nodes_vec.size() = 6367
checking same_year_source_nodes size.
Elapsed time: 75-76: total : 0 millisecs, iter cost : 0 mseconds

new_nodes_vec.size() b4 : 6367

updated  updateGraphAttributesGeneratorNode .... 
Elapsed time: 76-77: total : 448 millisecs, iter cost : 19 mseconds

continuous_node_mapping.size() b5 : 643041, reverse_continuous_node_mapping size = 643041

Inside optimized buildOneNodeConnections...
Initial Free: 79860.6 MB / 81079.4 MB

[prepareGraph] num_vertices = 636674

[prepareGraph] edges = 3708907, offsets = 636675 (should be V+1 = 636675)

[prepareGraph] num_vertices = 636674

[prepareGraph] edges = 3708907, offsets = 636675 (should be V+1 = 636675)

Year 2009: 6367 new nodes, 123340 new edges

updateNodeInDegreeOutDegree(year=2009): updated 6367 out-degrees, 79414 in-degrees

Elapsed time: 79-81 : total : 3.617 secs, this iter cost : 0 seconds

Elapsed time: 79-80 : total : 2.625 secs, this iter cost : 0 seconds

Elapsed time: 80-81 : total : 0.976 secs, this iter cost : 0 seconds

Elapsed time: 70-81 : total : 182.034 secs, this iter cost : 8 seconds

 Entering loop for year = 2010
Elapsed time: 70-71: total : 14.578 secs, iter cost : 0 seconds

Elapsed time: 71-72: total : 21.065 secs, iter cost : 0 seconds

Elapsed time: 72-73: total : 422 millisecs, iter cost : 17 mseconds

num_new_nodes = 6431, current_graph_size = 643041, growth rate = 0.010000 
Elapsed time: 73-74: total : 0 millisecs, iter cost : 0 mseconds

Elapsed time: 74-75: total : 718 millisecs, iter cost : 29 mseconds

all new nodes initialized with years and mapped. FillSameYearSourceNodes with new_nodes_vec.size() = 6431
checking same_year_source_nodes size.
Elapsed time: 75-76: total : 0 millisecs, iter cost : 0 mseconds

new_nodes_vec.size() b4 : 6431

updated  updateGraphAttributesGeneratorNode .... 
Elapsed time: 76-77: total : 467 millisecs, iter cost : 19 mseconds

continuous_node_mapping.size() b5 : 649472, reverse_continuous_node_mapping size = 649472

Inside optimized buildOneNodeConnections...
Initial Free: 79846.6 MB / 81079.4 MB

[prepareGraph] num_vertices = 643041

[prepareGraph] edges = 3832247, offsets = 643042 (should be V+1 = 643042)

[prepareGraph] num_vertices = 643041

[prepareGraph] edges = 3832247, offsets = 643042 (should be V+1 = 643042)

Year 2010: 6431 new nodes, 124398 new edges

updateNodeInDegreeOutDegree(year=2010): updated 6431 out-degrees, 79654 in-degrees

Elapsed time: 79-81 : total : 3.764 secs, this iter cost : 0 seconds

Elapsed time: 79-80 : total : 2.728 secs, this iter cost : 0 seconds

Elapsed time: 80-81 : total : 1.019 secs, this iter cost : 0 seconds

Elapsed time: 70-81 : total : 190.481 secs, this iter cost : 8 seconds

 Entering loop for year = 2011
Elapsed time: 70-71: total : 15.171 secs, iter cost : 0 seconds

Elapsed time: 71-72: total : 21.92 secs, iter cost : 0 seconds

Elapsed time: 72-73: total : 439 millisecs, iter cost : 17 mseconds

num_new_nodes = 6495, current_graph_size = 649472, growth rate = 0.010000 
Elapsed time: 73-74: total : 0 millisecs, iter cost : 0 mseconds

Elapsed time: 74-75: total : 756 millisecs, iter cost : 38 mseconds

all new nodes initialized with years and mapped. FillSameYearSourceNodes with new_nodes_vec.size() = 6495
checking same_year_source_nodes size.
Elapsed time: 75-76: total : 0 millisecs, iter cost : 0 mseconds

new_nodes_vec.size() b4 : 6495

updated  updateGraphAttributesGeneratorNode .... 
Elapsed time: 76-77: total : 488 millisecs, iter cost : 21 mseconds

continuous_node_mapping.size() b5 : 655967, reverse_continuous_node_mapping size = 655967

Inside optimized buildOneNodeConnections...
Initial Free: 79834.6 MB / 81079.4 MB

[prepareGraph] num_vertices = 649472

[prepareGraph] edges = 3956645, offsets = 649473 (should be V+1 = 649473)

[prepareGraph] num_vertices = 649472

[prepareGraph] edges = 3956645, offsets = 649473 (should be V+1 = 649473)

Year 2011: 6495 new nodes, 126038 new edges

updateNodeInDegreeOutDegree(year=2011): updated 6495 out-degrees, 80943 in-degrees

Elapsed time: 79-81 : total : 3.91 secs, this iter cost : 0 seconds

Elapsed time: 79-80 : total : 2.832 secs, this iter cost : 0 seconds

Elapsed time: 80-81 : total : 1.06 secs, this iter cost : 0 seconds

Elapsed time: 70-81 : total : 199.651 secs, this iter cost : 9 seconds

 Entering loop for year = 2012
Elapsed time: 70-71: total : 15.766 secs, iter cost : 0 seconds

Elapsed time: 71-72: total : 22.791 secs, iter cost : 0 seconds

Elapsed time: 72-73: total : 457 millisecs, iter cost : 18 mseconds

num_new_nodes = 6560, current_graph_size = 655967, growth rate = 0.010000 
Elapsed time: 73-74: total : 0 millisecs, iter cost : 0 mseconds

Elapsed time: 74-75: total : 786 millisecs, iter cost : 30 mseconds

all new nodes initialized with years and mapped. FillSameYearSourceNodes with new_nodes_vec.size() = 6560
checking same_year_source_nodes size.
Elapsed time: 75-76: total : 0 millisecs, iter cost : 0 mseconds

new_nodes_vec.size() b4 : 6560

updated  updateGraphAttributesGeneratorNode .... 
Elapsed time: 76-77: total : 507 millisecs, iter cost : 19 mseconds

continuous_node_mapping.size() b5 : 662527, reverse_continuous_node_mapping size = 662527

Inside optimized buildOneNodeConnections...
Initial Free: 79734.6 MB / 81079.4 MB

[prepareGraph] num_vertices = 655967

[prepareGraph] edges = 4082683, offsets = 655968 (should be V+1 = 655968)

[prepareGraph] num_vertices = 655967

[prepareGraph] edges = 4082683, offsets = 655968 (should be V+1 = 655968)

Year 2012: 6560 new nodes, 127346 new edges

updateNodeInDegreeOutDegree(year=2012): updated 6560 out-degrees, 81833 in-degrees

Elapsed time: 79-81 : total : 4.059 secs, this iter cost : 0 seconds

Elapsed time: 79-80 : total : 2.939 secs, this iter cost : 0 seconds

Elapsed time: 80-81 : total : 1.102 secs, this iter cost : 0 seconds

Elapsed time: 70-81 : total : 208.387 secs, this iter cost : 8 seconds

Elapsed time: 7-8 :  208 seconds

compute done:: graph size = 662527
Elapsed time: 8-8.1 :  0 seconds

Writing Graph to file: ./output/gpu-opt-static-output-30y-1p.edgelist

Inside WriteGraph ...

Elapsed time: 8.1-9 :  5 seconds

Elapsed time: 9-10 :  0 seconds

 graph size = 662527
00000 graph size = 662527
Elapsed time: 0-1 : 6 seconds

Elapsed time: 1-4 : 0 seconds

Elapsed time: 4-7 : 0 seconds

Elapsed time: 70-71: total : 15.766 seconds.

Elapsed time: 71-72: total : 22.791 seconds.

Elapsed time: 72-73: total : 0.457 seconds.

Elapsed time: 73-74: total : 0 seconds.

Elapsed time: 74-75: total : 0.786 seconds.

Elapsed time: 75-76: total : 0 seconds.

Elapsed time: 76-77: total : 0.507 seconds.

Elapsed time: 77-79: total : 163.935 seconds.

Elapsed time: 79-81 : total : 4.059 seconds.

Elapsed time: 79-80 : total : 2.939 seconds.

Elapsed time: 80-81 : total : 1.102 seconds.

Elapsed time: 70-81 : total : 208.387 seconds.

Elapsed time: 7-8 : 208 seconds

Elapsed time: 8-8.1 :  0 seconds

Elapsed time: 8.1-9 :  5 seconds

Elapsed time: 9-10 : 0 seconds

Elapsed time: 11-12 : 1 seconds

Elapsed time: 10-12 : 6 seconds

Elapsed time: 0-7 : 7 seconds

Elapsed time: 7-8 : 208 seconds

Elapsed time: 8-12 : 11 seconds

E2E Time for num_cycles = 30 with growth_rate = 1 % = 232 seconds.

real	3m52.506s
user	3m47.726s
sys	0m3.822s
Running growth rate 3% for 30 years.
./output/gpu-opt-static-output-30y-3p.edgelist
./output/gpu-opt-static-output-30y-3p.aux

Start ABM....
parse_args....
edgelist....
num-cycles....
output-file....
log-file = ./output/gpu-opt-static-output-30y-3p.log....
num-processors = 1....
log-level = 0
Init ABM....
Exec ABM....
Start execute.Init Graph
Inside  Graph ParseNodelist.....
Populating the continuous_node mappings..
Elapsed time: ParseNodelist : 2407 millisecs = 2 seconds

Inside Graph ParseEdgelist.....
Elapsed time: ParseEdgelist : 3296 millisecs = 3 seconds

In updateNodeInDegreeOutDegree: Update Outdegree first:
In updateNodeInDegreeOutDegree: Update Indegree:
Total (initial):: In-Degree = 899050, Out-Degree = 899050
Elapsed time: 0-1 : 2 seconds
Elapsed time: 1-2 : 3 seconds
Elapsed time: 2-3 : 0 seconds

Initialized Graph. Let us update the indegree and out-degrees... 
Graph init done...
calling InitializeFitness...
final graph size is 1193102 from initial_graph_size of 491532.
 populated out degree array.
 Entering loop for year = 1983
Elapsed time: 70-71: total : 0.459 secs, iter cost : 0 seconds

Elapsed time: 71-72: total : 0.632 secs, iter cost : 0 seconds

Elapsed time: 72-73: total : 14 millisecs, iter cost : 14 mseconds

num_new_nodes = 14746, current_graph_size = 491532, growth rate = 0.030000 
Elapsed time: 73-74: total : 0 millisecs, iter cost : 0 mseconds

Elapsed time: 74-75: total : 46 millisecs, iter cost : 46 mseconds

all new nodes initialized with years and mapped. FillSameYearSourceNodes with new_nodes_vec.size() = 14746
checking same_year_source_nodes size.
Elapsed time: 75-76: total : 0 millisecs, iter cost : 0 mseconds

new_nodes_vec.size() b4 : 14746

updated  updateGraphAttributesGeneratorNode .... 
Elapsed time: 76-77: total : 43 millisecs, iter cost : 43 mseconds

continuous_node_mapping.size() b5 : 506278, reverse_continuous_node_mapping size = 506278

Inside optimized buildOneNodeConnections...
Initial Free: 80554.6 MB / 81079.4 MB

[prepareGraph] num_vertices = 491532

[prepareGraph] edges = 899050, offsets = 491533 (should be V+1 = 491533)

[prepareGraph] num_vertices = 491532

[prepareGraph] edges = 899050, offsets = 491533 (should be V+1 = 491533)

Year 1983: 14746 new nodes, 288936 new edges

updateNodeInDegreeOutDegree(year=1983): updated 14746 out-degrees, 181368 in-degrees

Elapsed time: 79-81 : total : 0.303 secs, this iter cost : 0 seconds

Elapsed time: 79-80 : total : 0.208 secs, this iter cost : 0 seconds

Elapsed time: 80-81 : total : 0.094 secs, this iter cost : 0 seconds

Elapsed time: 70-81 : total : 8.534 secs, this iter cost : 8 seconds

 Entering loop for year = 1984
Elapsed time: 70-71: total : 0.932 secs, iter cost : 0 seconds

Elapsed time: 71-72: total : 1.357 secs, iter cost : 0 seconds

Elapsed time: 72-73: total : 28 millisecs, iter cost : 14 mseconds

num_new_nodes = 15189, current_graph_size = 506278, growth rate = 0.030000 
Elapsed time: 73-74: total : 0 millisecs, iter cost : 0 mseconds

Elapsed time: 74-75: total : 113 millisecs, iter cost : 67 mseconds

all new nodes initialized with years and mapped. FillSameYearSourceNodes with new_nodes_vec.size() = 15189
checking same_year_source_nodes size.
Elapsed time: 75-76: total : 0 millisecs, iter cost : 0 mseconds

new_nodes_vec.size() b4 : 15189

updated  updateGraphAttributesGeneratorNode .... 
Elapsed time: 76-77: total : 88 millisecs, iter cost : 45 mseconds

continuous_node_mapping.size() b5 : 521467, reverse_continuous_node_mapping size = 521467

Inside optimized buildOneNodeConnections...
Initial Free: 80340.6 MB / 81079.4 MB

[prepareGraph] num_vertices = 506278

[prepareGraph] edges = 1187986, offsets = 506279 (should be V+1 = 506279)

[prepareGraph] num_vertices = 506278

[prepareGraph] edges = 1187986, offsets = 506279 (should be V+1 = 506279)

Year 1984: 15189 new nodes, 297066 new edges

updateNodeInDegreeOutDegree(year=1984): updated 15189 out-degrees, 182519 in-degrees

Elapsed time: 79-81 : total : 0.64 secs, this iter cost : 0 seconds

Elapsed time: 79-80 : total : 0.448 secs, this iter cost : 0 seconds

Elapsed time: 80-81 : total : 0.19 secs, this iter cost : 0 seconds

Elapsed time: 70-81 : total : 17.321 secs, this iter cost : 8 seconds

 Entering loop for year = 1985
Elapsed time: 70-71: total : 1.411 secs, iter cost : 0 seconds

Elapsed time: 71-72: total : 2.123 secs, iter cost : 0 seconds

Elapsed time: 72-73: total : 42 millisecs, iter cost : 14 mseconds

num_new_nodes = 15645, current_graph_size = 521467, growth rate = 0.030000 
Elapsed time: 73-74: total : 0 millisecs, iter cost : 0 mseconds

Elapsed time: 74-75: total : 185 millisecs, iter cost : 72 mseconds

all new nodes initialized with years and mapped. FillSameYearSourceNodes with new_nodes_vec.size() = 15645
checking same_year_source_nodes size.
Elapsed time: 75-76: total : 0 millisecs, iter cost : 0 mseconds

new_nodes_vec.size() b4 : 15645

updated  updateGraphAttributesGeneratorNode .... 
Elapsed time: 76-77: total : 134 millisecs, iter cost : 46 mseconds

continuous_node_mapping.size() b5 : 537112, reverse_continuous_node_mapping size = 537112

Inside optimized buildOneNodeConnections...
Initial Free: 80320.6 MB / 81079.4 MB

[prepareGraph] num_vertices = 521467

[prepareGraph] edges = 1485052, offsets = 521468 (should be V+1 = 521468)

[prepareGraph] num_vertices = 521467

[prepareGraph] edges = 1485052, offsets = 521468 (should be V+1 = 521468)

Year 1985: 15645 new nodes, 306774 new edges

updateNodeInDegreeOutDegree(year=1985): updated 15645 out-degrees, 182878 in-degrees

Elapsed time: 79-81 : total : 0.964 secs, this iter cost : 0 seconds

Elapsed time: 79-80 : total : 0.661 secs, this iter cost : 0 seconds

Elapsed time: 80-81 : total : 0.301 secs, this iter cost : 0 seconds

Elapsed time: 70-81 : total : 27.045 secs, this iter cost : 9 seconds

 Entering loop for year = 1986
Elapsed time: 70-71: total : 1.917 secs, iter cost : 0 seconds

Elapsed time: 71-72: total : 2.906 secs, iter cost : 0 seconds

Elapsed time: 72-73: total : 57 millisecs, iter cost : 15 mseconds

num_new_nodes = 16114, current_graph_size = 537112, growth rate = 0.030000 
Elapsed time: 73-74: total : 0 millisecs, iter cost : 0 mseconds

Elapsed time: 74-75: total : 258 millisecs, iter cost : 73 mseconds

all new nodes initialized with years and mapped. FillSameYearSourceNodes with new_nodes_vec.size() = 16114
checking same_year_source_nodes size.
Elapsed time: 75-76: total : 0 millisecs, iter cost : 0 mseconds

new_nodes_vec.size() b4 : 16114

updated  updateGraphAttributesGeneratorNode .... 
Elapsed time: 76-77: total : 182 millisecs, iter cost : 48 mseconds

continuous_node_mapping.size() b5 : 553226, reverse_continuous_node_mapping size = 553226

Inside optimized buildOneNodeConnections...
Initial Free: 80300.6 MB / 81079.4 MB

[prepareGraph] num_vertices = 537112

[prepareGraph] edges = 1791826, offsets = 537113 (should be V+1 = 537113)

[prepareGraph] num_vertices = 537112

[prepareGraph] edges = 1791826, offsets = 537113 (should be V+1 = 537113)

Year 1986: 16114 new nodes, 315923 new edges

updateNodeInDegreeOutDegree(year=1986): updated 16114 out-degrees, 184744 in-degrees

Elapsed time: 79-81 : total : 1.285 secs, this iter cost : 0 seconds

Elapsed time: 79-80 : total : 0.879 secs, this iter cost : 0 seconds

Elapsed time: 80-81 : total : 0.403 secs, this iter cost : 0 seconds

Elapsed time: 70-81 : total : 37.099 secs, this iter cost : 10 seconds

 Entering loop for year = 1987
Elapsed time: 70-71: total : 2.442 secs, iter cost : 0 seconds

Elapsed time: 71-72: total : 3.714 secs, iter cost : 0 seconds

Elapsed time: 72-73: total : 72 millisecs, iter cost : 15 mseconds

num_new_nodes = 16597, current_graph_size = 553226, growth rate = 0.030000 
Elapsed time: 73-74: total : 0 millisecs, iter cost : 0 mseconds

Elapsed time: 74-75: total : 334 millisecs, iter cost : 76 mseconds

all new nodes initialized with years and mapped. FillSameYearSourceNodes with new_nodes_vec.size() = 16597
checking same_year_source_nodes size.
Elapsed time: 75-76: total : 0 millisecs, iter cost : 0 mseconds

new_nodes_vec.size() b4 : 16597

updated  updateGraphAttributesGeneratorNode .... 
Elapsed time: 76-77: total : 231 millisecs, iter cost : 49 mseconds

continuous_node_mapping.size() b5 : 569823, reverse_continuous_node_mapping size = 569823

Inside optimized buildOneNodeConnections...
Initial Free: 80278.6 MB / 81079.4 MB

[prepareGraph] num_vertices = 553226

[prepareGraph] edges = 2107749, offsets = 553227 (should be V+1 = 553227)

[prepareGraph] num_vertices = 553226

[prepareGraph] edges = 2107749, offsets = 553227 (should be V+1 = 553227)

Year 1987: 16597 new nodes, 324495 new edges

updateNodeInDegreeOutDegree(year=1987): updated 16597 out-degrees, 184839 in-degrees

Elapsed time: 79-81 : total : 1.623 secs, this iter cost : 0 seconds

Elapsed time: 79-80 : total : 1.102 secs, this iter cost : 0 seconds

Elapsed time: 80-81 : total : 0.518 secs, this iter cost : 0 seconds

Elapsed time: 70-81 : total : 47.569 secs, this iter cost : 10 seconds

 Entering loop for year = 1988
Elapsed time: 70-71: total : 2.974 secs, iter cost : 0 seconds

Elapsed time: 71-72: total : 4.542 secs, iter cost : 0 seconds

Elapsed time: 72-73: total : 87 millisecs, iter cost : 15 mseconds

num_new_nodes = 17095, current_graph_size = 569823, growth rate = 0.030000 
Elapsed time: 73-74: total : 0 millisecs, iter cost : 0 mseconds

Elapsed time: 74-75: total : 412 millisecs, iter cost : 78 mseconds

all new nodes initialized with years and mapped. FillSameYearSourceNodes with new_nodes_vec.size() = 17095
checking same_year_source_nodes size.
Elapsed time: 75-76: total : 0 millisecs, iter cost : 0 mseconds

new_nodes_vec.size() b4 : 17095

updated  updateGraphAttributesGeneratorNode .... 
Elapsed time: 76-77: total : 282 millisecs, iter cost : 51 mseconds

continuous_node_mapping.size() b5 : 586918, reverse_continuous_node_mapping size = 586918

Inside optimized buildOneNodeConnections...
Initial Free: 80256.6 MB / 81079.4 MB

[prepareGraph] num_vertices = 569823

[prepareGraph] edges = 2432244, offsets = 569824 (should be V+1 = 569824)

[prepareGraph] num_vertices = 569823

[prepareGraph] edges = 2432244, offsets = 569824 (should be V+1 = 569824)

Year 1988: 17095 new nodes, 334501 new edges

updateNodeInDegreeOutDegree(year=1988): updated 17095 out-degrees, 187020 in-degrees

Elapsed time: 79-81 : total : 1.959 secs, this iter cost : 0 seconds

Elapsed time: 79-80 : total : 1.328 secs, this iter cost : 0 seconds

Elapsed time: 80-81 : total : 0.627 secs, this iter cost : 0 seconds

Elapsed time: 70-81 : total : 58.436 secs, this iter cost : 10 seconds

 Entering loop for year = 1989
Elapsed time: 70-71: total : 3.512 secs, iter cost : 0 seconds

Elapsed time: 71-72: total : 5.365 secs, iter cost : 0 seconds

Elapsed time: 72-73: total : 103 millisecs, iter cost : 16 mseconds

num_new_nodes = 17608, current_graph_size = 586918, growth rate = 0.030000 
Elapsed time: 73-74: total : 0 millisecs, iter cost : 0 mseconds

Elapsed time: 74-75: total : 478 millisecs, iter cost : 66 mseconds

all new nodes initialized with years and mapped. FillSameYearSourceNodes with new_nodes_vec.size() = 17608
checking same_year_source_nodes size.
Elapsed time: 75-76: total : 0 millisecs, iter cost : 0 mseconds

new_nodes_vec.size() b4 : 17608

updated  updateGraphAttributesGeneratorNode .... 
Elapsed time: 76-77: total : 334 millisecs, iter cost : 52 mseconds

continuous_node_mapping.size() b5 : 604526, reverse_continuous_node_mapping size = 604526

Inside optimized buildOneNodeConnections...
Initial Free: 80234.6 MB / 81079.4 MB

[prepareGraph] num_vertices = 586918

[prepareGraph] edges = 2766745, offsets = 586919 (should be V+1 = 586919)

[prepareGraph] num_vertices = 586918

[prepareGraph] edges = 2766745, offsets = 586919 (should be V+1 = 586919)

Year 1989: 17608 new nodes, 343518 new edges

updateNodeInDegreeOutDegree(year=1989): updated 17608 out-degrees, 189115 in-degrees

Elapsed time: 79-81 : total : 2.302 secs, this iter cost : 0 seconds

Elapsed time: 79-80 : total : 1.558 secs, this iter cost : 0 seconds

Elapsed time: 80-81 : total : 0.739 secs, this iter cost : 0 seconds

Elapsed time: 70-81 : total : 69.971 secs, this iter cost : 11 seconds

 Entering loop for year = 1990
Elapsed time: 70-71: total : 4.065 secs, iter cost : 0 seconds

Elapsed time: 71-72: total : 6.171 secs, iter cost : 0 seconds

Elapsed time: 72-73: total : 119 millisecs, iter cost : 16 mseconds

num_new_nodes = 18136, current_graph_size = 604526, growth rate = 0.030000 
Elapsed time: 73-74: total : 0 millisecs, iter cost : 0 mseconds

Elapsed time: 74-75: total : 562 millisecs, iter cost : 84 mseconds

all new nodes initialized with years and mapped. FillSameYearSourceNodes with new_nodes_vec.size() = 18136
checking same_year_source_nodes size.
Elapsed time: 75-76: total : 0 millisecs, iter cost : 0 mseconds

new_nodes_vec.size() b4 : 18136

updated  updateGraphAttributesGeneratorNode .... 
Elapsed time: 76-77: total : 387 millisecs, iter cost : 53 mseconds

continuous_node_mapping.size() b5 : 622662, reverse_continuous_node_mapping size = 622662

Inside optimized buildOneNodeConnections...
Initial Free: 80212.6 MB / 81079.4 MB

[prepareGraph] num_vertices = 604526

[prepareGraph] edges = 3110263, offsets = 604527 (should be V+1 = 604527)

[prepareGraph] num_vertices = 604526

[prepareGraph] edges = 3110263, offsets = 604527 (should be V+1 = 604527)

Year 1990: 18136 new nodes, 353842 new edges

updateNodeInDegreeOutDegree(year=1990): updated 18136 out-degrees, 191582 in-degrees

Elapsed time: 79-81 : total : 2.65 secs, this iter cost : 0 seconds

Elapsed time: 79-80 : total : 1.791 secs, this iter cost : 0 seconds

Elapsed time: 80-81 : total : 0.854 secs, this iter cost : 0 seconds

Elapsed time: 70-81 : total : 81.938 secs, this iter cost : 11 seconds

 Entering loop for year = 1991
Elapsed time: 70-71: total : 4.636 secs, iter cost : 0 seconds

Elapsed time: 71-72: total : 6.997 secs, iter cost : 0 seconds

Elapsed time: 72-73: total : 136 millisecs, iter cost : 17 mseconds

num_new_nodes = 18680, current_graph_size = 622662, growth rate = 0.030000 
Elapsed time: 73-74: total : 0 millisecs, iter cost : 0 mseconds

Elapsed time: 74-75: total : 647 millisecs, iter cost : 85 mseconds

all new nodes initialized with years and mapped. FillSameYearSourceNodes with new_nodes_vec.size() = 18680
checking same_year_source_nodes size.
Elapsed time: 75-76: total : 0 millisecs, iter cost : 0 mseconds

new_nodes_vec.size() b4 : 18680

updated  updateGraphAttributesGeneratorNode .... 
Elapsed time: 76-77: total : 442 millisecs, iter cost : 55 mseconds

continuous_node_mapping.size() b5 : 641342, reverse_continuous_node_mapping size = 641342

Inside optimized buildOneNodeConnections...
Initial Free: 80188.6 MB / 81079.4 MB

[prepareGraph] num_vertices = 622662

[prepareGraph] edges = 3464105, offsets = 622663 (should be V+1 = 622663)

[prepareGraph] num_vertices = 622662

[prepareGraph] edges = 3464105, offsets = 622663 (should be V+1 = 622663)

Year 1991: 18680 new nodes, 364472 new edges

updateNodeInDegreeOutDegree(year=1991): updated 18680 out-degrees, 194754 in-degrees

Elapsed time: 79-81 : total : 3.006 secs, this iter cost : 0 seconds

Elapsed time: 79-80 : total : 2.028 secs, this iter cost : 0 seconds

Elapsed time: 80-81 : total : 0.972 secs, this iter cost : 0 seconds

Elapsed time: 70-81 : total : 94.652 secs, this iter cost : 12 seconds

 Entering loop for year = 1992
Elapsed time: 70-71: total : 5.224 secs, iter cost : 0 seconds

Elapsed time: 71-72: total : 7.868 secs, iter cost : 0 seconds

Elapsed time: 72-73: total : 153 millisecs, iter cost : 17 mseconds

num_new_nodes = 19241, current_graph_size = 641342, growth rate = 0.030000 
Elapsed time: 73-74: total : 0 millisecs, iter cost : 0 mseconds

Elapsed time: 74-75: total : 734 millisecs, iter cost : 87 mseconds

all new nodes initialized with years and mapped. FillSameYearSourceNodes with new_nodes_vec.size() = 19241
checking same_year_source_nodes size.
Elapsed time: 75-76: total : 0 millisecs, iter cost : 0 mseconds

new_nodes_vec.size() b4 : 19241

updated  updateGraphAttributesGeneratorNode .... 
Elapsed time: 76-77: total : 499 millisecs, iter cost : 57 mseconds

continuous_node_mapping.size() b5 : 660583, reverse_continuous_node_mapping size = 660583

Inside optimized buildOneNodeConnections...
Initial Free: 79830.6 MB / 81079.4 MB

[prepareGraph] num_vertices = 641342

[prepareGraph] edges = 3828577, offsets = 641343 (should be V+1 = 641343)

[prepareGraph] num_vertices = 641342

[prepareGraph] edges = 3828577, offsets = 641343 (should be V+1 = 641343)

Year 1992: 19241 new nodes, 375429 new edges

updateNodeInDegreeOutDegree(year=1992): updated 19241 out-degrees, 198836 in-degrees

Elapsed time: 79-81 : total : 3.371 secs, this iter cost : 0 seconds

Elapsed time: 79-80 : total : 2.27 secs, this iter cost : 0 seconds

Elapsed time: 80-81 : total : 1.094 secs, this iter cost : 0 seconds

Elapsed time: 70-81 : total : 107.548 secs, this iter cost : 12 seconds

 Entering loop for year = 1993
Elapsed time: 70-71: total : 5.834 secs, iter cost : 0 seconds

Elapsed time: 71-72: total : 8.748 secs, iter cost : 0 seconds

Elapsed time: 72-73: total : 171 millisecs, iter cost : 18 mseconds

num_new_nodes = 19818, current_graph_size = 660583, growth rate = 0.030000 
Elapsed time: 73-74: total : 0 millisecs, iter cost : 0 mseconds

Elapsed time: 74-75: total : 824 millisecs, iter cost : 90 mseconds

all new nodes initialized with years and mapped. FillSameYearSourceNodes with new_nodes_vec.size() = 19818
checking same_year_source_nodes size.
Elapsed time: 75-76: total : 0 millisecs, iter cost : 0 mseconds

new_nodes_vec.size() b4 : 19818

updated  updateGraphAttributesGeneratorNode .... 
Elapsed time: 76-77: total : 558 millisecs, iter cost : 59 mseconds

continuous_node_mapping.size() b5 : 680401, reverse_continuous_node_mapping size = 680401

Inside optimized buildOneNodeConnections...
Initial Free: 79804.6 MB / 81079.4 MB

[prepareGraph] num_vertices = 660583

[prepareGraph] edges = 4204006, offsets = 660584 (should be V+1 = 660584)

[prepareGraph] num_vertices = 660583

[prepareGraph] edges = 4204006, offsets = 660584 (should be V+1 = 660584)

Year 1993: 19818 new nodes, 386024 new edges

updateNodeInDegreeOutDegree(year=1993): updated 19818 out-degrees, 202417 in-degrees

Elapsed time: 79-81 : total : 3.746 secs, this iter cost : 0 seconds

Elapsed time: 79-80 : total : 2.519 secs, this iter cost : 0 seconds

Elapsed time: 80-81 : total : 1.22 secs, this iter cost : 0 seconds

Elapsed time: 70-81 : total : 121.341 secs, this iter cost : 13 seconds

 Entering loop for year = 1994
Elapsed time: 70-71: total : 6.471 secs, iter cost : 0 seconds

Elapsed time: 71-72: total : 9.648 secs, iter cost : 0 seconds

Elapsed time: 72-73: total : 189 millisecs, iter cost : 18 mseconds

num_new_nodes = 20413, current_graph_size = 680401, growth rate = 0.030000 
Elapsed time: 73-74: total : 0 millisecs, iter cost : 0 mseconds

Elapsed time: 74-75: total : 917 millisecs, iter cost : 93 mseconds

all new nodes initialized with years and mapped. FillSameYearSourceNodes with new_nodes_vec.size() = 20413
checking same_year_source_nodes size.
Elapsed time: 75-76: total : 0 millisecs, iter cost : 0 mseconds

new_nodes_vec.size() b4 : 20413

updated  updateGraphAttributesGeneratorNode .... 
Elapsed time: 76-77: total : 618 millisecs, iter cost : 60 mseconds

continuous_node_mapping.size() b5 : 700814, reverse_continuous_node_mapping size = 700814

Inside optimized buildOneNodeConnections...
Initial Free: 79778.6 MB / 81079.4 MB

[prepareGraph] num_vertices = 680401

[prepareGraph] edges = 4590030, offsets = 680402 (should be V+1 = 680402)

[prepareGraph] num_vertices = 680401

[prepareGraph] edges = 4590030, offsets = 680402 (should be V+1 = 680402)

Year 1994: 20413 new nodes, 397412 new edges

updateNodeInDegreeOutDegree(year=1994): updated 20413 out-degrees, 206549 in-degrees

Elapsed time: 79-81 : total : 4.14 secs, this iter cost : 0 seconds

Elapsed time: 79-80 : total : 2.783 secs, this iter cost : 0 seconds

Elapsed time: 80-81 : total : 1.35 secs, this iter cost : 0 seconds

Elapsed time: 70-81 : total : 136.038 secs, this iter cost : 14 seconds

 Entering loop for year = 1995
Elapsed time: 70-71: total : 7.117 secs, iter cost : 0 seconds

Elapsed time: 71-72: total : 10.583 secs, iter cost : 0 seconds

Elapsed time: 72-73: total : 208 millisecs, iter cost : 19 mseconds

num_new_nodes = 21025, current_graph_size = 700814, growth rate = 0.030000 
Elapsed time: 73-74: total : 0 millisecs, iter cost : 0 mseconds

Elapsed time: 74-75: total : 1013 millisecs, iter cost : 96 mseconds

all new nodes initialized with years and mapped. FillSameYearSourceNodes with new_nodes_vec.size() = 21025
checking same_year_source_nodes size.
Elapsed time: 75-76: total : 0 millisecs, iter cost : 0 mseconds

new_nodes_vec.size() b4 : 21025

updated  updateGraphAttributesGeneratorNode .... 
Elapsed time: 76-77: total : 680 millisecs, iter cost : 62 mseconds

continuous_node_mapping.size() b5 : 721839, reverse_continuous_node_mapping size = 721839

Inside optimized buildOneNodeConnections...
Initial Free: 79750.6 MB / 81079.4 MB

[prepareGraph] num_vertices = 700814

[prepareGraph] edges = 4987442, offsets = 700815 (should be V+1 = 700815)

[prepareGraph] num_vertices = 700814

[prepareGraph] edges = 4987442, offsets = 700815 (should be V+1 = 700815)

Year 1995: 21025 new nodes, 408371 new edges

updateNodeInDegreeOutDegree(year=1995): updated 21025 out-degrees, 210086 in-degrees

Elapsed time: 79-81 : total : 4.552 secs, this iter cost : 0 seconds

Elapsed time: 79-80 : total : 3.05 secs, this iter cost : 0 seconds

Elapsed time: 80-81 : total : 1.494 secs, this iter cost : 0 seconds

Elapsed time: 70-81 : total : 151.419 secs, this iter cost : 15 seconds

 Entering loop for year = 1996
Elapsed time: 70-71: total : 7.771 secs, iter cost : 0 seconds

Elapsed time: 71-72: total : 11.543 secs, iter cost : 0 seconds

Elapsed time: 72-73: total : 227 millisecs, iter cost : 19 mseconds

num_new_nodes = 21656, current_graph_size = 721839, growth rate = 0.030000 
Elapsed time: 73-74: total : 0 millisecs, iter cost : 0 mseconds

Elapsed time: 74-75: total : 1111 millisecs, iter cost : 98 mseconds

all new nodes initialized with years and mapped. FillSameYearSourceNodes with new_nodes_vec.size() = 21656
checking same_year_source_nodes size.
Elapsed time: 75-76: total : 0 millisecs, iter cost : 0 mseconds

new_nodes_vec.size() b4 : 21656

updated  updateGraphAttributesGeneratorNode .... 
Elapsed time: 76-77: total : 744 millisecs, iter cost : 64 mseconds

continuous_node_mapping.size() b5 : 743495, reverse_continuous_node_mapping size = 743495

Inside optimized buildOneNodeConnections...
Initial Free: 79142.6 MB / 81079.4 MB

[prepareGraph] num_vertices = 721839

[prepareGraph] edges = 5395813, offsets = 721840 (should be V+1 = 721840)

[prepareGraph] num_vertices = 721839

[prepareGraph] edges = 5395813, offsets = 721840 (should be V+1 = 721840)

Year 1996: 21656 new nodes, 420379 new edges

updateNodeInDegreeOutDegree(year=1996): updated 21656 out-degrees, 215277 in-degrees

Elapsed time: 79-81 : total : 4.963 secs, this iter cost : 0 seconds

Elapsed time: 79-80 : total : 3.323 secs, this iter cost : 0 seconds

Elapsed time: 80-81 : total : 1.631 secs, this iter cost : 0 seconds

Elapsed time: 70-81 : total : 167.352 secs, this iter cost : 15 seconds

 Entering loop for year = 1997
Elapsed time: 70-71: total : 8.444 secs, iter cost : 0 seconds

Elapsed time: 71-72: total : 12.539 secs, iter cost : 0 seconds

Elapsed time: 72-73: total : 247 millisecs, iter cost : 20 mseconds

num_new_nodes = 22305, current_graph_size = 743495, growth rate = 0.030000 
Elapsed time: 73-74: total : 0 millisecs, iter cost : 0 mseconds

Elapsed time: 74-75: total : 1212 millisecs, iter cost : 101 mseconds

all new nodes initialized with years and mapped. FillSameYearSourceNodes with new_nodes_vec.size() = 22305
checking same_year_source_nodes size.
Elapsed time: 75-76: total : 0 millisecs, iter cost : 0 mseconds

new_nodes_vec.size() b4 : 22305

updated  updateGraphAttributesGeneratorNode .... 
Elapsed time: 76-77: total : 810 millisecs, iter cost : 66 mseconds

continuous_node_mapping.size() b5 : 765800, reverse_continuous_node_mapping size = 765800

Inside optimized buildOneNodeConnections...
Initial Free: 79112.6 MB / 81079.4 MB

[prepareGraph] num_vertices = 743495

[prepareGraph] edges = 5816192, offsets = 743496 (should be V+1 = 743496)

[prepareGraph] num_vertices = 743495

[prepareGraph] edges = 5816192, offsets = 743496 (should be V+1 = 743496)

Year 1997: 22305 new nodes, 432620 new edges

updateNodeInDegreeOutDegree(year=1997): updated 22305 out-degrees, 220163 in-degrees

Elapsed time: 79-81 : total : 5.378 secs, this iter cost : 0 seconds

Elapsed time: 79-80 : total : 3.596 secs, this iter cost : 0 seconds

Elapsed time: 80-81 : total : 1.773 secs, this iter cost : 0 seconds

Elapsed time: 70-81 : total : 184.255 secs, this iter cost : 16 seconds

 Entering loop for year = 1998
Elapsed time: 70-71: total : 9.139 secs, iter cost : 0 seconds

Elapsed time: 71-72: total : 13.567 secs, iter cost : 1 seconds

Elapsed time: 72-73: total : 268 millisecs, iter cost : 21 mseconds

num_new_nodes = 22974, current_graph_size = 765800, growth rate = 0.030000 
Elapsed time: 73-74: total : 0 millisecs, iter cost : 0 mseconds

Elapsed time: 74-75: total : 1316 millisecs, iter cost : 104 mseconds

all new nodes initialized with years and mapped. FillSameYearSourceNodes with new_nodes_vec.size() = 22974
checking same_year_source_nodes size.
Elapsed time: 75-76: total : 0 millisecs, iter cost : 0 mseconds

new_nodes_vec.size() b4 : 22974

updated  updateGraphAttributesGeneratorNode .... 
Elapsed time: 76-77: total : 878 millisecs, iter cost : 68 mseconds

continuous_node_mapping.size() b5 : 788774, reverse_continuous_node_mapping size = 788774

Inside optimized buildOneNodeConnections...
Initial Free: 79100.6 MB / 81079.4 MB

[prepareGraph] num_vertices = 765800

[prepareGraph] edges = 6248812, offsets = 765801 (should be V+1 = 765801)

[prepareGraph] num_vertices = 765800

[prepareGraph] edges = 6248812, offsets = 765801 (should be V+1 = 765801)

Year 1998: 22974 new nodes, 445701 new edges

updateNodeInDegreeOutDegree(year=1998): updated 22974 out-degrees, 226991 in-degrees

Elapsed time: 79-81 : total : 5.807 secs, this iter cost : 0 seconds

Elapsed time: 79-80 : total : 3.878 secs, this iter cost : 0 seconds

Elapsed time: 80-81 : total : 1.919 secs, this iter cost : 0 seconds

Elapsed time: 70-81 : total : 201.298 secs, this iter cost : 17 seconds

 Entering loop for year = 1999
Elapsed time: 70-71: total : 9.864 secs, iter cost : 0 seconds

Elapsed time: 71-72: total : 14.613 secs, iter cost : 1 seconds

Elapsed time: 72-73: total : 289 millisecs, iter cost : 21 mseconds

num_new_nodes = 23664, current_graph_size = 788774, growth rate = 0.030000 
Elapsed time: 73-74: total : 0 millisecs, iter cost : 0 mseconds

Elapsed time: 74-75: total : 1425 millisecs, iter cost : 109 mseconds

all new nodes initialized with years and mapped. FillSameYearSourceNodes with new_nodes_vec.size() = 23664
checking same_year_source_nodes size.
Elapsed time: 75-76: total : 0 millisecs, iter cost : 0 mseconds

new_nodes_vec.size() b4 : 23664

updated  updateGraphAttributesGeneratorNode .... 
Elapsed time: 76-77: total : 949 millisecs, iter cost : 71 mseconds

continuous_node_mapping.size() b5 : 812438, reverse_continuous_node_mapping size = 812438

Inside optimized buildOneNodeConnections...
Initial Free: 78544.6 MB / 81079.4 MB

[prepareGraph] num_vertices = 788774

[prepareGraph] edges = 6694513, offsets = 788775 (should be V+1 = 788775)

[prepareGraph] num_vertices = 788774

[prepareGraph] edges = 6694513, offsets = 788775 (should be V+1 = 788775)

Year 1999: 23664 new nodes, 460555 new edges

updateNodeInDegreeOutDegree(year=1999): updated 23664 out-degrees, 231925 in-degrees

Elapsed time: 79-81 : total : 6.255 secs, this iter cost : 0 seconds

Elapsed time: 79-80 : total : 4.175 secs, this iter cost : 0 seconds

Elapsed time: 80-81 : total : 2.07 secs, this iter cost : 0 seconds

Elapsed time: 70-81 : total : 219.568 secs, this iter cost : 18 seconds

 Entering loop for year = 2000
Elapsed time: 70-71: total : 10.602 secs, iter cost : 0 seconds

Elapsed time: 71-72: total : 15.705 secs, iter cost : 1 seconds

Elapsed time: 72-73: total : 311 millisecs, iter cost : 22 mseconds

num_new_nodes = 24374, current_graph_size = 812438, growth rate = 0.030000 
Elapsed time: 73-74: total : 0 millisecs, iter cost : 0 mseconds

Elapsed time: 74-75: total : 1537 millisecs, iter cost : 112 mseconds

all new nodes initialized with years and mapped. FillSameYearSourceNodes with new_nodes_vec.size() = 24374
checking same_year_source_nodes size.
Elapsed time: 75-76: total : 0 millisecs, iter cost : 0 mseconds

new_nodes_vec.size() b4 : 24374

updated  updateGraphAttributesGeneratorNode .... 
Elapsed time: 76-77: total : 1022 millisecs, iter cost : 73 mseconds

continuous_node_mapping.size() b5 : 836812, reverse_continuous_node_mapping size = 836812

Inside optimized buildOneNodeConnections...
Initial Free: 78510.6 MB / 81079.4 MB

[prepareGraph] num_vertices = 812438

[prepareGraph] edges = 7155068, offsets = 812439 (should be V+1 = 812439)

[prepareGraph] num_vertices = 812438

[prepareGraph] edges = 7155068, offsets = 812439 (should be V+1 = 812439)

Year 2000: 24374 new nodes, 475287 new edges

updateNodeInDegreeOutDegree(year=2000): updated 24374 out-degrees, 239009 in-degrees

Elapsed time: 79-81 : total : 6.728 secs, this iter cost : 0 seconds

Elapsed time: 79-80 : total : 4.481 secs, this iter cost : 0 seconds

Elapsed time: 80-81 : total : 2.236 secs, this iter cost : 0 seconds

Elapsed time: 70-81 : total : 238.597 secs, this iter cost : 19 seconds

 Entering loop for year = 2001
Elapsed time: 70-71: total : 11.364 secs, iter cost : 0 seconds

Elapsed time: 71-72: total : 16.827 secs, iter cost : 1 seconds

Elapsed time: 72-73: total : 333 millisecs, iter cost : 22 mseconds

num_new_nodes = 25105, current_graph_size = 836812, growth rate = 0.030000 
Elapsed time: 73-74: total : 0 millisecs, iter cost : 0 mseconds

Elapsed time: 74-75: total : 1653 millisecs, iter cost : 116 mseconds

all new nodes initialized with years and mapped. FillSameYearSourceNodes with new_nodes_vec.size() = 25105
checking same_year_source_nodes size.
Elapsed time: 75-76: total : 0 millisecs, iter cost : 0 mseconds

new_nodes_vec.size() b4 : 25105

updated  updateGraphAttributesGeneratorNode .... 
Elapsed time: 76-77: total : 1097 millisecs, iter cost : 75 mseconds

continuous_node_mapping.size() b5 : 861917, reverse_continuous_node_mapping size = 861917

Inside optimized buildOneNodeConnections...
Initial Free: 77678.6 MB / 81079.4 MB

[prepareGraph] num_vertices = 836812

[prepareGraph] edges = 7630355, offsets = 836813 (should be V+1 = 836813)

[prepareGraph] num_vertices = 836812

[prepareGraph] edges = 7630355, offsets = 836813 (should be V+1 = 836813)

Year 2001: 25105 new nodes, 489948 new edges

updateNodeInDegreeOutDegree(year=2001): updated 25105 out-degrees, 245508 in-degrees

Elapsed time: 79-81 : total : 7.215 secs, this iter cost : 0 seconds

Elapsed time: 79-80 : total : 4.797 secs, this iter cost : 0 seconds

Elapsed time: 80-81 : total : 2.406 secs, this iter cost : 0 seconds

Elapsed time: 70-81 : total : 258.415 secs, this iter cost : 19 seconds

 Entering loop for year = 2002
Elapsed time: 70-71: total : 12.159 secs, iter cost : 0 seconds

Elapsed time: 71-72: total : 18.007 secs, iter cost : 1 seconds

Elapsed time: 72-73: total : 357 millisecs, iter cost : 24 mseconds

num_new_nodes = 25858, current_graph_size = 861917, growth rate = 0.030000 
Elapsed time: 73-74: total : 0 millisecs, iter cost : 0 mseconds

Elapsed time: 74-75: total : 1773 millisecs, iter cost : 120 mseconds

all new nodes initialized with years and mapped. FillSameYearSourceNodes with new_nodes_vec.size() = 25858
checking same_year_source_nodes size.
Elapsed time: 75-76: total : 0 millisecs, iter cost : 0 mseconds

new_nodes_vec.size() b4 : 25858

updated  updateGraphAttributesGeneratorNode .... 
Elapsed time: 76-77: total : 1174 millisecs, iter cost : 77 mseconds

continuous_node_mapping.size() b5 : 887775, reverse_continuous_node_mapping size = 887775

Inside optimized buildOneNodeConnections...
Initial Free: 77168.6 MB / 81079.4 MB

[prepareGraph] num_vertices = 861917

[prepareGraph] edges = 8120303, offsets = 861918 (should be V+1 = 861918)

[prepareGraph] num_vertices = 861917

[prepareGraph] edges = 8120303, offsets = 861918 (should be V+1 = 861918)

Year 2002: 25858 new nodes, 505961 new edges

updateNodeInDegreeOutDegree(year=2002): updated 25858 out-degrees, 252165 in-degrees

Elapsed time: 79-81 : total : 7.703 secs, this iter cost : 0 seconds

Elapsed time: 79-80 : total : 5.12 secs, this iter cost : 0 seconds

Elapsed time: 80-81 : total : 2.571 secs, this iter cost : 0 seconds

Elapsed time: 70-81 : total : 279.171 secs, this iter cost : 20 seconds

 Entering loop for year = 2003
Elapsed time: 70-71: total : 12.977 secs, iter cost : 0 seconds

Elapsed time: 71-72: total : 19.171 secs, iter cost : 1 seconds

Elapsed time: 72-73: total : 381 millisecs, iter cost : 24 mseconds

num_new_nodes = 26634, current_graph_size = 887775, growth rate = 0.030000 
Elapsed time: 73-74: total : 0 millisecs, iter cost : 0 mseconds

Elapsed time: 74-75: total : 1908 millisecs, iter cost : 135 mseconds

all new nodes initialized with years and mapped. FillSameYearSourceNodes with new_nodes_vec.size() = 26634
checking same_year_source_nodes size.
Elapsed time: 75-76: total : 0 millisecs, iter cost : 0 mseconds

new_nodes_vec.size() b4 : 26634

updated  updateGraphAttributesGeneratorNode .... 
Elapsed time: 76-77: total : 1254 millisecs, iter cost : 80 mseconds

continuous_node_mapping.size() b5 : 914409, reverse_continuous_node_mapping size = 914409

Inside optimized buildOneNodeConnections...
Initial Free: 77158.6 MB / 81079.4 MB

[prepareGraph] num_vertices = 887775

[prepareGraph] edges = 8626264, offsets = 887776 (should be V+1 = 887776)

[prepareGraph] num_vertices = 887775

[prepareGraph] edges = 8626264, offsets = 887776 (should be V+1 = 887776)

Year 2003: 26634 new nodes, 521633 new edges

updateNodeInDegreeOutDegree(year=2003): updated 26634 out-degrees, 259122 in-degrees

Elapsed time: 79-81 : total : 8.199 secs, this iter cost : 0 seconds

Elapsed time: 79-80 : total : 5.446 secs, this iter cost : 0 seconds

Elapsed time: 80-81 : total : 2.741 secs, this iter cost : 0 seconds

Elapsed time: 70-81 : total : 300.682 secs, this iter cost : 21 seconds

 Entering loop for year = 2004
Elapsed time: 70-71: total : 13.818 secs, iter cost : 0 seconds

Elapsed time: 71-72: total : 20.37 secs, iter cost : 1 seconds

Elapsed time: 72-73: total : 406 millisecs, iter cost : 25 mseconds

num_new_nodes = 27433, current_graph_size = 914409, growth rate = 0.030000 
Elapsed time: 73-74: total : 0 millisecs, iter cost : 0 mseconds

Elapsed time: 74-75: total : 2046 millisecs, iter cost : 138 mseconds

all new nodes initialized with years and mapped. FillSameYearSourceNodes with new_nodes_vec.size() = 27433
checking same_year_source_nodes size.
Elapsed time: 75-76: total : 0 millisecs, iter cost : 0 mseconds

new_nodes_vec.size() b4 : 27433

updated  updateGraphAttributesGeneratorNode .... 
Elapsed time: 76-77: total : 1336 millisecs, iter cost : 82 mseconds

continuous_node_mapping.size() b5 : 941842, reverse_continuous_node_mapping size = 941842

Inside optimized buildOneNodeConnections...
Initial Free: 76586.6 MB / 81079.4 MB

[prepareGraph] num_vertices = 914409

[prepareGraph] edges = 9147897, offsets = 914410 (should be V+1 = 914410)

[prepareGraph] num_vertices = 914409

[prepareGraph] edges = 9147897, offsets = 914410 (should be V+1 = 914410)

Year 2004: 27433 new nodes, 537741 new edges

updateNodeInDegreeOutDegree(year=2004): updated 27433 out-degrees, 268590 in-degrees

Elapsed time: 79-81 : total : 8.744 secs, this iter cost : 0 seconds

Elapsed time: 79-80 : total : 5.815 secs, this iter cost : 0 seconds

Elapsed time: 80-81 : total : 2.916 secs, this iter cost : 0 seconds

Elapsed time: 70-81 : total : 323.157 secs, this iter cost : 22 seconds

 Entering loop for year = 2005
Elapsed time: 70-71: total : 14.705 secs, iter cost : 0 seconds

Elapsed time: 71-72: total : 21.664 secs, iter cost : 1 seconds

Elapsed time: 72-73: total : 432 millisecs, iter cost : 26 mseconds

num_new_nodes = 28256, current_graph_size = 941842, growth rate = 0.030000 
Elapsed time: 73-74: total : 0 millisecs, iter cost : 0 mseconds

Elapsed time: 74-75: total : 2177 millisecs, iter cost : 131 mseconds

all new nodes initialized with years and mapped. FillSameYearSourceNodes with new_nodes_vec.size() = 28256
checking same_year_source_nodes size.
Elapsed time: 75-76: total : 0 millisecs, iter cost : 0 mseconds

new_nodes_vec.size() b4 : 28256

updated  updateGraphAttributesGeneratorNode .... 
Elapsed time: 76-77: total : 1420 millisecs, iter cost : 84 mseconds

continuous_node_mapping.size() b5 : 970098, reverse_continuous_node_mapping size = 970098

Inside optimized buildOneNodeConnections...
Initial Free: 76574.6 MB / 81079.4 MB

[prepareGraph] num_vertices = 941842

[prepareGraph] edges = 9685638, offsets = 941843 (should be V+1 = 941843)

[prepareGraph] num_vertices = 941842

[prepareGraph] edges = 9685638, offsets = 941843 (should be V+1 = 941843)

Year 2005: 28256 new nodes, 553745 new edges

updateNodeInDegreeOutDegree(year=2005): updated 28256 out-degrees, 276342 in-degrees

Elapsed time: 79-81 : total : 9.283 secs, this iter cost : 0 seconds

Elapsed time: 79-80 : total : 6.173 secs, this iter cost : 0 seconds

Elapsed time: 80-81 : total : 3.096 secs, this iter cost : 0 seconds

Elapsed time: 70-81 : total : 346.444 secs, this iter cost : 23 seconds

 Entering loop for year = 2006
Elapsed time: 70-71: total : 15.599 secs, iter cost : 0 seconds

Elapsed time: 71-72: total : 22.959 secs, iter cost : 1 seconds

Elapsed time: 72-73: total : 458 millisecs, iter cost : 26 mseconds

num_new_nodes = 29103, current_graph_size = 970098, growth rate = 0.030000 
Elapsed time: 73-74: total : 0 millisecs, iter cost : 0 mseconds

Elapsed time: 74-75: total : 2312 millisecs, iter cost : 135 mseconds

all new nodes initialized with years and mapped. FillSameYearSourceNodes with new_nodes_vec.size() = 29103
checking same_year_source_nodes size.
Elapsed time: 75-76: total : 0 millisecs, iter cost : 0 mseconds

new_nodes_vec.size() b4 : 29103

updated  updateGraphAttributesGeneratorNode .... 
Elapsed time: 76-77: total : 1507 millisecs, iter cost : 87 mseconds

continuous_node_mapping.size() b5 : 999201, reverse_continuous_node_mapping size = 999201

Inside optimized buildOneNodeConnections...
Initial Free: 75952.6 MB / 81079.4 MB

[prepareGraph] num_vertices = 970098

[prepareGraph] edges = 10239383, offsets = 970099 (should be V+1 = 970099)

[prepareGraph] num_vertices = 970098

[prepareGraph] edges = 10239383, offsets = 970099 (should be V+1 = 970099)

Year 2006: 29103 new nodes, 570772 new edges

updateNodeInDegreeOutDegree(year=2006): updated 29103 out-degrees, 282839 in-degrees

Elapsed time: 79-81 : total : 9.832 secs, this iter cost : 0 seconds

Elapsed time: 79-80 : total : 6.536 secs, this iter cost : 0 seconds

Elapsed time: 80-81 : total : 3.282 secs, this iter cost : 0 seconds

Elapsed time: 70-81 : total : 371.33 secs, this iter cost : 24 seconds

 Entering loop for year = 2007
Elapsed time: 70-71: total : 16.517 secs, iter cost : 0 seconds

Elapsed time: 71-72: total : 24.274 secs, iter cost : 1 seconds

Elapsed time: 72-73: total : 485 millisecs, iter cost : 27 mseconds

num_new_nodes = 29977, current_graph_size = 999201, growth rate = 0.030000 
Elapsed time: 73-74: total : 0 millisecs, iter cost : 0 mseconds

Elapsed time: 74-75: total : 2451 millisecs, iter cost : 139 mseconds

all new nodes initialized with years and mapped. FillSameYearSourceNodes with new_nodes_vec.size() = 29977
checking same_year_source_nodes size.
Elapsed time: 75-76: total : 0 millisecs, iter cost : 0 mseconds

new_nodes_vec.size() b4 : 29977

updated  updateGraphAttributesGeneratorNode .... 
Elapsed time: 76-77: total : 1596 millisecs, iter cost : 89 mseconds

continuous_node_mapping.size() b5 : 1029178, reverse_continuous_node_mapping size = 1029178

Inside optimized buildOneNodeConnections...
Initial Free: 75938.6 MB / 81079.4 MB

[prepareGraph] num_vertices = 999201

[prepareGraph] edges = 10810155, offsets = 999202 (should be V+1 = 999202)

[prepareGraph] num_vertices = 999201

[prepareGraph] edges = 10810155, offsets = 999202 (should be V+1 = 999202)

Year 2007: 29977 new nodes, 587111 new edges

updateNodeInDegreeOutDegree(year=2007): updated 29977 out-degrees, 291656 in-degrees

Elapsed time: 79-81 : total : 10.416 secs, this iter cost : 0 seconds

Elapsed time: 79-80 : total : 6.916 secs, this iter cost : 0 seconds

Elapsed time: 80-81 : total : 3.485 secs, this iter cost : 0 seconds

Elapsed time: 70-81 : total : 396.955 secs, this iter cost : 25 seconds

 Entering loop for year = 2008
Elapsed time: 70-71: total : 17.453 secs, iter cost : 0 seconds

Elapsed time: 71-72: total : 25.649 secs, iter cost : 1 seconds

Elapsed time: 72-73: total : 513 millisecs, iter cost : 28 mseconds

num_new_nodes = 30876, current_graph_size = 1029178, growth rate = 0.030000 
Elapsed time: 73-74: total : 0 millisecs, iter cost : 0 mseconds

Elapsed time: 74-75: total : 2596 millisecs, iter cost : 145 mseconds

all new nodes initialized with years and mapped. FillSameYearSourceNodes with new_nodes_vec.size() = 30876
checking same_year_source_nodes size.
Elapsed time: 75-76: total : 0 millisecs, iter cost : 0 mseconds

new_nodes_vec.size() b4 : 30876

updated  updateGraphAttributesGeneratorNode .... 
Elapsed time: 76-77: total : 1689 millisecs, iter cost : 93 mseconds

continuous_node_mapping.size() b5 : 1060054, reverse_continuous_node_mapping size = 1060054

Inside optimized buildOneNodeConnections...
Initial Free: 75300.6 MB / 81079.4 MB

[prepareGraph] num_vertices = 1029178

[prepareGraph] edges = 11397266, offsets = 1029179 (should be V+1 = 1029179)

[prepareGraph] num_vertices = 1029178

[prepareGraph] edges = 11397266, offsets = 1029179 (should be V+1 = 1029179)

Year 2008: 30876 new nodes, 604589 new edges

updateNodeInDegreeOutDegree(year=2008): updated 30876 out-degrees, 299260 in-degrees

Elapsed time: 79-81 : total : 11.028 secs, this iter cost : 0 seconds

Elapsed time: 79-80 : total : 7.329 secs, this iter cost : 0 seconds

Elapsed time: 80-81 : total : 3.683 secs, this iter cost : 0 seconds

Elapsed time: 70-81 : total : 423.305 secs, this iter cost : 26 seconds

 Entering loop for year = 2009
Elapsed time: 70-71: total : 18.433 secs, iter cost : 0 seconds

Elapsed time: 71-72: total : 27.111 secs, iter cost : 1 seconds

Elapsed time: 72-73: total : 543 millisecs, iter cost : 30 mseconds

num_new_nodes = 31802, current_graph_size = 1060054, growth rate = 0.030000 
Elapsed time: 73-74: total : 0 millisecs, iter cost : 0 mseconds

Elapsed time: 74-75: total : 2746 millisecs, iter cost : 150 mseconds

all new nodes initialized with years and mapped. FillSameYearSourceNodes with new_nodes_vec.size() = 31802
checking same_year_source_nodes size.
Elapsed time: 75-76: total : 0 millisecs, iter cost : 0 mseconds

new_nodes_vec.size() b4 : 31802

updated  updateGraphAttributesGeneratorNode .... 
Elapsed time: 76-77: total : 1785 millisecs, iter cost : 96 mseconds

continuous_node_mapping.size() b5 : 1091856, reverse_continuous_node_mapping size = 1091856

Inside optimized buildOneNodeConnections...
Initial Free: 75280.6 MB / 81079.4 MB

[prepareGraph] num_vertices = 1060054

[prepareGraph] edges = 12001855, offsets = 1060055 (should be V+1 = 1060055)

[prepareGraph] num_vertices = 1060054

[prepareGraph] edges = 12001855, offsets = 1060055 (should be V+1 = 1060055)

Year 2009: 31802 new nodes, 622019 new edges

updateNodeInDegreeOutDegree(year=2009): updated 31802 out-degrees, 307295 in-degrees

Elapsed time: 79-81 : total : 11.642 secs, this iter cost : 0 seconds

Elapsed time: 79-80 : total : 7.728 secs, this iter cost : 0 seconds

Elapsed time: 80-81 : total : 3.897 secs, this iter cost : 0 seconds

Elapsed time: 70-81 : total : 450.694 secs, this iter cost : 27 seconds

 Entering loop for year = 2010
Elapsed time: 70-71: total : 19.435 secs, iter cost : 1 seconds

Elapsed time: 71-72: total : 28.56 secs, iter cost : 1 seconds

Elapsed time: 72-73: total : 573 millisecs, iter cost : 30 mseconds

num_new_nodes = 32756, current_graph_size = 1091856, growth rate = 0.030000 
Elapsed time: 73-74: total : 0 millisecs, iter cost : 0 mseconds

Elapsed time: 74-75: total : 2901 millisecs, iter cost : 155 mseconds

all new nodes initialized with years and mapped. FillSameYearSourceNodes with new_nodes_vec.size() = 32756
checking same_year_source_nodes size.
Elapsed time: 75-76: total : 0 millisecs, iter cost : 0 mseconds

new_nodes_vec.size() b4 : 32756

updated  updateGraphAttributesGeneratorNode .... 
Elapsed time: 76-77: total : 1883 millisecs, iter cost : 98 mseconds

continuous_node_mapping.size() b5 : 1124612, reverse_continuous_node_mapping size = 1124612

Inside optimized buildOneNodeConnections...
Initial Free: 74864.6 MB / 81079.4 MB

[prepareGraph] num_vertices = 1091856

[prepareGraph] edges = 12623874, offsets = 1091857 (should be V+1 = 1091857)

[prepareGraph] num_vertices = 1091856

[prepareGraph] edges = 12623874, offsets = 1091857 (should be V+1 = 1091857)

Year 2010: 32756 new nodes, 639834 new edges

updateNodeInDegreeOutDegree(year=2010): updated 32756 out-degrees, 316398 in-degrees

Elapsed time: 79-81 : total : 12.264 secs, this iter cost : 0 seconds

Elapsed time: 79-80 : total : 8.14 secs, this iter cost : 0 seconds

Elapsed time: 80-81 : total : 4.107 secs, this iter cost : 0 seconds

Elapsed time: 70-81 : total : 479.579 secs, this iter cost : 28 seconds

 Entering loop for year = 2011
Elapsed time: 70-71: total : 20.484 secs, iter cost : 1 seconds

Elapsed time: 71-72: total : 30.039 secs, iter cost : 1 seconds

Elapsed time: 72-73: total : 603 millisecs, iter cost : 30 mseconds

num_new_nodes = 33739, current_graph_size = 1124612, growth rate = 0.030000 
Elapsed time: 73-74: total : 0 millisecs, iter cost : 0 mseconds

Elapsed time: 74-75: total : 3059 millisecs, iter cost : 158 mseconds

all new nodes initialized with years and mapped. FillSameYearSourceNodes with new_nodes_vec.size() = 33739
checking same_year_source_nodes size.
Elapsed time: 75-76: total : 0 millisecs, iter cost : 0 mseconds

new_nodes_vec.size() b4 : 33739

updated  updateGraphAttributesGeneratorNode .... 
Elapsed time: 76-77: total : 1984 millisecs, iter cost : 101 mseconds

continuous_node_mapping.size() b5 : 1158351, reverse_continuous_node_mapping size = 1158351

Inside optimized buildOneNodeConnections...
Initial Free: 74240.6 MB / 81079.4 MB

[prepareGraph] num_vertices = 1124612

[prepareGraph] edges = 13263708, offsets = 1124613 (should be V+1 = 1124613)

[prepareGraph] num_vertices = 1124612

[prepareGraph] edges = 13263708, offsets = 1124613 (should be V+1 = 1124613)

Year 2011: 33739 new nodes, 660917 new edges

updateNodeInDegreeOutDegree(year=2011): updated 33739 out-degrees, 325558 in-degrees

Elapsed time: 79-81 : total : 12.925 secs, this iter cost : 0 seconds

Elapsed time: 79-80 : total : 8.585 secs, this iter cost : 0 seconds

Elapsed time: 80-81 : total : 4.323 secs, this iter cost : 0 seconds

Elapsed time: 70-81 : total : 509.546 secs, this iter cost : 29 seconds

 Entering loop for year = 2012
Elapsed time: 70-71: total : 21.557 secs, iter cost : 1 seconds

Elapsed time: 71-72: total : 31.598 secs, iter cost : 1 seconds

Elapsed time: 72-73: total : 636 millisecs, iter cost : 33 mseconds

num_new_nodes = 34751, current_graph_size = 1158351, growth rate = 0.030000 
Elapsed time: 73-74: total : 0 millisecs, iter cost : 0 mseconds

Elapsed time: 74-75: total : 3223 millisecs, iter cost : 164 mseconds

all new nodes initialized with years and mapped. FillSameYearSourceNodes with new_nodes_vec.size() = 34751
checking same_year_source_nodes size.
Elapsed time: 75-76: total : 0 millisecs, iter cost : 0 mseconds

new_nodes_vec.size() b4 : 34751

updated  updateGraphAttributesGeneratorNode .... 
Elapsed time: 76-77: total : 2099 millisecs, iter cost : 115 mseconds

continuous_node_mapping.size() b5 : 1193102, reverse_continuous_node_mapping size = 1193102

Inside optimized buildOneNodeConnections...
Initial Free: 74098.6 MB / 81079.4 MB

[prepareGraph] num_vertices = 1158351

[prepareGraph] edges = 13924625, offsets = 1158352 (should be V+1 = 1158352)

[prepareGraph] num_vertices = 1158351

[prepareGraph] edges = 13924625, offsets = 1158352 (should be V+1 = 1158352)

Year 2012: 34751 new nodes, 679992 new edges

updateNodeInDegreeOutDegree(year=2012): updated 34751 out-degrees, 335493 in-degrees

Elapsed time: 79-81 : total : 13.601 secs, this iter cost : 0 seconds

Elapsed time: 79-80 : total : 9.037 secs, this iter cost : 0 seconds

Elapsed time: 80-81 : total : 4.546 secs, this iter cost : 0 seconds

Elapsed time: 70-81 : total : 540.995 secs, this iter cost : 31 seconds

Elapsed time: 7-8 :  542 seconds

compute done:: graph size = 1193102
Elapsed time: 8-8.1 :  0 seconds

Writing Graph to file: ./output/gpu-opt-static-output-30y-3p.edgelist

Inside WriteGraph ...

Elapsed time: 8.1-9 :  19 seconds

Elapsed time: 9-10 :  2 seconds

 graph size = 1193102
00000 graph size = 1193102
Elapsed time: 0-1 : 6 seconds

Elapsed time: 1-4 : 0 seconds

Elapsed time: 4-7 : 0 seconds

Elapsed time: 70-71: total : 21.557 seconds.

Elapsed time: 71-72: total : 31.598 seconds.

Elapsed time: 72-73: total : 0.636 seconds.

Elapsed time: 73-74: total : 0 seconds.

Elapsed time: 74-75: total : 3.223 seconds.

Elapsed time: 75-76: total : 0 seconds.

Elapsed time: 76-77: total : 2.099 seconds.

Elapsed time: 77-79: total : 468.182 seconds.

Elapsed time: 79-81 : total : 13.601 seconds.

Elapsed time: 79-80 : total : 9.037 seconds.

Elapsed time: 80-81 : total : 4.546 seconds.

Elapsed time: 70-81 : total : 540.995 seconds.

Elapsed time: 7-8 : 542 seconds

Elapsed time: 8-8.1 :  0 seconds

Elapsed time: 8.1-9 :  19 seconds

Elapsed time: 9-10 : 2 seconds

Elapsed time: 11-12 : 4 seconds

Elapsed time: 10-12 : 15 seconds

Elapsed time: 0-7 : 7 seconds

Elapsed time: 7-8 : 542 seconds

Elapsed time: 8-12 : 36 seconds

E2E Time for num_cycles = 30 with growth_rate = 3 % = 592 seconds.

real	9m53.561s
user	9m38.851s
sys	0m12.686s
Running growth rate 5% for 30 years.
./output/gpu-opt-static-output-30y-5p.edgelist
./output/gpu-opt-static-output-30y-5p.aux

Start ABM....
parse_args....
edgelist....
num-cycles....
output-file....
log-file = ./output/gpu-opt-static-output-30y-5p.log....
num-processors = 1....
log-level = 0
Init ABM....
Exec ABM....
Start execute.Init Graph
Inside  Graph ParseNodelist.....
Populating the continuous_node mappings..
Elapsed time: ParseNodelist : 2427 millisecs = 2 seconds

Inside Graph ParseEdgelist.....
Elapsed time: ParseEdgelist : 3291 millisecs = 3 seconds

In updateNodeInDegreeOutDegree: Update Outdegree first:
In updateNodeInDegreeOutDegree: Update Indegree:
Total (initial):: In-Degree = 899050, Out-Degree = 899050
Elapsed time: 0-1 : 2 seconds
Elapsed time: 1-2 : 3 seconds
Elapsed time: 2-3 : 0 seconds

Initialized Graph. Let us update the indegree and out-degrees... 
Graph init done...
calling InitializeFitness...
final graph size is 2124405 from initial_graph_size of 491532.
 populated out degree array.
 Entering loop for year = 1983
Elapsed time: 70-71: total : 0.47 secs, iter cost : 0 seconds

Elapsed time: 71-72: total : 0.635 secs, iter cost : 0 seconds

Elapsed time: 72-73: total : 13 millisecs, iter cost : 13 mseconds

num_new_nodes = 24577, current_graph_size = 491532, growth rate = 0.050000 
Elapsed time: 73-74: total : 0 millisecs, iter cost : 0 mseconds

Elapsed time: 74-75: total : 77 millisecs, iter cost : 77 mseconds

all new nodes initialized with years and mapped. FillSameYearSourceNodes with new_nodes_vec.size() = 24577
checking same_year_source_nodes size.
Elapsed time: 75-76: total : 1 millisecs, iter cost : 1 mseconds

new_nodes_vec.size() b4 : 24577

updated  updateGraphAttributesGeneratorNode .... 
Elapsed time: 76-77: total : 77 millisecs, iter cost : 77 mseconds

continuous_node_mapping.size() b5 : 516109, reverse_continuous_node_mapping size = 516109

Inside optimized buildOneNodeConnections...
Initial Free: 80554.6 MB / 81079.4 MB

[prepareGraph] num_vertices = 491532

[prepareGraph] edges = 899050, offsets = 491533 (should be V+1 = 491533)

[prepareGraph] num_vertices = 491532

[prepareGraph] edges = 899050, offsets = 491533 (should be V+1 = 491533)

Year 1983: 24577 new nodes, 486932 new edges

updateNodeInDegreeOutDegree(year=1983): updated 24577 out-degrees, 262346 in-degrees

Elapsed time: 79-81 : total : 0.441 secs, this iter cost : 0 seconds

Elapsed time: 79-80 : total : 0.285 secs, this iter cost : 0 seconds

Elapsed time: 80-81 : total : 0.156 secs, this iter cost : 0 seconds

Elapsed time: 70-81 : total : 12.049 secs, this iter cost : 12 seconds

 Entering loop for year = 1984
Elapsed time: 70-71: total : 0.944 secs, iter cost : 0 seconds

Elapsed time: 71-72: total : 1.442 secs, iter cost : 0 seconds

Elapsed time: 72-73: total : 27 millisecs, iter cost : 14 mseconds

num_new_nodes = 25806, current_graph_size = 516109, growth rate = 0.050000 
Elapsed time: 73-74: total : 0 millisecs, iter cost : 0 mseconds

Elapsed time: 74-75: total : 188 millisecs, iter cost : 111 mseconds

all new nodes initialized with years and mapped. FillSameYearSourceNodes with new_nodes_vec.size() = 25806
checking same_year_source_nodes size.
Elapsed time: 75-76: total : 1 millisecs, iter cost : 0 mseconds

new_nodes_vec.size() b4 : 25806

updated  updateGraphAttributesGeneratorNode .... 
Elapsed time: 76-77: total : 153 millisecs, iter cost : 76 mseconds

continuous_node_mapping.size() b5 : 541915, reverse_continuous_node_mapping size = 541915

Inside optimized buildOneNodeConnections...
Initial Free: 80332.6 MB / 81079.4 MB

[prepareGraph] num_vertices = 516109

[prepareGraph] edges = 1385982, offsets = 516110 (should be V+1 = 516110)

[prepareGraph] num_vertices = 516109

[prepareGraph] edges = 1385982, offsets = 516110 (should be V+1 = 516110)

Year 1984: 25806 new nodes, 512285 new edges

updateNodeInDegreeOutDegree(year=1984): updated 25806 out-degrees, 270774 in-degrees

Elapsed time: 79-81 : total : 0.951 secs, this iter cost : 0 seconds

Elapsed time: 79-80 : total : 0.62 secs, this iter cost : 0 seconds

Elapsed time: 80-81 : total : 0.33 secs, this iter cost : 0 seconds

Elapsed time: 70-81 : total : 25.019 secs, this iter cost : 12 seconds

 Entering loop for year = 1985
Elapsed time: 70-71: total : 1.443 secs, iter cost : 0 seconds

Elapsed time: 71-72: total : 2.291 secs, iter cost : 0 seconds

Elapsed time: 72-73: total : 41 millisecs, iter cost : 14 mseconds

num_new_nodes = 27096, current_graph_size = 541915, growth rate = 0.050000 
Elapsed time: 73-74: total : 0 millisecs, iter cost : 0 mseconds

Elapsed time: 74-75: total : 321 millisecs, iter cost : 133 mseconds

all new nodes initialized with years and mapped. FillSameYearSourceNodes with new_nodes_vec.size() = 27096
checking same_year_source_nodes size.
Elapsed time: 75-76: total : 1 millisecs, iter cost : 0 mseconds

new_nodes_vec.size() b4 : 27096

updated  updateGraphAttributesGeneratorNode .... 
Elapsed time: 76-77: total : 233 millisecs, iter cost : 80 mseconds

continuous_node_mapping.size() b5 : 569011, reverse_continuous_node_mapping size = 569011

Inside optimized buildOneNodeConnections...
Initial Free: 80300.6 MB / 81079.4 MB

[prepareGraph] num_vertices = 541915

[prepareGraph] edges = 1898267, offsets = 541916 (should be V+1 = 541916)

[prepareGraph] num_vertices = 541915

[prepareGraph] edges = 1898267, offsets = 541916 (should be V+1 = 541916)

Year 1985: 27096 new nodes, 537131 new edges

updateNodeInDegreeOutDegree(year=1985): updated 27096 out-degrees, 276978 in-degrees

Elapsed time: 79-81 : total : 1.45 secs, this iter cost : 0 seconds

Elapsed time: 79-80 : total : 0.946 secs, this iter cost : 0 seconds

Elapsed time: 80-81 : total : 0.502 secs, this iter cost : 0 seconds

Elapsed time: 70-81 : total : 39.218 secs, this iter cost : 14 seconds

 Entering loop for year = 1986
Elapsed time: 70-71: total : 1.966 secs, iter cost : 0 seconds

Elapsed time: 71-72: total : 3.195 secs, iter cost : 0 seconds

Elapsed time: 72-73: total : 56 millisecs, iter cost : 15 mseconds

num_new_nodes = 28451, current_graph_size = 569011, growth rate = 0.050000 
Elapsed time: 73-74: total : 0 millisecs, iter cost : 0 mseconds

Elapsed time: 74-75: total : 449 millisecs, iter cost : 128 mseconds

all new nodes initialized with years and mapped. FillSameYearSourceNodes with new_nodes_vec.size() = 28451
checking same_year_source_nodes size.
Elapsed time: 75-76: total : 1 millisecs, iter cost : 0 mseconds

new_nodes_vec.size() b4 : 28451

updated  updateGraphAttributesGeneratorNode .... 
Elapsed time: 76-77: total : 317 millisecs, iter cost : 84 mseconds

continuous_node_mapping.size() b5 : 597462, reverse_continuous_node_mapping size = 597462

Inside optimized buildOneNodeConnections...
Initial Free: 80268.6 MB / 81079.4 MB

[prepareGraph] num_vertices = 569011

[prepareGraph] edges = 2435398, offsets = 569012 (should be V+1 = 569012)

[prepareGraph] num_vertices = 569011

[prepareGraph] edges = 2435398, offsets = 569012 (should be V+1 = 569012)

Year 1986: 28451 new nodes, 565094 new edges

updateNodeInDegreeOutDegree(year=1986): updated 28451 out-degrees, 281990 in-degrees

Elapsed time: 79-81 : total : 1.957 secs, this iter cost : 0 seconds

Elapsed time: 79-80 : total : 1.273 secs, this iter cost : 0 seconds

Elapsed time: 80-81 : total : 0.681 secs, this iter cost : 0 seconds

Elapsed time: 70-81 : total : 54.602 secs, this iter cost : 15 seconds

 Entering loop for year = 1987
Elapsed time: 70-71: total : 2.522 secs, iter cost : 0 seconds

Elapsed time: 71-72: total : 4.125 secs, iter cost : 0 seconds

Elapsed time: 72-73: total : 72 millisecs, iter cost : 16 mseconds

num_new_nodes = 29874, current_graph_size = 597462, growth rate = 0.050000 
Elapsed time: 73-74: total : 0 millisecs, iter cost : 0 mseconds

Elapsed time: 74-75: total : 581 millisecs, iter cost : 132 mseconds

all new nodes initialized with years and mapped. FillSameYearSourceNodes with new_nodes_vec.size() = 29874
checking same_year_source_nodes size.
Elapsed time: 75-76: total : 1 millisecs, iter cost : 0 mseconds

new_nodes_vec.size() b4 : 29874

updated  updateGraphAttributesGeneratorNode .... 
Elapsed time: 76-77: total : 405 millisecs, iter cost : 88 mseconds

continuous_node_mapping.size() b5 : 627336, reverse_continuous_node_mapping size = 627336

Inside optimized buildOneNodeConnections...
Initial Free: 80234.6 MB / 81079.4 MB

[prepareGraph] num_vertices = 597462

[prepareGraph] edges = 3000492, offsets = 597463 (should be V+1 = 597463)

[prepareGraph] num_vertices = 597462

[prepareGraph] edges = 3000492, offsets = 597463 (should be V+1 = 597463)

Year 1987: 29874 new nodes, 592485 new edges

updateNodeInDegreeOutDegree(year=1987): updated 29874 out-degrees, 289176 in-degrees

Elapsed time: 79-81 : total : 2.495 secs, this iter cost : 0 seconds

Elapsed time: 79-80 : total : 1.611 secs, this iter cost : 0 seconds

Elapsed time: 80-81 : total : 0.88 secs, this iter cost : 0 seconds

Elapsed time: 70-81 : total : 71.213 secs, this iter cost : 16 seconds

 Entering loop for year = 1988
Elapsed time: 70-71: total : 3.106 secs, iter cost : 0 seconds

Elapsed time: 71-72: total : 4.987 secs, iter cost : 0 seconds

Elapsed time: 72-73: total : 89 millisecs, iter cost : 17 mseconds

num_new_nodes = 31367, current_graph_size = 627336, growth rate = 0.050000 
Elapsed time: 73-74: total : 0 millisecs, iter cost : 0 mseconds

Elapsed time: 74-75: total : 734 millisecs, iter cost : 153 mseconds

all new nodes initialized with years and mapped. FillSameYearSourceNodes with new_nodes_vec.size() = 31367
checking same_year_source_nodes size.
Elapsed time: 75-76: total : 1 millisecs, iter cost : 0 mseconds

new_nodes_vec.size() b4 : 31367

updated  updateGraphAttributesGeneratorNode .... 
Elapsed time: 76-77: total : 499 millisecs, iter cost : 94 mseconds

continuous_node_mapping.size() b5 : 658703, reverse_continuous_node_mapping size = 658703

Inside optimized buildOneNodeConnections...
Initial Free: 80200.6 MB / 81079.4 MB

[prepareGraph] num_vertices = 627336

[prepareGraph] edges = 3592977, offsets = 627337 (should be V+1 = 627337)

[prepareGraph] num_vertices = 627336

[prepareGraph] edges = 3592977, offsets = 627337 (should be V+1 = 627337)

Year 1988: 31367 new nodes, 621720 new edges

updateNodeInDegreeOutDegree(year=1988): updated 31367 out-degrees, 296183 in-degrees

Elapsed time: 79-81 : total : 3.061 secs, this iter cost : 0 seconds

Elapsed time: 79-80 : total : 1.979 secs, this iter cost : 0 seconds

Elapsed time: 80-81 : total : 1.077 secs, this iter cost : 0 seconds

Elapsed time: 70-81 : total : 88.838 secs, this iter cost : 17 seconds

 Entering loop for year = 1989
Elapsed time: 70-71: total : 3.706 secs, iter cost : 0 seconds

Elapsed time: 71-72: total : 5.893 secs, iter cost : 0 seconds

Elapsed time: 72-73: total : 107 millisecs, iter cost : 18 mseconds

num_new_nodes = 32936, current_graph_size = 658703, growth rate = 0.050000 
Elapsed time: 73-74: total : 0 millisecs, iter cost : 0 mseconds

Elapsed time: 74-75: total : 884 millisecs, iter cost : 150 mseconds

all new nodes initialized with years and mapped. FillSameYearSourceNodes with new_nodes_vec.size() = 32936
checking same_year_source_nodes size.
Elapsed time: 75-76: total : 1 millisecs, iter cost : 0 mseconds

new_nodes_vec.size() b4 : 32936

updated  updateGraphAttributesGeneratorNode .... 
Elapsed time: 76-77: total : 596 millisecs, iter cost : 97 mseconds

continuous_node_mapping.size() b5 : 691639, reverse_continuous_node_mapping size = 691639

Inside optimized buildOneNodeConnections...
Initial Free: 80164.6 MB / 81079.4 MB

[prepareGraph] num_vertices = 658703

[prepareGraph] edges = 4214697, offsets = 658704 (should be V+1 = 658704)

[prepareGraph] num_vertices = 658703

[prepareGraph] edges = 4214697, offsets = 658704 (should be V+1 = 658704)

Year 1989: 32936 new nodes, 651635 new edges

updateNodeInDegreeOutDegree(year=1989): updated 32936 out-degrees, 304421 in-degrees

Elapsed time: 79-81 : total : 3.676 secs, this iter cost : 0 seconds

Elapsed time: 79-80 : total : 2.386 secs, this iter cost : 0 seconds

Elapsed time: 80-81 : total : 1.284 secs, this iter cost : 0 seconds

Elapsed time: 70-81 : total : 107.749 secs, this iter cost : 18 seconds

 Entering loop for year = 1990
Elapsed time: 70-71: total : 4.339 secs, iter cost : 0 seconds

Elapsed time: 71-72: total : 6.84 secs, iter cost : 0 seconds

Elapsed time: 72-73: total : 126 millisecs, iter cost : 19 mseconds

num_new_nodes = 34582, current_graph_size = 691639, growth rate = 0.050000 
Elapsed time: 73-74: total : 0 millisecs, iter cost : 0 mseconds

Elapsed time: 74-75: total : 1041 millisecs, iter cost : 157 mseconds

all new nodes initialized with years and mapped. FillSameYearSourceNodes with new_nodes_vec.size() = 34582
checking same_year_source_nodes size.
Elapsed time: 75-76: total : 1 millisecs, iter cost : 0 mseconds

new_nodes_vec.size() b4 : 34582

updated  updateGraphAttributesGeneratorNode .... 
Elapsed time: 76-77: total : 697 millisecs, iter cost : 101 mseconds

continuous_node_mapping.size() b5 : 726221, reverse_continuous_node_mapping size = 726221

Inside optimized buildOneNodeConnections...
Initial Free: 80124.6 MB / 81079.4 MB

[prepareGraph] num_vertices = 691639

[prepareGraph] edges = 4866332, offsets = 691640 (should be V+1 = 691640)

[prepareGraph] num_vertices = 691639

[prepareGraph] edges = 4866332, offsets = 691640 (should be V+1 = 691640)

Year 1990: 34582 new nodes, 684210 new edges

updateNodeInDegreeOutDegree(year=1990): updated 34582 out-degrees, 314270 in-degrees

Elapsed time: 79-81 : total : 4.274 secs, this iter cost : 0 seconds

Elapsed time: 79-80 : total : 2.765 secs, this iter cost : 0 seconds

Elapsed time: 80-81 : total : 1.502 secs, this iter cost : 0 seconds

Elapsed time: 70-81 : total : 128.191 secs, this iter cost : 20 seconds

 Entering loop for year = 1991
Elapsed time: 70-71: total : 4.998 secs, iter cost : 0 seconds

Elapsed time: 71-72: total : 7.835 secs, iter cost : 0 seconds

Elapsed time: 72-73: total : 145 millisecs, iter cost : 19 mseconds

num_new_nodes = 36312, current_graph_size = 726221, growth rate = 0.050000 
Elapsed time: 73-74: total : 0 millisecs, iter cost : 0 mseconds

Elapsed time: 74-75: total : 1205 millisecs, iter cost : 164 mseconds

all new nodes initialized with years and mapped. FillSameYearSourceNodes with new_nodes_vec.size() = 36312
checking same_year_source_nodes size.
Elapsed time: 75-76: total : 1 millisecs, iter cost : 0 mseconds

new_nodes_vec.size() b4 : 36312

updated  updateGraphAttributesGeneratorNode .... 
Elapsed time: 76-77: total : 806 millisecs, iter cost : 109 mseconds

continuous_node_mapping.size() b5 : 762533, reverse_continuous_node_mapping size = 762533

Inside optimized buildOneNodeConnections...
Initial Free: 80082.6 MB / 81079.4 MB

[prepareGraph] num_vertices = 726221

[prepareGraph] edges = 5550542, offsets = 726222 (should be V+1 = 726222)

[prepareGraph] num_vertices = 726221

[prepareGraph] edges = 5550542, offsets = 726222 (should be V+1 = 726222)

Year 1991: 36312 new nodes, 718591 new edges

updateNodeInDegreeOutDegree(year=1991): updated 36312 out-degrees, 324798 in-degrees

Elapsed time: 79-81 : total : 4.905 secs, this iter cost : 0 seconds

Elapsed time: 79-80 : total : 3.165 secs, this iter cost : 0 seconds

Elapsed time: 80-81 : total : 1.732 secs, this iter cost : 0 seconds

Elapsed time: 70-81 : total : 149.933 secs, this iter cost : 21 seconds

 Entering loop for year = 1992
Elapsed time: 70-71: total : 5.693 secs, iter cost : 0 seconds

Elapsed time: 71-72: total : 8.876 secs, iter cost : 1 seconds

Elapsed time: 72-73: total : 166 millisecs, iter cost : 21 mseconds

num_new_nodes = 38127, current_graph_size = 762533, growth rate = 0.050000 
Elapsed time: 73-74: total : 0 millisecs, iter cost : 0 mseconds

Elapsed time: 74-75: total : 1377 millisecs, iter cost : 172 mseconds

all new nodes initialized with years and mapped. FillSameYearSourceNodes with new_nodes_vec.size() = 38127
checking same_year_source_nodes size.
Elapsed time: 75-76: total : 1 millisecs, iter cost : 0 mseconds

new_nodes_vec.size() b4 : 38127

updated  updateGraphAttributesGeneratorNode .... 
Elapsed time: 76-77: total : 919 millisecs, iter cost : 113 mseconds

continuous_node_mapping.size() b5 : 800660, reverse_continuous_node_mapping size = 800660

Inside optimized buildOneNodeConnections...
Initial Free: 80034.6 MB / 81079.4 MB

[prepareGraph] num_vertices = 762533

[prepareGraph] edges = 6269133, offsets = 762534 (should be V+1 = 762534)

[prepareGraph] num_vertices = 762533

[prepareGraph] edges = 6269133, offsets = 762534 (should be V+1 = 762534)

Year 1992: 38127 new nodes, 754542 new edges

updateNodeInDegreeOutDegree(year=1992): updated 38127 out-degrees, 335174 in-degrees

Elapsed time: 79-81 : total : 5.594 secs, this iter cost : 0 seconds

Elapsed time: 79-80 : total : 3.613 secs, this iter cost : 0 seconds

Elapsed time: 80-81 : total : 1.973 secs, this iter cost : 0 seconds

Elapsed time: 70-81 : total : 173.628 secs, this iter cost : 23 seconds

 Entering loop for year = 1993
Elapsed time: 70-71: total : 6.448 secs, iter cost : 0 seconds

Elapsed time: 71-72: total : 9.973 secs, iter cost : 1 seconds

Elapsed time: 72-73: total : 188 millisecs, iter cost : 22 mseconds

num_new_nodes = 40033, current_graph_size = 800660, growth rate = 0.050000 
Elapsed time: 73-74: total : 0 millisecs, iter cost : 0 mseconds

Elapsed time: 74-75: total : 1558 millisecs, iter cost : 181 mseconds

all new nodes initialized with years and mapped. FillSameYearSourceNodes with new_nodes_vec.size() = 40033
checking same_year_source_nodes size.
Elapsed time: 75-76: total : 1 millisecs, iter cost : 0 mseconds

new_nodes_vec.size() b4 : 40033

updated  updateGraphAttributesGeneratorNode .... 
Elapsed time: 76-77: total : 1037 millisecs, iter cost : 118 mseconds

continuous_node_mapping.size() b5 : 840693, reverse_continuous_node_mapping size = 840693

Inside optimized buildOneNodeConnections...
Initial Free: 79118.6 MB / 81079.4 MB

[prepareGraph] num_vertices = 800660

[prepareGraph] edges = 7023675, offsets = 800661 (should be V+1 = 800661)

[prepareGraph] num_vertices = 800660

[prepareGraph] edges = 7023675, offsets = 800661 (should be V+1 = 800661)

Year 1993: 40033 new nodes, 791293 new edges

updateNodeInDegreeOutDegree(year=1993): updated 40033 out-degrees, 349999 in-degrees

Elapsed time: 79-81 : total : 6.296 secs, this iter cost : 0 seconds

Elapsed time: 79-80 : total : 4.051 secs, this iter cost : 0 seconds

Elapsed time: 80-81 : total : 2.237 secs, this iter cost : 0 seconds

Elapsed time: 70-81 : total : 198.613 secs, this iter cost : 24 seconds

 Entering loop for year = 1994
Elapsed time: 70-71: total : 7.218 secs, iter cost : 0 seconds

Elapsed time: 71-72: total : 11.121 secs, iter cost : 1 seconds

Elapsed time: 72-73: total : 211 millisecs, iter cost : 23 mseconds

num_new_nodes = 42035, current_graph_size = 840693, growth rate = 0.050000 
Elapsed time: 73-74: total : 0 millisecs, iter cost : 0 mseconds

Elapsed time: 74-75: total : 1749 millisecs, iter cost : 191 mseconds

all new nodes initialized with years and mapped. FillSameYearSourceNodes with new_nodes_vec.size() = 42035
checking same_year_source_nodes size.
Elapsed time: 75-76: total : 1 millisecs, iter cost : 0 mseconds

new_nodes_vec.size() b4 : 42035

updated  updateGraphAttributesGeneratorNode .... 
Elapsed time: 76-77: total : 1161 millisecs, iter cost : 124 mseconds

continuous_node_mapping.size() b5 : 882728, reverse_continuous_node_mapping size = 882728

Inside optimized buildOneNodeConnections...
Initial Free: 78198.6 MB / 81079.4 MB

[prepareGraph] num_vertices = 840693

[prepareGraph] edges = 7814968, offsets = 840694 (should be V+1 = 840694)

[prepareGraph] num_vertices = 840693

[prepareGraph] edges = 7814968, offsets = 840694 (should be V+1 = 840694)

Year 1994: 42035 new nodes, 830803 new edges

updateNodeInDegreeOutDegree(year=1994): updated 42035 out-degrees, 364692 in-degrees

Elapsed time: 79-81 : total : 7.023 secs, this iter cost : 0 seconds

Elapsed time: 79-80 : total : 4.502 secs, this iter cost : 0 seconds

Elapsed time: 80-81 : total : 2.512 secs, this iter cost : 0 seconds

Elapsed time: 70-81 : total : 225.493 secs, this iter cost : 26 seconds

 Entering loop for year = 1995
Elapsed time: 70-71: total : 8.036 secs, iter cost : 0 seconds

Elapsed time: 71-72: total : 12.327 secs, iter cost : 1 seconds

Elapsed time: 72-73: total : 235 millisecs, iter cost : 24 mseconds

num_new_nodes = 44137, current_graph_size = 882728, growth rate = 0.050000 
Elapsed time: 73-74: total : 0 millisecs, iter cost : 0 mseconds

Elapsed time: 74-75: total : 1951 millisecs, iter cost : 202 mseconds

all new nodes initialized with years and mapped. FillSameYearSourceNodes with new_nodes_vec.size() = 44137
checking same_year_source_nodes size.
Elapsed time: 75-76: total : 1 millisecs, iter cost : 0 mseconds

new_nodes_vec.size() b4 : 44137

updated  updateGraphAttributesGeneratorNode .... 
Elapsed time: 76-77: total : 1291 millisecs, iter cost : 130 mseconds

continuous_node_mapping.size() b5 : 926865, reverse_continuous_node_mapping size = 926865

Inside optimized buildOneNodeConnections...
Initial Free: 77262.6 MB / 81079.4 MB

[prepareGraph] num_vertices = 882728

[prepareGraph] edges = 8645771, offsets = 882729 (should be V+1 = 882729)

[prepareGraph] num_vertices = 882728

[prepareGraph] edges = 8645771, offsets = 882729 (should be V+1 = 882729)

Year 1995: 44137 new nodes, 871823 new edges

updateNodeInDegreeOutDegree(year=1995): updated 44137 out-degrees, 380901 in-degrees

Elapsed time: 79-81 : total : 7.795 secs, this iter cost : 0 seconds

Elapsed time: 79-80 : total : 4.995 secs, this iter cost : 0 seconds

Elapsed time: 80-81 : total : 2.791 secs, this iter cost : 0 seconds

Elapsed time: 70-81 : total : 254.481 secs, this iter cost : 28 seconds

 Entering loop for year = 1996
Elapsed time: 70-71: total : 8.889 secs, iter cost : 0 seconds

Elapsed time: 71-72: total : 13.594 secs, iter cost : 1 seconds

Elapsed time: 72-73: total : 260 millisecs, iter cost : 25 mseconds

num_new_nodes = 46344, current_graph_size = 926865, growth rate = 0.050000 
Elapsed time: 73-74: total : 0 millisecs, iter cost : 0 mseconds

Elapsed time: 74-75: total : 2163 millisecs, iter cost : 212 mseconds

all new nodes initialized with years and mapped. FillSameYearSourceNodes with new_nodes_vec.size() = 46344
checking same_year_source_nodes size.
Elapsed time: 75-76: total : 1 millisecs, iter cost : 0 mseconds

new_nodes_vec.size() b4 : 46344

updated  updateGraphAttributesGeneratorNode .... 
Elapsed time: 76-77: total : 1428 millisecs, iter cost : 137 mseconds

continuous_node_mapping.size() b5 : 973209, reverse_continuous_node_mapping size = 973209

Inside optimized buildOneNodeConnections...
Initial Free: 76402.6 MB / 81079.4 MB

[prepareGraph] num_vertices = 926865

[prepareGraph] edges = 9517594, offsets = 926866 (should be V+1 = 926866)

[prepareGraph] num_vertices = 926865

[prepareGraph] edges = 9517594, offsets = 926866 (should be V+1 = 926866)

Year 1996: 46344 new nodes, 916791 new edges

updateNodeInDegreeOutDegree(year=1996): updated 46344 out-degrees, 397878 in-degrees

Elapsed time: 79-81 : total : 8.62 secs, this iter cost : 0 seconds

Elapsed time: 79-80 : total : 5.528 secs, this iter cost : 0 seconds

Elapsed time: 80-81 : total : 3.083 secs, this iter cost : 0 seconds

Elapsed time: 70-81 : total : 284.985 secs, this iter cost : 30 seconds

 Entering loop for year = 1997
Elapsed time: 70-71: total : 9.78 secs, iter cost : 0 seconds

Elapsed time: 71-72: total : 14.914 secs, iter cost : 1 seconds

Elapsed time: 72-73: total : 286 millisecs, iter cost : 26 mseconds

num_new_nodes = 48661, current_graph_size = 973209, growth rate = 0.050000 
Elapsed time: 73-74: total : 0 millisecs, iter cost : 0 mseconds

Elapsed time: 74-75: total : 2385 millisecs, iter cost : 222 mseconds

all new nodes initialized with years and mapped. FillSameYearSourceNodes with new_nodes_vec.size() = 48661
checking same_year_source_nodes size.
Elapsed time: 75-76: total : 1 millisecs, iter cost : 0 mseconds

new_nodes_vec.size() b4 : 48661

updated  updateGraphAttributesGeneratorNode .... 
Elapsed time: 76-77: total : 1572 millisecs, iter cost : 144 mseconds

continuous_node_mapping.size() b5 : 1021870, reverse_continuous_node_mapping size = 1021870

Inside optimized buildOneNodeConnections...
Initial Free: 76344.6 MB / 81079.4 MB

[prepareGraph] num_vertices = 973209

[prepareGraph] edges = 10434385, offsets = 973210 (should be V+1 = 973210)

[prepareGraph] num_vertices = 973209

[prepareGraph] edges = 10434385, offsets = 973210 (should be V+1 = 973210)

Year 1997: 48661 new nodes, 961446 new edges

updateNodeInDegreeOutDegree(year=1997): updated 48661 out-degrees, 416758 in-degrees

Elapsed time: 79-81 : total : 9.458 secs, this iter cost : 0 seconds

Elapsed time: 79-80 : total : 6.06 secs, this iter cost : 0 seconds

Elapsed time: 80-81 : total : 3.389 secs, this iter cost : 0 seconds

Elapsed time: 70-81 : total : 318.197 secs, this iter cost : 33 seconds

 Entering loop for year = 1998
Elapsed time: 70-71: total : 10.741 secs, iter cost : 0 seconds

Elapsed time: 71-72: total : 16.291 secs, iter cost : 1 seconds

Elapsed time: 72-73: total : 314 millisecs, iter cost : 28 mseconds

num_new_nodes = 51094, current_graph_size = 1021870, growth rate = 0.050000 
Elapsed time: 73-74: total : 0 millisecs, iter cost : 0 mseconds

Elapsed time: 74-75: total : 2618 millisecs, iter cost : 233 mseconds

all new nodes initialized with years and mapped. FillSameYearSourceNodes with new_nodes_vec.size() = 51094
checking same_year_source_nodes size.
Elapsed time: 75-76: total : 1 millisecs, iter cost : 0 mseconds

new_nodes_vec.size() b4 : 51094

updated  updateGraphAttributesGeneratorNode .... 
Elapsed time: 76-77: total : 1735 millisecs, iter cost : 163 mseconds

continuous_node_mapping.size() b5 : 1072964, reverse_continuous_node_mapping size = 1072964

Inside optimized buildOneNodeConnections...
Initial Free: 76280.6 MB / 81079.4 MB

[prepareGraph] num_vertices = 1021870

[prepareGraph] edges = 11395831, offsets = 1021871 (should be V+1 = 1021871)

[prepareGraph] num_vertices = 1021870

[prepareGraph] edges = 11395831, offsets = 1021871 (should be V+1 = 1021871)

Year 1998: 51094 new nodes, 1006794 new edges

updateNodeInDegreeOutDegree(year=1998): updated 51094 out-degrees, 433641 in-degrees

Elapsed time: 79-81 : total : 10.357 secs, this iter cost : 0 seconds

Elapsed time: 79-80 : total : 6.634 secs, this iter cost : 0 seconds

Elapsed time: 80-81 : total : 3.713 secs, this iter cost : 0 seconds

Elapsed time: 70-81 : total : 356.558 secs, this iter cost : 38 seconds

 Entering loop for year = 1999
Elapsed time: 70-71: total : 11.748 secs, iter cost : 1 seconds

Elapsed time: 71-72: total : 17.746 secs, iter cost : 1 seconds

Elapsed time: 72-73: total : 343 millisecs, iter cost : 29 mseconds

num_new_nodes = 53649, current_graph_size = 1072964, growth rate = 0.050000 
Elapsed time: 73-74: total : 0 millisecs, iter cost : 0 mseconds

Elapsed time: 74-75: total : 2864 millisecs, iter cost : 246 mseconds

all new nodes initialized with years and mapped. FillSameYearSourceNodes with new_nodes_vec.size() = 53649
checking same_year_source_nodes size.
Elapsed time: 75-76: total : 1 millisecs, iter cost : 0 mseconds

new_nodes_vec.size() b4 : 53649

updated  updateGraphAttributesGeneratorNode .... 
Elapsed time: 76-77: total : 1894 millisecs, iter cost : 159 mseconds

continuous_node_mapping.size() b5 : 1126613, reverse_continuous_node_mapping size = 1126613

Inside optimized buildOneNodeConnections...
Initial Free: 74180.6 MB / 81079.4 MB

[prepareGraph] num_vertices = 1072964

[prepareGraph] edges = 12402625, offsets = 1072965 (should be V+1 = 1072965)

[prepareGraph] num_vertices = 1072964

[prepareGraph] edges = 12402625, offsets = 1072965 (should be V+1 = 1072965)

Year 1999: 53649 new nodes, 1059365 new edges

updateNodeInDegreeOutDegree(year=1999): updated 53649 out-degrees, 456732 in-degrees

Elapsed time: 79-81 : total : 11.303 secs, this iter cost : 0 seconds

Elapsed time: 79-80 : total : 7.229 secs, this iter cost : 0 seconds

Elapsed time: 80-81 : total : 4.063 secs, this iter cost : 0 seconds

Elapsed time: 70-81 : total : 397.956 secs, this iter cost : 41 seconds

 Entering loop for year = 2000
Elapsed time: 70-71: total : 12.796 secs, iter cost : 1 seconds

Elapsed time: 71-72: total : 19.29 secs, iter cost : 1 seconds

Elapsed time: 72-73: total : 374 millisecs, iter cost : 31 mseconds

num_new_nodes = 56331, current_graph_size = 1126613, growth rate = 0.050000 
Elapsed time: 73-74: total : 0 millisecs, iter cost : 0 mseconds

Elapsed time: 74-75: total : 3129 millisecs, iter cost : 265 mseconds

all new nodes initialized with years and mapped. FillSameYearSourceNodes with new_nodes_vec.size() = 56331
checking same_year_source_nodes size.
Elapsed time: 75-76: total : 1 millisecs, iter cost : 0 mseconds

new_nodes_vec.size() b4 : 56331

updated  updateGraphAttributesGeneratorNode .... 
Elapsed time: 76-77: total : 2061 millisecs, iter cost : 167 mseconds

continuous_node_mapping.size() b5 : 1182944, reverse_continuous_node_mapping size = 1182944

Inside optimized buildOneNodeConnections...
Initial Free: 72990.6 MB / 81079.4 MB

[prepareGraph] num_vertices = 1126613

[prepareGraph] edges = 13461990, offsets = 1126614 (should be V+1 = 1126614)

[prepareGraph] num_vertices = 1126613

[prepareGraph] edges = 13461990, offsets = 1126614 (should be V+1 = 1126614)

Year 2000: 56331 new nodes, 1110298 new edges

updateNodeInDegreeOutDegree(year=2000): updated 56331 out-degrees, 477434 in-degrees

Elapsed time: 79-81 : total : 12.353 secs, this iter cost : 1 seconds

Elapsed time: 79-80 : total : 7.922 secs, this iter cost : 0 seconds

Elapsed time: 80-81 : total : 4.419 secs, this iter cost : 0 seconds

Elapsed time: 70-81 : total : 448.014 secs, this iter cost : 50 seconds

 Entering loop for year = 2001
Elapsed time: 70-71: total : 13.899 secs, iter cost : 1 seconds

Elapsed time: 71-72: total : 20.886 secs, iter cost : 1 seconds

Elapsed time: 72-73: total : 406 millisecs, iter cost : 32 mseconds

num_new_nodes = 59148, current_graph_size = 1182944, growth rate = 0.050000 
Elapsed time: 73-74: total : 0 millisecs, iter cost : 0 mseconds

Elapsed time: 74-75: total : 3416 millisecs, iter cost : 287 mseconds

all new nodes initialized with years and mapped. FillSameYearSourceNodes with new_nodes_vec.size() = 59148
checking same_year_source_nodes size.
Elapsed time: 75-76: total : 1 millisecs, iter cost : 0 mseconds

new_nodes_vec.size() b4 : 59148

updated  updateGraphAttributesGeneratorNode .... 
Elapsed time: 76-77: total : 2247 millisecs, iter cost : 186 mseconds

continuous_node_mapping.size() b5 : 1242092, reverse_continuous_node_mapping size = 1242092

Inside optimized buildOneNodeConnections...
Initial Free: 72150.6 MB / 81079.4 MB

[prepareGraph] num_vertices = 1182944

[prepareGraph] edges = 14572288, offsets = 1182945 (should be V+1 = 1182945)

[prepareGraph] num_vertices = 1182944

[prepareGraph] edges = 14572288, offsets = 1182945 (should be V+1 = 1182945)

Year 2001: 59148 new nodes, 1162211 new edges

updateNodeInDegreeOutDegree(year=2001): updated 59148 out-degrees, 500530 in-degrees

Elapsed time: 79-81 : total : 13.413 secs, this iter cost : 1 seconds

Elapsed time: 79-80 : total : 8.607 secs, this iter cost : 0 seconds

Elapsed time: 80-81 : total : 4.794 secs, this iter cost : 0 seconds

Elapsed time: 70-81 : total : 495.454 secs, this iter cost : 47 seconds

 Entering loop for year = 2002
Elapsed time: 70-71: total : 15.068 secs, iter cost : 1 seconds

Elapsed time: 71-72: total : 22.569 secs, iter cost : 1 seconds

Elapsed time: 72-73: total : 440 millisecs, iter cost : 34 mseconds

num_new_nodes = 62105, current_graph_size = 1242092, growth rate = 0.050000 
Elapsed time: 73-74: total : 0 millisecs, iter cost : 0 mseconds

Elapsed time: 74-75: total : 3703 millisecs, iter cost : 287 mseconds

all new nodes initialized with years and mapped. FillSameYearSourceNodes with new_nodes_vec.size() = 62105
checking same_year_source_nodes size.
Elapsed time: 75-76: total : 1 millisecs, iter cost : 0 mseconds

new_nodes_vec.size() b4 : 62105

updated  updateGraphAttributesGeneratorNode .... 
Elapsed time: 76-77: total : 2431 millisecs, iter cost : 184 mseconds

continuous_node_mapping.size() b5 : 1304197, reverse_continuous_node_mapping size = 1304197

Inside optimized buildOneNodeConnections...
Initial Free: 72008.6 MB / 81079.4 MB

[prepareGraph] num_vertices = 1242092

[prepareGraph] edges = 15734499, offsets = 1242093 (should be V+1 = 1242093)

[prepareGraph] num_vertices = 1242092

[prepareGraph] edges = 15734499, offsets = 1242093 (should be V+1 = 1242093)

Year 2002: 62105 new nodes, 1221883 new edges

updateNodeInDegreeOutDegree(year=2002): updated 62105 out-degrees, 526030 in-degrees

Elapsed time: 79-81 : total : 14.51 secs, this iter cost : 1 seconds

Elapsed time: 79-80 : total : 9.309 secs, this iter cost : 0 seconds

Elapsed time: 80-81 : total : 5.188 secs, this iter cost : 0 seconds

Elapsed time: 70-81 : total : 545.23 secs, this iter cost : 49 seconds

 Entering loop for year = 2003
Elapsed time: 70-71: total : 16.272 secs, iter cost : 1 seconds

Elapsed time: 71-72: total : 24.337 secs, iter cost : 1 seconds

Elapsed time: 72-73: total : 475 millisecs, iter cost : 35 mseconds

num_new_nodes = 65210, current_graph_size = 1304197, growth rate = 0.050000 
Elapsed time: 73-74: total : 0 millisecs, iter cost : 0 mseconds

Elapsed time: 74-75: total : 4026 millisecs, iter cost : 323 mseconds

all new nodes initialized with years and mapped. FillSameYearSourceNodes with new_nodes_vec.size() = 65210
checking same_year_source_nodes size.
Elapsed time: 75-76: total : 1 millisecs, iter cost : 0 mseconds

new_nodes_vec.size() b4 : 65210

updated  updateGraphAttributesGeneratorNode .... 
Elapsed time: 76-77: total : 2635 millisecs, iter cost : 204 mseconds

continuous_node_mapping.size() b5 : 1369407, reverse_continuous_node_mapping size = 1369407

Inside optimized buildOneNodeConnections...
Initial Free: 70738.6 MB / 81079.4 MB

[prepareGraph] num_vertices = 1304197

[prepareGraph] edges = 16956382, offsets = 1304198 (should be V+1 = 1304198)

[prepareGraph] num_vertices = 1304197

[prepareGraph] edges = 16956382, offsets = 1304198 (should be V+1 = 1304198)

Year 2003: 65210 new nodes, 1284017 new edges

updateNodeInDegreeOutDegree(year=2003): updated 65210 out-degrees, 551006 in-degrees

Elapsed time: 79-81 : total : 15.708 secs, this iter cost : 1 seconds

Elapsed time: 79-80 : total : 10.083 secs, this iter cost : 0 seconds

Elapsed time: 80-81 : total : 5.611 secs, this iter cost : 0 seconds

Elapsed time: 70-81 : total : 599.82 secs, this iter cost : 54 seconds

 Entering loop for year = 2004
Elapsed time: 70-71: total : 17.55 secs, iter cost : 1 seconds

Elapsed time: 71-72: total : 26.214 secs, iter cost : 1 seconds

Elapsed time: 72-73: total : 514 millisecs, iter cost : 39 mseconds

num_new_nodes = 68471, current_graph_size = 1369407, growth rate = 0.050000 
Elapsed time: 73-74: total : 0 millisecs, iter cost : 0 mseconds

Elapsed time: 74-75: total : 4345 millisecs, iter cost : 319 mseconds

all new nodes initialized with years and mapped. FillSameYearSourceNodes with new_nodes_vec.size() = 68471
checking same_year_source_nodes size.
Elapsed time: 75-76: total : 1 millisecs, iter cost : 0 mseconds

new_nodes_vec.size() b4 : 68471

updated  updateGraphAttributesGeneratorNode .... 
Elapsed time: 76-77: total : 2838 millisecs, iter cost : 203 mseconds

continuous_node_mapping.size() b5 : 1437878, reverse_continuous_node_mapping size = 1437878

Inside optimized buildOneNodeConnections...
Initial Free: 70714.6 MB / 81079.4 MB

[prepareGraph] num_vertices = 1369407

[prepareGraph] edges = 18240399, offsets = 1369408 (should be V+1 = 1369408)

[prepareGraph] num_vertices = 1369407

[prepareGraph] edges = 18240399, offsets = 1369408 (should be V+1 = 1369408)

Year 2004: 68471 new nodes, 1343923 new edges

updateNodeInDegreeOutDegree(year=2004): updated 68471 out-degrees, 579081 in-degrees

Elapsed time: 79-81 : total : 16.953 secs, this iter cost : 1 seconds

Elapsed time: 79-80 : total : 10.893 secs, this iter cost : 0 seconds

Elapsed time: 80-81 : total : 6.046 secs, this iter cost : 0 seconds

Elapsed time: 70-81 : total : 656.426 secs, this iter cost : 56 seconds

 Entering loop for year = 2005
Elapsed time: 70-71: total : 18.922 secs, iter cost : 1 seconds

Elapsed time: 71-72: total : 28.188 secs, iter cost : 1 seconds

Elapsed time: 72-73: total : 555 millisecs, iter cost : 41 mseconds

num_new_nodes = 71894, current_graph_size = 1437878, growth rate = 0.050000 
Elapsed time: 73-74: total : 0 millisecs, iter cost : 0 mseconds

Elapsed time: 74-75: total : 4680 millisecs, iter cost : 335 mseconds

all new nodes initialized with years and mapped. FillSameYearSourceNodes with new_nodes_vec.size() = 71894
checking same_year_source_nodes size.
Elapsed time: 75-76: total : 1 millisecs, iter cost : 0 mseconds

new_nodes_vec.size() b4 : 71894

updated  updateGraphAttributesGeneratorNode .... 
Elapsed time: 76-77: total : 3051 millisecs, iter cost : 213 mseconds

continuous_node_mapping.size() b5 : 1509772, reverse_continuous_node_mapping size = 1509772

Inside optimized buildOneNodeConnections...
Initial Free: 69680.6 MB / 81079.4 MB

[prepareGraph] num_vertices = 1437878

[prepareGraph] edges = 19584322, offsets = 1437879 (should be V+1 = 1437879)

[prepareGraph] num_vertices = 1437878

[prepareGraph] edges = 19584322, offsets = 1437879 (should be V+1 = 1437879)

Year 2005: 71894 new nodes, 1413331 new edges

updateNodeInDegreeOutDegree(year=2005): updated 71894 out-degrees, 609131 in-degrees

Elapsed time: 79-81 : total : 18.269 secs, this iter cost : 1 seconds

Elapsed time: 79-80 : total : 11.754 secs, this iter cost : 0 seconds

Elapsed time: 80-81 : total : 6.501 secs, this iter cost : 0 seconds

Elapsed time: 70-81 : total : 716.045 secs, this iter cost : 59 seconds

 Entering loop for year = 2006
Elapsed time: 70-71: total : 20.362 secs, iter cost : 1 seconds

Elapsed time: 71-72: total : 30.264 secs, iter cost : 2 seconds

Elapsed time: 72-73: total : 598 millisecs, iter cost : 43 mseconds

num_new_nodes = 75489, current_graph_size = 1509772, growth rate = 0.050000 
Elapsed time: 73-74: total : 0 millisecs, iter cost : 0 mseconds

Elapsed time: 74-75: total : 5033 millisecs, iter cost : 353 mseconds

all new nodes initialized with years and mapped. FillSameYearSourceNodes with new_nodes_vec.size() = 75489
checking same_year_source_nodes size.
Elapsed time: 75-76: total : 1 millisecs, iter cost : 0 mseconds

new_nodes_vec.size() b4 : 75489

updated  updateGraphAttributesGeneratorNode .... 
Elapsed time: 76-77: total : 3287 millisecs, iter cost : 236 mseconds

continuous_node_mapping.size() b5 : 1585261, reverse_continuous_node_mapping size = 1585261

Inside optimized buildOneNodeConnections...
Initial Free: 69114.6 MB / 81079.4 MB

[prepareGraph] num_vertices = 1509772

[prepareGraph] edges = 20997653, offsets = 1509773 (should be V+1 = 1509773)

[prepareGraph] num_vertices = 1509772

[prepareGraph] edges = 20997653, offsets = 1509773 (should be V+1 = 1509773)

Year 2006: 75489 new nodes, 1484423 new edges

updateNodeInDegreeOutDegree(year=2006): updated 75489 out-degrees, 638756 in-degrees

Elapsed time: 79-81 : total : 19.664 secs, this iter cost : 1 seconds

Elapsed time: 79-80 : total : 12.645 secs, this iter cost : 0 seconds

Elapsed time: 80-81 : total : 7.005 secs, this iter cost : 0 seconds

Elapsed time: 70-81 : total : 782.061 secs, this iter cost : 66 seconds

 Entering loop for year = 2007
Elapsed time: 70-71: total : 21.882 secs, iter cost : 1 seconds

Elapsed time: 71-72: total : 32.443 secs, iter cost : 2 seconds

Elapsed time: 72-73: total : 643 millisecs, iter cost : 45 mseconds

num_new_nodes = 79264, current_graph_size = 1585261, growth rate = 0.050000 
Elapsed time: 73-74: total : 0 millisecs, iter cost : 0 mseconds

Elapsed time: 74-75: total : 5409 millisecs, iter cost : 376 mseconds

all new nodes initialized with years and mapped. FillSameYearSourceNodes with new_nodes_vec.size() = 79264
checking same_year_source_nodes size.
Elapsed time: 75-76: total : 1 millisecs, iter cost : 0 mseconds

new_nodes_vec.size() b4 : 79264

updated  updateGraphAttributesGeneratorNode .... 
Elapsed time: 76-77: total : 3525 millisecs, iter cost : 238 mseconds

continuous_node_mapping.size() b5 : 1664525, reverse_continuous_node_mapping size = 1664525

Inside optimized buildOneNodeConnections...
Initial Free: 69090.6 MB / 81079.4 MB

[prepareGraph] num_vertices = 1585261

[prepareGraph] edges = 22482076, offsets = 1585262 (should be V+1 = 1585262)

[prepareGraph] num_vertices = 1585261

[prepareGraph] edges = 22482076, offsets = 1585262 (should be V+1 = 1585262)

Year 2007: 79264 new nodes, 1557672 new edges

updateNodeInDegreeOutDegree(year=2007): updated 79264 out-degrees, 672078 in-degrees

Elapsed time: 79-81 : total : 21.144 secs, this iter cost : 1 seconds

Elapsed time: 79-80 : total : 13.606 secs, this iter cost : 0 seconds

Elapsed time: 80-81 : total : 7.523 secs, this iter cost : 0 seconds

Elapsed time: 70-81 : total : 850.316 secs, this iter cost : 68 seconds

 Entering loop for year = 2008
Elapsed time: 70-71: total : 23.469 secs, iter cost : 1 seconds

Elapsed time: 71-72: total : 34.722 secs, iter cost : 2 seconds

Elapsed time: 72-73: total : 690 millisecs, iter cost : 47 mseconds

num_new_nodes = 83227, current_graph_size = 1664525, growth rate = 0.050000 
Elapsed time: 73-74: total : 0 millisecs, iter cost : 0 mseconds

Elapsed time: 74-75: total : 5804 millisecs, iter cost : 395 mseconds

all new nodes initialized with years and mapped. FillSameYearSourceNodes with new_nodes_vec.size() = 83227
checking same_year_source_nodes size.
Elapsed time: 75-76: total : 1 millisecs, iter cost : 0 mseconds

new_nodes_vec.size() b4 : 83227

updated  updateGraphAttributesGeneratorNode .... 
Elapsed time: 76-77: total : 3773 millisecs, iter cost : 248 mseconds

continuous_node_mapping.size() b5 : 1747752, reverse_continuous_node_mapping size = 1747752

Inside optimized buildOneNodeConnections...
Initial Free: 68770.6 MB / 81079.4 MB

[prepareGraph] num_vertices = 1664525

[prepareGraph] edges = 24039748, offsets = 1664526 (should be V+1 = 1664526)

[prepareGraph] num_vertices = 1664525

[prepareGraph] edges = 24039748, offsets = 1664526 (should be V+1 = 1664526)

Year 2008: 83227 new nodes, 1633215 new edges

updateNodeInDegreeOutDegree(year=2008): updated 83227 out-degrees, 704289 in-degrees

Elapsed time: 79-81 : total : 22.694 secs, this iter cost : 1 seconds

Elapsed time: 79-80 : total : 14.617 secs, this iter cost : 1 seconds

Elapsed time: 80-81 : total : 8.062 secs, this iter cost : 0 seconds

Elapsed time: 70-81 : total : 934.301 secs, this iter cost : 83 seconds

 Entering loop for year = 2009
Elapsed time: 70-71: total : 25.138 secs, iter cost : 1 seconds

Elapsed time: 71-72: total : 37.106 secs, iter cost : 2 seconds

Elapsed time: 72-73: total : 740 millisecs, iter cost : 50 mseconds

num_new_nodes = 87388, current_graph_size = 1747752, growth rate = 0.050000 
Elapsed time: 73-74: total : 0 millisecs, iter cost : 0 mseconds

Elapsed time: 74-75: total : 6219 millisecs, iter cost : 415 mseconds

all new nodes initialized with years and mapped. FillSameYearSourceNodes with new_nodes_vec.size() = 87388
checking same_year_source_nodes size.
Elapsed time: 75-76: total : 2 millisecs, iter cost : 1 mseconds

new_nodes_vec.size() b4 : 87388

updated  updateGraphAttributesGeneratorNode .... 
Elapsed time: 76-77: total : 4033 millisecs, iter cost : 260 mseconds

continuous_node_mapping.size() b5 : 1835140, reverse_continuous_node_mapping size = 1835140

Inside optimized buildOneNodeConnections...
Initial Free: 68746.6 MB / 81079.4 MB

[prepareGraph] num_vertices = 1747752

[prepareGraph] edges = 25672963, offsets = 1747753 (should be V+1 = 1747753)

[prepareGraph] num_vertices = 1747752

[prepareGraph] edges = 25672963, offsets = 1747753 (should be V+1 = 1747753)

Year 2009: 87388 new nodes, 1714081 new edges

updateNodeInDegreeOutDegree(year=2009): updated 87388 out-degrees, 738889 in-degrees

Elapsed time: 79-81 : total : 24.309 secs, this iter cost : 1 seconds

Elapsed time: 79-80 : total : 15.663 secs, this iter cost : 1 seconds

Elapsed time: 80-81 : total : 8.63 secs, this iter cost : 0 seconds

Elapsed time: 70-81 : total : 1021.7 secs, this iter cost : 87 seconds

 Entering loop for year = 2010
Elapsed time: 70-71: total : 26.86 secs, iter cost : 1 seconds

Elapsed time: 71-72: total : 39.589 secs, iter cost : 2 seconds

Elapsed time: 72-73: total : 792 millisecs, iter cost : 52 mseconds

num_new_nodes = 91757, current_graph_size = 1835140, growth rate = 0.050000 
Elapsed time: 73-74: total : 0 millisecs, iter cost : 0 mseconds

Elapsed time: 74-75: total : 6658 millisecs, iter cost : 439 mseconds

all new nodes initialized with years and mapped. FillSameYearSourceNodes with new_nodes_vec.size() = 91757
checking same_year_source_nodes size.
Elapsed time: 75-76: total : 2 millisecs, iter cost : 0 mseconds

new_nodes_vec.size() b4 : 91757

updated  updateGraphAttributesGeneratorNode .... 
Elapsed time: 76-77: total : 4307 millisecs, iter cost : 274 mseconds

continuous_node_mapping.size() b5 : 1926897, reverse_continuous_node_mapping size = 1926897

Inside optimized buildOneNodeConnections...
Initial Free: 68414.6 MB / 81079.4 MB

[prepareGraph] num_vertices = 1835140

[prepareGraph] edges = 27387044, offsets = 1835141 (should be V+1 = 1835141)

[prepareGraph] num_vertices = 1835140

[prepareGraph] edges = 27387044, offsets = 1835141 (should be V+1 = 1835141)

Year 2010: 91757 new nodes, 1800023 new edges

updateNodeInDegreeOutDegree(year=2010): updated 91757 out-degrees, 777751 in-degrees

Elapsed time: 79-81 : total : 26.027 secs, this iter cost : 1 seconds

Elapsed time: 79-80 : total : 16.784 secs, this iter cost : 1 seconds

Elapsed time: 80-81 : total : 9.227 secs, this iter cost : 0 seconds

Elapsed time: 70-81 : total : 1114.19 secs, this iter cost : 92 seconds

 Entering loop for year = 2011
Elapsed time: 70-71: total : 28.711 secs, iter cost : 1 seconds

Elapsed time: 71-72: total : 42.24 secs, iter cost : 2 seconds

Elapsed time: 72-73: total : 859 millisecs, iter cost : 67 mseconds

num_new_nodes = 96345, current_graph_size = 1926897, growth rate = 0.050000 
Elapsed time: 73-74: total : 0 millisecs, iter cost : 0 mseconds

Elapsed time: 74-75: total : 7123 millisecs, iter cost : 465 mseconds

all new nodes initialized with years and mapped. FillSameYearSourceNodes with new_nodes_vec.size() = 96345
checking same_year_source_nodes size.
Elapsed time: 75-76: total : 3 millisecs, iter cost : 1 mseconds

new_nodes_vec.size() b4 : 96345

updated  updateGraphAttributesGeneratorNode .... 
Elapsed time: 76-77: total : 4594 millisecs, iter cost : 287 mseconds

continuous_node_mapping.size() b5 : 2023242, reverse_continuous_node_mapping size = 2023242

Inside optimized buildOneNodeConnections...
Initial Free: 67024.6 MB / 81079.4 MB

[prepareGraph] num_vertices = 1926897

[prepareGraph] edges = 29187067, offsets = 1926898 (should be V+1 = 1926898)

[prepareGraph] num_vertices = 1926897

[prepareGraph] edges = 29187067, offsets = 1926898 (should be V+1 = 1926898)

Year 2011: 96345 new nodes, 1891136 new edges

updateNodeInDegreeOutDegree(year=2011): updated 96345 out-degrees, 815591 in-degrees

Elapsed time: 79-81 : total : 27.837 secs, this iter cost : 1 seconds

Elapsed time: 79-80 : total : 17.978 secs, this iter cost : 1 seconds

Elapsed time: 80-81 : total : 9.842 secs, this iter cost : 0 seconds

Elapsed time: 70-81 : total : 1211.19 secs, this iter cost : 96 seconds

 Entering loop for year = 2012
Elapsed time: 70-71: total : 30.626 secs, iter cost : 1 seconds

Elapsed time: 71-72: total : 44.991 secs, iter cost : 2 seconds

Elapsed time: 72-73: total : 917 millisecs, iter cost : 58 mseconds

num_new_nodes = 101163, current_graph_size = 2023242, growth rate = 0.050000 
Elapsed time: 73-74: total : 0 millisecs, iter cost : 0 mseconds

Elapsed time: 74-75: total : 7619 millisecs, iter cost : 496 mseconds

all new nodes initialized with years and mapped. FillSameYearSourceNodes with new_nodes_vec.size() = 101163
checking same_year_source_nodes size.
Elapsed time: 75-76: total : 4 millisecs, iter cost : 1 mseconds

new_nodes_vec.size() b4 : 101163

updated  updateGraphAttributesGeneratorNode .... 
Elapsed time: 76-77: total : 4898 millisecs, iter cost : 304 mseconds

continuous_node_mapping.size() b5 : 2124405, reverse_continuous_node_mapping size = 2124405

Inside optimized buildOneNodeConnections...
Initial Free: 66990.6 MB / 81079.4 MB

[prepareGraph] num_vertices = 2023242

[prepareGraph] edges = 31078203, offsets = 2023243 (should be V+1 = 2023243)

[prepareGraph] num_vertices = 2023242

[prepareGraph] edges = 31078203, offsets = 2023243 (should be V+1 = 2023243)

Year 2012: 101163 new nodes, 1985165 new edges

updateNodeInDegreeOutDegree(year=2012): updated 101163 out-degrees, 856218 in-degrees

Elapsed time: 79-81 : total : 29.753 secs, this iter cost : 1 seconds

Elapsed time: 79-80 : total : 19.243 secs, this iter cost : 1 seconds

Elapsed time: 80-81 : total : 10.493 secs, this iter cost : 0 seconds

Elapsed time: 70-81 : total : 1315.33 secs, this iter cost : 104 seconds

Elapsed time: 7-8 :  1317 seconds

compute done:: graph size = 2124405
Elapsed time: 8-8.1 :  0 seconds

Writing Graph to file: ./output/gpu-opt-static-output-30y-5p.edgelist

Inside WriteGraph ...

Elapsed time: 8.1-9 :  49 seconds

Elapsed time: 9-10 :  6 seconds

 graph size = 2124405
00000 graph size = 2124405
Elapsed time: 0-1 : 6 seconds

Elapsed time: 1-4 : 0 seconds

Elapsed time: 4-7 : 0 seconds

Elapsed time: 70-71: total : 30.626 seconds.

Elapsed time: 71-72: total : 44.991 seconds.

Elapsed time: 72-73: total : 0.917 seconds.

Elapsed time: 73-74: total : 0 seconds.

Elapsed time: 74-75: total : 7.619 seconds.

Elapsed time: 75-76: total : 0.004 seconds.

Elapsed time: 76-77: total : 4.898 seconds.

Elapsed time: 77-79: total : 1196.42 seconds.

Elapsed time: 79-81 : total : 29.753 seconds.

Elapsed time: 79-80 : total : 19.243 seconds.

Elapsed time: 80-81 : total : 10.493 seconds.

Elapsed time: 70-81 : total : 1315.33 seconds.

Elapsed time: 7-8 : 1317 seconds

Elapsed time: 8-8.1 :  0 seconds

Elapsed time: 8.1-9 :  49 seconds

Elapsed time: 9-10 : 6 seconds

Elapsed time: 11-12 : 11 seconds

Elapsed time: 10-12 : 32 seconds

Elapsed time: 0-7 : 7 seconds

Elapsed time: 7-8 : 1317 seconds

Elapsed time: 8-12 : 88 seconds

E2E Time for num_cycles = 30 with growth_rate = 5 % = 1424 seconds.

real	23m45.732s
user	22m59.920s
sys	0m40.921s
Running growth rate 6% for 30 years.
./output/gpu-opt-static-output-30y-6p.edgelist
./output/gpu-opt-static-output-30y-6p.aux

Start ABM....
parse_args....
edgelist....
num-cycles....
output-file....
log-file = ./output/gpu-opt-static-output-30y-6p.log....
num-processors = 1....
log-level = 0
Init ABM....
Exec ABM....
Start execute.Init Graph
Inside  Graph ParseNodelist.....
Populating the continuous_node mappings..
Elapsed time: ParseNodelist : 2448 millisecs = 2 seconds

Inside Graph ParseEdgelist.....
Elapsed time: ParseEdgelist : 3290 millisecs = 3 seconds

In updateNodeInDegreeOutDegree: Update Outdegree first:
In updateNodeInDegreeOutDegree: Update Indegree:
Total (initial):: In-Degree = 899050, Out-Degree = 899050
Elapsed time: 0-1 : 2 seconds
Elapsed time: 1-2 : 3 seconds
Elapsed time: 2-3 : 0 seconds

Initialized Graph. Let us update the indegree and out-degrees... 
Graph init done...
calling InitializeFitness...
final graph size is 2823139 from initial_graph_size of 491532.
 populated out degree array.
 Entering loop for year = 1983
Elapsed time: 70-71: total : 0.472 secs, iter cost : 0 seconds

Elapsed time: 71-72: total : 0.634 secs, iter cost : 0 seconds

Elapsed time: 72-73: total : 14 millisecs, iter cost : 14 mseconds

num_new_nodes = 29492, current_graph_size = 491532, growth rate = 0.060000 
Elapsed time: 73-74: total : 0 millisecs, iter cost : 0 mseconds

Elapsed time: 74-75: total : 99 millisecs, iter cost : 99 mseconds

all new nodes initialized with years and mapped. FillSameYearSourceNodes with new_nodes_vec.size() = 29492
checking same_year_source_nodes size.
Elapsed time: 75-76: total : 2 millisecs, iter cost : 2 mseconds

new_nodes_vec.size() b4 : 29492

updated  updateGraphAttributesGeneratorNode .... 
Elapsed time: 76-77: total : 88 millisecs, iter cost : 88 mseconds

continuous_node_mapping.size() b5 : 521024, reverse_continuous_node_mapping size = 521024

Inside optimized buildOneNodeConnections...
Initial Free: 80554.6 MB / 81079.4 MB

[prepareGraph] num_vertices = 491532

[prepareGraph] edges = 899050, offsets = 491533 (should be V+1 = 491533)

[prepareGraph] num_vertices = 491532

[prepareGraph] edges = 899050, offsets = 491533 (should be V+1 = 491533)

Year 1983: 29492 new nodes, 567449 new edges

updateNodeInDegreeOutDegree(year=1983): updated 29492 out-degrees, 290795 in-degrees

Elapsed time: 79-81 : total : 0.498 secs, this iter cost : 0 seconds

Elapsed time: 79-80 : total : 0.31 secs, this iter cost : 0 seconds

Elapsed time: 80-81 : total : 0.187 secs, this iter cost : 0 seconds

Elapsed time: 70-81 : total : 13.597 secs, this iter cost : 13 seconds

 Entering loop for year = 1984
Elapsed time: 70-71: total : 0.951 secs, iter cost : 0 seconds

Elapsed time: 71-72: total : 1.446 secs, iter cost : 0 seconds

Elapsed time: 72-73: total : 28 millisecs, iter cost : 14 mseconds

num_new_nodes = 31262, current_graph_size = 521024, growth rate = 0.060000 
Elapsed time: 73-74: total : 0 millisecs, iter cost : 0 mseconds

Elapsed time: 74-75: total : 231 millisecs, iter cost : 132 mseconds

all new nodes initialized with years and mapped. FillSameYearSourceNodes with new_nodes_vec.size() = 31262
checking same_year_source_nodes size.
Elapsed time: 75-76: total : 2 millisecs, iter cost : 0 mseconds

new_nodes_vec.size() b4 : 31262

updated  updateGraphAttributesGeneratorNode .... 
Elapsed time: 76-77: total : 180 millisecs, iter cost : 92 mseconds

continuous_node_mapping.size() b5 : 552286, reverse_continuous_node_mapping size = 552286

Inside optimized buildOneNodeConnections...
Initial Free: 80328.6 MB / 81079.4 MB

[prepareGraph] num_vertices = 521024

[prepareGraph] edges = 1466499, offsets = 521025 (should be V+1 = 521025)

[prepareGraph] num_vertices = 521024

[prepareGraph] edges = 1466499, offsets = 521025 (should be V+1 = 521025)

Year 1984: 31262 new nodes, 602721 new edges

updateNodeInDegreeOutDegree(year=1984): updated 31262 out-degrees, 301987 in-degrees

Elapsed time: 79-81 : total : 1.084 secs, this iter cost : 0 seconds

Elapsed time: 79-80 : total : 0.687 secs, this iter cost : 0 seconds

Elapsed time: 80-81 : total : 0.396 secs, this iter cost : 0 seconds

Elapsed time: 70-81 : total : 28.431 secs, this iter cost : 14 seconds

 Entering loop for year = 1985
Elapsed time: 70-71: total : 1.467 secs, iter cost : 0 seconds

Elapsed time: 71-72: total : 2.321 secs, iter cost : 0 seconds

Elapsed time: 72-73: total : 43 millisecs, iter cost : 15 mseconds

num_new_nodes = 33138, current_graph_size = 552286, growth rate = 0.060000 
Elapsed time: 73-74: total : 0 millisecs, iter cost : 0 mseconds

Elapsed time: 74-75: total : 380 millisecs, iter cost : 149 mseconds

all new nodes initialized with years and mapped. FillSameYearSourceNodes with new_nodes_vec.size() = 33138
checking same_year_source_nodes size.
Elapsed time: 75-76: total : 2 millisecs, iter cost : 0 mseconds

new_nodes_vec.size() b4 : 33138

updated  updateGraphAttributesGeneratorNode .... 
Elapsed time: 76-77: total : 278 millisecs, iter cost : 98 mseconds

continuous_node_mapping.size() b5 : 585424, reverse_continuous_node_mapping size = 585424

Inside optimized buildOneNodeConnections...
Initial Free: 80292.6 MB / 81079.4 MB

[prepareGraph] num_vertices = 552286

[prepareGraph] edges = 2069220, offsets = 552287 (should be V+1 = 552287)

[prepareGraph] num_vertices = 552286

[prepareGraph] edges = 2069220, offsets = 552287 (should be V+1 = 552287)

Year 1985: 33138 new nodes, 639195 new edges

updateNodeInDegreeOutDegree(year=1985): updated 33138 out-degrees, 311800 in-degrees

Elapsed time: 79-81 : total : 1.647 secs, this iter cost : 0 seconds

Elapsed time: 79-80 : total : 1.04 secs, this iter cost : 0 seconds

Elapsed time: 80-81 : total : 0.606 secs, this iter cost : 0 seconds

Elapsed time: 70-81 : total : 44.558 secs, this iter cost : 16 seconds

 Entering loop for year = 1986
Elapsed time: 70-71: total : 2.005 secs, iter cost : 0 seconds

Elapsed time: 71-72: total : 3.321 secs, iter cost : 1 seconds

Elapsed time: 72-73: total : 59 millisecs, iter cost : 16 mseconds

num_new_nodes = 35126, current_graph_size = 585424, growth rate = 0.060000 
Elapsed time: 73-74: total : 0 millisecs, iter cost : 0 mseconds

Elapsed time: 74-75: total : 534 millisecs, iter cost : 154 mseconds

all new nodes initialized with years and mapped. FillSameYearSourceNodes with new_nodes_vec.size() = 35126
checking same_year_source_nodes size.
Elapsed time: 75-76: total : 2 millisecs, iter cost : 0 mseconds

new_nodes_vec.size() b4 : 35126

updated  updateGraphAttributesGeneratorNode .... 
Elapsed time: 76-77: total : 382 millisecs, iter cost : 104 mseconds

continuous_node_mapping.size() b5 : 620550, reverse_continuous_node_mapping size = 620550

Inside optimized buildOneNodeConnections...
Initial Free: 80254.6 MB / 81079.4 MB

[prepareGraph] num_vertices = 585424

[prepareGraph] edges = 2708415, offsets = 585425 (should be V+1 = 585425)

[prepareGraph] num_vertices = 585424

[prepareGraph] edges = 2708415, offsets = 585425 (should be V+1 = 585425)

Year 1986: 35126 new nodes, 678826 new edges

updateNodeInDegreeOutDegree(year=1986): updated 35126 out-degrees, 322774 in-degrees

Elapsed time: 79-81 : total : 2.253 secs, this iter cost : 0 seconds

Elapsed time: 79-80 : total : 1.424 secs, this iter cost : 0 seconds

Elapsed time: 80-81 : total : 0.828 secs, this iter cost : 0 seconds

Elapsed time: 70-81 : total : 62.683 secs, this iter cost : 18 seconds

 Entering loop for year = 1987
Elapsed time: 70-71: total : 2.601 secs, iter cost : 0 seconds

Elapsed time: 71-72: total : 4.316 secs, iter cost : 0 seconds

Elapsed time: 72-73: total : 76 millisecs, iter cost : 17 mseconds

num_new_nodes = 37233, current_graph_size = 620550, growth rate = 0.060000 
Elapsed time: 73-74: total : 0 millisecs, iter cost : 0 mseconds

Elapsed time: 74-75: total : 697 millisecs, iter cost : 163 mseconds

all new nodes initialized with years and mapped. FillSameYearSourceNodes with new_nodes_vec.size() = 37233
checking same_year_source_nodes size.
Elapsed time: 75-76: total : 2 millisecs, iter cost : 0 mseconds

new_nodes_vec.size() b4 : 37233

updated  updateGraphAttributesGeneratorNode .... 
Elapsed time: 76-77: total : 492 millisecs, iter cost : 110 mseconds

continuous_node_mapping.size() b5 : 657783, reverse_continuous_node_mapping size = 657783

Inside optimized buildOneNodeConnections...
Initial Free: 80214.6 MB / 81079.4 MB

[prepareGraph] num_vertices = 620550

[prepareGraph] edges = 3387241, offsets = 620551 (should be V+1 = 620551)

[prepareGraph] num_vertices = 620550

[prepareGraph] edges = 3387241, offsets = 620551 (should be V+1 = 620551)

Year 1987: 37233 new nodes, 721130 new edges

updateNodeInDegreeOutDegree(year=1987): updated 37233 out-degrees, 333601 in-degrees

Elapsed time: 79-81 : total : 2.887 secs, this iter cost : 0 seconds

Elapsed time: 79-80 : total : 1.822 secs, this iter cost : 0 seconds

Elapsed time: 80-81 : total : 1.063 secs, this iter cost : 0 seconds

Elapsed time: 70-81 : total : 82.27 secs, this iter cost : 19 seconds

 Entering loop for year = 1988
Elapsed time: 70-71: total : 3.203 secs, iter cost : 0 seconds

Elapsed time: 71-72: total : 5.214 secs, iter cost : 0 seconds

Elapsed time: 72-73: total : 94 millisecs, iter cost : 18 mseconds

num_new_nodes = 39467, current_graph_size = 657783, growth rate = 0.060000 
Elapsed time: 73-74: total : 0 millisecs, iter cost : 0 mseconds

Elapsed time: 74-75: total : 875 millisecs, iter cost : 178 mseconds

all new nodes initialized with years and mapped. FillSameYearSourceNodes with new_nodes_vec.size() = 39467
checking same_year_source_nodes size.
Elapsed time: 75-76: total : 2 millisecs, iter cost : 0 mseconds

new_nodes_vec.size() b4 : 39467

updated  updateGraphAttributesGeneratorNode .... 
Elapsed time: 76-77: total : 609 millisecs, iter cost : 117 mseconds

continuous_node_mapping.size() b5 : 697250, reverse_continuous_node_mapping size = 697250

Inside optimized buildOneNodeConnections...
Initial Free: 79172.6 MB / 81079.4 MB

[prepareGraph] num_vertices = 657783

[prepareGraph] edges = 4108371, offsets = 657784 (should be V+1 = 657784)

[prepareGraph] num_vertices = 657783

[prepareGraph] edges = 4108371, offsets = 657784 (should be V+1 = 657784)

Year 1988: 39467 new nodes, 764253 new edges

updateNodeInDegreeOutDegree(year=1988): updated 39467 out-degrees, 345588 in-degrees

Elapsed time: 79-81 : total : 3.547 secs, this iter cost : 0 seconds

Elapsed time: 79-80 : total : 2.228 secs, this iter cost : 0 seconds

Elapsed time: 80-81 : total : 1.317 secs, this iter cost : 0 seconds

Elapsed time: 70-81 : total : 103.238 secs, this iter cost : 20 seconds

 Entering loop for year = 1989
Elapsed time: 70-71: total : 3.895 secs, iter cost : 0 seconds

Elapsed time: 71-72: total : 6.174 secs, iter cost : 0 seconds

Elapsed time: 72-73: total : 113 millisecs, iter cost : 19 mseconds

num_new_nodes = 41835, current_graph_size = 697250, growth rate = 0.060000 
Elapsed time: 73-74: total : 0 millisecs, iter cost : 0 mseconds

Elapsed time: 74-75: total : 1063 millisecs, iter cost : 188 mseconds

all new nodes initialized with years and mapped. FillSameYearSourceNodes with new_nodes_vec.size() = 41835
checking same_year_source_nodes size.
Elapsed time: 75-76: total : 2 millisecs, iter cost : 0 mseconds

new_nodes_vec.size() b4 : 41835

updated  updateGraphAttributesGeneratorNode .... 
Elapsed time: 76-77: total : 732 millisecs, iter cost : 123 mseconds

continuous_node_mapping.size() b5 : 739085, reverse_continuous_node_mapping size = 739085

Inside optimized buildOneNodeConnections...
Initial Free: 79124.6 MB / 81079.4 MB

[prepareGraph] num_vertices = 697250

[prepareGraph] edges = 4872624, offsets = 697251 (should be V+1 = 697251)

[prepareGraph] num_vertices = 697250

[prepareGraph] edges = 4872624, offsets = 697251 (should be V+1 = 697251)

Year 1989: 41835 new nodes, 809454 new edges

updateNodeInDegreeOutDegree(year=1989): updated 41835 out-degrees, 358617 in-degrees

Elapsed time: 79-81 : total : 4.26 secs, this iter cost : 0 seconds

Elapsed time: 79-80 : total : 2.667 secs, this iter cost : 0 seconds

Elapsed time: 80-81 : total : 1.591 secs, this iter cost : 0 seconds

Elapsed time: 70-81 : total : 126.198 secs, this iter cost : 22 seconds

 Entering loop for year = 1990
Elapsed time: 70-71: total : 4.569 secs, iter cost : 0 seconds

Elapsed time: 71-72: total : 7.187 secs, iter cost : 1 seconds

Elapsed time: 72-73: total : 133 millisecs, iter cost : 20 mseconds

num_new_nodes = 44346, current_graph_size = 739085, growth rate = 0.060000 
Elapsed time: 73-74: total : 0 millisecs, iter cost : 0 mseconds

Elapsed time: 74-75: total : 1261 millisecs, iter cost : 198 mseconds

all new nodes initialized with years and mapped. FillSameYearSourceNodes with new_nodes_vec.size() = 44346
checking same_year_source_nodes size.
Elapsed time: 75-76: total : 2 millisecs, iter cost : 0 mseconds

new_nodes_vec.size() b4 : 44346

updated  updateGraphAttributesGeneratorNode .... 
Elapsed time: 76-77: total : 863 millisecs, iter cost : 131 mseconds

continuous_node_mapping.size() b5 : 783431, reverse_continuous_node_mapping size = 783431

Inside optimized buildOneNodeConnections...
Initial Free: 78086.6 MB / 81079.4 MB

[prepareGraph] num_vertices = 739085

[prepareGraph] edges = 5682078, offsets = 739086 (should be V+1 = 739086)

[prepareGraph] num_vertices = 739085

[prepareGraph] edges = 5682078, offsets = 739086 (should be V+1 = 739086)

Year 1990: 44346 new nodes, 859736 new edges

updateNodeInDegreeOutDegree(year=1990): updated 44346 out-degrees, 374488 in-degrees

Elapsed time: 79-81 : total : 4.996 secs, this iter cost : 0 seconds

Elapsed time: 79-80 : total : 3.122 secs, this iter cost : 0 seconds

Elapsed time: 80-81 : total : 1.871 secs, this iter cost : 0 seconds

Elapsed time: 70-81 : total : 151.227 secs, this iter cost : 25 seconds

 Entering loop for year = 1991
Elapsed time: 70-71: total : 5.291 secs, iter cost : 0 seconds

Elapsed time: 71-72: total : 8.256 secs, iter cost : 1 seconds

Elapsed time: 72-73: total : 154 millisecs, iter cost : 21 mseconds

num_new_nodes = 47006, current_graph_size = 783431, growth rate = 0.060000 
Elapsed time: 73-74: total : 0 millisecs, iter cost : 0 mseconds

Elapsed time: 74-75: total : 1474 millisecs, iter cost : 213 mseconds

all new nodes initialized with years and mapped. FillSameYearSourceNodes with new_nodes_vec.size() = 47006
checking same_year_source_nodes size.
Elapsed time: 75-76: total : 2 millisecs, iter cost : 0 mseconds

new_nodes_vec.size() b4 : 47006

updated  updateGraphAttributesGeneratorNode .... 
Elapsed time: 76-77: total : 1002 millisecs, iter cost : 139 mseconds

continuous_node_mapping.size() b5 : 830437, reverse_continuous_node_mapping size = 830437

Inside optimized buildOneNodeConnections...
Initial Free: 77056.6 MB / 81079.4 MB

[prepareGraph] num_vertices = 783431

[prepareGraph] edges = 6541814, offsets = 783432 (should be V+1 = 783432)

[prepareGraph] num_vertices = 783431

[prepareGraph] edges = 6541814, offsets = 783432 (should be V+1 = 783432)

Year 1991: 47006 new nodes, 912808 new edges

updateNodeInDegreeOutDegree(year=1991): updated 47006 out-degrees, 389856 in-degrees

Elapsed time: 79-81 : total : 5.801 secs, this iter cost : 0 seconds

Elapsed time: 79-80 : total : 3.628 secs, this iter cost : 0 seconds

Elapsed time: 80-81 : total : 2.169 secs, this iter cost : 0 seconds

Elapsed time: 70-81 : total : 178.567 secs, this iter cost : 27 seconds

 Entering loop for year = 1992
Elapsed time: 70-71: total : 6.051 secs, iter cost : 0 seconds

Elapsed time: 71-72: total : 9.385 secs, iter cost : 1 seconds

Elapsed time: 72-73: total : 176 millisecs, iter cost : 22 mseconds

num_new_nodes = 49827, current_graph_size = 830437, growth rate = 0.060000 
Elapsed time: 73-74: total : 0 millisecs, iter cost : 0 mseconds

Elapsed time: 74-75: total : 1698 millisecs, iter cost : 224 mseconds

all new nodes initialized with years and mapped. FillSameYearSourceNodes with new_nodes_vec.size() = 49827
checking same_year_source_nodes size.
Elapsed time: 75-76: total : 2 millisecs, iter cost : 0 mseconds

new_nodes_vec.size() b4 : 49827

updated  updateGraphAttributesGeneratorNode .... 
Elapsed time: 76-77: total : 1150 millisecs, iter cost : 148 mseconds

continuous_node_mapping.size() b5 : 880264, reverse_continuous_node_mapping size = 880264

Inside optimized buildOneNodeConnections...
Initial Free: 76998.6 MB / 81079.4 MB

[prepareGraph] num_vertices = 830437

[prepareGraph] edges = 7454622, offsets = 830438 (should be V+1 = 830438)

[prepareGraph] num_vertices = 830437

[prepareGraph] edges = 7454622, offsets = 830438 (should be V+1 = 830438)

Year 1992: 49827 new nodes, 968476 new edges

updateNodeInDegreeOutDegree(year=1992): updated 49827 out-degrees, 408736 in-degrees

Elapsed time: 79-81 : total : 6.623 secs, this iter cost : 0 seconds

Elapsed time: 79-80 : total : 4.133 secs, this iter cost : 0 seconds

Elapsed time: 80-81 : total : 2.486 secs, this iter cost : 0 seconds

Elapsed time: 70-81 : total : 207.986 secs, this iter cost : 29 seconds

 Entering loop for year = 1993
Elapsed time: 70-71: total : 6.868 secs, iter cost : 0 seconds

Elapsed time: 71-72: total : 10.591 secs, iter cost : 1 seconds

Elapsed time: 72-73: total : 212 millisecs, iter cost : 36 mseconds

num_new_nodes = 52816, current_graph_size = 880264, growth rate = 0.060000 
Elapsed time: 73-74: total : 0 millisecs, iter cost : 0 mseconds

Elapsed time: 74-75: total : 1943 millisecs, iter cost : 245 mseconds

all new nodes initialized with years and mapped. FillSameYearSourceNodes with new_nodes_vec.size() = 52816
checking same_year_source_nodes size.
Elapsed time: 75-76: total : 2 millisecs, iter cost : 0 mseconds

new_nodes_vec.size() b4 : 52816

updated  updateGraphAttributesGeneratorNode .... 
Elapsed time: 76-77: total : 1307 millisecs, iter cost : 157 mseconds

continuous_node_mapping.size() b5 : 933080, reverse_continuous_node_mapping size = 933080

Inside optimized buildOneNodeConnections...
Initial Free: 76936.6 MB / 81079.4 MB

[prepareGraph] num_vertices = 880264

[prepareGraph] edges = 8423098, offsets = 880265 (should be V+1 = 880265)

[prepareGraph] num_vertices = 880264

[prepareGraph] edges = 8423098, offsets = 880265 (should be V+1 = 880265)

Year 1993: 52816 new nodes, 1026101 new edges

updateNodeInDegreeOutDegree(year=1993): updated 52816 out-degrees, 429387 in-degrees

Elapsed time: 79-81 : total : 7.483 secs, this iter cost : 0 seconds

Elapsed time: 79-80 : total : 4.657 secs, this iter cost : 0 seconds

Elapsed time: 80-81 : total : 2.822 secs, this iter cost : 0 seconds

Elapsed time: 70-81 : total : 242.308 secs, this iter cost : 34 seconds

 Entering loop for year = 1994
Elapsed time: 70-71: total : 7.731 secs, iter cost : 0 seconds

Elapsed time: 71-72: total : 11.868 secs, iter cost : 1 seconds

Elapsed time: 72-73: total : 237 millisecs, iter cost : 25 mseconds

num_new_nodes = 55985, current_graph_size = 933080, growth rate = 0.060000 
Elapsed time: 73-74: total : 0 millisecs, iter cost : 0 mseconds

Elapsed time: 74-75: total : 2194 millisecs, iter cost : 251 mseconds

all new nodes initialized with years and mapped. FillSameYearSourceNodes with new_nodes_vec.size() = 55985
checking same_year_source_nodes size.
Elapsed time: 75-76: total : 2 millisecs, iter cost : 0 mseconds

new_nodes_vec.size() b4 : 55985

updated  updateGraphAttributesGeneratorNode .... 
Elapsed time: 76-77: total : 1473 millisecs, iter cost : 166 mseconds

continuous_node_mapping.size() b5 : 989065, reverse_continuous_node_mapping size = 989065

Inside optimized buildOneNodeConnections...
Initial Free: 76876.6 MB / 81079.4 MB

[prepareGraph] num_vertices = 933080

[prepareGraph] edges = 9449199, offsets = 933081 (should be V+1 = 933081)

[prepareGraph] num_vertices = 933080

[prepareGraph] edges = 9449199, offsets = 933081 (should be V+1 = 933081)

Year 1994: 55985 new nodes, 1087939 new edges

updateNodeInDegreeOutDegree(year=1994): updated 55985 out-degrees, 452079 in-degrees

Elapsed time: 79-81 : total : 8.401 secs, this iter cost : 0 seconds

Elapsed time: 79-80 : total : 5.209 secs, this iter cost : 0 seconds

Elapsed time: 80-81 : total : 3.187 secs, this iter cost : 0 seconds

Elapsed time: 70-81 : total : 279.662 secs, this iter cost : 37 seconds

 Entering loop for year = 1995
Elapsed time: 70-71: total : 8.635 secs, iter cost : 0 seconds

Elapsed time: 71-72: total : 13.217 secs, iter cost : 1 seconds

Elapsed time: 72-73: total : 264 millisecs, iter cost : 27 mseconds

num_new_nodes = 59344, current_graph_size = 989065, growth rate = 0.060000 
Elapsed time: 73-74: total : 0 millisecs, iter cost : 0 mseconds

Elapsed time: 74-75: total : 2462 millisecs, iter cost : 268 mseconds

all new nodes initialized with years and mapped. FillSameYearSourceNodes with new_nodes_vec.size() = 59344
checking same_year_source_nodes size.
Elapsed time: 75-76: total : 2 millisecs, iter cost : 0 mseconds

new_nodes_vec.size() b4 : 59344

updated  updateGraphAttributesGeneratorNode .... 
Elapsed time: 76-77: total : 1650 millisecs, iter cost : 177 mseconds

continuous_node_mapping.size() b5 : 1048409, reverse_continuous_node_mapping size = 1048409

Inside optimized buildOneNodeConnections...
Initial Free: 75984.6 MB / 81079.4 MB

[prepareGraph] num_vertices = 989065

[prepareGraph] edges = 10537138, offsets = 989066 (should be V+1 = 989066)

[prepareGraph] num_vertices = 989065

[prepareGraph] edges = 10537138, offsets = 989066 (should be V+1 = 989066)

Year 1995: 59344 new nodes, 1154150 new edges

updateNodeInDegreeOutDegree(year=1995): updated 59344 out-degrees, 476561 in-degrees

Elapsed time: 79-81 : total : 9.394 secs, this iter cost : 0 seconds

Elapsed time: 79-80 : total : 5.824 secs, this iter cost : 0 seconds

Elapsed time: 80-81 : total : 3.564 secs, this iter cost : 0 seconds

Elapsed time: 70-81 : total : 320.354 secs, this iter cost : 40 seconds

 Entering loop for year = 1996
Elapsed time: 70-71: total : 9.639 secs, iter cost : 1 seconds

Elapsed time: 71-72: total : 14.637 secs, iter cost : 1 seconds

Elapsed time: 72-73: total : 292 millisecs, iter cost : 28 mseconds

num_new_nodes = 62905, current_graph_size = 1048409, growth rate = 0.060000 
Elapsed time: 73-74: total : 0 millisecs, iter cost : 0 mseconds

Elapsed time: 74-75: total : 2750 millisecs, iter cost : 288 mseconds

all new nodes initialized with years and mapped. FillSameYearSourceNodes with new_nodes_vec.size() = 62905
checking same_year_source_nodes size.
Elapsed time: 75-76: total : 2 millisecs, iter cost : 0 mseconds

new_nodes_vec.size() b4 : 62905

updated  updateGraphAttributesGeneratorNode .... 
Elapsed time: 76-77: total : 1838 millisecs, iter cost : 188 mseconds

continuous_node_mapping.size() b5 : 1111314, reverse_continuous_node_mapping size = 1111314

Inside optimized buildOneNodeConnections...
Initial Free: 75134.6 MB / 81079.4 MB

[prepareGraph] num_vertices = 1048409

[prepareGraph] edges = 11691288, offsets = 1048410 (should be V+1 = 1048410)

[prepareGraph] num_vertices = 1048409

[prepareGraph] edges = 11691288, offsets = 1048410 (should be V+1 = 1048410)

Year 1996: 62905 new nodes, 1222834 new edges

updateNodeInDegreeOutDegree(year=1996): updated 62905 out-degrees, 503492 in-degrees

Elapsed time: 79-81 : total : 10.46 secs, this iter cost : 1 seconds

Elapsed time: 79-80 : total : 6.488 secs, this iter cost : 0 seconds

Elapsed time: 80-81 : total : 3.965 secs, this iter cost : 0 seconds

Elapsed time: 70-81 : total : 364.521 secs, this iter cost : 44 seconds

 Entering loop for year = 1997
Elapsed time: 70-71: total : 10.67 secs, iter cost : 1 seconds

Elapsed time: 71-72: total : 16.145 secs, iter cost : 1 seconds

Elapsed time: 72-73: total : 322 millisecs, iter cost : 30 mseconds

num_new_nodes = 66679, current_graph_size = 1111314, growth rate = 0.060000 
Elapsed time: 73-74: total : 0 millisecs, iter cost : 0 mseconds

Elapsed time: 74-75: total : 3058 millisecs, iter cost : 308 mseconds

all new nodes initialized with years and mapped. FillSameYearSourceNodes with new_nodes_vec.size() = 66679
checking same_year_source_nodes size.
Elapsed time: 75-76: total : 2 millisecs, iter cost : 0 mseconds

new_nodes_vec.size() b4 : 66679

updated  updateGraphAttributesGeneratorNode .... 
Elapsed time: 76-77: total : 2038 millisecs, iter cost : 200 mseconds

continuous_node_mapping.size() b5 : 1177993, reverse_continuous_node_mapping size = 1177993

Inside optimized buildOneNodeConnections...
Initial Free: 75078.6 MB / 81079.4 MB

[prepareGraph] num_vertices = 1111314

[prepareGraph] edges = 12914122, offsets = 1111315 (should be V+1 = 1111315)

[prepareGraph] num_vertices = 1111314

[prepareGraph] edges = 12914122, offsets = 1111315 (should be V+1 = 1111315)

Year 1997: 66679 new nodes, 1298232 new edges

updateNodeInDegreeOutDegree(year=1997): updated 66679 out-degrees, 533621 in-degrees

Elapsed time: 79-81 : total : 11.572 secs, this iter cost : 1 seconds

Elapsed time: 79-80 : total : 7.175 secs, this iter cost : 0 seconds

Elapsed time: 80-81 : total : 4.39 secs, this iter cost : 0 seconds

Elapsed time: 70-81 : total : 412.079 secs, this iter cost : 47 seconds

 Entering loop for year = 1998
Elapsed time: 70-71: total : 11.785 secs, iter cost : 1 seconds

Elapsed time: 71-72: total : 17.762 secs, iter cost : 1 seconds

Elapsed time: 72-73: total : 354 millisecs, iter cost : 32 mseconds

num_new_nodes = 70680, current_graph_size = 1177993, growth rate = 0.060000 
Elapsed time: 73-74: total : 0 millisecs, iter cost : 0 mseconds

Elapsed time: 74-75: total : 3380 millisecs, iter cost : 322 mseconds

all new nodes initialized with years and mapped. FillSameYearSourceNodes with new_nodes_vec.size() = 70680
checking same_year_source_nodes size.
Elapsed time: 75-76: total : 2 millisecs, iter cost : 0 mseconds

new_nodes_vec.size() b4 : 70680

updated  updateGraphAttributesGeneratorNode .... 
Elapsed time: 76-77: total : 2249 millisecs, iter cost : 211 mseconds

continuous_node_mapping.size() b5 : 1248673, reverse_continuous_node_mapping size = 1248673

Inside optimized buildOneNodeConnections...
Initial Free: 75018.6 MB / 81079.4 MB

[prepareGraph] num_vertices = 1177993

[prepareGraph] edges = 14212354, offsets = 1177994 (should be V+1 = 1177994)

[prepareGraph] num_vertices = 1177993

[prepareGraph] edges = 14212354, offsets = 1177994 (should be V+1 = 1177994)

Year 1998: 70680 new nodes, 1376493 new edges

updateNodeInDegreeOutDegree(year=1998): updated 70680 out-degrees, 564877 in-degrees

Elapsed time: 79-81 : total : 12.765 secs, this iter cost : 1 seconds

Elapsed time: 79-80 : total : 7.918 secs, this iter cost : 0 seconds

Elapsed time: 80-81 : total : 4.839 secs, this iter cost : 0 seconds

Elapsed time: 70-81 : total : 463.827 secs, this iter cost : 51 seconds

 Entering loop for year = 1999
Elapsed time: 70-71: total : 12.957 secs, iter cost : 1 seconds

Elapsed time: 71-72: total : 19.46 secs, iter cost : 1 seconds

Elapsed time: 72-73: total : 389 millisecs, iter cost : 35 mseconds

num_new_nodes = 74921, current_graph_size = 1248673, growth rate = 0.060000 
Elapsed time: 73-74: total : 0 millisecs, iter cost : 0 mseconds

Elapsed time: 74-75: total : 3723 millisecs, iter cost : 343 mseconds

all new nodes initialized with years and mapped. FillSameYearSourceNodes with new_nodes_vec.size() = 74921
checking same_year_source_nodes size.
Elapsed time: 75-76: total : 2 millisecs, iter cost : 0 mseconds

new_nodes_vec.size() b4 : 74921

updated  updateGraphAttributesGeneratorNode .... 
Elapsed time: 76-77: total : 2483 millisecs, iter cost : 234 mseconds

continuous_node_mapping.size() b5 : 1323594, reverse_continuous_node_mapping size = 1323594

Inside optimized buildOneNodeConnections...
Initial Free: 74852.6 MB / 81079.4 MB

[prepareGraph] num_vertices = 1248673

[prepareGraph] edges = 15588847, offsets = 1248674 (should be V+1 = 1248674)

[prepareGraph] num_vertices = 1248673

[prepareGraph] edges = 15588847, offsets = 1248674 (should be V+1 = 1248674)

Year 1999: 74921 new nodes, 1457731 new edges

updateNodeInDegreeOutDegree(year=1999): updated 74921 out-degrees, 597178 in-degrees

Elapsed time: 79-81 : total : 14.03 secs, this iter cost : 1 seconds

Elapsed time: 79-80 : total : 8.698 secs, this iter cost : 0 seconds

Elapsed time: 80-81 : total : 5.324 secs, this iter cost : 0 seconds

Elapsed time: 70-81 : total : 518.819 secs, this iter cost : 54 seconds

 Entering loop for year = 2000
Elapsed time: 70-71: total : 14.173 secs, iter cost : 1 seconds

Elapsed time: 71-72: total : 21.264 secs, iter cost : 1 seconds

Elapsed time: 72-73: total : 425 millisecs, iter cost : 36 mseconds

num_new_nodes = 79416, current_graph_size = 1323594, growth rate = 0.060000 
Elapsed time: 73-74: total : 0 millisecs, iter cost : 0 mseconds

Elapsed time: 74-75: total : 4087 millisecs, iter cost : 364 mseconds

all new nodes initialized with years and mapped. FillSameYearSourceNodes with new_nodes_vec.size() = 79416
checking same_year_source_nodes size.
Elapsed time: 75-76: total : 2 millisecs, iter cost : 0 mseconds

new_nodes_vec.size() b4 : 79416

updated  updateGraphAttributesGeneratorNode .... 
Elapsed time: 76-77: total : 2730 millisecs, iter cost : 247 mseconds

continuous_node_mapping.size() b5 : 1403010, reverse_continuous_node_mapping size = 1403010

Inside optimized buildOneNodeConnections...
Initial Free: 72542.6 MB / 81079.4 MB

[prepareGraph] num_vertices = 1323594

[prepareGraph] edges = 17046578, offsets = 1323595 (should be V+1 = 1323595)

[prepareGraph] num_vertices = 1323594

[prepareGraph] edges = 17046578, offsets = 1323595 (should be V+1 = 1323595)

Year 2000: 79416 new nodes, 1546920 new edges

updateNodeInDegreeOutDegree(year=2000): updated 79416 out-degrees, 634517 in-degrees

Elapsed time: 79-81 : total : 15.405 secs, this iter cost : 1 seconds

Elapsed time: 79-80 : total : 9.55 secs, this iter cost : 0 seconds

Elapsed time: 80-81 : total : 5.846 secs, this iter cost : 0 seconds

Elapsed time: 70-81 : total : 577.604 secs, this iter cost : 58 seconds

 Entering loop for year = 2001
Elapsed time: 70-71: total : 15.465 secs, iter cost : 1 seconds

Elapsed time: 71-72: total : 23.202 secs, iter cost : 1 seconds

Elapsed time: 72-73: total : 465 millisecs, iter cost : 40 mseconds

num_new_nodes = 84181, current_graph_size = 1403010, growth rate = 0.060000 
Elapsed time: 73-74: total : 0 millisecs, iter cost : 0 mseconds

Elapsed time: 74-75: total : 4490 millisecs, iter cost : 403 mseconds

all new nodes initialized with years and mapped. FillSameYearSourceNodes with new_nodes_vec.size() = 84181
checking same_year_source_nodes size.
Elapsed time: 75-76: total : 2 millisecs, iter cost : 0 mseconds

new_nodes_vec.size() b4 : 84181

updated  updateGraphAttributesGeneratorNode .... 
Elapsed time: 76-77: total : 2981 millisecs, iter cost : 251 mseconds

continuous_node_mapping.size() b5 : 1487191, reverse_continuous_node_mapping size = 1487191

Inside optimized buildOneNodeConnections...
Initial Free: 70996.6 MB / 81079.4 MB

[prepareGraph] num_vertices = 1403010

[prepareGraph] edges = 18593498, offsets = 1403011 (should be V+1 = 1403011)

[prepareGraph] num_vertices = 1403010

[prepareGraph] edges = 18593498, offsets = 1403011 (should be V+1 = 1403011)

Year 2001: 84181 new nodes, 1639402 new edges

updateNodeInDegreeOutDegree(year=2001): updated 84181 out-degrees, 672178 in-degrees

Elapsed time: 79-81 : total : 16.877 secs, this iter cost : 1 seconds

Elapsed time: 79-80 : total : 10.483 secs, this iter cost : 0 seconds

Elapsed time: 80-81 : total : 6.384 secs, this iter cost : 0 seconds

Elapsed time: 70-81 : total : 650.293 secs, this iter cost : 72 seconds

 Entering loop for year = 2002
Elapsed time: 70-71: total : 16.842 secs, iter cost : 1 seconds

Elapsed time: 71-72: total : 25.236 secs, iter cost : 2 seconds

Elapsed time: 72-73: total : 507 millisecs, iter cost : 42 mseconds

num_new_nodes = 89232, current_graph_size = 1487191, growth rate = 0.060000 
Elapsed time: 73-74: total : 0 millisecs, iter cost : 0 mseconds

Elapsed time: 74-75: total : 4921 millisecs, iter cost : 431 mseconds

all new nodes initialized with years and mapped. FillSameYearSourceNodes with new_nodes_vec.size() = 89232
checking same_year_source_nodes size.
Elapsed time: 75-76: total : 3 millisecs, iter cost : 1 mseconds

new_nodes_vec.size() b4 : 89232

updated  updateGraphAttributesGeneratorNode .... 
Elapsed time: 76-77: total : 3258 millisecs, iter cost : 277 mseconds

continuous_node_mapping.size() b5 : 1576423, reverse_continuous_node_mapping size = 1576423

Inside optimized buildOneNodeConnections...
Initial Free: 70978.6 MB / 81079.4 MB

[prepareGraph] num_vertices = 1487191

[prepareGraph] edges = 20232900, offsets = 1487192 (should be V+1 = 1487192)

[prepareGraph] num_vertices = 1487191

[prepareGraph] edges = 20232900, offsets = 1487192 (should be V+1 = 1487192)

Year 2002: 89232 new nodes, 1738849 new edges

updateNodeInDegreeOutDegree(year=2002): updated 89232 out-degrees, 712687 in-degrees

Elapsed time: 79-81 : total : 18.459 secs, this iter cost : 1 seconds

Elapsed time: 79-80 : total : 11.473 secs, this iter cost : 0 seconds

Elapsed time: 80-81 : total : 6.975 secs, this iter cost : 0 seconds

Elapsed time: 70-81 : total : 727.855 secs, this iter cost : 77 seconds

 Entering loop for year = 2003
Elapsed time: 70-71: total : 18.343 secs, iter cost : 1 seconds

Elapsed time: 71-72: total : 27.408 secs, iter cost : 2 seconds

Elapsed time: 72-73: total : 552 millisecs, iter cost : 45 mseconds

num_new_nodes = 94586, current_graph_size = 1576423, growth rate = 0.060000 
Elapsed time: 73-74: total : 0 millisecs, iter cost : 0 mseconds

Elapsed time: 74-75: total : 5371 millisecs, iter cost : 450 mseconds

all new nodes initialized with years and mapped. FillSameYearSourceNodes with new_nodes_vec.size() = 94586
checking same_year_source_nodes size.
Elapsed time: 75-76: total : 4 millisecs, iter cost : 1 mseconds

new_nodes_vec.size() b4 : 94586

updated  updateGraphAttributesGeneratorNode .... 
Elapsed time: 76-77: total : 3552 millisecs, iter cost : 294 mseconds

continuous_node_mapping.size() b5 : 1671009, reverse_continuous_node_mapping size = 1671009

Inside optimized buildOneNodeConnections...
Initial Free: 68154.6 MB / 81079.4 MB

[prepareGraph] num_vertices = 1576423

[prepareGraph] edges = 21971749, offsets = 1576424 (should be V+1 = 1576424)

[prepareGraph] num_vertices = 1576423

[prepareGraph] edges = 21971749, offsets = 1576424 (should be V+1 = 1576424)

Year 2003: 94586 new nodes, 1846548 new edges

updateNodeInDegreeOutDegree(year=2003): updated 94586 out-degrees, 756906 in-degrees

Elapsed time: 79-81 : total : 20.148 secs, this iter cost : 1 seconds

Elapsed time: 79-80 : total : 12.53 secs, this iter cost : 1 seconds

Elapsed time: 80-81 : total : 7.606 secs, this iter cost : 0 seconds

Elapsed time: 70-81 : total : 823.892 secs, this iter cost : 96 seconds

 Entering loop for year = 2004
Elapsed time: 70-71: total : 19.966 secs, iter cost : 1 seconds

Elapsed time: 71-72: total : 29.74 secs, iter cost : 2 seconds

Elapsed time: 72-73: total : 600 millisecs, iter cost : 48 mseconds

num_new_nodes = 100261, current_graph_size = 1671009, growth rate = 0.060000 
Elapsed time: 73-74: total : 0 millisecs, iter cost : 0 mseconds

Elapsed time: 74-75: total : 5845 millisecs, iter cost : 474 mseconds

all new nodes initialized with years and mapped. FillSameYearSourceNodes with new_nodes_vec.size() = 100261
checking same_year_source_nodes size.
Elapsed time: 75-76: total : 5 millisecs, iter cost : 1 mseconds

new_nodes_vec.size() b4 : 100261

updated  updateGraphAttributesGeneratorNode .... 
Elapsed time: 76-77: total : 3861 millisecs, iter cost : 309 mseconds

continuous_node_mapping.size() b5 : 1771270, reverse_continuous_node_mapping size = 1771270

Inside optimized buildOneNodeConnections...
Initial Free: 67952.6 MB / 81079.4 MB

[prepareGraph] num_vertices = 1671009

[prepareGraph] edges = 23818297, offsets = 1671010 (should be V+1 = 1671010)

[prepareGraph] num_vertices = 1671009

[prepareGraph] edges = 23818297, offsets = 1671010 (should be V+1 = 1671010)

Year 2004: 100261 new nodes, 1955500 new edges

updateNodeInDegreeOutDegree(year=2004): updated 100261 out-degrees, 803876 in-degrees

Elapsed time: 79-81 : total : 21.958 secs, this iter cost : 1 seconds

Elapsed time: 79-80 : total : 13.69 secs, this iter cost : 1 seconds

Elapsed time: 80-81 : total : 8.255 secs, this iter cost : 0 seconds

Elapsed time: 70-81 : total : 912.524 secs, this iter cost : 88 seconds

 Entering loop for year = 2005
Elapsed time: 70-71: total : 21.664 secs, iter cost : 1 seconds

Elapsed time: 71-72: total : 32.182 secs, iter cost : 2 seconds

Elapsed time: 72-73: total : 651 millisecs, iter cost : 51 mseconds

num_new_nodes = 106277, current_graph_size = 1771270, growth rate = 0.060000 
Elapsed time: 73-74: total : 0 millisecs, iter cost : 0 mseconds

Elapsed time: 74-75: total : 6346 millisecs, iter cost : 501 mseconds

all new nodes initialized with years and mapped. FillSameYearSourceNodes with new_nodes_vec.size() = 106277
checking same_year_source_nodes size.
Elapsed time: 75-76: total : 6 millisecs, iter cost : 1 mseconds

new_nodes_vec.size() b4 : 106277

updated  updateGraphAttributesGeneratorNode .... 
Elapsed time: 76-77: total : 4179 millisecs, iter cost : 318 mseconds

continuous_node_mapping.size() b5 : 1877547, reverse_continuous_node_mapping size = 1877547

Inside optimized buildOneNodeConnections...
Initial Free: 67926.6 MB / 81079.4 MB

[prepareGraph] num_vertices = 1771270

[prepareGraph] edges = 25773797, offsets = 1771271 (should be V+1 = 1771271)

[prepareGraph] num_vertices = 1771270

[prepareGraph] edges = 25773797, offsets = 1771271 (should be V+1 = 1771271)

Year 2005: 106277 new nodes, 2075076 new edges

updateNodeInDegreeOutDegree(year=2005): updated 106277 out-degrees, 852830 in-degrees

Elapsed time: 79-81 : total : 23.859 secs, this iter cost : 1 seconds

Elapsed time: 79-80 : total : 14.908 secs, this iter cost : 1 seconds

Elapsed time: 80-81 : total : 8.938 secs, this iter cost : 0 seconds

Elapsed time: 70-81 : total : 1022.18 secs, this iter cost : 109 seconds

 Entering loop for year = 2006
Elapsed time: 70-71: total : 23.484 secs, iter cost : 1 seconds

Elapsed time: 71-72: total : 34.818 secs, iter cost : 2 seconds

Elapsed time: 72-73: total : 705 millisecs, iter cost : 54 mseconds

num_new_nodes = 112653, current_graph_size = 1877547, growth rate = 0.060000 
Elapsed time: 73-74: total : 0 millisecs, iter cost : 0 mseconds

Elapsed time: 74-75: total : 6883 millisecs, iter cost : 537 mseconds

all new nodes initialized with years and mapped. FillSameYearSourceNodes with new_nodes_vec.size() = 112653
checking same_year_source_nodes size.
Elapsed time: 75-76: total : 7 millisecs, iter cost : 1 mseconds

new_nodes_vec.size() b4 : 112653

updated  updateGraphAttributesGeneratorNode .... 
Elapsed time: 76-77: total : 4517 millisecs, iter cost : 338 mseconds

continuous_node_mapping.size() b5 : 1990200, reverse_continuous_node_mapping size = 1990200

Inside optimized buildOneNodeConnections...
Initial Free: 65670.6 MB / 81079.4 MB

[prepareGraph] num_vertices = 1877547

[prepareGraph] edges = 27848873, offsets = 1877548 (should be V+1 = 1877548)

[prepareGraph] num_vertices = 1877547

[prepareGraph] edges = 27848873, offsets = 1877548 (should be V+1 = 1877548)

Year 2006: 112653 new nodes, 2197929 new edges

updateNodeInDegreeOutDegree(year=2006): updated 112653 out-degrees, 905257 in-degrees

Elapsed time: 79-81 : total : 25.881 secs, this iter cost : 2 seconds

Elapsed time: 79-80 : total : 16.208 secs, this iter cost : 1 seconds

Elapsed time: 80-81 : total : 9.66 secs, this iter cost : 0 seconds

Elapsed time: 70-81 : total : 1130.66 secs, this iter cost : 108 seconds

 Entering loop for year = 2007
Elapsed time: 70-71: total : 25.378 secs, iter cost : 1 seconds

Elapsed time: 71-72: total : 37.581 secs, iter cost : 2 seconds

Elapsed time: 72-73: total : 762 millisecs, iter cost : 57 mseconds

num_new_nodes = 119412, current_graph_size = 1990200, growth rate = 0.060000 
Elapsed time: 73-74: total : 0 millisecs, iter cost : 0 mseconds

Elapsed time: 74-75: total : 7475 millisecs, iter cost : 592 mseconds

all new nodes initialized with years and mapped. FillSameYearSourceNodes with new_nodes_vec.size() = 119412
checking same_year_source_nodes size.
Elapsed time: 75-76: total : 8 millisecs, iter cost : 1 mseconds

new_nodes_vec.size() b4 : 119412

updated  updateGraphAttributesGeneratorNode .... 
Elapsed time: 76-77: total : 4876 millisecs, iter cost : 359 mseconds

continuous_node_mapping.size() b5 : 2109612, reverse_continuous_node_mapping size = 2109612

Inside optimized buildOneNodeConnections...
Initial Free: 65644.6 MB / 81079.4 MB

[prepareGraph] num_vertices = 1990200

[prepareGraph] edges = 30046802, offsets = 1990201 (should be V+1 = 1990201)

[prepareGraph] num_vertices = 1990200

[prepareGraph] edges = 30046802, offsets = 1990201 (should be V+1 = 1990201)

Year 2007: 119412 new nodes, 2327875 new edges

updateNodeInDegreeOutDegree(year=2007): updated 119412 out-degrees, 958696 in-degrees

Elapsed time: 79-81 : total : 28.026 secs, this iter cost : 2 seconds

Elapsed time: 79-80 : total : 17.585 secs, this iter cost : 1 seconds

Elapsed time: 80-81 : total : 10.428 secs, this iter cost : 0 seconds

Elapsed time: 70-81 : total : 1251.17 secs, this iter cost : 120 seconds

 Entering loop for year = 2008
Elapsed time: 70-71: total : 27.417 secs, iter cost : 2 seconds

Elapsed time: 71-72: total : 40.533 secs, iter cost : 2 seconds

Elapsed time: 72-73: total : 823 millisecs, iter cost : 61 mseconds

num_new_nodes = 126577, current_graph_size = 2109612, growth rate = 0.060000 
Elapsed time: 73-74: total : 0 millisecs, iter cost : 0 mseconds

Elapsed time: 74-75: total : 8116 millisecs, iter cost : 641 mseconds

all new nodes initialized with years and mapped. FillSameYearSourceNodes with new_nodes_vec.size() = 126577
checking same_year_source_nodes size.
Elapsed time: 75-76: total : 9 millisecs, iter cost : 1 mseconds

new_nodes_vec.size() b4 : 126577

updated  updateGraphAttributesGeneratorNode .... 
Elapsed time: 76-77: total : 5256 millisecs, iter cost : 380 mseconds

continuous_node_mapping.size() b5 : 2236189, reverse_continuous_node_mapping size = 2236189

Inside optimized buildOneNodeConnections...
Initial Free: 63720.6 MB / 81079.4 MB

[prepareGraph] num_vertices = 2109612

[prepareGraph] edges = 32374677, offsets = 2109613 (should be V+1 = 2109613)

[prepareGraph] num_vertices = 2109612

[prepareGraph] edges = 32374677, offsets = 2109613 (should be V+1 = 2109613)

Year 2008: 126577 new nodes, 2465664 new edges

updateNodeInDegreeOutDegree(year=2008): updated 126577 out-degrees, 1017020 in-degrees

Elapsed time: 79-81 : total : 30.308 secs, this iter cost : 2 seconds

Elapsed time: 79-80 : total : 19.054 secs, this iter cost : 1 seconds

Elapsed time: 80-81 : total : 11.241 secs, this iter cost : 0 seconds

Elapsed time: 70-81 : total : 1379.62 secs, this iter cost : 128 seconds

 Entering loop for year = 2009
Elapsed time: 70-71: total : 29.534 secs, iter cost : 2 seconds

Elapsed time: 71-72: total : 43.635 secs, iter cost : 3 seconds

Elapsed time: 72-73: total : 888 millisecs, iter cost : 65 mseconds

num_new_nodes = 134172, current_graph_size = 2236189, growth rate = 0.060000 
Elapsed time: 73-74: total : 0 millisecs, iter cost : 0 mseconds

Elapsed time: 74-75: total : 8787 millisecs, iter cost : 671 mseconds

all new nodes initialized with years and mapped. FillSameYearSourceNodes with new_nodes_vec.size() = 134172
checking same_year_source_nodes size.
Elapsed time: 75-76: total : 10 millisecs, iter cost : 1 mseconds

new_nodes_vec.size() b4 : 134172

updated  updateGraphAttributesGeneratorNode .... 
Elapsed time: 76-77: total : 5659 millisecs, iter cost : 403 mseconds

continuous_node_mapping.size() b5 : 2370361, reverse_continuous_node_mapping size = 2370361

Inside optimized buildOneNodeConnections...
Initial Free: 63680.6 MB / 81079.4 MB

[prepareGraph] num_vertices = 2236189

[prepareGraph] edges = 34840341, offsets = 2236190 (should be V+1 = 2236190)

[prepareGraph] num_vertices = 2236189

[prepareGraph] edges = 34840341, offsets = 2236190 (should be V+1 = 2236190)

Year 2009: 134172 new nodes, 2613628 new edges

updateNodeInDegreeOutDegree(year=2009): updated 134172 out-degrees, 1078131 in-degrees

Elapsed time: 79-81 : total : 32.76 secs, this iter cost : 2 seconds

Elapsed time: 79-80 : total : 20.623 secs, this iter cost : 1 seconds

Elapsed time: 80-81 : total : 12.124 secs, this iter cost : 0 seconds

Elapsed time: 70-81 : total : 1533.16 secs, this iter cost : 153 seconds

 Entering loop for year = 2010
Elapsed time: 70-71: total : 31.845 secs, iter cost : 2 seconds

Elapsed time: 71-72: total : 46.957 secs, iter cost : 3 seconds

Elapsed time: 72-73: total : 956 millisecs, iter cost : 68 mseconds

num_new_nodes = 142222, current_graph_size = 2370361, growth rate = 0.060000 
Elapsed time: 73-74: total : 0 millisecs, iter cost : 0 mseconds

Elapsed time: 74-75: total : 9507 millisecs, iter cost : 720 mseconds

all new nodes initialized with years and mapped. FillSameYearSourceNodes with new_nodes_vec.size() = 142222
checking same_year_source_nodes size.
Elapsed time: 75-76: total : 12 millisecs, iter cost : 2 mseconds

new_nodes_vec.size() b4 : 142222

updated  updateGraphAttributesGeneratorNode .... 
Elapsed time: 76-77: total : 6087 millisecs, iter cost : 428 mseconds

continuous_node_mapping.size() b5 : 2512583, reverse_continuous_node_mapping size = 2512583

Inside optimized buildOneNodeConnections...
Initial Free: 63312.6 MB / 81079.4 MB

[prepareGraph] num_vertices = 2370361

[prepareGraph] edges = 37453969, offsets = 2370362 (should be V+1 = 2370362)

[prepareGraph] num_vertices = 2370361

[prepareGraph] edges = 37453969, offsets = 2370362 (should be V+1 = 2370362)

Year 2010: 142222 new nodes, 2773338 new edges

updateNodeInDegreeOutDegree(year=2010): updated 142222 out-degrees, 1143728 in-degrees

Elapsed time: 79-81 : total : 35.373 secs, this iter cost : 2 seconds

Elapsed time: 79-80 : total : 22.301 secs, this iter cost : 1 seconds

Elapsed time: 80-81 : total : 13.058 secs, this iter cost : 0 seconds

Elapsed time: 70-81 : total : 1695.66 secs, this iter cost : 162 seconds

 Entering loop for year = 2011
Elapsed time: 70-71: total : 34.27 secs, iter cost : 2 seconds

Elapsed time: 71-72: total : 50.527 secs, iter cost : 3 seconds

Elapsed time: 72-73: total : 1029 millisecs, iter cost : 73 mseconds

num_new_nodes = 150755, current_graph_size = 2512583, growth rate = 0.060000 
Elapsed time: 73-74: total : 0 millisecs, iter cost : 0 mseconds

Elapsed time: 74-75: total : 10254 millisecs, iter cost : 747 mseconds

all new nodes initialized with years and mapped. FillSameYearSourceNodes with new_nodes_vec.size() = 150755
checking same_year_source_nodes size.
Elapsed time: 75-76: total : 14 millisecs, iter cost : 2 mseconds

new_nodes_vec.size() b4 : 150755

updated  updateGraphAttributesGeneratorNode .... 
Elapsed time: 76-77: total : 6540 millisecs, iter cost : 453 mseconds

continuous_node_mapping.size() b5 : 2663338, reverse_continuous_node_mapping size = 2663338

Inside optimized buildOneNodeConnections...
Initial Free: 63268.6 MB / 81079.4 MB

[prepareGraph] num_vertices = 2512583

[prepareGraph] edges = 40227307, offsets = 2512584 (should be V+1 = 2512584)

[prepareGraph] num_vertices = 2512583

[prepareGraph] edges = 40227307, offsets = 2512584 (should be V+1 = 2512584)

Year 2011: 150755 new nodes, 2940982 new edges

updateNodeInDegreeOutDegree(year=2011): updated 150755 out-degrees, 1213373 in-degrees

Elapsed time: 79-81 : total : 38.118 secs, this iter cost : 2 seconds

Elapsed time: 79-80 : total : 24.056 secs, this iter cost : 1 seconds

Elapsed time: 80-81 : total : 14.047 secs, this iter cost : 0 seconds

Elapsed time: 70-81 : total : 1889.34 secs, this iter cost : 193 seconds

 Entering loop for year = 2012
Elapsed time: 70-71: total : 36.814 secs, iter cost : 2 seconds

Elapsed time: 71-72: total : 54.271 secs, iter cost : 3 seconds

Elapsed time: 72-73: total : 1106 millisecs, iter cost : 77 mseconds

num_new_nodes = 159801, current_graph_size = 2663338, growth rate = 0.060000 
Elapsed time: 73-74: total : 0 millisecs, iter cost : 0 mseconds

Elapsed time: 74-75: total : 11072 millisecs, iter cost : 818 mseconds

all new nodes initialized with years and mapped. FillSameYearSourceNodes with new_nodes_vec.size() = 159801
checking same_year_source_nodes size.
Elapsed time: 75-76: total : 16 millisecs, iter cost : 2 mseconds

new_nodes_vec.size() b4 : 159801

updated  updateGraphAttributesGeneratorNode .... 
Elapsed time: 76-77: total : 7019 millisecs, iter cost : 479 mseconds

continuous_node_mapping.size() b5 : 2823139, reverse_continuous_node_mapping size = 2823139

Inside optimized buildOneNodeConnections...
Initial Free: 63096.6 MB / 81079.4 MB

[prepareGraph] num_vertices = 2663338

[prepareGraph] edges = 43168289, offsets = 2663339 (should be V+1 = 2663339)

[prepareGraph] num_vertices = 2663338

[prepareGraph] edges = 43168289, offsets = 2663339 (should be V+1 = 2663339)

Year 2012: 159801 new nodes, 3113086 new edges

updateNodeInDegreeOutDegree(year=2012): updated 159801 out-degrees, 1287726 in-degrees

Elapsed time: 79-81 : total : 41.054 secs, this iter cost : 2 seconds

Elapsed time: 79-80 : total : 25.967 secs, this iter cost : 1 seconds

Elapsed time: 80-81 : total : 15.072 secs, this iter cost : 1 seconds

Elapsed time: 70-81 : total : 2087.84 secs, this iter cost : 198 seconds

Elapsed time: 7-8 :  2091 seconds

compute done:: graph size = 2823139
Elapsed time: 8-8.1 :  0 seconds

Writing Graph to file: ./output/gpu-opt-static-output-30y-6p.edgelist

Inside WriteGraph ...

Elapsed time: 8.1-9 :  72 seconds

Elapsed time: 9-10 :  9 seconds

 graph size = 2823139
00000 graph size = 2823139
Elapsed time: 0-1 : 6 seconds

Elapsed time: 1-4 : 0 seconds

Elapsed time: 4-7 : 0 seconds

Elapsed time: 70-71: total : 36.814 seconds.

Elapsed time: 71-72: total : 54.271 seconds.

Elapsed time: 72-73: total : 1.106 seconds.

Elapsed time: 73-74: total : 0 seconds.

Elapsed time: 74-75: total : 11.072 seconds.

Elapsed time: 75-76: total : 0.016 seconds.

Elapsed time: 76-77: total : 7.019 seconds.

Elapsed time: 77-79: total : 1936.38 seconds.

Elapsed time: 79-81 : total : 41.054 seconds.

Elapsed time: 79-80 : total : 25.967 seconds.

Elapsed time: 80-81 : total : 15.072 seconds.

Elapsed time: 70-81 : total : 2087.84 seconds.

Elapsed time: 7-8 : 2091 seconds

Elapsed time: 8-8.1 :  0 seconds

Elapsed time: 8.1-9 :  72 seconds

Elapsed time: 9-10 : 9 seconds

Elapsed time: 11-12 : 15 seconds

Elapsed time: 10-12 : 45 seconds

Elapsed time: 0-7 : 7 seconds

Elapsed time: 7-8 : 2091 seconds

Elapsed time: 8-12 : 127 seconds

E2E Time for num_cycles = 30 with growth_rate = 6 % = 2240 seconds.

real	37m22.174s
user	36m13.642s
sys	1m0.963s
